-0.15954678837247205	0.04974108357378175	0.28280168167259595	0.5455920552038013
-0.1595466201536847	0.049741083573782	0.2828016816721069	0.5455920552038062
-0.15954666856688743	0.04974108357378182	0.2828016816716602	0.5455920552038068
-0.15954673139075096	0.04974108357378171	0.28280168167223546	0.5455920552038066
-0.15954674582785391	0.049741083573781986	0.2828016816729726	0.5455920552038062
-0.1595497160665978	0.04974108186106107	0.2828036298996891	0.5455755960698327
-0.15958429713508018	0.0497410775637171	0.28282416909589986	0.5454195749213835
-0.16018181854014832	0.04974111614771022	0.28313347193160054	0.5435623933225231
-0.16155507200973762	0.04974126625852082	0.28380347010886214	0.5401137869541547
-0.16555150801593532	0.049741839209610936	0.2856802444256851	0.5322268847251536
-0.17476073924096194	0.04974333868259981	0.28955087539808266	0.5193136749456777
-0.19104801042239217	0.04974622268136456	0.2958314093543985	0.5028458124545676
-0.21974392598636128	0.049751443239836275	0.30573142763645905	0.4826895031432824
-0.26309564867334245	0.049759342909017824	0.31910414457400926	0.4615542804239158
-0.3322858846612625	0.04977243422651677	0.338568725169827	0.43773365061816166
-0.4646340736067599	0.049800760403799445	0.3748035861910209	0.4048418984418935
-0.5809442765910899	0.04983126665460143	0.40856528710341744	0.38141638076956386
-0.6430947661920875	0.04985060311206301	0.4284009463648398	0.36967950736802313
-0.7037550338173315	0.049873268246692616	0.45003060592627064	0.35808859804814513
-0.733236808328741	0.04988712791216697	0.4621115566749082	0.3520490629356162
-0.7738000597656561	0.04990835622562147	0.47994826396722934	0.34358269501242855
-0.827897340035214	0.049945073233495195	0.5077145088460594	0.331174866926671
-0.8938271538485981	0.05001984781761376	0.5534014107470987	0.3118779290412798
-0.9355410130919872	0.050126198930761395	0.5998438300919862	0.2924656570757064
-0.9569045370045365	0.05029193414411298	0.6456124409846237	0.2718883007599417
-0.9629114457301742	0.05051163544229342	0.6798486290860736	0.2536134333403837
-0.9632985199155885	0.05082525967311378	0.7048197099557157	0.23616364373211948
-0.9614994678351526	0.051387274640871554	0.7226675687502278	0.21775111470137454
-0.9600572914127189	0.05239440373722504	0.7335914033000955	0.1977015224344474
-0.9595744715571181	0.05396018003891373	0.7374973620126551	0.18084715803610285
-0.959523407427894	0.05623183545857182	0.7383742143174254	0.16654990946831463
-0.9595739542334984	0.05940530671181845	0.7382476047440766	0.1545370971181668
-0.9596137950061299	0.06377205295687326	0.7379627176005362	0.14416678546574635
-0.959628133247571	0.06834713881031895	0.7377716396897254	0.1367974717179866
-0.9596315283932224	0.07225508158673813	0.7376797749169736	0.1320221319134963
-0.9596321568266124	0.07565714944833198	0.7376323111403209	0.12858457021106567
-0.95963215558665	0.07879698379787328	0.7376046764591566	0.1258329894174553
-0.9596320536930969	0.08159185399730436	0.7375882065490941	0.12364484157143733
-0.9596319587916763	0.08489384417211819	0.7375748223053856	0.12130696465651872
-0.9596319137490542	0.08807022345911507	0.7375659623075475	0.1192628708958108
-0.9596319072706732	0.0921499971843711	0.7375581499514922	0.11687097903709848
-0.9596319352733151	0.09619097268537691	0.7375529567273339	0.11471208901815769
-0.9596316960742256	0.1009198400053857	0.7375489810652813	0.11239792776168217
-0.959631201701261	0.10641145302505296	0.7375460022806156	0.10994086807451854
-0.9596307942566017	0.11102946429651957	0.7375445027926361	0.10803310276529862
-0.9596305065846047	0.11532073922105389	0.7375436994416594	0.1063684043855951
-0.9596303196429825	0.11968001302043094	0.7375433233512455	0.1047693361733081
-0.9596302159889627	0.12434479712993447	0.7375433104192347	0.10314678806016768
-0.959630179099773	0.12968801152627443	0.7375436617883112	0.10138582304931078
-0.9596302005109272	0.13625652965876411	0.737544470885431	0.09934129908302866
-0.9596302866865808	0.1456330849717972	0.7375460463604215	0.09661032298420785
-0.9596303989102232	0.1550305238829846	0.7375478686699423	0.0940454726625982
-0.959630522330864	0.16465376322339859	0.7375497935901616	0.09151940566546245
-0.9596306377071423	0.17341651103008543	0.7375515164212145	0.08936271071820458
-0.9596307498076545	0.18172913343908603	0.7375530805442213	0.08730942489948684
-0.9596308650299313	0.18997378589752942	0.7375545610465624	0.08533898500975215
-0.9596309890561164	0.19839953242630892	0.7375560079327911	0.08327591475348589
-0.9596311294241526	0.207276570709332	0.7375574941318176	0.08111901231501328
-0.9596312984636067	0.21696246318133422	0.7375591119298088	0.07862265631232479
-0.9596315241761605	0.22816699654745257	0.737561082363541	0.07562074186686088
-0.9596319218690569	0.24352662713082715	0.7375642234744411	0.07083843555051224
-0.9596322159815963	0.2516719175082478	0.7375663543475589	0.06769294074876102
-0.9596324799287385	0.25708608044706127	0.737568153938936	0.06505982514731662
-0.9596327506382196	0.26121257485320354	0.7375698754530136	0.06265172339322109
-0.9596330422990244	0.2644547441113833	0.7375715669389632	0.06015013461093488
-0.9596334057424231	0.26726524694114245	0.7375734133540491	0.05736642361542098
-0.9596339006054133	0.26967413096482773	0.7375754957322321	0.05383332160347544
-0.9596343382882861	0.2709192695451623	0.7375769810695947	0.05094336420172456
-0.9596346991233029	0.2715455467169661	0.737578013052998	0.048681278475501175
-0.9596350127901494	0.27190765696143093	0.7375788198938399	0.046741249364547724
-0.959635269763352	0.27211583411012435	0.7375794457644373	0.04524181901841877
-0.959635575037225	0.27229782838665284	0.7375802069001935	0.04339220012139899
-0.9596358430038644	0.2724154659181679	0.7375809005345455	0.041821240200134405
-0.9596363333604412	0.27256834839559574	0.7375823732522969	0.03875774849205163
-0.9596365885357562	0.27260470407198695	0.737582993817311	0.03763237847786702
-0.9596367216374384	0.2726313705554043	0.7375836330924448	0.036504000796711164
-0.959636819011755	0.272651233308266	0.7375842682490656	0.03545719955972818
-0.9596369451674371	0.2726693255847433	0.7375850417701165	0.03420416695272212
-0.95963705306563	0.27268131591090505	0.7375857326328918	0.03318769431404574
-0.959637204286512	0.2726981186024795	0.7375871212328832	0.0312924020780579
-0.9596372563951254	0.2727081184824285	0.7375883945218259	0.029732846768147816
-0.9596372239736171	0.2727149910361142	0.7375896832589153	0.0283177169690466
-0.9596370936658037	0.2727201280307121	0.7375910895342523	0.026947532346979972
-0.9596368396244647	0.2727240642401369	0.7375926459269925	0.02561906761759056
-0.9596364643959837	0.27272694053208063	0.7375942537638662	0.024424472547461898
-0.9596359064177917	0.27272933357448725	0.737596104674933	0.023244575308501908
-0.9596350445160364	0.2727315171733418	0.7375984114727193	0.022009095878349996
-0.959633640201029	0.27273369195534214	0.7376015260121933	0.02066435585937518
-0.9596314708686219	0.27273587117751197	0.7376056138225647	0.019308789462199986
-0.9596283008459582	0.2727381707570909	0.7376108440813364	0.018024453515076914
-0.9596229509604345	0.2727412756508019	0.7376187351990631	0.01666215628631275
-0.95961130933997	0.2727470946689738	0.7376341894416141	0.015020912939647321
-0.9595964068497401	0.27275402615887445	0.7376526226078811	0.013849796244221176
-0.9595785294351067	0.2727619621683936	0.7376738958039949	0.01298659328141889
-0.9595582111527085	0.27277081120150504	0.7376975432726092	0.012310809031052396
-0.9595402452005234	0.2727786656889042	0.7377181891131653	0.011894715895932557
-0.9595172131040898	0.2727886688189073	0.7377444296936273	0.011465518395765916
-0.9594943178300698	0.272798474303351	0.7377703854207713	0.011149373844022342
-0.9594684665685862	0.2728095203115787	0.7377995440597893	0.01085307130535201
-0.9594459618277443	0.27281905375156906	0.7378248441442585	0.010647184274601955
-0.9594214821548931	0.27282935710632267	0.7378523021547725	0.010453835053606815
-0.9594005621190702	0.27283809356058825	0.7378757341813704	0.01031429689699015
-0.9593784480922312	0.27284727377516377	0.7379004797817429	0.010182778791715075
-0.9593591728960056	0.27285521754646813	0.7379220371901546	0.01008221324739639
-0.9593391901790157	0.2728634057123415	0.7379443780020305	0.009987286083686433
-0.959321533340261	0.2728705906786783	0.7379641165538167	0.009911822595771665
-0.9593034418209185	0.27287791099727293	0.7379843396563934	0.009840343792224367
-0.9592874200713422	0.2728843501772209	0.7380022510945916	0.009782356752284832
-0.9592710380741581	0.27289089733638433	0.7380205676471454	0.009726889264520013
-0.9592568222958399	0.2728965391266551	0.7380364659688269	0.009682187502477974
-0.9592420291687856	0.27290237808994217	0.738053013863588	0.009638232599024524
-0.9592277936475456	0.27290796601275585	0.7380689434132659	0.009598642092374966
-0.9592137151356707	0.27291345446335197	0.7380847025393604	0.009561540674844594
-0.9591961684452094	0.27292024853349006	0.7381043517818016	0.009517976453169907
-0.9591784569546465	0.27292701487841003	0.7381241977180332	0.009476960785154986
-0.9591610182606228	0.27293365132569325	0.738143750709125	0.00943909808025796
-0.9591435316833244	0.2729402236684555	0.7381633719920003	0.009403529928343902
-0.9591261297666568	0.27294669176604364	0.7381829135946305	0.009370284301903928
-0.9591086302414357	0.27295313382468755	0.7382025823242018	0.009338935402581305
-0.9590908020437896	0.2729596184773233	0.7382226392948016	0.009308932534218491
-0.9590722105636073	0.27296626809648816	0.7382435774392395	0.009279684601140568
-0.959052310398427	0.27297332355149323	0.7382660152689094	0.009250425561392196
-0.9590299477809004	0.2729810920025361	0.7382912641283491	0.009220031660680219
-0.959002900848463	0.272990325022601	0.7383218514752868	0.00918644662021453
-0.9589641874529874	0.2730032057818527	0.7383657273407661	0.009143883877239219
-0.9589190889995616	0.2730177624325425	0.7384169744326233	0.009101387451241786
-0.9588631782075223	0.27303522802228924	0.7384806924185588	0.009057192647686955
-0.9588003075324866	0.27305422500821785	0.7385525593848057	0.009028830007639793
-0.9587219062496435	0.2730771296346658	0.7386424663703952	0.00898868654106974
-0.9586141716689014	0.2731074512794593	0.738766472762141	0.008945962670504171
-0.9584539632863307	0.27315060110377365	0.7389517355627289	0.008898491049841112
-0.958191600685351	0.27321747554893594	0.7392569827700755	0.008844567421229714
-0.9577065562404528	0.2733323049694412	0.7398260530708269	0.008781873406535554
-0.9565742783696013	0.27355752106205206	0.7411774193931603	0.008707178654443523
-0.9534707950360023	0.2740850762543067	0.7449402756162138	0.008615711903735333
-0.9484142512991367	0.27484897825078725	0.7511508630652625	0.008547667983874293
-0.9419814220957702	0.2756748869763784	0.7591118655365351	0.00849939968459381
-0.9332311790228711	0.27672489971854397	0.7699806942494472	0.00846931667000364
-0.9207315252637657	0.2780742011895917	0.7855299163725316	0.008431961143984795
-0.9010026487313241	0.28013162866231417	0.8100473178053414	0.008393737985829985
-0.8622817772883695	0.28390229886300483	0.8578513236028126	0.008346708153265409
-0.8021515229890455	0.28954041430243765	0.930955198848739	0.00830162387571097
-0.716970580870806	0.2975718934953241	1.0318263823504172	0.008259434555008613
-0.6044631352168339	0.3090382453364032	1.1601590973168479	0.008219252475290983
-0.46370642567130416	0.32623429940310733	1.3132819611267392	0.00817881330126332
-0.2990691712722441	0.3541333035638618	1.4827963056751396	0.008135505247763618
-0.1323409677416747	0.40174764262407625	1.644869307126103	0.008086361110168357
-0.028010984335027023	0.45913220244054875	1.7414922549877037	0.008046676637131558
0.03700272624509604	0.5285947674542756	1.7999307064546215	0.00800900952816989
0.07680950231336658	0.6102730099183462	1.8352612853649004	0.007970105859515993
0.1003036795097958	0.6984839896585506	1.8563161896924472	0.007925206249536817
0.11452653565118609	0.784893430248006	1.8695161273108487	0.007859309913957314
0.12281028368456415	0.8495516424459643	1.8778105111009575	0.007788539227747621
0.12721810713159276	0.8801026307980786	1.8826206935033931	0.0076467735968583075
0.129731708263795	0.8902346677426975	1.8854590179149517	0.0074578741373340475
0.13005767400735424	0.8906843667796276	1.8858336770081714	0.007405831066687351
0.1298981299953792	0.8898331875414016	1.8856701806416203	0.007295551252513425
0.12808212353434778	0.8887349184515586	1.8836962680793108	0.007208097103575558
0.12531394587714606	0.8875169029226028	1.8806842831514021	0.007140881066381106
0.11876100955072544	0.8848569795345864	1.87360743282941	0.007039119801278409
0.11246750022035057	0.8822571793245478	1.8668547294927555	0.006960326165014784
0.1047790333202846	0.8789452571815508	1.8586678213864891	0.006884257520447431
0.09422741672219703	0.8739627519382009	1.8475317569235363	0.006764776058069789
0.07709070010588881	0.8644107295445506	1.8294818533745474	0.006516093243175501
0.062452832184494156	0.8544409679246618	1.8142782953053236	0.006156678646214661
0.054220619565602646	0.847254570857317	1.805858253546089	0.005656320675399281
0.05160435294260479	0.843858429621207	1.8032445722987058	0.004944955206083148
0.05184372940210469	0.8432884610265025	1.8035046959750745	0.003838952561846838
0.05263859722080211	0.8438089148043434	1.804315977063809	0.0018124101226412274
0.053017506590900654	0.8442330091197446	1.8047164648824603	-0.0011093378150029767
0.053127113684711014	0.8443925878423008	1.8048275248450982	-0.005434557949757593
0.05314233330357743	0.8444183044978124	1.804846120017873	-0.010451632361399529
0.053145730375736	0.8444179825923032	1.8048528540756192	-0.016140519786320435
0.053152448098389815	0.8444185119862475	1.804862703817533	-0.02256323066650538
0.05316290928284295	0.8444233148771039	1.8048762646362442	-0.029642264637382308
0.05317616198992714	0.8444313243197307	1.8048928326305462	-0.03738979822731412
0.05319319873931094	0.8444424396853586	1.804913908107179	-0.04605915068966258
0.05320843632634098	0.8444529417653889	1.8049326852577572	-0.05220016522742204
0.05322462194428568	0.8444634362397804	1.8049526122764352	-0.05693679066909803
0.05323890554717581	0.8444730327600359	1.8049701493412234	-0.05967060087358532
0.05325264158621956	0.8444824019368313	1.8049869701950965	-0.061319109652990186
0.05326688133604729	0.8444922131447955	1.805004361507653	-0.062454421984754524
0.053282680913092295	0.8445032256017483	1.8050236031678661	-0.06320629671871102
0.05330032739762969	0.8445156911684892	1.8050450231562873	-0.06376945547167924
0.05332136233248552	0.8445308028174422	1.8050704570342404	-0.0642626471144146
0.0533404455714932	0.8445447696306644	1.805093437249774	-0.06464674722057472
0.05335363417855399	0.8445545820607475	1.8051092648699893	-0.06491493773070384
0.05337470359146579	0.8445705361830619	1.8051344620104546	-0.06531141755966881
0.05339974394298774	0.8445899864007083	1.8051642730239295	-0.06579030180766994
0.053425457411843014	0.8446105786699425	1.8051947370082324	-0.0663018277014272
0.053445366969858465	0.844627027980494	1.8052182258147038	-0.06671339045076088
0.053464832092691705	0.8446435995279473	1.8052411255117302	-0.06711936689933093
0.05347889192275357	0.8446559107342039	1.8052576361123411	-0.0674282646571619
0.05349126573781804	0.8446670157468079	1.8052721631036703	-0.06770470539702565
0.05350601003385802	0.8446805955710335	1.805289494577584	-0.06805492451103294
0.05351949046551485	0.8446933883016255	1.8053054003654123	-0.06838704116215599
0.05353438122931087	0.844707981395886	1.8053231069469715	-0.06878570523431857
0.0535506975187372	0.8447245757349003	1.8053428314794748	-0.06930227147572439
0.053567650232801856	0.8447425113823207	1.8053640710955792	-0.0699061933435606
0.05358033618244529	0.844756264725516	1.8053811364778931	-0.07048782250377789
0.05358752398482425	0.8447637893860968	1.8053920174364626	-0.07078130783910148
0.0535915545099126	0.8447672693127124	1.805399088164812	-0.07109465435885491
0.05359226659352867	0.8447676126058044	1.8054005826760093	-0.07119224374302191
0.052871256147731804	0.8447927968151482	1.804883135487233	-0.07119590137922384
0.04871750932979646	0.8450240022053291	1.8012539484612813	-0.07122732780956227
0.02994920724630079	0.8476612078531081	1.7789971808326037	-0.07174069074363641
0.004283125591276304	0.8551618360553039	1.7414808488449025	-0.07386432074195409
-0.015413557451484428	0.8648499165322514	1.708559946598534	-0.07736201372383358
-0.024804253550091637	0.8710179164645064	1.6918823599279624	-0.07995199659519822
-0.03423937570800284	0.8783024044706842	1.6750379306128587	-0.08344107295329316
-0.03995275535224874	0.8844965020817086	1.6629913295154368	-0.08697476257833713
-0.04551208796966111	0.8922334187343884	1.6495542298938923	-0.09192095717900448
-0.05071327294176964	0.9044372776535539	1.6318032881652207	-0.10143582572857958
-0.05358972927284911	0.9217341360124512	1.6122345992283018	-0.11959638506302313
-0.054045000317527236	0.9407695612205276	1.5961429453381752	-0.14793388496765644
-0.053681525935305396	0.9552961476076887	1.5869475550414749	-0.17737278773324772
-0.05337189478812898	0.9661113629331115	1.5816245218149056	-0.20464409327816932
-0.05320631898040973	0.9748572836588474	1.5782256459082864	-0.22989427331759846
-0.05314152396384619	0.9824581839608042	1.5759200269281284	-0.25326780260765275
-0.05313570909333132	0.9898810828195848	1.5742528236854074	-0.27551186260189386
-0.05315736931861781	0.9935695725547486	1.573740874139971	-0.28503174170757345
-0.053179311456494016	0.9953758436504475	1.573617345546973	-0.28851634033806717
-0.05319962655142296	0.9963920828412308	1.5736056732557635	-0.2899170078417056
-0.05321731236786076	0.9969608732036459	1.5736245983730115	-0.2901649107814891
-0.05323061636262372	0.9972338853362701	1.5736435409952925	-0.29002929237862807
-0.053239012205168024	0.9973311591113794	1.5736527840761267	-0.28982517645413763
-0.05324131075829719	0.9973237741855108	1.57365236444497	-0.28972505001199345
-0.05324110545248262	0.99729899014616	1.5736493910145508	-0.2897034582898563
-0.05324055999312849	0.9972837455377741	1.5736468014650842	-0.28971265182842787
-0.05324036067927751	0.9972780051323027	1.573644890508569	-0.2897259310906541
-0.05324053618461333	0.9972760155444041	1.5736423252891962	-0.289742885655019
-0.05324086010849194	0.9972762888646459	1.5736402648694476	-0.28975559061645706
-0.05324126927539741	0.9972765202317219	1.5736377978892075	-0.28977197656723097
-0.053241659966966504	0.9972764122106702	1.5736354290639158	-0.2897887515538389
-0.05324204930986376	0.9972761574980472	1.5736331633416965	-0.2898088047967152
-0.05324244725900029	0.9972758626142466	1.5736310368224369	-0.2898340445803551
-0.053242839721890034	0.9972755477435735	1.5736291896074737	-0.28986452420853365
-0.05324319652293119	0.9972752061779837	1.5736278343951773	-0.28990372363513284
-0.05324344828639793	0.997274838346089	1.5736273485680927	-0.2899555528115576
-0.05324342082283251	0.9972744617859842	1.5736284437902255	-0.2900232518016611
-0.05324259949570753	0.9972741679543662	1.5736325162445328	-0.29014523065121356
-0.05324050871499075	0.9972742217070313	1.5736390773343167	-0.29030823796470523
-0.05323874931788608	0.9972744984903603	1.5736428898044235	-0.29041692450052625
-0.05045501299950916	0.997334873698696	1.5733250548662177	-0.2901264740969446
-0.03610094721559842	0.9978216094569435	1.5709599846527396	-0.28780109664648157
0.01808466755468885	1.00189369342213	1.5546359973899728	-0.270450187365517
0.0681009877740012	1.008315059467051	1.532698629825237	-0.2473319974367793
0.10340847523243257	1.0145060501983938	1.513932908330608	-0.22810089312067516
0.1381507318482451	1.02202387230982	1.4934388737435267	-0.20788468602274687
0.15264452789116423	1.0260729587468547	1.4831687301098242	-0.19799071271355587
0.1673407558183687	1.031125311446113	1.4707983926412351	-0.18623569081944852
0.18149606787320516	1.0385058507094902	1.4533281267804636	-0.16966123382518242
0.18967936703037314	1.0479029565336142	1.4310821149233155	-0.1479854549912718
0.19045351732626714	1.0549396602077659	1.413334916275732	-0.12947183269344387
0.18930000729458507	1.0595466237936997	1.3998674119799401	-0.11371403209263042
0.18841785556416246	1.062260245581082	1.389619767605611	-0.09948898086164112
0.18814038661941157	1.0634971340581738	1.3824993974002624	-0.0866952505947112
0.18815443576685198	1.0638049004706456	1.3784525855393055	-0.07620022976984539
0.18819956879575173	1.0637673982730615	1.376640882365165	-0.06857677928198469
0.1882288974260946	1.0636412510199948	1.37543535022686	-0.05898389606708228
0.18823599690141735	1.0635684031929242	1.3751679028023163	-0.051527798234417235
0.1882385876726863	1.0635426534435115	1.3752065227081738	-0.04494713593626006
0.1882398057345035	1.06354081839786	1.3753134412158443	-0.03831585073006978
0.18823971001667938	1.0635450841223766	1.3753796347372305	-0.032219677112202985
0.18823932062846005	1.0635472448327319	1.3753969441619016	-0.0268714457948704
0.1882392363848222	1.0635475331970394	1.3753937749415186	-0.02285888257736442
0.18823934569817602	1.0635474420925093	1.3753886482322373	-0.019685076965726543
0.1882395089032166	1.063547379455984	1.375385021696664	-0.016953968141664087
0.18823967867571878	1.0635473696222142	1.3753825456022708	-0.01439119168586701
0.18823982450217813	1.0635471571336481	1.3753814938859354	-0.01224351394071541
0.18823992881082163	1.063546674993178	1.3753794216163164	-0.010386978376456921
0.18823997568825412	1.063546413922089	1.3753781327609818	-0.009054856409513992
0.1882399542458404	1.0635462941868838	1.3753771768393144	-0.008010517689665998
0.188239852770395	1.063546202319392	1.37537632589504	-0.00708200499927278
0.18823964744531574	1.0635460725986914	1.3753754713781872	-0.006168844940254152
0.1882392864307355	1.0635458574504135	1.375374492524554	-0.005147990528375784
0.18823863692771903	1.063545476981178	1.3753731767655841	-0.0037953958051303548
0.18823698127112354	1.0635445172099287	1.3753705025362906	-0.0009510676756280222
0.18823499885726913	1.0635433902209988	1.3753677545988292	0.0020973141916161044
0.18823284517875216	1.0635421735997244	1.3753649817719553	0.005336764625699425
0.18823014886556388	1.0635406499063522	1.3753616606593275	0.009444825340796742
0.18822679200351022	1.0635387434226973	1.3753576453272554	0.014805568347553364
0.1882225798794288	1.0635363098295867	1.375352679820647	0.022528186657207343
0.1882179242515971	1.0635335657729719	1.3753472025379287	0.03326342527637622
0.18821477878228532	1.063531565606539	1.3753433021507666	0.04644143116346087
0.18821514884923152	1.063531562964388	1.3753432952868503	0.055706661584479344
0.18821776352607544	1.0635328890196372	1.3753456773081674	0.0627849845436588
0.18822072511176036	1.0635345199096344	1.3753484643315281	0.06698650915218883
0.18822314302652665	1.0635359004317133	1.3753506543150487	0.06951003133898978
0.18822462885365587	1.063536775627776	1.375351782305987	0.07129901548397613
0.1882256675678622	1.063537346679527	1.3753522887116925	0.07248521334037468
0.1882262066130016	1.0635376150874616	1.3753520951695453	0.07332557165894638
0.1882264494131649	1.0635377018798073	1.3753515998267476	0.07380180366407793
0.1882265375480543	1.0635377115981877	1.3753510922884755	0.07408863312821869
0.18822658742768394	1.063537703348339	1.3753505997740774	0.07433011936617588
0.1882266369145994	1.0635376968205104	1.3753501200553957	0.07456170776412471
0.18822669478717136	1.063537696397874	1.3753495948762828	0.07481158335253169
0.18822675739508354	1.0635377018395975	1.3753489870501496	0.07508397944559357
0.18822681904485117	1.0635377131187342	1.3753482021745378	0.07539513133289477
0.18822686167373426	1.0635377322432678	1.375347121781914	0.07575701049195899
0.1882268372617869	1.0635377641811525	1.3753455968462311	0.07616874192150773
0.188226711972589	1.063537802292248	1.3753440884588668	0.07649520203470293
0.18822649269147906	1.0635378465944414	1.3753426744566009	0.0767535062066014
0.1882262030948445	1.0635378972632248	1.3753414307198064	0.07695348402076088
0.18822589265094503	1.063537959408097	1.3753404356317347	0.07707946162413545
0.18822565938072044	1.0635379982338609	1.3753398763010392	0.07716443597581864
0.18822553905529216	1.0635380276701527	1.3753396223714625	0.07719428746514574
0.18970918053207486	1.063436485333742	1.375332802039424	0.077195703131061
0.19903472855867332	1.0625989018463409	1.3752708070212227	0.07720789018257115
0.24503961803220886	1.0554528999209352	1.3746017378240374	0.07740403425953883
0.2956264983941822	1.0443588772320391	1.3734034216348598	0.07788280188225019
0.3520109236375839	1.0282787049844462	1.3713947326592022	0.07894948972456928
0.40965935912678886	1.0081662659327555	1.3685172174427465	0.08117476760269425
0.45811659779234515	0.9888995277410403	1.3654109705839343	0.08456035553124978
0.4752036033521746	0.9813723908379338	1.364094989506756	0.08637042757842622
0.4945262621781559	0.972360143168285	1.3624677599330726	0.08900453254708136
0.520850223600842	0.9583040512672277	1.3597728679936334	0.09448580482340849
0.5497012892046129	0.9381419591267165	1.3555418081068318	0.10726203398346969
0.5637734853003364	0.9238139118121804	1.3522384616826446	0.1222374025233939
0.5715290773877328	0.911275480898736	1.3491175449123363	0.1421888730629818
0.5751657101701485	0.9010987346741408	1.3464092406935246	0.16566031431711237
0.5770185163644224	0.8887266862811316	1.3429026912467037	0.20669640006789328
0.5769850397767768	0.8792802057058006	1.3400316361141873	0.2500112817112246
0.576507289008775	0.8730776812064485	1.3380292182973805	0.2845007322410545
0.576082007851241	0.8682553835549104	1.3364090748683708	0.3131457796426797
0.5758480695774317	0.8647215993829622	1.335211223713787	0.3334371744697963
0.5757879110352896	0.862326008882946	1.3344290593232842	0.3456578949209398
0.5758456291626375	0.8606134722827843	1.3339316013419356	0.3529844874358571
0.5759927878317752	0.8594182524996076	1.3336649084704173	0.3570348776434112
0.5762226431619184	0.8585677012279401	1.3335793601899935	0.3591491579390355
0.5764407737068763	0.8581664872759327	1.3336286601135336	0.3597395225940037
0.5765717069318479	0.858043514483105	1.3336974955868655	0.35972254589098746
0.5766464256952332	0.858007317305832	1.3337446425793866	0.35961170535082054
0.5766814628185007	0.8579982061826511	1.3337675298890714	0.35952534330468106
0.576689574295279	0.8579955585119173	1.333770916182216	0.35948289497298586
0.576685097855898	0.8579935938956643	1.3337650695218817	0.3594752685691429
0.5766795987742815	0.8579926616327593	1.3337593289281446	0.3594873866480082
0.5766778970723649	0.8579928685494912	1.3337716985974026	0.3594985268478521
0.5766777055879209	0.8579934771788903	1.333783440734688	0.35951336573347475
0.5766786630072502	0.8579938911205713	1.333785977143574	0.3595260008392495
0.5766794665120247	0.8579939764078123	1.3337844999619668	0.3595375534566862
0.5766799557423903	0.8579939012510706	1.3337823985893702	0.35954897406709296
0.5766804024792702	0.8579938340368845	1.3337803825703236	0.359561076990484
0.576680877647371	0.8579937998255618	1.3337781047972108	0.3595746787474911
0.5766813117933776	0.8579937693624209	1.3337751540591798	0.35958999678013226
0.5766816177958676	0.8579937297280692	1.333771252445073	0.3596076710217971
0.5766816988848102	0.8579936824945023	1.3337661726620456	0.3596282242705225
0.5766814179687316	0.857993628629739	1.333759716311356	0.3596522841513362
0.5766805859909105	0.8579935677147251	1.3337518069890706	0.35968068454515423
0.5766789736785665	0.8579935005437198	1.3337426351061892	0.3597145378811222
0.576676380220594	0.8579934302471558	1.3337328421670487	0.3597552875255438
0.5766741024744493	0.8579933845661124	1.3337267414864078	0.35978665630279916
0.5766725131336854	0.8579924205568776	1.3337223741874225	0.3598069332760583
0.5766718982438948	0.8579921938106261	1.3337210769214283	0.35981565381405317
0.5766716697402856	0.8579921888435127	1.3337206877473056	0.35981892871598786
0.5766715583946964	0.8579921921097593	1.3337205100132876	0.3598205529354985
0.5766714491342178	0.8579921938415083	1.3337203373293687	0.35982217896977536
0.5770538082421548	0.8579651319151287	1.333742870247352	0.35982516223737593
0.5780160799074268	0.857892628925537	1.333803495504334	0.3598328459951512
0.5799969671432805	0.8577262508110041	1.3339436657941304	0.35984985336542374
0.5823864929542499	0.857506875179999	1.3341299390331867	0.35987173062630057
0.5870975714484501	0.8569937233109586	1.3345706256792769	0.3599213220197478
0.5976332403658811	0.8556875482119122	1.3357820808375225	0.36004555186053383
0.6218814031950797	0.8516355594180743	1.339939243562234	0.36041695966282106
0.665418172926761	0.8415119193274044	1.3524193304344487	0.36133120576271804
0.7000997554563803	0.8311735128184311	1.3679165766444144	0.3622811137068031
0.734547499152699	0.8190331333901214	1.3898969411344353	0.3634406148787175
0.7462331376441511	0.8144117144205674	1.3994072960850465	0.36389196901179116
0.761153282768583	0.8082143770879786	1.4130110308296715	0.36450565399026275
0.7733126367701183	0.8028442718578622	1.425487819497137	0.36504381809424125
0.7953763077330407	0.7921637599730704	1.4512986097421952	0.3661008024670679
0.8204445839831345	0.7781824860679344	1.4845117569430637	0.36744931567535644
0.8417106528425448	0.7642822631970615	1.5135875920418116	0.36864689400603545
0.8583098015410645	0.7516262279186131	1.5340253752415403	0.36956430111683214
0.8724236774222502	0.739039999528082	1.5475403672249073	0.37027243383773567
0.8845922460446036	0.7260067348923542	1.5550553297430703	0.370779642172556
0.8949532575325219	0.7119010880104178	1.557986570338123	0.3710932523671608
0.9009842425838737	0.7008801130908873	1.558053413915925	0.37120058125912814
0.9047257734070345	0.6916242131557837	1.5574596083526067	0.3712260042343735
0.9071152687940289	0.6836979550536382	1.556952439631844	0.3712256089277929
0.9086749772365862	0.6765545317828056	1.5566139634656468	0.3712197528183764
0.909858017647234	0.6695109240347029	1.5564033330009137	0.37121442192713944
0.9108488794612235	0.6614611810975123	1.5562608565069498	0.37121114035425573
0.9113838113157038	0.6553035807294784	1.55619162325974	0.37121101900076375
0.9117205249228777	0.6497876226642338	1.5561376068227315	0.37121270092927056
0.9118671265152494	0.6453218149144919	1.5560901270552747	0.37121541357522636
0.9119790537480816	0.6414175843838944	1.5560414663474398	0.3712189130539731
0.9120378014327655	0.6377683858483519	1.555988289715952	0.3712232911236556
0.9120551603651207	0.6345704428786951	1.5559353794099045	0.3712281254285967
0.9120488599136929	0.6321791043508048	1.5558922468781078	0.37123237802628106
0.9120356560227951	0.63050082939202	1.5558602791999545	0.3712356816629423
0.9120202371402788	0.6290910589773983	1.5558330089828645	0.37123857235993957
0.911999967952237	0.6276484511225898	1.5558028448055885	0.371241796208799
0.911979762977069	0.6263930682402961	1.5557760109375502	0.37124465258699885
0.9119584317874244	0.6252031603508996	1.555749695968762	0.3712473893125709
0.9119368408397237	0.6241649738094903	1.5557243706815476	0.3712499446077737
0.911913134713418	0.6230890737370798	1.555697554185347	0.3712525395087745
0.9118841389237944	0.6219423457580037	1.5556656647191955	0.37125544792125253
0.911848268605757	0.6206444059558417	1.555627079822541	0.37125868936053547
0.9118042822032677	0.6192053059845283	1.5555805247351453	0.37126220418299327
0.9117677500394654	0.618067304513724	1.5555422295238268	0.37126479658535533
0.9117375752041471	0.6170926965393803	1.5555107402911128	0.3712667486270912
0.9117110105483701	0.6161690026658143	1.5554830745582418	0.3712683449305593
0.9116866579946663	0.615136032548605	1.5554577376147936	0.3712697016758943
0.9116626534320245	0.6138424953573417	1.5554327701778068	0.3712709847839966
0.9116366980605091	0.6118755757872899	1.5554057752531911	0.3712722807839405
0.9116029461290907	0.6078524455186451	1.5553706624378087	0.3712738813546918
0.911577180216539	0.6029090559809325	1.5553438545843465	0.3712750344117991
0.9115505446629686	0.595219562047945	1.5553161278995726	0.3712761175842978
0.9115266524968503	0.5853257513507215	1.555291246141793	0.3712770286032411
0.9115046217334168	0.5732222517672935	1.5552682930492365	0.3712778192031669
0.911482878709397	0.5585301864617687	1.5552456316008259	0.3712785754154254
0.9114607072001649	0.5414606230218484	1.5552225147058036	0.37127931695941274
0.9114368040669798	0.5222031669675559	1.5551975832195533	0.3712800970310766
0.9114083879387506	0.5007871451681164	1.5551679308670163	0.37128098325708847
0.9113593965228474	0.4729917962195902	1.5551167780835362	0.3712824424758011
0.9113233988439379	0.4610547386726997	1.5550791664949297	0.3712834420499525
0.9112934952550229	0.4554539108338608	1.5550479091104978	0.37128424511277763
0.9112627507715365	0.45224462446046165	1.5550157591411395	0.37128502908586314
0.9112298372590613	0.45015438575548766	1.5549813279634395	0.37128584132894565
0.911190015198463	0.4487871822209484	1.5549396493061451	0.37128677063603854
0.9111407408491015	0.4477316060414033	1.5548880524145896	0.3712878801603391
0.9110746685446289	0.4467517740413549	1.5548188225831676	0.3712892818688927
0.9109810462847974	0.4456352956893948	1.5547206527060977	0.3712911280848757
0.9108370434702926	0.4441674567639593	1.5545694966841965	0.37129373819343225
0.9105872296199001	0.44205213892498496	1.554306927637327	0.3712978283447987
0.9101642685927769	0.43930140609313983	1.5538616597595738	0.3713039527040981
0.9096892592579968	0.4370637855471956	1.5533608829373733	0.37131060082735207
0.9091624903508402	0.43516710381307167	1.5528049848950942	0.3713183606133159
0.9085746192817211	0.43350465154429485	1.5521842223946467	0.3713283097753682
0.9079072032236406	0.43201374148047206	1.5514792426478132	0.37134391264787253
0.9071558124498235	0.4306391037196844	1.550685544439431	0.3713716804810623
0.9065176422359075	0.42964834246715466	1.5500114919305006	0.3713996993616384
0.9057348950281076	0.4285801502752422	1.5491848822188006	0.3714203786258553
0.9051366195677621	0.4278495124159182	1.5485532120104262	0.3714249975884948
0.9045923610622582	0.42723170992263826	1.5479786834716942	0.3714268809705988
0.9038719807520467	0.42648124629158785	1.5472183910203252	0.3714310771467009
0.9026744845210959	0.4253297558474584	1.545954912396188	0.3714393485052629
0.9013322119799558	0.42415908655196055	1.5445391123719636	0.37144888181880475
0.8998773504391193	0.42299825564377347	1.5430050121831498	0.37145904127997836
0.8993129371192672	0.42257267789285946	1.54240998228798	0.37146294730864815
0.8993529785818786	0.42244646916339096	1.542148949779489	0.37165401680899873
0.8997746372425328	0.4213496326941806	1.5403472675507448	0.37313192008640866
0.9014527468188928	0.41657838105528827	1.5349693749296458	0.3782927510855121
0.904760412739791	0.40635013488621163	1.5263705287358218	0.3876887063027101
0.9090928133606185	0.3898857670086324	1.516055792459594	0.40033554970648055
0.9126658700244119	0.3738386162764368	1.508025065600155	0.4110315771980444
0.9156677949674602	0.35907473681712754	1.50185308958102	0.41972345634423114
0.9189331673570358	0.3412498173737786	1.4951552536260508	0.42946256231667534
0.9229889222962679	0.31854038078979824	1.4874685102059941	0.4408673030022693
0.9284513449554115	0.2892486650990684	1.4781369579581392	0.45459521680510234
0.933495438224188	0.2664031241567463	1.4706200206319335	0.4649905617205544
0.938715510714299	0.2493498692706052	1.464084723461404	0.47299987482733497
0.9442694791234736	0.23886179496593624	1.4584888594761696	0.478480777509618
0.9489311577709234	0.23487844075281122	1.4548370790004086	0.48091865062733724
0.9530876677632214	0.2334093477009686	1.4523051500713244	0.48185478292053496
0.9573262158540026	0.2329519293766188	1.450247077980031	0.4821423156364844
0.961742240077383	0.23248337867355612	1.4484130376590503	0.4821385187632705
0.9668985560004665	0.2315596819282994	1.4462770503212452	0.4820725184785755
0.971187646571852	0.23029201494271023	1.4439297921951149	0.48205364383762717
0.9736216676360047	0.22834981815029926	1.4402694127693618	0.4820728853129395
0.964021716884872	0.22068226639754507	1.4244373168480824	0.4820891291949402
0.9551196679569188	0.2159490106681946	1.4137943310124987	0.4820862520135334
0.9479636085133132	0.21246963456161239	1.4055744401607984	0.48208192183947113
0.9102419831465894	0.1958915363438275	1.364182154353943	0.4820506838096897
0.8332804734989416	0.16285415250230062	1.2810797490413894	0.4819823704621559
0.7517293608613763	0.12658960012953402	1.1935465076838205	0.48190996859438534
0.665834649920408	0.08619237035958943	1.1017320619588171	0.4818351091191092
0.5696102737937001	0.037538042429801355	0.9993151824124434	0.4817571889658782
0.49807260409642795	-0.0012390135008079062	0.9234258032169415	0.4817081599493462
0.43034141664143477	-0.0402477112757878	0.8517454711606227	0.48167555578600624
0.4008731671754259	-0.057992298240418294	0.8205990314546263	0.4816683387234038
0.3741483082736786	-0.07450239277365583	0.7923635988854245	0.48166358736570236
0.35117585429818676	-0.08900712845910419	0.7680935047254005	0.4816639346529746
0.32313221404445686	-0.10708060731517072	0.738466177111572	0.481675962416646
0.3048696976027284	-0.11907100516804686	0.7191593737865605	0.4816925298778121
0.28673020312251885	-0.1311465571213733	0.6999676924645507	0.4817185173784911
0.26416897224387953	-0.1463768750566032	0.6760805015556589	0.4817630010858863
0.2334287158613026	-0.1675034381344049	0.6434563427674147	0.4818444863487715
0.1953816411611075	-0.1942138411742386	0.6029293401862144	0.4819628219378561
0.16555911183527625	-0.21562565614640544	0.5709555353782149	0.48204577013677335
0.14189472256718133	-0.2329432705346896	0.545375676104511	0.48209058736115834
0.12258503492999602	-0.2473170534504352	0.5242890194016188	0.48211116483284167
0.10677088452828122	-0.25928329194086047	0.506801967371481	0.48212046835620087
0.09361797646087991	-0.269406125265793	0.4920338882820124	0.4821260728759073
0.08264148014235724	-0.2780164032710859	0.47947440961953697	0.4821310735979602
0.07530354933317347	-0.28389335005549066	0.4708934680378141	0.48213481664030544
0.07035055494227031	-0.2879406314302032	0.4649738368419572	0.4821375015386232
0.06677615599191147	-0.2909204262772231	0.4606084333013553	0.48213953014042144
0.06408603885316433	-0.29324905201334567	0.4572496534676869	0.4821412096504569
0.061933329594573185	-0.2950410852754718	0.4545087004635113	0.4821426693511874
0.06025441551984756	-0.29659826315937726	0.45229685675754416	0.48214409084718085
0.05878421189977441	-0.2978999136172443	0.4503266257150278	0.48214564140063554
0.05756654569367432	-0.29908004598017285	0.44863179125792124	0.482147417688182
0.05646453233356756	-0.3001207203212784	0.447063188501922	0.48214968996403235
0.05551333500016356	-0.3010985977235314	0.44564953352694486	0.4821528526631556
0.05462495003621905	-0.3020302091623088	0.4442933675861369	0.4821576257854847
0.05378404784562539	-0.30286919125162176	0.442970492595988	0.48216545655587495
0.05306293680285754	-0.3037419921656569	0.4417415641581418	0.48217926998053257
0.052476715824224245	-0.30443080056675587	0.4407347401237707	0.48219749622821917
0.05201666407323971	-0.30494455202240667	0.4399213503994849	0.4822196609976993
0.05161723484286098	-0.3054297606500526	0.43918647038434644	0.48224759182939225
0.05123365097289907	-0.3059100949372538	0.4384608681897422	0.48228433920895014
0.05094647906237967	-0.30646382605431793	0.4377380945299893	0.48233850210825124
0.050652089238265585	-0.30699390656662906	0.4369662916627917	0.48240114709618026
0.05048761171404273	-0.307406380108961	0.4362745807296651	0.48246352977625667
0.05045399340574576	-0.3078030433802476	0.4356728555250034	0.4825203936285713
0.05062348333940715	-0.3081615194692442	0.43517967871047725	0.48257190999877836
0.050940960164046464	-0.3085045529165936	0.43467479429797073	0.48262006721657214
0.05156043197802354	-0.30886128729079043	0.4341481918969336	0.48266788058715737
0.05291302240513557	-0.3092621676645139	0.4335022712646952	0.4827224071355584
0.055807414930638226	-0.30974854908040217	0.4328036406154079	0.48277866476399095
0.05947963655691796	-0.31011493888321595	0.43226098150830433	0.48281634069532087
0.0644253825175162	-0.310442012457761	0.4317753434613382	0.482846415295368
0.07163891546613464	-0.3107710149044081	0.4312850365240192	0.4828734053739947
0.08259407976321638	-0.3111237006385722	0.4307580262780952	0.48289861414113644
0.09618532371704969	-0.31144892645613476	0.4302717785165305	0.4829182798359733
0.11235767922384482	-0.31176062421318473	0.4298746972836722	0.482933194984424
0.13151924285916725	-0.31200502791686385	0.4293987137391185	0.4829425190179983
0.14750801993588067	-0.3122626176421994	0.4290115138858788	0.48294186149407486
0.15945880960388092	-0.3124653483446187	0.42870729972700233	0.4829327348353344
0.16858962848143505	-0.31263431020013893	0.42845431109906623	0.48291626851329983
0.17709941140314991	-0.3128114442674174	0.42818936570466926	0.4828867519193174
0.18438067198406646	-0.3129882127871691	0.4279251080182358	0.4828419566634877
0.19010082651072685	-0.31315276633275146	0.4277205081711557	0.4827855109309001
0.19377024721362313	-0.31327950981747377	0.42753485711626016	0.4827331560625538
0.19647649616069204	-0.3133889615652374	0.4273740082668012	0.48268316645516585
0.1987494461045663	-0.31349568354266916	0.4272166032454254	0.4826321238820973
0.20075601003962723	-0.31360567185807503	0.42705425576027567	0.48257947537499657
0.20366735868557995	-0.31380366642906204	0.4267600741420882	0.4824919356960228
0.20558051968147506	-0.3139768612062915	0.4265014090064901	0.48242819001156684
0.206976078315477	-0.3140865902473599	0.4262489290087104	0.4823803239070783
0.20791341136557595	-0.3142349248873083	0.4260221205974963	0.482349458113179
0.20856648994338672	-0.3143717892018403	0.42581307672468766	0.4823301625388078
0.20906732650657825	-0.3145099863358977	0.4256024359092736	0.48231782372974574
0.20946746406130318	-0.3146595218020508	0.42537479638681325	0.4823103639738046
0.20978938889685286	-0.3148323127200291	0.4251122377396592	0.4823063208306958
0.2098611901493307	-0.3148857803748827	0.4250310890826783	0.48230587552026705
0.20997461891450314	-0.31499116872600214	0.4248712470710127	0.4823054552606634
0.21009407328201646	-0.3151558150508929	0.4246217163927311	0.48230515369081767
0.21026498525640835	-0.31540876505826754	0.42433693529755995	0.4823042701408808
0.21024669950261873	-0.3156613112776984	0.4239145737994544	0.48230162491773365
0.2101443503102261	-0.31594844642870323	0.42347315918444844	0.48229647050888147
0.20997991722373083	-0.3162623162416716	0.4229922195054219	0.4822884121263403
0.20976731643337146	-0.31659138730147673	0.42248830285783395	0.4822781827784085
0.209578827499713	-0.3169205293745256	0.422029538393198	0.48226750125266016
0.20933807379825128	-0.317222665100554	0.42153494060950475	0.48225669728238924
0.2090863330024541	-0.31755653495911956	0.4210268200836029	0.4822456532767441
0.208807015538296	-0.31791483811060445	0.4204827221428853	0.4822320403667881
0.20850659109910533	-0.31829922843549846	0.4198999941483213	0.4822132817669604
0.20833906603633406	-0.31855779241218285	0.4195309777220664	0.48219736088819254
0.20814252619227588	-0.3188036768137279	0.4191550110583652	0.482183581762338
0.20796446872865312	-0.31902422853169815	0.4188189916802108	0.4821736883915178
0.20774593183858467	-0.3192987405390324	0.41840403500435513	0.48216595031984366
0.2074963396065992	-0.3196091803482097	0.4179350217580981	0.48216227956874697
0.2074100966595774	-0.3197526281985265	0.41774747513223565	0.48216212392281216
0.20728524139680143	-0.3198844498860564	0.41754670357187423	0.4821624517759461
0.20715316585474156	-0.319997082430798	0.4173401782509678	0.48216297591939644
0.20702384856030875	-0.3201399787923688	0.4171277575438324	0.48216357750812655
0.20687648485218488	-0.3203166391730566	0.41686655897126607	0.4821643323796768
0.20673998276297698	-0.32048553073655556	0.4166162083679027	0.4821650785984902
0.20661737885178777	-0.3206362342426892	0.4163930974044155	0.48216578247739006
0.20650557341439735	-0.3207739192342124	0.4161892690004717	0.4821662105170012
0.20642281981342214	-0.32090707673823277	0.41601805168424166	0.4821668982288489
0.2063045319143521	-0.3210454233250708	0.4158080815647507	0.4821677176497969
0.20617098846230375	-0.32120025327152535	0.41557439402255414	0.4821686562943523
0.20601619231216983	-0.32138316712328874	0.4153014520562553	0.4821698292372089
0.20583367161183153	-0.32160221113734333	0.4149785688530234	0.4821714057895458
0.2056087687411946	-0.32187117959936984	0.4145861721520823	0.48217356446787746
0.20534055724034236	-0.32218755587153314	0.4141106893004916	0.48217698076630944
0.20501611021033456	-0.3225818509609129	0.4135613897291709	0.4821819681767958
0.20482873239629	-0.32280848067714857	0.4132439499539638	0.48218601216311485
0.20480691158829958	-0.32219310373364474	0.4129604362839878	0.4821360879242356
0.20462459052585621	-0.3177527873847603	0.41082188594234287	0.4817684291908479
0.20407975867107417	-0.30781978964098206	0.4057452397374182	0.48089224888018456
0.202750555688264	-0.28996320690254146	0.39579543339574297	0.4791785744666864
0.2005313398848483	-0.2678358865612632	0.3823287964028222	0.4768354888063769
0.19832616320261978	-0.2503304446714664	0.37089429041697203	0.47481378185193407
0.1955843509035088	-0.23225486273973972	0.358395750719227	0.47256849722995414
0.19328719928418162	-0.2198079737778891	0.34933878994473	0.470998614295984
0.19066646752818833	-0.20695431865211497	0.33970412641286646	0.4693343056006367
0.1873779252776543	-0.19289969484033098	0.3288095376262444	0.46749618301940254
0.18163939645548038	-0.17276842419146143	0.3125842748726441	0.46494320553245494
0.17430822820354666	-0.1527758676919907	0.2958609736772795	0.46265929625511587
0.16873529968023088	-0.14064975454350748	0.28551288409310244	0.46147698397299886
0.16116530591084907	-0.12723962970481623	0.27406958396714526	0.46042801446407916
0.15406402156835006	-0.11714235633474072	0.26559786888341974	0.45987065465782506
0.14490241527074335	-0.10682641938001546	0.25732732442415934	0.4595301883508926
0.13715549244119865	-0.10009329938336073	0.2523455413374805	0.4594440063902788
0.1306361761110762	-0.09566753570769346	0.24938733956950607	0.4594437678141071
0.12213874896286446	-0.09132392863425806	0.24685055988594853	0.45946830999525723
0.11634753412297308	-0.08922362037888136	0.24586081047808794	0.45948680709286227
0.10919444686656302	-0.08750811626190486	0.24519611113298476	0.45950432204785696
0.10389288427414006	-0.0867252089272634	0.24499767929607383	0.45951375021228014
0.0981821610501056	-0.08626295245891219	0.24492943555187038	0.4595216107573952
0.09169235563709814	-0.08605300618773715	0.24492412985513157	0.4595279630272794
0.0875831144515428	-0.08603965554769552	0.24493310744096752	0.45953034022025563
0.08290223894296926	-0.08605944494748533	0.24493439384316265	0.4595314232396524
0.07846489912282631	-0.08607789019268577	0.24492337292102107	0.4595313652514703
0.07430581458920905	-0.0860892045042641	0.24490440817985584	0.4595328477774657
0.07324542017620093	-0.08609143954843443	0.24489828334161184	0.4595341937948927
0.07130545238099192	-0.0860964048030349	0.24488651139209502	0.4595421108902988
0.06955788382639316	-0.0861022571801222	0.2448753708048984	0.4595635488759827
0.06784107298904843	-0.08610924758187596	0.2448638513877726	0.45960350459374094
0.06582266326229737	-0.08611870658208984	0.2448493004354962	0.45965788354256387
0.06412614239019347	-0.08612750944928918	0.24483597199683896	0.4596906492776496
0.0626298306921323	-0.08613585216786136	0.24482324091548233	0.4597019307328085
0.06104951054727472	-0.08614515827547245	0.24480877101392381	0.4597023961678947
0.05851631656296567	-0.08616136796559051	0.24478349396358073	0.45970146858816335
0.05602121299862363	-0.08617924173190683	0.24475599330029216	0.45970942594169434
0.054379541891421135	-0.08619113824053672	0.24473883711511327	0.4597230415853305
0.05252362432429493	-0.08620565369894534	0.24471792007667398	0.45975311181441403
0.0509993691339557	-0.0862186993601142	0.24469887304348625	0.45979855246200746
0.049694388108061954	-0.08623083046475627	0.2446809502010884	0.4598578106625272
0.04818307397714388	-0.08624617277815931	0.24465809406023772	0.45994609435043066
0.04682928819016988	-0.08626092545299022	0.24463543929749626	0.4600312940379616
0.04568796697418088	-0.08627452236733517	0.24461449248281386	0.46009133998594637
0.04443078600065768	-0.08629121820102925	0.24458908630858636	0.46012276999793006
0.04354547114801954	-0.08630427124935083	0.244569420821106	0.4601212044843069
0.04270991714591157	-0.08631774230573402	0.24454923105361334	0.4601170308206888
0.041301940026560624	-0.08634324551151355	0.2445121961486827	0.4601145752059361
0.03991374769017082	-0.08637304158656817	0.24446902898445905	0.460115803727708
0.038619245246575534	-0.08640543018307786	0.24442012451121795	0.46011794275931645
0.03743760659838067	-0.08644234800928469	0.24436562301684847	0.46012006047928644
0.03650506851418515	-0.08647769092528564	0.2443146400002879	0.46012197382458886
0.03566946920958915	-0.08651310305426438	0.24426792673264414	0.4601238495642559
0.034727315407110645	-0.08654659624672874	0.24422465205275765	0.4601257979292846
0.03376444924356358	-0.08656799516567763	0.24421171308203232	0.46012713020553153
0.032534187608847194	-0.08658381560045872	0.24418048447775845	0.4601282526500995
0.03050207514918185	-0.08660093354511654	0.24415546682451436	0.46012950866832636
0.028529032503410205	-0.08661384383206079	0.2441393845129632	0.4601305019008087
0.02788540420525471	-0.086617159254743	0.24413479744330274	0.46013072427448964
0.02786682778302666	-0.08661776848869815	0.24415052124280204	0.460147308927362
0.027829892180377486	-0.08662359638800757	0.24430477882223614	0.4602883475341165
0.027756895830204752	-0.08670773722158145	0.24633150140235618	0.46161742380952037
0.027690919767703777	-0.08695122370059667	0.2520737643617054	0.4644864164943589
0.02759943450610021	-0.08764325023530772	0.2688694317077225	0.4705330068539504
0.02754191460582422	-0.08835931116658455	0.2874226679183957	0.47562253096285634
0.027512102102549327	-0.08880981262941155	0.2996933810526816	0.47848950098006426
0.027481247435570674	-0.08932923563497391	0.3143447998186885	0.4815286747548244
0.02745911517029788	-0.08974151803418448	0.3261283799469075	0.48369455598851724
0.027440091021003192	-0.09010273827765582	0.33665626674582344	0.48551765491849835
0.027400008185006253	-0.09088839536388423	0.35953895764407884	0.48917843236041864
0.02732906498537631	-0.09220556984091226	0.3961173532944963	0.4942778869446449
0.027212524319330293	-0.09432798393948472	0.44428834523184485	0.5000857211040362
0.02706270188348165	-0.09644242466505314	0.4820582133799858	0.5042120418037446
0.02687749358591418	-0.09849438266974281	0.5071937977853528	0.5069047546214487
0.026595505971244326	-0.10063180911330546	0.5240492433986479	0.5088259333366649
0.026136993234345856	-0.10291523842454851	0.5340233501757664	0.5101094636617466
0.025486069295717187	-0.10486012406392409	0.5381884068124491	0.5107548380239354
0.024439553053010776	-0.10669108258005655	0.5397569798695477	0.5110825762865553
0.022511567918009227	-0.10842898794732374	0.5401114072817986	0.5112269458876795
0.01891910628084235	-0.10992315390455545	0.5399844563618724	0.5112584812485342
0.013072275284199901	-0.1110483499761554	0.5397927523370878	0.5112426778472163
0.003993817255795153	-0.11180671293277293	0.5396727851836564	0.5112189403044908
-0.011225884552079353	-0.11238381658182225	0.5396140991731487	0.5111975205608446
-0.027648070769896303	-0.11269304563777832	0.5396008154150956	0.5111855134569911
-0.04473784043493861	-0.11288588600022625	0.5396001838812886	0.511177927315567
-0.062389673385731495	-0.11302188408749311	0.5396028129342384	0.5111723420039715
-0.08024014791208794	-0.11312576309954221	0.539606002918386	0.5111675529331587
-0.10115976952235729	-0.11322693136127576	0.539609785939619	0.5111614579175355
-0.10956015829620824	-0.11326472008327526	0.5396117164567003	0.511157741565176
-0.11298395091409287	-0.11328102666425761	0.5396129947590679	0.5111549212274844
-0.11453759645671169	-0.1132899968983598	0.5396141682022495	0.5111520847282438
-0.1152109992511895	-0.11329508827388009	0.5396153549387979	0.5111488985483041
-0.1155318610821592	-0.11329823408365816	0.5396167020806536	0.5111445372043099
-0.11556449565712601	-0.1133003510206536	0.5396183257057393	0.5111369398121849
-0.11554383959277964	-0.11330207351869823	0.5396201974649075	0.5111195579049133
-0.11555797184394834	-0.11330450917409748	0.539622461215105	0.5110497316231452
-0.11559868926094824	-0.11330710284787306	0.5396238855399433	0.5108891010982426
-0.11564742534184658	-0.11330938312452801	0.5396245619045403	0.5107071145395954
-0.11570171667734695	-0.1133120007755497	0.5396249778484948	0.5105466257427246
-0.11576532430355431	-0.11331522038905703	0.5396249550555546	0.5104596489818922
-0.11581159566154402	-0.1133174890711845	0.5396245723790455	0.5104520231465419
-0.11585927996163556	-0.11331982171863468	0.5396238167905467	0.5104569506666703
-0.11592122013614284	-0.11332293276093763	0.5396224682784108	0.5104639665073257
-0.11600645302506665	-0.11332739157550943	0.539620089239429	0.5104682400464157
-0.1161524053136137	-0.11333580011032204	0.5396145383912614	0.5104696066253837
-0.11634008952870344	-0.11334645269242746	0.5396059412140574	0.5104699690121113
-0.11655525798785729	-0.11335978420991884	0.5395943579849836	0.510471108488898
-0.11676575455815186	-0.11337370526416939	0.5395819912418662	0.5104725697156858
-0.11695055754943286	-0.1133875089377733	0.5395703690170827	0.5104742764483553
-0.11711968925463079	-0.11340144606406048	0.5395596252514708	0.5104761824245114
-0.11727657978529135	-0.113415814569474	0.5395497889895977	0.5104782741936185
-0.11731966234430516	-0.11342011189349882	0.5395471807223483	0.5104789525750211
-0.11731958899213482	-0.11341832349232354	0.5394627527746411	0.510472514166433
-0.1173165536159404	-0.11339812997960282	0.5387364817914176	0.5104160315317239
-0.11726536622157918	-0.11309669091396377	0.5319541632987098	0.5098491834478359
-0.11704093185379916	-0.11181033442329721	0.5121835938428893	0.5080333442697451
-0.11639310159707913	-0.10820179226120516	0.47375018632814064	0.5040608283240808
-0.1154983276366577	-0.10357264698459992	0.43566650036703103	0.4997076778170469
-0.11491756587956724	-0.10066395817692142	0.4155453943222577	0.4972221295798122
-0.11459292492593763	-0.0991387559890545	0.40539682758235174	0.4959151998333022
-0.11424553034811932	-0.0974913163615167	0.3952768460745838	0.4945789373039311
-0.1139234182006078	-0.09598331131802934	0.3866413661932516	0.4934109839388987
-0.11359121153736464	-0.09451837626918888	0.37815411508171914	0.492240577237903
-0.1128883736581181	-0.09138575056241302	0.36168150411214023	0.48991150307046216
-0.11141103449872719	-0.08502073729369734	0.3315213378313152	0.4856565184071867
-0.10922172298993503	-0.07615296547848288	0.2965782257268521	0.48102935300983574
-0.106638597502589	-0.06582684417520404	0.2632460239624282	0.47735270779788774
-0.1041102553454571	-0.055680691329759516	0.236318838114278	0.47528871864081546
-0.10195090061567869	-0.04625137743061301	0.21547381838181723	0.4744553962747619
-0.10028506786252646	-0.03798331893394491	0.20011491080631189	0.4742890676674873
-0.09907647427035299	-0.030511635098314907	0.18845043678491943	0.47435306095904317
-0.09828730543386356	-0.023658624288917386	0.17960448131921602	0.4744380653839226
-0.09785110875328774	-0.017339960993201058	0.17310268483233326	0.4744777371371063
-0.09767014915386865	-0.011469450707165922	0.1685636943243945	0.47447968848874345
-0.09764183582129068	-0.006391610157116	0.16590098876461074	0.4744719999859005
-0.09766728392270059	-0.002027171753487142	0.16454337617816495	0.47447285773389775
-0.09769677630406041	0.0018153197141998062	0.16397315658366746	0.4744869736581327
-0.09771559831670487	0.0052145497821114405	0.16382269246152834	0.4745185661018151
-0.09772659819128464	0.008529627529593492	0.16384455690650446	0.47461929470527275
-0.09773042085092104	0.010287158165274344	0.1638848970421016	0.4747950553861819
-0.09775653210313798	0.011793329199854326	0.16391398264857723	0.47503091513495355
-0.09773892345967855	0.013309348029626716	0.1639308705320951	0.4752126647547853
-0.09773620808076666	0.014714380063720937	0.1639365516214105	0.4752720550936291
-0.09773912348201577	0.01589127093301235	0.1639364895231545	0.475264704162626
-0.09774390826090204	0.017209655196759772	0.16393412410279198	0.4752532655345222
-0.09775019554423707	0.018820628252471605	0.1639302225506961	0.47524592219935796
-0.09775901879995977	0.02084579677096977	0.1639250932024491	0.4752445386558865
-0.09776335913504346	0.021784754285646895	0.16392286798749256	0.4752588925594759
-0.09776766620800094	0.022671909203086683	0.1639208640555691	0.47526432388078443
-0.0977715044257174	0.02346159097865271	0.1639192681594854	0.47526526238588107
-0.09777485862821492	0.024185428318770272	0.16391800370475493	0.4752653396252397
-0.09777812813218964	0.024971853241917877	0.1639168683452361	0.4752654311583916
-0.09778154936372785	0.025936244714522057	0.16391576668768265	0.4752656282641414
-0.09778573074763097	0.027400164231025433	0.16391452352331326	0.47526596312814434
-0.09778975856747282	0.029212765951798052	0.16391342248635585	0.47526639954736916
-0.09779383526421218	0.03156201352676673	0.16391239380595735	0.47526701604170607
-0.09779759252665282	0.03426678672703054	0.16391151606884424	0.4752678465272372
-0.09780142191633492	0.03758652101686229	0.16391068462136996	0.4752691373586673
-0.09780562362544577	0.041832134425407924	0.1639098393316245	0.47527126009255616
-0.09781065465609082	0.047507509514167406	0.16390891069354782	0.47527515862828545
-0.09781674268821723	0.054599206729395694	0.16390789340196374	0.47528204968682647
-0.09782051805515676	0.059265155621266774	0.16390724056409842	0.47528811986230307
-0.09782361430463415	0.06279094953845936	0.16390671780013472	0.4752928602829423
-0.09782684206758147	0.06584007540669587	0.16390620893844204	0.4752955832226918
-0.09783076931681861	0.06873397532482615	0.1639056336472789	0.4752952613316258
-0.09783627265525127	0.07168328200185349	0.16390487869703152	0.47529034937881043
-0.09784117046571368	0.07344971388041399	0.1639042366363196	0.47528401139231585
-0.0978456877455077	0.07464532349982332	0.16390366139201498	0.47527833100466343
-0.09785055143173643	0.07549972398020094	0.16390306052563258	0.47527353718730414
-0.09785607769039345	0.07615641617052979	0.16390239470649628	0.4752702150579018
-0.09786263028773466	0.07670735041660626	0.16390158288491952	0.4752678552898483
-0.09787028460861805	0.07711952356479486	0.1639006835012782	0.47526660266310505
-0.09787799414270582	0.07742941666637376	0.16389985298240264	0.47526623159240994
-0.09788618631215368	0.07761889706782393	0.16389903910300294	0.4752660918851585
-0.09789530325126047	0.07779091207478966	0.16389819654774088	0.4752661636967049
-0.09790580895375067	0.07796059517105042	0.1638972873751418	0.47526631461548813
-0.09791772962106832	0.07814599308444763	0.1638962207680486	0.47526663426384064
-0.09793288056561412	0.0783406909423244	0.16389496804161982	0.4752670303896501
-0.09795433694386715	0.07856521353313943	0.1638933054018666	0.4752675484807913
-0.09798368281419786	0.07879721164813498	0.1638911894275074	0.4752682734012092
-0.09801448902423876	0.07897699523141892	0.1638891440134362	0.47526900435679564
-0.09804749053496047	0.07911953363797988	0.1638871528974986	0.4752699345088078
-0.098047560243269	0.07911976532166519	0.16388714896970105	0.4752699366774717
-0.09804758723693612	0.07911986888454275	0.16388715144549412	0.47526988461707304
-0.09804753738470029	0.07912008885276674	0.16388711862342997	0.4752693459766435
-0.09804658710526895	0.07912038325533519	0.16388662637634208	0.4752661251087898
-0.09804296149375209	0.07912078349348461	0.16388464577639741	0.47525676964189545
-0.09802275162797891	0.07912196060225156	0.16387293191614877	0.4752162630380002
-0.09790520269096603	0.0791275489098469	0.16379950689497258	0.47503941522577714
-0.09719084098503275	0.07916797020326247	0.1633096979446443	0.47429014824337556
-0.09444570308048987	0.07940278401230036	0.161303833101744	0.4722822370477551
-0.09063855224040078	0.07987471319383052	0.15827760783558562	0.4700060971889453
-0.08966570245009914	0.08001246833282823	0.15749355152553238	0.4694849842887331
-0.08784597426538002	0.08034420200108588	0.15601789736026206	0.46854788778447126
-0.08633070287413379	0.0806199043957817	0.15474002006492404	0.4677969404069254
-0.08309103193451124	0.08131851692618594	0.15196229668412423	0.46638572005995277
-0.07638775884791191	0.0834883732470337	0.14584914338547372	0.4642389932764875
-0.06950087349894518	0.08712258455225048	0.13900951479584245	0.4629009011037788
-0.06350260697802884	0.09211367222723041	0.13249513169697627	0.4622968997366433
-0.05807608040968542	0.09893877805865067	0.1259871392330259	0.46207682141337075
-0.05297100237693453	0.1083873834211333	0.11902159229331676	0.4620468539370769
-0.049043357254085894	0.11849820465431708	0.1127009001512749	0.4620939595767312
-0.04617590399979076	0.12788080792630188	0.10717635404111565	0.46214463699965164
-0.04394570933465329	0.13646360476777808	0.10203495003560055	0.4621892330496444
-0.04207214881264988	0.14440830468875837	0.09696215541288425	0.46222854539756686
-0.040400941215969016	0.1521650404313214	0.09153348021322513	0.4622662576405803
-0.03847986721243321	0.16112364461595471	0.08449089857123236	0.46230943589194545
-0.0369806950073887	0.16817894741467138	0.07814236594154113	0.4623416839633579
-0.03605952428505266	0.17216477563077648	0.07402030959453237	0.4624327753368963
-0.03532025147722996	0.17509848634513134	0.07057907453868509	0.4624954611136501
-0.03470675207686607	0.1774197730826616	0.0674674677564498	0.46252809708982195
-0.03412314275426756	0.17931567823531278	0.06449951771740742	0.4625383551654159
-0.033617240777819926	0.18074069422890587	0.061804002257130154	0.46253390729542954
-0.03327435303427053	0.18157267013485376	0.05985136174215769	0.46252453229754287
-0.03305066685172775	0.18204833389432123	0.05848789747275817	0.4625157533056979
-0.032873590903365835	0.18238917591776407	0.05733402552407227	0.46250725518695396
-0.03268548861825849	0.18271454688355218	0.05601268320163483	0.46249657067080635
-0.0325204193655926	0.1829690658913401	0.05474095542269854	0.46248542159226197
-0.032414980286367814	0.18311614923682162	0.05382875954759079	0.46247709840028156
-0.03232443907451632	0.18323025061487583	0.05300890253496112	0.46246894340458355
-0.03224059077947501	0.18332664577483762	0.052148986657142814	0.46246029929613847
-0.03215711279648256	0.18341362634573788	0.0511737388642127	0.46245027183610093
-0.032075530781110057	0.18348953782179633	0.050016620422453556	0.46243845084128504
-0.03202538349117611	0.18353085780538492	0.04908037667209302	0.462429528999163
-0.03199345650939852	0.18355469651925435	0.04825745223081798	0.46242274155769575
-0.031970903425242655	0.1835703682361912	0.04745043065145242	0.4624171555105968
-0.03195399657838159	0.18358153999587512	0.04651970569968594	0.4624123292955423
-0.03194021065326393	0.18359035060185233	0.04532112647029893	0.4624079024212394
-0.031927910982519105	0.18359805754435327	0.04345785019390362	0.46240335514039643
-0.03191500019179941	0.1836060625099744	0.03951765794908585	0.46239783254090344
-0.031907466058850247	0.18361141270523545	0.03483324503952357	0.4623940676571287
-0.031950094156951624	0.1836152078159441	0.027796159438663794	0.46239038251081854
-0.031938521046126385	0.18361810434384426	0.018910179684783215	0.46238721405650596
-0.031929109890497895	0.18362043729129585	0.008286376789261585	0.4623843733988568
-0.03192129829290847	0.18362249872920253	-0.004357584691079504	0.46238169749555047
-0.031914694247903594	0.18362441604293886	-0.01882795056948835	0.46237905473282304
-0.03190886966850924	0.183626330272537	-0.0349907902733017	0.46237632896702546
-0.031903287955199096	0.18362849133310588	-0.05305670831551074	0.46237312915845286
-0.031899195084385074	0.18363043483642988	-0.0668631365870862	0.4623702222639124
-0.031895820889617725	0.1836324593297189	-0.07745770228914813	0.46236713427044124
-0.03189362067940836	0.1836341759657646	-0.08332657881468034	0.46236455021014944
-0.031892018401257535	0.1836358121184117	-0.08681697854635051	0.4623620873427141
-0.03189077806894532	0.18363752210998088	-0.08899286491832227	0.4623595825488531
-0.03188982875992859	0.18363940849929108	-0.0904562653967265	0.46235686566329365
-0.03188914298911053	0.18364165984181777	-0.09147347057485408	0.46235377569881264
-0.031888789050397964	0.18364440610695096	-0.09227211983007705	0.46235018455582266
-0.03188886017763262	0.1836480121977183	-0.09307707556478939	0.4623458016126951
-0.03188955385266323	0.18365290677379162	-0.09402200877347318	0.46234025566987713
-0.03189127321618524	0.1836603501107044	-0.09532036168599345	0.46233285793251044
-0.03189505771080872	0.18367375602659272	-0.09724369390892815	0.4623223538979493
-0.03189998308591947	0.1836897498620648	-0.09893917150883695	0.46231325500215137
-0.03190465144198135	0.1837064156028869	-0.10029230791027764	0.4623062746772545
-0.031909991922605976	0.1837241852850569	-0.10139621878683305	0.4623008444348338
-0.031916527511325045	0.1837431539864504	-0.10230231217163019	0.46229667131063784
-0.031923954108771475	0.18376346676254993	-0.10306611925028772	0.46229353037252363
-0.03193260863241233	0.18378521445711157	-0.10371189921326326	0.46229128043804385
-0.03194248395302916	0.18380836696246208	-0.10425717904330975	0.46228983137783397
-0.031953980053464934	0.18383281942713403	-0.1047133924412032	0.46228909543387
-0.03196684481742698	0.18385841511192808	-0.1050915545303944	0.4622889910002891
-0.031981789857951165	0.1838849671881917	-0.10540710882279324	0.4622893476700993
-0.03199706413029168	0.1839104835034476	-0.10564160488119204	0.4622901549835773
-0.03199787602860964	0.18391815371334586	-0.10564859407105037	0.46235820776344494
-0.0320071610180086	0.18399447136302233	-0.10571399417877342	0.46292448500739125
-0.03217472879396509	0.1850746079618378	-0.10657775835952583	0.4680990055920117
-0.03271483043991537	0.18817050835102495	-0.10901005510729778	0.4787052542441001
-0.03428972522613703	0.19633709435769525	-0.11456435990618583	0.4981885982870774
-0.0356818081240424	0.2034117305926677	-0.11900894256424034	0.5112580679003634
-0.0377457680609744	0.21323013185957915	-0.12476010953755597	0.5260256852007696
-0.03903869458841166	0.21928874693418696	-0.12805996643383677	0.5334659354891751
-0.040730833511703146	0.22689503486806709	-0.13213730448531835	0.5418762866839472
-0.04473783086045787	0.24387529969479765	-0.14060802363501704	0.5569332343897865
-0.051445077818898906	0.2688483587287513	-0.1520229085016334	0.5726949672843825
-0.06247959717690964	0.3025418380273298	-0.166034004371316	0.5866801459407531
-0.07954767153473023	0.34199513139121873	-0.18096629970127107	0.5968031363563453
-0.09676043582143651	0.3712396874393897	-0.19117693221663573	0.6013003271124439
-0.11455998806433715	0.3936863718697657	-0.19858458212390864	0.6034285901441191
-0.1334207006696329	0.4113714368921619	-0.20411419773295153	0.604422936022576
-0.15016350047187382	0.4230594084095366	-0.2076934319956517	0.6047563418788325
-0.16341381704456953	0.430027220776324	-0.20965749854229726	0.604816314747147
-0.17072042945843088	0.43287808570331093	-0.21038415438512037	0.6047837996751343
-0.174673318338373	0.43396667897326224	-0.21061125230086153	0.6047485867330215
-0.17638858883317537	0.4341799332456459	-0.21061615896429953	0.6047261695743517
-0.17686296134223928	0.43411711734312336	-0.21056497719829087	0.6047082399733397
-0.17685458153139427	0.43400446364804995	-0.21052266322808236	0.6046842138108585
-0.1767271810016535	0.4339313408931784	-0.2105040228197596	0.6046364770958322
-0.17662162883792754	0.43390093233733	-0.210504049940142	0.6045154061261002
-0.17657899056340365	0.4338977517493882	-0.21051307190630159	0.6042875224363777
-0.17657028065236297	0.43390123156167887	-0.21052351724445734	0.6039871135327392
-0.1765728237372662	0.4339048985358542	-0.21053505939453415	0.6036885087883654
-0.17657708646592313	0.43390730568113167	-0.21054646205297428	0.6035298210062038
-0.17657954670714995	0.4339085070562313	-0.21055524445392587	0.6035018262855879
-0.17658132563902446	0.43390947232317917	-0.21056404201340986	0.6035056746831898
-0.17658317452373704	0.4339107032684425	-0.21057527893386999	0.6035174868224659
-0.1765856590214973	0.43391256773384224	-0.21059125702347609	0.6035256369154876
-0.1765903830093222	0.433916393336955	-0.21062071889226844	0.6035278968727987
-0.17659662750423466	0.4339220553551206	-0.21066097845818765	0.6035268733399853
-0.17660498667956168	0.43393066972469896	-0.2107125493025377	0.6035265622419518
-0.17661439732125706	0.43394128305365653	-0.21076865173256498	0.6035268715472798
-0.17662404924649922	0.4339539378246355	-0.21082710749429018	0.603527261485404
-0.17663507412201981	0.4339685616598627	-0.21088709320327956	0.6035277194527926
-0.17664591099496968	0.43398341313817024	-0.210938245265993	0.6035282265827343
-0.17665805473019783	0.4339992055280148	-0.21099177287552462	0.6035288160392511
-0.17666829931114558	0.43401172237003616	-0.21103072422029895	0.6035293262628992
-0.1770096913358191	0.4340807795894771	-0.21045637872504885	0.6035213498205872
-0.1797876929882314	0.43456961576500996	-0.20633088207516598	0.6034717573348802
-0.19508942234181673	0.4366816337816515	-0.18938551861286837	0.6032954208715754
-0.2095757643098372	0.4383557719162302	-0.17672233439269036	0.6031669986157849
-0.22965156325818895	0.44044445065102905	-0.16216391007019426	0.6030206779071675
-0.24615036098508603	0.4420078287264027	-0.15162258871894596	0.6029231579154041
-0.26288075486764073	0.4435213167000247	-0.14167554247687292	0.6028350655297056
-0.2857407578194917	0.44554205139896697	-0.12814266507153596	0.6027305982071803
-0.3086049822863165	0.4476508448018223	-0.1128406301521172	0.6026405015154217
-0.323877851197225	0.44928026355659595	-0.09883586797031842	0.6025850664658067
-0.3318011821215314	0.4504236722612496	-0.0858520939456211	0.6025539776299402
-0.33427651639448214	0.4510675598461341	-0.07446965715616519	0.6025379693725762
-0.33419103066498523	0.45132563529006214	-0.06562537124611253	0.6025291417794145
-0.3335204655799014	0.45140712444784453	-0.05773712464529978	0.6025215919154429
-0.3330196133973249	0.45140415315589977	-0.05011486613353261	0.602514236930712
-0.3327906050142572	0.4513761653090804	-0.04371778106251074	0.602509053473408
-0.33279163198087763	0.45135770776197937	-0.038837535490774504	0.6025066397543214
-0.332829431150677	0.45135279343360923	-0.035648799667015965	0.602506150534585
-0.33284585787991317	0.45135352557676633	-0.0336881662172336	0.6025062803180766
-0.33284846441776594	0.4513550570610363	-0.03266256088960062	0.6025064256431519
-0.3328482562917177	0.4513561205399677	-0.032166757296642166	0.6025064801284384
-0.33284879996357203	0.4513569452284046	-0.03200277061363449	0.6025065012088445
-0.33285007657757804	0.4513578426070501	-0.03200519047583522	0.6025065332559205
-0.3328517999390093	0.4513590369232925	-0.032053071131494124	0.6025065875674012
-0.332854188023799	0.4513606914956548	-0.032085320415673954	0.6025066679139388
-0.3328580941741354	0.4513638156546262	-0.032089175088854324	0.6025068103989171
-0.3328653546412861	0.4513697583338567	-0.032086033885505225	0.6025070843154597
-0.3328745185631107	0.45137780223047885	-0.03209768854028487	0.6025074717058713
-0.33288821492238374	0.45138991840038084	-0.03212364722137391	0.6025080997374519
-0.332899522544911	0.45139961037899223	-0.03214499802731396	0.6025086480039163
-0.3329022490875515	0.45140186528786314	-0.03215000408280951	0.6025087818223098
-0.332931274637813	0.4513944010992922	-0.03215003159767715	0.6024654347111209
-0.33320649676214753	0.451324478914652	-0.03214994453027837	0.6020845182928749
-0.3364021425670698	0.4505145217750079	-0.03214182723202618	0.5982579372464714
-0.3498598803819629	0.4471011512986065	-0.03207629665024169	0.5845559697434256
-0.37241523496791473	0.44157981934785434	-0.03192274327356875	0.5648141545957254
-0.4089280328707316	0.43296614789650173	-0.03160106324987169	0.5371958356640486
-0.46551116278500065	0.41990620270322737	-0.030928195977298636	0.4996782584063172
-0.5325814356349852	0.4042616412645478	-0.0299279825662762	0.4589987874668358
-0.544772837742639	0.4013506938494765	-0.029703430020090293	0.4518436297739238
-0.5681804595114281	0.39550099759704743	-0.029220353805597066	0.4377620678438809
-0.6068136786443188	0.38394075484276613	-0.02811893391460469	0.4111343644670016
-0.6344363312299894	0.371575355220131	-0.026595612890292483	0.38426277723869334
-0.6471396131566987	0.3606083168878194	-0.024851634812362702	0.3616824808266246
-0.6517225870974503	0.3492405597844894	-0.022256205795082848	0.33925852343329094
-0.6515032257327457	0.3406333190828825	-0.019289485667546562	0.3228578866850287
-0.6505163619598299	0.33507544053515553	-0.016491844878880113	0.31244496705909025
-0.6498044952337103	0.33112308324612066	-0.013777060037091567	0.3051117672576296
-0.6494006347639146	0.32806338168357035	-0.011053862016284596	0.2994521598937344
-0.6491959290918012	0.32545386153125117	-0.008156264787101498	0.2946188320391705
-0.6491025289308905	0.32281838674474667	-0.0045644697576854645	0.28971131928674765
-0.6490906414708834	0.3211212717518133	-0.0017991882672949572	0.28652336984964827
-0.64909649734755	0.3197267821255623	0.0008208797465056039	0.2838723956424994
-0.649103670801085	0.31871045382897345	0.0030167604578200183	0.2819153237012533
-0.6491083540688514	0.3179467145922508	0.004953309238382102	0.28041611482032625
-0.6491108267475348	0.3173586845431323	0.006756722584185991	0.27924928860836085
-0.6491119576042466	0.31691647334855333	0.00846758855155845	0.2783598257754976
-0.6491124596725859	0.31657914698347783	0.01016367811918941	0.277670212897661
-0.6491127006673426	0.3163003408244431	0.011966548214443803	0.2770958540868354
-0.6491128401729034	0.3160475364447801	0.014107403194327302	0.27657116304090157
-0.6491129590527842	0.31576826373266453	0.017446483870642786	0.2759839250754751
-0.6491130650611265	0.3155152802690289	0.022344099849148043	0.27544856414998137
-0.6491131377776554	0.31536686576353207	0.027233887154778525	0.2751254103530152
-0.6491132082407317	0.31524476739246077	0.03352043125918248	0.2748605049588966
-0.6491132846983944	0.3151348388917274	0.04256716182061061	0.2746198927154879
-0.6491133730640173	0.31503041079299665	0.05694644683889216	0.2743911520994744
-0.6491134853552258	0.3149241709371332	0.08337999853619027	0.27415496186757016
-0.6491136058794319	0.3148355045830819	0.12456880680624421	0.2739561401996909
-0.6491137227700486	0.31476901509729244	0.17794361619493101	0.2738064513354327
-0.6491138360317891	0.31471888735080505	0.23902370327998715	0.2736944044408559
-0.6491139568979276	0.31467739731411926	0.30634293604914753	0.2736049353826416
-0.6491141127135445	0.3146376431053162	0.38177501061738917	0.27353132198255853
-0.6491142331964883	0.3146153255179331	0.4241237242975396	0.2735090329917045
-0.6491143216703499	0.3146027063293557	0.44568945654515785	0.2735151364028974
-0.6491143996833691	0.31459370370195266	0.4591210286702522	0.2735378096109012
-0.6491144727119953	0.3145867385854499	0.4681371990868602	0.27357224427151017
-0.6491145476201439	0.3145807603706042	0.4747913636814709	0.2736152727577252
-0.6491146354338868	0.3145748860878236	0.4803037100092499	0.273663334404795
-0.6491147402670061	0.3145699727016464	0.4847341783854676	0.2737001534858123
-0.6491148490591679	0.31456477139542605	0.4877652298784843	0.27370289350486426
-0.6491149424609864	0.3145610747345577	0.4895477057113796	0.27367885605930237
-0.6491150361974659	0.31455804298585105	0.490852714082728	0.2736376038484469
-0.6491151383746301	0.31455545920319317	0.4919511334200993	0.27358362615846393
-0.64911525746832	0.3145532528677413	0.4929499800036331	0.2735206448834886
-0.6491154077617145	0.31455138434691193	0.493969401903171	0.2734518750955124
-0.6491156111692152	0.3145498663897857	0.4951061190055052	0.2733824260435807
-0.6491158867772551	0.31454877955449845	0.4963965488814083	0.2733232197943116
-0.6491163097917193	0.3145480327067495	0.49808028514904495	0.27327746393894115
-0.649116829695788	0.3145477321049306	0.49985648423280454	0.27325521565058336
-0.6491173550002988	0.3145477154311435	0.5014295293744846	0.27324661158618613
-0.6491178867158851	0.3145478234074869	0.5028725594745123	0.2732403563322465
-0.6491184238983336	0.314547999140851	0.5042379250697056	0.27323096141197456
-0.6491189713904693	0.314548239840127	0.5055871167835136	0.27321303978066586
-0.6491194169271025	0.3145485083085421	0.5067262539207761	0.2731853312032407
-0.6491197920795089	0.31454884441676867	0.5077820567803779	0.2731432103464826
-0.6491200133539035	0.31454916455407883	0.5085211625804261	0.27310261479780024
-0.6491201382047714	0.3145494454240704	0.5089075215084492	0.2730710741101462
-0.649120211364665	0.3145497652638222	0.5092808487402235	0.2730413864704997
-0.6491202498820952	0.31455018633443027	0.5097415422793271	0.2730128715100059
-0.6491202149103298	0.3145508538241428	0.5103725210719989	0.27298548645597515
-0.6491201120456096	0.31455142343607956	0.51082502532753	0.27297328233462637
-0.6491199369684602	0.31455204570585393	0.5112528080344313	0.27296672835753216
-0.6491196696729408	0.31455275683528133	0.5116755336798455	0.27296367411344497
-0.6491192549938788	0.3145536445726746	0.512129665325062	0.27296252082085326
-0.6491185542635352	0.31455490184543444	0.5126636167953414	0.27296221702879386
-0.6491172685232646	0.31455688955303657	0.5133233175329185	0.2729620688743387
-0.6491160701985088	0.3145585643028417	0.5137576164707839	0.27296221026126966
-0.6491146384787753	0.31456004447646213	0.514230405097178	0.27296185258121153
-0.649111980081325	0.31456313938934305	0.5148195894697823	0.2729614477542408
-0.6491089359342613	0.31456672145862036	0.515292240199973	0.27296125058666454
-0.6491059367776495	0.3145701791956613	0.5156490282702608	0.2729611463484489
-0.6491028650383714	0.3145736978224944	0.5159442275289726	0.27296108384294104
-0.6490997974019341	0.3145772280333115	0.5161856641039909	0.27296106779815416
-0.6490955369818745	0.31458187934607584	0.5164534706750413	0.27296106591617036
-0.6490911430265021	0.3145869537326289	0.5166867171336077	0.2729610881894455
-0.649085107331971	0.3145943499946357	0.5169570018137009	0.27296115574071317
-0.6490790225894217	0.3146020966101161	0.5171778001953723	0.2729612628247571
-0.6490738405518246	0.3146097390179032	0.5173475180962257	0.272961395777293
-0.6490695706623175	0.3146171390795477	0.5174839219109059	0.2729615483291456
-0.6490691820287697	0.3146179503951504	0.5174972038453907	0.2729615670220922
-0.6491536624433337	0.31462261738329783	0.5174547591568185	0.2729583420971492
-0.6498465009680799	0.3146687012180287	0.5170646558898435	0.2729222350049978
-0.6556966294397009	0.3152816873395016	0.5128736597589517	0.27239605740171186
-0.6669370315448379	0.3169693040053856	0.5036334011810862	0.27097464144540373
-0.6926868823487895	0.32271393472590926	0.4800052192060279	0.26641237563285847
-0.730207498019684	0.3366831354706062	0.44023809436463696	0.2566064683060114
-0.7727995657101864	0.3615115418545945	0.3924018096092623	0.2418542106400004
-0.8023514447119237	0.38541516189056413	0.35890946861754797	0.22962687612229257
-0.8087462632202131	0.3916927041678596	0.35142310624517986	0.22664734908523296
-0.8205533541772756	0.40489531076649415	0.3368039826702927	0.22058274070815662
-0.8308907905870782	0.4193169824019801	0.32220107265544007	0.21409503762255036
-0.8427518380747012	0.44540741774604975	0.2978782034843952	0.20189953816170886
-0.8479732381291447	0.468233222406086	0.2775020149742224	0.18971845554854622
-0.8495971345739322	0.48496995345677496	0.26228161601112404	0.17900623842485416
-0.8499864411158784	0.49818369691620357	0.2495157370033441	0.16875109462451826
-0.8499505834903868	0.5090670675312122	0.23795533324900137	0.15850189211787458
-0.8497887844168468	0.5190832010950223	0.2258276582301643	0.14708950520031963
-0.8496291765761661	0.5279063010139091	0.21307801607722585	0.13496208612128652
-0.8495606474857456	0.5348600455021855	0.20057432562971925	0.12351759351653172
-0.8495596672013208	0.5393464652955792	0.1904118922785037	0.11479363437595995
-0.8495783761029015	0.5427319912439239	0.18084523417653406	0.1071414079980164
-0.8495981662660066	0.5454630248192294	0.17115982540514302	0.09994216436592826
-0.8496118481415215	0.5476708580985711	0.16120265513127	0.09304424787272338
-0.8496182516652542	0.5492693384265949	0.15193251536092264	0.08697858941675
-0.84962005460095	0.5501988789655825	0.14517481617847564	0.08270506871497296
-0.8496204283839834	0.5507540017076208	0.1403173037901489	0.0796214041634223
-0.8496204540944672	0.551181201912598	0.1359936064365989	0.07699524078213814
-0.8496203702792446	0.5516407340459654	0.13058745132514032	0.07364394826746963
-0.8496202859305374	0.5519865871483337	0.12577423133634233	0.07060259930242761
-0.8496202394678067	0.5522152366186978	0.12205220069556139	0.06839799275040817
-0.849620213846722	0.5524061453807169	0.1185716527280735	0.06615346817223726
-0.8496202043766359	0.5525782308290478	0.11486849081494692	0.06387970330631282
-0.8496202081094093	0.5527444380003262	0.11064351386964758	0.06122693201956717
-0.8496202256875529	0.5529109296372624	0.10540100006741854	0.0579040503573302
-0.8496202587491487	0.553059067513922	0.09914386464378505	0.05388487919613127
-0.8496202874192869	0.5531282369540249	0.09496726555370176	0.05115519304328824
-0.8496203104632525	0.553163336427967	0.09208002424770928	0.049102766157662084
-0.8496203307899183	0.5531850965157032	0.08974006279639103	0.04719341546472229
-0.8496203499411895	0.5532002580003017	0.08780391093696767	0.0447412219425057
-0.8496203706482273	0.5532126258602088	0.08578443662456997	0.04060439525787823
-0.8496204006153711	0.553225570090402	0.0831862988209752	0.028257015020056724
-0.8496204238409273	0.5532327223716227	0.0812597978316039	0.007719901026479223
-0.8496204413802143	0.5532368485932738	0.07994077955528399	-0.020237007844419223
-0.8496204570858613	0.5532398360281109	0.07875294093389153	-0.05915779914079865
-0.849620471355166	0.5532420926414726	0.07773192593332959	-0.10874332359922276
-0.8496204848916085	0.5532439077682662	0.0767593604129713	-0.16816921183813605
-0.8496204984640937	0.5532454633664391	0.07582285946021276	-0.2358579241569569
-0.8496205131886055	0.5532469036007583	0.07479730414417113	-0.3101651390764366
-0.8496205336819772	0.5532485630989169	0.07341290826868063	-0.39814061653343397
-0.8496205516473987	0.5532497399314266	0.07216937058021448	-0.4504255112769463
-0.8496205648208214	0.553250459688898	0.07128099220243977	-0.4735495721229147
-0.8496205769723723	0.5532510348700647	0.07041631783334426	-0.4862137762536286
-0.8496205889065634	0.5532515308963126	0.06955851174816569	-0.4934314272610894
-0.8496206012756732	0.5532519857720081	0.06859703538124493	-0.4980986135314641
-0.849620614609146	0.5532524265540245	0.06748366375883465	-0.5012075558311442
-0.8496206278510612	0.5532528420128295	0.06610413997106668	-0.5036536911298104
-0.8496206382378586	0.5532532331470768	0.06439671574064551	-0.5062306931893487
-0.8496206374838915	0.5532535225871453	0.06251890118480934	-0.5088311811424285
-0.8496206255302883	0.5532536902247805	0.06092518244653866	-0.5108791015255574
-0.8496206063390485	0.5532538045752712	0.05930391471153792	-0.5125148884565119
-0.849620580517468	0.5532538997813099	0.057301549716580025	-0.5140052442430547
-0.8496205455324859	0.5532539930564413	0.05404431686958967	-0.5154393293915381
-0.8496204841611034	0.5532541186557539	0.045757236938132065	-0.5172993145917448
-0.8496204159041917	0.5532542314478958	0.030885354094489913	-0.5188879544238201
-0.8496203591916003	0.5532543137983597	0.01281297031056592	-0.5198715403249872
-0.849620303672989	0.5532543881604453	-0.009983829279246945	-0.520707470514321
-0.8496202471361336	0.553254459170131	-0.03713576365525735	-0.5214775182464773
-0.849620186982551	0.5532545310058649	-0.06790244304574863	-0.522218980476155
-0.8496201174188907	0.5532546095964086	-0.10205777452850173	-0.5229628817746154
-0.8496200252126032	0.5532547088844721	-0.13981133673217153	-0.5238595015183699
-0.8496199368079701	0.5532556013271658	-0.16659485550602288	-0.5246320606154088
-0.8496198252542978	0.5532555040449371	-0.18745336577643754	-0.5254858441862339
-0.8496197160259885	0.5532554987743544	-0.1990414243956088	-0.5262380168671047
-0.8496196006892087	0.5532555448133198	-0.20586292447531127	-0.5269279233833508
-0.8496194680759251	0.5532556300874042	-0.21004590849491261	-0.5276705035867876
-0.8496193072207928	0.5532557510542414	-0.21285184155528747	-0.5284766878317039
-0.8496190949288858	0.5532559190144942	-0.21473819443967962	-0.5294287881323478
-0.8496188059594841	0.5532561477364029	-0.21624223093811096	-0.5305383262696348
-0.8496183752415832	0.5532564809834457	-0.21773926484056397	-0.5319541086254117
-0.8496176711718116	0.5532570039613124	-0.2196004736047717	-0.5337738628775419
-0.8496163427254553	0.553257942131607	-0.22220487377692427	-0.5363356561435196
-0.8496139597795234	0.5532595373429494	-0.22539263373111582	-0.5394353647368657
-0.8496097763758761	0.5532622127877762	-0.2287886188815551	-0.5428433555181208
-0.8496042416282404	0.5532656462582813	-0.2315526765363692	-0.545647816203727
-0.8495972071701035	0.5532699386114796	-0.23381177786935634	-0.5479772676289655
-0.8495884471573738	0.5532752448405286	-0.23569539671745088	-0.5499494253037569
-0.8495777987829233	0.5532816873164856	-0.23727119866692353	-0.5516352600666854
-0.8495650689358818	0.5532894126874086	-0.2386018254107523	-0.5530812835882928
-0.8495499611335336	0.5532984922784002	-0.23972336855543308	-0.5543279886527426
-0.8495329556665863	0.5533088892353536	-0.24066035091724214	-0.5554071616833295
-0.8495141131430113	0.5533204377181443	-0.24144275689570022	-0.5563096332990357
-0.84949173887694	0.5533340409848344	-0.24208508996150824	-0.5570832350886109
-0.8494643766929151	0.5533493069991147	-0.24261389358642466	-0.5577406003331165
-0.8494571020305637	0.553353561805686	-0.24273886072465473	-0.5578951914350463
-0.8494443356103915	0.5533615711552089	-0.24295152984605572	-0.5581711810726085
-0.8494298945925524	0.5533711584596707	-0.2431892945725602	-0.558472264214575
-0.8494202049816567	0.5533789508149363	-0.24334756954037626	-0.5586709587570728
-0.849409559626229	0.5533866355733856	-0.2434910845689727	-0.5588728806747832
-0.8494010084974966	0.553392300702609	-0.24361187206518664	-0.5590284948782464
-0.8493916587562393	0.5533983719966128	-0.24373001318947513	-0.5591924682015404
-0.8493769569019484	0.5534079667334871	-0.2439015858998242	-0.5594255868438871
-0.8493647028753835	0.5534165776016946	-0.24403706123842017	-0.5596137959957493
-0.849351953361	0.5533902588056697	-0.24403349465000246	-0.5597571839983193
-0.8492498738269346	0.5531445562678324	-0.24399397790913235	-0.5610462548349795
-0.848439493571522	0.5503468866909751	-0.24346253317154154	-0.5746005290586544
-0.8470036725910359	0.5441469667772648	-0.24214470120838766	-0.6055184834828371
-0.8452062663085823	0.5348641734077848	-0.2400076399841844	-0.6526748450723973
-0.8428748018853898	0.5206384555613607	-0.23644978899953092	-0.7269801784976061
-0.8398558598148607	0.499070205287319	-0.23076276230606835	-0.8402345844796636
-0.8368689002513032	0.47498021778925664	-0.2237629559158347	-0.9631479071621101
-0.8339280710409346	0.44942190089408507	-0.21579825096647925	-1.0855190224386861
-0.8305922453796817	0.41863112165239724	-0.20551991924225113	-1.2216156960970126
-0.8283899589030708	0.3978462354914043	-0.19817058092879544	-1.3081787089092132
-0.8272958083104899	0.38753305555604706	-0.19437450598712241	-1.350060394213603
-0.8262010411018804	0.3773263951985523	-0.19059004987506362	-1.3913445719446087
-0.8254795161615747	0.37054947207254424	-0.1879898989733257	-1.417182389487178
-0.8248056156222409	0.3641865960227332	-0.18549416183291478	-1.4406052469702841
-0.8235535149063721	0.35171409411131543	-0.1806431916059627	-1.4794464779956629
-0.8219179257224152	0.33213668191890733	-0.1726910857736675	-1.517627082710303
-0.8207989900428826	0.3131222958127038	-0.16469404830299397	-1.5325795256748302
-0.8200569759322501	0.2913384238832115	-0.15524044793777614	-1.535335440744123
-0.8197632104555465	0.2706474836232353	-0.1460238809445355	-1.5331304911515753
-0.8197032761456062	0.24873504847282313	-0.13609201156373543	-1.5310351871315173
-0.8197473975350597	0.221735618351213	-0.12378659955356876	-1.5301652640516832
-0.819791639545004	0.19865866884197417	-0.11342578944866252	-1.5302296287607826
-0.8198099806718201	0.17406470785819186	-0.10291670874146601	-1.5303756493369214
-0.8198094252819798	0.15430262540970138	-0.09529526393070067	-1.5304161492095554
-0.8198066846727435	0.13889639495699194	-0.09021938266328611	-1.5304195070254085
-0.8198053640928681	0.12655025762229094	-0.0868560796799557	-1.5304212511474065
-0.8198048882059824	0.11629229413162354	-0.08470282444047328	-1.5304249844826594
-0.8198046299467959	0.10705364683110395	-0.08311599885645782	-1.530429431934119
-0.8198043521189563	0.0975345423921347	-0.08182746618900869	-1.5304345788305591
-0.8198032463773653	0.0901624555784629	-0.08109406664982145	-1.5304366329092765
-0.8198020564641469	0.08307956521855825	-0.08050099487413787	-1.5304397171856634
-0.8198015420777461	0.07767553789924292	-0.08014258749192793	-1.5304437537494129
-0.8198013413731211	0.07310364670838444	-0.07990061108680221	-1.5304480497404904
-0.8198012132026983	0.06892163923522955	-0.07972543911302679	-1.5304526161532817
-0.8198010979090923	0.0652847643385992	-0.07960762558632886	-1.5304572309341156
-0.8198010146238642	0.06253951376672887	-0.0795398884639301	-1.5304612490025706
-0.8198009688797492	0.06065825908078443	-0.07950385764990625	-1.5304643283465114
-0.8198009449853667	0.059173660118559915	-0.07948082024504985	-1.5304669782860403
-0.8198009363221832	0.057669405073054764	-0.07946166796067333	-1.530469887358141
-0.8198009445409509	0.056418193207803204	-0.07944867258832275	-1.530472504331505
-0.81980097112204	0.05515325215817142	-0.07943796671353681	-1.5304753600453076
-0.8198010139395449	0.05401148478731513	-0.07943037512684131	-1.530478090484431
-0.8198010777081189	0.05294056404021142	-0.07942454428844715	-1.5304809607932557
-0.8198011784124531	0.051744956352990576	-0.07941979033331548	-1.530484356539671
-0.8198013335756664	0.0504446296729664	-0.07941636618094636	-1.5304883756973728
-0.8198016033188009	0.04884267270732041	-0.07941432866246365	-1.530493757824176
-0.8198019502364937	0.04725863133892402	-0.07941425979995231	-1.530499213396328
-0.8198022804166123	0.04586580972015065	-0.07941518124780123	-1.5305035554553088
-0.819802598346128	0.044339766851249726	-0.07941642234366722	-1.530507224439514
-0.8198029239645029	0.042318192965550186	-0.07941783555362218	-1.5305105994465051
-0.8198032973257271	0.03883494826014611	-0.07941951672279529	-1.5305141062544831
-0.8198036712895277	0.03339394953149308	-0.07942121342746582	-1.5305173191115349
-0.8198041252725587	0.022835908661790635	-0.07942318803034963	-1.530519818957186
-0.8198045000038034	0.009911621636053934	-0.07942473532653543	-1.530521944841095
-0.8198048423824267	-0.005394649262634527	-0.07942609669323356	-1.5305241126310936
-0.819805184795092	-0.023204999783556446	-0.07942742511613499	-1.5305263102152336
-0.8198055431615233	-0.04275813792080246	-0.07942879364987059	-1.530528529049638
-0.8198059586865533	-0.06399788883604941	-0.07943036362625362	-1.5305309844692383
-0.8198065601645445	-0.08817017346034879	-0.07943261484405734	-1.5305343578940624
-0.8198072653298736	-0.1056914362435243	-0.07943522681983531	-1.5305380952845267
-0.8198078159692085	-0.1130093337833628	-0.07943724719442832	-1.530540876585849
-0.8198083667842325	-0.11694573453889158	-0.0794392500951038	-1.53054355403779
-0.8198089725170861	-0.11922655332303309	-0.07944143122135167	-1.5305463937685122
-0.8198096859341222	-0.12076744928281932	-0.07944397151372817	-1.530549613411727
-0.8198106187671863	-0.12186514550908648	-0.07944724837591563	-1.5305536484740336
-0.819811877382715	-0.12283367344999634	-0.07945159579566957	-1.5305588262085827
-0.8198137416062794	-0.12388926078395804	-0.07945789778325288	-1.530566036819712
-0.8198164430055349	-0.1251393578635367	-0.07946678953290234	-1.5305757288405266
-0.8198198823914922	-0.12644367468090262	-0.07947778944789446	-1.5305870997052935
-0.8198247346839165	-0.12793514229698752	-0.07949227575926023	-1.5306001646278835
-0.8198323139946082	-0.12966260125126755	-0.07951393328063544	-1.5306199684636965
-0.8198454051713052	-0.131772590987551	-0.07955012300119729	-1.5306503246930463
-0.8198610348098598	-0.13349402330493423	-0.07959208165474235	-1.5306830174793564
-0.8198790063856964	-0.13489988945857243	-0.07963851946290892	-1.5307166623029929
-0.8198994019951017	-0.13607377145024926	-0.07969012888581314	-1.5307530377107974
-0.8199215736332583	-0.13706423675380236	-0.07974566709428568	-1.5307903739254416
-0.8199462600541632	-0.13790973976027282	-0.07980546775146927	-1.5308302231745994
-0.8199729437300767	-0.1386424052845044	-0.07986893861975897	-1.5308721057188415
-0.8200011666190868	-0.13926157711105758	-0.0799350232026351	-1.5309157118042225
-0.8200302641508964	-0.13979566489796202	-0.08000257999994737	-1.5309606724815787
-0.820059815100579	-0.1402503894499362	-0.08007042344651141	-1.5309992659773883
-0.8200892938905866	-0.14063675875101608	-0.08013830509906972	-1.531047054548913
-0.8201136713304338	-0.1409222448258097	-0.08019498635810243	-1.5310886974667173
-0.8178685265899838	-0.14096408054310416	-0.08022724922980115	-1.5310352845772097
-0.8055901280962053	-0.14137834859723802	-0.0805505672655736	-1.5307982896881196
-0.7557301501664966	-0.1459095145245394	-0.08492349269624588	-1.5300536455224918
-0.7094770926634564	-0.15423187486225676	-0.09421164375611782	-1.5294545281877505
-0.6818408063149672	-0.16147039725116505	-0.10341216845423074	-1.5291117801450493
-0.6544465400243535	-0.17098403606283374	-0.11693750321156265	-1.528775449187264
-0.6393543832669266	-0.17821232880683502	-0.12845515894184645	-1.5286274297710258
-0.6248789889950712	-0.1869079013986978	-0.1433764394434815	-1.5285131932098008
-0.6105277934620725	-0.19885917561254565	-0.1658287948511315	-1.528445250981417
-0.5966652263059153	-0.21937466048773796	-0.20851188639268897	-1.5284232409215988
-0.5925610743915326	-0.23274461265835725	-0.2382284804871419	-1.5284319266157387
-0.5913230189492699	-0.24375915888354874	-0.26259257152276544	-1.5284392729297274
-0.5913413513443087	-0.25393629956646513	-0.2836891859199605	-1.5284427077702913
-0.5918332205814583	-0.2615043799770169	-0.2971650503780516	-1.5284435037378905
-0.5921241623809449	-0.26459327906099084	-0.3014078462472227	-1.5284436821648089
-0.5922457484704434	-0.26590223545435593	-0.3023318991238984	-1.5284440763765776
-0.5922694572449066	-0.2663772266713811	-0.30217166292800784	-1.5284446684811936
-0.5922582713478559	-0.2664545242196709	-0.3017389927178329	-1.5284454534701462
-0.5922457119797028	-0.2663634687821059	-0.30138543504156995	-1.5284465725228285
-0.5922423700081192	-0.26626146507468307	-0.30125012340384466	-1.5284484010970303
-0.5922443202370896	-0.26624072898469076	-0.3012836382323689	-1.5284516609484533
-0.5922463980646673	-0.26627626493091017	-0.30133559965671297	-1.5284563604343255
-0.592249347823261	-0.2663287891606115	-0.3013686790007961	-1.528464000372753
-0.592255582710685	-0.26641040518526116	-0.30140488045018893	-1.528479350353084
-0.5922677216890571	-0.2665428787990775	-0.30145178139638257	-1.5285062759572219
-0.5922880489702552	-0.2667357956751701	-0.301510629739145	-1.5285508749910564
-0.5923079555898919	-0.26690400642669204	-0.3015649103606766	-1.5285984040382923
-0.5923127109289607	-0.2669409686109625	-0.3015782111233457	-1.5286112405216306
-0.5916398585683598	-0.2669725254544432	-0.30164918652518835	-1.5258059003422697
-0.5868646254770565	-0.26724971930048	-0.30224893011804077	-1.5114428917497094
-0.5586736797947315	-0.26999062844049204	-0.30780293577256446	-1.4572491094227797
-0.5199874964140776	-0.275514266965881	-0.3186624238640187	-1.4015361085131972
-0.47220706321934697	-0.2847112441543061	-0.3360947038921143	-1.342312331576883
-0.4329759995880896	-0.29439703974186215	-0.3539260209559607	-1.296362338538711
-0.41343020123924423	-0.2999488821693697	-0.36392865909889827	-1.2736617045459373
-0.394168972092917	-0.3059840811967341	-0.37465976280166785	-1.2510866593020673
-0.3805742098076856	-0.3104961919493256	-0.38240637543828726	-1.2367950297421102
-0.36731583223506503	-0.3151617989360039	-0.39032251302206017	-1.2243764358519948
-0.3433792641586736	-0.32400161732478844	-0.4047318480284363	-1.2084420306814314
-0.31158077652185634	-0.3367911386314116	-0.4231175198913193	-1.1989567776796612
-0.2910756394935309	-0.3450049081875194	-0.433095949188279	-1.1988149761130014
-0.27630028431851783	-0.3505349899779491	-0.4382538048892343	-1.2003404410961027
-0.2655521236453066	-0.3538030126643123	-0.44032180087028994	-1.2013281494451797
-0.2588874496940899	-0.3551517137021098	-0.44048241158856216	-1.201547953874264
-0.25610973357144684	-0.35527715573263186	-0.4400993033420636	-1.2014836405437928
-0.2556629631678886	-0.3550354141060835	-0.43966287259235687	-1.2014324879865008
-0.25584940274101375	-0.35482547814423226	-0.4395128299781864	-1.201421744676857
-0.25619879593915695	-0.35473027244598726	-0.4395086755230613	-1.201424146365482
-0.2564059678008341	-0.35472376063945915	-0.43953788609059785	-1.2014264533088104
-0.25643977463596546	-0.35474399825565905	-0.43955452700626085	-1.2014280015668037
-0.25640460673969545	-0.35475594161216023	-0.4395605152362593	-1.2014302971522017
-0.25639356156401927	-0.35476377164356	-0.43956760663917777	-1.2014335326258656
-0.2563935622112909	-0.35477990146277494	-0.4395788438742118	-1.2014400702670749
-0.25639394098691576	-0.3548083302720974	-0.43959323625640884	-1.2014518892773343
-0.2563962440903168	-0.35485406416146226	-0.4396131453061827	-1.2014724771894667
-0.25640094655589163	-0.3548988609610308	-0.4396331177560635	-1.2014949040943586
-0.2562485165454781	-0.3552449442215442	-0.43885742352770046	-1.1959214703856387
-0.2550860828136961	-0.3576779757136353	-0.43385230038435674	-1.1708370128599426
-0.24708867899494444	-0.3733239992079397	-0.40846493162016984	-1.0904215484228075
-0.24009998298628782	-0.3872812089674016	-0.3888784103081802	-1.0421303467049743
-0.23125318132064127	-0.40415201194183764	-0.3673045392613892	-0.9941102523558342
-0.2265833537764705	-0.4124180235101555	-0.35706264368451707	-0.9759855146721886
-0.2204020998549737	-0.42287036239263276	-0.3444531097198694	-0.9581054669438923
-0.21158240461705036	-0.4350143866553778	-0.32884288056446637	-0.9450136705707292
-0.20330202172764472	-0.442821569899409	-0.31712535412839327	-0.9419928634505232
-0.19664271954724227	-0.44605986916064777	-0.31024783128095834	-0.943189192030441
-0.1919113831015804	-0.44656289850682135	-0.3071799383963807	-0.9444895478445886
-0.18884103474042482	-0.44602868622906006	-0.30655074373417945	-0.944927031920839
-0.18753452068321264	-0.4455491619982072	-0.3069598223973663	-0.9449039200557537
-0.18719310923229598	-0.44535320641976545	-0.30746076263557365	-0.9448423566734885
-0.1873160601418423	-0.4453462623954852	-0.3076312929235719	-0.9448258542607049
-0.18750725692349235	-0.4453785393726691	-0.3076400485132066	-0.9448282135474901
-0.18760277624239485	-0.4453922564006973	-0.3076080564640311	-0.9448305481771324
-0.1876043483427552	-0.445394010048588	-0.3075922657013955	-0.9448318597636022
-0.18758787658601114	-0.44539694175556693	-0.3075907062954871	-0.9448338270423657
-0.1875852234783332	-0.4454037097662743	-0.3075902356707204	-0.9448369178945953
-0.187586077437693	-0.445415514984578	-0.3075930727375918	-0.9448429964552841
-0.18758778620132527	-0.4454350000215256	-0.30760191873790166	-0.9448538847370888
-0.18759072220863482	-0.44545649376570534	-0.3076128819217517	-0.944866869173645
-0.18776251445186698	-0.4448284178824897	-0.30751964634999907	-0.9440661289147277
-0.18924986676324407	-0.44055184377485346	-0.306808649315904	-0.93976137228832
-0.19591813077942616	-0.4273790409477964	-0.30429714508454714	-0.9298521933884972
-0.2118462656625723	-0.4061002859530857	-0.29963933425033484	-0.9167429821355241
-0.23637723633422691	-0.38310459426162313	-0.294145921465394	-0.9044520422658312
-0.2542510972699443	-0.36992741860746314	-0.29071036732775074	-0.8978649842200735
-0.2755676351895556	-0.3565181383307602	-0.28703654970183	-0.891336375190672
-0.29492024588940324	-0.3458325377141003	-0.28407809097068537	-0.8868184319126503
-0.31771560989849706	-0.3342639043220855	-0.2806856679796673	-0.8825559979817116
-0.34575302934144075	-0.3209064952984929	-0.2765871845039884	-0.8791059881964994
-0.37587498832318894	-0.3065787791177953	-0.2721151400810743	-0.8768721887469307
-0.3972895333642986	-0.2951806871360162	-0.268301388153804	-0.8763199267137952
-0.4088354582662919	-0.2869815827428634	-0.2654702125907747	-0.8764703742450817
-0.4128481675773681	-0.28220338020373126	-0.2637484707023869	-0.8766911931334921
-0.4131617233671067	-0.2799178655151922	-0.2630148768530736	-0.8767893628386779
-0.41257489834451605	-0.27894689929258787	-0.26263756950419037	-0.8768105956283206
-0.41175045511446123	-0.2787216784373845	-0.2625378112398103	-0.8768042204584443
-0.4113901910291025	-0.2788614426183575	-0.26258178044494085	-0.8767976032271657
-0.4113749414132547	-0.2790362636651848	-0.2626449184661207	-0.876796438598745
-0.4114374647722233	-0.27910736289290206	-0.26267112473111043	-0.8767971488338981
-0.411460320514359	-0.2790987338437966	-0.26266692894141913	-0.8767978442563434
-0.4114601175942717	-0.2790876950465139	-0.26266073175169835	-0.8767988139431824
-0.4114616390702976	-0.2790895704063682	-0.2626593983915221	-0.8768005554688552
-0.4114663273389255	-0.279095224857905	-0.26266082524475076	-0.8768040367302329
-0.4114720446901986	-0.27910449683022537	-0.2626654441769541	-0.8768102136628922
-0.41147732215588034	-0.27911819942223437	-0.2626730556735496	-0.8768197269872714
-0.4107910781344806	-0.27988850653446234	-0.26215902118736567	-0.8777437900503661
-0.40662869645524596	-0.28531036236555524	-0.25864705936147503	-0.8820598259153142
-0.39373434195556023	-0.3076279956886309	-0.24573990328207376	-0.892257738332924
-0.38478233077105406	-0.3261259598460226	-0.23611159712768917	-0.8982623656949743
-0.3750698202439562	-0.34910852959918587	-0.2249519729984594	-0.9044521268121252
-0.3683701579764743	-0.3660563618753044	-0.21661387761868828	-0.9075871771796149
-0.3618554253550837	-0.38338758061115685	-0.2079006118481379	-0.9100808626643888
-0.3548744842963173	-0.40187402208202594	-0.1973318150722443	-0.9117767113056015
-0.3489571957434683	-0.4168527278604775	-0.18576946365374733	-0.9123731019027645
-0.3457798011333104	-0.4234734636750398	-0.1767353246126974	-0.9122902337260701
-0.3444341533530663	-0.42520422032154676	-0.1696750480322261	-0.9121261872773072
-0.3442563446386408	-0.42472633791908077	-0.16545346520070597	-0.9120598969810636
-0.3444350786361538	-0.42395860600237917	-0.16294934445818238	-0.9120504591909816
-0.3446386857472943	-0.4234964006521645	-0.16158913392922214	-0.9120566490278363
-0.3447188179830476	-0.4234193063167538	-0.16131891380485522	-0.9120600628445087
-0.3447257792555858	-0.4234582872780642	-0.16145685236252127	-0.9120605384925902
-0.3447147549309442	-0.4234887573017549	-0.16163372704665163	-0.9120604870188743
-0.34470876061576544	-0.42349478564598	-0.1617170769497661	-0.9120606507236184
-0.3447084028829644	-0.4234931311999703	-0.16171377766290282	-0.9120611185423273
-0.3447088208143697	-0.4234933917492813	-0.161692937252159	-0.9120618629669014
-0.3447087119312402	-0.4234951180439475	-0.16168572861031755	-0.9120630141152285
-0.34470871840120737	-0.42349849865498923	-0.16168493045021337	-0.912065331768588
-0.34470941092603813	-0.423504360609192	-0.16168752477379433	-0.9120694926231417
-0.34471123336532405	-0.4235119189576918	-0.16169191197560678	-0.9120750161707823
-0.3441908670942291	-0.42377117450065366	-0.16177198001675958	-0.9110336932227258
-0.34042928418065477	-0.42558305923939976	-0.16247888869632526	-0.9053432108598914
-0.3168422052392475	-0.43728095509801407	-0.16970513230750442	-0.8819695841731717
-0.28788903567542795	-0.452291268866425	-0.1829900552009516	-0.8597004147380077
-0.26890236861990263	-0.4626077990596424	-0.1943542125968981	-0.8463926482936787
-0.2491873578190863	-0.4738011401616193	-0.2089644584728414	-0.8332926027106161
-0.23738508475803088	-0.48018908547220435	-0.2193504270287171	-0.8265215080894666
-0.22321661171021256	-0.48764772519302046	-0.23315581081872858	-0.8194522579922399
-0.2035109869361465	-0.49648524047388676	-0.2543383553775352	-0.8126974973281604
-0.18207724149609417	-0.5033898282546779	-0.2780926203859043	-0.8092590968978699
-0.16444624104756161	-0.5063902968025443	-0.29558806999216497	-0.8087746226558145
-0.14947268447712872	-0.5071865686947825	-0.3065016490352705	-0.8094175299143888
-0.1370517977991481	-0.5069973657102009	-0.31171978853041277	-0.8098226758730344
-0.12848829642878626	-0.5066703090862349	-0.312785607331483	-0.8099843991738293
-0.12247955526684702	-0.5064828283275125	-0.3124786392927301	-0.8100011930063952
-0.1179258505085088	-0.5064186125995332	-0.31192391581737117	-0.8099820326597668
-0.11468464032886924	-0.5064200357035754	-0.3115551504871076	-0.8099704157370611
-0.11317986556502094	-0.5064330305912528	-0.31146490289225515	-0.8099694107821049
-0.11276005552937453	-0.5064384272140542	-0.31148334624820834	-0.8099703673061944
-0.11271810482548654	-0.5064389663288982	-0.31151109878539734	-0.8099707880790795
-0.11283763989177997	-0.5064386540004796	-0.3115244627149454	-0.80997090709534
-0.11294022312140954	-0.5064387045261629	-0.3115289898517336	-0.8099710418224172
-0.1129731924288283	-0.5064390964194309	-0.31153406228750746	-0.8099713148416902
-0.11296120930894571	-0.5064398772319013	-0.3115420408101992	-0.8099718678981815
-0.11295141508810717	-0.5064409501767508	-0.31154837088045645	-0.8099726492588296
-0.11294731191442242	-0.5064430902951302	-0.311553015476644	-0.8099742275333139
-0.11294421468149766	-0.5064468986245968	-0.3115559320858113	-0.8099770881462467
-0.11294385210303216	-0.5064514350978369	-0.31155835086109873	-0.8099805801240815
-0.11307636375372204	-0.5046840590072108	-0.3115927435479544	-0.803800638573934
-0.11415878500207913	-0.4955809137298992	-0.31180181619282654	-0.7768398742218613
-0.11715179026028355	-0.4805015685157404	-0.3122023961516421	-0.7387799414484585
-0.12291357525698546	-0.461901703782216	-0.3127585958778209	-0.6960333268933314
-0.12730225648575896	-0.45294562705043734	-0.31306925904667754	-0.6784867425143352
-0.13303587767877584	-0.44460791169068237	-0.3133919324836435	-0.6640133950202767
-0.14161271241903525	-0.43704173496071475	-0.3137373536425247	-0.6536545558651973
-0.1516305936134003	-0.43305917536041255	-0.3139798165789062	-0.6504047796021935
-0.15970254338114825	-0.43238033985216623	-0.314073802806488	-0.6510433569971081
-0.16495727030926605	-0.4328357858393129	-0.31408608594175325	-0.652026969441355
-0.16792602112507812	-0.4333233685561781	-0.31406998674117165	-0.6524573752959629
-0.16863828146125986	-0.4334818854683782	-0.3140563847560038	-0.6524637545310984
-0.16850826092509325	-0.43347926435190964	-0.3140519215009043	-0.6524149738112588
-0.168135500592902	-0.4334556010563044	-0.31405182068027626	-0.652396729409561
-0.16793294650002208	-0.433446528441461	-0.3140526595580104	-0.6523965642932339
-0.16788979138392893	-0.4334468443359112	-0.3140531895300101	-0.6523984923578788
-0.1679226377861227	-0.43344825607914234	-0.3140534080745482	-0.6523989715357398
-0.16793622532177277	-0.4334488045390221	-0.3140537099408961	-0.6523992589004927
-0.16793807780350042	-0.4334495818616494	-0.3140542641292883	-0.6523998863545831
-0.16793980955536364	-0.433451205065966	-0.3140552894863038	-0.6524011728129097
-0.16794272981665628	-0.4334541027331457	-0.31405706543731815	-0.6524035001723207
-0.16794411627103698	-0.4334563157789028	-0.3140584083432563	-0.6524053020828668
-0.16810681011373615	-0.4317745217128623	-0.3148264497889082	-0.6514288536491482
-0.169398070532258	-0.42224980217569036	-0.31992695487393374	-0.6464043899839421
-0.17490190923136953	-0.3959829944237983	-0.33750827276051537	-0.6344015099068638
-0.17992047062998706	-0.37868729257817263	-0.350725739198776	-0.6268418405935464
-0.18634694746209993	-0.36003566257433467	-0.36637982281355264	-0.6189302447376126
-0.19219183851096835	-0.34655151966412057	-0.37815095105533114	-0.6140637656445002
-0.19879529418665176	-0.33364574500813676	-0.38957889384509786	-0.6097262173067731
-0.20804709905857405	-0.3186914047923242	-0.40217341150061076	-0.605764531659213
-0.21926425977934438	-0.30468611848375504	-0.41206246254872625	-0.6034831740759282
-0.22640142739554445	-0.2979851675343932	-0.41509750649447524	-0.6032296427278289
-0.2309052680480195	-0.2950296460013699	-0.4153461147381136	-0.6035052796722458
-0.23275468711821476	-0.29451683414777535	-0.4147073711598048	-0.603742083216574
-0.2330761053610045	-0.2949194340564118	-0.4142084015840819	-0.6038236745154367
-0.23282202314846737	-0.2953984865149192	-0.41402401291205504	-0.6038251109133334
-0.23253184495980195	-0.29556124666887446	-0.4140265972334057	-0.6038122256937342
-0.2324000247956804	-0.2955758550858516	-0.4140631178461591	-0.6038073212117467
-0.2324027760796803	-0.2955451664744364	-0.41407790356083407	-0.6038077728357903
-0.2324284046181885	-0.29553603449829813	-0.4140792751808152	-0.6038084387232744
-0.23243405374994133	-0.2955375637479177	-0.4140820938165953	-0.6038087690169244
-0.23243466411262734	-0.2955387689015842	-0.414085291147218	-0.6038093259437753
-0.23243670373206107	-0.29553998342420507	-0.4140870868906978	-0.6038104575081435
-0.23243917854882146	-0.29554230008611126	-0.41408839122003743	-0.6038124811373488
-0.23243969591700986	-0.29554311854212284	-0.4140887525629209	-0.6038131870258104
-0.23231606641662444	-0.29609583126621186	-0.41299349946247477	-0.6038326182016535
-0.23136176577797046	-0.3002196186003171	-0.40599040465479275	-0.603946351744408
-0.22852915056550624	-0.3126060543483363	-0.3892186095325576	-0.6041983944516385
-0.22336444970644861	-0.3355357697263095	-0.36427784369922384	-0.6045558777046564
-0.21823466510419226	-0.35961925071559225	-0.34240370072389514	-0.6048615194689473
-0.21203509279559912	-0.3884715200269262	-0.3193950484122581	-0.6051783302983567
-0.20804188469983642	-0.40635515145029066	-0.30578714539090207	-0.6053491906549583
-0.20330687654638516	-0.4259357416167645	-0.29105768732033555	-0.6055202555282457
-0.1968335281374496	-0.44868014195124195	-0.27257956955055124	-0.6056933598299039
-0.18970799024810414	-0.46573478765589704	-0.2550899232909757	-0.6057998060199035
-0.18386112285293194	-0.47297981460827976	-0.2429975202804025	-0.605831623123722
-0.1791247168662624	-0.47479070884938945	-0.23467669657837464	-0.6058307239837825
-0.17594861491368452	-0.4742335639556652	-0.23054728484451678	-0.605822163094652
-0.17380996929292852	-0.4733631906057882	-0.22852457617117813	-0.605817438864442
-0.17260412261967134	-0.47286646767564616	-0.22796379960895352	-0.6058160948924874
-0.17222912819074054	-0.47276072435617206	-0.22811816294245493	-0.6058163347418118
-0.1721562043257196	-0.4727952823638966	-0.22839582516204185	-0.6058167159723176
-0.17224812539705137	-0.47283160367392785	-0.22855333499980562	-0.6058168733159005
-0.17233075224359767	-0.47283863297350703	-0.22856723535331774	-0.605816915630399
-0.17235119658547773	-0.4728362923661512	-0.2285377475482196	-0.6058170008468526
-0.17234202256094436	-0.4728356066045715	-0.22852186139771463	-0.6058171706311423
-0.17233746077258566	-0.47283610973217816	-0.22851494036415937	-0.6058175048632234
-0.1723367065558628	-0.4728369590512092	-0.22851129399255204	-0.605818061141148
-0.17233621625421172	-0.4728384449473562	-0.22851157890515356	-0.6058191994369466
-0.17233666695467537	-0.47284022158426864	-0.22851323697510312	-0.6058206471998776
-0.17179839080598422	-0.47001288920840867	-0.23172083148647404	-0.6051753655102386
-0.17033152318336836	-0.4638446805682085	-0.24020654725925916	-0.6038323448460307
-0.16769623250489543	-0.4552214758011832	-0.2554555740100658	-0.6020347525579247
-0.16500868267308458	-0.4497658623755677	-0.26915408887797065	-0.6010312531426024
-0.16288354320068257	-0.44660314134786616	-0.2787356613771725	-0.6005142748622765
-0.1606004478259993	-0.44453283248714004	-0.2870007927331252	-0.6002374388466755
-0.15831792051014382	-0.4436661401482641	-0.29265688873231743	-0.6001684591379446
-0.15696937303291414	-0.44374618504177765	-0.2938742839541097	-0.6002026293189491
-0.15640847067747343	-0.44394262309090154	-0.2934965292554693	-0.6002286495227248
-0.15626946719390358	-0.4440393158928962	-0.2929724494723717	-0.6002360194480773
-0.15632376032484324	-0.44405550503526564	-0.2927002494535569	-0.6002355193448354
-0.15641875640467023	-0.4440457464116438	-0.29266998473659744	-0.600234370690676
-0.15645191168954997	-0.4440411107921443	-0.2927137181489954	-0.6002342538610247
-0.1564451357195548	-0.4440413086974162	-0.29272976060118755	-0.6002344163835471
-0.1564391159110588	-0.4440418056174172	-0.2927320201065279	-0.6002346400064402
-0.15643900559732718	-0.4440422612554751	-0.2927337227834839	-0.6002350321651475
-0.15643941152826915	-0.444043120045328	-0.2927347871859903	-0.6002358134758345
-0.1564401694571005	-0.4440445921114423	-0.29273552009841897	-0.6002371041048136
-0.15647106084437673	-0.4431988128255703	-0.292872114309971	-0.5985080796415899
-0.15674267235852574	-0.4375833601914266	-0.29393095320029955	-0.5879824908451354
-0.15808947210915378	-0.4193978789091409	-0.298264314748772	-0.5578183643610061
-0.16094075860010082	-0.39247668592750834	-0.3059508268911399	-0.5164737030363974
-0.16494349664277586	-0.36511829499153686	-0.3153511642088538	-0.47689757829043977
-0.17045358371642846	-0.3362964271369695	-0.32652273746014004	-0.43674760607345026
-0.1735297867255987	-0.32328976516247837	-0.33195320363736114	-0.41925506671719887
-0.1777394119902933	-0.3076811971222155	-0.33873830620372974	-0.3987526196720187
-0.1859167202904051	-0.28282943814446987	-0.34945377820986295	-0.3678612532270633
-0.1946705939460179	-0.2620799541215084	-0.357524564457249	-0.344370913079634
-0.20078312639815585	-0.25025726385829306	-0.361071192894665	-0.3326131820600035
-0.20582873350936418	-0.24195457172394824	-0.36270838543660733	-0.32571835377468916
-0.2093116481204761	-0.23706663377566553	-0.3629092109131874	-0.322676777618781
-0.2109984570094588	-0.23503675360808002	-0.3626103535342437	-0.322251932455841
-0.2115774482169524	-0.23462035998403347	-0.36233733248352384	-0.3227262493537299
-0.21160234780209553	-0.23485248581051898	-0.3622179948490126	-0.32326777125077155
-0.21145252300575915	-0.23516505792140813	-0.3622041057431437	-0.3234488754139912
-0.21132640615765777	-0.23533447296028043	-0.3622231468325021	-0.32347424043114736
-0.21128894241530422	-0.23535112257354907	-0.3622356374785532	-0.323441493492622
-0.21130448461173074	-0.23532105667525438	-0.3622378702311413	-0.32342739844607926
-0.2113130365613488	-0.23531312242246247	-0.3622396956680617	-0.32342824505421575
-0.2113143426171043	-0.2353144528356966	-0.3622422682611048	-0.32342926791966753
-0.21131568963741315	-0.23531512987171005	-0.362243845850666	-0.32342947709081427
-0.21131761961474516	-0.23531566564039547	-0.3622444336012699	-0.32342996556774695
-0.21131868632096873	-0.23531632421316012	-0.3622447568888851	-0.32343057912003864
-0.21089009819823368	-0.23545867272072896	-0.3632514368486931	-0.3230830436172775
-0.20770205423470872	-0.23651591004522926	-0.36991902018855394	-0.320729333239542
-0.1927105623729112	-0.24184516091172076	-0.3981533825465076	-0.3105722946070361
-0.18111837665449504	-0.2463573985963176	-0.42007416972913764	-0.3027767092148096
-0.16756699143909767	-0.25223609772778194	-0.44568041505860717	-0.2936489275849592
-0.158222020613864	-0.25637200229460183	-0.4613160535998342	-0.28746234787851527
-0.1481550506904844	-0.2609779521096298	-0.47669499154199224	-0.2809749665661078
-0.13413498694158124	-0.2671213478936528	-0.4928809129925675	-0.2723425535846801
-0.11678688333495871	-0.2737965071269314	-0.5038655592085636	-0.26295945269770965
-0.10247979206778479	-0.27778996919271726	-0.5065733760253859	-0.25674129085740655
-0.09039505824000398	-0.279794444731987	-0.5061496092970629	-0.2530254240153934
-0.08000162525372423	-0.2805116631631826	-0.5052204096365522	-0.25104217415648716
-0.07070043829993464	-0.2805526135597641	-0.5046698481796958	-0.25026853086070144
-0.06300007071313438	-0.28036482833148413	-0.5045494189449464	-0.25022651851752553
-0.057095659492564836	-0.2802214028889577	-0.5045901655593523	-0.25041543423624624
-0.052859202643215975	-0.2801731616743021	-0.5046274803127655	-0.25056058995833086
-0.05043488437802695	-0.2801756514562016	-0.5046365444807775	-0.25060512117139594
-0.049164864958236854	-0.28018430112205306	-0.5046370051710937	-0.2506044418183137
-0.048642543556308177	-0.2801878795799757	-0.5046376463875578	-0.2505966356811564
-0.048564111656136395	-0.2801881943996259	-0.5046392007847199	-0.25059306965881945
-0.04860781032556256	-0.2801878939450968	-0.5046410266755179	-0.25059269132069156
-0.04868393412024502	-0.2801878054248113	-0.5046430324401869	-0.2505930369589615
-0.04872460347171404	-0.28018788297948705	-0.5046452341756946	-0.25059320247269506
-0.04872489569281162	-0.2801880447807116	-0.5046478219086004	-0.2505932549939637
-0.04871302559498386	-0.2801882837782159	-0.5046496590236822	-0.2505933562160332
-0.048706710296523945	-0.2801886526320808	-0.5046504352662232	-0.2505935400771204
-0.04870261314914359	-0.2801893118891058	-0.5046508658187094	-0.250593974577549
-0.04870180022034771	-0.28018979720873216	-0.5046511093519167	-0.2505943557073876
-0.04864866739085253	-0.28164057052755564	-0.5041879140743317	-0.25171104602993466
-0.048187093616952066	-0.2909553380408677	-0.5019320202275547	-0.2592341892703728
-0.04704749671065934	-0.30883595916151485	-0.4985890273575595	-0.2751199879557153
-0.04563927564902806	-0.32733145537769043	-0.49569127818676184	-0.2927100850028948
-0.04406659317074899	-0.3424575282866182	-0.49378055807756877	-0.3085043517642653
-0.04232168178483014	-0.3561066951582495	-0.4922826931312803	-0.32366773399873777
-0.03987055268459388	-0.36889635884100747	-0.49113879882373224	-0.3392923981134987
-0.03630432282094995	-0.3781546210873171	-0.4905313119896012	-0.3523154694317349
-0.03236831351041283	-0.3814789057322574	-0.4904401074315911	-0.35824142784261126
-0.02803769245087901	-0.3817745080264939	-0.49051397153306003	-0.3597390888563434
-0.023862355841127218	-0.38116048116345386	-0.4905781837517252	-0.35933018402850875
-0.019530321880022287	-0.3806528896710486	-0.49060318118649593	-0.35866054567804195
-0.014520215150939472	-0.38044538453454413	-0.4906048198778418	-0.35825841920564494
-0.009320314606521149	-0.3804488544536376	-0.49060091940191247	-0.3581875854513811
-0.004768569733630705	-0.3804841247893007	-0.49059934458375865	-0.35822909012982523
-0.0009240462707343355	-0.3804959261003957	-0.4905991480479564	-0.35825464042030136
0.0022340328993033023	-0.38049589775313	-0.490599090761777	-0.35825853144035097
0.004754215737681429	-0.3804948771981553	-0.4905989592832611	-0.3582571537267211
0.006696077317646515	-0.3804946918529542	-0.49059881444962367	-0.358256510137984
0.00800688599196818	-0.38049477166681106	-0.49059869642907017	-0.35825652834505894
0.008819886200668474	-0.3804948472783917	-0.49059860747897027	-0.3582566275923615
0.00927519390523509	-0.3804949133126698	-0.49059854565182753	-0.3582567062919436
0.009486005651551437	-0.38049498593340925	-0.49059850852636305	-0.3582567850659167
0.00953654681636636	-0.38049506989526233	-0.490598495168297	-0.35825687493667174
0.009537135103103781	-0.38049516962441843	-0.4905985054158457	-0.3582569809581038
0.009518944516666017	-0.3804952945482191	-0.49059852437619966	-0.3582571148510807
0.009508826321395492	-0.3804954630750846	-0.4905985811963218	-0.3582572906609581
0.009513209257684053	-0.3804957790528473	-0.49059873787824354	-0.35825761248702376
0.009523655523962685	-0.38049631473006873	-0.490599034815958	-0.3582581454201067
0.009525472090220408	-0.3804964959284972	-0.49059914359465	-0.3582583210419231
0.009525607255972995	-0.3806733812202115	-0.4884934891685719	-0.3570705105806715
0.009527248174160213	-0.3817995298363472	-0.4767803825629147	-0.3493838120039867
0.009543160074510018	-0.3859876885641604	-0.44138059057755075	-0.32176954178443035
0.009561154515065052	-0.3890710850575888	-0.41815191442911803	-0.3024591397285309
0.009589912653639326	-0.3929006426005305	-0.3935526492701266	-0.28120493859062323
0.009619742867448662	-0.3951371456294569	-0.3781129532904807	-0.2667762788067156
0.00965658022263581	-0.39729051183836805	-0.36371966352974905	-0.2526402903344196
0.009730403707064135	-0.399937670652917	-0.3461513825744611	-0.2331163724067064
0.009872949374723005	-0.40210998637926393	-0.33101085680338443	-0.21160198758655807
0.0100508824577903	-0.40294174304654884	-0.32418088994412225	-0.19694775583736568
0.010286150981488919	-0.4031517988035249	-0.32150113271551517	-0.1857408071039372
0.01062297973083811	-0.4030890871916962	-0.3211422696365805	-0.17757011362070171
0.011066307654564407	-0.40298372437739627	-0.32162415416823986	-0.17225341484084605
0.011712781745315808	-0.4029231721021661	-0.3220917311391344	-0.16922088120629902
0.012437279214170194	-0.40291261303548254	-0.32225999683739204	-0.1680970159934522
0.01333875966245534	-0.40291702120810774	-0.3222737096429359	-0.16790717430062607
0.01443641722769554	-0.4029210146593152	-0.32224820700052326	-0.16807739339103595
0.01585141588190159	-0.4029220703150315	-0.3222319003726624	-0.16827240165931875
0.017860166116945624	-0.40292189300674935	-0.32222684755563735	-0.16836744368266446
0.01994987962147553	-0.4029217581294288	-0.3222249373846868	-0.16836708593720554
0.021880312096085274	-0.40292177505463245	-0.322222518685384	-0.168353250488077
0.023624835581826358	-0.4029218181511858	-0.32222014257296777	-0.1683483736546106
0.025174986828492014	-0.40292186196897234	-0.322218219953804	-0.16834822579043524
0.026549206958918097	-0.4029219106752928	-0.3222167651613974	-0.16834857706343526
0.02777982215742951	-0.4029219696983497	-0.32221572294616585	-0.16834862153997912
0.028779707499671407	-0.40292202420567996	-0.3222151017467302	-0.16834856065459697
0.02962152358064188	-0.40292207986069456	-0.3222147519853875	-0.1683485085053604
0.030397268950316306	-0.40292213457940596	-0.3222145518789715	-0.16834847340393527
0.031197854587494668	-0.4029221903867932	-0.32221441811154206	-0.16834843263582297
0.03215600336991489	-0.40292225285982197	-0.32221432085020274	-0.16834839249118289
0.033812171060630905	-0.4029223498072669	-0.322214236659472	-0.1683483518994156
0.03518715795402361	-0.4029223988118378	-0.3222141992190574	-0.1683483295245964
0.03628198348746755	-0.402922450917096	-0.3222141790760696	-0.16834831617084384
0.03729535300435957	-0.4029225028835276	-0.3222141643264197	-0.16834830746385945
0.03822315386878315	-0.4029225601578128	-0.32221415314664353	-0.16834830462433825
0.03908374325039826	-0.4029226262204052	-0.32221414082283595	-0.1683483043475307
0.03984074205215031	-0.40292270593313073	-0.3222141302382426	-0.16834831803262668
0.040483313615821775	-0.4029228012269165	-0.3222141271395398	-0.1683483621313975
0.040923840311909564	-0.4029229078134093	-0.32221412926645243	-0.16834843050407886
0.04098377654898708	-0.4029229299707195	-0.32221413034192325	-0.16834844784409025
0.04098835648332057	-0.40349516916654193	-0.3232178752044745	-0.16794243508214693
0.040997374355497676	-0.40649231657400503	-0.3287141977191317	-0.16520319732229288
0.041007873671067716	-0.41306858666703034	-0.34161649359625323	-0.15696553623442866
0.04101200118790813	-0.41587435505211656	-0.34773897694302075	-0.1518977887846593
0.04101678708692353	-0.418480685420449	-0.35378799648632947	-0.14581587374513336
0.04102399846836269	-0.42066287419304693	-0.3592864902689493	-0.13686466522978508
0.04103411161632698	-0.4214888614609388	-0.36178910950252974	-0.12638169984178846
0.041043343024715725	-0.4213588852210084	-0.36170846401934925	-0.11948046275408605
0.04105361972325489	-0.4211495231306136	-0.3612292271419596	-0.11452484411433599
0.041067074446768326	-0.4210498930627663	-0.36093328599690144	-0.11103294185433138
0.04108682459613952	-0.4210392190029543	-0.3608677836435243	-0.10908906590424357
0.04111412607000344	-0.4210499839105048	-0.3608899808030574	-0.1084278960718986
0.04115777743610871	-0.42105506414165694	-0.36090739307280734	-0.10839203280737278
0.04123971943712251	-0.4210555949566305	-0.3609115168655356	-0.10854731232510455
0.041392967763829364	-0.4210552699198161	-0.36091136091241904	-0.10866512577967492
0.041604573263380136	-0.4210551626550907	-0.36091133247348656	-0.10870945916798237
0.041901462999641925	-0.4210551618423854	-0.3609115880145474	-0.10872024332296427
0.04236381254076436	-0.4210551761235688	-0.36091187890825405	-0.10872031940862509
0.0431285358210854	-0.42105518821841775	-0.36091215224051	-0.10871824489713157
0.04421112779356314	-0.4210552179129211	-0.36091236170429986	-0.10871680917866315
0.045525158788878556	-0.42105520507513566	-0.3609125135391597	-0.10871618876612102
0.046983052388033235	-0.42105520162916066	-0.3609126252748618	-0.10871597000363671
0.04875905134401659	-0.4210552048202082	-0.36091272161911925	-0.10871589562948628
0.0512330881686163	-0.4210552090831553	-0.36091281772880174	-0.10871587378522005
0.05472705141488078	-0.4210552120565331	-0.360912914446537	-0.10871586399619575
0.05824978605379831	-0.4210552129636477	-0.3609129866387076	-0.1087158492860312
0.06227723427650776	-0.421055212644738	-0.36091305132556756	-0.10871582400671162
0.06734322339622659	-0.4210552107071247	-0.36091311561147227	-0.10871578313485396
0.07489865950843724	-0.42105520489882753	-0.3609131883325701	-0.10871571003850818
0.08594029519488562	-0.42105519006730097	-0.36091325968242066	-0.10871557854746992
0.09674992158773826	-0.42105516645802654	-0.3609132938984556	-0.10871540946310337
0.10572481600308048	-0.4210551373394099	-0.3609132901950072	-0.10871522020814385
0.11240419975081002	-0.4210551084197613	-0.3609132615535062	-0.10871503620065026
0.11766465240191135	-0.4210550808265554	-0.3609132145720063	-0.10871485359522136
0.12207382484967878	-0.4210550556204613	-0.360913147453863	-0.10871466704047433
0.12566389277627343	-0.42105503592429994	-0.36091305088383535	-0.10871448181875946
0.12889898351002513	-0.42105502509539733	-0.36091288285174666	-0.10871429097819107
0.1305362041892345	-0.42105502661813476	-0.36091268700585477	-0.10871417047841614
0.13156388992006302	-0.42105503461986626	-0.36091244263028116	-0.10871408132622748
0.13227948295282616	-0.42105504711383696	-0.3609120647283143	-0.10871401090465282
0.13277506570206413	-0.4210550632120843	-0.3609115449910771	-0.10871396416274119
0.13319967000179647	-0.4210550824167544	-0.36091079913961593	-0.10871392915955283
0.13340072077197607	-0.42105510382634714	-0.3609097223122551	-0.10871391032931797
0.13353168281927186	-0.4210551257999758	-0.36090822286768987	-0.10871391090674382
0.1336153232567032	-0.42105514568926683	-0.36090628823454207	-0.10871392637862612
0.13367521438481755	-0.4210551630547057	-0.3609037155701528	-0.10871395395851903
0.13371965456562523	-0.4210551761970412	-0.36090031928782124	-0.10871399055318609
0.13376215495406843	-0.42105518328356645	-0.36089563749578507	-0.1087140361082014
0.13380864858541416	-0.42105518047852486	-0.3608889576370211	-0.10871408882018499
0.1338620814175226	-0.4210551580388102	-0.3608795943268211	-0.10871413840791924
0.13390241225808278	-0.421055126105926	-0.3608713482074901	-0.10871416779069284
0.1339387459130336	-0.42105509550440523	-0.36086307431199327	-0.10871420737930891
0.1339615163245212	-0.4210550719012205	-0.360857160071941	-0.1087142388592692
0.13398647466705807	-0.4210550456766344	-0.36085075788856324	-0.10871428459577878
0.13401013907714635	-0.4210550205581067	-0.36084452126902034	-0.10871434543478742
0.13403274849972552	-0.42105499776496547	-0.3608385119433608	-0.10871441284769237
0.13406301218428054	-0.4210549721699506	-0.3608305790116102	-0.10871451285917393
0.13409617316210432	-0.4210549445726148	-0.360822324982935	-0.10871463844925117
0.13411368701398996	-0.42105493860040755	-0.3608182923622455	-0.10871470916137904
0.1341193021757048	-0.42227072093189677	-0.3602783056202271	-0.10875388358146382
0.13417246837810656	-0.4301157913635568	-0.35674147440904397	-0.10913058568071353
0.1343627215166244	-0.4479878140240925	-0.3490603735177841	-0.11040776969411367
0.13485806410040146	-0.4773086354398589	-0.33659595136882253	-0.11364376934251334
0.13538672280706604	-0.49979631640783817	-0.3271841138422014	-0.11719927224780854
0.13614341721112966	-0.5240638521352433	-0.31721971113969344	-0.12224938106419278
0.136971670950773	-0.5405975607238571	-0.3096141318517173	-0.1276590191990238
0.13808251001734292	-0.5568312490677729	-0.30163039553163	-0.1349196410628649
0.13967147383204728	-0.5704855268945482	-0.29346415465269465	-0.1449707259674001
0.14214283909606193	-0.5795754311284462	-0.2857107851704293	-0.15932057449092182
0.1459518573449583	-0.5835059328153697	-0.2792459468183466	-0.17785107558864674
0.15077459808643437	-0.5838810242578725	-0.27552901156097853	-0.1954706745850346
0.15697036534038028	-0.5832499825248703	-0.27359914616177067	-0.21042954757527055
0.16562847933119326	-0.5826932314884765	-0.2728522832243281	-0.2218770349191846
0.17527568837911894	-0.5825100710863335	-0.27284695678697435	-0.2273402994703785
0.1844803844115787	-0.582506622978462	-0.2730147031461984	-0.2290220619397432
0.19337984024629315	-0.5825318786589259	-0.2731434469244721	-0.22929996029597827
0.20225657536086455	-0.5825457724361655	-0.2732044243393972	-0.22894993325226348
0.20905778446399903	-0.5825478367059157	-0.2732141540931733	-0.22865624278262153
0.21407546688196838	-0.5825470374726968	-0.2732090995566624	-0.2285088477358919
0.21760093928411653	-0.5825464512612104	-0.2732036128065024	-0.22845995736387323
0.22007934278566482	-0.5825462965391462	-0.27320027175306616	-0.2284533374879578
0.22154028770160705	-0.5825463058973371	-0.273198489856317	-0.2284583595033316
0.22236104075395777	-0.5825463291572262	-0.2731971072243582	-0.22846255173446448
0.22280144838076915	-0.5825463439495459	-0.27319582409192417	-0.2284645011533248
0.22310067453301421	-0.5825724821792447	-0.2731930604785466	-0.22846716277379162
0.22331745620214166	-0.5825466124833467	-0.27316878446185644	-0.2284618093686175
0.22354156762477717	-0.5825391944203184	-0.27313537549806316	-0.22845266165288194
0.22366677349237124	-0.5825399615767493	-0.27311515016451016	-0.22844596904716244
0.22375757961827666	-0.5825408399492085	-0.2731016274863128	-0.22844092813866107
0.22382449150743702	-0.5825412347163568	-0.27309250698710275	-0.22843745400143928
0.22389898188523796	-0.5825414403938108	-0.2730823166882457	-0.22843430019865185
0.2239555971277968	-0.5825415404743758	-0.27307250831225754	-0.2284325975884085
0.22400382094816423	-0.5825416748825296	-0.2730594577781339	-0.22843168299091224
0.2240454988513001	-0.582541916721184	-0.2730392202870592	-0.2284312674902019
0.22407754461539295	-0.5825423077485666	-0.27300999608972626	-0.22843114947305515
0.22410037036487043	-0.582542856645861	-0.2729726372246549	-0.22843114687368718
0.22411760889627172	-0.5825436151036896	-0.27292522075336684	-0.22843117290458548
0.2241315350325257	-0.5825446790543161	-0.2728636030981667	-0.22843120222610522
0.22414365756924615	-0.5825462389702062	-0.2727791450724565	-0.22843122923620837
0.22415534093471573	-0.5825487238770917	-0.272646130770947	-0.22843125436137965
0.22416890987115992	-0.5825535924980177	-0.27237764474997517	-0.228431281041534
0.22417811603129614	-0.58255842387401	-0.2720980088021051	-0.228431297050415
0.22418906471863903	-0.5825663831599681	-0.27159872341369634	-0.22843131431408958
0.22419932314920119	-0.5825758897532791	-0.27093799157128573	-0.2284313283614862
0.2242095028527676	-0.5825869872748042	-0.27007672019816414	-0.2284313404389217
0.2242212585616126	-0.5826012780390885	-0.26881500901640243	-0.22843135237300174
0.2242369606952037	-0.5826211437802288	-0.2667539340384408	-0.22843136530982083
0.22426159453208086	-0.5826509484285838	-0.2629906719886098	-0.22843138073364438
0.22429636820603216	-0.582687419972525	-0.2568374487568043	-0.2284313964691307
0.2243433246898271	-0.5827262676317794	-0.24821560857700287	-0.22843141167969452
0.22440614168521286	-0.5827636426999618	-0.2366939105357762	-0.2284314263083892
0.22449887913151947	-0.5827986061775846	-0.22091342241443124	-0.22843144164606125
0.22465043178117677	-0.5828279108430889	-0.19897914876408668	-0.22843145873723786
0.2249237019819743	-0.5828458204942893	-0.16933387883179196	-0.22843147837157513
0.22530430435008303	-0.5828473705419347	-0.141198733916158	-0.2284314954474527
0.22585257414024054	-0.5828382994963428	-0.1146750317251891	-0.2284315109722733
0.22669518215276493	-0.5828221892919818	-0.08981057398767478	-0.22843152488712304
0.22802674247919777	-0.5828025518213023	-0.06756528030524991	-0.2284315351882216
0.23000443646535187	-0.5827832788713372	-0.04919024168961643	-0.2284315382615093
0.23305052493898004	-0.58276558721669	-0.03382499552817406	-0.22843152773649741
0.23806934286359907	-0.582749486578094	-0.02051949963112782	-0.2284314929194217
0.246399140374351	-0.582735448273332	-0.009264726759270044	-0.22843140481181426
0.26107284755432714	-0.5827226249089141	0.0006925778887651168	-0.2284312040502401
0.28148070630084027	-0.582712355260705	0.008217511392149865	-0.22843084695369098
0.30288058568280357	-0.5827046923908384	0.013468071668295719	-0.2284303707323869
0.32198259469373197	-0.5826985224624432	0.0174599913485429	-0.22842982188700883
0.33570651872766416	-0.5826935135127729	0.0205618948507543	-0.22842930796480534
0.3444615551252991	-0.5826889820101921	0.023313182713541245	-0.2284288813372308
0.34896700342560677	-0.5826848634595654	0.025853850436185304	-0.22842861001704667
0.3512302947907731	-0.5826802038250267	0.02893526765716237	-0.2284284795033328
0.35200459775119725	-0.5826756963080422	0.032331577716574626	-0.22842850630182537
0.3521809008482612	-0.5826714984187639	0.036013279366956426	-0.2284286164687801
0.3522183471435106	-0.5826674749685964	0.04002611898089635	-0.22842874925945375
0.3522597142163743	-0.5826630475851147	0.04483534267466327	-0.2284288944430735
0.35233421503644696	-0.582657641412243	0.05087043322887065	-0.22842904919194815
0.35244215824733816	-0.5826505970699335	0.05826073296073561	-0.22842920170427647
0.3525739593771233	-0.5826411587837496	0.0664198713027991	-0.22842932035972657
0.3527116980319258	-0.5826287902505901	0.07393303427180545	-0.22842936433105532
0.3528161884310559	-0.582616958155069	0.07854565921226965	-0.228429339491651
0.3529079198190616	-0.582604215493919	0.08172476717284177	-0.22842928913437036
0.3529991267662085	-0.5825887047304267	0.08415212294963788	-0.22842923519418282
0.35310292170542057	-0.58256670963675	0.08616053393900806	-0.22842920271349806
0.353224210467026	-0.5825336042355875	0.08787556248433716	-0.22842922661862566
0.35334702057298306	-0.5824891786438076	0.08904097006132977	-0.22842931666331717
0.3534547062504485	-0.5824383500116823	0.08979444984514401	-0.2284294361879174
0.3535641085962631	-0.5823716834165595	0.09042197724066084	-0.22842958168710575
0.35368400575167713	-0.5822757887697618	0.09108081919817947	-0.22842975287086048
0.3538292165866504	-0.5821166004606722	0.09173383981705249	-0.22842996690597744
0.3540018478384925	-0.5818379621939861	0.09243242305507231	-0.22843022405778984
0.3542044689200561	-0.5813226058136377	0.09317254699579967	-0.22843052462118937
0.3544698145550377	-0.5801394599903454	0.09408086471531743	-0.22843091436346227
0.35482465314010286	-0.5766228168948117	0.09528356006560737	-0.2284314881304062
0.354838740135629	-0.5749641144713967	0.09556486103297222	-0.2284316649290404
0.35479195625694787	-0.5726506365466368	0.09571271418918503	-0.22843187500321094
0.35464928835863296	-0.5708695593727879	0.095561744753921	-0.22843203629525313
0.35445791738046484	-0.5694482926616213	0.09524027705334519	-0.22843217223070209
0.3542138251486321	-0.5678003540358022	0.09471387928957815	-0.22843234475821808
0.3540882818367708	-0.5666866312051564	0.09434033093343991	-0.2284324723534589
0.3540292307919255	-0.5656449372842464	0.0940545106754263	-0.22843260220687972
0.35402199061892947	-0.5644963582307726	0.09386606693029922	-0.22843276061551113
0.354043510010095	-0.5633038693904412	0.09380632329941722	-0.22843295672739364
0.35406569720649356	-0.5620210928713403	0.09385150682055801	-0.22843324898632494
0.3540754925971315	-0.5611237836377775	0.09392909329148581	-0.22843362598923073
0.3540816299681479	-0.5607399665164876	0.09397949310721763	-0.2284340298009356
0.35408981097786857	-0.5605945490410749	0.09401414039781526	-0.2284344942959458
0.35409946805234177	-0.5606091178297702	0.09403904807335593	-0.22843500836056713
0.3541060888381712	-0.5606303980188954	0.09404967901181963	-0.22843533883255324
0.35424935421590065	-0.5598479318417525	0.09400418998463068	-0.2280727292862038
0.35541808481108317	-0.5555685251183079	0.0936071003533198	-0.22537138864963838
0.35804721569252174	-0.5493507314461441	0.09279072028653453	-0.2201457070536585
0.3627387109271095	-0.5412613449011947	0.09130365248217064	-0.21214174526627752
0.3687523186636379	-0.5338224497085828	0.0895913241213884	-0.20342692473242852
0.3769900944346503	-0.526053970552846	0.08741540132463302	-0.19336010559046218
0.3849121060050615	-0.5209635434527964	0.08559350914069941	-0.18518071482276022
0.39419334054356847	-0.5164684614122862	0.08358548170496906	-0.17661535265918635
0.4035245225841938	-0.5131871459861241	0.0816787918412462	-0.16887467509017887
0.42235775763319666	-0.5095042252688201	0.07815947702454884	-0.1550716982811655
0.4411549000758386	-0.5081256581575123	0.07473522049165073	-0.1427590989768024
0.45898222024596913	-0.5079525511545662	0.07137338358573331	-0.13166793387581208
0.47218013595282826	-0.5081497946228999	0.0686073987368981	-0.123338029931692
0.48186940858165855	-0.5083103821416185	0.066245706269152	-0.11681266768171059
0.48942128879411634	-0.5083820926698781	0.06399066958065142	-0.11112690596252832
0.4943775176652353	-0.5083919641872203	0.06210023126891693	-0.10680374440385217
0.498129297001046	-0.5083841285951661	0.06021870961427859	-0.10293159718199603
0.5005557232939116	-0.5083779042737021	0.05860273359212624	-0.09997738887702413
0.5021079854507245	-0.5083772914227196	0.05719385114689865	-0.09767888140271365
0.5033734190130084	-0.5083822078968411	0.055466556523961125	-0.09529586269319992
0.5039349555573472	-0.5083885443772638	0.05420047774745135	-0.09380419589888522
0.5042045395228798	-0.5083942476249538	0.05324009944507434	-0.0928397093655649
0.5043841761512348	-0.5084001581499878	0.052303771422075956	-0.09208887496635107
0.5045023944885821	-0.5084059423181799	0.05140000322408608	-0.09146513554363193
0.5046045053882676	-0.5084136416708431	0.050135709334503155	-0.09081717085894815
0.5046584358816986	-0.508420589013533	0.048772179130397095	-0.09038331697692546
0.5046845358768609	-0.5084264871672017	0.04717492643648509	-0.09014216411237914
0.5046983953460914	-0.5084320089373364	0.04481539793967011	-0.08994690687642626
0.504704699040411	-0.5084364690504476	0.04170025400114817	-0.08982550743427437
0.5047091332839627	-0.508442024241502	0.034738297865139114	-0.08971018686352747
0.5047109756126289	-0.5084465211673377	0.024659042656054193	-0.08964133047078868
0.5047117165632609	-0.5084498935976595	0.013016753719423305	-0.08960187276137532
0.5047121093107387	-0.5084528555673699	-0.0005395468278524274	-0.08957428019073504
0.5047123558615858	-0.5084556144377037	-0.015514292438644911	-0.08955347385739469
0.5047125447330052	-0.5084584099052328	-0.031601823096444895	-0.08953637638307502
0.5047127317698361	-0.5084616775983838	-0.04909021465608677	-0.0895205392696717
0.5047139189157043	-0.5084656021629417	-0.062348551786685635	-0.08950884468892675
0.5047140396868652	-0.5084689962042483	-0.07110869453302518	-0.08949561817510815
0.5047140661406292	-0.5084716715175651	-0.07574491182243218	-0.08948093365372335
0.5047139851875532	-0.5084741777430256	-0.07831732154706268	-0.08946466826449058
0.5047138590666149	-0.5084767607062649	-0.07990837148423802	-0.08944746410813643
0.5047137629016176	-0.5084796302710802	-0.0808380317224265	-0.08942991203240704
0.5047137769382363	-0.5084828349494115	-0.0814310662864417	-0.0894137700625555
0.5047139870174321	-0.5084866074669793	-0.08191854367341725	-0.08940006573543573
0.5047145161586364	-0.5084911006644363	-0.08244072922871107	-0.08939026211948552
0.5047153597318174	-0.5084954537023311	-0.08299075727532895	-0.08938568618705925
0.5047167638521906	-0.5084999542434923	-0.08368350057115677	-0.08938345642323332
0.5047191714151379	-0.5085037804755353	-0.08454889461267165	-0.08938128866681933
0.5047224007447859	-0.5085049085794935	-0.085388611715707	-0.08937819182723815
0.5047262474655608	-0.508503178734888	-0.08605658797450064	-0.08937487321382317
0.5047306570269906	-0.5084995666318953	-0.08659503179157826	-0.08937187782000279
0.5047354812570972	-0.5084950072502935	-0.08703512526311596	-0.0893697685510967
0.5047407859168682	-0.5084903909912111	-0.08739821964532934	-0.08936940802689095
0.5047462586890012	-0.5084866214170916	-0.08768572266565333	-0.08937148109307524
0.5047510919283479	-0.5084841403706482	-0.08789291062119983	-0.0893751423241896
0.5047551573420549	-0.5084826867341782	-0.08803803297024271	-0.08937895751897605
0.5047591634928166	-0.5084817018046676	-0.08815078876348853	-0.08938289796651194
0.5047631295396966	-0.5084810524051246	-0.08825263773546255	-0.08938684293842619
0.5047676190666593	-0.5084806604894591	-0.08834364436065145	-0.089390957895592
0.5047733880265343	-0.5084805598478087	-0.08844084744228436	-0.08939572260081352
0.5047781025765053	-0.5084807456187816	-0.08849785844014248	-0.08939904611061403
0.5048324708032725	-0.5087721693980799	-0.08849584263089574	-0.08939828397032522
0.5053126695389979	-0.5109987437196954	-0.0884744206502545	-0.08938934268024934
0.5103282423775805	-0.5275773729779751	-0.08821619454496141	-0.08924673709971946
0.5211916956443345	-0.5551484801173573	-0.08764960741218897	-0.08887995630201993
0.5383639371186166	-0.5897546980785046	-0.08676143416910283	-0.08824334770670315
0.5621732870146549	-0.6277362469702082	-0.08556319247775776	-0.08729161583826726
0.5911772714046318	-0.6646032890633861	-0.08415374908378559	-0.08616204544722525
0.6168234132383097	-0.6917226128409292	-0.08299147539922802	-0.08509301947823351
0.6313733302588636	-0.7045577288112637	-0.0823234809200441	-0.08446112556355169
0.6520933741861538	-0.7208891236406786	-0.08137625545651994	-0.08358102087196878
0.6774271843376359	-0.736530383907833	-0.08019520453808396	-0.08241939968806695
0.701951861347726	-0.7476447405003319	-0.07905884430784946	-0.08120954044161063
0.7298547527786434	-0.7556600666964411	-0.07762277360741451	-0.07962366599109838
0.7552069889647564	-0.7596229974392078	-0.07615083123319752	-0.07793109633630364
0.7762322466295173	-0.7610576543550225	-0.07480897347096915	-0.07617171813676708
0.7931050990531794	-0.761343072690103	-0.0735009383130984	-0.07442004423771399
0.8087280322919086	-0.7612162424684767	-0.07202113109441391	-0.07226643486744919
0.8181866473634327	-0.7610441004969462	-0.07095790507251412	-0.07048246762010092
0.8277034634236218	-0.7608882126612364	-0.069554708386577	-0.06804288860761507
0.833251299183305	-0.76082995434277	-0.06846924265486565	-0.06594856707631219
0.8375476447732537	-0.7608098630501283	-0.06741216712118037	-0.06358407959612396
0.8404595302029401	-0.7608088648107117	-0.06641801670300798	-0.06114843829994426
0.8423041934480064	-0.7608122909361139	-0.0655485510812686	-0.05873059123795819
0.8433155255032929	-0.7608149005017748	-0.06489181605365119	-0.05664562243976799
0.8439705239029431	-0.7608167766847322	-0.06434518973021724	-0.05451829929816972
0.8444104717922296	-0.7608186150805388	-0.0638005658879891	-0.05218119896450995
0.8446636106703895	-0.7608208084246392	-0.06333706652065803	-0.04980598214518563
0.8448026399748325	-0.7608237248516013	-0.06293447186246982	-0.04726183171939587
0.8448583672320279	-0.7608269069659511	-0.06264206610714787	-0.04490904807318191
0.8448754799906404	-0.7608301269866414	-0.06243647250999377	-0.04277060282914642
0.8448775454141929	-0.7608335288817563	-0.06228279719790142	-0.040669181138704234
0.8448738905500058	-0.7608372970528404	-0.06216441732124263	-0.03846215940855725
0.8448687632399464	-0.7608415292246007	-0.06207589518146934	-0.03606500020297866
0.8448647805733269	-0.7608456913889031	-0.06202004973389564	-0.03367232100897398
0.8448630887685723	-0.7608485776185725	-0.0619942260183682	-0.031801236537140794
0.8448628922301984	-0.760850186064701	-0.061982179782814444	-0.030351923408261074
0.8450062310853158	-0.7608508436408078	-0.06197673358225452	-0.029345408764236317
0.8450464098289164	-0.760887250775144	-0.06199539172865722	-0.028537500630240895
0.8450336987649665	-0.7608572349767814	-0.06198653041695843	-0.027786586179095463
0.8450149874441204	-0.7608487518097865	-0.06197824467512801	-0.027077862410653446
0.8450064479745129	-0.7608455747690742	-0.061971354672154186	-0.02644594013844072
0.845007604667546	-0.7608368235812183	-0.06196247460677593	-0.025640426924377804
0.8450149950569767	-0.7608247000185314	-0.061956133885022815	-0.025085777223851212
0.8450258362986385	-0.7608066213948573	-0.06194992140563424	-0.0246120538747404
0.8450392800510934	-0.7607820075805372	-0.06194375104242906	-0.02420768952963374
0.8450553927706184	-0.7607497061203873	-0.061937395048241486	-0.023872867902917438
0.8450763334523759	-0.7607038347739219	-0.06193004744322488	-0.023560555566084447
0.8451062736495231	-0.7606313949095195	-0.06192052759084249	-0.023247210287831083
0.8451572556896757	-0.7604903772377125	-0.06190565019228823	-0.02291061271323004
0.8452343634695533	-0.7602309999368987	-0.06188453760306143	-0.022578079763275413
0.8453596923292753	-0.7597077592015314	-0.06185138246031344	-0.022229616038184286
0.8455000738870074	-0.7589708549721762	-0.061814703101895914	-0.02195863989897683
0.845658891056177	-0.7579555937591684	-0.06177332825688261	-0.021741918177302123
0.8458463321506936	-0.7565037657937521	-0.06172445749437458	-0.021535414308312538
0.8460744959797799	-0.7543656467105715	-0.061664764890864934	-0.02133445018735831
0.8463788849206306	-0.7508874630328228	-0.06158472169862368	-0.02111978815054283
0.8468713072181007	-0.7438793451328499	-0.0614547876575216	-0.020866461422797668
0.8474700092573212	-0.7337870658512834	-0.06129709540866804	-0.02062505926209361
0.8482565800708621	-0.7180190680405026	-0.06108975262602938	-0.020377792953555067
0.8491869932870914	-0.6976498500119752	-0.06084576903358973	-0.020146394691713365
0.8503890231225476	-0.6697507048147181	-0.060534002284338875	-0.01991912536329364
0.8520895407586588	-0.630570909915787	-0.06009714479267522	-0.019660607296181343
0.854738986086627	-0.5756627053761683	-0.059426628539763444	-0.019351543292810712
0.8592813270150452	-0.5028473666210528	-0.05834115013588831	-0.01897978562776237
0.8656872144625847	-0.4350467547404664	-0.05677694435988774	-0.018591115858114203
0.8731424029803998	-0.3853308625749726	-0.05494291292197815	-0.0182465381851395
0.8824533504863575	-0.3474749693679414	-0.052529620634729775	-0.017886203383858563
0.895298085396753	-0.3178559163442166	-0.049027365519264086	-0.017465256805002882
0.9097644819054455	-0.2997187040505884	-0.04444322057124897	-0.01700845985378107
0.921685832410685	-0.291510438186774	-0.039933772669450064	-0.01662547689720276
0.9316118911879954	-0.28767846010939	-0.03526244377235461	-0.016249370664814668
0.9396236180846554	-0.2854539313660094	-0.030312067792696934	-0.015871094365402773
0.9457003295547123	-0.2839533541537523	-0.02503489708092691	-0.015456582714640588
0.9496739598723702	-0.2827302461414531	-0.019771890562698326	-0.015033322920050584
0.9519599756475691	-0.2816231255017564	-0.01470326054030012	-0.01458103152025554
0.9531912051864714	-0.28058672549063257	-0.009747049890204626	-0.014097154775733966
0.9536856359692523	-0.2796682918531097	-0.005100122052262596	-0.013565075761972231
0.9538588655904877	-0.27896848502560023	-0.0012113968688845789	-0.013037286965436788
0.9539609677879729	-0.27823080952997764	0.0020899002459458527	-0.01249937254270242
0.9540450435291684	-0.27771769720076284	0.004413359122137264	-0.012046073753119776
0.9541331358770111	-0.2772848820678029	0.006268535525734996	-0.011618816006996768
0.9542530830747836	-0.27676530126736354	0.00821407075880183	-0.011081719301700982
0.9543605978937723	-0.2763165941901839	0.009598321450944566	-0.010616416898716601
0.9544415549007089	-0.27597677848794044	0.010470836395577499	-0.010264334725415564
0.9545216662916093	-0.2756335397563891	0.011224396609365729	-0.009928103584536122
0.9546086686082663	-0.27525456205143206	0.011895222288103934	-0.009565324148225366
0.9547173515794543	-0.2747770811158824	0.01259492505060254	-0.00912993606838411
0.95487555496816	-0.274071160414909	0.01334984843642267	-0.008542857425258404
0.9550874777417765	-0.2731235936718456	0.014065786438457066	-0.007848149040267045
0.9553336888204759	-0.27200924346182453	0.01462100589490268	-0.007157612500086101
0.955615474556836	-0.27073880447565674	0.015098102614301483	-0.006494268518537903
0.9559301198997695	-0.2693090110621607	0.01555985804605661	-0.005855202393957172
0.9559949326447348	-0.2690276536677872	0.015638974038813664	-0.005729119296255945
0.9560572833669325	-0.26878578547484716	0.015758834998904372	-0.005575125473361241
0.9560820792174619	-0.26887714902190163	0.015822733061739116	-0.005492374008260408
0.9560534446159052	-0.2692877019146334	0.01588887224103871	-0.005404444132177286
0.9559670272330083	-0.26989055866382705	0.01594485571741739	-0.005325322828250997
0.9558528112274519	-0.27049503822435733	0.015994527962503162	-0.005250333553570597
0.955752822239455	-0.27090656411949043	0.01603567827238502	-0.0051779696224021655
0.9556787824901196	-0.27111683763336014	0.016074011350397766	-0.0050975200756250135
0.9556403224430201	-0.27115051879617336	0.016111676963233224	-0.004999411231731293
0.9556352352231026	-0.2710980046384541	0.016147875193652097	-0.0048871544470821884
0.9556453315384305	-0.27105146135765074	0.016198987645418574	-0.004741736166212224
0.9556554297067001	-0.2710363198999712	0.01625610137639751	-0.0045396215516385514
0.9556614270118751	-0.27103282484477853	0.01635530168978974	-0.004228483863731411
0.9556684568674096	-0.27102117468854103	0.01655692225777231	-0.0036209837916176225
0.9556768925861324	-0.2710067362618896	0.016792014419321717	-0.002807906074116495
0.9556867867073289	-0.27099284965483056	0.017024578250510337	-0.0016065606289698362
0.9556937492638878	-0.2709846715621821	0.017158313557329774	-0.0005273564697131413
0.9556980620765346	-0.27098016956142484	0.01721648558346183	0.0002431128974822675
0.9557017392960159	-0.2709767461587149	0.01725246462144758	0.000896400367389874
0.9557042707541147	-0.2709745860701251	0.01727100125812494	0.0013155202221491712
0.9561157866705309	-0.2712075964260724	0.017271002354262457	0.0013195248845693057
0.9590836486338201	-0.27301250710252783	0.01726770326878203	0.001327544762247071
0.9666105629343499	-0.27797047327939284	0.017250778983286478	0.001335564013507047
0.9796982978427247	-0.28704523329198706	0.0172053241949603	0.0013437479449813893
0.9999164929795771	-0.30162940275622807	0.01710177317516479	0.0013526914938961077
1.0272214307554806	-0.3219904112054748	0.0168988000593755	0.001362382241382255
1.0607455122978704	-0.34741993532024024	0.016529206700643416	0.0013727617347304346
1.1110989869977974	-0.38548031879485034	0.015676123570052845	0.0013870521513895864
1.1276823480906046	-0.3977376015787344	0.015276458418000339	0.0013916923582217681
1.1496192038575186	-0.4139051531333521	0.014613979355438785	0.0013981594054372198
1.1726786941534741	-0.4301568158006405	0.013613164938336253	0.0014059831655090053
1.1910882156899836	-0.44207897863981166	0.012317853876573387	0.0014138571517952753
1.2040178624312663	-0.44962191161309184	0.010756782355201853	0.0014213366400816895
1.2126212590569438	-0.4537250725192905	0.008920252527334957	0.0014284218895846933
1.219715957795478	-0.4563294962530578	0.0059833165705920205	0.0014374523747701668
1.2236941524818556	-0.45728650736959703	0.0023748379347972165	0.0014462732853387956
1.2257895438037822	-0.4575469137222441	-0.0019514250172453507	0.0014549397580666777
1.2268850373111844	-0.4576025022141401	-0.007293534535566686	0.001463947463042103
1.227418022770101	-0.45763917517003844	-0.013748019927660372	0.001473368349966888
1.2276209316187616	-0.4576978145615131	-0.02069412858475711	0.0014824766248799446
1.2276918381218251	-0.457772278530508	-0.02850013664174318	0.0014920660082680028
1.2277036008658953	-0.4578473344589046	-0.037479512727697784	0.0015028825839881708
1.2276885608087804	-0.4579095754421265	-0.0478691584207214	0.0015159642342896847
1.2276661874045875	-0.4579455554391506	-0.0579359406454956	0.0015304495130970003
1.227646109885581	-0.45796074712165413	-0.06691706259179757	0.0015469746607166025
1.22763225798695	-0.45796353870736567	-0.07376733636121469	0.0015654321243726583
1.2276249714275589	-0.457962030384944	-0.07791342636187579	0.0015841859040951322
1.2276218569571622	-0.4579605533395813	-0.08001830098356957	0.0016023687634664288
1.2276207660858707	-0.4579599441214714	-0.08112012063757307	0.001621069135148685
1.2276206861843941	-0.45796000006237336	-0.08157061252602277	0.0016414892193106854
1.2276211450864847	-0.4579603965853455	-0.0817320058497226	0.001663571157542204
1.227621980567735	-0.4579609537557013	-0.0817859523987108	0.0016878826659273895
1.2276233466443074	-0.4579616545701261	-0.08183879672277496	0.0017174574955582528
1.2276250874024266	-0.4579623218048279	-0.08192505485645035	0.0017201050124715754
1.2276266515513865	-0.45796278995998696	-0.08200494826872252	0.0017021836271673245
1.2276282774462588	-0.4579631889897335	-0.08207378698544493	0.0016665140676845724
1.2276275654329376	-0.4579635966255705	-0.08212430384025694	0.001628761552763475
1.227627300639049	-0.4579638431171529	-0.08217105322130402	0.0015822128667762007
1.2276281749574005	-0.457964054471124	-0.0822178766182371	0.0015225033460099565
1.2276298933866678	-0.45796429850766235	-0.08227385241889777	0.0014307927278791547
1.2276322334216088	-0.4579645826449318	-0.08233700264350166	0.0012795432060110409
1.2276343650337027	-0.45796481038281533	-0.08239368895854723	0.0011088269670458013
1.2276366061263198	-0.457965016433817	-0.08245008243908294	0.0008990077217063425
1.2276398406361222	-0.4579652599934919	-0.08252144356501734	0.0005195614913591686
1.2276435277979894	-0.45796547438523133	-0.08259747856862062	-2.192856728106332e-5
1.2276500352683712	-0.4579657304701974	-0.08271399909003863	-0.00133006769819532
1.2276564949686684	-0.4579658658073367	-0.08281697073294275	-0.003147846053792671
1.2276624987876743	-0.45796590932061193	-0.082899281383022	-0.005316492303334943
1.227668198306787	-0.45796589318523306	-0.08297242182149772	-0.007658143136415527
1.2276731318333436	-0.4579658426000176	-0.08303196665237536	-0.009674447595081126
1.2276780244611791	-0.45796576545124745	-0.08308252817547734	-0.011411558016317328
1.2276825331166765	-0.4579656722794372	-0.08313040846294925	-0.01267799076235154
1.2276875839967252	-0.4579655514112917	-0.08318087164472915	-0.013643916351646357
1.2276929687131415	-0.4579654065060679	-0.08322829579001174	-0.01427816424647675
1.2276971247246427	-0.4579652850497525	-0.08326445300845764	-0.014592331445054004
1.2277008198914832	-0.4579651717371328	-0.08329552832772869	-0.014771962863027063
1.2277045220968574	-0.45796505471358867	-0.0833256409084798	-0.014915787776831037
1.2277086188441337	-0.45796492142117545	-0.083357745500338	-0.01504736388018898
1.2277132561496522	-0.45796476148344584	-0.08338802105183649	-0.015184195870111472
1.2277190539523934	-0.45796457585957356	-0.08342778833220063	-0.015333767813924686
1.2277265968205318	-0.45796434183803436	-0.083476096556092	-0.015513145248012204
1.2277357551519648	-0.45796409423722906	-0.08352199236903701	-0.015702227412596866
1.2270672700105374	-0.456751371722582	-0.08351120513022249	-0.015702721586091345
1.22283451811596	-0.4490065708218891	-0.0834135327315928	-0.015703802991254727
1.2143935935874683	-0.43377521721260504	-0.08314521767570252	-0.01570502542471997
1.2014602115468827	-0.411291766295669	-0.08260365636732878	-0.015706558434016075
1.1831895005923772	-0.3810119690080075	-0.08160481952587029	-0.01570859100944555
1.1562693046162467	-0.33894215266909133	-0.0796687258722527	-0.015711497773020954
1.139752359731029	-0.31444553262267283	-0.07828515938204841	-0.015713186457896405
1.1228688432020641	-0.290271605964171	-0.07666545507493339	-0.015714771452420378
1.1123557881877468	-0.2752430159856593	-0.07548227000979826	-0.015715612198469633
1.1031401802434841	-0.2621588951433948	-0.07441615512652279	-0.01571626992558445
1.0874780634496723	-0.23936570436064886	-0.07215330552337007	-0.015716949950389563
1.076342338459047	-0.22213041088036706	-0.07006633220208772	-0.01571650189522942
1.065560302470242	-0.20364893343558432	-0.06714906977912877	-0.01571330819736525
1.0587978138207996	-0.18991361599581294	-0.06418212256263779	-0.015705158684967198
1.05535569752567	-0.18100408760481468	-0.06143918477282571	-0.015690043939720726
1.05401311042444	-0.17610928016740568	-0.05932048046532255	-0.015668507970113113
1.0534760172509516	-0.17312700635387995	-0.05737908233565281	-0.015635574084177702
1.0533439276000205	-0.1716387841195495	-0.05593046260802502	-0.015594666989882253
1.0533316914140787	-0.1707200864213413	-0.054484134936034184	-0.015527869636028428
1.0533644977321763	-0.170240826643126	-0.05315945924311844	-0.015412466046853
1.0534023787668023	-0.17004771360917403	-0.051983681291730775	-0.015194872575330334
1.053425186273634	-0.1700143650123173	-0.051194017178369994	-0.014864789549938692
1.0534348259721178	-0.17002341164249601	-0.05075188165648829	-0.014463147498266802
1.0534386728271627	-0.17003484302825525	-0.050517743282513475	-0.014023572917862572
1.0534399925850495	-0.1700430400053755	-0.0503381304483071	-0.01352859829517604
1.0534400831922088	-0.1700486884701606	-0.05020757517618257	-0.012968558503829974
1.0534393987504218	-0.17005308795119756	-0.050101552980067	-0.012275988698531758
1.0534383518094472	-0.1700561664090764	-0.050027677283900174	-0.011538499010441818
1.0534374192013019	-0.1700580948891272	-0.049980754385350205	-0.010811839907907773
1.0534369131944605	-0.17005897221933497	-0.04995535916638002	-0.01018730230378036
1.05343672805223	-0.17005925515607573	-0.04993968247193089	-0.0095733785332175
1.0534367721057554	-0.17005915265162938	-0.04992915068622015	-0.008914494325434367
1.0534369704518123	-0.1700587917214342	-0.0499215243587898	-0.008184125248248516
1.053437285462282	-0.1700582239341592	-0.049915396157626954	-0.007294888183925109
1.0534377250713787	-0.17005741732983554	-0.04990984894070269	-0.0060973564703499655
1.0534384179316152	-0.17005609731064295	-0.049903558219215514	-0.0039125079671890415
1.0534391703967243	-0.17005458598832981	-0.0498981782424485	-0.00066261914554285
1.0534398519150234	-0.1700534303962095	-0.0498947618481381	0.002751557775630624
1.0534404923550649	-0.17005234830312002	-0.0498918706203152	0.007130775236473638
1.053441000011345	-0.17005127915435175	-0.04988918644250476	0.013261350155071117
1.0534413553902537	-0.1700501878548468	-0.04988655137548656	0.022556342511453845
1.0534416177127923	-0.170049024590689	-0.04988381431747344	0.038395366008823734
1.0534418086633992	-0.17004797252444095	-0.04988140130018183	0.06226591452941324
1.0534419546749167	-0.17004700942371567	-0.04987930150410945	0.09758301604209317
1.0534420203155737	-0.17004639511410516	-0.04987809664109066	0.12838313435805604
1.0534420434926681	-0.17004584387238952	-0.04987718887512462	0.15771413676536383
1.0534420187539064	-0.1700453449651277	-0.04987653817315861	0.17967390280064077
1.0534419393223229	-0.17004484384226232	-0.0498760089763965	0.1945058292658377
1.053441814367923	-0.17004436622276364	-0.049875563565905244	0.20291876360005529
1.0534416456502684	-0.17004387945170565	-0.04987512502903997	0.20779108368957908
1.0534414294327246	-0.1700433601580072	-0.04987464706291818	0.21066357287864376
1.0534411526196412	-0.17004278158814992	-0.04987409154761004	0.21239946244094823
1.053440765979496	-0.17004206940172178	-0.049873390191240374	0.21353782312530842
1.0534402591855674	-0.17004124383468416	-0.049872615090892296	0.21425881634117114
1.0534397436661387	-0.17004048756034248	-0.04987201320153026	0.21469133302261909
1.0534392658017901	-0.17003983806749445	-0.04987162614967759	0.2149926849116889
1.0534387661631648	-0.17003920054630353	-0.049871390701314314	0.21527505432750896
1.0534382070667219	-0.1700385336082515	-0.04987130889604615	0.21556082449181072
1.0534375153280624	-0.1700377734626699	-0.04987141478007879	0.21588327539916494
1.0534366302304015	-0.1700368953452003	-0.04987177425073034	0.21624154980532362
1.0534353878884464	-0.17003580845668503	-0.04987251548382295	0.2166631662964443
1.0534335268220045	-0.17003441153826332	-0.049873859533246495	0.21717030231870274
1.053431696594938	-0.17003323028848544	-0.049875308903930146	0.21757094467177496
1.053429734524605	-0.17003211433503596	-0.04987692063707316	0.21792902295987265
1.053426947831275	-0.1700307226336852	-0.04987925591881702	0.21834870790444957
1.053423607549827	-0.17002927198143014	-0.04988209876228485	0.21875957870655469
1.0534176662574366	-0.17002708558656207	-0.049887237525158924	0.21933355790506062
1.0534087496824205	-0.17002441094681137	-0.04989510177455802	0.21996985195383295
1.0533990922732175	-0.17002204779990987	-0.049903792727401836	0.22047505510262266
1.0533890841338391	-0.17001998284259107	-0.049912977811010194	0.2208756200341276
1.0533790696352774	-0.17001817824526405	-0.049922361723731434	0.22119498855265726
1.0533693012450684	-0.17001660424767842	-0.04993164263361726	0.22145185352369617
1.0533601865284854	-0.1700152335863535	-0.04994062097615223	0.22165785907601662
1.0533521009934443	-0.17001410360191843	-0.04994890863640959	0.22182603824724595
1.053345505465927	-0.17001325849147492	-0.049956064429906355	0.221960092995892
1.0533442174954384	-0.17001311007429504	-0.049957550252915595	0.2219871937604349
1.0532408846353154	-0.16999393930355483	-0.049957462754022866	0.22198637962083645
1.052371109434196	-0.16979912170818956	-0.04995623587078528	0.22197647598901976
1.0443380799834094	-0.16742718974011078	-0.049935237957968434	0.22182722348061756
1.0290002357668466	-0.16236824732412244	-0.04987790231108465	0.22143113405373055
1.0045331030277627	-0.15348312776090267	-0.04975723274656303	0.22060642242882736
0.9686941311469376	-0.13986167214346779	-0.04952121933897988	0.21902918210496453
0.9077316790339979	-0.11664292969312173	-0.04896171837450634	0.2153434920535976
0.8573365510493246	-0.09843051606276151	-0.048342164698319395	0.2113956719895225
0.8105913656286009	-0.08283446894743322	-0.04766921438366083	0.20699249699751673
0.7728879427325241	-0.07133295114905791	-0.046999793983570945	0.20290654881373105
0.7358519303033897	-0.06105016611915908	-0.0462392518479106	0.19841733564899988
0.7241510997236278	-0.058024127915308435	-0.04597217407024969	0.19688092853774633
0.7083557473982564	-0.05406069419363538	-0.04559387889459941	0.1947370065187723
0.683008265125703	-0.04799595291001407	-0.04493153142605792	0.1910729893530705
0.6443523815228676	-0.039302267607391625	-0.043851932091625676	0.18480923680822106
0.6078483990722041	-0.03153882040659143	-0.0425797584936434	0.17793683165780835
0.5778437860113247	-0.025343802207854434	-0.04136374581568743	0.17138871441723375
0.5534538086701453	-0.02028848356529015	-0.04020422500066934	0.16531219790961077
0.5344341782578238	-0.01621388362333171	-0.039199015472277325	0.1600044333441569
0.5192268722639766	-0.012760392190782427	-0.03830303369942417	0.1553491325907766
0.5061746876318127	-0.009549474523341053	-0.037460007350654766	0.1510137550207908
0.4936499294711079	-0.0061520695133746445	-0.0366265944181153	0.1465432253677274
0.47821001602523916	-0.001257070789648887	-0.035488857017679724	0.14057184114526067
0.465689222383506	0.0037640039460307417	-0.03451917419744796	0.1353301335992644
0.45707771056731206	0.008277822704802908	-0.03380941732575454	0.13148191146037846
0.44938120846331336	0.013554670387394156	-0.03315028449965244	0.1278734422467839
0.4419359702393804	0.020457275225823454	-0.03251970593057929	0.12422142511458419
0.43417063627888103	0.030664469168931098	-0.03183784432950934	0.12024504570035204
0.4254044328894371	0.04836826684025304	-0.031061019686547328	0.11553616566112333
0.4170677981844612	0.07543950464830884	-0.030364032785657386	0.1108402140554872
0.4103420246288844	0.10887198422849344	-0.029813812816769092	0.10687696048256205
0.40465618574115597	0.14800945364153875	-0.02938000509612306	0.10340805716238008
0.39949297738780815	0.19290433431145543	-0.029026349237020868	0.10017028111575213
0.3941241562238526	0.2474032544473729	-0.028715412840646846	0.09670132030161158
0.3910235228925592	0.28048677985922904	-0.028593280354387504	0.0946583465824725
0.387835090216021	0.3136952473871553	-0.028481305383997547	0.09253765208531706
0.3853592064462138	0.33778203488845754	-0.028422012831918475	0.09087100999849106
0.3833217521899103	0.35590482543606106	-0.028394044815929907	0.08947759074018585
0.3813738991373744	0.37157803261348743	-0.028386790333956108	0.08822067359809238
0.3793106253522272	0.3863687568188349	-0.028402117408582526	0.08681041742641965
0.3762161027039063	0.4048390643514787	-0.0284744417241235	0.08462556621136978
0.373841754081548	0.4159115116251559	-0.02857493836138457	0.08302529859548953
0.3719629189029856	0.42283833298110096	-0.028685312549056673	0.0816673906485389
0.37010336797438315	0.42828307711172164	-0.028826593155776785	0.08028244558710498
0.36816698547719845	0.43274783395689603	-0.029010889005168697	0.07888525573296472
0.36595118671136695	0.4365618140423281	-0.029268571651502387	0.0771996089137399
0.36317658187841373	0.43985246862963245	-0.029664308622324206	0.07511217959674303
0.3599027137809479	0.4422168124070136	-0.0302433447912675	0.07256792370393297
0.35616336351764194	0.44362178279633624	-0.031124018600546165	0.06969715180706161
0.3525187435671228	0.4441357907108247	-0.032160160577960915	0.06676997459649797
0.34972371925867923	0.4441712320844432	-0.033116602720020316	0.06459912693082241
0.34746715288179103	0.444064564626867	-0.033977784894132515	0.06275790987860644
0.3454206314859964	0.4439007253522619	-0.03483744128755374	0.06109638171664656
0.34341227021038595	0.44370701901546933	-0.03578525018212515	0.059410504327014745
0.34129817001099844	0.44347156182288716	-0.03682719319581837	0.05766557542076599
0.33908349041819463	0.4431685538137727	-0.03800205807774974	0.055792029016063005
0.33702977963853453	0.44282061505927944	-0.039134070828680464	0.054127818191775236
0.3351239339059048	0.44239933662371456	-0.04025572459228487	0.05254108493783523
0.3331021360488347	0.4417986107958394	-0.041455279118276844	0.05092384339439856
0.33162556094586987	0.4411983646080223	-0.04233599084772547	0.04972325506862545
0.33014447044421147	0.4403299158639326	-0.043272648245625836	0.04856205517968275
0.3276538859076392	0.4355939090138452	-0.04475339696356753	0.046788212129138765
0.3270330705948229	0.43322171125155623	-0.045133546673221926	0.04643832056152494
0.32575809597192423	0.42444995221337156	-0.04577865184129659	0.045866170800133575
0.32431097382894464	0.4105272531155704	-0.04637697263357073	0.045467960242308404
0.3225801310834711	0.3929469263318749	-0.04701167154593058	0.04515729940946729
0.3202896679361695	0.37083652137440504	-0.047876584349349216	0.04486946371892358
0.31722682177321365	0.3449283824664182	-0.0490113284766987	0.0445904514382262
0.3136205299244511	0.31881086757054966	-0.05045459133474086	0.044377501652162685
0.3088500073146827	0.2898652762495484	-0.052499024320182705	0.044111221475641185
0.3021028355937873	0.256169425997099	-0.055892882146392854	0.04379132487556583
0.29340570739213256	0.22097963851243427	-0.061065661730463405	0.04342643558147548
0.2829954142296305	0.18668424663498578	-0.06867728589170999	0.04301887169346905
0.27212694273856364	0.15721455299665174	-0.07905840068931755	0.04260618121252873
0.26442891577038197	0.13966365745283116	-0.08916823067838742	0.04236299792735989
0.2581221765058045	0.12729911887160586	-0.10055079829197835	0.042146857029995946
0.25068895229819166	0.11509396650424722	-0.11938867994403593	0.04191178267680006
0.24356782075171346	0.10553114652019517	-0.14376357672058523	0.04170977775289561
0.23688986148442814	0.09806999973878111	-0.17161366050891289	0.04153920453132724
0.22923955933203974	0.09086043557943596	-0.20667640782837599	0.04136141484271404
0.22165877046471957	0.08474324638310819	-0.24108325293917454	0.041198582245104635
0.21404168808902488	0.07935652696211896	-0.27203719587580116	0.04104388635446953
0.2047009959713355	0.07350812579729232	-0.30303503270284726	0.04086115892271826
0.1969900883427661	0.06916905684976354	-0.32296690667881534	0.04071336938458598
0.19030696742081166	0.0656926765576599	-0.3369666899928603	0.04058594519364811
0.1820395063828186	0.06168952900104968	-0.3516405315608348	0.04042725597154693
0.17632615165271248	0.05908800736777241	-0.3605056177133426	0.04035891970639262
0.1704993771151598	0.056557012356063405	-0.3687584358011047	0.04024540056900182
0.16293981374340413	0.053429402999013664	-0.3788381279536722	0.04009431435238805
0.15577982298070667	0.05061064350850244	-0.38754267988860897	0.039947072941486736
0.15096740179133428	0.048778837358983744	-0.39311555836074036	0.0398460410044302
0.1474406738385716	0.047465198192345986	-0.3969590086783653	0.039771227816374974
0.14426088336301165	0.04629344006485699	-0.40035663752979506	0.03970313439725218
0.14011039782576717	0.044777088579112674	-0.40475970791223775	0.039613819438992726
0.13706529437637896	0.04367392286881489	-0.40786759755815977	0.03954844041169809
0.13473834287022418	0.04282751855080695	-0.4102283975935355	0.03949865811374368
0.13248878604539185	0.041999158984466566	-0.4124701896266203	0.03945101298158179
0.13019021326672114	0.04112211065076456	-0.41473288077303594	0.03940291885237971
0.12759143703752793	0.04004371430440472	-0.41726760157195864	0.03934974700141415
0.12482996039460661	0.038625101972908124	-0.41998103812911747	0.03929554289617892
0.1227641666076793	0.03703582658429428	-0.4219631623151933	0.03925554565234861
0.12102885117507363	0.0349380026777413	-0.4236197241839185	0.0392242478789108
0.11938948932157621	0.03152548653495205	-0.4251489748186333	0.0391964522103703
0.11800098759034111	0.025972970407265577	-0.4265232801788053	0.039172690312317696
0.11660288309849715	0.016726567031056284	-0.42784863415488567	0.03915130684029121
0.11562539011356296	0.007060672195538818	-0.4287552617972676	0.039137314645114565
0.11481140379381598	-0.0031133456038972968	-0.42950788456496847	0.03912615794592464
0.11404058685237091	-0.0138110271537474	-0.4302311575723252	0.03911600815391292
0.11323628757445267	-0.024837760014472424	-0.4309730444176353	0.039105833163063736
0.11233011614617135	-0.037020202947777615	-0.431947454878164	0.039093072754242945
0.11126392138804458	-0.04542647903700454	-0.4329431650651048	0.0390807293596667
0.11049797316168622	-0.048860881877840184	-0.4336577341061008	0.03907242169372011
0.10978596722143161	-0.05060586226566185	-0.4343193556308753	0.039065127155498154
0.10906512369479346	-0.05165099414034129	-0.43499044194808434	0.0390581797029229
0.10834395677602662	-0.05227016215399741	-0.43573082473231606	0.039051038202311567
0.10744525184765362	-0.0527114661915026	-0.43658612444171846	0.039043645801837154
0.1063341326575478	-0.053138334913647015	-0.4376323698076059	0.039035853565787176
0.10498556803216876	-0.053649563521659144	-0.43897842093346096	0.03902837093180475
0.1030988470877258	-0.05435228668179834	-0.44082853696920593	0.039023570097775975
0.101062358232771	-0.0551636634036459	-0.44281702215173707	0.03902703587583235
0.0994003126119743	-0.055840421995487124	-0.4444681692702638	0.03903919075162719
0.09810186177265219	-0.056402678189542824	-0.44578762624863516	0.039058323820265146
0.0971419711707351	-0.05681976495504129	-0.44673937003287867	0.039079661525216185
0.09623421086153319	-0.057226886066562455	-0.44762697420940395	0.0391056407672795
0.09574404439156396	-0.05740771970762504	-0.4481057633580155	0.03912133502092771
0.09533414628923403	-0.05758897295621901	-0.4485058045510792	0.039135290454864274
0.09484022963158022	-0.0578163444557386	-0.4489463596029478	0.03915120937327096
0.09434354259754543	-0.05806539487754449	-0.44937824851441	0.039171008219476715
0.09398660119037819	-0.058256672912055926	-0.4496886065274226	0.039190674883428304
0.09377195037663481	-0.058378348321478826	-0.4498633099449476	0.039206430752742744
0.09377148960423155	-0.058375471962274036	-0.4498694078517619	0.03920651204410004
0.0937705579949885	-0.05837834751499121	-0.4499225924813206	0.03920685101209401
0.09376844476078104	-0.05842939940260071	-0.4504682942562976	0.03920907995802816
0.09376586514926684	-0.058597979490437796	-0.4516764567960552	0.039213534604443184
0.0937577502968924	-0.0595743246595545	-0.4554790709101577	0.03922702228275499
0.09374105200984771	-0.06236928365529051	-0.4613266304719259	0.03924281354036381
0.09371445732600137	-0.06766714585323719	-0.46749202561022846	0.03923686356080712
0.09368399242229498	-0.0747760751053721	-0.47266768561441147	0.0391741905572544
0.09366500210223264	-0.07974261937430802	-0.47546721395058666	0.03910660733067278
0.09364313345566169	-0.08600851284350503	-0.4781676185390638	0.03898839336040712
0.09363162614951855	-0.08956242629593976	-0.47941157820692504	0.03890215002097985
0.09361534638753156	-0.09484499732770665	-0.48106100079700326	0.03876099181649092
0.09359125386566705	-0.10321375553663287	-0.4832135583178373	0.03850187413625294
0.09356958688571482	-0.11126163944162176	-0.4848720960472768	0.03822714073293878
0.09354179388767037	-0.1221939556947067	-0.4866533574650874	0.03783877990121478
0.09349789339993647	-0.14041820321575615	-0.4888123328640826	0.03720512572630684
0.09345395929716817	-0.15928461652725126	-0.49037039512676306	0.03673542500662463
0.09341832698418269	-0.17500993999216208	-0.4915068822884926	0.03628577016129977
0.09338206976650697	-0.19071869422667573	-0.49221002403402697	0.03585608740991497
0.09334405633059951	-0.20656460103122343	-0.49276749844409595	0.03542725027896842
0.0933069987957258	-0.22113935308619734	-0.4931816355106968	0.03505760484856982
0.09327513849975187	-0.23285447020147443	-0.4934602997507432	0.03472369679052033
0.09324652318211794	-0.24267409456188693	-0.49366320792021223	0.03442288976181672
0.09321518132058991	-0.2526360129988262	-0.49384498877620264	0.03409320395597186
0.09318144539121698	-0.26243209647722604	-0.4940031820852283	0.03376760212467006
0.09314377609917679	-0.272269781764383	-0.49414393719936156	0.03340198892782802
0.09310850971803303	-0.2804827236737315	-0.49424876570417225	0.033071846347859216
0.09307061493176089	-0.2882270766013372	-0.4943389020380484	0.032730543008034955
0.09302647618922576	-0.29627221776861284	-0.4944213893525475	0.032350388986885754
0.09297055003392367	-0.30466383753353593	-0.49450020592116867	0.031944789102710924
0.09289226730432035	-0.31420447613285174	-0.49457727170127336	0.03138316209808345
0.09278080165729835	-0.3238079282428371	-0.49464532535749967	0.030672688829450276
0.09260616917571826	-0.3334429429855292	-0.49470033227653376	0.02991055640508239
0.09253859252479008	-0.3375455031107258	-0.4947191405495907	0.02960208025760668
0.09244421354012622	-0.3395317595918875	-0.4947265221956138	0.02942550606427354
0.09236229085356654	-0.340784099009763	-0.49473051599499324	0.0289457904659371
0.09228445089715491	-0.34168758582658304	-0.4947331238168553	0.027434999886876976
0.09219547689004254	-0.3424793813873806	-0.4947352881021514	0.022953643519426997
0.09212110253599788	-0.3429917822900473	-0.4947366741901933	0.014940771329842142
0.0920280658615359	-0.3436511039508209	-0.49473805357799355	-0.00529410660046075
0.09194666206886981	-0.34396240486760116	-0.4947390338963213	-0.03921312635948338
0.09187202928430703	-0.3441863617894262	-0.49473980348755575	-0.09128398310613113
0.0918000777917705	-0.3443611202487784	-0.4947404625363353	-0.16616901242495566
0.09173091852053729	-0.3444993358019024	-0.49474104008703484	-0.261267400594123
0.0916616425798144	-0.3446143500828943	-0.4947415775351207	-0.37170082021259715
0.09158651340104661	-0.34471767785380036	-0.49474212538933066	-0.4922352908233264
0.0914879997516019	-0.34482655784530325	-0.4947428029260298	-0.6245034647732816
0.0914012236315134	-0.3449023571803809	-0.4947433701811684	-0.7041426015063337
0.091315995980939	-0.3449630286035925	-0.4947439136502537	-0.7522480136219536
0.09123263255452495	-0.345010794128734	-0.4947444268354833	-0.7782144640721693
0.09114506194809312	-0.3450515662640335	-0.4947449541732579	-0.7921104228860023
0.09104540927372545	-0.34508860552912546	-0.4947455410272431	-0.8002153534670738
0.09092259420464238	-0.3451237834532957	-0.4947462488088226	-0.8041589216497561
0.09076714312453546	-0.34515619005509746	-0.49474712472691545	-0.8060451545504379
0.09055270997514167	-0.3451859487571677	-0.49474830398049835	-0.8071015724601439
0.0902338972337927	-0.34521131716106307	-0.4947500091083354	-0.808118836618936
0.08970324810517857	-0.345230201433962	-0.4947527696450013	-0.8098385908572789
0.08872272953182084	-0.34524148027408214	-0.49475820735804066	-0.8131443970094847
0.0866462041222946	-0.3452479450936473	-0.49476877891739746	-0.8185000196526826
0.08385173190314511	-0.3452578945491522	-0.4947841764116793	-0.8243264728657433
0.0809472253178511	-0.3452722561618371	-0.4948022118764454	-0.8292267429839036
0.07818529701483944	-0.34529011043712676	-0.4948234234544757	-0.8333557520653985
0.07583351451972566	-0.3453109192171008	-0.4948476342508802	-0.8367435333292604
0.07406442053887596	-0.34533365165162666	-0.49487351343489094	-0.8393857194876575
0.07297499891927783	-0.34535693781223853	-0.49489945385545037	-0.8413839186980382
0.07231472810090925	-0.3453746022650681	-0.49492406261589933	-0.8428740560388889
0.0719479440614739	-0.34539616418606284	-0.49494789887239937	-0.8440283023260566
0.07175943653323391	-0.34541789591025596	-0.4949712021190139	-0.844995866399765
0.07167857027218877	-0.34543976095115053	-0.4949929054385107	-0.8458038791640473
0.07164171299859581	-0.34546152680344083	-0.495013409416737	-0.8464887248917503
0.07162012302769824	-0.3454827525282474	-0.49503272782484065	-0.8470701420720949
0.0716014456541965	-0.34550291205708056	-0.4950504799352555	-0.8475622828435179
0.07158250443303797	-0.34551829736099904	-0.4950661269517671	-0.847976749645983
0.0715645384423665	-0.3455348420891547	-0.49507923245961327	-0.8483202078838487
0.07155493300669799	-0.3455439222846001	-0.4950857960067793	-0.8485069390478424
0.0715549131601127	-0.34553669164060874	-0.49552559169780036	-0.849499421949436
0.0715550923455204	-0.3454753781068398	-0.4989942634034287	-0.8561616879912606
0.0715601134922238	-0.34493379400837343	-0.5255768361107698	-0.8940825347971398
0.07160897120973721	-0.3441016569586744	-0.5639414340984816	-0.938668879379364
0.07163154720658578	-0.34292523302981937	-0.6153090977431089	-0.9897213013452484
0.07168973593703933	-0.3410784940966837	-0.6896339454343385	-1.0548116459303118
0.07174815775708054	-0.339794446725795	-0.7374934988810892	-1.0939346199390962
0.07182990905775721	-0.3384305627907589	-0.7848706204269816	-1.1323022292368152
0.07188050825802904	-0.33777937555632487	-0.8047817922307001	-1.1480033207392217
0.07194937281065825	-0.3370016394283972	-0.8271918644145166	-1.1645257701101503
0.0721239151553835	-0.33557320491914816	-0.8589173448100003	-1.1850407157208362
0.07244587188151487	-0.33413221558855977	-0.877986093126391	-1.1941247477887253
0.07286669099276939	-0.33307585017169533	-0.8820289979271358	-1.1942824790725521
0.07354560985277725	-0.332307385834064	-0.8810729752604781	-1.1926989152300875
0.07454560574381905	-0.33184129913898375	-0.8793393019363194	-1.1916620172974273
0.07644701716337622	-0.33158859898817095	-0.8783279128098699	-1.1913405772233214
0.07981823186807133	-0.331523653522073	-0.8781640814350216	-1.191396691079909
0.08494490610708852	-0.3315428377971544	-0.878261303579504	-1.191463125277315
0.09295951655322852	-0.33157133667952027	-0.87832587856781	-1.1914842179047944
0.10402915693785836	-0.3315866464769443	-0.8783405509358942	-1.1914877902839314
0.11912530280817786	-0.33159172562383443	-0.8783412242503523	-1.1914909113632637
0.13849686616866602	-0.3315922103485899	-0.878342098700467	-1.1914957049909138
0.16268196615163377	-0.33159169469663063	-0.8783448783909574	-1.1915017939769952
0.1827025994794396	-0.33159147423543645	-0.878347690513383	-1.1915072352297613
0.19614717141747764	-0.3315915216500802	-0.8783498775636875	-1.1915116321563897
0.20615386323750115	-0.33159166936123224	-0.8783518891422006	-1.1915159289637192
0.21397709210817412	-0.33159187150760655	-0.8783540034261313	-1.1915206893447556
0.21993636904850258	-0.3315921301504554	-0.8783563376917605	-1.191526383705766
0.22394101490694218	-0.33159244786950604	-0.8783586493261122	-1.1915329810378774
0.2259714313797762	-0.33159275838923713	-0.878360129550061	-1.1915391101646746
0.22715909265146686	-0.3315931042455457	-0.8783603155791524	-1.1915456583299024
0.2278351244573887	-0.3315935097062466	-0.8783568301020737	-1.191552884022112
0.22820230709629633	-0.3315940481011434	-0.8783393945074057	-1.1915589990639122
0.22829940116551747	-0.33159357041732157	-0.8783172742010166	-1.191563080180645
0.22836348109442237	-0.33159333644161315	-0.8782663448230785	-1.1915635690190982
0.22839659061959725	-0.3315938099519346	-0.8781873046973347	-1.1915671817366644
0.22841536834463516	-0.3315858176925573	-0.8781473530027958	-1.1915697530068106
0.2284292471055802	-0.33156364790972837	-0.8779988534724333	-1.1915718959562105
0.22844091569014485	-0.33154149884215595	-0.877796305587585	-1.191573828116119
0.22845276998584788	-0.3315225172700187	-0.8774025440921174	-1.191575833230026
0.22846260343874344	-0.3315131112873935	-0.8768574317128154	-1.1915774330765454
0.22847423334306652	-0.3315102682689497	-0.8758013325091121	-1.1915791970848424
0.22848447375160646	-0.331513797337845	-0.8744397796440643	-1.1915805549228164
0.22849471099830215	-0.3315209772189694	-0.8726507935975464	-1.191581726516975
0.2285067670167968	-0.33153210072958944	-0.8699982501576702	-1.191582896415628
0.22852337041767967	-0.3315494005918101	-0.8655473379641472	-1.1915842054188288
0.22854993910963725	-0.3315770811039272	-0.8571917213369451	-1.191585796771336
0.22858855088237812	-0.33161252652234063	-0.8442049954005452	-1.1915874552771175
0.22863646455852457	-0.33164803430285006	-0.8276064808658191	-1.191588941998006
0.22870266859847946	-0.3316846148690335	-0.8060730921542639	-1.1915904453471686
0.22880376296786537	-0.331721634059268	-0.7767302142901128	-1.1915920971613851
0.22897426706386698	-0.3317560355925937	-0.7371604007041931	-1.1915940312358675
0.22925300068030285	-0.33177980074364377	-0.691308581031041	-1.1915961737861889
0.22965013683326627	-0.33178873058281705	-0.6493127696235572	-1.1915982729686314
0.23023535590541802	-0.33178592791161093	-0.6123136098279635	-1.1916004798224233
0.23117257836467178	-0.33177368541376606	-0.5818190591642153	-1.191602918645664
0.2326048604127093	-0.33175542843074124	-0.5599065223226952	-1.1916055868672226
0.2347545570632985	-0.3317351657750499	-0.5462962693329004	-1.1916084650131578
0.23808029364892705	-0.33171517089309205	-0.538952049913611	-1.19161168183362
0.2436254152584822	-0.33169642163327406	-0.5353846679008278	-1.1916154882485135
0.2529665412421345	-0.3316800198741752	-0.5340069805202323	-1.1916200272998743
0.26830156116817344	-0.3316662749588918	-0.5334361586925975	-1.191625443934547
0.29326896272926867	-0.3316539556645126	-0.5328886536271381	-1.191631233563602
0.31582433831957446	-0.3316462692834784	-0.5324034840815444	-1.1916368183137547
0.33441492066860484	-0.3316400230256271	-0.5319355578974335	-1.1916428249221207
0.34627804492661085	-0.331634884889658	-0.5315246517869561	-1.191648861155372
0.35313565972360433	-0.3316300972476505	-0.5311269401133084	-1.1916556907131903
0.35614321868775867	-0.3316254244890484	-0.5307336429888365	-1.1916635881208955
0.35699055306864236	-0.3316206568290045	-0.5303431712384574	-1.1916724358383604
0.3570715201175531	-0.33161566164421236	-0.5299744773534415	-1.19168088323124
0.35702033422675533	-0.3316096187509018	-0.5295975637577798	-1.1916905472432624
0.3570403119095753	-0.33160225710631197	-0.529229879842611	-1.1917006624718351
0.3571375786930431	-0.33159223364224744	-0.5288497429595875	-1.191711690480502
0.35731242576806055	-0.3315758408950173	-0.5283983209784123	-1.1917251177651655
0.35757695418768554	-0.3315414415993853	-0.5277843681977714	-1.1917435986873108
0.3580067139228133	-0.3314258754407049	-0.5267830753549029	-1.1917714836056372
0.3586905941716556	-0.3307527194680365	-0.5251174545853811	-1.191818876210985
0.35905412249570084	-0.32992630485763014	-0.5243379787032013	-1.1918400067314416
0.3592141142261617	-0.32894006006584053	-0.5239104939025658	-1.1918530506452245
0.3592744319934094	-0.32818850145766854	-0.5238267943073626	-1.1918609551749482
0.3592809676231758	-0.32739991872488394	-0.523999710581791	-1.1918677215038462
0.3591895864777872	-0.326488672562942	-0.5246057668007129	-1.19187440421784
0.35901793649011826	-0.32564498194810504	-0.5253834040065852	-1.19187994455553
0.3587944252690516	-0.3247597269484448	-0.5260957181280395	-1.1918853249956087
0.35857874159941105	-0.32384475887078634	-0.526533605784738	-1.1918905562641007
0.3584037707965822	-0.3227988754969973	-0.5267081375582956	-1.1918962363954095
0.35829699942955995	-0.3214936826414113	-0.5267028687547812	-1.191903010948188
0.3582675236225627	-0.3198785800752364	-0.5266382118187674	-1.1919111740040882
0.35828469509330996	-0.3177525149582485	-0.526595595904222	-1.1919207516095573
0.3583110130064198	-0.3147543635789975	-0.5265860706581698	-1.1919372367529628
0.3583243269116985	-0.3111899313732658	-0.5265846043206364	-1.1919659351193348
0.35832691699863434	-0.3098515971504517	-0.5265804877315805	-1.1919908373720856
0.3583293667261747	-0.3095142586284902	-0.5265762776844688	-1.1920139779257413
0.3583317348607711	-0.3094586900398365	-0.5265727438351865	-1.1920391829652852
0.35833358109837893	-0.30953804718051353	-0.526569536243643	-1.1920693498242976
0.3583347552272313	-0.3095828679738978	-0.5265668133234679	-1.192103127642406
0.3583347605882567	-0.30958297599549206	-0.5265667928479205	-1.1921034552898038
0.35832341436915116	-0.30962632418095104	-0.5253099147143496	-1.1908764499984155
0.358300711791169	-0.30971084246754	-0.5230112084217438	-1.1887937121721777
0.3581544484955678	-0.3101955566560727	-0.5124232683559837	-1.1809399966232763
0.35755224659600515	-0.3118503685414867	-0.4860529185379677	-1.1650543791072696
0.3561057247346033	-0.31517422983864335	-0.44649450803127366	-1.1447714083715528
0.35302796858547125	-0.3210188833895394	-0.39295497321889267	-1.11949682896674
0.3496978520552038	-0.3264127577198249	-0.35202555228905597	-1.1005068559620022
0.3481416337733862	-0.32883986158359824	-0.3368817020460632	-1.0943422215383902
0.3455438605597277	-0.3322692605247172	-0.3150367831376358	-1.0869542953336506
0.34101872732080546	-0.3370642714125124	-0.2872329222235729	-1.081291051393218
0.33607661420156193	-0.34084096224128085	-0.2676974143744254	-1.0801364407473042
0.3310145599371518	-0.3431414898735425	-0.25584542898842844	-1.0805937485169375
0.3248982203688295	-0.3445201112917895	-0.2486525884315819	-1.0811340380278076
0.3192498265329539	-0.3449289598381523	-0.2466409477149954	-1.081298767101525
0.31436908818115683	-0.34494746255834263	-0.2470335082552296	-1.0812975642453335
0.309717792032925	-0.3449099195702037	-0.24818483677213202	-1.081276404837706
0.3049606954804144	-0.34495464172488793	-0.2495276101310052	-1.0812694424614007
0.29974123786678747	-0.345164161991207	-0.25086073531914493	-1.0812716779598766
0.2951924075586587	-0.34551098758533116	-0.25209525441235275	-1.0812751907705294
0.29205528526550634	-0.3459056785599599	-0.25306931299944935	-1.081278004766663
0.29005886073232373	-0.3463329213185537	-0.2538627209413042	-1.0812808191499368
0.28878679959217307	-0.3467731117361512	-0.2545470032094481	-1.081283629443652
0.28799825827440273	-0.34724593354209166	-0.25517134930102425	-1.0812870778724732
0.287511832743402	-0.3477630579978775	-0.25583977027305915	-1.0812913235204407
0.28715014036938546	-0.34836465678573625	-0.2566366349778746	-1.0812967886298315
0.28676871667166487	-0.3490687992438129	-0.25768220168561573	-1.0813038833148554
0.28649280736967275	-0.3495458876577942	-0.2584841200109387	-1.0813093056220038
0.28621847590333105	-0.34994829977954617	-0.2592854719970952	-1.0813141870463288
0.2857237844919574	-0.3505240404285607	-0.2608314972569153	-1.0813203595589957
0.28466455010133407	-0.3512736740688409	-0.2646093630030385	-1.0813244740933179
0.28404778938828784	-0.3516611319817893	-0.26745923347364686	-1.0813249837854109
0.28282685242299366	-0.3522424025774369	-0.274132515069961	-1.0813264014068769
0.28112061778890396	-0.35300512264378936	-0.28438499343675205	-1.0813274900807786
0.2781706820536299	-0.35419682847743916	-0.3024563602801531	-1.0813285879095644
0.2735104972742406	-0.3558794667266202	-0.33003335676840245	-1.0813297093272516
0.26706379353663195	-0.35790272655468447	-0.3646500576499025	-1.081330853634138
0.25870459917500344	-0.3600954975118533	-0.40322704180467883	-1.0813320983423695
0.25039941505819185	-0.36185139088744533	-0.43519259591569537	-1.0813332435312073
0.2415486859319516	-0.3632960024474497	-0.46326358880312996	-1.081334459824709
0.23182472364517578	-0.36442731055431654	-0.48866537813220645	-1.0813358668814714
0.22093884633609753	-0.3652210379628654	-0.5122661759792329	-1.0813376272713913
0.210105635550213	-0.36562189745032475	-0.532073948775951	-1.0813397188270137
0.20096943688017188	-0.3657491306236873	-0.5466424150525612	-1.0813419398929973
0.19369218660725282	-0.36577902905338666	-0.5572210002215029	-1.0813442376201041
0.1890441867800449	-0.3658013634307825	-0.5635901031127425	-1.0813461237110524
0.18446909467702674	-0.3659608613091983	-0.569719760022964	-1.0813480851264328
0.18188388022879798	-0.36625293943250115	-0.5730956287450568	-1.08134962167225
0.18003877027904966	-0.3663966037536217	-0.5754835905122022	-1.0813509789677396
0.17785784902422655	-0.36649721986087747	-0.5782656345006665	-1.081352866459079
0.17646218195514857	-0.36649912342698554	-0.5800597170882614	-1.0813542828014087
0.17508201027900075	-0.3664849808827394	-0.5817550832957813	-1.0813559086572253
0.17332139637459432	-0.3664741055431298	-0.5839447004523194	-1.0813583664205848
0.17113472262650237	-0.3664722456464346	-0.5866166454925089	-1.0813622636933988
0.16933756194134558	-0.36647408888736016	-0.5888111686107347	-1.081366625268399
0.1678322278547681	-0.3664752117133842	-0.5906094087590253	-1.0813707292896775
0.16656812927810172	-0.3664757283789125	-0.5920970228166803	-1.0813758444303343
0.16551698307879698	-0.3664761588619196	-0.5933174730209801	-1.0813817058046276
0.16462370661262604	-0.3664766227182857	-0.5943190910002523	-1.0813878565295132
0.16387369046076514	-0.36647710900568176	-0.5951388420615069	-1.0813950272127568
0.1632495171364853	-0.36647760766209686	-0.5958021806001649	-1.0814028212785367
0.16273635295300382	-0.3664781124586545	-0.5963057493120445	-1.0814116906382927
0.16231949985880845	-0.36647861911435825	-0.5967133459149899	-1.0814211348197258
0.1619878540936912	-0.36647911173733533	-0.5970162764811573	-1.0814316877298116
0.16198613662370032	-0.3664791160693095	-0.5970177058507137	-1.0814317583686448
0.16198482061051597	-0.3665099181245674	-0.5965076470137236	-1.0824006502144674
0.16198334545355222	-0.3665659224302136	-0.5956091466789303	-1.0840385147736578
0.16197642652022373	-0.36689963520921354	-0.5909167164945814	-1.091480344594435
0.1619315706497337	-0.3685359354247759	-0.572684586404984	-1.1151108821860078
0.16180409960754827	-0.37202239173613866	-0.5419353537751785	-1.1495652935109406
0.16145527520850037	-0.37869733305881836	-0.4959625833713661	-1.1959978178016477
0.16053618958469534	-0.39047824250105884	-0.4314586829924155	-1.2572779465407014
0.15883350976251645	-0.4055848519383728	-0.3638614463417208	-1.321515809364492
0.1585474475850464	-0.4077894886143336	-0.35504576266023613	-1.3300077210249681
0.1580561597980397	-0.4111862933516739	-0.34165721178705355	-1.341663598781598
0.157693821413226	-0.4135669672562186	-0.33232009630377957	-1.3492139859142256
0.15696460918947766	-0.41792641473173364	-0.31568225445644393	-1.3603988491915444
0.15533415083495983	-0.425756223156989	-0.28601132759779757	-1.3717182081440655
0.1530588246482076	-0.4326860556875354	-0.2567009854647156	-1.3748078563013195
0.1504686913565584	-0.4371044431245634	-0.23372563193493565	-1.3740422602448592
0.14727749540009807	-0.4398084964964907	-0.21447943022393698	-1.372997410851138
0.1433009504859808	-0.44090336824445325	-0.19882941632671775	-1.3725427898735878
0.13834420177605583	-0.44108691295046837	-0.1869023877277309	-1.3724928429471912
0.13173276401384473	-0.44090887617776514	-0.17831239414697939	-1.3725440035023078
0.12412604478574947	-0.44073753977005153	-0.17384943069267028	-1.3725676464802965
0.11725710142496283	-0.44067482584906426	-0.17242311304415767	-1.372569953695415
0.11079142677337171	-0.4406600888512178	-0.1719167016610728	-1.3725692840097157
0.104228578638594	-0.44066033877978794	-0.17178620698523564	-1.3725691141682417
0.0967448245490602	-0.4406636506794507	-0.17180227622672678	-1.3725694383573406
0.0908538505526538	-0.44066561942644905	-0.17185786230219097	-1.3725690909657378
0.08478761204272718	-0.4406665492919745	-0.1719165421162486	-1.3725685851570113
0.07990132843253758	-0.440666736713339	-0.17195480778487998	-1.3725686888760498
0.0756357002378176	-0.4406667208578138	-0.1719788444534392	-1.372569059855957
0.07164152951450457	-0.4406666852816036	-0.17199364357321595	-1.3725694949894223
0.06797958777143591	-0.4406666777420151	-0.17200196707038518	-1.3725699264529174
0.06508426101454722	-0.4406666913968849	-0.1720060588118038	-1.3725703037466837
0.0631438939605971	-0.4406667074878444	-0.1720080852799138	-1.3725705851823442
0.06169062248767643	-0.4406667212004465	-0.17200949482864022	-1.3725708143155497
0.06028673511066069	-0.44066673517690824	-0.17201094140366727	-1.372571053631376
0.05906326939341171	-0.4406667475244548	-0.17201234676664867	-1.3725712778064862
0.05784126201941999	-0.4406667602451234	-0.17201393036206636	-1.3725715187015326
0.05675792570534756	-0.44066677165386736	-0.17201547916538845	-1.3725717435457432
0.055741321774525426	-0.4406667832784192	-0.1720171673450841	-1.3725719795856732
0.054599042879524	-0.4406667966235074	-0.1720192426919467	-1.3725722589216045
0.05334239172851933	-0.44066681184913425	-0.17202180514615584	-1.3725725907884585
0.05173419426658156	-0.4406668318197568	-0.17202544899393263	-1.3725730437929657
0.050243540859356534	-0.4406668490719443	-0.17202888484819526	-1.3725734534564646
0.04882586524938298	-0.44066686230599605	-0.172031698143608	-1.37257377848457
0.04707949845131762	-0.44066687354751166	-0.17203421146608544	-1.3725740620666056
0.04444953913792423	-0.4406668840514346	-0.17203667398661063	-1.3725743338102872
0.038893752879467273	-0.4406668960245984	-0.1720395942863733	-1.3725746496265658
0.032048436403068516	-0.44066690434761874	-0.17204170294191334	-1.3725748733404326
0.02015303817617272	-0.44066691333713737	-0.1720440309571572	-1.3725750560133585
0.004904006869073198	-0.4406669210089748	-0.1720460735850649	-1.3725751448257355
-0.012978105374454284	-0.4406669279536739	-0.17204792968264435	-1.3725752830098512
-0.033434254269593525	-0.440666934760916	-0.17204977882500175	-1.3725754606173837
-0.05555892858774278	-0.44066694193957334	-0.17205174424998707	-1.3725756576890646
-0.07948209835866997	-0.44066695054293936	-0.1720541663570473	-1.372575895174164
-0.09603333211800211	-0.4406669584620075	-0.1720564220168858	-1.3725761121594724
-0.10816920916462656	-0.44066696726611915	-0.17205896922595204	-1.372576354360431
-0.11471730949791253	-0.44066697526534565	-0.17206133815412863	-1.372576577281841
-0.11839414218408323	-0.44066698338514887	-0.17206376642314491	-1.3725768038318422
-0.12078439716091499	-0.44066699224961037	-0.1720664670890179	-1.3725770531310015
-0.12230829001181649	-0.4406670028416403	-0.17206972778730975	-1.372577350961925
-0.12346133599596837	-0.44066701567913125	-0.17207376176009156	-1.3725777146386258
-0.12462682251309724	-0.4406670328263044	-0.17207924665650925	-1.3725782015960377
-0.12603825969705812	-0.4406670575842946	-0.17208728438539692	-1.3725789023907697
-0.12804514246890875	-0.44066709747328325	-0.17210042946375548	-1.3725800210521828
-0.13121341020422156	-0.4406671755477944	-0.17212623503030228	-1.3725821533946525
-0.13417015713184272	-0.44066727994691035	-0.1721597948706152	-1.3725848637408267
-0.13659345137071613	-0.44066740209498484	-0.1721969730815931	-1.372587453808665
-0.13792292880497647	-0.4406674953323683	-0.1722225102568697	-1.372589417451034
-0.1388087642745026	-0.4406675665628944	-0.1722420732584809	-1.3725908898894827
-0.13958028045369902	-0.4406676397273678	-0.17226100390280902	-1.3725922590393211
-0.14025842612551442	-0.4406677121990358	-0.17227872099570163	-1.3725935606641781
-0.14098610008881857	-0.4406678058357528	-0.17230060381916348	-1.3725952155848422
-0.14178567073471948	-0.4406679226571618	-0.17232653744085427	-1.3725972826976955
-0.14305938780823574	-0.44066815218687055	-0.17237358713972475	-1.3726008515500399
-0.1442353703688778	-0.44066842904683456	-0.1724243234603151	-1.3726055603785055
-0.14523334925704345	-0.44066872992227585	-0.1724713999936205	-1.3726107149858249
-0.14605577145917067	-0.44066904065153845	-0.1725129786839263	-1.3726165454028467
-0.146739192133772	-0.4406693532717959	-0.17254898682390868	-1.3726226984614014
-0.1473131761646113	-0.44066966341927455	-0.17257957909385355	-1.3726296922462837
-0.14776117597613586	-0.44066993426181256	-0.17260215177272512	-1.3726367941504498
-0.14787789655913258	-0.4403443933497598	-0.1724345065468938	-1.3730971131153533
-0.1489582445608161	-0.4381575155650897	-0.17104750458641596	-1.3751621697293497
-0.15409027523041746	-0.4315002002627454	-0.16567314053454285	-1.3792134168405166
-0.16728928494264747	-0.4204954164572539	-0.15490524237672224	-1.3840256921087601
-0.18783599960269834	-0.4089429345048229	-0.14218521544312807	-1.3881714380032508
-0.21282744844573262	-0.3986314740471082	-0.13017330469972943	-1.3915246763365625
-0.23009563060520072	-0.3931959882778443	-0.1231171583852729	-1.3928549708378637
-0.2532011416785069	-0.3867759159387035	-0.1145131780508237	-1.393973710180728
-0.2829545783585037	-0.37994393575838425	-0.10389257600875293	-1.394585577261484
-0.314342240970476	-0.373785232893525	-0.0918649648048884	-1.39471069057905
-0.33835615187000256	-0.3696167000078865	-0.08018626715634705	-1.3946445806909638
-0.35344135466016147	-0.36728080423533077	-0.06860863038111084	-1.3945855433686365
-0.36053960477439495	-0.36614230987967045	-0.056705800602191186	-1.3945673473044684
-0.36170606077678397	-0.36597350295753783	-0.04787758639119541	-1.394569073643493
-0.3613280504492641	-0.36606855066068295	-0.039793364202297385	-1.3945717392725447
-0.36050892421228925	-0.3662065364744636	-0.031554831349119454	-1.3945727273674806
-0.35999398787189774	-0.3662959645206431	-0.02272841849695817	-1.3945728917641222
-0.35987189476747133	-0.3663192174094413	-0.013848465310484677	-1.3945730489271242
-0.35992522193317095	-0.3663122759389844	-0.00624679485008995	-1.3945733314871254
-0.3599810025971105	-0.3663053569794324	0.00018126114973492785	-1.3945736811947158
-0.3600116507498701	-0.36630345477947357	0.005617917832321795	-1.3945740845850685
-0.3600339433541216	-0.3663036097834743	0.010222264130148567	-1.3945745521700461
-0.3600591272117197	-0.36630387289287664	0.014135208115878269	-1.3945750991382053
-0.3600861878388658	-0.3663039429532826	0.01745915582290812	-1.3945757413859294
-0.3601186823482634	-0.36630395123458714	0.020261808447782418	-1.3945764930631055
-0.36015658731426586	-0.3663039629382349	0.022598159352985116	-1.39457722630629
-0.3601978243981896	-0.3663039818055378	0.024540971251320452	-1.3945781656154923
-0.3602441929873243	-0.36630400397480856	0.026151831079283094	-1.394579280789094
-0.3602947727803144	-0.3663040287022873	0.02748333030611258	-1.394580566037089
-0.3603506368458776	-0.3663040562056693	0.02858322234566987	-1.3945820464016763
-0.36040992406189726	-0.3663040866191336	0.0295027641504039	-1.3945835709766639
-0.3604744219821794	-0.36630411995377143	0.03027865364282509	-1.3945854021403914
-0.36053804797329186	-0.36630415614238643	0.030969232473880625	-1.3945875079301824
-0.36060835883183384	-0.36630419504615835	0.031614444893301105	-1.3945897369327944
-0.3606818087454021	-0.3663042363935252	0.03226148099995068	-1.394592336814806
-0.3607581613706039	-0.3663042797392924	0.03294331192330258	-1.3945952010706566
-0.360823293587202	-0.36630431636408867	0.03351860850916288	-1.394597912620828
-0.36088072610387173	-0.36630434892095326	0.034005565087006674	-1.394600417546696
-0.36093483881235816	-0.3663043713835557	0.03441170930538519	-1.3946030215922256
-0.3609882115510771	-0.36630439677005655	0.03473654059159581	-1.3946057088783395
-0.3610406420804237	-0.366304419314441	0.03497633660423846	-1.3946087803445584
-0.36105184421488995	-0.36630442345458153	0.03501696156550137	-1.3946094584944437
-0.36139873972361464	-0.36616495893617096	0.0350178520688042	-1.3949693627199735
-0.36415777170562635	-0.3650841849980622	0.035019632036304954	-1.3967795931502303
-0.3854875125893553	-0.3573987643005058	0.035023024000064074	-1.4032393505598497
-0.4169776320957666	-0.34734535996553384	0.035025372483322444	-1.4089371090490692
-0.45943076073158384	-0.3346872885640451	0.03502754811437685	-1.4144665492865054
-0.49420142855545146	-0.3248768684684325	0.035029015370551655	-1.4181996463038284
-0.5313863740818432	-0.31456393305118774	0.03503048306033168	-1.421890150357696
-0.55045006734225	-0.30895015116582875	0.03503127134960505	-1.4234606266072631
-0.571366038579157	-0.30261447845775435	0.035032208759430916	-1.4248664909939233
-0.601417822517729	-0.29174582405972954	0.03503404757715679	-1.42614213327035
-0.6223442676942795	-0.28054884897039545	0.035036680565057265	-1.4264449087667899
-0.6302125699959641	-0.27216856108361154	0.035039852490710316	-1.4263254799381735
-0.631460667790595	-0.26573056613896456	0.035044505407516024	-1.4262072775600363
-0.6303443234224679	-0.26180731067551877	0.03505057270358384	-1.4261724393869233
-0.6291876804342225	-0.2594279355586451	0.03505999821349719	-1.4261724595120036
-0.6286325543465843	-0.25827717492359	0.035078378919856726	-1.4261777559485818
-0.6286205261217894	-0.2582002896774087	0.03510885139791463	-1.4261793084983567
-0.628704667284579	-0.2584356804763568	0.0351628503632882	-1.4261793618756136
-0.628735861890879	-0.2585810793956934	0.03522861576906684	-1.4261769862259692
-0.6287424650338782	-0.2586405091846109	0.03533298978291864	-1.4261761421089467
-0.6287426607454357	-0.2586462139263939	0.03545458227061591	-1.4261762060341572
-0.6287198960235083	-0.25868367744808085	0.035596645337688845	-1.4261763644055974
-0.6286770557802915	-0.2586465846886192	0.03577660483127465	-1.4261764252515954
-0.6286483204394908	-0.2586241822628118	0.036050018877908464	-1.4261764835588633
-0.6286339009630765	-0.25860849977579503	0.036729003512475066	-1.4261765677577303
-0.6286335037489523	-0.25860381002159616	0.03740517694581896	-1.4261766176431383
-0.6286353785112759	-0.2586009402384689	0.03845465953432314	-1.426176667595538
-0.628637302190147	-0.2585993768267661	0.03988462608318942	-1.4261767128329945
-0.6286387499851559	-0.2585984988785984	0.04181682103028342	-1.426176755413329
-0.6286399098059247	-0.25859795432570837	0.044815814846548896	-1.426176801810252
-0.6286410675170584	-0.25859760787057623	0.05066744176379507	-1.4261768611197156
-0.628642024149007	-0.258597484944067	0.059064828135958675	-1.4261769147251464
-0.6286429449653967	-0.2585974539785363	0.07102709606796738	-1.4261769632002266
-0.6286438459983225	-0.25859745685881413	0.08681745551909731	-1.426176998721967
-0.6286448078754477	-0.2585974682538259	0.10812162077544969	-1.426177013037254
-0.6286459053066709	-0.2585974791384337	0.13687052748962653	-1.4261769784884473
-0.6286471859941988	-0.2585974847706181	0.1725870176190377	-1.4261768125670362
-0.6286484366192728	-0.25859748245660763	0.20456398709433476	-1.4261764329791327
-0.6286496267034505	-0.25859747308249326	0.22876817015800766	-1.4261757769929502
-0.6286505585155925	-0.2585974612110847	0.24271342673839894	-1.4261750306429397
-0.6286513897858529	-0.25859744822180497	0.2517983211708566	-1.4261742248823994
-0.6286522142397899	-0.2585974347557445	0.258327298971422	-1.4261733806362227
-0.6286531177901802	-0.2585974213211551	0.2633864824121763	-1.4261725267007586
-0.6286543498618975	-0.25859740788373203	0.267910809749105	-1.4261716487983562
-0.6286558638936647	-0.2585973998975404	0.2711367129426795	-1.4261710649516741
-0.6286566050379178	-0.25859739890463135	0.27243741696547097	-1.4261709042022988
-0.6286573052330423	-0.2585974006083689	0.2731908670980845	-1.4261708788736112
-0.6286582313676445	-0.25859740411910603	0.2737030973793789	-1.4261709117774852
-0.6286594851437994	-0.25859740982491825	0.27410738058840994	-1.426170995645428
-0.6286610956860725	-0.25859741816324555	0.2744565629585568	-1.4261711193785787
-0.6286632710243202	-0.25859743055941353	0.27482359925314026	-1.4261712987693231
-0.6286663797807018	-0.2585974482647263	0.27526293551770836	-1.4261715632449925
-0.6286705306490745	-0.258597467494121	0.2757815826313251	-1.4261719232512455
-0.6286752066732914	-0.2585974780311207	0.27630082034933345	-1.4261723353195606
-0.6286799700479963	-0.2585974724287453	0.27677487786260274	-1.4261727621627325
-0.6286849779545404	-0.25859744556290487	0.27722217177478586	-1.4261732184892932
-0.6286904192211498	-0.258597389947296	0.27765444173090215	-1.4261737220669912
-0.6286959518797979	-0.25859729122495945	0.27809403660000287	-1.4261743103103002
-0.6287028097980033	-0.25859712997363415	0.27854221708928073	-1.4261750091136165
-0.6287115853207733	-0.2585968648568704	0.27902034167989553	-1.4261758961241946
-0.6287231917819541	-0.25859642301200625	0.2795379946751922	-1.4261768991298278
-0.6287386270620254	-0.25859565519338595	0.2801126292773716	-1.4261785233950397
-0.6287589811197483	-0.25859451327688154	0.2806525509933462	-1.42618067263806
-0.6287799880119042	-0.2585931860424973	0.2810582058491462	-1.4261828944432864
-0.6288030768928738	-0.2585917358478118	0.2813687382941488	-1.4261853421910122
-0.6288268289834894	-0.25859022252153246	0.2816087589290574	-1.4261879240773163
-0.6288526571011329	-0.25858870764016995	0.2818005105709774	-1.4261907521692865
-0.6288802825652999	-0.2585872444959739	0.28195460238426573	-1.426193706628166
-0.6289096042381569	-0.2585858862379427	0.28207937524040105	-1.4261969671949475
-0.6289131929735862	-0.2585857350189325	0.2820919941034893	-1.4261972995648218
-0.6280903490468674	-0.2585409600170466	0.2820461978328137	-1.4259334900874456
-0.6226776716243534	-0.2581610130186204	0.28162734605778966	-1.4246249964210849
-0.5987289254617671	-0.2555321748070404	0.2782521201894015	-1.4205836627332808
-0.5639117228563594	-0.25022717045624243	0.270819456140032	-1.4159688383522078
-0.5197388738676995	-0.2413917047708989	0.25772120374401264	-1.410810653877056
-0.48393668200383644	-0.23275948873769328	0.2445500341794119	-1.4068050074703307
-0.4717734874410088	-0.2294245450640418	0.23937850847093325	-1.4056871642531228
-0.45624300498074477	-0.2248102054758779	0.23209732238174796	-1.4045387873199253
-0.4395577842541668	-0.21903445933256954	0.2227943935633822	-1.4038165510463565
-0.4193013127978909	-0.20997478261944336	0.20670491986514264	-1.4035338347999813
-0.408766603363964	-0.20277446789878956	0.19204400301240668	-1.4036197481880524
-0.40370462833145204	-0.1965215235473029	0.1765120531539088	-1.403704701801854
-0.4024279066879594	-0.1915097815475833	0.15889366447622366	-1.4037308049550161
-0.4029665654389337	-0.188846853711507	0.14419375626402	-1.403728533328053
-0.4036547569226144	-0.18757958485080803	0.13194555140653164	-1.4037257390665103
-0.40392630478317537	-0.1869684610652568	0.12065224160461965	-1.4037251490891574
-0.4040533755622755	-0.186684996821676	0.10905007831964655	-1.403725494056408
-0.4040760973648927	-0.1866182256720866	0.10033596434997231	-1.4037261928370302
-0.4040705161734644	-0.1866155820992156	0.09184758835059047	-1.403726267724924
-0.40406144349551665	-0.18663358960625118	0.08539363507396933	-1.4037265007729742
-0.40405602235324956	-0.18665155848794937	0.07999230366320378	-1.4037267579869017
-0.40405400037487443	-0.18666495155246363	0.0751184473747065	-1.4037270145544938
-0.4040539605759421	-0.18667301461148153	0.0706656208949012	-1.4037272658424773
-0.4040545739123805	-0.18667642346357757	0.06707815633529017	-1.4037274836929166
-0.4040550837271865	-0.1866773349966983	0.06470742774921605	-1.4037276368931038
-0.40405543108932046	-0.1866775199693614	0.06306554247348059	-1.403727747713243
-0.4040557255328116	-0.186677522944386	0.06163247642381234	-1.4037278477111481
-0.4040561167744777	-0.18667745220942095	0.05978282295012238	-1.403727981756962
-0.4040564311544178	-0.18667738284915272	0.0584130833121085	-1.4037280851865939
-0.4040566965260624	-0.18667733180074175	0.05735726729719725	-1.4037281677488607
-0.40405698033364623	-0.18667728856868832	0.056326458644275545	-1.4037282509011852
-0.4040573048073749	-0.18667725072378827	0.05525480502203883	-1.4037283401146825
-0.40405772423000647	-0.18667721324458014	0.054001868344146164	-1.4037284475444352
-0.4040583318458331	-0.18667717059734695	0.052342175435751065	-1.4037285903748824
-0.40405886240204064	-0.1866771393396664	0.05088100132646868	-1.4037287052399856
-0.4040592955006861	-0.18667711612454294	0.04946010783903474	-1.4037287937826353
-0.40405968623165767	-0.1866770963578494	0.047660593724580695	-1.403728870629239
-0.40406007204035355	-0.18667707779280304	0.04489491146954416	-1.4037289447048087
-0.40406054859183094	-0.1866770561597812	0.03868992979981001	-1.4037290344327116
-0.4040608797008373	-0.18667704256957898	0.03121625114640228	-1.4037290960482607
-0.4040612316388558	-0.18667702896297517	0.019327808369905178	-1.4037291600062358
-0.4040615363983307	-0.1866770171658232	0.004347127866427422	-1.4037292167690616
-0.40406181363825444	-0.18667700674810417	-0.012922990028607098	-1.403729269412076
-0.4040620956257427	-0.18667699674481292	-0.032401101696442086	-1.4037293221992282
-0.4040624061215907	-0.18667698651470077	-0.053408203805798665	-1.4037293796346706
-0.4040628148594493	-0.1866769742140516	-0.07645977544364224	-1.4037294526579958
-0.40406319393123535	-0.18667696390496744	-0.09134233836453809	-1.4037295178784148
-0.4040635745096653	-0.18667695455428934	-0.10060058365926815	-1.4037295797174068
-0.40406394131319195	-0.18667694645031024	-0.10570724905501017	-1.4037296364928566
-0.4040643259087882	-0.18667693889258713	-0.10861770844116336	-1.4037296920240634
-0.40406476066643465	-0.18667693147155273	-0.11050765717707475	-1.4037297498535968
-0.40406529459484286	-0.18667692395794389	-0.11173959959961083	-1.4037298139603045
-0.40406596764924574	-0.18667691691667268	-0.11269315909994931	-1.403729885592
-0.40406689786968575	-0.18667691146894264	-0.11367574263360603	-1.4037299708356081
-0.4040682887188576	-0.18667691201721315	-0.11490582068962286	-1.403730078433526
-0.4040706455580936	-0.18667693427183607	-0.11664645971711998	-1.4037302318862517
-0.4040742268384756	-0.18667701126703934	-0.11870884909670246	-1.4037304328653737
-0.40407926933361704	-0.18667718811124612	-0.12073855104183606	-1.4037306899595803
-0.4040836155177201	-0.1866774658239429	-0.12237571198055881	-1.4037309712552402
-0.4040896175775841	-0.18667785224219596	-0.12371200545428038	-1.4037312946788105
-0.4040968594525365	-0.18667835505433988	-0.12482335746382758	-1.4037314250179387
-0.4041048121940942	-0.18667897685180856	-0.12574970748419137	-1.403731793210997
-0.40411413464405577	-0.18667971729457772	-0.12652914902446394	-1.4037322876107616
-0.4041249956787881	-0.18668056691123303	-0.12718612199700136	-1.4037329082538446
-0.4041365542284098	-0.18668150722134405	-0.12773813439416887	-1.4037335674700797
-0.40415009104305716	-0.1866825124545175	-0.12820120926840703	-1.4037344669762988
-0.4041648305217708	-0.186683551481065	-0.12858427852833387	-1.4037355428768419
-0.40418153943361734	-0.1866845824102459	-0.12890142754024486	-1.4037368927138734
-0.4041994423573678	-0.1866855840599735	-0.12915564696174808	-1.4037384789144036
-0.4043711484090189	-0.18667253170345993	-0.1291579771909265	-1.403839250880364
-0.40583406434357455	-0.18654067660728896	-0.12917800806868673	-1.4044338757960384
-0.4196663784732551	-0.1849473681661566	-0.12944425419840536	-1.4071805698873328
-0.44778859587438763	-0.1814297429531384	-0.13009544116679095	-1.410425615947019
-0.48823306605815936	-0.17644295241893732	-0.13120386748386054	-1.4136262406396891
-0.549687939892332	-0.16812427389410842	-0.13344766983176848	-1.4172488771448601
-0.6355828637842047	-0.15573323097950223	-0.13715243423564172	-1.4214630527242242
-0.7167557741555366	-0.14316019020789222	-0.14183122155533495	-1.4252115872494613
-0.7373649770000846	-0.13957300543781265	-0.14331112371934202	-1.426104373619288
-0.7674175689862457	-0.13398919277222074	-0.14576181574596825	-1.4272597864329961
-0.8070748085064879	-0.12404161834492851	-0.15065121780295573	-1.4283959050284158
-0.8304866698577589	-0.11313925740500666	-0.15653004774379298	-1.4287513047392444
-0.838263444968518	-0.10290891911232536	-0.16243725776358758	-1.428712857334624
-0.8389682321149555	-0.09225273149757171	-0.16871133824586065	-1.428615395621068
-0.8375648959185718	-0.08219224722158439	-0.17435106943145035	-1.4285675081563425
-0.8360624012681308	-0.0713658619847364	-0.17982244162070415	-1.4285580186727003
-0.8355033715728342	-0.05865901451503477	-0.18466865804155735	-1.428562214100843
-0.8355570958627578	-0.046700811031080515	-0.1874538845308375	-1.4285650509394305
-0.8356593622474551	-0.0362057857508368	-0.1885848761424005	-1.42856541623389
-0.835689534034214	-0.027078668629095012	-0.18866101807263058	-1.4285653184968583
-0.8356890458134266	-0.019157912714143174	-0.18847132628391897	-1.428565328295422
-0.8356871305340032	-0.01213350642969447	-0.18832074181825378	-1.4285654003839854
-0.8356873916933893	-0.008307660120074653	-0.18828230909481192	-1.4285676466715993
-0.8356881045483003	-0.004641086343180986	-0.18827411349516987	-1.4285673737388054
-0.835688720955167	-0.0017968835449911139	-0.1882778901931691	-1.4285674286978851
-0.8356891963088945	0.00047460250143067234	-0.18828284394015843	-1.4285674780804534
-0.8356896151834614	0.002539227669078506	-0.18828733447924934	-1.4285675133090738
-0.8356900200947273	0.004534936284778232	-0.1882913771421462	-1.4285675445879096
-0.8356904713557055	0.006676325951779569	-0.1882955255419496	-1.4285675802697941
-0.8356909189750088	0.008647436227026198	-0.18829939227268352	-1.428567617713329
-0.835691423128964	0.010646521905903924	-0.1883035895279793	-1.4285676623256323
-0.8356918246926505	0.012091025109003999	-0.18830686813056766	-1.4285676995305503
-0.8356921719485618	0.013276093181634332	-0.18830967921771963	-1.4285677326596264
-0.8356924825863762	0.014345241772223936	-0.18831218269216982	-1.428567762742614
-0.8356927582553573	0.015346727464825963	-0.1883143978415572	-1.428567789529881
-0.8356930139179878	0.01636775809494891	-0.18831644740880207	-1.4285678142099376
-0.8356932684354437	0.017515498455589987	-0.1883184833571927	-1.4285678394237804
-0.8356935541461722	0.019017864493344545	-0.18832076357138863	-1.4285678654393703
-0.8356938707835809	0.02104913228906669	-0.18832328436585788	-1.4285678921725722
-0.8356942013662975	0.023760687205087568	-0.18832591408443414	-1.4285679175156647
-0.8356944803561096	0.02671708746183426	-0.18832812445126906	-1.428567935329527
-0.83569475561712	0.03043593956913255	-0.18833029721054512	-1.4285679481945297
-0.8356950515259705	0.03556989472971593	-0.18833262641594156	-1.4285679546315995
-0.8356953899693176	0.04324748788963918	-0.18833528438418198	-1.4285679482742895
-0.8356958107533408	0.05605986164635682	-0.18833858128325684	-1.428567907679261
-0.8356962294885066	0.07283791444754742	-0.18834185365778916	-1.4285678031803215
-0.835696639470161	0.09292547695271393	-0.1883450489615408	-1.4285675818976655
-0.8356970890600102	0.1176673614396499	-0.18834854242073606	-1.4285670700510915
-0.8356975665915508	0.14423750813269967	-0.18835224006201687	-1.4285659569190936
-0.8356979053265235	0.1614889201195102	-0.1883546550363202	-1.4285646567044892
-0.8356981647238293	0.1731352383716034	-0.1883563884172213	-1.4285633939657367
-0.8356984023725628	0.18241633979455749	-0.18835793992750752	-1.4285621711569447
-0.8356986473807535	0.19058606946183454	-0.18835955001848428	-1.4285610238206905
-0.8356989650939739	0.1992092697292546	-0.1883616864333069	-1.4285599038838193
-0.835699277342194	0.20575861049336974	-0.18836383717184788	-1.4285592365250654
-0.8356995834631185	0.2106277098117231	-0.1883659772825417	-1.4285588897611317
-0.8356998854323674	0.21422767506157486	-0.18836810094397255	-1.4285587217629157
-0.8357002112172736	0.2171048797441651	-0.18837039114518717	-1.428558640228407
-0.8357005905625807	0.21950160543067804	-0.18837304472247784	-1.4285586124188043
-0.8357010577164256	0.2215130328783729	-0.1883762877913065	-1.428558624271464
-0.8357016797997913	0.22321281691646563	-0.18838056806904968	-1.4285586935278947
-0.8357024645285904	0.2244906427901624	-0.18838592268378	-1.4285588225296844
-0.8357033308804542	0.22534277201585168	-0.18839180894635899	-1.4285589920728405
-0.8357040684153461	0.22584724200656084	-0.18839681717222168	-1.4285591467086602
-0.8357047815386112	0.22624381563394133	-0.18840167599092317	-1.428559303833785
-0.8357055251056235	0.22661650459080784	-0.1884067779708152	-1.4285594702865465
-0.835706333381346	0.22699601503777592	-0.18841200166573657	-1.4285596549479471
-0.8357072653700084	0.22741100900277145	-0.18841797361726817	-1.4285598738238705
-0.8357083428884429	0.2278616226586997	-0.18842522480320445	-1.4285601363583975
-0.8357096586612547	0.22837707617025266	-0.18843460623505678	-1.42856047335941
-0.8357112639434151	0.22896129412876937	-0.18844669498415625	-1.4285609134360493
-0.835712973416667	0.2295376259973085	-0.18845971961308572	-1.4285614231136194
-0.8357151673281181	0.2302138228075875	-0.18847768263032058	-1.42856214912021
-0.8357167832401133	0.23099586187944446	-0.18850286262487126	-1.4285632274099402
-0.8357190201970311	0.2316323529037412	-0.18852896512053127	-1.4285642284007292
-0.8357212712995419	0.23214585844420957	-0.188554750382184	-1.4285654182526115
-0.8357232695717505	0.2325643968669935	-0.18858133610785102	-1.4285667210006405
-0.8357255679025922	0.23290522697079108	-0.18860869572989467	-1.4285681197905125
-0.8357283753883222	0.2330887059941297	-0.18863703059838186	-1.4285695533146348
-0.8357312924221405	0.2332909387647805	-0.18866658991843682	-1.42857114678903
-0.8357354447354428	0.23347395997669226	-0.18869696865742627	-1.428572819966665
-0.8357404450239756	0.233620977983916	-0.18872787064443292	-1.4285746178548684
-0.8357431941776754	0.23367482621707653	-0.18874151541519688	-1.4285754054294184
-0.8352577369253995	0.23367187793396274	-0.18872533315226012	-1.4294858316675594
-0.8318616213483505	0.23363667464856647	-0.18856301452784874	-1.4348681816295459
-0.8114416435015334	0.23312109638326656	-0.18663181487201186	-1.4598649082580897
-0.782751816642518	0.2317924738596975	-0.18228025954646196	-1.4902102233432775
-0.7387339094510955	0.22838049564649496	-0.17272754735019596	-1.531340550585572
-0.6826085197409576	0.2211836687372011	-0.15589859076515836	-1.5808287806652597
-0.6560228395978114	0.21662783954948908	-0.14654589984089153	-1.6039236455028807
-0.6297621133989715	0.21135897257774044	-0.13673727903812388	-1.6268821541279996
-0.6196354807162442	0.20901966184990514	-0.13269376833312668	-1.6347913049183733
-0.6079896958981639	0.2060811482663695	-0.1279034005775917	-1.6428175204032793
-0.5931219805973333	0.20169508927591748	-0.12117419512400761	-1.6500630404560415
-0.5737126585148796	0.19323895018859605	-0.10984074579143766	-1.654821629806838
-0.5613508801785704	0.1836610773378733	-0.09922741207341682	-1.655093985043963
-0.5553062777428327	0.1742458843971596	-0.09051164092036756	-1.6544418109647396
-0.5523348867741302	0.16466746407616162	-0.08286342784269773	-1.6540008078030035
-0.5510215879638257	0.15448712372481455	-0.07559410044827755	-1.6538269051951497
-0.550538671931234	0.14137481651896772	-0.06686677531715116	-1.6537937647776355
-0.5505984710951916	0.12958236513021043	-0.0591483495051959	-1.6538128575114284
-0.5507324727198379	0.12182757418291018	-0.05396874485329657	-1.653825246974918
-0.5508377988611834	0.11522961318569598	-0.049415073642502	-1.6538300788204345
-0.5509052415083536	0.10914101022519052	-0.04502812241982993	-1.6538312594296394
-0.5509410334645242	0.10338706690859625	-0.04067739799810443	-1.653831359676307
-0.5509546403847039	0.09845278824666515	-0.03676935214850324	-1.6538314061799269
-0.550957657219937	0.09502875103601346	-0.03395955163475329	-1.653831529136549
-0.55095798068174	0.09248693624977822	-0.03186365276388036	-1.6538316641975987
-0.5509577194759968	0.09024348641912033	-0.029904157940428826	-1.6538318069307367
-0.5509572306049867	0.08710795568268961	-0.027157821704905855	-1.6538320129205732
-0.5509569161900365	0.08471851720325826	-0.02504417378480464	-1.6538321712944863
-0.5509567337321752	0.08290431393223165	-0.02332307092408581	-1.6538322991503827
-0.5509566127061213	0.08102223884619383	-0.021567110698646093	-1.6538324283824983
-0.5509565368539614	0.0791054880558314	-0.019667186873607967	-1.653832566950469
-0.5509564923467348	0.07682742919725316	-0.017370644347147204	-1.6538327326021756
-0.5509564730478036	0.07394213991101187	-0.01433255780897462	-1.6538329473680355
-0.5509564735717214	0.07081109928739328	-0.01087368576753315	-1.6538331852967125
-0.5509564793831154	0.06856313414597973	-0.008367508389197788	-1.6538333523581876
-0.5509564841005259	0.06663457093611021	-0.006460936289537499	-1.6538334760210172
-0.5509564877086472	0.06452558783821917	-0.0048285651272583704	-1.6538335795105215
-0.5509564907056347	0.0613645255203172	-0.003289922075806813	-1.6538336749187137
-0.5509564939121266	0.0546346577244042	-0.0015177776253271075	-1.6538337823092812
-0.5509564566782923	0.04530929764329609	-0.00022304237013660855	-1.6538350566718678
-0.550956374377255	0.027667002950594044	0.0011438721239687283	-1.653834668621683
-0.5509562961333833	0.0021196930955120763	0.0023073259481290603	-1.6538346535739576
-0.5509562384461525	-0.03176250808385454	0.0033267904809174895	-1.653834716413486
-0.5509561998471677	-0.07447567768679753	0.0042783269886658495	-1.6538347789476773
-0.5509561763619114	-0.12392847551175735	0.0051928451178325785	-1.6538348343502238
-0.5509561630335795	-0.17838848461232826	0.006135751967890256	-1.6538348870092152
-0.550956156510596	-0.23788249027923672	0.007256265430788271	-1.6538349488200523
-0.5509561559286054	-0.27701166639645086	0.008199813766540935	-1.653834999248831
-0.5509561579689962	-0.3060202105485146	0.009214238711847872	-1.6538350543242921
-0.5509561610549688	-0.3220093462824416	0.010116949003534388	-1.6538351023359454
-0.5509561647205786	-0.3309512812458973	0.010994260488265854	-1.653835149811971
-0.5509561690769731	-0.3367098867465561	0.011915915650194356	-1.653835199042398
-0.5509561746322188	-0.34013097431905487	0.0129542000304699	-1.6538352556594724
-0.550956181899403	-0.3424440889157042	0.014133437802194792	-1.6538353192250386
-0.5509561925403381	-0.34439908783502005	0.015568786411553428	-1.653835397896143
-0.5509562098104546	-0.34657611193428084	0.017387113799419825	-1.653835498380557
-0.5509562314295231	-0.34862733898469095	0.019136717333289487	-1.6538355937477482
-0.5509562543334884	-0.35036297733170885	0.02064823246522355	-1.65383567146827
-0.550956277962212	-0.35185002564006085	0.022033680576370965	-1.6538357352124389
-0.550956302510137	-0.35311677899940624	0.023409020679851206	-1.6538357895627134
-0.5509563294768359	-0.354319837608606	0.02493646144866478	-1.6538358384971583
-0.5509563631428225	-0.35556895941458183	0.026974712475675337	-1.6538358887493638
-0.5509564022353651	-0.3569172807751896	0.029662036768634534	-1.6538359379874705
-0.5509564491766089	-0.35808213591427346	0.033559964686467054	-1.6538359843650199
-0.5509564933457061	-0.3590335534459991	0.03810814972060564	-1.6538360172113582
-0.5509565407358241	-0.35995836225027705	0.04409543704534414	-1.6538360448266454
-0.5509565961907081	-0.36088809250226095	0.052655486318543984	-1.6538360661850957
-0.5509566652758258	-0.36190563617085825	0.06554559752091867	-1.6538360750593168
-0.5509567550232355	-0.3630062204890037	0.08499958837588857	-1.653836055008871
-0.5509568556753357	-0.3640702988075587	0.10805501868786273	-1.6538359720703106
-0.5509569722905157	-0.3650883539494909	0.13260817825230378	-1.6538357662141565
-0.5509570656148748	-0.36580261677038256	0.14867774440760975	-1.6538354896037724
-0.5509571881035102	-0.3665462597535161	0.16286268314852798	-1.6538350251431488
-0.5509572796111623	-0.3671353325327512	0.17200703244920695	-1.6538344847943105
-0.5509573658963343	-0.3676553731836651	0.17821396094089764	-1.653833903876075
-0.5509574626333525	-0.368155955883249	0.18287045404230307	-1.6538332850180737
-0.5509575795468817	-0.368696085605549	0.18660496992850883	-1.6538326500415923
-0.5509577597039979	-0.3694167011699982	0.19017840122778132	-1.653831964441332
-0.5509579597893025	-0.3701218366543602	0.19244604965782047	-1.6538315564673058
-0.5509581262958358	-0.3706296784164937	0.1935756036852335	-1.653831401430308
-0.5509582999081147	-0.37111755055871226	0.19437379578334593	-1.6538313359137988
-0.5509584950348982	-0.3716077557242867	0.19501871874120733	-1.6538313119962103
-0.5509587376305689	-0.3721672072151128	0.19563394522092448	-1.6538313166399041
-0.5509590505709132	-0.37279980261102613	0.19625672517739545	-1.6538313395164537
-0.5509594954701948	-0.37359450074620404	0.1969563680150118	-1.653831379310787
-0.5509601754698421	-0.37462774031536217	0.19780325963376016	-1.6538314409863406
-0.5509612795963705	-0.3759898698178801	0.19888374272589787	-1.6538315339161689
-0.5509625297841337	-0.37720983844598405	0.1998294597691882	-1.6538316325176687
-0.5509639758186404	-0.37834005872162424	0.20067998973339632	-1.653831741776375
-0.5509656421494998	-0.37938370870270277	0.20143552325040984	-1.6538318635752576
-0.5509676801026296	-0.38039747600457613	0.20214083801578214	-1.6538320111949447
-0.55096961030765	-0.3814178359228985	0.20281974017807042	-1.6538322002892019
-0.5509728829503913	-0.3824499359562821	0.2034706004299335	-1.65383236129204
-0.5509768333282418	-0.38333355625886834	0.20399294841255616	-1.6538326240623837
-0.5509814195595278	-0.3840858765681643	0.2044819388325841	-1.6538329522512585
-0.5509863444136985	-0.38472217493421723	0.20483084163929458	-1.6538333523775388
-0.5509922190640079	-0.385264813835255	0.2050491932130709	-1.6538337824852403
-0.5509987582839883	-0.38572241902125187	0.20524657568161161	-1.6538343405680818
-0.5510062217963161	-0.3861065396030341	0.20541492658770272	-1.6538349997560986
-0.5510141165516048	-0.38642001463373793	0.2055474969631505	-1.6538357959900223
-0.5510158830999974	-0.38647661867740546	0.20557086329260746	-1.653835986221164
-0.5506883007232997	-0.3870331740371746	0.20560347202267634	-1.6555454508149103
-0.5486041619516769	-0.3913166886489049	0.205906511283722	-1.6629105887397804
-0.5420645603285531	-0.40709833221054664	0.20764922028948224	-1.6777282293885594
-0.5326377573123583	-0.43496575543654153	0.21202973282482412	-1.6936995164378754
-0.5210810599983713	-0.47394656496719356	0.22087132852492064	-1.709919903945875
-0.5111622332206296	-0.5112483065348593	0.23280393360903784	-1.7230794786723322
-0.5067766090762952	-0.5279652376876343	0.24033458899074026	-1.7272430346633776
-0.5009279098477991	-0.5505656814969379	0.2534131193932793	-1.7309579756238445
-0.49554592798011793	-0.5709008819183508	0.27285634122893365	-1.7323502546011464
-0.4916156158907219	-0.58385685342443	0.2989750357536526	-1.7322796889557894
-0.4897512137560577	-0.5885244567193486	0.32728393993747035	-1.7319825485390363
-0.48929468473364807	-0.5887274992817718	0.3525532171942839	-1.7318702827801093
-0.4894111592236192	-0.5878194015709938	0.36920917118003416	-1.731865111834022
-0.48960414799510943	-0.587103431192207	0.38013450000281845	-1.7318739267865282
-0.48973422753353696	-0.5867781123759818	0.3868329423662147	-1.7318774786603803
-0.48977784402136626	-0.5867390994163466	0.38981491902508597	-1.73187749592345
-0.4897742939821731	-0.5867827765607377	0.3902119483404061	-1.7318772090329564
-0.4897663119303554	-0.5868138887937291	0.38997397775477166	-1.7318771744311037
-0.48976212222024285	-0.5868281705547925	0.38967393899134417	-1.7318772427643507
-0.4897614735759634	-0.5868355851739875	0.3894799999965112	-1.7318773250671748
-0.4897621687426903	-0.5868450035177365	0.38941452078954464	-1.7318774299171613
-0.48976281381664105	-0.5868571374833889	0.3894324885540671	-1.7318775461479425
-0.4897632686797235	-0.5868709687082374	0.3894584257117741	-1.7318776743366175
-0.48976371056459994	-0.5868869261127034	0.38947600138337907	-1.7318778239709531
-0.48976420195686104	-0.586905414808014	0.3894896766599477	-1.7318780062423422
-0.4897647317849467	-0.5869280169371783	0.3895039245797134	-1.7318782295994448
-0.48976533560574714	-0.5869588036058982	0.3895224859258171	-1.7318785339057021
-0.4897660492647341	-0.5870024545495217	0.38954815654854735	-1.7318789892673627
-0.48976636393450157	-0.5870517665311977	0.38957649170053155	-1.7318795660708324
-0.4897668094749373	-0.5870953426390358	0.3896028228595431	-1.731879988302998
-0.48976717639482	-0.5871303693849953	0.3896213045744834	-1.7318803516493009
-0.4897676025109693	-0.5871641739652974	0.38963960202924935	-1.731880750194494
-0.4897680415429752	-0.587193253606888	0.38965514330769674	-1.731881124870799
-0.48976830966140783	-0.5872185945553032	0.3896692795740557	-1.731881479827967
-0.4897688040668154	-0.5872461667612227	0.38968424519978456	-1.7318818752193168
-0.48976952903945575	-0.5872766576884512	0.38970152290049037	-1.7318823012712543
-0.4897707749760235	-0.587317735096852	0.38972512778903445	-1.7318829266870222
-0.4897729675765921	-0.5873788156278376	0.3897612941267721	-1.7318839502485517
-0.4897760735461699	-0.5874346934751065	0.38979571312041206	-1.7318849376664838
-0.48977761630706235	-0.5874582175962443	0.38981069364564813	-1.7318854063482219
-0.48961285050691555	-0.5875995861294648	0.389791374503911	-1.7307066787613528
-0.48820679155516944	-0.5887619796127164	0.38960998458513774	-1.7237950677165867
-0.4760970566342458	-0.5988319415330086	0.38751609458710373	-1.69234904065279
-0.4491072501518326	-0.6235226693895594	0.38143190130339166	-1.6467348689744628
-0.4129463316242059	-0.6578130119211241	0.37145387270899766	-1.6010203688196507
-0.3597129098838623	-0.7122393420611164	0.35317544534540307	-1.5432140610140184
-0.30024038892420885	-0.7780331635594468	0.3280482016141878	-1.4805088458219249
-0.2536430605804448	-0.8337980903506835	0.3049305507532086	-1.4283060740801767
-0.24403469598419747	-0.8452127509055395	0.29977594101239075	-1.4179430682988543
-0.22598747757295828	-0.8660578732207037	0.28959845111393817	-1.4008010234603814
-0.20380595724143133	-0.8869015302828868	0.27640247987432925	-1.3870334460717204
-0.17474269129333522	-0.9043275671985801	0.2576231082174196	-1.3795594040089003
-0.1486782569591661	-0.9101909461369502	0.23911042921706496	-1.3792197699013562
-0.1253089826612293	-0.9102528727755616	0.22097068732885367	-1.3805945681136662
-0.10431213628312141	-0.9088104739369933	0.2032921753612672	-1.3814483896754162
-0.08558075076865199	-0.907843587149861	0.18633322232501195	-1.381624316555586
-0.06890280038863394	-0.9075680719381745	0.17024868063774215	-1.3815754998974115
-0.05418813646767491	-0.9076034024886317	0.155278916492938	-1.3815332502580295
-0.04132964612787229	-0.9076637132739765	0.1416174292530558	-1.3815257295253183
-0.030168732895740034	-0.9076830270328043	0.1293605074870625	-1.3815281183717152
-0.020509567277952015	-0.9076833767692916	0.11851669090733821	-1.3815296563342676
-0.01212869706201096	-0.9076827147883548	0.10902837321491818	-1.3815301028603633
-0.00477318190057055	-0.907683947098048	0.1007986715115702	-1.3815303499863356
0.000715936997801675	-0.9076856075904841	0.0948926878104716	-1.3815305473026271
0.004646099801931883	-0.9076870063964376	0.09091166189005122	-1.3815306874201005
0.0077222435118703275	-0.9076882093764416	0.08800319063191595	-1.3815307952574878
0.010320787030593352	-0.9076893104118512	0.08570951963556901	-1.38153089563895
0.012735082325779721	-0.9076904230032807	0.08367295883009829	-1.3815310227506157
0.014959158725266895	-0.9076915158661305	0.081955818852465	-1.3815312097010202
0.0162529996387451	-0.9076920581365091	0.08096151468599071	-1.3815311842978018
0.017459837271010734	-0.9076924345790506	0.08003359549110575	-1.3815312300732037
0.018455236621576786	-0.9076928569929501	0.07925564566261376	-1.381531405262131
0.019360716366684235	-0.9076933798460103	0.0785924207278848	-1.3815315654994527
0.020376513753855907	-0.9076940643695672	0.07780401509647518	-1.381531674420403
0.0213498351008651	-0.907694768293015	0.0770429929624236	-1.3815317079332556
0.022318521033987834	-0.9076954762901679	0.07636655946531876	-1.3815317165698475
0.023319130974579494	-0.9076961699526185	0.07571586611503671	-1.3815317381327816
0.02428846899187189	-0.9076967634506913	0.0751850292582393	-1.3815317705499273
0.025324944531831622	-0.9076973000362429	0.07472598856640282	-1.381531803839054
0.026578078226766104	-0.9076978312570259	0.07433554623147556	-1.3815318321092986
0.028389759442043007	-0.9076984316612939	0.0738799391819648	-1.381531851692364
0.032182990025073716	-0.9076993069081095	0.07324868348194323	-1.3815318575643025
0.03670676722253228	-0.9076999975646162	0.07277854134839735	-1.3815318447518947
0.04224173592448324	-0.907700594192592	0.07243254718747913	-1.3815318246701125
0.050134584957061815	-0.9077012155537102	0.07205864581356007	-1.3815317947267993
0.06200973427981249	-0.9077019049270856	0.07166082562076616	-1.3815317506850269
0.08129749573118858	-0.907702744192581	0.07120026470779305	-1.3815316798789317
0.10433860274638485	-0.9077035560574975	0.07080819839489313	-1.381531582013633
0.13194425088124356	-0.9077044505697192	0.0703766477914978	-1.381531419154149
0.1575600296215321	-0.9077053329673049	0.06996655411560851	-1.3815311673277564
0.17689573096633837	-0.9077061443838281	0.069600583125919	-1.3815308121248486
0.1878318962921261	-0.9077067432981794	0.06933405660042839	-1.38153044594667
0.19498737558691176	-0.9077072797714438	0.0691417021138104	-1.3815300632850889
0.20021279989761168	-0.9077077846213547	0.06892999279696883	-1.381529653714728
0.20438464727226588	-0.9077083538194246	0.06870281372481417	-1.3815292061505071
0.20786120259386734	-0.9077090711672046	0.06843802415334113	-1.38152871934086
0.21060381465535907	-0.9077099978370832	0.06812837577646208	-1.3815282417272952
0.21199196095691752	-0.9077107693739489	0.06789346474194748	-1.381527953822357
0.2129272989030851	-0.9077115547990304	0.06767240480027019	-1.3815277370946877
0.21365766564003247	-0.9077124346488717	0.06744376069272698	-1.3815275474068471
0.2142614986573762	-0.907713473031372	0.06720134690339734	-1.3815273772149288
0.2147930913231878	-0.9077147996948401	0.06693834394591978	-1.3815272160180845
0.21519173231421804	-0.9077163542531859	0.06670573355255124	-1.3815270906316843
0.21543995661689067	-0.9077176160741613	0.06662264494944943	-1.3815270243911024
0.21560491954381902	-0.9077192755888057	0.06650019104884429	-1.38152695787644
0.21573293411858677	-0.9077216271446594	0.06640253826368014	-1.3815269132116192
0.21584484492057548	-0.9077250529012345	0.06631945073440929	-1.3815268796761655
0.2159575642920406	-0.9077309166999045	0.0662410827919171	-1.381526849148906
0.2160448000333486	-0.9077379536707549	0.06618945631145044	-1.3815268275924875
0.21614115044595253	-0.9077497189914578	0.06614657343766177	-1.381526805734602
0.21621705572239722	-0.9077628940716991	0.066128165898159	-1.3815267906708824
0.21628401014357043	-0.9077780295392158	0.06612862269696389	-1.3815267781560685
0.21635307646394555	-0.9077974648736091	0.06615172079455094	-1.3815267668209992
0.2164321654565462	-0.9078249144089062	0.06622192645373931	-1.3815267548241106
0.21653191584833634	-0.907862843800122	0.06639816240815163	-1.3815267420719184
0.21664622648057172	-0.9079060871924322	0.06675968377763805	-1.381526729992178
0.21676490006793936	-0.9079450593523762	0.0673506202011901	-1.3815267191472353
0.2169059452857518	-0.9079795159849803	0.0684114472271216	-1.381526709373724
0.2170926207549811	-0.9080070247363545	0.07049670997734726	-1.3815266989664523
0.2173829196498461	-0.9080233654833686	0.07525992923820815	-1.38152668670963
0.217688301245378	-0.908024967591288	0.08231921358256522	-1.3815266763265006
0.21798656733830882	-0.9080203869646474	0.09116207678205414	-1.3815266667392379
0.21832519244638432	-0.9080129528764556	0.10327401359936858	-1.3815266538167714
0.21875677496100163	-0.9080033128683795	0.12141196710508273	-1.381526629217424
0.21950342371412793	-0.9079895919359777	0.15598695164133475	-1.3815265455920362
0.22043991911667823	-0.9079766644069504	0.2009167320642638	-1.3815263366450903
0.22150750505381278	-0.9079657508147466	0.24840998261035943	-1.381525929524132
0.2228304663825051	-0.9079559365252424	0.2953649924399797	-1.381525192421848
0.22449525623469407	-0.9079469983886468	0.3367111627903411	-1.381524029298043
0.2260070306254003	-0.9079408812320059	0.3611979525903106	-1.3815229029765366
0.2275923062785208	-0.9079359033186685	0.37787425663586655	-1.3815218304529087
0.2294699254996753	-0.9079311662930158	0.390460168104439	-1.3815208215598695
0.2320892746289716	-0.9079260549494375	0.40083880196991367	-1.3815198987418458
0.23527666216439472	-0.9079212878515299	0.40770268979931606	-1.3815193102935064
0.23918576171528466	-0.9079168123176324	0.41210273105789	-1.381519002576078
0.24336551140372373	-0.9079130772855447	0.41455098341246305	-1.3815188757893893
0.24826035605975902	-0.9079096065345084	0.4161250487735625	-1.3815188142974884
0.2543809916759342	-0.9079061607571806	0.41724770803190686	-1.381518760862565
0.26263584098707843	-0.9079024921402521	0.4181559102760579	-1.3815186979793774
0.2739415280076146	-0.9078985429911012	0.41893450636884655	-1.381518602408782
0.2901178485979889	-0.9078940397309863	0.41970519873317985	-1.3815184456110694
0.31110432058216136	-0.9078890462564286	0.4204942627405567	-1.3815182111138162
0.3268899160620057	-0.9078852550418073	0.4210705167228207	-1.3815180147177732
0.3374724189828267	-0.9078820438971116	0.42153866757571484	-1.3815178915791222
0.3436557088664409	-0.9078790627176775	0.4219888250476829	-1.381517863305636
0.3465642033176803	-0.9078758970088953	0.42241722828498435	-1.3815179417941172
0.3473574382187416	-0.9078727879348449	0.4227661083378929	-1.3815180880989515
0.3475349208620757	-0.9078692824402443	0.4230841239790138	-1.381518269334466
0.34766988365865176	-0.9078638356115418	0.4234073067167221	-1.3815184828655722
0.3479260457464743	-0.9078561488524193	0.42375694390205576	-1.3815187333466312
0.34823455995219926	-0.9078459410125106	0.4240809257786608	-1.3815189764176534
0.34856363290624337	-0.9078309757001776	0.4244012620368282	-1.3815192264664338
0.34891205930842034	-0.9078050776975575	0.4247763574486102	-1.3815195176470594
0.3493186700755596	-0.9077495578787314	0.42526697541727027	-1.3815198969690976
0.3499270446145036	-0.9075679076123808	0.4257288745051191	-1.3815204897214375
0.3509794261589158	-0.9063213768020124	0.4270666610005217	-1.3815214825505011
0.35183447627849473	-0.9018999228453627	0.42839770946718075	-1.3815224289687817
0.3520843877164175	-0.8993578372455963	0.4287592368801829	-1.3815227062294309
0.3522081611657048	-0.896955997860101	0.4288514252659908	-1.3815229348578637
0.35222904874344835	-0.8953170343196097	0.4286797082967537	-1.38152308792757
0.3521644958962066	-0.8937407760486817	0.42820115486441807	-1.3815232449576662
0.35202176322640505	-0.8923892808929247	0.4275569159919501	-1.3815233962986566
0.3518723046147161	-0.8913388839426885	0.42706179047904985	-1.3815235281185987
0.35175458024855094	-0.8904433940896113	0.42678235136767734	-1.3815236535125845
0.35168813433128043	-0.8895750759506639	0.4266883228207002	-1.381523790032078
0.351684510727137	-0.8887391126684254	0.4267073596158082	-1.3815239442945924
0.3517269258000527	-0.8879308598114859	0.4267475859257135	-1.3815241337425659
0.3517939275789547	-0.8870937851616787	0.4267631491229694	-1.3815244035362404
0.3518895443605027	-0.8862758547711194	0.4267541306843302	-1.381524912654673
0.35197631016668995	-0.8859657631782618	0.4267458211760692	-1.3815254886191846
0.35206379024409806	-0.8859117621209828	0.42674444175415976	-1.38152610440087
0.3521076251602983	-0.8859153982128892	0.426745939037244	-1.3815264504895655
0.35206464950625144	-0.88354266312881	0.4267459507728893	-1.3801825464322328
0.3516883410059337	-0.8708924929195648	0.4267457903839566	-1.3740166541466674
0.34803726091192305	-0.8213740078865883	0.42673134659495926	-1.3538134134383426
0.3418831392438684	-0.7732384617288606	0.42668025037313984	-1.3360719497224358
0.3327040066737995	-0.7243415102611943	0.42654944461340644	-1.3185617591281225
0.32894541931862864	-0.7099948949212516	0.4264770887074725	-1.3141772628841872
0.3225347219116655	-0.691275584230792	0.4263270234206675	-1.3095077641757087
0.3113924984118193	-0.6739537693708207	0.425944380510288	-1.306953560567157
0.30037389842056755	-0.6685060663550811	0.42536284745190595	-1.30704457343386
0.28877742843200854	-0.6683840270491356	0.42445604978380186	-1.3074983887709286
0.2771931439830141	-0.6696905059382887	0.4231403268778397	-1.3076958442933317
0.2650455194899787	-0.6706879161141989	0.4212304209403721	-1.3077139147963133
0.25150627113772867	-0.6712376623712374	0.41838988403695404	-1.3076943804561463
0.2404320424596268	-0.6716370647715635	0.4155667420367797	-1.307688114463757
0.23116056612639746	-0.6721407420730352	0.4128739437285174	-1.307688305160327
0.22314397062509614	-0.672769794830214	0.4104279900485957	-1.3076889373464227
0.21615913095859732	-0.6734714569365032	0.40829631290709667	-1.3076892180647293
0.2100281689952293	-0.6742443800948882	0.4064160028427086	-1.3076894074742642
0.2046436518579839	-0.6750526493775975	0.40470518252231497	-1.3076896421471793
0.20026715770288245	-0.6758455693802382	0.4032087131287721	-1.307689925856217
0.1968340315582898	-0.6765635420697823	0.4019219159095132	-1.3076901524545508
0.19313704809606147	-0.677461463797943	0.4001610521779214	-1.3076903189305866
0.1904656153860598	-0.6782815167448775	0.3967798012726143	-1.3076904129086684
0.18981605288964692	-0.6785140374895157	0.39515261528145984	-1.3076904446050002
0.1890119472594531	-0.6788434230105804	0.3918130797941188	-1.3076905393519593
0.18802192369905119	-0.6793328074011372	0.384897279806686	-1.3076905863276462
0.18688331313402778	-0.6799612609298684	0.3745626789391061	-1.3076907203403196
0.18494769823011137	-0.6810365965557235	0.3560583441490891	-1.3076909852947343
0.1828926895088474	-0.682083658342676	0.3379788373085716	-1.3076912646220986
0.18027928433974694	-0.6832524574176647	0.3180114596034763	-1.307691598047455
0.17653133233777865	-0.6846491358082016	0.29427112146293294	-1.307692033838718
0.17087301743958938	-0.6863034658355812	0.26585248763336217	-1.307692613589464
0.1665459665879704	-0.6873008379094994	0.24810830190685862	-1.307693009924119
0.16211281543568545	-0.6881375960374971	0.23242852392271746	-1.307693385543342
0.15751649130659473	-0.6888472053369211	0.218182316087977	-1.3076937538340836
0.15209204821214062	-0.6895221445632206	0.20335109057046274	-1.3076941729726432
0.14775045715282814	-0.6899549482992541	0.19270006089613473	-1.3076944954686596
0.1431507497677492	-0.6903250932050684	0.18235289885304842	-1.3076948245644577
0.13630214242204183	-0.6907436537092962	0.16833554551487193	-1.3076952922106482
0.12674090831062887	-0.6911201882837028	0.150871201436486	-1.3076959110869695
0.11762678688574227	-0.6913082351631394	0.135998781449171	-1.3076964670522206
0.10935745174060196	-0.6913865367085507	0.12369351296232185	-1.3076969383358956
0.1019000297202479	-0.6914216474376247	0.11338735958929497	-1.3076973272519257
0.09527413108492544	-0.6914674179287041	0.10476465581290753	-1.307697631916569
0.09121043946826063	-0.691581303186962	0.09971230659896504	-1.3076977902930693
0.08767608987694002	-0.691850543915473	0.09544993095919574	-1.307697902705002
0.08516750231726757	-0.6920561084239493	0.09249728951211769	-1.3076979410782774
0.08291962999593323	-0.6921512700410398	0.0899011060711403	-1.3076979816926133
0.08087958134776231	-0.6921630712320429	0.0875842476893778	-1.3076980062049048
0.07901263143662307	-0.6921564942982458	0.08550122871043549	-1.307698014881859
0.07660086403133404	-0.6921486438096616	0.08285467985903884	-1.3076980063283201
0.07363622731226441	-0.6921469001767632	0.07967802853888971	-1.3076979759433103
0.07091023430107496	-0.6921493916061657	0.0768389824072425	-1.3076979410744447
0.06891169042189739	-0.6921520446825274	0.0748151998839621	-1.307697870263029
0.0672246349548725	-0.6921542444030544	0.07314883399910649	-1.3076977142766846
0.0658483638834419	-0.6921563034783085	0.071823378596161	-1.3076975281906005
0.06458240526693482	-0.692158667024595	0.07062498719131903	-1.307697299681138
0.06326338672416472	-0.6921615821293609	0.06940827816850773	-1.3076970206390546
0.061535674455142145	-0.6921665402701385	0.06784390880523467	-1.3076965461646903
0.060055418136166626	-0.6921724202059771	0.06652712473646613	-1.3076960226188832
0.058891616677121124	-0.6921787864087169	0.06555342617002902	-1.3076954962495364
0.05803533764237087	-0.6921858125391978	0.064803035179387	-1.307694937159708
0.05736529393314581	-0.6921932266688371	0.06424305056158341	-1.3076944492912141
0.05689038831855743	-0.6922013932231659	0.06385176203602617	-1.3076940352452422
0.056559009930975575	-0.69220930970286	0.06355583833451442	-1.3076937158973858
0.0563683696673038	-0.692216160258157	0.06338330806845197	-1.3076935430891306
0.056367958568043885	-0.69232030432147	0.0633829173550793	-1.3077030435124657
0.05636714686343707	-0.6931543769687609	0.06338210762591205	-1.3077663422383203
0.05636560353653616	-0.6998203771004783	0.06338067187797125	-1.3081224168638805
0.056363819068692096	-0.7193701928509175	0.06338209219308896	-1.3088787446953227
0.05636222029929243	-0.7495639212567989	0.06339703982780953	-1.3098085461505449
0.056360424162539065	-0.7948035741353219	0.06348011176931564	-1.3110209190944222
0.05635945984453565	-0.820814954622777	0.0635871790778884	-1.311678957946279
0.05635838867629555	-0.8467633190704628	0.06378559517536152	-1.3123270645291165
0.05635807768517157	-0.853156591328809	0.06386061878370376	-1.312483842763596
0.05635753459570235	-0.8628440235229399	0.06400536890471215	-1.3127092440793073
0.05635620473147203	-0.8780383137188251	0.06444832737082438	-1.313002829403781
0.05635455167154863	-0.8864913609476317	0.06516536495254888	-1.3131200791899686
0.05635158214693572	-0.89138722272002	0.06699928482156667	-1.3131531039694482
0.056348978970124954	-0.8922513490209141	0.06915216481107271	-1.3131439513850955
0.05634534540763896	-0.892205277647236	0.07339957163011775	-1.313129991919332
0.05634158642563919	-0.8919316122556951	0.07916767714950591	-1.3131230931454203
0.05633765131220763	-0.8917147151636238	0.08675183520106806	-1.3131204539470693
0.056332948485112354	-0.8915718124763308	0.09788724960725687	-1.3131196610544005
0.05632659622744789	-0.8914901274194224	0.1162682936212823	-1.3131196244165633
0.05631550211726369	-0.8914521006476392	0.15556065385027876	-1.3131197690087295
0.05630376680400137	-0.8914508325269049	0.20373510214895862	-1.313119746232005
0.05629182189391364	-0.8914557700477945	0.25477450756952247	-1.31311953900171
0.05627750638929333	-0.8914599255326062	0.31176428309621745	-1.3131190870047238
0.05625923022716188	-0.8914622243388245	0.37149737305209135	-1.3131182156745485
0.05623827312696893	-0.8914630121074515	0.42126244031389926	-1.3131168495431815
0.056219688825027196	-0.8914631274167816	0.4508661681110418	-1.3131154332154085
0.05620107367074986	-0.8914631156816923	0.47073816018082976	-1.3131139956457087
0.056180424635578985	-0.8914630996806376	0.4852218479041599	-1.3131125786868065
0.056154639227880714	-0.8914631102123688	0.4965056644918742	-1.3131112451520968
0.05610849049855025	-0.8914631759540392	0.507187691475638	-1.3131099695612802
0.05606280195723287	-0.8914632594467635	0.5118596469275691	-1.313109589756144
0.05602025090820071	-0.89146333654113	0.5138103239113319	-1.3131095628597718
0.05597196295866373	-0.8914634176361657	0.5148423003940101	-1.3131096382928753
0.05591357910654633	-0.891463506081456	0.515412601369697	-1.3131097275497008
0.05583366904526533	-0.8914636140254869	0.5157282676775057	-1.3131098201825389
0.055717667332395394	-0.8914637518290371	0.5158831650167922	-1.3131099019122148
0.055530789365286846	-0.891463940493959	0.5159435395845499	-1.3131099808787008
0.055275134711480954	-0.8914641542440985	0.5159538870927906	-1.3131100549389294
0.05498160691006788	-0.8914644072920467	0.5159554848639414	-1.3131101354762362
0.05443109205198339	-0.891464720989403	0.5159607564850872	-1.3131102348385253
0.05362485976343993	-0.8914650917328896	0.5159696474345998	-1.313110353290942
0.05266090082474301	-0.8914654530807593	0.5159779929106704	-1.3131104718265267
0.051543556806371696	-0.8914658173195757	0.5159851907973396	-1.3131105944015973
0.05026750444480971	-0.891466198805871	0.5159915670153686	-1.3131107270549771
0.04884456034751245	-0.8914666095295102	0.5159974300480362	-1.3131108757928678
0.04749313897180997	-0.8914670034596066	0.5160024062703287	-1.313111023170429
0.04629410393418765	-0.8914673670829794	0.5160063512740487	-1.3131111653384553
0.04518965001166165	-0.8914677197201974	0.5160095854435116	-1.3131113083905326
0.04420968525546547	-0.8914680544504199	0.5160121503578381	-1.3131114484389663
0.043431418223450584	-0.8914683362435165	0.5160139420445613	-1.3131115684962318
0.04283929499456113	-0.891468560619708	0.5160151248779942	-1.3131116639766494
0.042321727693550346	-0.8914687640251323	0.5160159955101302	-1.3131117489888668
0.04171505433452007	-0.8914689198935933	0.5160167830458595	-1.3131118471850336
0.0411410071850885	-0.8914691208989488	0.5160172468226456	-1.3131119342304778
0.04072059891514708	-0.8914692782489899	0.5160173738136278	-1.3131119908060516
0.04033099177360656	-0.8914694391005733	0.5160173140177701	-1.3131120407487036
0.03989711516631482	-0.8914696082803611	0.5160170444625891	-1.3131120926544693
0.039368929090162236	-0.8914698019832253	0.5160164564489207	-1.3131121628043527
0.03857856097689221	-0.891470022132665	0.516015375598717	-1.313112272843517
0.0376340993476447	-0.8914701891735863	0.5160142087059408	-1.3131123872063968
0.036339371992134696	-0.8914703219190333	0.5160130288769126	-1.3131124995212085
0.03424400277201929	-0.8914704420839933	0.5160117315269362	-1.3131126173084933
0.029640850499486046	-0.8914705770678849	0.5160099869778029	-1.3131127657204216
0.024959666471697707	-0.8914707111423033	0.5160089069857584	-1.3131128604015538
0.018654531654854353	-0.8914707339947816	0.5160069026505021	-1.313112955095621
0.011693105580218688	-0.89147078871011	0.516005608476947	-1.3131130411173537
0.00452819511005665	-0.8914708517244032	0.5160046861503276	-1.3131131235980738
-0.0029918660775110767	-0.8914709159215549	0.516003786388387	-1.3131132143366506
-0.011053208263195634	-0.8914709942585959	0.5160025512859431	-1.3131133345548172
-0.017447598360763233	-0.8914710862071058	0.5160008597396246	-1.3131134849617567
-0.01984488313675789	-0.891471058576012	0.5159995577679002	-1.3131135901137978
-0.021009972688694242	-0.891471080679878	0.5159982459792883	-1.3131136750054837
-0.021720512463304545	-0.8914711157802147	0.5159967962474792	-1.313113784166891
-0.022141870816219406	-0.8914711662478636	0.5159950452240882	-1.3131139131583953
-0.02249242407546804	-0.8914712245129796	0.5159928178612272	-1.3131140699380721
-0.02288056048859198	-0.8914712973348697	0.5159896792148538	-1.3131142827134448
-0.023412160484064443	-0.8914713988592393	0.5159849116440752	-1.3131145953593242
-0.024236788698242764	-0.891471574739259	0.5159767300864427	-1.3131151198654272
-0.025380054659412177	-0.8914717034942333	0.5159642070605757	-1.313115937397938
-0.026245200917397286	-0.891472051049883	0.5159528369875472	-1.3131167334862428
-0.026955434479777468	-0.8914725182009301	0.5159434594829229	-1.3131174790076636
-0.02755841820127119	-0.8914733725950336	0.515936243628957	-1.31311821424576
-0.028066874789774605	-0.8914745061223319	0.5159312686643788	-1.3131189352525934
-0.028498344578056757	-0.8914762203800286	0.5159287315157332	-1.3131196253624164
-0.028664598413400688	-0.8914770518799312	0.5159285173642922	-1.3131198786582763
-0.028665903783792537	-0.8907874787356487	0.5158432344941989	-1.3134885391477524
-0.028671340690865563	-0.8860278236194453	0.5151104045277743	-1.3157419583011543
-0.028746351153226733	-0.8585185382479207	0.5083114788860917	-1.3267737299507179
-0.0289967796744615	-0.817869121360766	0.4942243932119542	-1.341398991320782
-0.029815056012803175	-0.7639006243921611	0.4698081472124126	-1.3595193588413501
-0.03193218010858878	-0.7001832617697059	0.4345289180388244	-1.3801605834734774
-0.034445045409952024	-0.6593526257084771	0.4093944783221465	-1.3933175691524406
-0.03844617121411098	-0.6193116261580566	0.3837488869992457	-1.4063624897092317
-0.04024131051538713	-0.6064790516641687	0.3752588834927956	-1.4102074240767304
-0.0432002900685228	-0.5898483763794797	0.36374062520622474	-1.414720082978144
-0.051050788868702734	-0.561592960048371	0.3417620201831408	-1.420026988067954
-0.06643760562223326	-0.5363004078405657	0.3158366628721366	-1.4220947329089664
-0.08820970584281201	-0.5220972802411838	0.29373923221325027	-1.4219636142768592
-0.11935312119754102	-0.5148909445177544	0.27311747172754086	-1.4214987949635545
-0.15119594359591226	-0.512615409414618	0.25753691332363626	-1.421275639844053
-0.18041122422131703	-0.51227403358299	0.24514200083042104	-1.4212179066467394
-0.20731551015501878	-0.5125526933236308	0.23372760520530175	-1.4212180873585785
-0.2326215028466204	-0.512990952393371	0.2211374809519364	-1.4212293522032808
-0.2511712202615355	-0.5133167246505754	0.2073200589852839	-1.421235302039315
-0.25650251368851407	-0.5133895075036116	0.1992973773916308	-1.42123578205689
-0.25816456379232944	-0.5133963069479056	0.19265037537547638	-1.4212355741421863
-0.2584831273493745	-0.5133840993861054	0.18651498376611217	-1.4212355663858351
-0.2583073377116852	-0.5133722826043876	0.18050203589156877	-1.4212357536002347
-0.2580332377345714	-0.5133667497301881	0.17419678146285472	-1.4212360034129425
-0.2578567908623088	-0.5133664632943279	0.1674923804635501	-1.42123625373266
-0.25783898459961363	-0.5133675136889152	0.16291802214362358	-1.4212364016811474
-0.2578691536821087	-0.5133679474632706	0.16033820010016073	-1.421236454576637
-0.25789781159338276	-0.5133680683755346	0.15904677287209315	-1.421236435599739
-0.25791938059773445	-0.5133681897250045	0.15853201840184922	-1.4212363597325384
-0.2579399301056119	-0.5133683868072416	0.15841543348649112	-1.4212362467516506
-0.25796523336114724	-0.5133686984165773	0.158452838161546	-1.4212360949642604
-0.2579957707291682	-0.5133691574266431	0.15850929264203953	-1.4212359139254258
-0.25802962838436716	-0.5133698017382439	0.15853701728283845	-1.421235711805373
-0.2580682366424018	-0.5133706765885069	0.15853827501067613	-1.421235490547167
-0.25811439756753674	-0.5133717848799944	0.15852890136946568	-1.4212352399193466
-0.2581664861649988	-0.5133733513778577	0.15851899477986942	-1.4212349616807998
-0.25823000429451465	-0.5133755353576734	0.15851103076862952	-1.421234671923634
-0.25828485055860917	-0.5133776753961041	0.15850600499545603	-1.421234464622621
-0.2583163555900974	-0.5133791935893767	0.15850304783193947	-1.4212343314197768
-0.2583491212522794	-0.5133799649241799	0.1585016767209661	-1.4212342485968534
-0.2583618793966501	-0.5133813264704532	0.15849938272373126	-1.4212340988553098
-0.25839868079994927	-0.5133828105625018	0.15849705866513125	-1.4212339435248915
-0.25844456996518184	-0.5133848546585464	0.15849412715245242	-1.4212337484292448
-0.25851245091550684	-0.5133880672320974	0.1584898607698103	-1.4212334747743847
-0.2586121834452235	-0.5133930949052882	0.15848415426524098	-1.4212331299490315
-0.25870568598142457	-0.5133979822869938	0.15847939487966956	-1.4212328966992223
-0.2588010720786971	-0.5134032565690076	0.15847533154694887	-1.4212327702217846
-0.25885583476206864	-0.5134064354268412	0.15847346927265632	-1.421232743012097
-0.2589278671980305	-0.512918673417498	0.15847233841383707	-1.4215142663475813
-0.25956093140518777	-0.509354724033123	0.15845849677408055	-1.4230060825089605
-0.26588353765738004	-0.48629743273881904	0.1582389605878651	-1.428874042945243
-0.278583792795826	-0.453820341070596	0.15770739921022933	-1.43496677776476
-0.3004018843495823	-0.41266400098279904	0.15663006823440528	-1.4414899507404224
-0.3235337599226888	-0.3788666886648118	0.15535024143915535	-1.4464708112158202
-0.3370511177765174	-0.3619041722706059	0.154553584410327	-1.4489267628825617
-0.35161404725646994	-0.3451397537959425	0.15364954612352588	-1.4513742177747053
-0.36292195103826275	-0.3327842572777816	0.15286634096311524	-1.452912511545883
-0.3742374172809285	-0.3209003571588589	0.1520487222877701	-1.4541780260932118
-0.39202191220068916	-0.3025739547821816	0.15059024035188395	-1.4554761085373682
-0.418697533482069	-0.27383865100076255	0.1475593582436986	-1.456257193855052
-0.4361834940135776	-0.2510799900881308	0.14406590748936157	-1.4562249481252785
-0.4452142927063338	-0.23369480223186895	0.14011737128010796	-1.456077339982471
-0.448750967056744	-0.2199644459533416	0.13527968223375123	-1.4560043100107647
-0.44909612124057985	-0.21040717508884574	0.12956420486493916	-1.4559943771138517
-0.44842466988339574	-0.20444611546400396	0.12278150461415625	-1.456000161529182
-0.4479217551442565	-0.20196289136249707	0.11654337372918727	-1.456003257143723
-0.4476810865602685	-0.20077841844129973	0.11064388042992447	-1.4560040023321723
-0.4475878538980732	-0.20020161944840723	0.1045967178036117	-1.4560041069563712
-0.44756421520240663	-0.1999128989043366	0.09761864252582562	-1.4560041870715437
-0.4475700232591606	-0.19983517833098152	0.09198006353962697	-1.4560044643608325
-0.44757898552085046	-0.19982325179342794	0.08653679410504726	-1.4560046819317105
-0.44758451247313674	-0.19983510171694077	0.08209148669427672	-1.4560046529784525
-0.4475874476571261	-0.19985039362163762	0.07819569228363149	-1.4560047143957024
-0.4475890658005415	-0.1998634266784019	0.07458548213229298	-1.4560048561723329
-0.44759014838197214	-0.19987218140429555	0.07136796081791795	-1.4560050033382457
-0.44759099081844683	-0.19987664870731398	0.06890587773838983	-1.456005116361939
-0.4475916581039319	-0.19987864757066104	0.06719371898884717	-1.456005194754479
-0.4475922685769755	-0.19987971793868792	0.06577721571696575	-1.456005258922446
-0.4475929869621061	-0.19988046758507194	0.06434066089460704	-1.4560053279878826
-0.4475936612695697	-0.19988088069806328	0.0630917063766098	-1.456005387838991
-0.4475943451700529	-0.1998811356211097	0.06190462700279024	-1.4560054444623907
-0.4475950194327171	-0.19988129303933277	0.06086704702834558	-1.4560054968068716
-0.44759574624401544	-0.19988140366826113	0.05978698226471499	-1.456005549502224
-0.4475966209639631	-0.1998814931883687	0.05863410064761037	-1.45600560830665
-0.4475976917465919	-0.19988157013968896	0.05732241750021775	-1.456005673859704
-0.44759917063465915	-0.19988165133038893	0.05567438755919486	-1.4560057539965723
-0.4476006320809766	-0.19988172012048688	0.054099205118477836	-1.4560058226208668
-0.44760178587929006	-0.19988177169632282	0.052711040610801216	-1.456005870169144
-0.44760276850234104	-0.19988181535228453	0.051129705260090835	-1.456005906582651
-0.44760368829548525	-0.19988185645581424	0.048900809804148286	-1.45600593907526
-0.4476046807790727	-0.19988190113730192	0.044713349368107516	-1.4560059703221893
-0.44760542924468644	-0.19988193503738183	0.03937360818125865	-1.456005991287778
-0.4476063990818054	-0.19988197917067918	0.027667937689284286	-1.4560060159507664
-0.4476071940944815	-0.19988201550498663	0.01213677773879504	-1.456006034557816
-0.44760788741401114	-0.19988204728648046	-0.006846550261624937	-1.4560060491326923
-0.44760855713543446	-0.19988207807921088	-0.029608171569153352	-1.4560060625275733
-0.44760922875828946	-0.19988210905096662	-0.05486512958191117	-1.4560060748813932
-0.4476099720503103	-0.19988214343288707	-0.08218621583134994	-1.4560060877321257
-0.4476109975989646	-0.19988219105793303	-0.1129434407405185	-1.4560061034657295
-0.44761212410798146	-0.1998822436373964	-0.1344425743510847	-1.4560061187807845
-0.4476129809854992	-0.19988228332479693	-0.14318770563623529	-1.4560061291960384
-0.44761380202559775	-0.19988232207421847	-0.14771625299623772	-1.4560061379584206
-0.44761467451884074	-0.19988236371453058	-0.1502152763972437	-1.4560061465764047
-0.44761567989619594	-0.19988241183584984	-0.1517639889698489	-1.4560061550588579
-0.44761695668018153	-0.19988247308810053	-0.152977105544352	-1.4560061641489326
-0.44761870097626966	-0.19988255728113485	-0.15398429803227615	-1.4560061737774166
-0.4476210886467329	-0.19988267385748945	-0.15508767792161504	-1.4560061822662653
-0.4476248927389483	-0.1998828630707647	-0.15666577065647735	-1.4560061868051308
-0.44763206355517915	-0.19988323166683292	-0.1591446572885557	-1.4560061726218347
-0.4476422019464872	-0.19988377905742133	-0.16177652483170607	-1.4560061192712022
-0.44765091468290474	-0.19988441595990342	-0.16388456184249756	-1.4560060336668963
-0.44766206734105	-0.19988516252163774	-0.16556326546680777	-1.4560059221028598
-0.44767506283416986	-0.1998860404010838	-0.16696995450621804	-1.4560057852258845
-0.4476889815339071	-0.19988694950745997	-0.16814925990489216	-1.4560056291214172
-0.44770490082615444	-0.19988807323636562	-0.16914687912301435	-1.4560054568182281
-0.4477224588489167	-0.1998894260017567	-0.16999174164031167	-1.4560052729741944
-0.4477422917449451	-0.19989098636548558	-0.17070563900761954	-1.456005068642269
-0.4477637132834294	-0.19989267075057343	-0.1713086264005005	-1.4560048722450882
-0.44778777820866783	-0.19989458927458334	-0.1718126177606111	-1.4560046995540923
-0.4478132290827767	-0.19989668762261015	-0.17223421339886497	-1.4560045536601167
-0.4478411942046399	-0.19989900327078408	-0.17258531109124464	-1.456004437800318
-0.44787143089608095	-0.19990146560677605	-0.17287589146450236	-1.4560043810795704
-0.4478890517040841	-0.19990289452217835	-0.17300247414280193	-1.4560043823844167
-0.44744211062075845	-0.19996282868136953	-0.1730729046160184	-1.457446740553042
-0.44407218530385717	-0.20051230388096664	-0.1737382105274753	-1.464843542258669
-0.4212986035855817	-0.20660112235908532	-0.1817924537308649	-1.4926993125478283
-0.39160854879631773	-0.21866063151422516	-0.19858700937476256	-1.5191504773418614
-0.3621230213036072	-0.23526050983583355	-0.2230496378161509	-1.5411985089617428
-0.3292100622383012	-0.26062079899973367	-0.2624984192451637	-1.5638524721089218
-0.29681249832307044	-0.29370838229271445	-0.3160992975416145	-1.5857701538886986
-0.28454850747508764	-0.30860490651805744	-0.3404841679085158	-1.5924797327598654
-0.26710489281779204	-0.33149647523333814	-0.377664133269913	-1.5996214896164898
-0.2463515488733634	-0.36016594232612487	-0.4222942672000497	-1.6038128541798586
-0.2263717893386144	-0.38698722614585235	-0.46048557005734786	-1.6047233254297628
-0.20749566117251517	-0.40876947371663525	-0.4873373475455985	-1.6043705026964241
-0.19019602043332928	-0.4231695575042648	-0.5015680614392553	-1.6039694573341245
-0.17731709242489518	-0.4296677190483703	-0.5057508360523957	-1.6038385577439145
-0.16719452882862068	-0.43181855125668234	-0.5062588274901292	-1.6038298925578747
-0.1583962436481937	-0.432154516633525	-0.5052836574388194	-1.6038445917182544
-0.15085499434520702	-0.43177884755168905	-0.5044121261240427	-1.6038521940631647
-0.1444563481087922	-0.4313392935476078	-0.5039964414778406	-1.603852941964706
-0.14056222167715843	-0.4311559957133885	-0.5039708784138696	-1.6038522610115775
-0.13884408864477465	-0.43113988575979034	-0.5040359948502113	-1.603852057455276
-0.13826532381284207	-0.43116239082352487	-0.5040772890166464	-1.6038520624217707
-0.13825365498835562	-0.43117601723082516	-0.504095509637835	-1.603852076685768
-0.1384185661960314	-0.43117849654809015	-0.5041081523764569	-1.603852080990496
-0.13855035285761844	-0.4311777277346233	-0.5041264569977508	-1.603852084742183
-0.13859285678112315	-0.4311775364735745	-0.5041583028116127	-1.603852092551719
-0.13858371289198723	-0.4311782306684597	-0.5042121815438495	-1.6038521105972046
-0.13858173136920524	-0.4311792359551698	-0.5042760866707846	-1.603852141885351
-0.13859586629997772	-0.43118096083225066	-0.5043735253847587	-1.6038522188964397
-0.13862407653491232	-0.4311840088958326	-0.5045068944611029	-1.6038523920534324
-0.13866956456064944	-0.43118835484758733	-0.5046468905782915	-1.603852759050116
-0.13867717862853451	-0.43118900969213597	-0.504658727588735	-1.6038528313344524
-0.138637336455138	-0.43174846369286995	-0.5049998320696213	-1.6034134624519383
-0.1382659997085633	-0.4358936340931597	-0.5073538229484241	-1.6013955951714152
-0.1362527213951415	-0.45307672992413867	-0.5161730591406802	-1.59691729136868
-0.13204786355592088	-0.48343894208831895	-0.5303632545032293	-1.5919456792589797
-0.12517052193359968	-0.5259236990766145	-0.5486843067514481	-1.5868741735101455
-0.1188760676578397	-0.5612979160093718	-0.5630934147266603	-1.5833048022976421
-0.11170503968452249	-0.5984508594639117	-0.5780978771949412	-1.5797717859543972
-0.10758582888904558	-0.6164043957377932	-0.5852952781455919	-1.5783848873192965
-0.10275429530928483	-0.6358929561044278	-0.5930826399687519	-1.5772064272023476
-0.09389224283754807	-0.661391371633862	-0.6037796333759627	-1.5763162142846738
-0.08273062611469831	-0.6773341990980452	-0.6108575786034502	-1.5762016325462924
-0.07281002249693579	-0.6812265637972307	-0.6129891757521958	-1.5763287431919684
-0.06292248324289983	-0.680735682846715	-0.6131234510371449	-1.5764052652405698
-0.05342619892697265	-0.6794325895783226	-0.6126680254602009	-1.5764201245542961
-0.04316251894154315	-0.6786074858104603	-0.6122902932718133	-1.576416204603019
-0.03246946372067534	-0.6784218553546512	-0.6121654400420705	-1.576413108936764
-0.022823713365581498	-0.6784910322299075	-0.6121815210168061	-1.5764127617897208
-0.01420561043408776	-0.6785442483436692	-0.6122085239044395	-1.5764129171600239
-0.006768698468180151	-0.6785542290418054	-0.6122179473059398	-1.5764129745427735
-0.0015100672895687756	-0.6785520785480835	-0.6122194124062491	-1.5764129887389158
0.0024802201995375514	-0.6785507148572787	-0.612220257049999	-1.5764130083808108
0.005783270074302488	-0.6785504358319895	-0.6122213908375342	-1.5764130437345967
0.008741075415490244	-0.6785504814323988	-0.6122226594332179	-1.5764131112830695
0.011485817093503745	-0.6785505557083872	-0.6122239528545342	-1.5764132446875576
0.013138839965414349	-0.6785506583674578	-0.6122245571545916	-1.5764142747787961
0.014714903465659051	-0.6785506551639138	-0.6122251671540682	-1.576413572739666
0.015955532024548368	-0.6785506489501004	-0.6122257628367912	-1.5764137039110155
0.017030652474482197	-0.6785506608294776	-0.6122263762251149	-1.5764138975215074
0.018152996137431734	-0.6785506842297677	-0.6122270909658982	-1.5764140088917533
0.0192959189085102	-0.6785507111969677	-0.6122278759862039	-1.5764140130351192
0.02035741088134363	-0.6785507363533844	-0.6122286402696837	-1.576413966441002
0.021441236075815186	-0.6785507614111908	-0.6122294201329168	-1.5764139306619462
0.02249595996989861	-0.6785507841737218	-0.6122301280459229	-1.57641392995677
0.02353633766498727	-0.678550804032419	-0.6122307415755086	-1.5764139494384282
0.024682357502310685	-0.6785508226134668	-0.6122313140068131	-1.576413974422819
0.026120731843569205	-0.6785508416745973	-0.6122319027322729	-1.5764139984616052
0.02843430043964695	-0.6785508650750833	-0.6122326313739987	-1.5764140202063475
0.03144392422941389	-0.678550886998414	-0.612233322436978	-1.576414032023257
0.03557546218264052	-0.6785509083375483	-0.6122337895866136	-1.5764140365005088
0.04102362882508537	-0.6785509283005224	-0.612234210243729	-1.5764140359790795
0.04884345285699169	-0.6785509487548669	-0.6122347491986359	-1.5764140303852634
0.06100101141325321	-0.6785509711149998	-0.6122354499144221	-1.5764140180764403
0.08088285629104372	-0.6785509960231724	-0.6122363177350397	-1.5764139928978593
0.10493675237970708	-0.6785510162111457	-0.6122371170090299	-1.5764139493909712
0.13361435971958455	-0.6785510300225079	-0.6122378884098447	-1.576413864941217
0.1619316680722068	-0.6785510289203863	-0.6122385131451852	-1.5764137082201206
0.1854350696862907	-0.6785510015133882	-0.6122388267361911	-1.5764134336100792
0.19812254363807075	-0.6785509724590879	-0.6122387356636134	-1.5764131333056857
0.20613971381448726	-0.678550915633063	-0.6122383478799924	-1.5764128090515854
0.21188119686314436	-0.6785508535068783	-0.6122375922514568	-1.5764124551931726
0.21633809295438142	-0.6785507978644081	-0.6122361989334265	-1.5764120703084676
0.22006425924650633	-0.6785507626334891	-0.6122332812736314	-1.5764116469843443
0.22307537387384996	-0.6785508020996388	-0.6122259812755305	-1.576411219776752
0.22471828992425863	-0.6785509470414264	-0.6122136489496821	-1.5764109418758423
0.22579066498131664	-0.6785512795476883	-0.6121911244703298	-1.5764107334468906
0.22650022905097333	-0.6785519108485357	-0.6121521364169369	-1.5764105757458806
0.22694200683767063	-0.678552858523191	-0.6120972970301086	-1.576410461595006
0.2272571691157254	-0.6785542646360939	-0.6120201309110369	-1.5764103703927443
0.22751313178478547	-0.6785564631117349	-0.6119034544893878	-1.576410287638693
0.22774633229099348	-0.6785602939073955	-0.6116878496196214	-1.576410202904884
0.228029042537443	-0.678569753737951	-0.6110555605234935	-1.576410089322665
0.2282097890162942	-0.6785812826305492	-0.6101400868278595	-1.5764100075831788
0.22832688150474342	-0.6785931247791273	-0.6090657118660753	-1.5764099488473409
0.22842849799479367	-0.6786071840654295	-0.6076125373074958	-1.5764098954726222
0.2285253835392013	-0.6786248117411323	-0.6054958828058637	-1.5764098433487392
0.22863622908949432	-0.6786504944863575	-0.6017715940722704	-1.5764097823532526
0.2287714244075877	-0.6786885602062445	-0.5946445824596072	-1.5764097094106226
0.22890530975316806	-0.6787313595393651	-0.5840709048576185	-1.5764096382717825
0.22903313822510715	-0.678770791267063	-0.5707856099556662	-1.5764095769774695
0.22917578608406827	-0.6788088383519647	-0.5532247216072016	-1.5764095158227287
0.22935492879931013	-0.6788436039325556	-0.528699768371961	-1.5764094516169798
0.2296040605556259	-0.6788709162758667	-0.49429852718800693	-1.5764093802696622
0.22994530948459543	-0.6788833742728234	-0.4526303865961399	-1.5764093083637336
0.23037971999072424	-0.6788807636903571	-0.4123480897097857	-1.5764092450085267
0.23096984122551562	-0.6788680237127931	-0.3744435941880147	-1.5764091866245244
0.23182668526028932	-0.6788487494958267	-0.34028618270896005	-1.5764091301962113
0.23312865423877943	-0.678826652573007	-0.31207361767977426	-1.5764090758665674
0.23501566535783794	-0.6788055507012071	-0.29160419257611503	-1.5764090220012745
0.23786729920257427	-0.6787864702117493	-0.27780096511471664	-1.5764089622164603
0.24250338802794696	-0.6787692884885835	-0.26933116097673665	-1.5764088860987866
0.25008773448863114	-0.6787545004555582	-0.26544610661990725	-1.576408771574982
0.2603738361304205	-0.6787435702686742	-0.2643193703988787	-1.576408611268561
0.27548860649605467	-0.6787340430319402	-0.26414771383727526	-1.5764083490081209
0.2970635159089674	-0.6787251873329734	-0.26411696687640807	-1.5764079041156251
0.31952726583880636	-0.6787180335187812	-0.2639216113024848	-1.5764073191856673
0.3380770390424916	-0.6787121846251323	-0.26358206445655014	-1.576406688361985
0.3502594872518638	-0.6787072929067289	-0.26319893292337504	-1.5764061359920558
0.3575695762767653	-0.6787025461773087	-0.26278449217227595	-1.5764057031445673
0.36092946328272935	-0.6786976859116811	-0.2623557376020894	-1.5764054619024612
0.3619956993384058	-0.6786928084641549	-0.26195075206992297	-1.5764054263966745
0.3623044797606887	-0.6786870811969477	-0.2615458424126093	-1.57640551868304
0.36250615782344253	-0.6786800489213022	-0.2611450453695775	-1.576405684568306
0.3628080250962959	-0.6786701481314398	-0.26062677878842105	-1.576405902437711
0.36324819676785197	-0.6786536561820815	-0.2600270596803575	-1.5764061677486685
0.36392559724280205	-0.67861466201449	-0.2591616405433859	-1.576406541457365
0.3651394442728565	-0.6784255654157205	-0.2575227988322991	-1.5764072280864747
0.36556843439124015	-0.6782633233581129	-0.256915582449607	-1.576407490452989
0.3659225884920332	-0.6780704305659635	-0.25649175358886034	-1.5764076979399457
0.3660661208560803	-0.6779191039860204	-0.25636504330868215	-1.5764077981919749
0.36614694821841626	-0.6777632935089012	-0.25646260935145776	-1.576407898292966
0.36613180479106067	-0.6775768769317653	-0.2570016410025031	-1.5764080015510544
0.3660171854545696	-0.6774049685339384	-0.25781990926666737	-1.5764080859659804
0.365811947333592	-0.6772119907074078	-0.25882412018328727	-1.5764081734159328
0.36557096153174307	-0.6770070057611768	-0.25968396473055644	-1.5764082602001124
0.3653258865800578	-0.6767568367083818	-0.2602856661111164	-1.5764083566305342
0.36512486554209156	-0.6764085906031881	-0.2605567581851773	-1.5764084722651424
0.3650335071517007	-0.6759149710024888	-0.26054417420502707	-1.576408604745429
0.3650604272558772	-0.675144318250838	-0.26043782797398046	-1.5764087644874312
0.36517164564292215	-0.6737607273137816	-0.26037527238284874	-1.5764089759771787
0.3653447209836338	-0.6706557448960109	-0.26036819467353384	-1.576409317111875
0.36555309684449155	-0.6645495235363917	-0.2603684541883551	-1.5764098426450013
0.3657358870624195	-0.6590456724798958	-0.2603621818067719	-1.5764104025517789
0.36586690177642034	-0.6570178408187911	-0.26035897568480443	-1.5764108554705891
0.365962249693791	-0.6563707757859613	-0.26035828660715665	-1.5764112206745795
0.36604983110692185	-0.6564208232286293	-0.2603591921362298	-1.5764115801468925
0.3661322140347918	-0.6565238949885233	-0.26036122398223577	-1.5764119496196143
0.3662294894829053	-0.6566225707509061	-0.26036559305062384	-1.5764124261962755
0.3662388533003847	-0.6566246759587994	-0.26036618130200717	-1.5764124743977996
0.36629541513834596	-0.6582070022869455	-0.2605555801892624	-1.5805911728946327
0.3667827366705957	-0.6677879444685187	-0.2619432942688717	-1.5988946265651822
0.37120327476157816	-0.7109440694937958	-0.2706088727373043	-1.6518309537242482
0.37886754240732085	-0.7568180547222838	-0.2819961167084934	-1.6952901463559273
0.386013742196354	-0.7880707501919662	-0.29087543705085955	-1.721824096291225
0.3953972392575111	-0.8193424500965683	-0.30073712016321597	-1.7478096465554176
0.4023173470085191	-0.8348161944225682	-0.30660545365368963	-1.7582015616832127
0.4106328075542329	-0.849164318012694	-0.3128911691684113	-1.7657190035831831
0.4262723921823015	-0.8638754058957464	-0.3218453314497706	-1.7702943534266544
0.4504716668240574	-0.8710131691774866	-0.3302328879555652	-1.7704689321810616
0.4748067737903843	-0.8710208662721698	-0.3342924980016726	-1.7696539091007282
0.4963677879622351	-0.8696472348799448	-0.33541387767269887	-1.769334705674197
0.5127134738215016	-0.8688743329842324	-0.33538501800320103	-1.7693016002569908
0.524125267101201	-0.8686671717256261	-0.3352203381251026	-1.7693218977301455
0.532606774983007	-0.8686672703695274	-0.3352447594922912	-1.7693298620131077
0.5384738183124714	-0.8687003191227587	-0.3354830925758684	-1.7693284231116289
0.541491442429597	-0.868716418046117	-0.33575523830130427	-1.7693256236644983
0.542704339153796	-0.8687240348959244	-0.3359267200533518	-1.7693235451214178
0.5431913473912912	-0.8687305014288644	-0.33600256955272295	-1.7693219944605034
0.5434225625737146	-0.8687384289770393	-0.33603637843805	-1.7693203565245552
0.5435276562681276	-0.8687507234721479	-0.3360473042047213	-1.7693178619605685
0.5435252613138152	-0.8687603444653088	-0.33604303354448556	-1.7693118361941427
0.5435064078426011	-0.8687686795709979	-0.3360385053339775	-1.7693087942789658
0.5434916712962703	-0.8687766890964979	-0.3360358522681795	-1.7693068109411012
0.5434845277442666	-0.8687845847287585	-0.33603447229573175	-1.7693046450440244
0.5434839160198599	-0.8687930320266315	-0.3360333717836829	-1.769301924299223
0.5434889803568285	-0.8688026823205159	-0.33603187104668764	-1.7692981758831048
0.5435006935527887	-0.8688139825595288	-0.33602932349202097	-1.7692922513424025
0.5435236572824802	-0.868824807464307	-0.3360247100569599	-1.7692820369621698
0.5435481225421892	-0.8688269096221166	-0.33602119592520885	-1.7692748659343212
0.5435645886543451	-0.8688254075000832	-0.33602110480346853	-1.7692737676721333
0.5435789677133533	-0.8688233305643647	-0.33602257254958684	-1.7692752804740641
0.5435901073473994	-0.8688215823523812	-0.3360243333204899	-1.7692774822823767
0.5436018689890725	-0.8688196723762831	-0.3360263670432627	-1.769280312113038
0.5436147847472022	-0.8688175687020161	-0.3360287175000868	-1.7692835599610308
0.5436286220881376	-0.8688153061760553	-0.3360313081928011	-1.7692870834791903
0.5436441077306241	-0.8688128740285783	-0.33603415525725294	-1.7692908773348905
0.5436700072958811	-0.8688090749654096	-0.3360386990863131	-1.7692970413581173
0.5437044716578918	-0.868804855575463	-0.3360450206503492	-1.7693047345635695
0.5437431408104514	-0.8688015613194775	-0.3360522315440219	-1.7693126356032478
0.5437808505058013	-0.8687998807847067	-0.3360598840232921	-1.769319476623858
0.5438176991592357	-0.8687996262369362	-0.3360680481422491	-1.769325150293344
0.5438235740775035	-0.8687997483460104	-0.3360694288641178	-1.7693259088736266
0.5438384202223167	-0.8684225246211948	-0.33623263026964173	-1.7679586581269493
0.5439730608295325	-0.8657202834520263	-0.33764407458424006	-1.7602801472229022
0.5454665631433051	-0.848813307765609	-0.35108990703922577	-1.727517309799661
0.5484788178624195	-0.8260976319484808	-0.377097787950086	-1.6929756487312249
0.5539989570919551	-0.7970777208475986	-0.42096556693304105	-1.6548360249263911
0.5647528029762843	-0.7582354778410146	-0.49788327856458414	-1.6078677553266316
0.5790381559144797	-0.72117520980686	-0.5857988969895277	-1.5642428172564005
0.595251225050959	-0.6882414495526709	-0.6692727871166653	-1.5253441303656423
0.608534054011654	-0.6652464747956592	-0.7273405820983257	-1.4979199435982242
0.6143433762166768	-0.6562520643379559	-0.748712190444216	-1.4879775230758274
0.6213979464635241	-0.6460848516902143	-0.7726588375507765	-1.4776751699437878
0.6358069412722596	-0.6282474403527109	-0.8105807603620754	-1.4641632053539524
0.6528524627591213	-0.6122945213544149	-0.8372993030654006	-1.4575383165395246
0.6700710072713455	-0.601583111011636	-0.8494938079957953	-1.4563492659735333
0.6880014713962878	-0.5948250189327622	-0.8523898899333148	-1.4571217427107337
0.7021615353822024	-0.5923602830229592	-0.8513007419786767	-1.4578420056877484
0.7145189443878587	-0.5918446882355772	-0.8498687952165044	-1.4581375380507542
0.7244743721434804	-0.5921784680270838	-0.8491809523503009	-1.4581570477514272
0.7305394052482593	-0.5925478262021194	-0.8491398249481157	-1.4581163286041883
0.7345505545387409	-0.5927470079619046	-0.8492788431623888	-1.4580966467451295
0.7364324741717785	-0.5927823938058508	-0.8493896190145882	-1.458094603661741
0.7373228743994668	-0.5927693238785053	-0.8494557702455019	-1.4580954896697
0.7376650592841837	-0.5927548662207366	-0.8494910701224762	-1.4580958568361397
0.7377647231273017	-0.5927487096005147	-0.8495103465446783	-1.4580958681353793
0.73776830966666	-0.5927474260754584	-0.8495211942589338	-1.4580958979392522
0.7377444735215877	-0.5927476959778435	-0.8495256765704057	-1.458096024783317
0.7377227642768992	-0.5927479275947742	-0.8495267432700749	-1.458096214076337
0.7377096127044426	-0.5927479234716788	-0.8495267956003557	-1.4580964527786138
0.7377042155445483	-0.5927477489037195	-0.8495269800327425	-1.4580967568854197
0.7377042137222973	-0.5927472276880696	-0.8495276167089489	-1.4580971646553162
0.7377080919428757	-0.5927450141851344	-0.849528289441918	-1.4580977896116525
0.7377190191748071	-0.5927316030630947	-0.8495257780271572	-1.4580988363555516
0.7377487279793193	-0.5926697719519851	-0.8495087162423899	-1.4581001067161719
0.7378288503981245	-0.5924613247917402	-0.8494521014244978	-1.4581013423136855
0.7376789814518235	-0.5920661581546407	-0.8493466632837595	-1.4581022066931155
0.7378078636128278	-0.5914544406914255	-0.8492025008010378	-1.4581027909363242
0.7380422492305833	-0.5905752290094093	-0.849011403694668	-1.4581032425381295
0.7383724040455583	-0.5890831731013266	-0.8487445324927475	-1.4581036340304374
0.739049737669773	-0.5853392295163394	-0.8482134853577316	-1.458104103198165
0.7398360358475847	-0.5801403659208574	-0.8476131363111975	-1.458104435316732
0.7406187410316739	-0.5742347877922214	-0.8470320930643472	-1.4581046649491345
0.7415980988162163	-0.5663503842812934	-0.8463234497813367	-1.4581048758238402
0.743141854527971	-0.5539753038515635	-0.8452314894623024	-1.4581051097720859
0.7467676866023183	-0.5282114854994577	-0.8427479944082239	-1.4581054385618306
0.7506864940372829	-0.5062008892005324	-0.840224032175743	-1.4581056289206955
0.7557396402444585	-0.48190242246179554	-0.8368715026777501	-1.458105779226742
0.7619986752188016	-0.45562686523717344	-0.832619236730444	-1.458105892002869
0.7690878112328968	-0.42662681612079817	-0.8274243589365468	-1.4581059948325894
0.7773657995233111	-0.39394131764502277	-0.8213502690678384	-1.4581060793686567
0.7878265859953943	-0.35230575875528164	-0.8137162835900639	-1.4581061650296605
0.7994617210124851	-0.30517096833854024	-0.8053196484720959	-1.4581062812091916
0.8105948982351145	-0.2596557440602922	-0.797475901379953	-1.4581064336084144
0.8207169715567696	-0.21858638458592428	-0.7905343609517822	-1.4581066446248134
0.8293804032873361	-0.18354740500598288	-0.7846608569417276	-1.4581069530769026
0.8352478033544675	-0.15955092135351726	-0.780727381952212	-1.4581073297922527
0.8391270455083889	-0.14322959974823424	-0.7781387602255121	-1.4581077885700056
0.8414008735820455	-0.13329862446788174	-0.7766148818352908	-1.4581082784732198
0.8428528375533462	-0.12691500236762815	-0.7756444820001541	-1.4581088097097954
0.843779522952512	-0.12266553605338965	-0.7750130128710938	-1.4581093722491956
0.8444516144703073	-0.11973160029251731	-0.7745772704384191	-1.4581099642167201
0.8449380873623126	-0.11751670539050114	-0.7742426110309599	-1.4581106352807396
0.8453130466773212	-0.11584334215233083	-0.7739893507433253	-1.4581113459734207
0.8456546109160415	-0.11433448271048736	-0.7737350954767365	-1.4581122809595464
0.8458785828056824	-0.11334685346446167	-0.7735806670229382	-1.45811312654495
0.8460073609216351	-0.11277263636742663	-0.7734951704697194	-1.4581136874103426
0.845936333413769	-0.11276520145338734	-0.7732449843756258	-1.458369149064677
0.845324658526853	-0.11270469293905852	-0.7714086491603673	-1.4599961499818128
0.8394592104849925	-0.1119726291300889	-0.7594864925080534	-1.4685325313341995
0.8260598005776357	-0.11000847135273631	-0.7385183913780463	-1.4810844212830176
0.8036941502820113	-0.106212579912909	-0.710931794184668	-1.4958551214139275
0.7682268913153814	-0.09938581797645797	-0.6753308956550239	-1.5135785861387006
0.7144050848332766	-0.08783046103888736	-0.629197254252637	-1.5358869266385582
0.685546432832442	-0.08127555559672056	-0.6063096394477248	-1.5469356508312708
0.6563675445377916	-0.07448783610476964	-0.5836564687960882	-1.5579623154903819
0.646761020828245	-0.07219165636638238	-0.5763663530913499	-1.5612785553754387
0.6339800629251724	-0.06917262092824403	-0.5669856339067371	-1.5652074533312492
0.6093373052613967	-0.06321225540503135	-0.5506725549117413	-1.570252241115219
0.5710829377243253	-0.05360776823525211	-0.5319300503888363	-1.573117355134703
0.5389449329354356	-0.04513127085552647	-0.5228230694782512	-1.573014198404638
0.5054765868619266	-0.035832657920340995	-0.5190599737376316	-1.5724306060535154
0.47454515773008044	-0.02675417919254578	-0.5192293786277908	-1.5721597596476948
0.4494286592165013	-0.01899051451296454	-0.5206525511324518	-1.5721402076239992
0.42895071474095775	-0.012376570812271157	-0.5219971570115692	-1.5721666762693123
0.41306186650950094	-0.0070663112418862944	-0.5230873374056849	-1.5721791902438729
0.3984683465186442	-0.0020936657122197916	-0.5244089836361029	-1.572182880150387
0.38502962595177975	0.002441269098366748	-0.5264950936700321	-1.5721851100191813
0.37667012396308386	0.005080703334967605	-0.5288013082269485	-1.5721870963363647
0.3710817805685032	0.0066411659076593445	-0.5310851358847867	-1.572188476808836
0.3662007557989212	0.007793660333184283	-0.533674770905846	-1.5721897202399269
0.36128777637193943	0.00871675243487061	-0.5368110118658151	-1.5721909455158192
0.35536000057934436	0.00949730323306745	-0.5410656543152428	-1.5721923288205688
0.34917021791318914	0.009919798704186217	-0.5458963831843674	-1.5721936859088388
0.342088432120432	0.009797674889032	-0.5513455007794648	-1.5721951726170902
0.33463632954533906	0.008628005977765852	-0.5569253116701963	-1.5721967145965323
0.32800190094411513	0.0060147666274441534	-0.5617523783610477	-1.5721981024708378
0.3225587276330057	0.0018299695812362612	-0.5654419347982254	-1.5721992777512825
0.31836275139762266	-0.003577624256852402	-0.5681545352623798	-1.5722002144166203
0.3148770692494243	-0.010403137649884313	-0.5703253141780492	-1.572201018531045
0.3113431714982919	-0.020556084931191	-0.5724474416840479	-1.5722018650344547
0.30729660528211755	-0.03794924195206674	-0.5747878016877794	-1.5722016152290503
0.303379949375437	-0.06275053897475688	-0.5769643939814284	-1.572201093951712
0.29998877906850413	-0.09187804513153186	-0.5789143708879871	-1.5722013283512295
0.2965772659464605	-0.12825808793851373	-0.5806390861301352	-1.5722021171435376
0.29331118808977774	-0.16741080027740296	-0.5822595242708961	-1.5722031320793013
0.2899197473936271	-0.20817044300677412	-0.5839075997545278	-1.5722042806236805
0.2857688122775412	-0.25190785198676735	-0.5858811887227728	-1.5722057618845438
0.2819809275525876	-0.28188827868702654	-0.5876346746140658	-1.5722072036608035
0.2784174683374944	-0.3012504439511966	-0.5892431165992573	-1.5722086618366036
0.2751774726711024	-0.3130762517480292	-0.5906742617797062	-1.5722100887322425
0.2719662572897533	-0.32135436776130233	-0.5920724220069575	-1.5722116210374966
0.26852920619085463	-0.3280325758960869	-0.5935478382363889	-1.5722134028910841
0.26464950114521524	-0.3345547255013639	-0.5951897118771272	-1.5722156135315133
0.2599094483731075	-0.34153194237847506	-0.5971868066039924	-1.5722186771749658
0.2544249105116028	-0.34924242854667054	-0.5994929743702041	-1.5722228182013622
0.24759515396032575	-0.35823233195943105	-0.6024042060953945	-1.5722291834592685
0.24056330011873175	-0.3671745377918953	-0.6055666908438309	-1.572237631143798
0.23482971148008858	-0.37419592566599447	-0.6081757555193492	-1.5722459933602768
0.23204003096283393	-0.3776527039239661	-0.6096036472787294	-1.5722491000676302
0.22975888943736839	-0.3804569369743226	-0.6109350320327542	-1.5722495811274806
0.22781250924628013	-0.3828965928613585	-0.6122409564533422	-1.5722488265186985
0.22582838048358383	-0.38542513517323823	-0.6138563892456026	-1.5722475318541358
0.2243529715840155	-0.3872960583126388	-0.6156822417727894	-1.5722465284452192
0.22256974034973048	-0.38947792896089534	-0.6226428666183581	-1.5722453329576136
0.22171862286627234	-0.39042381793162684	-0.6289720574029339	-1.5722448878970494
0.22050804049242229	-0.39169997358366143	-0.6411500306896699	-1.572244417329768
0.21888876239187863	-0.3932637760879024	-0.6600267217181391	-1.5722439879925003
0.21678585572232292	-0.3951152933616117	-0.683730051701945	-1.5722435943496063
0.21392146706307236	-0.39735027147378676	-0.7114382844648977	-1.5722432010390883
0.21049053552314534	-0.3996913650001155	-0.7381641378089168	-1.5722428311793972
0.2059073030115814	-0.4023708658001006	-0.7656753641968717	-1.5722424236397738
0.1993887588512537	-0.40550328370322336	-0.7944946126219815	-1.5722419237868634
0.18990053488180778	-0.4091324855878153	-0.8242825030605165	-1.5722412560815189
0.1813726862327987	-0.41137226048963066	-0.8438155773403788	-1.5722406590383264
0.17561862682315998	-0.41254212089293474	-0.8546302204942618	-1.5722402421015569
0.16980550916040085	-0.4134910224825297	-0.8641005663206069	-1.5722384706860948
0.16448588340039869	-0.41416770664400215	-0.8719707474117818	-1.5722380619970129
0.1595704496329051	-0.4146576297423683	-0.8786776647401144	-1.5722376293671585
0.1538026756566949	-0.41509464598871915	-0.8859953034761893	-1.5722370599553122
0.1447872626193716	-0.41553601154850484	-0.8966002943868668	-1.5722359726504598
0.13667310064521077	-0.4157287095842025	-0.9052489386864151	-1.5722346946208747
0.1296817678233478	-0.4157983284698722	-0.9122957223097901	-1.5722332364349267
0.12370795840108309	-0.4158374183592217	-0.9180962110498059	-1.5722315773669862
0.11862102234831992	-0.4159554141814977	-0.9229389660262666	-1.5722296921740018
0.11537625449623796	-0.41623513661297934	-0.9260082693514429	-1.572228136153022
0.1134210853371583	-0.4164444262168839	-0.9278945084888569	-1.5722270184499052
0.11171320167053739	-0.41656093243537096	-0.9294856619168279	-1.5722258358242116
0.11017913628111685	-0.4165847370781241	-0.9309454693686865	-1.5722246774212185
0.10876636281153101	-0.4165840817373111	-0.9322799641818131	-1.5722234789100529
0.10705064217077792	-0.4165831120418163	-0.9339734520849746	-1.572221725701636
0.10493774426561787	-0.4165927234907223	-0.9359904969342792	-1.5722192202513903
0.10268925990068482	-0.4166118598480303	-0.9382012182232402	-1.5722157680954691
0.10080373083216908	-0.4166326669215245	-0.9400526121022665	-1.5722120405236981
0.09928846649909635	-0.41665394243247217	-0.9415963651495438	-1.5722080747950722
0.09800893025173948	-0.4166760307069498	-0.9428678357493719	-1.572203876254567
0.09694586537663032	-0.416695937050004	-0.943922226325416	-1.5721994871857858
0.09609571506775869	-0.4167187566481457	-0.9447959921952229	-1.5721949390257741
0.09534864750848426	-0.41674195759232374	-0.9455146262178484	-1.572190304481533
0.09474500836799549	-0.41676500017914486	-0.9460600587345723	-1.5721856876470126
0.09428329416621954	-0.416787284828475	-0.9464959842750369	-1.5721812054876583
0.09389246017834088	-0.4168080776469579	-0.9468161340968845	-1.572176994730571
0.09368194572471465	-0.41682102212689454	-0.9469859370858833	-1.5721743608940437
0.0935661393736512	-0.41682904070710747	-0.947076423642508	-1.5721727305769633
0.09356512351944872	-0.41632733434037617	-0.948124706094635	-1.5665651574877766
0.09356339407359124	-0.4126821577928293	-0.9540181829060551	-1.5406955963013866
0.09356520112905163	-0.3894584358369869	-0.9799752238779685	-1.4552483846718736
0.09357639366981738	-0.3592668240411271	-1.0069371119519552	-1.3792267117380992
0.09359724293288914	-0.3286980052497727	-1.0312408389730496	-1.314386005033705
0.09361264330729227	-0.31265321996223305	-1.0434393011162748	-1.282447791132458
0.09363223116436196	-0.29653921147446133	-1.0552755962558835	-1.2508469286990256
0.0936514678190005	-0.28454693253011193	-1.0627209840149983	-1.2312410550495916
0.09367357070930032	-0.27262876151710597	-1.0691256885935554	-1.2149522106365238
0.09371574142361126	-0.25496199234715383	-1.0758097393482478	-1.1992910869435456
0.09380695403158426	-0.23021052019995922	-1.0795660874911093	-1.1906790397429627
0.09393411037284238	-0.2100235062152613	-1.0796748188120802	-1.1908195187346529
0.09410340988271554	-0.19438764447392753	-1.0790413232791594	-1.1924897929120595
0.09434506454844943	-0.18194682121234954	-1.0786631079369198	-1.193350567495424
0.0946851246253987	-0.17279150853130937	-1.0785797491119933	-1.1934826270032484
0.09519077010258253	-0.16638226879593007	-1.0786058555657716	-1.1934156945202437
0.09583442017634555	-0.16336742899873335	-1.0786298236561251	-1.1933773469238316
0.0965821338000791	-0.16224499372769952	-1.0786384334512857	-1.1933725168887102
0.09752123660486957	-0.16206818010580668	-1.0786435638843603	-1.1933742630242632
0.09867348798396226	-0.16225878104676025	-1.0786498631589199	-1.193374951382051
0.10025226964412993	-0.1624696079409481	-1.0786586308046202	-1.1933747888323725
0.10237061442805853	-0.16257064378971767	-1.0786719389076977	-1.1933744319160324
0.10476322207304979	-0.1625709112347247	-1.0786902109319947	-1.1933739896822542
0.10649151349137712	-0.16255645531646556	-1.078710442106421	-1.193373505657384
0.10752558110359356	-0.16255410444497154	-1.0787333294483235	-1.1933729588407973
0.10792800613030828	-0.16255693585154857	-1.0787563343437794	-1.1933724089600959
0.10799948021570537	-0.16255997984971793	-1.07877945585385	-1.1933718473406139
0.10798502253334331	-0.16256278772968713	-1.0788020855406322	-1.1933712760713169
0.10789617065830648	-0.16256581297641756	-1.078825666129702	-1.1933706526199952
0.1078344327722887	-0.1625690689204414	-1.0788484077365734	-1.1933699880212452
0.10779390433838118	-0.16257290901568774	-1.0788731324332579	-1.193369206654445
0.10775470480133183	-0.16257789007392479	-1.0789026787776876	-1.1933682016823686
0.10772438705491798	-0.16258228179866413	-1.0789263932534	-1.193367356115111
0.10770458576861662	-0.16258580785073357	-1.0789435948769315	-1.1933667385520934
0.10770370272494094	-0.16258603397314886	-1.0789445597832303	-1.193366703712931
0.10770373163363726	-0.16258696799669584	-1.0785538510524915	-1.1923064109744153
0.10770423038304794	-0.16259703371251943	-1.0758051595883291	-1.1850470805375988
0.10771442827558395	-0.16274300812832773	-1.058961139571968	-1.142927292441166
0.10774659614973817	-0.16313465499752097	-1.033939298722335	-1.0831701739212365
0.10783477812103065	-0.16404913554423095	-0.9997747546354419	-1.0045950200212357
0.10808410252585361	-0.16611227582627894	-0.954943967490103	-0.9045378065046528
0.10871121580875519	-0.1700762231601691	-0.9022012691011513	-0.7899439807894718
0.11054854276841462	-0.1783294267644461	-0.8324950042761475	-0.6443680855159158
0.11088853463297345	-0.17965680375631876	-0.823782503643575	-0.6266022604215901
0.11172542387726082	-0.18241091377292207	-0.8077186529705014	-0.5930966087647518
0.11319385736547655	-0.18692363445404592	-0.7886012909097931	-0.5497586583343911
0.11579275614106706	-0.19298048055210126	-0.7737357990504841	-0.5073465890684503
0.11894994990032753	-0.19849402589666046	-0.767240959455133	-0.48039039908063264
0.12370532716677757	-0.204297051971875	-0.7648739513172869	-0.46127669895755613
0.13139696569901607	-0.21026620578397442	-0.764705897818277	-0.4482319392052502
0.14483414569978775	-0.21613885369202523	-0.7653146505457787	-0.4413588463116419
0.1629737905770535	-0.22001758832961454	-0.7657383118340514	-0.43948697164527173
0.18879959178813005	-0.2225877640677452	-0.7658871603671583	-0.43962417434717527
0.22176509954204734	-0.22406499774438113	-0.7658894281565234	-0.44025004222839964
0.2629755901090949	-0.22470206260164294	-0.7658641874866847	-0.44071801173715824
0.29302350547700184	-0.22480458062312542	-0.7658532736799214	-0.4408533417855034
0.3136027539272286	-0.22477965106766426	-0.7658504038042875	-0.44087280796124534
0.3292167609408771	-0.22473499943171865	-0.7658495310466484	-0.4408638931604263
0.3388531295414645	-0.2247030778564841	-0.7658487300535924	-0.44085385720238957
0.3449602123648399	-0.22468399873118092	-0.7658472452123345	-0.44084806063319626
0.3503880509581946	-0.22467001704437425	-0.7658418996973824	-0.44084454904992376
0.3532863474234568	-0.22465969179338527	-0.7658315188915161	-0.4408435167203408
0.35514929803988016	-0.22465749949605207	-0.765812779789422	-0.44084311673152443
0.35644950482642346	-0.22465672325051977	-0.765780215668241	-0.440842875494456
0.3574199524009487	-0.22465689729132782	-0.7657234822205469	-0.4408426538849471
0.3582518898470165	-0.22465807058201337	-0.7656076928743925	-0.4408423975568615
0.35914274339261276	-0.2246621473228689	-0.765192508339164	-0.44084202151984236
0.3596315394448817	-0.22466752133680654	-0.7645516751550712	-0.44084176396256375
0.35991639176563844	-0.2246731639056312	-0.7637762503455034	-0.44084158932178047
0.36013301863485125	-0.2246798995118826	-0.7627121225461109	-0.44084144599219055
0.36031408652649505	-0.22468826887766272	-0.7611912397480903	-0.44084132105924034
0.36048971606599667	-0.22470011223188474	-0.7586785572753801	-0.4408411972414947
0.3607025590319232	-0.2247217823528478	-0.7530950751123991	-0.4408410515498797
0.3609045698639806	-0.22475179340415138	-0.7435258202136871	-0.44084092611612385
0.3610538172475604	-0.22478079291238223	-0.7329085659130474	-0.44084084338179674
0.36119902312041846	-0.2248129583914988	-0.7182745247987176	-0.44084077653931636
0.36136101200480997	-0.22484979318925133	-0.6984373151457476	-0.440840717887778
0.36156760011323624	-0.22489211825739241	-0.6698936794937604	-0.4408406644279486
0.3618869368275669	-0.22494040835543655	-0.6269948432615003	-0.44084061214066583
0.3622917334174312	-0.2249773240682437	-0.581980775404416	-0.44084057512077174
0.36282092643873237	-0.2250018847066581	-0.5383422298372	-0.44084054581552334
0.3635730537055818	-0.22501479321765505	-0.49726638405198453	-0.4408405213981894
0.3646979455079461	-0.22501602985980346	-0.46088600159798665	-0.4408404955698869
0.366366724668742	-0.22500682591865548	-0.4325201256348966	-0.44084046436291313
0.3688328888499534	-0.22499058145386036	-0.4130488268210003	-0.440840420287766
0.3725371104201773	-0.22497048470543682	-0.400967728506245	-0.4408403496397448
0.3785020111163335	-0.2249488753337764	-0.3947281178179091	-0.4408402227094224
0.3874336132172854	-0.22492983889050994	-0.39238521313394326	-0.44084001042606474
0.40060723965003214	-0.2249143141274571	-0.39180340565705973	-0.4408396426171293
0.41993393556581565	-0.22490175385324418	-0.39150931199930494	-0.44083899221855016
0.4273412775277818	-0.22489862018389903	-0.391396204874909	-0.44083870652774176
0.44206834964847597	-0.22489302723144983	-0.39117297404894047	-0.44083804711815094
0.4448061081041539	-0.2248920239169878	-0.39114363450999173	-0.44083791134162376
0.44993099944237785	-0.22488994517468386	-0.39115877000153276	-0.44083763446561186
0.45460482959235704	-0.22488753782906207	-0.39135023423336135	-0.4408373595752723
0.4588731675486717	-0.22488453928266314	-0.39180919125386604	-0.4408370233370504
0.4627957023327019	-0.22488068654413973	-0.3926252947896717	-0.44083663474039547
0.46648528383706483	-0.22487573727440618	-0.39389531718988013	-0.4408362201676805
0.4706861007371234	-0.22486814571227087	-0.39610450255767904	-0.4408357180268425
0.4755850307732055	-0.22485642727096739	-0.3998052596914261	-0.44083509009206395
0.48033198566927254	-0.2248418419337792	-0.40453822250975635	-0.44083437510432966
0.4844740056809756	-0.22482637137199818	-0.40936210720202454	-0.4408335310615926
0.4875857237079086	-0.22481301729728487	-0.4130350056427632	-0.44083252609420376
0.48954468403537493	-0.224803587429786	-0.41470755299649625	-0.4408313477004935
0.4905566875714933	-0.22479736497294792	-0.41489388636143415	-0.44083000060879207
0.4907864398738432	-0.22479440766147257	-0.4146059204871914	-0.44082913658520034
0.4909089029116945	-0.22479043541971722	-0.41432027975992547	-0.4408281194123236
0.4910154238774499	-0.22478266866471297	-0.41414728476193047	-0.44082665553767186
0.49106852961049013	-0.22477482021064532	-0.41411863982760866	-0.4408255558118729
0.4911082934330171	-0.2247658166874239	-0.41410681357210183	-0.4408245635877794
0.4911423475126231	-0.2247546290298298	-0.4140883958196887	-0.4408235957033097
0.4911779545519972	-0.22473771187214084	-0.4140613310864524	-0.4408224965552315
0.4912259881346765	-0.2247007074649651	-0.41402169355716806	-0.44082092350891333
0.4912819077997954	-0.2246122676028779	-0.4139755447577262	-0.440818959371468
0.49136184616261636	-0.22417186201861172	-0.4139097092494659	-0.44081590747816113
0.4914273983056621	-0.22222275994811636	-0.41385533772268085	-0.44081327740303894
0.49147196931143927	-0.216189179006824	-0.41381772729150956	-0.44081171705358757
0.49149332128576234	-0.2095337167498854	-0.4138000915916763	-0.4408114803597831
0.4915070051824603	-0.20452335230609422	-0.41378808670403855	-0.44081213249443213
0.49151764775858237	-0.20265819526824547	-0.41378051435173685	-0.44081372467707014
0.4915225000290665	-0.20229648955431068	-0.4137766591544747	-0.44081572020689086
0.49152558907777355	-0.20241851679572845	-0.4137740904830266	-0.44081844976854356
0.49152820399685926	-0.20254827876085033	-0.41377254590265333	-0.440822061851452
0.4915307584666039	-0.20262558129215374	-0.41377191017037485	-0.4408264680232552
0.4915324976245803	-0.20263229475631864	-0.4137719183038313	-0.4408300304467623
0.49152923334388526	-0.2026341180796044	-0.4136262039433588	-0.44078688982887176
0.49149796035140275	-0.20265380497610752	-0.4123621993855345	-0.4403926175254426
0.4911151157565977	-0.20292370562129455	-0.4009961159926366	-0.4364206945765307
0.49001010987269894	-0.20375417409837532	-0.3768879168363664	-0.42707210403356
0.4878505815664298	-0.20545163364096555	-0.34134453030390954	-0.4115632181971733
0.48312371482380595	-0.2094764544888634	-0.2862379169895803	-0.3843629205549253
0.47528668830802184	-0.21652132727301415	-0.22318842756444818	-0.3486481713587361
0.4688409723309707	-0.22256984521196116	-0.18499529077484106	-0.324179644376733
0.46156193509860266	-0.22983849153201422	-0.15080558186669552	-0.29990683312756694
0.4595619148678289	-0.2318522308703838	-0.14275091452220542	-0.29373807666262886
0.45621944802452147	-0.2352169397359697	-0.13022877145746797	-0.28393224977836823
0.4504214578723909	-0.24121441376045497	-0.11099867670958735	-0.2678866947695737
0.43890256110491077	-0.25268762446036425	-0.08001000626558295	-0.2394727114319736
0.43047267532569966	-0.26036386676607126	-0.06185971243653046	-0.22113193424979
0.4221641581147785	-0.2671294639542505	-0.04665153291891792	-0.20467497512990276
0.41354058960305884	-0.272713153360985	-0.03306769225907814	-0.1890849188210439
0.40492933777986523	-0.2768316710200939	-0.021217286629704193	-0.1748011494767251
0.3969135289114858	-0.27920629642099404	-0.011406336609771382	-0.16259727520034756
0.39028003565520747	-0.28023397268499584	-0.003890293373690623	-0.15325026057263358
0.3853014590598918	-0.28054247665832793	0.0015891214899770231	-0.1467265700785639
0.38161919166847186	-0.2805906315161236	0.0057427456487191345	-0.14221011827417473
0.3787315392632222	-0.28057060992391986	0.009246961940634554	-0.13884526608692055
0.37625119611743396	-0.28054170120587035	0.012685217732723665	-0.13617357876523561
0.37364500793631483	-0.2805189101206611	0.017141334889249116	-0.13349831245509958
0.37118391829145264	-0.28051135849932907	0.0231937558354544	-0.13125045794885623
0.3698014157924829	-0.28050680699239466	0.028498309148822554	-0.1300898456359983
0.368708953562482	-0.2804961268247212	0.03476873879619473	-0.12924677630564893
0.36774311587527775	-0.280478920341971	0.04320362567507868	-0.12856172667352805
0.3668383465182088	-0.2804586718444661	0.05550936359165653	-0.12798313695536276
0.36593075921019885	-0.2804400294231409	0.07570469021198434	-0.12751183352752735
0.36520672826460576	-0.280430629212408	0.10144621225569679	-0.1271515372720319
0.3646336833128816	-0.2804284205001434	0.1308700800417777	-0.1269087744845037
0.3641198225895485	-0.2804300912791766	0.1643447735895937	-0.12673133076613782
0.36377690933827805	-0.28043229636888545	0.1886921509543093	-0.1266397762730994
0.363634246441806	-0.2804333344798077	0.20092650795602218	-0.1266031026780707
0.3635232630792474	-0.28043367750494486	0.2086487232456268	-0.1265828054980836
0.36342164884382366	-0.28043353652271624	0.2141035980715207	-0.12656978941938044
0.363321779071848	-0.28043298257424754	0.2183049893423996	-0.12656070277171175
0.3632164839847086	-0.2804318395762191	0.2220397800755316	-0.12655376728831685
0.36313992581795024	-0.2804303128307174	0.22439246050737321	-0.12655055108039695
0.36308100070734645	-0.28042847134175686	0.2260017115349693	-0.12654946637987224
0.36303939170869587	-0.2804266210124139	0.22703043869018322	-0.12654973626865665
0.3630068739882096	-0.2804246666102347	0.22777675261095473	-0.1265507532260447
0.3629796974399898	-0.2804224416843629	0.2283824087688732	-0.12655221491248003
0.36295594853238455	-0.28041962517195046	0.22893273102421638	-0.1265537578627409
0.3629359657189959	-0.2804158760566731	0.22947541821769002	-0.12655463638523837
0.3629205258894193	-0.2804111654674223	0.23001895807789643	-0.1265545157461073
0.3629108393999022	-0.2804064813607968	0.23047986258121742	-0.12655397019745235
0.36290526990417893	-0.28040234137647896	0.23084159741067647	-0.12655344290100895
0.3629019633319454	-0.28039833013683646	0.23116593812167105	-0.12655277719440916
0.3628995922801824	-0.2803932251261165	0.23156536578136913	-0.12655186815116817
0.3628983629579003	-0.2803874216731045	0.23202209733200416	-0.12655063605483663
0.36289772626531985	-0.2803792709177576	0.23270866417080335	-0.12654828772758997
0.3628976206561313	-0.2803738040829341	0.2332577821427823	-0.12654572904554443
0.362897542838129	-0.28037074198257733	0.2336845043455074	-0.12654303459324676
0.36289743900993127	-0.2803694266549569	0.2340232600754643	-0.12654015819919068
0.36289738064048455	-0.28036932007875226	0.2342896877554631	-0.12653712473240036
0.3628974323916381	-0.2803699429196738	0.23449891811273255	-0.12653392545573094
0.36289764371097727	-0.28037091461443586	0.23466001970793915	-0.12653058474336853
0.3628980646751896	-0.28037191942055945	0.23477972010387024	-0.1265271567408643
0.362898754157959	-0.28037273545551644	0.2348657458600785	-0.1265237140345173
0.36289970247701697	-0.2803732118311138	0.2349197659388884	-0.12652032962686455
0.36290106314408527	-0.2803732474195303	0.23495306239963692	-0.12651715188704826
0.3629028913291532	-0.2803728229334189	0.234970445809217	-0.1265141787284651
0.3629048071664754	-0.2803721590063736	0.23497603236086184	-0.126511958384461
0.3628290567936534	-0.2800449012920344	0.23507246123913456	-0.12649103692725275
0.36218426691479044	-0.2775640727135477	0.23589059672848903	-0.12629183710970296
0.3563723086626909	-0.2611007691746965	0.24366297920538782	-0.12418144859850204
0.3492653122787833	-0.24444045378357193	0.2538915126599993	-0.12148649662667882
0.33944763020756974	-0.22457210125525578	0.2689055400105916	-0.1175091542743755
0.3345349380437888	-0.21575856564660012	0.2767010855359449	-0.11542331587001081
0.32738246108253055	-0.20376474724750104	0.2884287279940189	-0.11236267361420531
0.31751897338728796	-0.18899613036882812	0.304787683883588	-0.10794525163777038
0.30126052849037616	-0.16862661334124607	0.3306271392607798	-0.10024416745391831
0.2877869501980619	-0.1550871498190282	0.34949971430396404	-0.09349134966592153
0.2752468329820557	-0.14505711511439762	0.36363738507384485	-0.08692886172366264
0.26270616232093646	-0.13749418494667898	0.3738551864719382	-0.08014429860634391
0.25016711799286595	-0.13235111836092558	0.38036622404914083	-0.0732196724177494
0.23856859085916365	-0.12988586837337598	0.38359840240233073	-0.0667974104309861
0.22943753484519366	-0.1292366180146582	0.3847523213149558	-0.061827813646531
0.22116605803108214	-0.12946748417135756	0.38521995759911687	-0.057501880807334114
0.2125386969662955	-0.1301888329586992	0.3854909680093737	-0.053314997364581306
0.20432110563571526	-0.1310812195075736	0.38563837202189083	-0.04980710410373526
0.1960776798340418	-0.13199939965368312	0.3856537279318641	-0.046943966829421147
0.18710148978733945	-0.13291671012900394	0.3855267981331155	-0.04465582159514197
0.1780260903653327	-0.13372813124253666	0.38528687590420013	-0.04307756896633859
0.1686216690433618	-0.13447048863314634	0.3849224782472126	-0.041949981843128335
0.15786584612404858	-0.1352663354102571	0.38393923036661526	-0.041077661192326954
0.1534685342060449	-0.13559368156002394	0.3830046371615358	-0.04080010826130648
0.15057705394315815	-0.1358514396731879	0.381787104827262	-0.04063754866551206
0.14819204820162069	-0.13604357914672052	0.3797731891553567	-0.04051468474632669
0.14575366315173943	-0.13627399302325127	0.375556359200873	-0.040398931121018306
0.14341916649885555	-0.13655017401110978	0.3682664439863014	-0.04029812504271081
0.13979375976182326	-0.1371352930164757	0.3503608686532482	-0.040164311058421234
0.13701865556811954	-0.13771177363984935	0.333311629657358	-0.04007934243950485
0.13414218512707896	-0.13840584614985224	0.3148467456559833	-0.040004622384339175
0.1305218875762839	-0.13936995817201217	0.2926526991083565	-0.03992546035282108
0.12562120508143637	-0.14073943162418442	0.26605989373603806	-0.039836709614574785
0.12181459930173902	-0.14187569954965373	0.2480803665659232	-0.03977803508814116
0.11779191823481233	-0.14296448816976454	0.23131164869996146	-0.039722946493175426
0.1140904488703903	-0.14390968891401887	0.21759950858256377	-0.039677033422702235
0.1087877609642637	-0.14514063904528463	0.200261522954688	-0.03961716577114631
0.1050665236909892	-0.1459071598474178	0.18942247511068774	-0.0395785933779572
0.10108298136334873	-0.14667317285775688	0.17880054624682143	-0.03953987113674613
0.09568835089577082	-0.1474842641644437	0.1657130679439215	-0.03949090292334456
0.08771409525236012	-0.14837511223200728	0.14844703444860333	-0.03942458901889618
0.0795046059651993	-0.1489473619476256	0.1326233578665448	-0.039363507011744035
0.07203975465893331	-0.1492124230062864	0.11952120509469043	-0.03931487269354454
0.06536405841344768	-0.14930443135898122	0.10856005778992099	-0.039277842915328015
0.05953212858267279	-0.14933091231963305	0.09937611403882336	-0.03925140252974521
0.05453690679585133	-0.1493957389421151	0.09165359218547742	-0.039233892238125394
0.05121548007073326	-0.14959841418475556	0.08652645272270564	-0.03922544760996162
0.04930352580403889	-0.1497899537912275	0.08355399565838952	-0.0392369450603531
0.04759435883778105	-0.14995879083164387	0.08086181538220506	-0.039230081798372285
0.04613671503037539	-0.1500259127993478	0.07852142352866107	-0.039224994465854764
0.04484951273666178	-0.15004238727370742	0.07640932055114609	-0.039221310999937004
0.04328633147572912	-0.15003512825640544	0.07376882815954414	-0.03921785614474299
0.042048980608435906	-0.15002589343103556	0.07161286165414699	-0.03921591070087737
0.04125222194217627	-0.15002274918358371	0.07017503729902143	-0.039215017264324914
0.040627822694173615	-0.15002223779880125	0.0690835396748149	-0.03921446844765489
0.04000136252808887	-0.15002259498519993	0.06795254729990162	-0.03921399683137495
0.03946203030371931	-0.1500230534420754	0.06703603448674014	-0.03921362839772507
0.03893093178655309	-0.1500234095787373	0.06616249406010685	-0.03921328808803969
0.03838892889223988	-0.15002367588184315	0.06540898988174354	-0.03921297189350213
0.037708672838969726	-0.15002392706245982	0.06465090724483336	-0.03921263976845393
0.036720200532896076	-0.15002418811800164	0.06394108994185715	-0.03921229197728887
0.035316334623230486	-0.15002443032495244	0.06334103013674577	-0.03921197806408884
0.032986275024980395	-0.15002469164547308	0.06277864955298151	-0.03921166113296917
0.029704425446251265	-0.15002492055614813	0.06235951079159274	-0.03921138658889667
0.024168443393857396	-0.1500251755793823	0.06190143735953979	-0.0392110820456841
0.018587164258816544	-0.15002537056491377	0.06157529640319411	-0.03921085276596774
0.013015573412445545	-0.1500255435132572	0.06130276363787926	-0.039210650447446746
0.007337502233048181	-0.1500257209830933	0.061037744410741515	-0.039210444486071604
0.001591884877553025	-0.15002593281672055	0.06074612086690092	-0.039210205743137286
-0.003329173328559941	-0.15002618215252342	0.060483613969313385	-0.03920993115879147
-0.006580788712942209	-0.1500264434019849	0.06018309957851414	-0.03920964605760431
-0.008265755986907673	-0.15002667770711647	0.059931809511761976	-0.03920939451136854
-0.009276663603026591	-0.15002691939159044	0.059689227647632036	-0.0392091382724744
-0.010025896359626196	-0.1500271875190625	0.05944012448839736	-0.03920885788638414
-0.010637363800871345	-0.15002752021223803	0.059186648296252295	-0.03920852043691102
-0.01124250247710503	-0.15002794204741632	0.05887165608676916	-0.03920809920427703
-0.011993777637303457	-0.15002853049021408	0.058489394793436573	-0.03920752850874436
-0.012962891859055803	-0.1500294249015675	0.0580303690566332	-0.039206692187987335
-0.014238027046919469	-0.15003077554801836	0.05751455575433775	-0.039205494182103194
-0.015641904780176137	-0.15003267804711712	0.057100043780725585	-0.03920392001404033
-0.01678421183054729	-0.1500345715699053	0.05704046281532104	-0.039202456553025566
-0.0176213951591941	-0.15003638392568544	0.05735863635879613	-0.039201167538223954
-0.01825546924703001	-0.15003802593729992	0.05802942687991043	-0.03920009699167749
-0.01839918990979931	-0.15003843734866543	0.05827204877925379	-0.03919984501190333
-0.018420611366236884	-0.15003181563594203	0.05827520922028896	-0.039199841791090276
-0.018429123219555858	-0.14996225974645858	0.05828149149625356	-0.03919980677859393
-0.018556597176206863	-0.1490525907956973	0.05829385738601692	-0.03919781369162163
-0.01921246829423426	-0.1460886579025878	0.05830760124451444	-0.03918663421476703
-0.020757781146731207	-0.14176929941399108	0.05832104677131597	-0.03916342154550077
-0.02349301622033685	-0.13680645657222676	0.05833543484116027	-0.039129329961281246
-0.02811633445681739	-0.13153411463179027	0.05835281519063458	-0.039084167133440886
-0.03627689984103889	-0.12591038128020637	0.05837615727707536	-0.039025033814524115
-0.045694503322307574	-0.12175770207140384	0.05839805670425988	-0.03897365855239634
-0.054149072366112445	-0.11914306365544493	0.05841522533963331	-0.038936926670182954
-0.06636869191628358	-0.11620805676226431	0.05843749102898809	-0.038892484913628525
-0.08936500688203543	-0.11218275470232683	0.05847484227270907	-0.03882618494105669
-0.13631067654708556	-0.10671334953060761	0.058545106643921534	-0.03872183260342181
-0.2042241540074366	-0.10123728206511924	0.05864839632245797	-0.03859801987380768
-0.2671804935117613	-0.09714176670651012	0.05875625635531466	-0.03849080070492429
-0.3274521949515563	-0.093420470212842	0.058886979128453865	-0.03838159918514116
-0.38497047832145964	-0.08958568635517263	0.05906794982169868	-0.03825595112073385
-0.4415400638564091	-0.08481990586485944	0.05939083345580434	-0.03807770552528792
-0.48870410857798163	-0.07833144481293944	0.06019860080896749	-0.03778808783546914
-0.5033165717930425	-0.07407537356125994	0.06102917301747077	-0.03759731296293921
-0.5089701022742958	-0.07014507289775367	0.06222656112305308	-0.03737109681909558
-0.5113530219149691	-0.06607906321396442	0.0641290601719823	-0.03710479223447843
-0.5118557736240922	-0.06154232556052809	0.06763929637419863	-0.03676410274877357
-0.5117205128199067	-0.057684549396890994	0.07256164311905995	-0.03644892195860377
-0.5115201970734806	-0.054202269467528215	0.07952537552811756	-0.03611945833067535
-0.5113718425323968	-0.05074827073296734	0.09014333340397411	-0.035752817756963984
-0.511281373548991	-0.04681934889776405	0.10907575533912142	-0.03529758028351759
-0.5112452490138703	-0.04238593722790656	0.14324704588148002	-0.034700063694062616
-0.5112440631547661	-0.03895421463859272	0.18198347802371315	-0.03418522720269502
-0.511250583453406	-0.036008483702589134	0.22360113242923144	-0.03368874339670269
-0.5112584905304363	-0.03312119570070817	0.26851923511150544	-0.03316158150975824
-0.5112666004653356	-0.030119838136919028	0.3135948471185759	-0.03255145408320343
-0.5112726202660898	-0.027847595979989426	0.34260148210536506	-0.0320582725168325
-0.5112774921777801	-0.026028137037452485	0.361107432922129	-0.031629111145945486
-0.5112821207356416	-0.024356192773126083	0.3742181952411937	-0.031208001067808896
-0.511287033875032	-0.022664313795530404	0.38405964395539616	-0.03077775503000211
-0.5112934060377939	-0.020604824219027484	0.392312325271781	-0.03020529101046172
-0.5112997221040385	-0.018708770824427533	0.3970764912426457	-0.029655625285337606
-0.5113068280500607	-0.01694821328257104	0.3997246447149838	-0.029107090547228088
-0.5113139123216812	-0.015354430746300447	0.40111477995785855	-0.02859445035867432
-0.5113210847621609	-0.01377451725087115	0.4018930229876762	-0.02805309309615428
-0.5113287290651561	-0.012096228148682296	0.402340684684224	-0.027461389815413136
-0.5113376345955407	-0.010191396176855286	0.4025838974235981	-0.026743772868891
-0.5113491153640387	-0.007884670709117171	0.40270177429922016	-0.025851072175278444
-0.511362639630235	-0.0053806235511383235	0.4027389431498783	-0.02482951212985759
-0.511378171224207	-0.0027026757982661284	0.4027477828433365	-0.023708832984887844
-0.5113952886174643	0.0001373282104511278	0.40275339579563924	-0.022522914001119495
-0.5114100151500915	0.0025631704964603347	0.4027599539794823	-0.02152703589990361
-0.5114229745251657	0.004705465310620008	0.4027666052697424	-0.020654013590485857
-0.5114352098288643	0.006716926162572558	0.40277296420478464	-0.01981757003954355
-0.5114477470264697	0.008719190821458441	0.40277923475236355	-0.018931561370159746
-0.5114630821639184	0.011000945874591057	0.4027864411478024	-0.01778336861661087
-0.5114763509232689	0.012894663968209746	0.40279264534954246	-0.016651213973282102
-0.5114880362017007	0.014397768453581202	0.40279777690286017	-0.015604998468178612
-0.5114981640834954	0.015580558379208298	0.4028018842726946	-0.014701723173647057
-0.5115071204643975	0.01659826879861552	0.4028053013793641	-0.013916273664321362
-0.511515119536394	0.017537761523447094	0.4028082205918366	-0.013229543142746795
-0.5115224659259163	0.018478481119082187	0.4028108101425252	-0.012614749939427815
-0.5115296560724182	0.01951854248403714	0.4028132672577816	-0.01203044877855309
-0.5115374808829519	0.020842990270300794	0.4028158577606355	-0.011414314964237778
-0.5115483848554641	0.023168094455385847	0.40281932866581305	-0.010578628214504789
-0.5115584147532508	0.026037339933692727	0.40282238972443146	-0.009796373776936252
-0.5115663070841306	0.029011519822214782	0.402824709860722	-0.009139876985510137
-0.5115740906261699	0.032758092459229435	0.4028269267863033	-0.008414036975780522
-0.5115816127384492	0.037329814842789806	0.4028290036153775	-0.0075938355938345616
-0.5115891355493606	0.043010792928628035	0.4028310161437476	-0.006606502344583756
-0.5115977524268925	0.0510587994237118	0.402833241064049	-0.005192480189454032
-0.5116090920372328	0.06427240344467336	0.4028358302507746	-0.0026773363983433936
-0.5116185739723826	0.07741536911866402	0.40283779983217727	0.00026357571704439114
-0.5116260380493018	0.089705521705811	0.40283944879190514	0.0036256222206811524
-0.5116335130090696	0.10257185301923885	0.40284114397095583	0.008071481580659921
-0.5116418438779541	0.11612805255494438	0.40284299987574895	0.014277780402783815
-0.5116493985264453	0.12722825940846547	0.40284464508554074	0.021181527452961
-0.5116561015516476	0.13597013716088127	0.40284607567386604	0.028420193570558056
-0.5116626334636071	0.14343788203847813	0.4028474430673875	0.03650810320623789
-0.5116697168911092	0.15034748184261668	0.402848882644067	0.04630310141946071
-0.5116795848895811	0.15805670685687884	0.4028508468267653	0.061166091256459436
-0.5116901677245077	0.16413679978400125	0.4028529688468816	0.077501332477739
-0.511698432978509	0.1675541795887475	0.40285465930459363	0.08958456941340594
-0.5117067030954158	0.1700704261779121	0.4028563677432908	0.10040682486524741
-0.5117157538835302	0.17207559281889387	0.4028582042836775	0.11040781964143226
-0.5117264222147028	0.17373366863788667	0.4028602558520438	0.11960222110470269
-0.5117392907857486	0.17507567811940739	0.4028625094519721	0.1273884754494274
-0.5117522566572416	0.1759652079321074	0.40286450735109625	0.13236709441427577
-0.5117647837546598	0.176595404371455	0.4028662975969999	0.13544861702887115
-0.5117786257141732	0.17709832059872843	0.40286764996001057	0.1373592970458943
-0.5117950257047974	0.1775444142732942	0.40286883250842953	0.13854937731899367
-0.5118120678968021	0.17792188698079794	0.4028699549258561	0.13921442848113788
-0.511830290373272	0.17827461860823507	0.4028711689376744	0.1396496912890546
-0.511847939239865	0.17858133732193474	0.40287241079401326	0.1399639755982351
-0.5118651905236581	0.17885930077069323	0.40287359868081274	0.14022787356923105
-0.5118809735061943	0.17912860882799328	0.4028748933051067	0.14048751725889744
-0.5118999433848502	0.17940937926497844	0.4028764087118018	0.1407602293914239
-0.5119237453631709	0.17971426979044372	0.4028782371367198	0.14106196555424888
-0.5119449869252845	0.1800631072114761	0.40288033063450485	0.14140825163800683
-0.5119782438048617	0.1804526117412712	0.40288287178738713	0.14179507250423806
-0.5120279309156122	0.18092690659843086	0.40288628604851867	0.14226463771151363
-0.5121053830254275	0.1815311295510317	0.402891622682318	0.14286131941964134
-0.5121956888632057	0.18208076329162057	0.4028983145695328	0.143402030353612
-0.512285171772669	0.18251733754494176	0.40290740719065	0.14382993826612325
-0.5123767679614781	0.18286674953902932	0.4029185788130237	0.14417099335264513
-0.5124692978824086	0.18314886042572953	0.40293160968842445	0.14447199648840311
-0.5125631019460966	0.18337515017308925	0.40294686723050943	0.14469825221661753
-0.5126507553777944	0.1835596017159672	0.4029645630656476	0.14487830409153374
-0.5127441982008212	0.1837104662514713	0.4029851149708516	0.14502514128495803
-0.5127795381363361	0.1837585735775921	0.40299368838497596	0.14507187291974785
-0.5115688294375047	0.18373127006674964	0.4032350489204191	0.14507602998100966
-0.5041721837465847	0.18347370659327153	0.4051022137286144	0.14511063045657202
-0.46852490064545527	0.1806983247785653	0.4195201534656986	0.14550955072658434
-0.44059338588080477	0.17744894459244057	0.4350293543408004	0.14601270814062553
-0.41055243201102987	0.172827510197025	0.45589271953356614	0.14681238301864477
-0.3973627194624374	0.17020782618983635	0.4667503268058306	0.14730589348433124
-0.38106163794988723	0.16633444620365692	0.4818062244323331	0.14807965992516448
-0.36393958925578007	0.16083197549425507	0.4996682983509043	0.14927246111990058
-0.34778404463361506	0.15221319650425963	0.5189966774557354	0.15132673125979063
-0.340211999507696	0.14400443786587022	0.5292450576692524	0.15346100542096433
-0.3369813685557943	0.13485640991900466	0.5342525297288879	0.15596454246769711
-0.336521544959737	0.12494770807845547	0.5355585045702009	0.15870141229509266
-0.33708561288374983	0.11538691447474782	0.5351855433945899	0.16123835194524924
-0.33759233468651845	0.10633752358473772	0.5346153549524498	0.16338000899654384
-0.33782358012339064	0.09667627117290184	0.5342692727165875	0.16522551937736124
-0.33784805547119007	0.08790995037459075	0.5341936648509297	0.16640055313140198
-0.3378261348919716	0.0804275621414852	0.5342103486960429	0.16701905266878514
-0.3378129661094532	0.07366864945975439	0.534232031119458	0.1673323253609417
-0.3378112649179738	0.06696843704862906	0.5342431804275662	0.16748320072563228
-0.3378142821870582	0.06181138803158073	0.5342467041529653	0.16752918473085154
-0.3378179828323989	0.05713995476693786	0.534246803510705	0.16754184197482494
-0.33782098748474704	0.05363988797839973	0.5342477368092408	0.16754293976296053
-0.3378238148883678	0.05073249085943958	0.5342492833590144	0.1675430741077069
-0.3378267960762168	0.0481816749725646	0.5342511027793572	0.1675447959915271
-0.33782971430806114	0.04613303207362279	0.5342528115821414	0.1675479209968445
-0.33783214010538465	0.04469667646818679	0.5342541399866646	0.16755115981302776
-0.3378341081481803	0.043673368483067264	0.5342551615524483	0.16755398757847012
-0.33783599551784466	0.04279110714833844	0.5342561017261971	0.16755674301958187
-0.3378385177642265	0.04173941016459654	0.5342573091492074	0.16756037455783732
-0.33784098062439083	0.04083091527102239	0.5342584308455813	0.16756382602172737
-0.3378429694972968	0.04016844398241091	0.5342592986727621	0.16756652521348658
-0.33784502902903013	0.03953666463159053	0.5342601648276797	0.16756920974603648
-0.33784732978716586	0.038879855063156235	0.5342610373962539	0.16757207970984664
-0.3378501963557878	0.03810136008323313	0.5342620661805786	0.16757551712868518
-0.3378527920393109	0.03702606136794652	0.5342633903649276	0.16757988446258806
-0.33785515054795534	0.035905061453716726	0.5342644580233405	0.16758343599947795
-0.33785752912444955	0.034523837182941705	0.5342653302479788	0.16758639715830465
-0.3378599832675107	0.032467062200907545	0.5342661305175428	0.16758917908475482
-0.3378627901855771	0.028477454104165204	0.5342669919359933	0.16759224593071526
-0.33786471121748496	0.024115421451648255	0.5342675610358232	0.16759429257395778
-0.33786685573204206	0.0170830497786381	0.5342681733437121	0.16759638205260033
-0.3378687213855599	0.00901504707670197	0.5342686900122628	0.16759815035663841
-0.33787043982319	0.00038217557600279256	0.5342691521739352	0.16759974845756567
-0.3378722265643824	-0.008895473047479459	0.5342696205472685	0.16760140035521365
-0.33787427493121824	-0.018553615393799842	0.5342701413021177	0.16760328516140022
-0.3378776188333875	-0.03007541836479953	0.5342709595694318	0.16760634894821433
-0.33788031724753026	-0.035301818653898635	0.5342715911601997	0.16760872953577313
-0.33788258410328154	-0.037635898775275796	0.5342721048377175	0.16761066335027303
-0.337884934119478	-0.03888905495113014	0.534272620433424	0.16761260204928227
-0.3378875037027429	-0.03969174712056184	0.5342731676515565	0.167614662347473
-0.3378906712081996	-0.04024467909434852	0.5342738187128575	0.1676171035833613
-0.3378947322924253	-0.040748619742431755	0.5342746214951175	0.16762008684088728
-0.3379005033706654	-0.041325842367525734	0.5342754330303351	0.16762387056942724
-0.3379081310048307	-0.042110239558591896	0.5342767666486283	0.16762893610770838
-0.33792297572967633	-0.04326999447149144	0.534279168098054	0.1676362956576993
-0.33794349692483505	-0.04445740135658495	0.5342820316316782	0.1676461265529542
-0.33796460381400756	-0.045369482066104236	0.5342848913652214	0.1676591901155078
-0.33798152190088643	-0.04594489033341973	0.5342871562390286	0.16767244310301496
-0.33799932032912516	-0.046444841897947835	0.5342896608716909	0.16768748686978763
-0.3380187961988692	-0.04690621887426947	0.5342925381311294	0.1677043301528765
-0.33804579729875844	-0.04741111941126072	0.5342968021261666	0.16772652990341919
-0.33807634376254014	-0.047871589054404876	0.5343022822552519	0.167751311156612
-0.33810977854361784	-0.048255337106591134	0.5343088135351658	0.16777696667707062
-0.3381355469674172	-0.04849028288725982	0.5343142757369285	0.16779601654867968
-0.3390526186325999	-0.048480300236451015	0.5340055525047724	0.16776503041547414
-0.3453988468074465	-0.04839670498813647	0.531954387698928	0.16748983347647695
-0.36245252282448664	-0.048053574230043736	0.5267773011012795	0.16652129339690316
-0.3910417164547706	-0.04725384121145907	0.5186314048818721	0.1645007684315384
-0.4128142037900603	-0.04652137013180543	0.5127532962256784	0.16274056721678098
-0.43710862479087786	-0.04555609022868967	0.5063055482429266	0.16052573215002688
-0.4553530202279683	-0.04459878579627378	0.5011941467871598	0.15835701882759654
-0.474198018500186	-0.04336887773999949	0.4956503297719915	0.1557065459461244
-0.49220925626022954	-0.04164017918660367	0.4894996644645842	0.15204686591574829
-0.5067851190812065	-0.03869407269520586	0.4827254509534605	0.14618032256862434
-0.511569186365788	-0.03541465575888571	0.47848180171593474	0.14003244792903638
-0.5118360366216629	-0.031768282342765665	0.4761423698063323	0.13359519232497247
-0.510964268064772	-0.02787425165886638	0.475164890268313	0.12713621674379672
-0.510091342982457	-0.023253794850912432	0.47492462020855264	0.11999724966070247
-0.5098026826295792	-0.017227352104370743	0.47504413735713963	0.11153448257614315
-0.5098507780909649	-0.010820486746595567	0.47519849862348545	0.10367755822122078
-0.5099087494315665	-0.00465769240395654	0.4752563747128328	0.09741650714483409
-0.509922900945846	0.0005550849258760121	0.47525899358097407	0.09327931421143358
-0.5099235392402579	0.0046063796749419225	0.47525151929300424	0.09081229291339196
-0.5099238562223013	0.00797036738087847	0.4752480017283494	0.08932995910866581
-0.509925118257594	0.011005943850040216	0.4752470863378913	0.08828163647869433
-0.5099271213496709	0.014212213671962091	0.4752470501008923	0.08745836497825595
-0.5099286192665827	0.016135800181791237	0.4752468299855263	0.08710752057615219
-0.5099300962817392	0.017841824233950143	0.4752462924909288	0.08688041985334789
-0.5099313758190653	0.01914811038889264	0.4752459358675873	0.08675772277888909
-0.5099324833197656	0.020217121656279695	0.47524583126223363	0.08668860171423948
-0.5099334907409078	0.021196279923098207	0.4752458594584811	0.08664552260208608
-0.5099344365429814	0.02218097557021475	0.47524593599177045	0.08661690155383032
-0.5099353938044199	0.023302546170414103	0.4752460318068215	0.08659614406848973
-0.5099365039272187	0.02484864554696905	0.47524614587310615	0.0865792876999323
-0.5099376065062232	0.026758550333868026	0.4752462703958281	0.08656800963725828
-0.5099384675490822	0.029379887405107177	0.47524638352058823	0.08656009154684381
-0.5099392670432136	0.03231966863225686	0.47524649110304773	0.08655569135653762
-0.5099401979067606	0.03594776158593614	0.4752466327286987	0.08655300797607537
-0.5099412722577431	0.040757085146516235	0.4752468217478589	0.08655149533109921
-0.5099425116592476	0.04739291434834221	0.47524707213048273	0.08655118076482915
-0.5099440480624131	0.05700907273731201	0.47524742705780626	0.08655272245040586
-0.5099452461826343	0.06506203948853413	0.47524773971590784	0.0865556305901885
-0.5099465235059385	0.07348520068300107	0.4752481047805863	0.08656019316214007
-0.5099475527775464	0.07971840003110076	0.475248417992357	0.08656461681600501
-0.5099484663292324	0.08462285326347742	0.47524870434541344	0.08656830025325525
-0.5099494145396541	0.08899801738657705	0.4752490059932755	0.08657091031697121
-0.5099505756734674	0.09338222960815883	0.4752493848965007	0.08657165613556626
-0.5099521661219145	0.09785623927204352	0.4752499120368365	0.08656906805993006
-0.5099534293912489	0.10029458734768627	0.47525033270868533	0.08656537739322345
-0.5099546203016775	0.10202789543947463	0.4752507275498824	0.08656175801808495
-0.5099559099381689	0.10330969023427018	0.4752511435035015	0.08655849281406502
-0.5099573828055515	0.10432331083651727	0.4752516163348807	0.08655597988765792
-0.5099592668866366	0.10518321939375341	0.4752522522573887	0.08655421240704075
-0.5099615658834316	0.10586302384544834	0.4752531109250794	0.08655361092957196
-0.5099637515792323	0.10635922161452477	0.47525404889325856	0.08655407630150522
-0.509965889555878	0.10666192476763682	0.47525510126466697	0.086555076142233
-0.509967414399321	0.1069286132873538	0.47525622546418944	0.08655644137691064
-0.5099694817094153	0.10719260207411282	0.47525764871365944	0.08655813198563508
-0.5099721011779965	0.10747198777346975	0.4752595038082168	0.08656016123040088
-0.5099752353558805	0.1077720962314529	0.4752619268479561	0.08656263787405963
-0.5099792613009645	0.10810772045429443	0.475265283107071	0.08656592120092013
-0.5099844025356298	0.10849223841889571	0.47527016423493706	0.08657053757644989
-0.5099922663788236	0.10892206606847048	0.4752776223029092	0.08657742118861142
-0.5100005888105331	0.10925762018669799	0.4752856658180131	0.08658481236823601
-0.5100100648318038	0.1094959748041401	0.4752941145058547	0.0865927577753941
-0.5100203921098413	0.10968724479264061	0.47530282146141334	0.0866014224323435
-0.5100327678446768	0.10984608667812269	0.4753117623824827	0.08661078739616127
-0.5100425075862723	0.10994277553353551	0.47531832090760257	0.08661817361133797
-0.5092415857216269	0.10994240278248515	0.47538107481894987	0.08662158352976157
-0.5038133123146558	0.1099340703298938	0.4758680688415329	0.08665662243650459
-0.4740168432509597	0.10979700065710639	0.4796266067687718	0.08720224497543416
-0.4382662140874344	0.10948295259948294	0.48547095599841295	0.08858025882944043
-0.40885711571859573	0.10909003773621993	0.4912181833060874	0.09048585122542485
-0.37874427868692906	0.10851905925503165	0.49797711743775736	0.09361225414835693
-0.3656881952290294	0.10818482445286746	0.501201149903535	0.0957996190320127
-0.34796121285701404	0.10764093695503744	0.5058089781633034	0.09956172686794666
-0.32843164231988325	0.10682173807954373	0.5111928255858026	0.10605350632606979
-0.3078658452271055	0.10545502072687313	0.5172161274120375	0.11889344899112418
-0.29526512543962957	0.10401515730492918	0.5209440288362314	0.13466163786528804
-0.286581023235996	0.10241589790523803	0.5233838902564277	0.15586119919878702
-0.28046327504742186	0.09994226097767206	0.5249800243620266	0.1888162075421845
-0.2774815713883535	0.0967920263498817	0.5256010833333435	0.22953395337706828
-0.2770384818630195	0.09416483501933413	0.525624957648725	0.2568146427473735
-0.2771866609101912	0.09159190934675017	0.5255391438068301	0.27701936334897603
-0.27743503167116373	0.08889205146236759	0.5254626000008996	0.29039292872350514
-0.2776131771225354	0.08632771481343435	0.5254196454801727	0.2981045026205322
-0.2777132283107725	0.08340767735050471	0.5254000739422987	0.30252614784770704
-0.2777550924373319	0.07927386421829653	0.5253938844165116	0.30496473779595273
-0.2777524091700211	0.07539315074317043	0.5253950895017327	0.3054003079416959
-0.2777447507305122	0.07241094206177218	0.5253964923955812	0.3052312256675632
-0.2777402824461973	0.06955514075817938	0.5253973726436054	0.3050293617360796
-0.2777387609613976	0.06654928910582683	0.525397995146836	0.304901925752335
-0.27773879897649073	0.06326028664793125	0.5253986673291063	0.3048491043206413
-0.27773935674148525	0.05924284631925625	0.5253995818864536	0.3048429117479989
-0.27774004765219684	0.05443927731368163	0.525400715297184	0.30485815646709136
-0.2777401893737744	0.050183690668480406	0.525401106967898	0.3048729281502422
-0.27774066909276396	0.046683423952511856	0.5254014738614444	0.3048817453961901
-0.27774139346556825	0.04423719322552542	0.5254017190094158	0.3048871804863658
-0.27774224106065015	0.04226143615382736	0.5254020020810043	0.3048916304599074
-0.2777432263308485	0.040526944297122044	0.525402214155299	0.30489581512610764
-0.2777442740564705	0.039116860739757765	0.525402273091494	0.30489949428146035
-0.2777452218725003	0.038109269739804386	0.5254022040542863	0.3049023038676751
-0.27774604301942546	0.0373840817017913	0.5254020767930231	0.3049044339270714
-0.2777468674307679	0.03675906281659	0.5254019000729072	0.3049063542937314
-0.2777480235731817	0.03601172919741106	0.5254015848582332	0.30490875943275153
-0.27774916302937014	0.0353829317022193	0.5254012106528372	0.30491087124872396
-0.2777501146772827	0.03491500611674447	0.525400858024858	0.3049124702981096
-0.27775112636366317	0.034451971462671545	0.5254004500924103	0.3049140478206352
-0.2777522832282669	0.033931447630974845	0.5253999488802231	0.3049156272399738
-0.2777537862366697	0.0331858825244299	0.5253992528215213	0.3049175243534631
-0.2777552611578288	0.03222581429751031	0.5253985299107099	0.3049193002330658
-0.27775611714910553	0.03091934408981765	0.5253978421375135	0.3049208467574277
-0.2777571227451759	0.02882850601064606	0.5253971216867724	0.30492234819000663
-0.2777588215605916	0.02389500377786588	0.5253961111588175	0.3049242855513023
-0.2777602063424502	0.01794492879925609	0.5253952325205963	0.3049257118372683
-0.2777612173963147	0.01246831193941074	0.5253945942274885	0.3049267254878633
-0.2777621594755884	0.007004621155290963	0.5253940199578487	0.30492766635943064
-0.2777631400658275	0.0016483318393159876	0.5253934319078502	0.304928620549565
-0.27776439557938754	-0.003891009754830463	0.5253926779168732	0.30492983646128113
-0.27776566945833725	-0.007738321934064325	0.525391910928652	0.30493105438259926
-0.27776698423195834	-0.010141882256604735	0.525391118080343	0.30493229475372924
-0.2777682591767793	-0.011448848889840789	0.5253903508039043	0.3049334695888661
-0.2777696154428206	-0.01220808897857869	0.5253895368165029	0.3049347108270535
-0.2777711662016882	-0.012720773742607834	0.5253886113334666	0.30493616675244556
-0.27777309393437455	-0.013102071038081066	0.5253874698998806	0.30493801491754674
-0.27777557823629223	-0.013450772492319796	0.5253860185490488	0.30494049399567014
-0.27777911654229115	-0.013860767866977229	0.5253839954528716	0.304944223978941
-0.2777846353336907	-0.014403596380554606	0.525380962986456	0.3049505544892193
-0.2777936213097587	-0.01516472078006055	0.5253759294589748	0.3049618011850691
-0.27780505538040745	-0.015838590514255915	0.5253703986259721	0.30497140612826795
-0.2778131592334147	-0.016216613062243534	0.5253669837577394	0.3049750208980923
-0.27782073669225726	-0.016508285751078614	0.5253642234258329	0.30497733188799575
-0.27782968583112805	-0.016797225985272897	0.525361465823312	0.30498031059308944
-0.27784315161631856	-0.01715338400156756	0.5253579580568484	0.30498505206237797
-0.27785062439528185	-0.01731321085488762	0.5253565475709213	0.30498774876150797
-0.27788560487989705	-0.017313736835648498	0.5253513437494204	0.3049823221512857
-0.27823155183187875	-0.0173148566484908	0.5253039439406182	0.3049284170866606
-0.28273169437357043	-0.017317149157688415	0.5247876303570376	0.30422219979839205
-0.2989156366409482	-0.017317250011866923	0.5232205934276554	0.3017887970327013
-0.32443087255301856	-0.01731270574887135	0.5211464393361793	0.2982858555085057
-0.3663046176459018	-0.017300095383473893	0.5182525748585955	0.29310858677883694
-0.43417810957710967	-0.017271291422466306	0.5143369242371537	0.2855769045177808
-0.54571997255519	-0.01720345525119732	0.508678270447147	0.2740915643848434
-0.6557028395851193	-0.01710801684582386	0.5033833904377807	0.2629073046387854
-0.7271491951625563	-0.017025389143497834	0.4998630492582497	0.2553420738176753
-0.7961087548264665	-0.01692053818017096	0.4962238830068968	0.24748980126548445
-0.8226917546676759	-0.016866573455329485	0.4946514843547465	0.24407738914640278
-0.8533158330829946	-0.016796963225778144	0.49276439594871363	0.2399811994764751
-0.9047877203223893	-0.01663443863974412	0.48905967255680943	0.23177507527428554
-0.9501210704514138	-0.01635031013396543	0.4843391119430948	0.22081322055401215
-0.9719858902931191	-0.01596948562654752	0.4800692901246714	0.21008598221988445
-0.980398720587795	-0.015338637665278265	0.47566016292186175	0.1976979547951687
-0.9806290373889238	-0.014490485838343344	0.47211489381345084	0.1859640958463632
-0.978846802006481	-0.013213963835508435	0.46916968135175613	0.17403969928733992
-0.9777423760959634	-0.011711024701503696	0.467218979813727	0.16400329399751312
-0.9770662973685	-0.0100313000616827	0.4659141375819225	0.15533994851458194
-0.9768665815016807	-0.008121266094817385	0.4649902296434135	0.14722649737213928
-0.9768579703760217	-0.0057920052823370455	0.46427629332839404	0.13863856000193278
-0.976892126347116	-0.0037821586210901037	0.46388519183305804	0.13184188774726052
-0.9769174963787548	-0.001582204982889017	0.4636023969409611	0.12471588468579728
-0.9769258090585622	0.0001869255817767007	0.4634547358244234	0.11911825796920708
-0.9769276147242525	0.0017289068754762493	0.463369845238779	0.11439881183915189
-0.9769275980887236	0.003163713108650372	0.46331831641080057	0.11029295116453101
-0.9769273676962063	0.004524642676014157	0.46328734004594674	0.10684716558895538
-0.976927273262995	0.005856261144106836	0.46326797923540125	0.10394580601569259
-0.9769272974369233	0.007237645148266091	0.46325489827331795	0.10139051033418957
-0.9769273906705701	0.008800648960676484	0.46324514927592375	0.09895473471134082
-0.9769275372150982	0.010833820560008815	0.46323685811052406	0.0962867286855734
-0.9769276870559395	0.013034048855843229	0.46323177257409254	0.09394079571256603
-0.9769278643201329	0.016079173911057627	0.4632269506342609	0.09135630180813277
-0.9769280187984529	0.019471406085572462	0.46322382785315375	0.08923363661411349
-0.9769281695965162	0.023702044013291786	0.4632215095495628	0.08716807808070233
-0.9769283323797509	0.029639324302835977	0.46321962923682575	0.08507184973860922
-0.9769285180597558	0.03865541726453119	0.4632180529812572	0.08274128147476076
-0.9769287471572414	0.05423979234633759	0.46321667603162414	0.08008917817501539
-0.9769290040475753	0.07948319195678594	0.4632156050458211	0.0772185458196606
-0.9769292455314013	0.11245103268683151	0.4632148865261591	0.07477167219717953
-0.9769294699615587	0.15162934616389195	0.46321439297718725	0.07254711980980597
-0.9769296899732635	0.19676513114192065	0.4632140620629488	0.07053506142742248
-0.9769299301707483	0.25004221166676943	0.4632139148565054	0.06838524507902162
-0.976930076105491	0.2822934662340312	0.4632139872587944	0.06718059547500321
-0.9769302723059347	0.3230247488644927	0.46321435734016064	0.06555868605885898
-0.9769304249033189	0.3512833836837065	0.46321488330073785	0.0643746260785572
-0.9769305495420634	0.37160308136940556	0.4632154512002225	0.06341438175575162
-0.976930669970674	0.38872200871638946	0.4632160402332814	0.06250092260533471
-0.9769307966291019	0.4041212864407561	0.46321658511375663	0.061612021676967145
-0.9769309623603806	0.4206045332750844	0.46321703507457535	0.06044231015794824
-0.976931182779098	0.4371509650382289	0.463217273193627	0.058963408225478436
-0.9769313382363258	0.445683442359285	0.46321738929033407	0.05793469657939597
-0.9769314874324613	0.4519586985580718	0.4632176524260347	0.0569554548478885
-0.9769316492614595	0.4571312228268286	0.4632182285384438	0.055977094332550846
-0.9769318372712711	0.4615618631647228	0.4632192824063904	0.05483278036145932
-0.9769320893983663	0.4656533036181252	0.4632210798845033	0.053400045829772945
-0.9769324213022504	0.46903815550194483	0.4632234889678788	0.05160988025489638
-0.9769328593640023	0.47162883375723597	0.463225783672322	0.04953449079557093
-0.9769334761656187	0.4736647300972114	0.46322644338007224	0.04693043143010648
-0.9769340939504927	0.4749158606671152	0.46322443450316964	0.04462425518203629
-0.9769345937905904	0.4756766823163494	0.46322152030841407	0.04286818269360371
-0.9769350689911179	0.4763316934351328	0.4632183481959131	0.04130132125541655
-0.9769355276368824	0.47697388747958197	0.46321536405298636	0.0396614722913477
-0.976935927911874	0.47764032647569826	0.4632129886151751	0.03797304977588877
-0.9769360916743591	0.47837986905751895	0.463211536993643	0.03601047438899722
-0.9769353128977363	0.4791955591916219	0.4632118989772698	0.03376502109229968
-0.9769302442342371	0.4801408103423619	0.4632176948612504	0.031048326069057934
-0.9769173942665179	0.4808603272512896	0.46323240285759937	0.028909601694390143
-0.9768921762571109	0.48140079442343486	0.4632608786629041	0.027268702653939825
-0.9768845875174264	0.4815118664586461	0.4632694223403781	0.02691374146291809
-0.976865031631084	0.4817316548941322	0.46329141367504467	0.02626375825309524
-0.9768446886524311	0.48189143990160965	0.4633142972972953	0.025779431621999485
-0.976813707907981	0.48206407066483703	0.46334923573910575	0.025260277143665844
-0.9767769812268453	0.4822050379164156	0.46339077733207423	0.024843143900833524
-0.9767304193112604	0.4823293455760825	0.46344364419521167	0.02451276817021375
-0.9766369415144655	0.48248353565734237	0.46355032710392047	0.024101625878508785
-0.9764827954288808	0.4826407680430361	0.4637273791389613	0.023734907606220178
-0.9762236228913531	0.48281220714929846	0.4640273668611331	0.0234036802085066
-0.9757465604157038	0.48302813786664595	0.46458509717838004	0.02312126960073985
-0.9747036634723013	0.48334791676122246	0.4658254064832359	0.022812413730890907
-0.9715436685863458	0.48402576058277513	0.4696522285660347	0.02243520206880557
-0.9683009884334134	0.4845764061861472	0.47363328653886333	0.022258053024618883
-0.9625567331535497	0.485405276600241	0.48073358957016243	0.022064832913871103
-0.9543025664154082	0.48647033820068203	0.49098457315507504	0.021898626364349243
-0.9428887995460941	0.4877714202045191	0.5051916131988186	0.021751145454857006
-0.9247324270510262	0.489736174991694	0.5277886167834287	0.02159744413874889
-0.8912524316637834	0.4930776096403877	0.5692625246430069	0.02141775057035082
-0.8329220025015911	0.4986125965880496	0.6405554651903147	0.021223432351638993
-0.7504038333961616	0.5063570720820335	0.738951869252166	0.021074449271007135
-0.6425028517667667	0.5170844760523978	0.863090728493649	0.020911743954787586
-0.505372012556148	0.5330342788499439	1.0137816900571803	0.020744282307612945
-0.3422653929887256	0.5585209267445986	1.183539055647728	0.020559275681524294
-0.16837245536257672	0.6028150127495295	1.3542299432896856	0.020340192628184164
-0.05330411506061128	0.6582494454695313	1.4614423608671652	0.020166074658124724
0.01867998739119292	0.7257261656956446	1.526295921033234	0.019984528931777497
0.06297201116676021	0.8061971724446134	1.5655552500780536	0.019792627068146204
0.08912496171684436	0.8949509454103876	1.5888559197109937	0.01957708370505753
0.10484668129686114	0.9848265697972709	1.6032924491901535	0.019328720483688618
0.11380842039613337	1.0555768243367296	1.6121401163460345	0.018995501969909734
0.11804482942206662	1.093671492416269	1.6167116145743627	0.018586237089267356
0.11821527771468965	1.0959451215058587	1.6169686082720642	0.018519178528867555
0.1176227934295635	1.0985293574159454	1.616420442733869	0.018360916728465293
0.11575854063210755	1.0992213013702403	1.614432237102157	0.018239035159865826
0.11092292555188998	1.0986837146772521	1.6092199358620272	0.01807983425836575
0.10540067020841315	1.0972540764740977	1.6032745322149091	0.01795512456065835
0.09901205972329663	1.095171999439732	1.5964286719682614	0.017833473742117457
0.09028771990824369	1.0918372608884148	1.5871498914841693	0.0176808026437739
0.07619079173510834	1.085527312262653	1.5722251274837544	0.01742086766657046
0.05855677140132687	1.0758439873426913	1.5537686779799222	0.017039713196206206
0.04584613823964201	1.0671269230482845	1.5406306108726162	0.016591420942573303
0.038491312053184235	1.0608973291976176	1.5330978384253255	0.01609452151118529
0.035336596658207986	1.0573652003462515	1.5298839525525105	0.015501344857418713
0.034957454883783656	1.0561695198290344	1.5292757018468384	0.014779933046865264
0.03551119972721639	1.0565481110459365	1.5297491830024406	0.013832790728688385
0.035972305622729905	1.0574311882803533	1.5302288600622087	0.012652418529269401
0.03613878502895984	1.058224556042958	1.5304201228927026	0.011203267049898016
0.036150116363468765	1.0586519668617078	1.530439449119042	0.010185323938551878
0.03615853185178852	1.058961810196764	1.5304526348911023	0.009447553474230624
0.036175024732494565	1.0592521752392325	1.5304738773563806	0.008790665205199241
0.03620155747925935	1.0596260140584166	1.5305067966961199	0.007994629220665093
0.03622510601264062	1.059939972801001	1.5305358019305022	0.007351882767939674
0.03624314795770478	1.0601752340308739	1.5305580243900283	0.006869535820836666
0.03626077100292413	1.0604063130136248	1.530579743288122	0.006394874550847554
0.03627926452939456	1.0606449329117646	1.5306025384475996	0.005874619285277505
0.03630085932344995	1.06092323025434	1.5306291644634284	0.0051667277099461725
0.03632144120945546	1.0611839040197455	1.5306545524513557	0.0042243629854715635
0.03633805466650242	1.0613960608846915	1.530675063831878	0.0029827326284798915
0.03635277441395712	1.0615809869288335	1.5306932621807179	0.0010870604523348718
0.0363685835350982	1.0617817862827534	1.530712843689672	-0.002733205781082078
0.03637564699632012	1.061904040293609	1.5307246254906601	-0.006698145590713375
0.036383221032973534	1.0620260476678123	1.5307349563654353	-0.012306483024914919
0.03639270584914578	1.0621303254515286	1.5307464767037635	-0.01836941628291254
0.03640058976073135	1.062224636190801	1.5307561799720164	-0.024534560066355675
0.036408470069325904	1.0623249316398387	1.530765999949669	-0.030902987847549752
0.03641824385446224	1.0624519878172833	1.5307782475618206	-0.03762056543780645
0.036429740665820054	1.0626021325784651	1.5307927340412373	-0.042894419806963166
0.036440456165859336	1.062705989879757	1.5308024602342085	-0.0448601455893686
0.03644813233902289	1.06280196259979	1.5308113206385645	-0.04580929363829496
0.03645525009098449	1.0629010407332742	1.5308203159275533	-0.04639792668240108
0.03646306542360023	1.0630095787780485	1.5308303067609639	-0.0467739914489728
0.03647207986962586	1.0631391675323394	1.5308419263831772	-0.0471152169807733
0.036483322991235356	1.0633073151154575	1.5308566792866465	-0.04751568588979597
0.036497957042372464	1.0635362615084463	1.5308765137288036	-0.04807706671645796
0.03651772083470095	1.0638844076734755	1.530905296084786	-0.04894250988523749
0.03653283403020935	1.0642025627523266	1.5309303804539052	-0.0497806744347291
0.03654091355034694	1.064449635395323	1.5309484883559825	-0.05038386866098786
0.036544333960790265	1.0646441952892378	1.5309617237682	-0.05087659044223898
0.03654437263637855	1.0647976398432952	1.5309719687512622	-0.051288831292117636
0.03654224561717467	1.0649262571778648	1.5309802494126972	-0.05163467290044253
0.03654108777466014	1.0649602657247137	1.530982357100775	-0.05172609111870818
0.03869297924052573	1.0642944593157992	1.5317843595491685	-0.051725083540996405
0.04809977428914736	1.0598972824060329	1.5372231327978658	-0.05169539112110714
0.06786472054021697	1.0447584475836356	1.557835653842064	-0.05147323559872009
0.09005285140123742	1.0210455972592671	1.5930334703504607	-0.050867091350853925
0.09605642304630457	1.0110451286537592	1.6082763382091243	-0.05051159544557918
0.1012463301111517	0.9990383600808285	1.626257863445245	-0.049984906485376866
0.10435957240677773	0.9833062231495419	1.647196220975685	-0.04898059804573314
0.10471870043890841	0.96919345268927	1.661360809295671	-0.047536240655598576
0.1042688354412703	0.9599138879645936	1.6666981811735972	-0.04575623426190554
0.10399227507130282	0.9544707970718755	1.667459075710354	-0.04365695688616598
0.10393427310872971	0.9518097355996249	1.666606912958027	-0.041163644103998
0.1039544625474691	0.9509915462261683	1.6658194742679988	-0.03852940601159131
0.10397582256265103	0.950957395754771	1.6654442170618644	-0.035359303937691024
0.10398420282301635	0.9511889436535643	1.6654089486939745	-0.03177903040113278
0.10398440026353795	0.9513525185832825	1.6654577123089334	-0.028199348929633553
0.10398257841437075	0.9514157103016331	1.665484849427906	-0.024350415141396534
0.10398138927944356	0.951422135635137	1.6654897088562675	-0.020356899377210802
0.10398105944020819	0.9514192658962606	1.6654897491319758	-0.017223196755002734
0.10398090553304573	0.9514211211515574	1.6654906185049363	-0.014640576755271868
0.10398069749912053	0.9514261587559778	1.665491965593614	-0.012303904200752076
0.10398034764508113	0.9514336732579525	1.665493529696229	-0.009798873692745987
0.1039817274786089	0.9514388728041342	1.6654943858797555	-0.008460481964178415
0.10398357559287563	0.9514490706300962	1.665496795939603	-0.007226220015977912
0.10398328666008616	0.9514541836921706	1.6654974859604001	-0.006226229400513727
0.10398267875810274	0.9514573213330692	1.6654976774948818	-0.00535817152405252
0.10398203510653403	0.9514600893548848	1.6654977186751052	-0.004475421348222428
0.10398129327354111	0.951462710933938	1.6654976032866569	-0.0034688105660391245
0.10398028747335575	0.9514655226166493	1.665497238565405	-0.0021069100252475107
0.10397819760666915	0.9514698807049176	1.6654960662010205	0.0008839552667361684
0.10397618663595998	0.9514728819509286	1.6654946346687791	0.003983922881264874
0.1039741865897299	0.9514750652247606	1.665493046480046	0.007244454831694471
0.1039719544006873	0.9514771514889656	1.6654911933207037	0.01127563787386878
0.10396944991426593	0.9514793440943441	1.6654890604180626	0.01630890225579012
0.10396674849897491	0.9514822360731741	1.6654868106718987	0.02310998823794228
0.10396437303035999	0.9514862901268598	1.6654850320586374	0.03165910994914797
0.10396315138266643	0.9514929916386932	1.6654847044346148	0.041535920266317375
0.10396365250267303	0.9514991075535549	1.665485948378256	0.04684441987234079
0.10396435657105019	0.9515044806337597	1.6654872449948122	0.049816198235579645
0.10396475310743691	0.9515097327908161	1.6654881438508928	0.05165047557921462
0.10396454604821426	0.9515152167711308	1.6654883749086784	0.05296864183936517
0.10396407089824733	0.9515215386976837	1.6654883450678297	0.053839752006126514
0.10396309882035226	0.9515302791771544	1.6654879308902082	0.05453115571635548
0.10396221667361272	0.9515368773693897	1.6654874667172694	0.05484622418796406
0.10396196049429163	0.9515431213247427	1.6654870041842598	0.055068297227628335
0.10396120137863585	0.9515498039278374	1.6654865214603172	0.055265666906073645
0.10396019649699695	0.9515571677862334	1.665485972133512	0.05546840837730824
0.1039589847138297	0.9515660162793973	1.6654853247796602	0.055683043417351336
0.10395736094406138	0.9515774172116905	1.665484502412272	0.05592926669306483
0.10395498480693699	0.9515932693714462	1.665483424982846	0.05621178317619365
0.10395147961367013	0.9516164275555645	1.6654820424781878	0.05657352166511269
0.10394732046950539	0.9516409063908123	1.6654808481248233	0.05681332159970331
0.10394281386030679	0.9516656049355378	1.6654801408937419	0.057006216713640374
0.10393752344872953	0.9516915498390819	1.6654799240444746	0.05716234554318457
0.10393683139084364	0.9516947152439402	1.6654799436124832	0.057177514057438136
0.1046181297554436	0.951688510622081	1.6653904890985483	0.057177827694444995
0.10946561591117387	0.9516296183791468	1.664626269732243	0.057179136601804334
0.1386987319167825	0.9509357263151798	1.6575020041078183	0.05719584951174648
0.18561832252765065	0.9491030947058907	1.6420308065843916	0.057255145634856244
0.24413539298152276	0.9456883450225917	1.61759622712655	0.05741243653033884
0.32416624087882795	0.9386851216889686	1.5768735034030787	0.057921713279029466
0.4088584331049836	0.9282743697942033	1.5277971161289556	0.05920859411431983
0.4375195195813246	0.924040347837774	1.5102402833302628	0.05997881525040441
0.46562981127938663	0.9195607168738773	1.4927827907004898	0.06089734150371767
0.4800585600366082	0.9171137544044379	1.4837575560834253	0.06149949379893101
0.49514506477587994	0.914386468558164	1.4739860804992577	0.06222939206316382
0.5231739602468949	0.908863728734866	1.4551207048018207	0.06413307808931629
0.5627316790399488	0.8990463683989153	1.4243437115070579	0.06912982147163066
0.5872410387055824	0.8906454953248971	1.400339319708795	0.07603793314579767
0.6029424478678151	0.8830500727549092	1.380146680039412	0.08570521038803476
0.6127798608483175	0.8760884784720728	1.3626009166869741	0.09919257350982535
0.6185852265358179	0.8693749225814011	1.3463581422411304	0.11876985169671328
0.6221904880059779	0.8616926949266983	1.3282631840266108	0.15331557607128526
0.623304566229983	0.8541895028926892	1.3107435943195798	0.20495212360532233
0.6229241023814847	0.8498112748837496	1.300323817271757	0.24577944960932804
0.6223510206931668	0.8463933556802538	1.2918942927426136	0.2819224946511286
0.6218710904878272	0.8435113145705846	1.2843992776254456	0.3128594591955677
0.621576748343838	0.8413135595232408	1.2782788591038499	0.334511920568887
0.6214374420662828	0.8397743332103971	1.2736034889630996	0.34737122721397073
0.6214005179723103	0.8386311982156289	1.2697484030629527	0.3550606876059354
0.6214572408386669	0.8377569107958953	1.2663595456615533	0.35958434938198586
0.6216440764894795	0.8370569944705489	1.262950590032564	0.36223257917086127
0.6219051424441709	0.8367274939294861	1.2605075239138757	0.3629940594582166
0.622099952366407	0.8366733660479114	1.2593309447680403	0.36295963658812724
0.622259976334764	0.8366922565506842	1.25856762411071	0.3628237374077814
0.6223849540288193	0.8367348705517926	1.2580257316965433	0.36272292388114563
0.622474736222558	0.8367759495543399	1.2576169446556495	0.36267230910248094
0.6225304956820974	0.8368072371982826	1.257323379375458	0.3626619894318281
0.6225606861286089	0.8368270742994136	1.257124643184815	0.36267611220244783
0.6225752447767148	0.8368382779559581	1.2570220377060695	0.362706171573234
0.6225771843941532	0.8368406048334646	1.2570138046910646	0.36273470202859054
0.6225767619597555	0.8367954991350277	1.2570165207074404	0.3627837384337502
0.6225751237996947	0.8367468476121885	1.2570183748319868	0.3628405760411333
0.6225733010746539	0.8367136317110204	1.2570177401080418	0.36289445621044786
0.6225726726434855	0.8367004267886687	1.2570161516768152	0.36292759949727377
0.6225733962387064	0.8366977592429616	1.2570144967795276	0.36294415987722833
0.622575022069197	0.8367001458930673	1.25701208984515	0.3629511505603009
0.6225763361536523	0.8367049105574694	1.2570057915683512	0.36295935580128286
0.622576058568855	0.8367091939849339	1.2569965653871384	0.36297505427469057
0.6225753798469065	0.8367139209819223	1.256987807994888	0.3629957889828523
0.6225744295761784	0.8367199417980579	1.2569797000117606	0.3630197286946325
0.6225728507147952	0.8367279793198927	1.256971017229417	0.3630490368406498
0.6225712220715427	0.8367333355211011	1.2569658230332161	0.3630681914981652
0.622569527948863	0.8367380445166943	1.2569616449140344	0.3630843716960225
0.6225674887827957	0.8367430577391042	1.256957481164236	0.3631012487924237
0.6225657023673556	0.8367471319050741	1.2569543888171866	0.3631144819612839
0.6225638798145223	0.8367513424770026	1.2569514403582187	0.3631279180287763
0.6225600689361503	0.836759300200771	1.2569466265910902	0.36315240259679277
0.6225546496110501	0.8367701676979761	1.256941550196613	0.3631841593899173
0.622548798408709	0.8367814801836967	1.2569379568395456	0.3632153289073109
0.6225476174486033	0.8367837220562508	1.256937477583496	0.3632212997243327
0.623174554024341	0.8368007146946504	1.256923905939458	0.3633082996775982
0.6275829824693502	0.8369513498825762	1.2567891026662992	0.36402055207034106
0.6485778716765314	0.8381047551692358	1.2556196480297777	0.3687602049496495
0.6768152707469413	0.8403862140414067	1.2532608578320374	0.3771654394970525
0.7033236285024045	0.8432661578397967	1.2502833799211637	0.38710897780653825
0.7310815655984566	0.8472363111672286	1.2462842530380218	0.3998679898462931
0.7435659081888824	0.8494543393147866	1.2440710205808745	0.4065055628961679
0.7597029595803004	0.8526993762194471	1.240876009765517	0.4157859428776527
0.7756819757271007	0.8564721033033157	1.2371497522127235	0.4257153545736892
0.8016991211072951	0.8641682026667815	1.229238703727257	0.44288450248451583
0.8196938948508012	0.8709624756592393	1.2215716768437097	0.45465045150247857
0.8330747863117764	0.8770581540410007	1.2136379832108752	0.4624392190124179
0.8434817925549504	0.8825188438496546	1.2046512073414564	0.46716813944025265
0.8504731952225225	0.886592380318866	1.1949196613973343	0.4691836295654482
0.8538435340240256	0.8886996160105911	1.1868483968958818	0.46957176107445125
0.8555196607073793	0.8898567835755693	1.1796990559891938	0.46952260490115816
0.856519011564475	0.8905622033203072	1.172694768378069	0.4693969725636806
0.8571216292904007	0.891033305958385	1.1649554298334268	0.4692766765408282
0.8573351047903695	0.8912417114890157	1.1587161937955297	0.46920992630875735
0.8573621784261389	0.8913329244537345	1.1523846875090333	0.4691677297853608
0.8572629341154312	0.8913275670762496	1.1473076327041625	0.46915017468469355
0.8570944378629266	0.8912680501992817	1.14289173576404	0.4691439496959143
0.85687143048516	0.8911674256193499	1.138784983154077	0.46914355169401284
0.8566144524508466	0.8910383447586827	1.1350660847275724	0.4691463852579468
0.8563744930940397	0.890910815010955	1.1321306649911729	0.4691502233521522
0.8561886784300808	0.8908091123057905	1.130095634090129	0.46915352875330285
0.8560317586527189	0.8907219008260051	1.1284956233880068	0.4691564085646343
0.8558635365304361	0.8906275316404513	1.1268792003776988	0.46915952202453903
0.8557148915675786	0.8905438112981856	1.1255187032875427	0.46916228369968827
0.8555541023896729	0.890452657233925	1.1241328197328653	0.4691652165676837
0.8554030615335753	0.8903668331021513	1.1228770555157643	0.46916793134325074
0.8552463826661014	0.8902776690418457	1.1216809370698	0.46917069204403783
0.8550638504436424	0.8901736713521232	1.1203358023357057	0.46917382703427035
0.8548507193941441	0.8900521672359781	1.118852173722741	0.46917736172753244
0.8545698088818693	0.889892037643988	1.1170022002613642	0.4691817991539317
0.8542744209108375	0.8897237488275088	1.1150758615149283	0.46918616532770807
0.8540462610644148	0.8895938390264584	1.113424655147617	0.4691893206076921
0.8538582588465985	0.8894868457901859	1.111659091528827	0.46919177891795694
0.8536862514649728	0.8893889980241183	1.1093067523809987	0.4691939251996785
0.8535066554083887	0.8892868814229561	1.1051480372362148	0.4691960612155464
0.853363136642278	0.889205361817534	1.099440144793324	0.46919771751487355
0.853185685015799	0.8891045769324104	1.0874380854621133	0.4691996288940569
0.8530451507139679	0.889024817381537	1.0719964948404128	0.4692010483305899
0.8529237527458582	0.888955925611647	1.0533890351246726	0.46920224165538804
0.852807491832943	0.8888899386120389	1.0314451339046542	0.46920335126492524
0.8526910166485138	0.888823828325433	1.0073190291004503	0.46920444477138834
0.8525608586292603	0.8887499680788588	0.9813378340446022	0.4692056372202916
0.8523703501268146	0.8886419066470613	0.9512316542379301	0.4692073300146888
0.8521944009715484	0.8885421502594026	0.9341151560050259	0.4692088209820991
0.8520554377818883	0.8884633868928575	0.9266640035083131	0.46920997090625505
0.8519171384501599	0.8883850142486184	0.9227386187094024	0.4692110750323428
0.8517695931593247	0.8883014151708556	0.9202623871482685	0.4692122298149234
0.8515939593933932	0.8882019222529897	0.9187040709777415	0.46921354444890107
0.8513776194430762	0.8880793986868593	0.9174616675346179	0.46921511575347474
0.8510847876398979	0.8879135947866277	0.9161775359262001	0.46921714528451536
0.8506626131014403	0.8876743964183579	0.9145240395333616	0.4692199101390829
0.8499835228834036	0.8872902523024037	0.912088836455372	0.4692240047545369
0.8486700584913565	0.886547996898234	0.9080061332026401	0.469230890205642
0.8471517758914794	0.885689238108153	0.9040370004340428	0.4692378628050786
0.8455198997266549	0.8847668519009148	0.9004889311260347	0.4692447390586066
0.8437035532765214	0.8837410326448724	0.8970510388782327	0.46925153231862715
0.8416479021007754	0.8825804202392737	0.8936231309659499	0.4692587770264845
0.8391549258765925	0.8811753483445963	0.8899365218071278	0.46926657849194603
0.8352983321255856	0.8790113704134295	0.8849808242184887	0.46927494035600226
0.833893485626013	0.8781160203042093	0.8829440985320818	0.4692768844599452
0.8252942730687236	0.8735477815387428	0.8737617291571327	0.4692776214375714
0.8211748445437753	0.8713920103112653	0.869400957026217	0.46927612510393574
0.8092999551478082	0.8652035200253827	0.8567075763476002	0.46926845138563306
0.802689417608592	0.8618295245759872	0.8496682391802168	0.46926347388680906
0.7683238462369789	0.8451066547800637	0.8131316776606342	0.469235033531637
0.756111825846944	0.8393290476950745	0.8001365578077724	0.46922474217918864
0.7134829504390926	0.8199484998784968	0.7546800236953353	0.4691874454770316
0.6638098006219291	0.7978606164203669	0.7016577707713697	0.46914369721630417
0.58934363205862	0.7644385681271706	0.6222289982036766	0.4690783169292785
0.48988761124086616	0.7177320494053366	0.516439099711038	0.46899470433693
0.3966240265658588	0.6710034268401562	0.4176127150965825	0.4689241024584902
0.3228359685041682	0.6315700668234081	0.33971106010589014	0.4688801587203807
0.2582289441939743	0.5950073296860344	0.2717159547554845	0.4688586370485535
0.2189562460500579	0.5717570567546318	0.2304827455381821	0.4688583181630335
0.18254882074112597	0.5494837474975252	0.19232175815337024	0.4688681316001928
0.16009656601153882	0.5353945229398575	0.16881740056695926	0.46888074861002976
0.1326494842011384	0.5178265603968141	0.14010996231256406	0.4689081360010559
0.11339488202101652	0.5052830779365123	0.11998642272774032	0.46893697843102367
0.09716775733667349	0.4945779088998724	0.10303555695678632	0.46896892721100747
0.07852101171863765	0.48213701782429647	0.08356527424741952	0.46901207035153514
0.05095001463907434	0.46349551242508846	0.054789264661670306	0.4690853899671745
0.01496455216767098	0.43877114260654504	0.017247266031303138	0.4691808631330364
-0.013426169354146339	0.41897214606450794	-0.012363363823614887	0.4692394377732214
-0.036076404718540206	0.40301501685237173	-0.035987054508779565	0.4692677140702005
-0.05471867769037406	0.38979876471416636	-0.055435761854691346	0.4692795340708755
-0.07014835232554645	0.37882339764106	-0.07154188298152964	0.46928465634639194
-0.0831659195046491	0.36955317453752495	-0.08514242217855002	0.46928809616880035
-0.09423080088152529	0.36167739035816665	-0.09670668496203448	0.46929144609587264
-0.10357377567432828	0.3550392327698448	-0.10649481920587657	0.4692947311369745
-0.1114657099163514	0.34944844709806366	-0.1147805958642621	0.46929788123889626
-0.11814766015143682	0.34473345140027706	-0.12181592147791066	0.4693009809754451
-0.1238105730803561	0.3407570499142506	-0.12780061727740427	0.46930405261574715
-0.1286114296306689	0.3374055213037099	-0.13289201268506334	0.46930742281916316
-0.13267979337935226	0.33458421515638864	-0.13723457112116189	0.4693111447945836
-0.13612476832588966	0.3322126387690085	-0.14093779481316487	0.46931535464224766
-0.13903846457857966	0.33022257017576007	-0.14409302525813458	0.46932004544946
-0.141500009718127	0.328555000165825	-0.14678724723004094	0.46932511396621995
-0.143576734483381	0.32714031108829456	-0.14908789503896971	0.4693306432398107
-0.14532606193682984	0.3260046004180492	-0.1510684598683522	0.46933643416484966
-0.1468126121161411	0.3250144541652683	-0.1527074647549453	0.4693421561661556
-0.14802165440170165	0.3242179736462386	-0.1541605418698502	0.4693478145212138
-0.14907124095269095	0.3235359658581109	-0.1553603457357186	0.4693533053732303
-0.14992292256238265	0.3229753815318205	-0.1564111608885079	0.4693588715978738
-0.15064956975221327	0.32253517121431907	-0.15728606177040666	0.46936458660658403
-0.15089706450619988	0.3223748965698313	-0.15759830513174095	0.4693669871314639
-0.15049195401687115	0.322021790598616	-0.1581082863764014	0.4693443159594725
-0.14746396408153498	0.31947988038507613	-0.162111936944316	0.46919644809564326
-0.1366278910392643	0.31022694315495447	-0.18030221685468095	0.46870944877410986
-0.13090321459284232	0.3052377415670503	-0.19148000976778226	0.46845603675024944
-0.12434742450616824	0.2993945372019067	-0.2057344095717166	0.4681658863031442
-0.1165810525354315	0.2923318303316178	-0.2236728925100802	0.4678448742133334
-0.10968478583318667	0.28594346816386235	-0.24046162586150915	0.46756895048221747
-0.10179344820303321	0.2785437296477011	-0.25927143605015607	0.46727388922754953
-0.09077656649944152	0.2681726597410913	-0.28194657272023416	0.4669221172989246
-0.0797421400834884	0.25790509869334893	-0.2980468460568893	0.46665274910561777
-0.06911397167272543	0.24836586078153752	-0.30643145209393696	0.4664786120113789
-0.059529737768858906	0.24030329831710143	-0.30906368874084866	0.4663925229395135
-0.05185170025985276	0.2344677327113678	-0.30902134446822876	0.4663679991027942
-0.044740044039268664	0.22976109732454203	-0.308369945441923	0.46637311049788577
-0.03756101839850563	0.2258919664506748	-0.3078918347950272	0.46639820552684225
-0.030462566691453592	0.22309658863087417	-0.3076686848009806	0.46643889309867664
-0.02466923587956618	0.22171773443520096	-0.3077243448037502	0.46648490397524967
-0.020203014136474046	0.22126020895294188	-0.3078260678234015	0.4665306150836887
-0.017076314465347284	0.22124457097632583	-0.30790603070110006	0.4665699711515228
-0.015010262680614263	0.2213201852335743	-0.3079770900775457	0.4666006834858809
-0.013788573989158948	0.22136149467208496	-0.3080514682952622	0.4666218049450129
-0.013222342481084913	0.22135331770679145	-0.3081338297897304	0.4666344998182622
-0.013022754677334436	0.22131468088398576	-0.3082229349274284	0.4666414796085105
-0.013047314698141022	0.22126416627074727	-0.3083258637861604	0.4666453256871204
-0.013173588111345051	0.22120689835392854	-0.30844608220025316	0.46664755703887495
-0.013329550815815654	0.2211368181681745	-0.3085967155317156	0.4666494113524392
-0.013508499845530292	0.22103962570275149	-0.3088110274423164	0.46665200187153855
-0.01376279430141146	0.22088224032373505	-0.3091597756942161	0.4666573443349925
-0.014052125606269165	0.22070611439194474	-0.30956328110773973	0.4666652015808983
-0.014288880329491063	0.2205545798306963	-0.309914483208546	0.46667459619054397
-0.014490301142208659	0.22045281366688924	-0.3101907091061284	0.46668400546080313
-0.014493631020344337	0.22045003104738492	-0.3101971260619112	0.46668440616628765
-0.014493351989356577	0.22043002284477395	-0.3101920944764479	0.4670410999362593
-0.01448741271889202	0.2202514041986354	-0.31015236480521086	0.4697321489612091
-0.014403633742638478	0.21875271703883584	-0.30991743331620414	0.4866670837844733
-0.014198673733325277	0.21591443344847988	-0.3095696793677634	0.5138566898230672
-0.013810877213528	0.21139199115853663	-0.3091176133042354	0.5520461659820173
-0.013615457202432471	0.20936848415442658	-0.3089455507798517	0.5671830949238177
-0.013361220533040508	0.20656827220807833	-0.3087284836243292	0.5864494568733348
-0.012698305334882073	0.20087633589688234	-0.30838372044671847	0.6164056349769924
-0.011547234113490484	0.19275890904007156	-0.3080757669081939	0.6411192264683507
-0.01026828208664804	0.1854865332815402	-0.30793593803921504	0.6504671829242709
-0.008770012534960805	0.17847420373955722	-0.30788378162086494	0.6527775828384039
-0.006797133842573688	0.17096763348835886	-0.3078773416144657	0.6522247724814093
-0.00456696685446821	0.16417534210850085	-0.3078898761868195	0.6511257627328962
-0.002287077028340044	0.1586274213789797	-0.30790157760055653	0.6505130385447998
0.0003376782754102234	0.1535883138377425	-0.30790902562479655	0.6502943885220274
0.0037521140906717695	0.14874413054012858	-0.3079140506576234	0.6503063606960402
0.007477667439960256	0.14524799196508922	-0.3079186708705949	0.6505374039997252
0.00907009138788063	0.14436245597336525	-0.3079259417057191	0.6508700084010322
0.010514892922422938	0.14373667570306947	-0.3079283220865441	0.6512870145475754
0.012117631178624945	0.143237713285777	-0.30793217694201436	0.6516217305100008
0.013553258169790198	0.14292606920566334	-0.3079354850832886	0.6517308042368523
0.014884981295914333	0.14272478913860834	-0.3079383722575498	0.6517312977975543
0.016309870712092372	0.14257439412045914	-0.3079414255007654	0.6517155550782675
0.017729393001349035	0.14247205068853547	-0.3079445014000428	0.6517082140472235
0.01912787742466476	0.14240270461508753	-0.30794759783312037	0.6517160828283604
0.0199544947118527	0.1423734401345727	-0.3079494773838128	0.6517303128202926
0.020768118865729365	0.14234988936793308	-0.307951383372617	0.6517535590116679
0.021442071908162802	0.14233379823897938	-0.30795301735683556	0.6517828521472977
0.02205288771871743	0.14232143025523752	-0.3079545476471053	0.6518185951709732
0.022731725339184636	0.14230981367134116	-0.30795629764363386	0.6518679177038121
0.02345194504781149	0.14229976697780558	-0.3079581714737201	0.6519268607835748
0.024200188299399995	0.14229181003032637	-0.3079600175791866	0.6519867657725684
0.02502134048420678	0.1422855473456441	-0.30796181340056356	0.6520432309111521
0.02587545251995105	0.14228110734503482	-0.3079633582011936	0.6520884570954005
0.026841078638116057	0.1422776967618897	-0.30796476010831425	0.6521259105900458
0.028069852825201157	0.14227477383649223	-0.30796615936493427	0.6521594642826106
0.02996422919721733	0.14227188714873204	-0.307967773953136	0.6521934300790819
0.03376935173804068	0.1422686401532625	-0.3079699540977458	0.6522318836738136
0.03835685700388343	0.1422665177120364	-0.3079716670574653	0.6522568150480162
0.04418067908777446	0.14226489059616895	-0.30797318471821944	0.6522754723195787
0.05259342599227364	0.1422633971550806	-0.3079747664740125	0.6522918874077114
0.0654412573965116	0.14226193234624712	-0.30797652620906646	0.6523071110372023
0.08550868135767553	0.14226043913368608	-0.3079785808328895	0.652321592912702
0.11016815380339186	0.14225915670049336	-0.30798063470384895	0.6523330616294848
0.13883180481285756	0.14225801383043524	-0.3079828570181578	0.6523418324003775
0.1635748221455666	0.142257223951519	-0.30798494007945076	0.6523445482174084
0.18131632708508968	0.14225681583155378	-0.30798678400967977	0.652338047279112
0.19173262918318304	0.14225670836357923	-0.30798820913543307	0.6523222873625378
0.19866554327092312	0.14225671648731902	-0.30798947222703743	0.6522950723131891
0.2037773580933163	0.1422567080889282	-0.30799072811182787	0.6522508539005568
0.20791488381367065	0.1422565074636851	-0.30799214630721333	0.6521787706831633
0.2113366436365709	0.14225582797778002	-0.30799369559085077	0.6520685859222297
0.21380729604073798	0.14225449776573146	-0.30799538394160586	0.6519400162348247
0.2151234060959038	0.14225307440936075	-0.30799686864862974	0.651848551946889
0.21602215247784076	0.14225154022473077	-0.30799844469444193	0.651781885447587
0.21671937411875777	0.1422499203941064	-0.30800022430470153	0.6517377311186109
0.21728772127856957	0.1422482739558903	-0.3080022501593209	0.6517135657216993
0.21778002665232887	0.14224664268149428	-0.308004606956656	0.6517034865960692
0.21819383643367113	0.14224516813217503	-0.30800719751763184	0.6517011388278905
0.21857509053412558	0.14224381572684353	-0.3080101289038195	0.6517009118421384
0.21895511660118924	0.14224249881324771	-0.308013632774205	0.6517004475849294
0.21935149876013388	0.14224114996158865	-0.30801788224224175	0.6516993098575643
0.21971256293367616	0.142239885824729	-0.30802227159245066	0.6516982092944053
0.220058208693605	0.14223857589668346	-0.30802691655922554	0.6516974524462807
0.2203427815910976	0.14223710369241782	-0.3080318164428629	0.6516971635461325
0.2206352511983829	0.14223532178528525	-0.3080375039107892	0.6516972106849579
0.2209799811778937	0.14223314036723397	-0.30804420664753435	0.6516975440949074
0.22139497423137453	0.14223031120399893	-0.30805252056173854	0.6516980164400442
0.22188570466268148	0.1422264151482557	-0.30806321935540315	0.6516987547833359
0.22230379094840946	0.14222241121656945	-0.30807375096653544	0.6516995616280322
0.22262430755512452	0.14221878989847783	-0.3080830264937075	0.6517003149867405
0.22291566356802547	0.14221497084552753	-0.30809231119585023	0.6517011486873566
0.22314779416499297	0.14221149222727975	-0.30810071531594485	0.6517019539452552
0.22332628601579566	0.14220845754835235	-0.3081081345950614	0.6517026755235484
0.2235077085314043	0.14220503413289132	-0.3081162910102715	0.6517035484456803
0.22368818089480902	0.14220114091146696	-0.3081257855532741	0.6517045981487367
0.22392348668895154	0.14219524571732178	-0.3081405414085479	0.6517061658820636
0.22416865936813773	0.14218775100471512	-0.3081609090964552	0.6517085928826265
0.2243544318936031	0.1421807738850994	-0.3081822492535073	0.6517112555242388
0.2244907336334429	0.1421748562808326	-0.3082037185216079	0.6517141175809174
0.22449253828413634	0.1421747664442145	-0.30820409217849876	0.6517141696499948
0.22453639192731317	0.14217627514244524	-0.3086773785895035	0.6527652249242171
0.2246878001486107	0.1421817330122102	-0.31015661593158184	0.6558762791509434
0.22597152961336056	0.1422303267257084	-0.31858003445455546	0.6717913444461253
0.2305402507120242	0.14241243557065525	-0.33870898798845694	0.7054057289097401
0.23662696596026506	0.14265545373128732	-0.3583019459324023	0.7361032602510523
0.24086440279804006	0.1428265180678038	-0.36845149199934063	0.7509896111894186
0.24665056070644797	0.14305741522562346	-0.3798957162885808	0.766871437164998
0.25822740655563975	0.1435329584032426	-0.39437451796649475	0.7855020289171137
0.2764928155507011	0.14432753030057663	-0.40473509321851403	0.7972527432005009
0.2953082902354617	0.1452335074165302	-0.4078700886842359	0.7999716997590348
0.31491208105994817	0.14635303188950005	-0.4079040466605012	0.7994156321530286
0.3305410631999901	0.14748878101653712	-0.4071166718327773	0.7984282385677923
0.3415432127314576	0.14858783586095584	-0.4065865609338343	0.7978859499467921
0.348851619774922	0.1496703630821445	-0.4064036306640266	0.7977098907241572
0.3524870217303427	0.1505564044074815	-0.40640793391804403	0.7977042281212907
0.354038835975348	0.15125812660754326	-0.4064401156401808	0.7977175763144072
0.35447935826255506	0.15174790355703996	-0.4064551907531124	0.7977177086033908
0.35450158866988596	0.15207177742935163	-0.4064586302149394	0.7977115409153807
0.35442199540662794	0.15226035941834068	-0.40645936450796666	0.7977056364897566
0.35434755700309695	0.15236102363201945	-0.40646072499177016	0.7977014793585999
0.3543134128418485	0.15239886548997078	-0.40646272658841653	0.7976987386458823
0.3543110529239837	0.15240264776243645	-0.40646490573275934	0.7976966049244052
0.3543267576836401	0.15239374390525148	-0.40646646853297647	0.7976946503873413
0.3543496045753693	0.15238655085377378	-0.4064658667173775	0.7976928921882451
0.35437585467602567	0.1523842775328368	-0.40646071007750706	0.7976912973186691
0.3544059437628058	0.15238360029563233	-0.4064495451535307	0.7976895356440782
0.35444136600425574	0.15238272339278433	-0.40643264003226887	0.7976865224334374
0.35448268858275334	0.15238164671431315	-0.40641175472567337	0.7976807109550859
0.3545184335617961	0.15238085500070273	-0.4063946491398785	0.7976752403247398
0.35455972389641954	0.15238006701707693	-0.4063796434381527	0.797672553904565
0.35458761423745316	0.15238037513702488	-0.406371293968955	0.7976733491370749
0.354609001841946	0.1523808423827777	-0.40636769000273587	0.7976743851763012
0.35463196638593264	0.15238119183060805	-0.4063670449790597	0.7976758494222145
0.3546432694984931	0.15238124498778294	-0.40636769829721175	0.797676617202049
0.3546100217364778	0.15238420805099398	-0.4061926311591119	0.7975716396454727
0.35430322977720496	0.15241496321573852	-0.40480862927882005	0.796804304427362
0.3509306316356753	0.1528742439102289	-0.39432260743411784	0.7915711151122184
0.34232068358390816	0.15450585595244298	-0.37398540104452277	0.7819395025488959
0.3273025776066127	0.15856468653409125	-0.34594349266519014	0.7687579786214427
0.306256444151775	0.1672399867580691	-0.3133554009396904	0.7533831061045085
0.30062389728562816	0.1702223881959679	-0.3055198946622791	0.7497260581147475
0.28924139669777715	0.17728730505204648	-0.29064387197386393	0.7429260653627436
0.2736948521895084	0.1897927515807378	-0.2726569029618724	0.735451172151262
0.25701381111557076	0.2075189061759557	-0.25651639171492685	0.7298412331128362
0.2399347719300468	0.2306791943138791	-0.24331306785990792	0.7263922389103503
0.22046613381980767	0.262429684643902	-0.23215217625924878	0.7245586773977756
0.2040542579520551	0.2915150885639904	-0.2257691608992262	0.7242618127457321
0.19124285243894765	0.31327394650672424	-0.22273381963173727	0.7244249852535808
0.17947092214323632	0.3304543888495137	-0.22104324964813543	0.7246371086271521
0.16720941320136062	0.34411898770599314	-0.22016925929746836	0.7247921512264426
0.1558369490132857	0.3525075712481817	-0.219893562050547	0.7248474610379936
0.14517392547113217	0.3569936712245898	-0.21988188818280324	0.7248349054334805
0.13574978322556996	0.35889415820538817	-0.2199423054059711	0.7247915814623562
0.12610808786158598	0.35962545823212855	-0.21999885093762836	0.7247359691960761
0.11612928830553818	0.3597689498049733	-0.2200296060496771	0.7246802946182634
0.10685425606930361	0.3597094204843473	-0.2200380082533119	0.7246370027182845
0.09730430171851896	0.3596254030943815	-0.22003739850936402	0.7246136268348841
0.08842324733196068	0.35957724728797735	-0.22003473201901588	0.7246477131957961
0.082590563113727	0.35956257784399187	-0.2200331469321024	0.7247074627680354
0.07481781228673366	0.35955550282345206	-0.2200317874051692	0.7247900448541313
0.06998350591431397	0.3595467331267692	-0.22004755832796397	0.724733484307182
0.06582152414889554	0.359536786279758	-0.22004478504356925	0.7246644819972713
0.06163966548710429	0.3595290284950996	-0.22004619298018468	0.724618073105231
0.05787655219500389	0.35952580630422004	-0.2200477590640425	0.7245946689884789
0.05429784995490594	0.35952540729269944	-0.22004861877621135	0.7245785613785783
0.05135464387963579	0.359525973421465	-0.22004935708179657	0.7245661915860934
0.04958874560988851	0.3595263672379268	-0.22005011664363774	0.7245591259692891
0.04843944002782474	0.35952655372245923	-0.22005082950478386	0.7245549359773704
0.047468199779168406	0.35952665717020854	-0.22005158958371696	0.7245519481927127
0.046238400922182156	0.35952674505998455	-0.22005275347078385	0.7245496489319645
0.04535384205443109	0.35952679613657207	-0.22005371519554667	0.7245499923939075
0.04466565612389792	0.359526838399848	-0.2200545110314098	0.7245525602229267
0.043980102770402506	0.3595268856962108	-0.22005531247667506	0.7245591481442749
0.04323234770306747	0.359526936657698	-0.22005616444669035	0.7245754803237072
0.04221169677864617	0.35952699545170336	-0.22005725820008987	0.7246232151432662
0.041095382150511325	0.359527032826078	-0.2200583012710296	0.7246935730202186
0.03976610903073503	0.35952703906000244	-0.22005926761278405	0.7247573650990684
0.03781604850472198	0.3595270048669908	-0.22006026455082622	0.7248025725613448
0.03427822725010297	0.3595269210299549	-0.2200614448167399	0.7248285007673008
0.029824011178027337	0.3595268837893271	-0.2200622707817819	0.7248369164669447
0.022326920982818337	0.3595265533814234	-0.22006318318415236	0.7248376808032463
0.013779478810344623	0.3595263148385092	-0.22006403301394112	0.7248370099610367
0.004575973765574275	0.3595261552521791	-0.22006491005980722	0.7248364998024461
-0.005309773524995287	0.3595260511320925	-0.22006589503036225	0.7248364177418447
-0.015624644208141178	0.3595259852771964	-0.2200670724640482	0.724836754007545
-0.027226230976858175	0.3595259388829766	-0.220068878919517	0.7248376050695405
-0.034308231818172455	0.35952591512802656	-0.22007077538589742	0.7248386032159452
-0.037371212808669396	0.3595259018646	-0.2200723429212028	0.7248394219469745
-0.03901597247036196	0.3595258874922336	-0.2200739682053473	0.7248402104956049
-0.04009052017651204	0.35952587148165044	-0.22007577847088627	0.7248410460374212
-0.04083908695905224	0.35952585096601297	-0.2200780243373165	0.7248419659509715
-0.041503148462205146	0.35952582665995547	-0.22008092982588565	0.7248430749554082
-0.042269613392356326	0.359525794327955	-0.22008511986915674	0.7248444797902865
-0.043302548888609314	0.35952575045903873	-0.22009175097073327	0.7248463472255783
-0.044809883487337915	0.3595256898198461	-0.22010345468182696	0.7248488182934207
-0.04664620583971478	0.3595256229073553	-0.2201226983236772	0.7248515106846676
-0.04802403024651288	0.35952558637164933	-0.22014380251093854	0.7248532883923753
-0.04916220722139998	0.35952558377339194	-0.22016585513599582	0.7248544903437237
-0.05022195400817604	0.3595256196293095	-0.22018808246903052	0.7248554554784589
-0.051087739735904816	0.3595257016754043	-0.22020987786074459	0.724856359935272
-0.051792806273260675	0.35952583664738313	-0.22022983375143587	0.7248571394117145
-0.052262608972261496	0.359525983772433	-0.22024403895437647	0.7248578425780368
-0.052599353225522255	0.3595261410478325	-0.22025353869985623	0.7248584668292568
-0.052851820072746934	0.3595262360959238	-0.22026105073036958	0.7248590688926416
-0.05307800040119691	0.3595264134263563	-0.22026814548440235	0.7248596227757822
-0.05311656892758816	0.35952644974478504	-0.2202692951323176	0.7248597254731698
-0.05312531476819229	0.35952336127279566	-0.22025897024463104	0.7240720611821392
-0.053198138092787714	0.35949814543294245	-0.22017435777011257	0.7189019705200654
-0.053861990766404695	0.35934041660791477	-0.21966222461486862	0.6968954557452736
-0.055879588670179905	0.35900723624812864	-0.21862194815854008	0.6628611655884012
-0.060401630835039036	0.35849572311431105	-0.21708959568094394	0.6225059422907652
-0.06252591051861787	0.3582984062278879	-0.2165204793360893	0.6095590710144261
-0.06716738657591412	0.35794783256694157	-0.21552771551855315	0.589020517654205
-0.07556548935740696	0.3574702233973771	-0.2142489530216934	0.5667966571751086
-0.09269440410381691	0.35683626970054777	-0.21274482657083738	0.5456583988189371
-0.1095770260236825	0.35643931329400197	-0.21186157399536404	0.5374256788824797
-0.12423565239355329	0.3561972936020055	-0.2114031433925902	0.5348857693966647
-0.13664478616616765	0.3560442891157107	-0.21117419558269956	0.5345743288262282
-0.14689815659948594	0.355947183115285	-0.2110814447013243	0.5351016821628823
-0.15258030943639023	0.3559074826209753	-0.2110826808559648	0.5356554152630031
-0.15399777343361284	0.35590459476769915	-0.21110671754097093	0.5358530499798663
-0.15404347628627565	0.355909196022226	-0.211124584950464	0.5358907814874228
-0.15373880313242677	0.35591400761269454	-0.21113306480387603	0.5358670119730802
-0.15344822585739554	0.35591699009993194	-0.21113520611773168	0.5358180506362521
-0.15330971264055693	0.3559178604001568	-0.21113474585013095	0.5356722914256861
-0.1533264618551157	0.3559173733152046	-0.21113445507519735	0.5354287719326531
-0.15335924076369112	0.3559170849304024	-0.2111346584181127	0.5351874471979902
-0.15339381756132753	0.3559172425006438	-0.21113524632649108	0.5349601256899423
-0.15341625410875387	0.35591755620011345	-0.21113583857293222	0.5348864411970405
-0.1534332971886349	0.35591773054971787	-0.2111363520747367	0.5348812768343996
-0.15345236250279626	0.35591778015404446	-0.21113692853326452	0.5348897241128503
-0.15347789346784402	0.35591778501722854	-0.21113767074570353	0.534898672887674
-0.15351916893804268	0.35591782961587276	-0.21113879808364996	0.5349030805473806
-0.153596791818561	0.35591807340888726	-0.21114080871316032	0.534903338917295
-0.1536908164943516	0.35591858512505586	-0.2111429560491082	0.5349027451862545
-0.15382078096434754	0.3559196386921693	-0.21114545823667302	0.5349030772655025
-0.1539487373518682	0.3559209480009832	-0.2111476115844579	0.5349036864311862
-0.15406912023446107	0.355922354124192	-0.21114944160820479	0.5349043208042069
-0.15418512730501602	0.35592381147679814	-0.21115131463481618	0.5349050280136592
-0.15430001555399045	0.3559253140961426	-0.2111532532121384	0.5349058474451422
-0.15438895630970983	0.3559264457540288	-0.21115500448300106	0.5349065862251607
-0.15437200328429862	0.3558670996880569	-0.21109123888160541	0.5348863940992041
-0.1542067833610452	0.35534853508661773	-0.21052673631825897	0.5347253454822466
-0.1523540198018317	0.35037504718206386	-0.20509675424963827	0.5334179783433823
-0.14727686699241993	0.33810536949424674	-0.19244991603634018	0.5304541002022287
-0.13930600498211948	0.3199592281426203	-0.17446741250159137	0.5262679325389745
-0.13508904292508334	0.31078036529929565	-0.16567242407215232	0.5242672034474195
-0.13046547453518173	0.30096401905904874	-0.15648029849272266	0.5221416182049164
-0.1274102327409029	0.29468153154133114	-0.15072235782515858	0.5208094937362112
-0.12428810092663692	0.28823015276984143	-0.14487821775345566	0.5194518799072784
-0.11788697869343613	0.2753968188865037	-0.13347823912608406	0.5168650500574714
-0.10608169992733396	0.25257167775445993	-0.11387882501844473	0.5128901043039897
-0.09462063699285801	0.23125652726560042	-0.09627006529205004	0.5100835683936084
-0.08414872184319808	0.21236459133498659	-0.08114938001094824	0.5084300637831074
-0.07415415530400618	0.19474713576167615	-0.06738969645396142	0.5074870379353827
-0.06489734368917544	0.17870675115472406	-0.055078172625441554	0.5070590178433902
-0.05647830624607703	0.1642744693043937	-0.04410243433248914	0.5069315079448492
-0.04906172376467466	0.15160703155028504	-0.03446233514893378	0.50693262101123
-0.042799144939381174	0.14085515427299736	-0.026170607290504397	0.5069465025498125
-0.037880790308826455	0.13226731864329494	-0.019350510628002235	0.5069353981836694
-0.03422317913148856	0.12565987177201282	-0.013836408574518434	0.5069086745521293
-0.03164316612235978	0.12073539553111357	-0.009398423621237273	0.5068834275728312
-0.029954464529632727	0.11719120333726471	-0.005889285175842578	0.5068708725909746
-0.02910794144494326	0.11514400767137407	-0.003336428707151666	0.5068786172830161
-0.028748175987572823	0.11398719798396986	-0.001607168526595558	0.5069281543828279
-0.02870686288075447	0.11367755897796179	-0.0008872580346459893	0.5070389080640837
-0.028714837742945518	0.11350753148289691	-0.00036602654318070027	0.5073211798741923
-0.028735408051256503	0.11344527046593664	-8.531315614575263e-5	0.5075556899192035
-0.028746568725648118	0.11342816083262641	2.0105001516806942e-5	0.5076311844952253
-0.02876370168863076	0.113405164456339	0.00015737225034637148	0.5076868715694982
-0.028777120715758588	0.11338699348334241	0.0002770884078703781	0.5076966808249462
-0.028789887716605712	0.11336801416066312	0.00039533271543443216	0.5076891730404811
-0.028800400821266454	0.11335141972784792	0.0004925479593201193	0.5076825710983641
-0.028812677631110367	0.11333724846679037	0.0005772896147709511	0.5076807354596147
-0.028825122129340214	0.11333379546046526	0.0006093474801802598	0.5076816984925872
-0.028842200723060575	0.11333536043453106	0.0006142423634232647	0.5076822610505405
-0.02886824239102241	0.11333639237640541	0.0006155893627097023	0.5076825993240857
-0.028896812408620368	0.11333599922125531	0.0006173387539655378	0.5076829401725031
-0.028928162490083738	0.11333527504860538	0.0006182900525809956	0.5076833360093881
-0.028961820719363866	0.11333463523950144	0.0006182413022597366	0.507683776987532
-0.028998536145336477	0.11333410643532979	0.0006174754539607849	0.5076842783291875
-0.02903299588381899	0.11333374381334936	0.000616348626415443	0.5076847738809666
-0.02903314415434987	0.11333370638267821	0.0006163439241343785	0.5076709978174321
-0.029034387721444677	0.11333308773944517	0.0006162817883484176	0.5075491041726916
-0.02905844235867565	0.11332005865797838	0.0006166154682768418	0.5063052050186273
-0.029276262147864496	0.11321097745180059	0.0006278754195913894	0.5008339851148224
-0.03034398607471847	0.1127545345678285	0.0006981143559493183	0.4876442368886365
-0.031460399217179615	0.11233831393979449	0.0007710328117492213	0.4786948512430612
-0.0321943359388355	0.11207422593152454	0.0008189857981475909	0.4737970701562317
-0.033115457947397814	0.11176775639245032	0.000876364716511667	0.46868652522307025
-0.03368299831584545	0.11158764563993796	0.0009113044665679179	0.4659865191146838
-0.034279511586234546	0.11140189951176678	0.0009478390482381971	0.46332160515559806
-0.03568830918168802	0.11099679874807859	0.0010302463338308365	0.4580580219613484
-0.03938178982823415	0.1101230882549463	0.0012361585528647134	0.4481888958881819
-0.050858708909157266	0.10779879035149129	0.0018295887341051864	0.432832550391607
-0.06545073991808065	0.10544774795190008	0.002493648976780373	0.42422267607346814
-0.08289563663358332	0.10286171847074962	0.0034033538494053772	0.4193037586533707
-0.1009501818528952	0.10027131396441068	0.004549067712863834	0.4167997312181027
-0.11383320916508838	0.09819031400163507	0.005676675812736419	0.41589410389257286
-0.12264560887625257	0.09658088446837453	0.006739766705880966	0.41555880978605225
-0.1291246006926306	0.09512862319416944	0.007800639570994902	0.41541512735533986
-0.13419438941955172	0.09371262435973494	0.008911928428148815	0.41535003384925123
-0.13853938237990285	0.09225793551943663	0.010199347058843594	0.4153189884039884
-0.14222113882847856	0.09059652341895724	0.01163833672558404	0.41530731595431514
-0.14486327452438869	0.08886523329517573	0.013101710969308851	0.4153046996074718
-0.14632647781373964	0.08754579688645678	0.014246694129983233	0.4153050120242689
-0.14734643182071563	0.08635273644371814	0.01529627154546553	0.4153053635339457
-0.14800074077512942	0.08526181056435396	0.016349928002561135	0.41530535318923956
-0.14844926128763233	0.0843649986134059	0.017436280195105576	0.41530505508112
-0.14877390103121624	0.08350857203101152	0.018621862284823137	0.41530461289985765
-0.14902696535899523	0.08267620602216835	0.01997238128733194	0.4153041666523384
-0.14924503002059572	0.08183556007099223	0.021715998106535666	0.41530371879819145
-0.14947580266358537	0.08065537922368324	0.024728561177685782	0.4153033005741008
-0.1496518651464649	0.07947568786976177	0.029069384003282277	0.41530318948727707
-0.14975260090209008	0.07857265535425473	0.03371296826594514	0.4153033923641
-0.149830130432974	0.07768334468399134	0.03987764351844661	0.41530383768746404
-0.14989547975889675	0.07679073036340213	0.04891537529541549	0.41530460334307345
-0.14995361350355252	0.07572618439077802	0.06344501863720518	0.41530585164530553
-0.15000798281767128	0.07441101950741269	0.09007850814669408	0.41530808173647527
-0.15004922997688874	0.07296774675913001	0.13096261269007145	0.41531155265797987
-0.15007620054136822	0.07165796963586313	0.1801937975238304	0.41531642064180196
-0.15009523746898584	0.07031073868357166	0.2355228793783808	0.4153243254831152
-0.15011051607081377	0.06879941898883887	0.29766352113221534	0.4153412723824028
-0.1501184343623477	0.06766916238331355	0.33665546600589386	0.41536358197170464
-0.15012475356831523	0.06643455151833413	0.3694468517444468	0.415404436900389
-0.1501287133128707	0.06543917240488567	0.38936892717891586	0.41545891303095195
-0.15013144055228486	0.0645456808117523	0.40198615102473967	0.4155270912162143
-0.15013356578173548	0.06370969666348225	0.4108136116251897	0.41561335572230146
-0.15013533900486764	0.06284487115026066	0.41731601983208577	0.4157206521021378
-0.15013699258980526	0.061886875799131	0.42258686498542025	0.41585904663966217
-0.15013914783991214	0.06028343925127102	0.4282608569782179	0.4160907033171488
-0.1501402863771007	0.05917527156783532	0.4305820010353225	0.41622812634131334
-0.15014105819355777	0.05831321939412845	0.4318405222787118	0.4163162322260993
-0.15014173795614116	0.05742474654209685	0.4327815461450566	0.41638070127115745
-0.15014237682568132	0.05652636501785203	0.4335547737748781	0.4164244589058887
-0.15014306655308893	0.05544478050354623	0.4343115761527305	0.4164518142561019
-0.15014384239566733	0.05419986308154564	0.43509010739507237	0.4164615342454171
-0.15014480862462973	0.052598361672259925	0.43600387224431714	0.4164538603013367
-0.15014612766149144	0.05050564987884336	0.43717307052959314	0.4164299192304041
-0.15014735620529213	0.048736190275782854	0.43817392605624184	0.4164058458677773
-0.15014831434680875	0.047492243456786834	0.4388958265090402	0.4163890295524461
-0.15014911181325846	0.04654358189442328	0.4394578814497957	0.4163766102950024
-0.1501499023210573	0.045658377989730055	0.4399835446694093	0.4163651776624838
-0.1501510632521084	0.04452101384053237	0.4406971700655242	0.41634812773329893
-0.15015202136813058	0.04365951471064784	0.4412412056732883	0.41633176665179444
-0.15015282920072717	0.042977824566551796	0.44167363811068905	0.416314285276174
-0.15015368200566898	0.042333345030342674	0.44209928141763305	0.4162892273692658
-0.1501546399813146	0.041631073656628576	0.44255115717949434	0.41624797727199986
-0.1501558509833804	0.04083000056354297	0.4430840629210629	0.4161658288003336
-0.15015755406047954	0.039707295849647516	0.44376319844988854	0.4159824216261523
-0.15015907381289068	0.03858212866441835	0.4443107383400333	0.41577519654868567
-0.1501603097616826	0.03735343801487492	0.4447278100587181	0.41561368912692964
-0.15016141674637243	0.035724543985526415	0.4450790671419729	0.4154992147382459
-0.15016251380250428	0.03304561501841994	0.4454004194237938	0.41542168030937965
-0.1501639468597852	0.026553635712888636	0.4457928419776051	0.415364705542053
-0.1501651683967133	0.016454360471706977	0.44610381498828744	0.4153427306488764
-0.1501659466553379	0.005883647508605268	0.4463100686419189	0.41533616084221026
-0.15016658611445358	-0.005702992374305049	0.4464881136312645	0.41533369657837393
-0.15016720306925097	-0.01797431184441816	0.4466567270315145	0.4153328557146832
-0.15016789803667038	-0.030755471270758873	0.4468301210073886	0.41533275762532873
-0.1501689020683088	-0.04500458144614468	0.4470614614433497	0.41533306878838705
-0.1501701313845207	-0.05568595996630378	0.4473170789520475	0.41533358344207283
-0.150171061847191	-0.05996172423336233	0.4474504938620926	0.4153338842669908
-0.15017196974579256	-0.062105758618846985	0.4475666161400187	0.41533409418687917
-0.15017293630169815	-0.06342433859077404	0.44770575098945614	0.41533426962565423
-0.15017406576028142	-0.06420175286500471	0.44788324400010404	0.4153345140842522
-0.15017544259447216	-0.06479092804246202	0.4481040543826749	0.4153348429620285
-0.150177296182402	-0.06537552455398649	0.4483851734289574	0.41533530107258315
-0.15017996960497745	-0.06610955684845714	0.44875801813491534	0.4153358148611632
-0.15018426493904033	-0.06716048122412338	0.44928230144418174	0.4153364103378648
-0.15019244692732087	-0.06880656589470889	0.45009027187965367	0.4153372409943804
-0.1502007908019052	-0.07020298231077854	0.4507609393563649	0.4153378513190384
-0.1502096249272058	-0.07127666216056747	0.4512796911713129	0.4153382830709766
-0.15021924632454375	-0.07216431421940755	0.45169301332700107	0.4153386129337359
-0.15022900140554074	-0.07289991125965295	0.452023674990119	0.4153389040183814
-0.15023989492303422	-0.07351881978881201	0.45229399995580566	0.41533917511918167
-0.15025168079872514	-0.07404514590887856	0.4525136232000227	0.4153394398407571
-0.15026499832918333	-0.07449194006293824	0.4526955633084436	0.4153397046754637
-0.15027936268124029	-0.07486943882030273	0.45284603307535365	0.4153399898016373
-0.15029523115040105	-0.07518011001290835	0.4529691665718986	0.4153402914050807
-0.15029624067481628	-0.0751962392578508	0.45297559784639885	0.4153403098861311
-0.15025290092180477	-0.07520944546039511	0.45283704808250247	0.4154244099738703
-0.14985196831210956	-0.07534231000536734	0.45173618955544653	0.4161103763416695
-0.14786167251444163	-0.07617859345647557	0.44715291647815103	0.41912428803375984
-0.14060126881359092	-0.08090441904105045	0.4330145496630218	0.4293942103992272
-0.13225776870095354	-0.08892072402320168	0.41812460131007184	0.44139884360160725
-0.12589231141016077	-0.09724277478627497	0.40722187590260767	0.4508735247379526
-0.11889386566800356	-0.10947423535746567	0.39551395707094	0.4616987729178266
-0.11441411403878238	-0.11958990336948569	0.38830857763186094	0.4685781461828295
-0.1090554265719873	-0.1343531430030204	0.37961224409072003	0.4770734036793493
-0.10184187270221401	-0.15870348140316753	0.36840452871482626	0.4880236450785046
-0.09365040394060534	-0.1924604957180062	0.35632956629285933	0.4994427207222266
-0.08565279028055237	-0.22933066876053015	0.34533875435577416	0.5090438305399321
-0.07846863789883285	-0.26201926948404397	0.336233336091184	0.5160663426437236
-0.07109805395829943	-0.2907253085246696	0.32776303781854516	0.5216162147848966
-0.06177075338543894	-0.316130671464785	0.31838594159481587	0.5264249945252927
-0.05335349331806093	-0.32806368443296935	0.31134286973392733	0.5289262101819601
-0.04706606339952852	-0.33187520169833457	0.30704475259818476	0.5298598446639378
-0.041035759002624364	-0.33262306879224196	0.3037150825274953	0.5302682172450223
-0.03506716370621787	-0.3323763148996757	0.30116555332862915	0.5304028327645545
-0.028375974406364614	-0.33191173882300345	0.2991317288419433	0.530423037483541
-0.020103111489958525	-0.33156791296042837	0.2976092833078505	0.5304077760714898
-0.012737042787912614	-0.331486502029133	0.29701454806251826	0.5304045003269645
-0.007259526376421729	-0.33150245494095976	0.29689731893894783	0.5304146912037774
-0.0029097983440919337	-0.3315245047809388	0.2969093872786464	0.5304282885798964
0.000764164876316413	-0.3315382430054405	0.29694315869800214	0.5304420761038874
0.004102838242607383	-0.3315463214951756	0.2969693667379413	0.5304576230346132
0.007265458131735729	-0.33155201632919495	0.29698687733135276	0.5304803223584535
0.009102621001749526	-0.3315547996444929	0.296993604614339	0.5305018536818377
0.010889610062631522	-0.3315575230186764	0.2969981049315801	0.5305343308988961
0.012298121970061967	-0.3315598896296504	0.2970005319481847	0.5305745261082795
0.013508698657550111	-0.3315621716437584	0.2970020423340789	0.530624680473196
0.014759336312225486	-0.3315648067188853	0.29700323852865707	0.5306965643085658
0.016076275267178405	-0.3315678878901595	0.2970042608298198	0.5307969623774286
0.017264105143609813	-0.33157090634469044	0.29700506821298767	0.5309069904195032
0.01841415321342869	-0.3315739555135283	0.29700579974951996	0.5310228164144745
0.01962714649618007	-0.3315770993402262	0.297006524661174	0.5311399140218893
0.020760029202402983	-0.3315797773917662	0.2970071381860663	0.5312337093679432
0.021917963464204798	-0.33158216169360855	0.29700768707025876	0.5313105577782034
0.023249926471282455	-0.33158448009806163	0.2970082241266559	0.5313783516465532
0.02504050582122764	-0.33158701412294034	0.2970088144032679	0.5314444344794783
0.028701242444700552	-0.3315907839202269	0.2970097000426814	0.5315283409078752
0.03318065281686615	-0.3315938921283914	0.29701044125610016	0.5315858844652824
0.03843414659516854	-0.3315964548543781	0.29701107007690586	0.531626290366832
0.045846600158347905	-0.3315990758900748	0.29701173125493147	0.5316616211033158
0.05703067663443808	-0.33160193780518005	0.29701248980947076	0.5316933050481752
0.07565480684399242	-0.3316053665349867	0.2970134844267965	0.5317196061594355
0.10071982173341261	-0.33160883302499217	0.297014649709232	0.5317259070416732
0.13222770303175307	-0.33161245070484013	0.2970161607618614	0.531694445630287
0.1684629442369033	-0.3316161446997591	0.29701840303910065	0.5315942912441491
0.20107567845180477	-0.3316197153680761	0.2970216760153634	0.5314268488849213
0.22448278143656258	-0.3316230253903531	0.29702605095675666	0.5312445205069131
0.23772661958608635	-0.331625633525742	0.2970305320693841	0.5311106866567089
0.24633372621157684	-0.3316279796497433	0.29703513297966194	0.5310135651013497
0.2525364657554789	-0.33163030082785927	0.2970396974957361	0.5309454916844938
0.2574156149564927	-0.33163284578298474	0.297043913491473	0.5309016070011235
0.2614742797391658	-0.33163589319254505	0.2970469083490655	0.530881229348448
0.2647371476057735	-0.33163964587371625	0.2970474334981944	0.5308866667849792
0.2664880402175599	-0.33164275301057317	0.2970458376317844	0.5309068048682352
0.2676526439084997	-0.33164573013437304	0.29704337664465114	0.5309335620952236
0.2685625514574556	-0.3316489115578512	0.29704053623586735	0.5309661446374305
0.269316475092734	-0.33165243081304263	0.29703773878709044	0.5310033371824763
0.2699687979374509	-0.3316563763860426	0.29703529131009315	0.5310425281197733
0.27053926000448764	-0.331660766325143	0.2970334887841237	0.5310798094545466
0.2710580942121648	-0.33166557694980064	0.29703257487741314	0.5311110646065705
0.2715701880302738	-0.33167088164237113	0.2970325953619525	0.5311351862458558
0.2720308192807697	-0.33167668610112605	0.2970334897319229	0.531149196928684
0.2724561955610006	-0.33168308712315897	0.2970350892898749	0.5311536680877335
0.2729194971416657	-0.3316908131543283	0.2970374603306458	0.5311498868030975
0.27338489908402036	-0.3316991932620581	0.2970403281826298	0.5311385398201603
0.27386192695862693	-0.3317084950438566	0.29704372023965564	0.5311190692853606
0.27436811400150807	-0.331719457841473	0.2970478157119803	0.5310885466624701
0.27490213252820034	-0.3317318379976788	0.297053013257797	0.5310490629365592
0.2752607591511159	-0.33173721201782347	0.2970572559126412	0.5310240067553885
0.27557025860209206	-0.3317460779336462	0.29706153379952266	0.5310080404594046
0.2759613953278128	-0.3317584975171419	0.29706791861893367	0.5309972339898272
0.27630245113295493	-0.33177058211658306	0.2970742758194044	0.5309939798225809
0.27661255205091334	-0.33178215415473344	0.29708100382517155	0.5309936630575545
0.27695124449819397	-0.33179628968183067	0.29708970754662706	0.5309941419912613
0.27729948362477524	-0.3318129665867455	0.2971003376509709	0.530994581335523
0.27769765841818655	-0.3318342736958262	0.29711523336269063	0.5309947975446967
0.27819179757100465	-0.3318660743418908	0.29713887499412583	0.5309948669324092
0.2787540290955891	-0.33191083406857785	0.2971756206262678	0.5309949212755353
0.27920453142664053	-0.3319570299028633	0.29721604442830396	0.5309949910916757
0.2795567539298849	-0.33200379486702497	0.29725844481576846	0.5309950906010739
0.27983741996926464	-0.3320511776749536	0.2973017194808704	0.5309952125002592
0.28006152895666797	-0.33209920459440656	0.2973447995810553	0.5309953571332624
0.28024185191822754	-0.33214412757759454	0.2973859812100108	0.5309955256612102
0.28038089031409813	-0.3321889620297842	0.29742337781019773	0.5309957137288532
0.2803738828774602	-0.3320523494789222	0.29742555085951944	0.5310679804990796
0.28030017718118316	-0.3308672624747083	0.29744512528007117	0.5316721081037252
0.27933433300892835	-0.32047219352226713	0.29767077994838503	0.5371559753929991
0.2765963272642213	-0.2994716806316105	0.2982757499171568	0.5495497773074498
0.27179784345160435	-0.27159978722628103	0.2993270974689877	0.5684456639271648
0.2646411511481739	-0.23989587189211073	0.30090557650373473	0.5935197910218649
0.2602298109801397	-0.22363895466240896	0.30191245422449065	0.6080039388964974
0.2553142233372391	-0.20761436515964132	0.3030560987601533	0.6234514289211344
0.25237556389134846	-0.1990546928370495	0.3037451353462176	0.632032985630318
0.24902413071694887	-0.18979912414398664	0.30453982383094236	0.6415378691659619
0.24278125423414176	-0.1741012732501106	0.3060184497568778	0.6576223938673527
0.23044356793451984	-0.1478781940183422	0.30889203745455446	0.6818973765868911
0.21730999124086184	-0.12513673381073703	0.3117592209819786	0.6978892530853399
0.20391306811853177	-0.1059689330946404	0.31434179215990543	0.7062275808009466
0.18925370864919155	-0.08859777675464314	0.31664475084210664	0.7095920459727177
0.17315373081710125	-0.07302881073785383	0.3184872282132415	0.7101003580178458
0.1581957278490178	-0.06123144450054994	0.3196046340203209	0.7096721652166673
0.14464396624088613	-0.05224739736401757	0.3202319759826066	0.7092458084544931
0.13125623990267937	-0.04448354585408981	0.3205981952491247	0.7089977307528944
0.11541421171519642	-0.036058828031210716	0.32083627708366314	0.7088770338049859
0.1019129103178517	-0.029004014805039613	0.3209305572353322	0.7088516512139953
0.09361914358166999	-0.024512402373644347	0.3209726580470798	0.7088506511120323
0.08690111926399578	-0.02063682282138072	0.32099475610712447	0.7088481931867893
0.08097858337689821	-0.016917233603565937	0.3210064379573425	0.7088413254519587
0.07543108191558955	-0.013039634271021845	0.3210125656404223	0.7088305701399908
0.07016124776514229	-0.00884105564401317	0.32101588046743496	0.7088169259196981
0.06651197482760897	-0.00553615853839156	0.3210174841883097	0.7088058262469262
0.06429030423985109	-0.0033286911905998015	0.32101842242638867	0.7087985493946276
0.06262825786725516	-0.0015710746049290916	0.3210192061485236	0.7087929610320097
0.06097099634555682	0.00027613167658069315	0.3210200954201526	0.7087873969275814
0.0595697476630572	0.0019143000758773815	0.3210220736312135	0.7087835717045657
0.05826929465518449	0.0034964945885923512	0.3210224438506026	0.7087784331101021
0.057095956845109	0.004971001519493871	0.321022843876815	0.7087742093619247
0.05592660569750659	0.006475401500275608	0.3210233300728967	0.7087706921209436
0.05462057460761399	0.008175566855028678	0.32102398529742815	0.708768016101321
0.053144424310460965	0.010071451077130422	0.3210248673894011	0.7087675081846083
0.05144861277122895	0.01206177752589863	0.321026006658283	0.7087731919365876
0.049942446895202816	0.013489465164400687	0.32102697071658626	0.7087868176578389
0.0483018356076962	0.01457690870187708	0.32102780070096276	0.7088085260368636
0.04607368200932194	0.015521068460286818	0.3210285940067905	0.7088394264760105
0.04208707039741946	0.016474584016937955	0.3210294442853947	0.7088812681754153
0.033190854554663723	0.01758111968495575	0.32103042054772596	0.7089345327396652
0.019990196132200176	0.018501928730346912	0.3210311521607176	0.7089752794179508
0.004485748069730337	0.019251877443701708	0.3210316607006498	0.7090040811253321
-0.013645393177755163	0.01997392073755281	0.3210320739524131	0.7090289733785685
-0.033635780785989666	0.020724639188097905	0.3210324251813726	0.7090541287689568
-0.05511906856519977	0.021594964960137703	0.32103275557104466	0.7090850322547969
-0.07854686670632319	0.022819322448602967	0.32103312419513363	0.7091330810120746
-0.09542623217302723	0.024214031355561126	0.32103344956973834	0.7091900450392773
-0.10619578183237638	0.025848563188049546	0.32103371514190754	0.7092510698913386
-0.11204289786055606	0.027629310796185087	0.32103392564853495	0.7093046373340548
-0.11539748001148008	0.02977357270518545	0.3210341275043025	0.7093504762990045
-0.11763040312006759	0.03258176300115645	0.3210343600873203	0.7093871092452033
-0.11914861560971168	0.03667766671938847	0.32103465131875464	0.7094135684371485
-0.12039011295316175	0.04294796425009657	0.32103502485695473	0.7094287507744754
-0.12166952678577297	0.053138759374426046	0.32103549287989736	0.7094358989197723
-0.12282113817975593	0.06601401907135963	0.32103594948843944	0.7094406966333929
-0.12397415908764167	0.08125937621431427	0.32103640198816963	0.7094507695701803
-0.12473094039964835	0.09101852470571026	0.32103668290513	0.7094628011487031
-0.125379093768069	0.10033130327603351	0.3210369551945457	0.7094798321592743
-0.1259224310631359	0.10763364486093484	0.3210371732051307	0.7094968095233191
-0.12642391386466043	0.11364724782850266	0.321037347449096	0.7095111546714093
-0.126963407727139	0.11931076119556167	0.32103750249674184	0.7095211057571917
-0.12767564330752418	0.1256908549536698	0.3210376413127525	0.7095215094131138
-0.1283832805521832	0.13050644803366945	0.32103770995197095	0.7095084559664623
-0.12891164910888636	0.13326179053480333	0.32103770429544487	0.7094926365622366
-0.12942835368468408	0.1352981583187792	0.32103764519762495	0.7094763929897042
-0.12996655879792074	0.13691970817942664	0.3210374889300605	0.7094614704301379
-0.13057820498631778	0.13826276298830842	0.32103715940340355	0.709449193323272
-0.13133456451607234	0.13944763738200577	0.32103646781752276	0.7094390468545326
-0.13220580495424458	0.14037342847490936	0.3210352916529989	0.7094324050697393
-0.13298763455638105	0.14095078750710946	0.3210339369784455	0.7094295360285416
-0.13365144506785942	0.14135231333324255	0.3210324160239955	0.7094284268230066
-0.1342897224948389	0.14169640983175577	0.32103080276778634	0.7094281335140399
-0.13494452148466518	0.14202661629598343	0.32102910168462623	0.7094282432455166
-0.135634490158097	0.14237243885163256	0.32102710800305995	0.70942831421647
-0.13637744240440686	0.14273905752974267	0.32102465832968824	0.70942849379775
-0.13722106383399302	0.14314669469672792	0.32102136148929705	0.7094286970747341
-0.13820243367830848	0.14360870881991483	0.3210165659579028	0.7094288744350169
-0.13940278123687028	0.14415238552803336	0.32100925399396585	0.7094290292124202
-0.140131479353733	0.14446861210036668	0.32100390429200326	0.7094291740936218
-0.14073679746561635	0.14471970179471955	0.32099884797239364	0.7094292115888291
-0.14140605021959324	0.14499408247870837	0.3209925100930477	0.7094292976226564
-0.14244183385564557	0.14539635763116102	0.3209817813962839	0.7094294635533661
-0.1433598651801214	0.1457315890617698	0.320971611923271	0.7094296212998213
-0.144126435027156	0.14598875887472873	0.32096347032895184	0.7094297666671293
-0.14475858367647898	0.1461885912972428	0.32095816157691287	0.7094299145537557
-0.14528137722967932	0.14634408200993035	0.3209560888622328	0.7094300684559309
-0.14556072614953566	0.14642363801143932	0.3209567062344408	0.7094301688637172
-0.14554795812650767	0.1464238404905309	0.3209089867513118	0.7092385449446424
-0.1454125040516031	0.14642288802150702	0.32047981719195373	0.7078065346258293
-0.14382607282978263	0.14640002158413581	0.31614134917073233	0.6976903279599534
-0.13953016738426144	0.1463205089273952	0.30557806618512684	0.6783520735538884
-0.13093100362818352	0.1461112809204113	0.28611278571375615	0.6485026568255342
-0.12677130940331852	0.1459933935840589	0.27720578012218156	0.6358701986481198
-0.12220240402836877	0.14584947670321818	0.26773898410064795	0.6229053525142498
-0.11931276457446538	0.14574882072607567	0.2619826957181833	0.6153966967473347
-0.11660284066766564	0.14564870020169535	0.25656854927573974	0.608454476400112
-0.1110324191241362	0.14542270019498718	0.24581859140521478	0.5955825326645636
-0.09998228683997823	0.14487905361304731	0.22541978284726397	0.5753779324350456
-0.08652609745365518	0.1440126834435557	0.20185426365000722	0.5592874482705329
-0.07447753129502689	0.14300987087310285	0.18165024836787372	0.5515322305050462
-0.0634262053324041	0.14185104350611394	0.16365370964887294	0.5487373912356766
-0.05326363400165466	0.14054314281576671	0.14737672262900553	0.5485358687059743
-0.04421279400053966	0.13916734419961577	0.13291302091105214	0.5491252819854036
-0.03634544411315675	0.13781046755781856	0.12012576612391593	0.5495669057782131
-0.030045971391427728	0.1366400007541123	0.10941907938987412	0.5497195847868986
-0.02514767166416105	0.13571585961925334	0.10035829868512657	0.549743583782771
-0.021499201135539735	0.13505709048274572	0.09261310903393674	0.5497645254939711
-0.018878502292704734	0.13462680156385776	0.08586686716993407	0.549798427291421
-0.01698630089254785	0.13435902139232925	0.07973378056048751	0.5498283244390566
-0.015560990292451199	0.13419032957509902	0.07381805563251219	0.5498469705414559
-0.014238207910461938	0.13406894342789827	0.0667333302190043	0.5498575321266088
-0.013500534411448224	0.1340207062700605	0.06126461678389487	0.5498608866312524
-0.013127496058822241	0.1340129947792353	0.057828303264963576	0.549862043162344
-0.012885612382033937	0.13401445877351503	0.05502567699868228	0.5498631376085739
-0.012717453335698507	0.13401893781207244	0.052576680461612416	0.5498644502052319
-0.01259547984172283	0.13402480051768545	0.050239846214409384	0.5498659791520996
-0.012516675557335419	0.13403144894888877	0.04801449170133398	0.549867542203244
-0.012487518706407866	0.13403667192836224	0.04650267908755004	0.5498685512580247
-0.01248025028239759	0.13404040882876841	0.045542732012090636	0.5498692006540058
-0.012480236955275587	0.13404368196283573	0.044784908756952096	0.5498696739427166
-0.012485013400656858	0.13404761091954898	0.04397226184524077	0.5498700874522796
-0.01249378752831222	0.13405184344125576	0.04319899780040071	0.5498704715330305
-0.012502102745023613	0.13405500428366107	0.0426680730009589	0.549870727852445
-0.01251144723717322	0.13405816928756809	0.04216154393500245	0.5498709578451738
-0.012522474580055794	0.13406166048273574	0.041611231687144305	0.5498712001411752
-0.012536776968620586	0.13406601161382914	0.040874666489458956	0.5498714402683244
-0.012551677014408492	0.1340704462668541	0.03992272474948616	0.5498716369245435
-0.012564912580345713	0.1340742917225943	0.03869021427668312	0.5498718006557989
-0.012577335567886622	0.13407793140014368	0.03679554863997106	0.5498719256940952
-0.012591290605570862	0.13408211046060683	0.033044925033265865	0.5498720472250653
-0.012600356561399878	0.13408524448013404	0.029113552591400776	0.5498717755870635
-0.012609833376667635	0.1340879710638473	0.023456419731707128	0.5498714168934862
-0.012618224661431983	0.13409041779525785	0.01727677510218147	0.5498712698182339
-0.01262615946160104	0.13409275232784076	0.010930265263779805	0.5498712601954965
-0.012634764700100685	0.1340952973359734	0.004319036777726062	0.5498713161033173
-0.012645652899967802	0.1340985262897022	-0.0025960964482907023	0.5498713854352011
-0.012656291837885927	0.13410164893856613	-0.007300551800428018	0.5498714583183615
-0.012667133453004978	0.1341048418911807	-0.010297507217464988	0.5498715041366391
-0.01267726812061689	0.13410786324482402	-0.011911785838921586	0.5498715466536344
-0.012687730625476228	0.13411101786018134	-0.012834236017723447	0.5498715837539611
-0.012699445395337315	0.13411457480833344	-0.01344786186837598	0.5498716294141174
-0.01271377181031115	0.13411887538731793	-0.013888872103714006	0.549871673766476
-0.012731931155646692	0.13412424928681838	-0.014281117709583069	0.549871733176911
-0.01275679792799815	0.13413171900372256	-0.014734132628228938	0.5498718034223427
-0.012793867395281364	0.1341428482833769	-0.015327252925135176	0.5498718974854285
-0.012856731510517382	0.13416182131554696	-0.016140026010947085	0.5498720103887643
-0.01292933305605802	0.13418387420997924	-0.01687145270345148	0.5498721216414365
-0.013002510396738026	0.13420625267795827	-0.017433082838065897	0.5498722176392872
-0.013076765877885935	0.1342291508129199	-0.017889475583009316	0.5498723054060032
-0.01315211850347181	0.13425260763272184	-0.01825853305947891	0.5498723970877963
-0.013229058417040897	0.13427679260163916	-0.018563387641457006	0.5498724839796638
-0.013285070093820336	0.13429455312187522	-0.01873834509349749	0.5498725553070251
-0.013295427401095329	0.13430012480303724	-0.018731797811955768	0.5497148985925828
-0.013405454544909642	0.13435055332243026	-0.018650014822741236	0.5487412813903138
-0.014094695956306164	0.13459231895938154	-0.01821745309246691	0.5460157672556458
-0.016296405629124752	0.13518557221618105	-0.017186819364596845	0.5419553613844572
-0.018066695026470618	0.13557640778346733	-0.01651372524306407	0.540149578740126
-0.020529201882370195	0.13605529426102903	-0.01573942713949173	0.5383547409197679
-0.02513629504984237	0.13680063338159676	-0.014545835850148736	0.5364154316941323
-0.03460580799111558	0.13799097257930712	-0.012740487636542043	0.5346520411960393
-0.051608002985061074	0.13963035392970577	-0.010338872857015902	0.5335401596852517
-0.07150524888965434	0.14120419623994776	-0.008096419035866172	0.533145049287603
-0.09138239735552303	0.142649179030232	-0.006057555875561539	0.5330440792795087
-0.10930527208046639	0.14400159137112795	-0.0041510997155609144	0.5330426475873102
-0.12527664295603086	0.1454055890731907	-0.0021399747723992654	0.5330680963182979
-0.14033510081329093	0.14721826183769973	0.0005706244692747983	0.5330981554710565
-0.14878219875429838	0.14898138719483597	0.0034184725876338987	0.533113959175633
-0.1513462595162412	0.15017943587679056	0.005564180912619468	0.5331169797760112
-0.1522659789098872	0.15120334455003948	0.007627173957652528	0.5331158017812269
-0.15230962290636063	0.15214692852497827	0.009835313203114836	0.5331126829829879
-0.15212620850483632	0.15299469460614595	0.012259907898719807	0.533108917361311
-0.1519404255448721	0.1537936582462756	0.015316504309762693	0.5331043582100077
-0.15186131176760642	0.15434984738243082	0.01862188391952023	0.5331001062639935
-0.15185776636081438	0.15460363672436214	0.021376218565065885	0.5330974207371864
-0.1518708158973686	0.1547066649933117	0.023861896402324098	0.5330959008185411
-0.15187889613395425	0.15472544478275466	0.025334435337093664	0.5330959979729936
-0.15188609151784893	0.15473288533509238	0.027105329499462864	0.533095154803179
-0.15188998819495625	0.15473290303369752	0.028362415813263646	0.5330950749507252
-0.15189280284362827	0.1547320439643955	0.02940265814121807	0.5330951539726589
-0.15189537414508736	0.154731385969533	0.03047819618053872	0.5330952686353257
-0.15189789126765535	0.15473106771432743	0.03171904341904247	0.5330953949124762
-0.1519007084879287	0.15473106727650793	0.033454742457571685	0.5330955633646784
-0.15190522192460337	0.1547315887309978	0.03741732302392626	0.5330959617803908
-0.15190871561056957	0.15473227723018032	0.041983197472833446	0.5330964809506663
-0.15191158976571456	0.15473295204771506	0.04704324429260939	0.5330971573291006
-0.15191452940527236	0.15473369534569434	0.05351136902109553	0.5330982589490478
-0.1519176970712514	0.1547345272216773	0.061723648053021024	0.5331001034382885
-0.15192157899402406	0.15473554325146288	0.07264938795215847	0.5331038024942873
-0.151926419236206	0.15473680315606075	0.08550092349364122	0.533111300042374
-0.15192977000059044	0.15473776958388827	0.09335931622412558	0.533119649618228
-0.15193236089551795	0.15473854442557483	0.09808571990797856	0.5331273760147689
-0.15193487130489589	0.1547392769747336	0.1014221016559322	0.5331340640471025
-0.15193757319779705	0.15474003438556386	0.10391916054033326	0.5331385164785558
-0.151941058672659	0.15474098099732211	0.10622259490547321	0.5331390454158605
-0.15194573789249477	0.1547422380687272	0.10811345091703166	0.5331324374843924
-0.1519494319868998	0.15474323744266585	0.10903592418659988	0.5331237996050173
-0.15195290551935436	0.15474419144948504	0.10963861839579721	0.5331153456367621
-0.1519566202110257	0.15474522824236533	0.11018487524878377	0.5331078120220597
-0.15196085440951268	0.15474638784205366	0.11059087999800683	0.533101940449712
-0.15196614629306623	0.15474781565989293	0.11099441326080203	0.5330979588294403
-0.15197280081300507	0.15474975231135868	0.11144327650627225	0.5330956447327915
-0.15198178263913717	0.15475238895467788	0.11193747738282378	0.533094929925025
-0.15199622440490904	0.154756493689084	0.11255204942338579	0.5330949404292353
-0.15201250117847037	0.15476128380415538	0.11309474607327913	0.5330950812176404
-0.15203032012658851	0.15476650514293674	0.11354117773550798	0.5330950507450443
-0.15205027006754224	0.1547725472026852	0.11392364637144599	0.5330949836889192
-0.15207420088530788	0.15477970505687363	0.1142594640838594	0.5330949471726384
-0.15210033413589627	0.15478783546100325	0.11453551918665374	0.5330949394093774
-0.15212896415068755	0.154796805527318	0.11479597787787106	0.5330950018748558
-0.15215978979253714	0.15480655405312835	0.11499193866277656	0.5330949675014034
-0.15219228880091404	0.15481691500459055	0.11512284613851087	0.5330950218420039
-0.15219363280486825	0.15481734500844327	0.11512778980118918	0.5330950267031523
-0.15217812204811315	0.15481913717956786	0.115128360840637	0.5331621562014243
-0.15202363195770763	0.15483752557563948	0.11512967828414679	0.5337150192691654
-0.1511999779150311	0.15494913857066916	0.1151274608632862	0.5361430744242202
-0.14894645411011948	0.15530651702431392	0.11510649458666777	0.541899601036902
-0.14210365646011613	0.1567908453260364	0.11498080004638289	0.5572695962595564
-0.13229699478747486	0.15977731268079756	0.11467653595576835	0.5778610481716127
-0.12639262804531723	0.16204679686540754	0.11443329237318559	0.5901023404270569
-0.12321911531608218	0.16342016712168655	0.11428186914626415	0.5966383092375895
-0.12000462811309948	0.16498286799977907	0.11410475521728332	0.6033669272871057
-0.1165904616503391	0.16684806485651926	0.113880543490737	0.6101474729982259
-0.11378049728669301	0.1685402411896336	0.11367214061538178	0.6158657351592846
-0.10878272494126387	0.17187599716113822	0.11323608298914341	0.6255279679140558
-0.10005633044429244	0.1790171857657663	0.11213526308420824	0.6404871636278935
-0.09125395495670369	0.18818361576106762	0.1104455495878822	0.6524890683477597
-0.08385859627944053	0.19763631442547736	0.10819830191348727	0.659938482008653
-0.07745938511697151	0.20721703860193308	0.10559677031705228	0.6644901853074007
-0.07146467154129865	0.21736958766623843	0.102451810430599	0.667390307039611
-0.06473298017822911	0.22996969879073545	0.09822786827933944	0.6694226906228358
-0.059669773091741596	0.24010946853138904	0.09468626382391358	0.6702957431371479
-0.05508578277566996	0.24956379548447893	0.09132669441367092	0.6707428141901335
-0.05106397347543614	0.2578724156899694	0.08833161150424285	0.6709630805313865
-0.047287926922928096	0.2655081249692843	0.08552466919748726	0.6710807338856369
-0.04356675423716042	0.27270555116851575	0.08278967069901931	0.6711475555211515
-0.04013748845307034	0.2789129806164819	0.08030144667432997	0.6711833298227027
-0.03750041081511357	0.2833265020177471	0.0783642800966314	0.6711997348890224
-0.03553293592721717	0.2863807637016128	0.0769884692542358	0.6712076593794584
-0.03374329791762997	0.2889362232726876	0.07569690013330553	0.6712123078336165
-0.03157384731495782	0.29184904291883795	0.0741421950663067	0.6712153090325742
-0.029480390455250693	0.294357563763843	0.072621730889832	0.6712153629591613
-0.027880205978468908	0.2960674680194636	0.07153364822095992	0.6712136074274921
-0.026347786022915418	0.29759310541296274	0.07043341900647136	0.6712103512759008
-0.024680265210021604	0.29905023138033743	0.06931313919836084	0.6712052597297714
-0.0227846018718589	0.3005481668462177	0.0679826501610453	0.6711973305801132
-0.02031666894335235	0.30217853193360106	0.06635299772581865	0.6711843601148235
-0.01720357427629319	0.30379999709498906	0.06428837741361905	0.6711640385362903
-0.014803634483040791	0.3047341864639633	0.06264532681300998	0.6711456982108319
-0.01310260519327671	0.30524653897684145	0.061264860389073944	0.671131510602486
-0.011739279155587444	0.3055751415865516	0.05974240952665859	0.6711196327864093
-0.010517367421162244	0.30581531425514646	0.057434492716956075	0.671108851065157
-0.009283035107555286	0.30602175290936656	0.052875282133129226	0.6710975367205972
-0.00833122466803729	0.3061545887687916	0.0462662418571745	0.6710897128986747
-0.007168809871387884	0.30628779871142686	0.031066935502057302	0.6710789045907973
-0.006278202141555916	0.30637534386422827	0.009028525245179206	0.6710705110879509
-0.005505976650032572	0.30643850079883234	-0.020395001355444725	0.6710635522830068
-0.0048086373114673425	0.30648885584408664	-0.05811757372894742	0.6710572192190825
-0.004139612628858827	0.3065302246613981	-0.10206458627661323	0.6710513283944787
-0.0034724414321363126	0.30656677397129295	-0.15072100724644039	0.6710454460163203
-0.0026917404368983697	0.3066028819636718	-0.20351956939490634	0.6710387869395475
-0.001985246072674529	0.3066315530831611	-0.24244928177761743	0.6710327992481723
-0.0012049466128817576	0.30665737158228845	-0.27130835736999237	0.6710263958887862
-0.0005469056032103431	0.3066760759566575	-0.2863346313334192	0.6710209981756677
0.0001028472805331207	0.3066914236430813	-0.2946107283740447	0.6710158786704382
0.0007771319879527408	0.3067050936562896	-0.29932221376195084	0.6710105988296446
0.0015411267904501535	0.30671767472918476	-0.30211554741078567	0.6710048698029476
0.0024313221108150027	0.3067296324522097	-0.3040442470269383	0.6709983203783403
0.0035622487186301177	0.3067409742607285	-0.30540714007417397	0.6709903680812157
0.004972314140603097	0.306750718516697	-0.3067830677837998	0.6709810224306734
0.006941521746318617	0.3067588327278556	-0.3087347237070077	0.670969091873117
0.009975810131593169	0.3067644848248908	-0.31187084612189603	0.6709534496594769
0.014085379571978533	0.30676661888271484	-0.3161983114101306	0.6709383380873616
0.01745069501902325	0.30676691731154365	-0.319749580901612	0.6709329300283093
0.020117764320713747	0.3067675384646228	-0.3225662925620509	0.6709343943848383
0.022311173304137826	0.3067686664107828	-0.3248459887284098	0.6709392741285561
0.024144813733108467	0.3067699988926949	-0.3267694682813943	0.6709446877024347
0.025714454507075407	0.3067715668033156	-0.3283928707055236	0.6709488701963027
0.027082425106025355	0.30677339765512474	-0.3297760165820104	0.670951387759524
0.02830722996916343	0.30677550115130575	-0.3309490426878772	0.6709526689013802
0.029327466582603046	0.3067775227546071	-0.33183116342526364	0.6709532445244976
0.03021943666502887	0.30677947158669194	-0.3324887779310468	0.6709535597521396
0.0311044343885496	0.306781416904356	-0.3330109574710668	0.67095380818518
0.032122656488284315	0.30678349761921375	-0.3334656867682492	0.6709540480530646
0.033659614501318394	0.3067861325538044	-0.3339531205177254	0.6709543373088735
0.03543582613531865	0.30678886175541153	-0.3343483488454287	0.6709545947423647
0.036798436713255875	0.30679091226003313	-0.3345863188479997	0.6709547501481783
0.03803519626689982	0.30679273615239033	-0.3347792564164725	0.6709548732044764
0.03917780478418771	0.30679468767892737	-0.3349589174877417	0.670954955729205
0.0402330983838969	0.30679694409189195	-0.33513396509866394	0.670954999828405
0.04113149507032466	0.30679944734935144	-0.3353072430967406	0.6709549931073082
0.0419398489471954	0.30680282858863406	-0.33549825927422633	0.6709549424386222
0.0425091604708952	0.30680611520627826	-0.3356552093350659	0.6709548918148829
0.04259874658553447	0.30680686682535174	-0.33568672005346917	0.6709548960771845
0.0425998140585936	0.30680265413143526	-0.3356549000846915	0.6709097983437314
0.04260195253928718	0.30676077065065155	-0.3353442947393816	0.6705186308795742
0.04260628831897581	0.30620631694844036	-0.33190369591260777	0.6666992257842086
0.042611128219048305	0.3042823181101417	-0.3218425872024428	0.6564457510647369
0.04261663124265016	0.29999126482157734	-0.30347746517848956	0.638086938665209
0.042623646666500495	0.29137140967740205	-0.27361923639286445	0.6083293915588865
0.04263144709738975	0.27795488356063125	-0.23618949351676782	0.5699309980283452
0.04263512271632726	0.2700042574615956	-0.2170139355937743	0.5495078829186715
0.04263825755999809	0.2614602358346994	-0.19815284611224665	0.5287983122230632
0.04263905428228365	0.2585615833877914	-0.19207564015353765	0.5220671266559085
0.042639959050205456	0.25458315497967593	-0.1840933719849138	0.5129762548077325
0.04264063973968189	0.24801486336486683	-0.17131633803448543	0.4985097506032003
0.042637278684586596	0.23581371185851338	-0.1489619030594767	0.4738432816723242
0.04262337164475616	0.22363687034216442	-0.12785747916789642	0.45229166768183554
0.04259932590680854	0.21341349619343375	-0.11061865784743534	0.4366141341985495
0.042566155561270934	0.20440811437060508	-0.09550081656778082	0.42468941408440886
0.04252409648507133	0.19593079928411858	-0.08118380233922509	0.41503763852812176
0.04247764750878883	0.18820879726087608	-0.06812678349533621	0.4075484661834323
0.04242564600004916	0.18085045948486594	-0.055900202593704845	0.40151318724589463
0.04237245864463517	0.1739029014347774	-0.04486454598268404	0.39673425228116294
0.04232478099397094	0.1683426642883708	-0.036591865237769666	0.39351857358840975
0.042279176729066476	0.1637813986413019	-0.030274320015701996	0.39126784283482613
0.04223573505656183	0.16013608696023685	-0.025561854851034543	0.3897024845639466
0.04219276783704988	0.15703495005799034	-0.02179616020368031	0.3885214210469086
0.042142577615585854	0.15384208845991457	-0.018143204675146393	0.3874429839366056
0.0420563315463214	0.1493388937774085	-0.013334300691697998	0.3861248486925505
0.04197575772284734	0.14604549986986423	-0.010011670188089822	0.3853112085391589
0.04187994636626244	0.14323006352560416	-0.0072398047215656985	0.38470522547472913
0.041716692308674405	0.14035242096286288	-0.004381511700887755	0.38416422758226304
0.041419206819008444	0.13761626119960713	-0.0015545457721387324	0.38372061765629495
0.04090067330693125	0.1351041681808525	0.0012241961486660208	0.3833647133565789
0.039829650468710266	0.1325712631018124	0.004296253195635057	0.383052763278682
0.03699495823863294	0.1294601347516055	0.008670992868191639	0.3827262828163717
0.029867828195392982	0.12610733057601417	0.014775021515751122	0.3824364814590769
0.02008981735607554	0.12384347657386673	0.020453486779070086	0.38227681252856904
0.004785495569442945	0.12178795969874727	0.027462957590248797	0.3821503690126405
-0.020567285419984718	0.11968655277092147	0.03731388488402981	0.38203968418384415
-0.054826321882568516	0.11785652677566558	0.049528774564146755	0.38195408497409333
-0.09796018529688452	0.11611705622215325	0.06497645038410235	0.3818841692163076
-0.14823400366051098	0.11440342521151238	0.08491884527389375	0.3818244211386025
-0.2031162683307983	0.11274346128836364	0.1119503292559438	0.38177001929211546
-0.2631812856714695	0.11061235913743245	0.15525464755856624	0.3817125596501955
-0.30951946823607235	0.10835923186647624	0.21455190120018117	0.38166111738008607
-0.33006551244640475	0.10662878748223376	0.2651953180841941	0.38163044914699906
-0.340280816606595	0.1050417546446936	0.31175868507482835	0.38161015767347195
-0.34551990481967076	0.10355032221402767	0.3561044500258502	0.38159942360856525
-0.3484009876974325	0.10185822379883366	0.3974922803916411	0.38160484880740947
-0.34944987370494957	0.10029789633023338	0.42869219585017987	0.381635734091746
-0.3498071147725658	0.09894042892231011	0.44897608618150464	0.3816922821743327
-0.3499495961618129	0.0977010631352584	0.4627350196306787	0.3817760669764612
-0.35002932657298436	0.09660577962854379	0.4724968351800116	0.3818897731654736
-0.35009597122890745	0.0954503838832045	0.4798912829501279	0.3820392021792358
-0.3501713900704981	0.0941206130560687	0.4860779417855049	0.38224254666837465
-0.35024266661381137	0.09286074766591305	0.49058851997700964	0.38246491772826224
-0.3503265755545047	0.09147095781698857	0.4940474063096869	0.38269456484915315
-0.35039897053754104	0.09028909188587167	0.49620481485553186	0.38286683603018234
-0.350470126514194	0.08923692202888382	0.49782261814458373	0.38300585985770336
-0.3505463790984755	0.08807903504877171	0.49922609703243204	0.3831206999589504
-0.3506329280677164	0.0867823867056874	0.5005235896358459	0.38321329033589635
-0.3507276291421	0.08534361410326229	0.5018656213766189	0.38328413427410796
-0.3508599695139469	0.08346866318155814	0.5033753104856837	0.3833293430297534
-0.351032411675039	0.0812383196582787	0.5050866305141182	0.38334031376313593
-0.35127318749466635	0.07816955477857299	0.5073048337426369	0.383291973457938
-0.3515631622027076	0.0748836167759174	0.5095985841339314	0.3830764226071239
-0.351786051710405	0.07247543223097373	0.511239723691146	0.3826786388999285
-0.351970186922692	0.07063006363939836	0.5124527760204389	0.3822457808696833
-0.3522012285079304	0.06849488735310241	0.513889235117486	0.38176022087291933
-0.3523997138033592	0.06674645307421186	0.5150123834071608	0.3815212701399429
-0.35256589539513505	0.06544030981885299	0.5158802155450658	0.38144378329699297
-0.3527345335316835	0.06402381451478203	0.5167753303946134	0.3814268640212595
-0.3529669562841121	0.0623419577131252	0.517876953532846	0.3814381588859209
-0.35330442527585826	0.06000916945751543	0.5194864168982407	0.38145535259566554
-0.35385288731492204	0.056698609418201366	0.5213068118129814	0.38146459884047323
-0.3543743047203718	0.054004984655998144	0.5228889617669376	0.38146682945921656
-0.3548603074586999	0.051884723331863364	0.5242453572983423	0.38146916466092784
-0.3553183834290607	0.050211283344151085	0.5253654448582246	0.38147145240270974
-0.3557489111319808	0.048925360706864554	0.5262819990896461	0.38147298648340583
-0.3561505922173466	0.04795008744422666	0.5270351654696325	0.3814738729707651
-0.3565238268761408	0.04731124871621126	0.5276500971903789	0.38147436807174445
-0.3568628475746243	0.04687566248017937	0.5281459649188783	0.38147465682679094
-0.35717441844425907	0.04662273901372399	0.5285496087043532	0.3814748797419831
-0.35745713947379615	0.04649991459702529	0.528880362268769	0.3814749863815309
-0.3577154305103958	0.04645607867542856	0.5291441365998493	0.38147504684969263
-0.3579576658070456	0.046449615832013305	0.5293681769142858	0.3814750885309824
-0.3581827174394172	0.046456956590351504	0.5295527891535946	0.3814751085415888
-0.3583688768674673	0.04646579217632968	0.5296978353955468	0.38147513002096306
-0.3584616234084577	0.04646987022319675	0.529765262715517	0.3814751408163787
-0.3577347402077726	0.04646992502867062	0.5291854209108439	0.38154663055421484
-0.3528205157617615	0.04647009282931385	0.5252086734629259	0.38209173703380644
-0.3252357851409759	0.04647037490991495	0.5018589136528223	0.3861657410365761
-0.30453960148301507	0.04649505676369391	0.4835858630816633	0.3899472885399392
-0.28147070321563694	0.04649386418012658	0.4625562393939978	0.3948400041894533
-0.2696239964141632	0.04649297129533739	0.45149756466137553	0.397667858778174
-0.25522930338625965	0.04649147794770236	0.43794104334612854	0.40136714943470797
-0.23661007547992494	0.04648820492099292	0.42025068104391367	0.40653810117966754
-0.21578799517560204	0.04648004460205321	0.40048172321835573	0.4126820669153885
-0.20335041016162594	0.046468474461742605	0.3889270766104065	0.41637549023465387
-0.1949712578531549	0.04645017860488839	0.38152300094925884	0.41871854883756754
-0.18958068187841143	0.04641869502901472	0.3771663346074087	0.4200343067747246
-0.1870500743971163	0.04636421691091407	0.37540273692120735	0.42052604832698326
-0.186646218321297	0.04628619454211776	0.3752545292121781	0.420566561782371
-0.18682298182013934	0.04616857945111339	0.3755421218186963	0.42050918382122243
-0.18714128067077307	0.04596165119448702	0.37582649398276785	0.42046618867143776
-0.1873333993407199	0.04556435542895587	0.3759567521741549	0.42046307636002256
-0.18737122834189332	0.04497223014623715	0.37596525442221396	0.42047241958080556
-0.18736365300286328	0.04424160863108722	0.37595306750885077	0.42047656854282695
-0.18735879426292298	0.04344893310139428	0.3759477091501135	0.4204766967976525
-0.18736063972409644	0.042510060913240146	0.37594809640249244	0.4204753394843719
-0.1873673848988264	0.04126081739558725	0.3759516493357241	0.4204735344329277
-0.18737572195702862	0.03996313298463786	0.3759561576696913	0.4204717750478649
-0.18738120364580235	0.03908556588006857	0.37589748427719183	0.42054006266371435
-0.18738599809539605	0.03835542603563352	0.3758537156012591	0.4205700875255833
-0.18739058240455259	0.03772575476231965	0.37583791315816695	0.420577653273545
-0.18739463622166755	0.03721192167175616	0.37583724944108626	0.4205781173739618
-0.18739821975339155	0.03681122474870193	0.37584022526095645	0.42057747344692653
-0.18740184167657242	0.03641493357112944	0.3758434415863109	0.4205772290582513
-0.1874069713856327	0.03591033182837506	0.37584720053534454	0.42057750902983887
-0.18741154345641603	0.03548021610283123	0.37585011704729565	0.4205779924124163
-0.18741529556046532	0.03516357449998856	0.3758524306913768	0.4205783968331975
-0.1874191911932955	0.034834931249746924	0.37585462620278526	0.4205788300239062
-0.18742351728679835	0.03448895800798412	0.37585704374711193	0.42057904525386247
-0.1874288787823748	0.03403548342921099	0.37586019739728677	0.4205794403160668
-0.18743596142279828	0.033332502470248646	0.3758645429696873	0.4205800837870806
-0.1874414176501619	0.032463405582458596	0.37586822851866314	0.4205806056044146
-0.18744602177648043	0.03129623573298484	0.3758712378067986	0.4205810053176324
-0.18745054909834913	0.029407387148878594	0.37587410630212503	0.4205813339027274
-0.187455853980151	0.02557555817499576	0.3758774617377416	0.42058170643424897
-0.18745937978527094	0.021455652276605026	0.3758794670430027	0.4205816361620299
-0.1874593808741874	0.01549989118967101	0.3758813863595941	0.42058080169826967
-0.1874626612493572	0.008893996432617565	0.3758831680768327	0.4205804124185021
-0.18746573688597834	0.0020373766339365704	0.3758849835259288	0.4205803711965138
-0.18746905188782648	-0.005173999956073302	0.375887046924231	0.4205805237923012
-0.18747314496789158	-0.012716574388865073	0.3758896701120322	0.4205807680548835
-0.18747709086113906	-0.017947973050534534	0.37589214565187257	0.42058099531884086
-0.18748140321717918	-0.02155490739967248	0.37589482926917467	0.42058119508816183
-0.18748542889681738	-0.02346345429147064	0.3758973509212847	0.42058136004482194
-0.1874895672074835	-0.02450416150367636	0.3758999702376572	0.42058150302254715
-0.1874941726019549	-0.025163058711840706	0.37590290148218486	0.42058165546699955
-0.18749972525170258	-0.025574735644906033	0.3759063369027574	0.42058181474453715
-0.18750663768310427	-0.025899524878095777	0.3759106000096477	0.4205820082444498
-0.1875160715073607	-0.026234645324560317	0.3759164848111822	0.42058223193335736
-0.1875282007471017	-0.02666942950557074	0.3759249642886632	0.42058250785783063
-0.18754945173006515	-0.027302163380380474	0.37593890488269793	0.4205828695712879
-0.18758462167061174	-0.02814650835119461	0.3759614958355901	0.4205830771764283
-0.18762113719155693	-0.02879790894542937	0.37598445133893416	0.42058350556312996
-0.18765693909368172	-0.029307363816410206	0.3760074315316338	0.42058370823491636
-0.18769395838669567	-0.029737469726865827	0.3760308261867166	0.42058382413517875
-0.1877318565779505	-0.030091412586914563	0.37605457429037986	0.42058390999014644
-0.18777090613773506	-0.030382264597077782	0.3760788437043453	0.42058397835057576
-0.18777117684905814	-0.030383963670635818	0.37607901110006486	0.4205839786527411
-0.18772103989328098	-0.030386594047327686	0.3760413695013806	0.42039364036344434
-0.1876272350001174	-0.030390685932708793	0.3759723437964909	0.42004841905460516
-0.18705736964666647	-0.030418200505195878	0.37556861904262867	0.41809967075603416
-0.1849053029744318	-0.030563391233509818	0.37410956535142037	0.4115751312610066
-0.17813663282836933	-0.03136556609251975	0.36965473713152974	0.39303170437641005
-0.1680597377810107	-0.03345452489659545	0.36308278932466986	0.36802153605056004
-0.1605160169570103	-0.035739791007419155	0.3580911386174591	0.35031346462307544
-0.15637517209474505	-0.037367692791719795	0.3553710978568691	0.3410164029731499
-0.15142724150429898	-0.039796236581884824	0.35205142190766775	0.32993848472418563
-0.1415522035718234	-0.04662216489651273	0.34555758365877015	0.3088267215505436
-0.13060569806385108	-0.05917260809846744	0.33861763799346933	0.2866126764962347
-0.1200732309620316	-0.07916408834797634	0.3324092668739434	0.26633899161877034
-0.11163025576232727	-0.10334444977045878	0.3279345288351396	0.25086053860639473
-0.10532863465947784	-0.12680105330461136	0.32501101246276415	0.23978391224560527
-0.10026777849703833	-0.14789307385960282	0.32299694807726476	0.2311991079282681
-0.09563475856831255	-0.16679934018481327	0.32145955584135805	0.22361843515142718
-0.09025175061933052	-0.18498857799395083	0.3200666258701661	0.2151560053758035
-0.08638578409169195	-0.1933742711579927	0.31937070672670553	0.2093864185110669
-0.08396413605640068	-0.1963229192669194	0.3190975105355693	0.20597506822629766
-0.08206835875355278	-0.1970983235775409	0.3189634821094477	0.2033584280464415
-0.08054039312431614	-0.19710712630691501	0.3189080046009658	0.20138710274472546
-0.07924418453017507	-0.1968914504500612	0.3188907590324427	0.1998116942169308
-0.07824335264584545	-0.19668890349163592	0.31889314150245507	0.19862448261071317
-0.07764345682843007	-0.19661136193881673	0.3189010085130433	0.19801055240905852
-0.07747905363870372	-0.19662066200560097	0.318905251585733	0.1978825481188306
-0.07748958339904884	-0.1966465630034952	0.3189065469893809	0.19792304249812548
-0.07753964050984596	-0.19666828607063416	0.3189069221686222	0.19797901873632073
-0.07757497176326805	-0.19668889962323002	0.3189076860442126	0.19800805408368682
-0.07758883586213061	-0.19671660092522886	0.3189093297769981	0.19800466592904298
-0.07759109894378459	-0.1967454473605205	0.3189118222939822	0.19796792054214796
-0.07757028620884363	-0.19676651618233837	0.31895104770147253	0.197920993625454
-0.07754696472135335	-0.19678372666481603	0.318963550327063	0.1978706872959617
-0.0775356259075344	-0.19680145200576005	0.31896596063326854	0.19783520005906222
-0.07753438745484412	-0.1968188682587514	0.31896744246889336	0.19781626128416208
-0.07753770315820852	-0.19683729194256683	0.3189697730706054	0.1978102525722373
-0.07754225226266348	-0.19685838241238895	0.3189730588607341	0.19781067649481646
-0.07754779571862949	-0.19688811452928057	0.31897794268532187	0.19781298089238916
-0.07755511408170843	-0.19693282376453028	0.31898623855626834	0.197814293534041
-0.0775684977684275	-0.1970024959127765	0.3190007168747514	0.19781420802393135
-0.07758201782492952	-0.19706465979136462	0.3190152042997775	0.19781394551215092
-0.0775972124551479	-0.19712388629981803	0.31903016473215845	0.19781386244031943
-0.07761451131393832	-0.19717792019603475	0.3190454785995032	0.19781383708793376
-0.07763056831271775	-0.19722303487656612	0.3190581836421659	0.19781381462847297
-0.07764637978843852	-0.19709131321669549	0.31901336082618525	0.19785030564370917
-0.07780810937223398	-0.19596555008209227	0.31863481274856875	0.19818940464514428
-0.08004208175482393	-0.18627664051526166	0.31519090532900335	0.2022610843038823
-0.08563046418822567	-0.1709272667759305	0.3090892032080073	0.21159408915898756
-0.09107590844953917	-0.16005240497155757	0.30440307366248864	0.2202041017961913
-0.0990248804390338	-0.14819904055693867	0.2988827176531374	0.2321362471833782
-0.10510093678444192	-0.14127586541991394	0.29543167093660155	0.24075758342061304
-0.11460886449958221	-0.13220651279618847	0.2907237800725698	0.25371302755568476
-0.13213244578961947	-0.1191572348634221	0.28358096956471895	0.276013627025239
-0.15716717261797478	-0.10460857165386081	0.27520845517756437	0.30538379884764405
-0.18249546428547153	-0.09194419483568081	0.26769464798104614	0.3332392968087284
-0.20427387779149345	-0.08112153544641001	0.26127658068938536	0.356525860975729
-0.22263418652960207	-0.07046056249862959	0.2551197428346564	0.3764866977667937
-0.23530878759214524	-0.0599520595946152	0.2494299654873595	0.3913106094185869
-0.24144648199160323	-0.05046804278472289	0.24482131633665088	0.39977672991455976
-0.2432788827988515	-0.04302441228107207	0.241712833641863	0.40323891434080256
-0.24365210006397237	-0.036242534657474554	0.23938775412595528	0.40454910282176987
-0.24329309773975188	-0.029435633573534847	0.23759104799711475	0.4048570124260539
-0.24295631979183402	-0.023225948676390773	0.23644518904748826	0.4047683531667819
-0.2427881691362715	-0.017687395538246747	0.23580633173702997	0.40463510859224283
-0.24273885664652337	-0.012448039532541325	0.23548711887106905	0.4045729374551837
-0.24274209798895663	-0.0070664648699854254	0.2353552633681707	0.4045780245869565
-0.242755917761934	-0.0010352255993235568	0.23533354061929135	0.4046200940497797
-0.24276207067961858	0.00354725471777919	0.23535459092945868	0.4046545821822394
-0.2427640219130973	0.0070445531186274744	0.23537079170955905	0.4046760641998929
-0.24276506077612456	0.009975832490664464	0.23537839574948602	0.40469099643976336
-0.24276615412468094	0.01261790477785862	0.2353808092857497	0.4047034534827608
-0.24276768599149207	0.015416623988605438	0.23538074545130314	0.40471717776863275
-0.242768826345098	0.01710003387856799	0.2353801760518373	0.4047268338715885
-0.2427700422962015	0.01863342535656079	0.2353789212933363	0.4047354301317267
-0.24277109663914018	0.019817653264842656	0.2353780333014704	0.40474307059157194
-0.2427720074467238	0.020788404741836894	0.23537744176126357	0.40474971766240514
-0.24277284373154215	0.02169208977884999	0.23537702234492436	0.40475581173263875
-0.24277363957226983	0.022614629021833525	0.23537670477180375	0.4047615958523679
-0.24277445994624264	0.023685858734586444	0.2353764330356245	0.4047675654126229
-0.24277544202870738	0.025215181377987558	0.23537615356632835	0.40477480145605016
-0.24277636860927843	0.027007748066646763	0.23537592037885852	0.4047818512976645
-0.2427773694907124	0.029447381478439203	0.23537569334412442	0.4047899211812785
-0.24277827547546788	0.03225478477833775	0.23537550555597253	0.40479803471423553
-0.24277918901760479	0.03575216862668607	0.23537533364437477	0.4048074422345807
-0.242780193219284	0.04042263352896119	0.23537516748947812	0.40482006436464835
-0.24278135840847678	0.04689198345268733	0.23537500636995629	0.40483966383766173
-0.24278282122338135	0.056224964546906536	0.23537485950859144	0.40487708808547906
-0.24278386126935086	0.06322935119170714	0.23537480104290606	0.40491683497771586
-0.24278475949525286	0.07068502067952248	0.23537477920094985	0.4049769255520666
-0.24278549823818238	0.07639749391905072	0.235374783301381	0.4050403122574705
-0.24278624029706602	0.08095524937540668	0.23537478499152345	0.4051037875878023
-0.2427870899269428	0.08508270819544468	0.23537476255765857	0.4051697989588753
-0.24278819820475844	0.08930742001719962	0.23537467235627854	0.40523884510318836
-0.24278965255602816	0.09336143585620084	0.23537446612617055	0.4052902456283717
-0.24279079805020465	0.09553697900839095	0.2353742490777684	0.40529509064585895
-0.24279190553650604	0.09710224107056338	0.2353740133199652	0.4052700548819761
-0.24279312250476306	0.09826484293301482	0.23537374973190725	0.40521581769317844
-0.24279454426243094	0.09917941922731772	0.23537348085748985	0.4051355899088443
-0.2427964176458123	0.09995974341275847	0.235373231131829	0.40504086163233727
-0.2427987401873446	0.10056520986312134	0.23537304973341	0.40497324417964553
-0.24280089589853654	0.10098863204325258	0.2353729190545191	0.4049509631196125
-0.24280307558715386	0.10125404806949329	0.23537279327808455	0.40494906115441287
-0.24280540111863236	0.10149555981287259	0.23537253888662205	0.4049520423560736
-0.24280779604427732	0.10173875913289146	0.23537232529129132	0.40495573991551037
-0.24281064762617757	0.10199388356432652	0.23537225534244768	0.4049577733218955
-0.2428143054510483	0.10227580452178972	0.23537233047973186	0.40495829929069327
-0.2428191554722821	0.10259368943990009	0.23537259746150815	0.40495812433678363
-0.2428261265657868	0.10296089362316643	0.2353731535612941	0.4049578615522629
-0.24283474975041516	0.10332377531167579	0.23537429094010973	0.40495773095962967
-0.24284422847866685	0.10360570042135914	0.2353758665545729	0.40495768178478686
-0.24285425380824513	0.10380207647352056	0.23537798994827772	0.40495763540299007
-0.24286526230782957	0.10396183384594254	0.23538059599984423	0.40495763096477577
-0.2428763550950876	0.10408904307005562	0.23538373022594813	0.40495763135003526
-0.24299765786438737	0.10408973903973104	0.23540008451806962	0.40487496479392576
-0.2440865735251792	0.10409386412067657	0.23555663879272107	0.4041775657048572
-0.2552793361777992	0.10414965592385195	0.23749882638226774	0.3979407360619823
-0.2774246057035901	0.10428606105818261	0.2416987243261506	0.38771132691294624
-0.3085905524024273	0.10451049738973799	0.24824022327003067	0.3751222802265745
-0.35690401043767334	0.10493071974383045	0.2596699288842985	0.3581760033452068
-0.4104810993427974	0.10558348416337272	0.2744529494478023	0.34124286307975943
-0.43295541167358237	0.10589225578885074	0.2817624238738113	0.33422520799606564
-0.4676127815291662	0.1064540734537365	0.29461786690580516	0.32313282040143415
-0.509692276866523	0.1074818365204119	0.31581869856561595	0.3073223255715164
-0.540071596706854	0.10900659624495872	0.34089720179737953	0.29093681715310393
-0.555404792625492	0.11094900254598981	0.3658696231614768	0.27572635216645736
-0.5613494583256948	0.11387636389150917	0.39104412645669084	0.26013059457849746
-0.5616465259317117	0.11714046342022091	0.40871973511960585	0.24776961621962826
-0.5607054855088456	0.12147360667001343	0.42150269993734646	0.23652085074560705
-0.559564604807243	0.1276269786720504	0.4302417850341245	0.22536070892002
-0.559117420901342	0.13583709754759632	0.4344646453303866	0.21542215851729432
-0.5591044363580643	0.14351248826915866	0.4353396012714871	0.20909261025068857
-0.5591596248920875	0.15105497478595503	0.435206291824081	0.20462021045829776
-0.5591940210668492	0.15858071526595874	0.4348965168020824	0.20132764439514877
-0.5592040160667315	0.1662714663483411	0.4346493227987454	0.19884497971808116
-0.5592033804257582	0.1730180175273133	0.43455004171760836	0.19728428874738071
-0.5592025239626613	0.1772487607077293	0.4345468139683074	0.19660821617829896
-0.5592031431537211	0.17957873977747554	0.4345643976982027	0.19638522953189844
-0.5592041827889958	0.18042458933735925	0.43457563980918323	0.19637955765127266
-0.5592052913378055	0.1806639092538404	0.43458136450639684	0.19641818459557048
-0.5592064489271975	0.18066126580951317	0.4345849866554094	0.19644986085039978
-0.5592075611644887	0.18059499843675134	0.43458824818270936	0.19645456185732396
-0.5592086729352185	0.18054781809702808	0.4345918350581799	0.19642649125442183
-0.559209593750954	0.18053263559222843	0.4345950572537074	0.19637150119822488
-0.5592104632291969	0.1805332784245501	0.4345983042262097	0.1962958940109064
-0.5592110344109431	0.18054041141999352	0.43460143656905564	0.19622948051169353
-0.5592115653642353	0.18054742133751348	0.4346038325020794	0.19618693299147694
-0.5592120914147375	0.18055482384664606	0.4346064217600445	0.1961649131681853
-0.5592126030584293	0.18056324699634457	0.4346094059195086	0.19615827690335136
-0.5592131471884064	0.1805751621116881	0.43461355469623636	0.19616036217186728
-0.5592136573819708	0.18059407234260527	0.4346200768918717	0.19616406509475726
-0.5592130345635191	0.18062890490841957	0.43463228424295663	0.19616473981675006
-0.5592121139373079	0.18066921224325855	0.4346467275798778	0.19616399596445086
-0.5592108654032373	0.18070809914388464	0.43466126397635063	0.19616375948585443
-0.5592100448573553	0.18074635104520476	0.43467557308690186	0.19616374288355912
-0.5592097543571712	0.18078429240058078	0.43468936124678564	0.19616373435342216
-0.5592110430261004	0.18082277655304235	0.43470249522023163	0.1961637101868138
-0.5592115459078636	0.18083406084507353	0.43470611563524086	0.19616370124190363
-0.5591864752604262	0.18083603618687832	0.4346739965648087	0.1961660164623787
-0.5589798742656209	0.18085655016745375	0.43437690850880784	0.1961898000866864
-0.5572498603542763	0.18117443006125916	0.43110893191359484	0.19653318790345478
-0.553067013554215	0.18257278990343903	0.4214012196257886	0.19792042391043985
-0.5463645851310148	0.18657209257244312	0.40313636504006733	0.20154506515276815
-0.5375928521191589	0.196658264870316	0.37541195459529386	0.20964796992327092
-0.5300893667016848	0.2111413335451507	0.3507178269068679	0.21997372418517866
-0.5262418020371061	0.2214889107821151	0.33784235024613957	0.22677816805278397
-0.524308583098454	0.22764835448707915	0.3313519841217157	0.2306542551862533
-0.5223752897034064	0.23458567244361647	0.32486612815513394	0.23487792199499086
-0.5205211961349027	0.24240672928194612	0.31854606033751015	0.23945359650870846
-0.5186960607247958	0.2509020400392992	0.3123110331182354	0.24428945394555257
-0.5155448199020699	0.2703739155820144	0.3000972570214367	0.25490697776847016
-0.5114016083579923	0.3033714126567947	0.2835683638733917	0.2718974120792436
-0.507620209975748	0.3517765612150586	0.26424726675743654	0.2956537486749282
-0.5051137955454058	0.4108549323299977	0.24417351324810593	0.32423770641278854
-0.5041487378100562	0.45725787879650753	0.2291072544053504	0.347380412928963
-0.5038048299441151	0.49301560722946397	0.2166533681713205	0.3665069995907035
-0.5036965168297931	0.5222489118796501	0.2046609760104862	0.38379783176308957
-0.5036805795631666	0.5453350503483068	0.1922572508837734	0.39943976050238217
-0.5036902238690549	0.5599167741882726	0.18066546311721998	0.41121748101976574
-0.5036977099139841	0.5679812111177927	0.1700015628631251	0.4192879530553845
-0.5037002036445265	0.5718796961942245	0.16030251307992294	0.4243530837815643
-0.503700626519164	0.5737131190473826	0.15022022551707165	0.4276711629458844
-0.5037007348604486	0.5743310197555452	0.13973446922073135	0.4295523723546041
-0.5037009574982814	0.5743908276022844	0.13014743423779263	0.4303296557586568
-0.5037011762697128	0.5743057926399985	0.12047898668486788	0.43062700108363966
-0.5037012933246673	0.5742285586545567	0.11093371875800125	0.4306951936664712
-0.5037013382988802	0.5741850491709556	0.10097638051641457	0.43068675827184444
-0.5037013675056526	0.5741682464525505	0.08964604412046936	0.4306590320961205
-0.5037013926944512	0.574168511645091	0.0826422670053168	0.43064369077803866
-0.5037014192114446	0.5741706664498571	0.0775311062886637	0.43063620834298405
-0.5037014477300906	0.5741724006709751	0.07311740236709247	0.430632637681126
-0.5037014770957008	0.5741735070479367	0.06914876800052741	0.43063134227590216
-0.5037015056049788	0.5741742136795795	0.06564171358261425	0.4306312780754983
-0.5037015280387166	0.5741746867399748	0.0630527950739761	0.430631649902319
-0.5037015436465854	0.574175030725382	0.061329696810013476	0.43063199990059003
-0.5037015560174907	0.5741753397697954	0.059973023423428695	0.4306322855402405
-0.5037015688456933	0.5741757051171228	0.05857371510443867	0.4306325956029862
-0.5037006307272718	0.5741763847657111	0.05740397047376862	0.43063318103536286
-0.5036994915002885	0.5741764083813389	0.0563293439936314	0.4306331233967133
-0.5036987617105678	0.5741764798514889	0.0553589475840044	0.4306330370406002
-0.5036984441835056	0.5741766382688208	0.05439656212542141	0.43063297011202956
-0.5036983833510105	0.5741769397750341	0.05333269687001274	0.43063297413210877
-0.5036984261640299	0.5741774231031098	0.0521405306750723	0.43063311655798703
-0.5036984727744583	0.5741781909062215	0.050572489848331514	0.43063345675234715
-0.5036984879214996	0.574178853911243	0.049191148513836644	0.43063378677178427
-0.5036984926941557	0.5741793957187458	0.04776578142201006	0.43063404631555713
-0.5036984955334961	0.5741798873962081	0.04584708749802025	0.4306342680028385
-0.503698498279807	0.5741803808326911	0.04270032906961463	0.43063447593501736
-0.5036985020447339	0.5741810620622793	0.03419251257372334	0.43063473371713046
-0.5036985049121931	0.5741815988668504	0.02136996432685901	0.43063491988330965
-0.5036985069504542	0.5741819349599697	0.007167593892332277	0.43063503719068436
-0.503698508805153	0.5741822035898564	-0.009147044225653378	0.4306351516417452
-0.5036985106548256	0.5741824683497938	-0.026791009811899566	0.4306352516012894
-0.5036985127505034	0.5741827762600005	-0.045557316593241734	0.4306353514290913
-0.5036985156996211	0.5741832042693847	-0.06614685010942135	0.4306354658117518
-0.5036985187778014	0.5741836237824516	-0.07991720550189779	0.4306355792332852
-0.5036985222685917	0.5741840563572604	-0.08869814786387652	0.43063568088141513
-0.5036985298481582	0.5741844698742278	-0.09350474409502017	0.43063577865771757
-0.5036985329306105	0.5741848995967382	-0.09622049454727906	0.430635867402068
-0.5036985360638297	0.5741853803984774	-0.09796512949057246	0.43063596671698845
-0.5036985425556584	0.574185964297258	-0.09908400733859889	0.4306360691159474
-0.5036985535327418	0.5741866917364713	-0.09994137806828066	0.4306361934004843
-0.5036985718189009	0.5741876839050044	-0.10082618124697845	0.4306363447180755
-0.5036986056777517	0.5741891429077199	-0.10194393386912495	0.4306365358079292
-0.5036986826994915	0.5741915639402521	-0.10354436690666936	0.43063678489095725
-0.5036988909695336	0.5741956988115183	-0.10579754997455024	0.43063710132565086
-0.5036992228998278	0.5742001988156964	-0.10754079848212919	0.4306373085707834
-0.5036997042096543	0.5742050830250416	-0.10892099640898319	0.43063744985489066
-0.5037003980924519	0.574210405950721	-0.11008889793705254	0.4306375561891824
-0.503700550169369	0.5742144432495315	-0.11077160434324647	0.43063760982172095
-0.5037011138406303	0.5742186833571944	-0.11135670643328505	0.43063765762371004
-0.503701924302827	0.5742233202605985	-0.11190469265772031	0.4306377005413429
-0.5037032174129429	0.5742299855941826	-0.11252862384644301	0.4306377472725079
-0.5037049173005914	0.574238287052102	-0.1131371752644787	0.4306377912210913
-0.5037071345521076	0.5742473555323936	-0.1136387279793434	0.43063782673813766
-0.5037099111587298	0.5742570318635625	-0.1140456124841839	0.4306378562867733
-0.5037129404459402	0.5742672919023147	-0.11437200429154391	0.4306378821147515
-0.5037168547817701	0.5742781836238547	-0.11463777982997793	0.4306379078546695
-0.5037174380894901	0.5742796459552246	-0.11466412986444069	0.430637912046163
-0.5015504763948985	0.5740473485644155	-0.11480297416566305	0.43098449820624873
-0.4896856099816491	0.5725765609543989	-0.11599766324470133	0.4333834425642308
-0.45801551701096477	0.5676494072400455	-0.12262038746348254	0.44256098794422305
-0.4375847402022102	0.5641475778677232	-0.12887155626645924	0.449764536674639
-0.41602058517686874	0.5601298721050353	-0.13785428065686745	0.4586234151356567
-0.4015122414894847	0.5571695122379683	-0.146587161894241	0.4656334993304978
-0.3873975067051807	0.554072972811902	-0.15734391618897797	0.4732080632889611
-0.3729440272383821	0.5505596499266664	-0.17281046159099847	0.48216528288408717
-0.3605186144072854	0.5470902060525619	-0.19361745428199484	0.4915578441562653
-0.35537622486588016	0.5453282737886505	-0.20854143062500397	0.49668127825845293
-0.35370687163225856	0.544476903853544	-0.21884576016018675	0.4993874834493516
-0.3538476903400932	0.5442266851087071	-0.22429125344637593	0.5003758728664746
-0.35439994292635446	0.5442797356882573	-0.2255955310467081	0.500378553625405
-0.35474521914018403	0.54436717743882	-0.2254629310004517	0.5001644901754908
-0.354874036159915	0.5444265311605513	-0.22491537810483142	0.49999488489469907
-0.35487889447052684	0.5444491531183326	-0.2245280825813123	0.4999236599322433
-0.35485332625082866	0.5444501264429495	-0.22439745998723182	0.49992422969450556
-0.35484320217702353	0.5444461507453248	-0.22445806942289132	0.4999509970937092
-0.3548446354654172	0.544446184322669	-0.22452619989065276	0.49996466168594134
-0.35484607128039486	0.5444479262931197	-0.2245672066879948	0.49996934310048696
-0.35484723089648645	0.5444498815792372	-0.2246063383577555	0.4999715338684777
-0.35484902561798987	0.5444519788360344	-0.2246511348596744	0.4999724604330623
-0.35485155890981196	0.5444544522903081	-0.22470253289404932	0.4999727154181234
-0.3548556423876373	0.5444576530769984	-0.224765829656091	0.499972660541258
-0.3548618827245	0.5444620873372106	-0.22484320277991854	0.49997253541029796
-0.35487152799769417	0.5444691672496299	-0.22494310388694505	0.49997254204546127
-0.35488308081497094	0.5444781553440907	-0.22503436349838926	0.4999725947754842
-0.35488356509179403	0.5444785574133141	-0.2250377297892341	0.4999725992946659
-0.3549281875682847	0.5441547748199438	-0.22492834968454167	0.499628600186327
-0.3552590019962485	0.5417600221873973	-0.22402172338980125	0.4970480823452123
-0.357363341213288	0.5270107498669501	-0.21722510792887445	0.48047095682386265
-0.36144650222563535	0.4985626555272983	-0.2029753981218692	0.4485066492564223
-0.3657144045395351	0.4697398744332655	-0.18752486072233537	0.41625112458455316
-0.3672117666204896	0.45963083415058975	-0.18185920293776403	0.40494301783069725
-0.3692292327297164	0.4457717614122884	-0.17403719483255511	0.3894273532201555
-0.3723179356121654	0.42313166900541904	-0.16043331969240943	0.36380324555143684
-0.37471428155334535	0.39995147103773077	-0.14511018592945427	0.3368167988353172
-0.37581770983440504	0.3830827006360059	-0.1323634136522521	0.31613112347831385
-0.3761171309099672	0.37167025370309836	-0.12204615826572943	0.30095502798400575
-0.3760538117945417	0.3649545521635754	-0.11424712838837534	0.29080189797675343
-0.37592904268233873	0.36176361723495926	-0.10889655342822399	0.2849129992944706
-0.37585262137856673	0.36062366336510926	-0.10530141804891915	0.28181987582044504
-0.3758349509700679	0.36063319098576835	-0.10357203438210016	0.2808235348121551
-0.3758393268038162	0.3609216761040532	-0.1029228394315158	0.28079050185800464
-0.3758444366034035	0.3611347171488254	-0.10286836382679307	0.28102104183467325
-0.3758463010365588	0.36121917575608314	-0.10299435628554364	0.281195405988559
-0.3758466048141752	0.3612307043057148	-0.10311189043713544	0.281268859499283
-0.37584685104836024	0.3612205520512551	-0.10316554372890743	0.28127645271243895
-0.37584754669403536	0.3612138473929527	-0.10316794712189728	0.2812644911490243
-0.3758488025374776	0.36121397158082613	-0.10315684175824576	0.2812584690341094
-0.37585044060844086	0.36121556702617175	-0.10315584743850678	0.28125887202795585
-0.3758525111722242	0.36121685358653616	-0.10316174806980868	0.28125937793672756
-0.3758549669142639	0.36121838582320775	-0.1031714884463655	0.2812593885961053
-0.3758587335300675	0.36122077255855534	-0.10318714466795814	0.2812593339448098
-0.37586138427604887	0.361222579597349	-0.10319856647900627	0.28125931676592947
-0.37586327296158334	0.36122407596359773	-0.1032075579640433	0.2812593078489448
-0.3758651561129902	0.36122548971226714	-0.10321612635123892	0.2812592997623731
-0.3758666715641268	0.36122667776247586	-0.10322300509581014	0.2812592935031314
-0.37586835148905595	0.361228027635235	-0.10323025366003873	0.28125928676986844
-0.375871321687271	0.3612305600426214	-0.10324372806962531	0.28125927404170187
-0.37587133917308935	0.36123057541045817	-0.10324380926503388	0.2812592739640577
-0.3755733397310153	0.3610745999053937	-0.10311130609043748	0.28150131918371507
-0.37510639279385366	0.3608215653793876	-0.10289147392279753	0.28190143137701085
-0.37383421634743147	0.3600697194278673	-0.1021957245684719	0.2831470100997291
-0.3697232304208458	0.35719523988476554	-0.09919417005138956	0.288508565453171
-0.36170768835559786	0.3502052467205006	-0.09160922017210046	0.3036597602234515
-0.35670494826109406	0.3450509964232426	-0.08585844942827836	0.31624323422182166
-0.3530346304305562	0.3408395725448392	-0.08102158440793467	0.3273659898162129
-0.348998242496833	0.3357251335181906	-0.07511265892852974	0.34154129319858284
-0.34443301302513124	0.3283709413769219	-0.06622065591788483	0.3626407005567338
-0.340685577971881	0.31960929684866674	-0.054508904845289134	0.3871412485665202
-0.3390929048609084	0.31245415491148876	-0.04310380797247813	0.40464047160586686
-0.33885281075435286	0.30784725769471694	-0.033651719297970374	0.4131241039189524
-0.3390307431801248	0.304928550937689	-0.025193161449357022	0.4164016076212779
-0.3392403987921282	0.30315879888745756	-0.016718265009105476	0.41700888505353695
-0.33933911684357304	0.3024275372544419	-0.008865134532322752	0.41651868079463594
-0.339350007848523	0.3023356743469186	-0.0030297101230773033	0.41608036648805935
-0.339340847795461	0.3024121150727783	0.002164084065122057	0.4158579487569457
-0.33933384320653176	0.3025068794636336	0.007259953417857033	0.4158111291351658
-0.3393323340628724	0.30255970178501296	0.012186282500728576	0.415836877310371
-0.3393329150186691	0.30257073754861463	0.016396354572739778	0.4158621307539507
-0.33933345000920867	0.30256730191902287	0.019946061437311202	0.41587356508119505
-0.33933385653936615	0.3025639101232367	0.022928434669086416	0.41587883753697097
-0.3393343911795272	0.30256297415915706	0.02543667700089309	0.41588282785562536
-0.3393351703873684	0.3025630746005243	0.02756255379454877	0.4158863622653381
-0.3393362324787615	0.30256320552143307	0.029381657026182815	0.41588926474403354
-0.33933737879207304	0.30256318357342393	0.030760566488355567	0.4158912178199733
-0.3393385628585238	0.302563090263614	0.03191269175799803	0.4158926070420644
-0.33933979643932954	0.30256296652836917	0.03301134241902304	0.4158936477792449
-0.3393410824839095	0.3025628158350936	0.03423344481766584	0.4158945299320378
-0.33934279795496675	0.3025626053621059	0.03600189898600817	0.4158954480533084
-0.33934404579835786	0.30256247579654555	0.03776050654246957	0.41589571016724497
-0.3392216276928116	0.30256208186706723	0.03966219007884403	0.41589586414602514
-0.3391799056351814	0.3025618634370948	0.041538735776595254	0.41589633713435203
-0.339181523223372	0.3025616796726642	0.04339221966032075	0.41589679661339185
-0.33918634268414755	0.3025614907204292	0.045192138974744826	0.41589714226114166
-0.3391884695663231	0.3025613144040759	0.046635534496174205	0.4158972585871169
-0.3391900420995449	0.3025611514382644	0.04771355934731268	0.4158971349352869
-0.33919196014161745	0.3025609839763144	0.04855069385850052	0.4158968508176425
-0.3391950234463945	0.30256077643345447	0.04934447228381842	0.4158964440163751
-0.33919713639549154	0.30256069041346517	0.04956705393808861	0.4158963012683678
-0.33919903953694935	0.3025606022865756	0.0496604316730005	0.41589625928729884
-0.339201072268435	0.3025605793759224	0.049728356575918814	0.41589627309971827
-0.33920340830696066	0.3025606251563135	0.04976225525645296	0.4158962952982437
-0.3392062302963665	0.30256077289165617	0.0497927677464917	0.41589632386481534
-0.33921016895536765	0.30256114761603664	0.049834097332521705	0.4158963485589083
-0.3393468044411026	0.3025788766071905	0.049834206513067004	0.41589344982263415
-0.34054783610901324	0.302748711945307	0.04983442094065126	0.41586758471148016
-0.3528081164975502	0.30485906306901184	0.04983468422814994	0.4155984630520441
-0.37848373119908757	0.3099045473534437	0.04983464556651419	0.4150524370380929
-0.41577672281770883	0.3180716739123096	0.049834355663428094	0.4142872023656149
-0.4735276520926752	0.3326310468793977	0.04983370161755922	0.4131275541743869
-0.5608237072924457	0.3599358413636029	0.04983239110790145	0.4113486813941144
-0.6124279450185862	0.37944949514031856	0.04983145542939484	0.4102571357947853
-0.6644594087104777	0.4027144321844239	0.04983035353948796	0.40908931571000434
-0.6882047861231613	0.4155804026270582	0.049829742522014484	0.40849186330569404
-0.7147567438743364	0.431476902692221	0.04982899501683276	0.4077833589873122
-0.757641400642739	0.464814858929638	0.04982740057359418	0.4063816860075726
-0.7901354321163462	0.5061256077157389	0.049825276227270635	0.40471403182773125
-0.8040228688981225	0.5429500003385388	0.04982309709683841	0.4032068256828629
-0.8079650672162767	0.57633006903309	0.0498206430716547	0.4017082921082012
-0.8071656925407195	0.5996080857668746	0.04981837625819327	0.4004885977034073
-0.8055621780329832	0.6150823501786168	0.04981646971537326	0.39941152592608525
-0.8045762154444444	0.6236763975437503	0.04981598385088698	0.39848820734618096
-0.8043452007374319	0.626495519376948	0.04981870648172919	0.39790843666327325
-0.8043724917875587	0.6270155296980259	0.0498276504133893	0.39753703304627136
-0.8044305638078566	0.6267693415085603	0.04985056902031296	0.39732555035489675
-0.8044557493001585	0.6264231228762324	0.04990103520024734	0.3972287302216995
-0.8044595288171279	0.6262102887534696	0.05001805075666147	0.3971880772912442
-0.8044578386877914	0.6261344550142017	0.05027566311967669	0.3971698129143399
-0.8044569991270383	0.6261251601347567	0.05074616955466145	0.39715609133028057
-0.8044570454249227	0.626130437492989	0.05158787560099431	0.3971399633246751
-0.8044574504833183	0.6261363215774765	0.0538190742173668	0.3971171376650817
-0.8044577216556661	0.6261393918005812	0.05611146402813423	0.3971038645472054
-0.8044579539106739	0.6261392285086854	0.05962818832675108	0.3970614822469689
-0.8044581509275183	0.6261388294671681	0.06443339937076925	0.39700808186071124
-0.804458340015583	0.6261384555642807	0.07115847983438559	0.39695828546090844
-0.8044585607012533	0.626138153249432	0.08240247089081684	0.39691406023206127
-0.8044588370702164	0.626137958945957	0.1027690603840729	0.3968805666515347
-0.8044590857863333	0.626137901151124	0.12739377597043497	0.39686659545138026
-0.8044593002077777	0.626137910888561	0.15204907907944906	0.39686363964962496
-0.8044595152166344	0.6261379640775043	0.17704374043392906	0.3968672239386157
-0.80445973438082	0.626138051838475	0.19957154336023986	0.3968762844680318
-0.8044598974573104	0.6261381272966222	0.21290423607853284	0.39688518181206717
-0.8044600409048764	0.6261381836471743	0.2218783795715845	0.39689212062967033
-0.804460184567643	0.6261382206034053	0.228502514880136	0.39689522035497193
-0.8044603495128696	0.6261382465689026	0.23376088332769765	0.39689141340801626
-0.8044605227398718	0.6261382773021276	0.23726259449146556	0.3968794295884907
-0.8044606973760366	0.6261383296633856	0.2393348572374313	0.3968628251668774
-0.8044608478551881	0.6261383948837272	0.2403556660891905	0.396848362798374
-0.8044609946131663	0.6261384701130225	0.2409281661515819	0.3968367120015819
-0.80446114618924	0.6261385536962238	0.24127244352659138	0.3968281939087675
-0.8044613085320825	0.626138651762022	0.2414990292960111	0.39682260958624666
-0.8044614823206084	0.6261387842198792	0.24167392680734803	0.3968191856613305
-0.8044616304349703	0.6261389783449612	0.24182433982967988	0.39681743099493794
-0.8044616896592238	0.6261392411217722	0.24196634285703816	0.3968166014710836
-0.8044616045871802	0.6261396186217872	0.24212294550991123	0.39681611993627897
-0.8044612609300452	0.6261401907190601	0.24230599231691427	0.3968158720705408
-0.8044606356167131	0.6261408986932234	0.2424789828654019	0.3968158344409087
-0.8044596971343774	0.626141773254487	0.2426451424745594	0.39681586583292894
-0.8044583720309177	0.6261428917681315	0.24281008581516877	0.3968158947347738
-0.8044564566636896	0.626144425297093	0.24298547962085115	0.3968159019651326
-0.8044541437365647	0.6261461945641023	0.2431478528801196	0.39681589450916593
-0.8044519011027418	0.6261478390934523	0.24327464695020892	0.3968158862707117
-0.8044491043878226	0.6261498320459716	0.24340747398601706	0.3968158782114746
-0.8044455427363607	0.6261523212294992	0.24354976683719215	0.39681587073324387
-0.8044396219909025	0.6261564075121171	0.24374412331053621	0.39681586183997947
-0.8044285949856905	0.6261638559276337	0.2440217942729896	0.3968158512860138
-0.8044135460571817	0.626174048909793	0.24430953355756901	0.39681584281911414
-0.8043981835426219	0.6261844104460206	0.24453887831754345	0.3968158394485875
-0.8043830830748879	0.6261946848694928	0.24472620206983692	0.3968158391170376
-0.8043689535778372	0.6262045308747933	0.24488182966534708	0.3968158405643289
-0.8043562706269299	0.626213678023083	0.24501217049774093	0.3968158434500491
-0.8043538715850382	0.6262154753269176	0.24503638628821175	0.3968158443114848
-0.8038487880273875	0.626158525793343	0.24503373900032252	0.39682372234826835
-0.8001056668627957	0.625669884526505	0.24500477021508824	0.3968966034413549
-0.7750871260567672	0.6210243003050077	0.24460024305002784	0.3977296101052053
-0.7339179581825648	0.6109662502491624	0.24344003976099404	0.39986300625984306
-0.6800611293382648	0.5943466794841753	0.2410440825315504	0.404039621044349
-0.6032182695232606	0.5647578213821391	0.23557754340711176	0.4130808525884105
-0.5371022982592114	0.5347981151401638	0.2287958589741301	0.42407530721232717
-0.5049547144162967	0.5189510031627286	0.22477823942508413	0.4306062610018633
-0.4736328355858731	0.5028541268315085	0.22041061032149767	0.4377546220390573
-0.4601131002799542	0.4957392763476726	0.2183656782070269	0.44108144008627104
-0.444720149754427	0.4872934090473191	0.21587824374816197	0.4451391859360081
-0.4160194078826792	0.47090299773605243	0.21077287928991015	0.45333903695224775
-0.37523452188061024	0.4446730939149366	0.20155136044353633	0.467047379454942
-0.3497197597297076	0.42538682581208825	0.19362117872511708	0.47730151214572825
-0.33034990228744376	0.40802947340119655	0.18522613191192158	0.48622201102064616
-0.3161225011488639	0.3923185028198682	0.1760144459583576	0.493604260356287
-0.3063600172971033	0.37815626405001773	0.16546339838605242	0.49926486250352026
-0.30162814243664815	0.3672502872308874	0.1544446201820514	0.5025824904312493
-0.3001878964321077	0.3605216404811893	0.14451685482957288	0.5039041710495739
-0.3001887574921501	0.3563078201386251	0.13462499018963994	0.5043081475533249
-0.30061839312019367	0.35403132561786793	0.12458417888623051	0.5043026296323414
-0.30095153881361014	0.35313854061320427	0.11428704883582498	0.5042135108356867
-0.3010578418371991	0.3530775690055541	0.10508663236501686	0.5041742673958725
-0.30105752722609314	0.35323087449160684	0.09644827492986864	0.5041799033547846
-0.3010387966095922	0.35335723150859166	0.0886003332941578	0.5041988502901886
-0.30102944744490745	0.35341367930861	0.08147876942656743	0.5042142256978333
-0.30102707284290653	0.3534267718934985	0.07449861258095408	0.5042251359523562
-0.30102666370647835	0.3534251829223244	0.06606269023978825	0.5042357838246252
-0.30102652172676575	0.3534220614875942	0.06081581988531887	0.5042421131916912
-0.3010263382650379	0.3534207585340939	0.05734684932662604	0.5042465303161731
-0.30102619639293376	0.35342032935989587	0.05446828995940326	0.5042505113089324
-0.3010261627159656	0.353420217130454	0.051958376906419045	0.5042543068593142
-0.30102629742431536	0.35342010437459476	0.049550438723830005	0.5042583028982635
-0.30102671188537117	0.35341983368904273	0.04724747105218973	0.504262523117119
-0.3010273184174092	0.3534194594623543	0.04561030251333993	0.504265796054047
-0.3010278903743195	0.35341912319247304	0.04463112467228919	0.5042680224598219
-0.30102846755738694	0.3534187885804232	0.04389632939241877	0.5042696955031433
-0.3010292237929805	0.3534183599505858	0.04314940078229239	0.5042713991367312
-0.30103027356366857	0.3534177770487891	0.04234548568658505	0.5042733902828177
-0.30103109258436056	0.35341732797741937	0.0418303082680508	0.5042747738279094
-0.3010319676869891	0.35341685145686247	0.04133638050138574	0.504276124010852
-0.3010329962501872	0.3534162944554287	0.0407800603549751	0.5042775880825856
-0.3010343541254541	0.3534155627723928	0.039975369463573746	0.5042793757958932
-0.3010356886003866	0.35341484675579227	0.03893844516407798	0.5042810365103408
-0.30103695898238664	0.35341416727229996	0.037471818953903335	0.504282564983717
-0.30103833072470304	0.3534134354139334	0.034973948917044397	0.5042841994030107
-0.30103904253243735	0.3534129518298018	0.032197751928363126	0.5042856206226972
-0.30104013252646267	0.3534122975881873	0.02702208212963022	0.5042856126354338
-0.30104116912671774	0.35341173765746564	0.021536333484305066	0.5042865917053629
-0.3010421451306143	0.35341122423806715	0.016001397956031737	0.5042878301606059
-0.3010431664326349	0.35341068638053463	0.010263799849037768	0.5042892289969546
-0.3010443457820609	0.3534100632095866	0.004448894332653323	0.504290920240626
-0.30104640235035507	0.35340897680055405	-0.002527031222065268	0.5042940915065578
-0.3010479259760344	0.35340815483501414	-0.0053103835071470415	0.5042967394586279
-0.30104924592307625	0.3534074441899967	-0.006543029495243484	0.5042992647878344
-0.30105067362544086	0.35340668765379224	-0.007219461552581817	0.5043022047437046
-0.3010522751873407	0.35340584556060733	-0.00766374838491523	0.5043058192628672
-0.3010543018962498	0.3534047822061605	-0.00801105263087986	0.504310867727944
-0.3010569800713768	0.35340337976135755	-0.00836083830662792	0.5043181786804234
-0.3010609488479683	0.3534013081442887	-0.008808551374306042	0.5043291526087813
-0.3010675202096752	0.35339789835886914	-0.009437730098764037	0.5043429570900264
-0.3010746148111131	0.3533942545032368	-0.010008616719121607	0.5043492784264826
-0.30108082417665327	0.3533911051325478	-0.010409408894463582	0.5043506735286173
-0.3010878508540026	0.35338758735494796	-0.010793270183012266	0.5043502071707636
-0.3010957860121656	0.3533836448832392	-0.011162809278707456	0.5043496468243392
-0.30110224132829555	0.3533805126665898	-0.011421701257416275	0.5043493984785118
-0.30110870353589925	0.35337744214859196	-0.011645775921426946	0.5043493506632427
-0.3011177601330236	0.35337324448903173	-0.011926307403455176	0.5043493894746627
-0.3011286049990428	0.35336837269437604	-0.01221047701806801	0.5043494466167803
-0.3011310546681323	0.3533673106908141	-0.012267673283367635	0.5043494556554913
-0.3010536017633779	0.35334007980063475	-0.012268307170993926	0.5043587871288641
-0.30035528741883266	0.353087213655324	-0.012269440064807693	0.5044389993045143
-0.2937191243421889	0.350292278879897	-0.012268611717971431	0.5052103371300841
-0.27782081427876015	0.3423639102967822	-0.012256288733285929	0.5072378181420587
-0.2551806433542374	0.3297212469543146	-0.012224743397585273	0.5103730901695901
-0.220417712037529	0.3074412896141683	-0.012137161653105764	0.5158857162277632
-0.2060059967945599	0.29730051358422943	-0.012085111792765516	0.5184301002872237
-0.19879350986823208	0.2920317005599691	-0.012054752027349416	0.5197637329722957
-0.19164374032748308	0.2866746149803417	-0.012021107179844982	0.521131976334352
-0.18455546125954514	0.28119388235957016	-0.011982187313758046	0.5225203197346204
-0.1789071187325454	0.2767519666236556	-0.0119487299091341	0.5236569954665564
-0.16796395908341377	0.26790662116493674	-0.011874650622141408	0.5258973998887692
-0.14779157492195955	0.2507016597206351	-0.011694923452762324	0.5300077298696838
-0.12413622541201247	0.2289173244197777	-0.011378722211411708	0.5344330025578193
-0.1046469358707598	0.20953344773732005	-0.01098910180054926	0.5373960086422717
-0.0870232147832841	0.19078832447567345	-0.010473605649114433	0.5392719693900612
-0.07108547760450869	0.172768409489561	-0.009799064172069341	0.5402206147276554
-0.056809075800556906	0.15569253608972314	-0.008975684937428771	0.5405143350610668
-0.04406204448539574	0.13958896083209987	-0.007928858148891771	0.5404719656671555
-0.03289980730991675	0.12460203128639417	-0.006715796494582121	0.5403300644855391
-0.024619640312739756	0.11263631702845733	-0.005545193989019023	0.5402192987765833
-0.018557527193663353	0.10311815455238431	-0.004543030917475294	0.540150550549342
-0.013911142975182006	0.09518711395798399	-0.0036513624772504874	0.5401039564944065
-0.010044908430127016	0.0880919486390231	-0.0028541846172255025	0.5400654934291376
-0.006358559141516423	0.08098067731801045	-0.002024414075323465	0.5400269076018742
-0.0031406853187849956	0.07468127732581697	-0.0012785805128562172	0.5399926265818525
-0.00012867623853836385	0.06893764849888352	-0.0005468589461936763	0.54000659337821
0.002207016564028698	0.06472731146773208	1.2220204050020222e-5	0.5399764002237262
0.004289642371105948	0.061235074957017334	0.00051272814927978	0.5399530561888082
0.0062781318597955535	0.0581786738058768	0.0009802163990575569	0.5399694459903245
0.008106736803868426	0.05562593517064678	0.001370062987777726	0.540076387590751
0.009554985775963826	0.05377811592719251	0.0016717726898423033	0.540299558051336
0.01067777485424317	0.05244518028682073	0.0018943406431450524	0.5405682171999785
0.011718634750799567	0.0512852932860772	0.002090668674304824	0.5408299713306728
0.01305184676179089	0.049899854526275045	0.0023272480528738204	0.541080402128205
0.014355293930127987	0.04864571382698367	0.002542288199458634	0.5412147969380132
0.015364280422038142	0.04771691818176664	0.002698032302199345	0.5412603378720043
0.016370026046391848	0.04687151364652435	0.0028446512890519457	0.5412777581258122
0.017445303494628896	0.04596479434344407	0.002960120670699555	0.5412888174192673
0.01846575561973631	0.045161396744614266	0.003091368508259175	0.5413063101237758
0.01930620333438335	0.044476820710092804	0.0031952820742917956	0.5413323585578355
0.020067711490867418	0.0438697832205156	0.0032861423943778903	0.5413685425147298
0.02084962061407096	0.04319588374794546	0.003375945229301368	0.541419785343337
0.021718988999458847	0.042406970961792606	0.0034704259126192294	0.5414915310315345
0.022548081651241465	0.04152961883177576	0.0035526319984019797	0.5415678810293004
0.023427730087123472	0.040451547337245077	0.003627035447789355	0.5416454472484324
0.024327781193627298	0.0391044258901671	0.003687465050305559	0.5417116498923162
0.02526767090458817	0.03745106831601118	0.0037353684617126293	0.5417642558703564
0.026359826204906952	0.03520117326827872	0.00377673243811346	0.5418085091715088
0.027814200508141047	0.03177241419225588	0.0038163545168645938	0.5418490473678068
0.03043070514635505	0.024787172816932924	0.003862960060619078	0.5418937766736092
0.033871979993689114	0.015053803480257037	0.0039004181295491033	0.541927046064613
0.03820336305942775	0.0031489231179347224	0.003930103753064129	0.5419515773651487
0.04391314023656095	-0.010838633213517135	0.003955666550103362	0.5419733147472163
0.05161072868890072	-0.026254471418040853	0.003978738627224275	0.5419887352644539
0.06285447273297604	-0.04274990150945282	0.004001433050257006	0.5420028292827744
0.0827067217135803	-0.06077679934380907	0.004027785122747658	0.5420164838756043
0.10673204182198866	-0.07255963801320127	0.0040496905722682	0.5420217692437552
0.12997975454996644	-0.07874583183227213	0.004066371835593302	0.5420153949950478
0.15172032136232386	-0.08212522211450937	0.004080325341642911	0.541991678034991
0.1715987221397592	-0.08405135421286647	0.004092989664025111	0.5419370918370059
0.1859198701891138	-0.08511096162841651	0.004102898765278029	0.541854908424542
0.19523569141739408	-0.08567015124828714	0.004110301416112246	0.541761452237138
0.20183960009064625	-0.08606144327777286	0.004116452134410829	0.5416613693261716
0.2068474134959473	-0.08641309366674141	0.004121969644403901	0.5415585244708864
0.21098715619987965	-0.0867852331468353	0.004127423854727814	0.5414543671580455
0.2143756524390645	-0.08719413045449342	0.004132836216662869	0.5413608060543831
0.21651972168301223	-0.08757998104744671	0.004136952611979737	0.5413042370012707
0.21775469332065508	-0.08790499877325646	0.004139676455714711	0.5412778076870921
0.21863865724778325	-0.08820909609258887	0.004141726551069369	0.541265272978596
0.2193341192576019	-0.08853845064469557	0.004143251814267855	0.5412604251021559
0.21990978403078892	-0.08889059656046999	0.004144186669754947	0.5412591426121793
0.22040576643912013	-0.08925949366023864	0.004144437351847274	0.5412587833210625
0.2208354493408467	-0.08965133221187505	0.004143884267758885	0.5412580134202054
0.22124153820621265	-0.09007448999518003	0.004142368488235175	0.54125658290958
0.22161611800132916	-0.09054286459833959	0.0041396759846721795	0.5412546985540974
0.22198594291463453	-0.0910736110516073	0.004135508710051049	0.5412528239643208
0.22234060858523405	-0.0915685399703362	0.004130234140063312	0.5412514299753537
0.22269453414604867	-0.09205874705533881	0.00412391593770399	0.5412505683686929
0.22305880066663406	-0.09257774890237941	0.004116360835736216	0.5412501540106811
0.2234445084802447	-0.09312553911736082	0.0041070454889462	0.5412499922103209
0.2238567029998331	-0.09372929757666283	0.004095567818269405	0.5412500002390938
0.2243195292003653	-0.09442191726351626	0.004080683080293322	0.5412500915979864
0.2248584555173195	-0.09524843185405898	0.004060456187980795	0.5412502113954756
0.2255073587552555	-0.09627935184252666	0.004030859605872378	0.541250344256947
0.2260327154535253	-0.09714905849291432	0.004001507636427787	0.5412504262122776
0.22645234775806589	-0.0978769592040415	0.003972748516361382	0.5412504831466411
0.22679045648863172	-0.09849520901197817	0.003943924628520945	0.5412505292189103
0.22706970848946822	-0.09902116752516193	0.003914602748738366	0.5412505630740053
0.22729227919724115	-0.09947535317058125	0.003883954944303304	0.541250596454803
0.22744164980798912	-0.09979282740745374	0.003857842020727746	0.5412506144115631
0.22753509764908472	-0.10000075636896871	0.0038379427554305345	0.5412506284103504
0.22761870126903866	-0.1001857923522	0.0038172398319356315	0.541250642912018
0.22761986504470552	-0.10018844604082677	0.003816918956238202	0.5412506429664086
0.2275386034796089	-0.09994300063515864	0.0038138687890238512	0.5416701834911102
0.22736198666919238	-0.09943640090210992	0.0038004450781805726	0.5425058749786489
0.2269204236135763	-0.09811769951622365	0.0037828637198067117	0.544168275811251
0.22505530228430953	-0.09311971672127621	0.003679519946704783	0.5490902811333767
0.22339470309347803	-0.08905073496418114	0.003566050455953221	0.5525791954443295
0.22126561676606762	-0.08420535163338705	0.0033797413452009983	0.5557823226256955
0.21898089612145283	-0.07930921550101527	0.0031508198935961337	0.5585759278687926
0.21542101215664333	-0.0721854306851758	0.0026888908635718176	0.5615513737169169
0.20822611917082498	-0.05915733454579624	0.00128802722875071	0.564408167435859
0.2022577263665062	-0.04930271699888655	-0.0005506774713155693	0.5649935673053647
0.19693459614766629	-0.04094309584646765	-0.0029960164061788863	0.5649048704955524
0.19202011496649254	-0.033301690078954116	-0.006332015307957808	0.5647118221652645
0.1877609482349382	-0.02650806338847206	-0.010514904592293858	0.5646113834399503
0.18424546596617708	-0.020459805181543132	-0.015316238823052955	0.5645953788472938
0.1817238931258191	-0.015523606733416406	-0.01976380668136323	0.5646135331295128
0.17983662220535396	-0.011020839625611574	-0.02364577516825308	0.5646307383074561
0.17868788487707638	-0.007302760921520102	-0.02607471308701103	0.5646385855824276
0.1781652676447519	-0.004650494420075493	-0.027119574209471725	0.5646408735137568
0.17797117476740437	-0.0028157061885817417	-0.027364131054424805	0.5646414984665494
0.17791364665355658	-0.0014081692810238855	-0.02734914020708916	0.5646417772984226
0.1779125375650594	-0.00025652053938216707	-0.02727107771152719	0.5646418808569156
0.17793519583643258	0.0006375766587182266	-0.0272150371211395	0.5646418663725156
0.17795945885712922	0.0011271609854003398	-0.027203807981597702	0.5646418258438273
0.17797882739262003	0.0013549393189774966	-0.027215069525832587	0.5646418050114522
0.17799598941369235	0.0014141027485063615	-0.027231483931580217	0.5646418024183348
0.17801354316724488	0.0013831653346354916	-0.02724722633165754	0.5646418054864218
0.17803440987221347	0.0013138635029135148	-0.027263584524303962	0.5646418137341226
0.17806180460566556	0.0012353097392176493	-0.0272843160199516	0.5646418237403946
0.17809542755789215	0.0011578632399586453	-0.027309503670830064	0.5646418350478023
0.1781178263921632	0.0011116269751994881	-0.027326302419610267	0.5646418428679354
0.17812801938863954	0.0010910766840173114	-0.027333926913755496	0.564641846643974
0.17814406152451484	0.0010585986635972267	-0.027345935866937593	0.5646418528038896
0.1781588901491685	0.001028778444160848	-0.027356742685484242	0.5646418587302275
0.1781770248659066	0.0009930499520750743	-0.02736977548689213	0.5646418663191333
0.17819817186323023	0.0009527156152526473	-0.027384739117599234	0.5646418757384859
0.17820248291630922	0.000944751485409949	-0.027387737043557937	0.564641878070145
0.17813121263026627	0.0009448633820450872	-0.027411566108105315	0.5644836930669325
0.17754310078523708	0.0009511621087990307	-0.02764506091367256	0.5635790724455512
0.1761330577094101	0.0009735494117776022	-0.028343197334887084	0.5620651311659827
0.17354883418148098	0.0010266672815025801	-0.029801999959246935	0.5600143105712766
0.1712976995431887	0.0010846415646781696	-0.03133984851616942	0.5587806094134184
0.16832198558216413	0.0011710255793542027	-0.033599735768290714	0.5575011993252298
0.16346349275718444	0.0013449637583503593	-0.03797406236046426	0.5561942135639281
0.15434977290057028	0.0018008746975428994	-0.04813755062140236	0.5551447787986955
0.14651589111782112	0.0023087743053472054	-0.05829977662854849	0.5549561258470627
0.13960455015807477	0.002926835303716256	-0.06742707510864418	0.5550043210536714
0.1329939556566252	0.003666726275865586	-0.07515191421552816	0.5550821223377665
0.12577195884190828	0.004720198195075707	-0.0813921035699091	0.5551373706031484
0.11761002984444698	0.006331939064001188	-0.08527150046455868	0.5551577691818661
0.1121231400259329	0.00779011129169915	-0.08613641824082605	0.555159222106824
0.10747263936971878	0.009383454731769592	-0.08621258302610722	0.5551591128837726
0.10353063126562236	0.011099681908964116	-0.08598640449427103	0.5551597501710249
0.10049712188942492	0.012718070511055297	-0.08581963350168366	0.5551606633897407
0.09789320905783218	0.014315480562826926	-0.085729435187493	0.5551615471126359
0.09548664781703138	0.016030620160116343	-0.08568984928485249	0.555162587803368
0.09366739602736562	0.017397490738258796	-0.08568305938902672	0.5551629945554558
0.09184369957846786	0.01881814183788782	-0.08568586429858258	0.555163813468735
0.09063079775316653	0.019860424039724364	-0.08569016062696685	0.5551652330828103
0.08969720500315136	0.020719607869262923	-0.08569351481730571	0.5551670355950167
0.08892847365015635	0.021525640792800144	-0.08569602155187694	0.555168989128752
0.08827829522471974	0.022342055221118044	-0.08569794864090659	0.5551710252507965
0.0877442587033811	0.023273219335014257	-0.0856996095774781	0.5551732007116851
0.08714594469179038	0.024518224284737142	-0.08570127272537637	0.5551757758864336
0.08629988874835734	0.027093756433195573	-0.08570364692577004	0.5551799991379691
0.08570594626805765	0.029919276881374454	-0.08570539486440493	0.5551834566233773
0.08531232308781146	0.03292046613241284	-0.08570675675383616	0.5551863289985256
0.08490994519410985	0.03673571222431261	-0.08570809489313845	0.555189331839687
0.0845127288459626	0.04177241842408418	-0.08570948546807974	0.5551927176798985
0.08407499611360303	0.049191341444309304	-0.08571111506057123	0.5551972738189992
0.08359318068247862	0.05999627596385142	-0.08571305485842282	0.5552043724325355
0.08312342874250175	0.07321325784108469	-0.08571516914986721	0.5552157275131407
0.08287653024908953	0.08221851201308512	-0.08571656561962845	0.5552267300889124
0.08267446407290555	0.08834366979746232	-0.08571756868472657	0.5552356260486909
0.08250092519498417	0.09327906622200094	-0.08571847443437737	0.5552417977394076
0.08233116813825607	0.09768487712239123	-0.08571942376811864	0.555244103347339
0.08211504625214812	0.10255665837839599	-0.08572075005742039	0.5552404272259084
0.08190352634778751	0.10642223134630331	-0.08572220114551628	0.5552315000655574
0.08175340231591659	0.10854173426520648	-0.08572334399418341	0.5552239667820862
0.08161601172245542	0.11013990392356554	-0.08572449007849325	0.5552181840089624
0.08147932111502725	0.11134901605330991	-0.08572574651910639	0.5552144762246551
0.08133581180206369	0.11232253653496116	-0.08572722481129938	0.5552128876097853
0.0811751491941076	0.11315184273983664	-0.08572914148418966	0.5552128157420807
0.0810175487707343	0.11377647058844885	-0.08573141457114312	0.5552140155801737
0.08090159855171557	0.11415647084471754	-0.08573347863181988	0.5552158933139764
0.08080802421875467	0.11444536603028271	-0.08573547547607438	0.5552183365296982
0.08072856980839122	0.11476031974893777	-0.08573756720471018	0.5552214767759641
0.08069737171241334	0.11498486876820999	-0.08573996173547005	0.5552260255648541
0.08063169818210729	0.11522276456459676	-0.08574271202950207	0.5552328581857268
0.08057538685046176	0.11549607259681506	-0.08574609990091069	0.5552439593581372
0.08053082698962977	0.11581535957839094	-0.08575048661545964	0.5552610992593665
0.0805004206583069	0.11619316942018368	-0.08575640807092955	0.5552801787718102
0.08049060780903791	0.11649655386273818	-0.08576224327537166	0.5552879590365275
0.08049024647776577	0.11669933459592173	-0.08576696087215367	0.555287394493556
0.08049254307013523	0.11687317153923917	-0.08577159776018423	0.5552867219191241
0.0804970932149413	0.11708738794315575	-0.0857783468352381	0.5552859068780414
0.08050325488001062	0.11730368010688927	-0.08578670617954881	0.5552856343385256
0.08051088964561731	0.11750201109602756	-0.08579638147808721	0.555285655198097
0.08051927294926768	0.11765568137308681	-0.08580594387972135	0.5552857078123835
0.08052207687471696	0.11769445554498267	-0.08580887449569148	0.5552857205840559
0.08052193108292312	0.1177005441101186	-0.08579421750142482	0.5560029474624906
0.08051987338808156	0.11775564034290328	-0.08565794226938686	0.5608817869915406
0.08048612486523146	0.11853657888573123	-0.08424678078202642	0.5907540286303299
0.0803962733279153	0.12066651544941383	-0.08142080651080824	0.6342222647882143
0.08035222282579585	0.12169078064411287	-0.08027529060723042	0.6494425692961873
0.08027633613245364	0.12348020695158657	-0.07837001194819594	0.6696790228519102
0.08010356338671501	0.1277568269589169	-0.0749035226573633	0.6938956502355574
0.07981518825854753	0.13472503800887825	-0.07056060606891346	0.7079728115899544
0.07944341923483215	0.1433355373745026	-0.0664824766994433	0.7118702259534758
0.07891787805013652	0.15449319813622936	-0.06234334001369434	0.7117714731939587
0.07815169598656774	0.16908454461162079	-0.05798722928777883	0.7106160691144309
0.07726728310884749	0.1814115164464917	-0.054831287824387856	0.7099791909577283
0.07630834061400198	0.1907492234092048	-0.0525523630964354	0.7097919798858777
0.07520829159731761	0.1980023020626365	-0.05078392837728241	0.7097804279655274
0.07387540123829842	0.20269712882726892	-0.04949056911571641	0.7097979948230911
0.07231132774302394	0.20532300876165951	-0.048614514885303176	0.7097981016344286
0.07080761919159856	0.20620494479227916	-0.04820941895341684	0.7097899991481837
0.06927365863558947	0.20641187245397297	-0.04805483696515388	0.7097844149528938
0.06752969956365454	0.20637629796876358	-0.047976599430387123	0.7097828091554831
0.06582733495067146	0.20629022187424684	-0.04796643162715639	0.7097836449097484
0.06408489928831167	0.20623508211112815	-0.04797688190088341	0.7097849274589187
0.06218412232886297	0.2062162806140326	-0.04798789320473996	0.7097860336295537
0.060000977079475666	0.20622168357706308	-0.04799285739528662	0.7097869159931086
0.05730156632162171	0.2062391126327096	-0.04799220710978477	0.7097877759173699
0.0544627066128887	0.206260312946563	-0.04798979097934862	0.7097885481634372
0.05218945682637182	0.20628064540262767	-0.0479888797461682	0.7097890458385926
0.050368981955504884	0.20630165252724567	-0.04798934083498452	0.7097894128442025
0.04889292965046926	0.20632409521991887	-0.04799049891703351	0.7097896125257023
0.04769029274032792	0.2063472506265994	-0.0479921518769383	0.7097897838370831
0.046701068005628274	0.20637182785708566	-0.04799416584657919	0.709789912946805
0.04588379849971677	0.2063975155775075	-0.047996564746359945	0.7097900055355837
0.045208230636192746	0.20642411939076805	-0.04799924589623693	0.709790078364032
0.044642786203195915	0.2064514056663125	-0.048002350747867496	0.7097901315312365
0.044194213078554395	0.20647900830545102	-0.048005717171567146	0.7097901776366492
0.043963291914668454	0.20649502796505678	-0.04800789357824429	0.7097901982136504
0.04396196741757619	0.2064953648350159	-0.04800641881898179	0.70931147106304
0.04395935394959075	0.20649782712921802	-0.04799039234928982	0.7059017242252364
0.04395447853864731	0.20652575943877421	-0.04775367031711916	0.6841583821351338
0.04395068455661982	0.20659664343619988	-0.04709389233365084	0.6498898533138606
0.04394833214017309	0.206689029686617	-0.046215828966315126	0.6181566410641968
0.04394734518036175	0.20674954989306923	-0.04567585288622156	0.6011981301409978
0.043946496853908716	0.20682066948899697	-0.04500584587606778	0.5839367947773175
0.04394599999542197	0.20688204772239632	-0.044416832247899045	0.5714104942291726
0.04394561623765454	0.20693612962638477	-0.04389716952410916	0.56124441778836
0.04394498231781521	0.207050559785949	-0.042797487268519986	0.5430380942435549
0.043944073710403965	0.2072748712905259	-0.04069561798513166	0.5166728766032059
0.043942357198784934	0.20764788239645232	-0.03696394547571748	0.49014176500076495
0.043938574099201905	0.2080119466040716	-0.0331054116652312	0.47660983181036676
0.043929551994851886	0.20835088726433215	-0.029186328276528208	0.47059574267985765
0.04390570151938412	0.20867374819235934	-0.02497654924646276	0.46855257931207356
0.04383949763438606	0.20896885643543137	-0.020423225635927467	0.46854624441784914
0.04373461490709465	0.20914471305535057	-0.017024560872679062	0.4690925659323533
0.04359601855237793	0.2092536358709184	-0.014374058544722706	0.46946509024671135
0.043443475796105135	0.2093287063950935	-0.012058372251667712	0.46966123118384834
0.04321359357963489	0.2093859940496605	-0.009763609136316534	0.4697446291592727
0.043019046524723215	0.20941683229878505	-0.008156785284129484	0.4697569612924438
0.04276463510665511	0.20944478234444092	-0.006398360367638502	0.4697500927523821
0.04253607678019752	0.20945407302932179	-0.005011619261366292	0.4697395961053335
0.042350495296611244	0.2094536246354697	-0.0038811079814255536	0.46973113614669476
0.042178427133978354	0.20944974835734442	-0.00299796962356412	0.4697251446646792
0.04202797449475872	0.20944552220548618	-0.002272866700558887	0.46972094906052025
0.04187735546589695	0.20944145949805584	-0.0016134451295694158	0.4697174525000826
0.04169691420963134	0.20943689876317734	-0.00078331515887331	0.46971346926126567
0.04149423281320089	0.20943322297303577	1.3796203279785313e-5	0.46970979100656624
0.041336500842677364	0.20943111929756705	0.0006063103647124188	0.46970718811172646
0.041189828354126476	0.20942956608328483	0.0011642820244973304	0.46970472999498875
0.04102171353382643	0.2094283892914587	0.0017515793555146209	0.4697021972392823
0.04081396962787292	0.20942751450867036	0.0024074970353130734	0.469699328925075
0.040533491255750446	0.2094269823636139	0.0032376071074715143	0.46969574642697937
0.04004399387418036	0.2094269804383287	0.004191538467910656	0.46969146634832437
0.039453866089243166	0.20942728170356342	0.004835606958659422	0.4696885497665448
0.03861770131066396	0.20942760541456235	0.005273338064823711	0.4696864624076248
0.03724599742173194	0.20942792518108938	0.005633138091276635	0.46968472489477414
0.03474593631617323	0.20942825689248454	0.005958973369186653	0.46968311266322127
0.028226050345785892	0.20942870057510876	0.006325208450901558	0.4696811599037123
0.020452746470857455	0.20942900058642067	0.006548031793589128	0.46967995038722593
0.008647780467799918	0.20942930313274513	0.006755249691509951	0.46967878666633783
-0.00611620538204756	0.20942958093702688	0.006932185020515812	0.4696777621027521
-0.022868748622199973	0.20942984188353336	0.007087968175313944	0.46967683294574253
-0.04153347178026019	0.20943011220509242	0.0072396659737449034	0.4696759000399473
-0.06155668528595915	0.2094304187413495	0.007400529414588956	0.4696748785138203
-0.08451083416770493	0.20943087196572946	0.007602781854050382	0.4696734173046202
-0.09745795660265413	0.20943129943523872	0.007785688090365513	0.469672087269297
-0.10288447435630932	0.20943164016202842	0.007919834785973918	0.4696710575376339
-0.10554875602231847	0.2094319821888487	0.00804460043335311	0.4696700529700003
-0.1070345237625668	0.2094323496771794	0.00816863235855874	0.46966899485170804
-0.10773307841510493	0.20943278927066633	0.008304336588243262	0.4696677562634742
-0.10808579812834801	0.20943333600689013	0.008444799810878173	0.4696662574910171
-0.10830664073666811	0.2094340824560306	0.008620498491933574	0.4696642681948716
-0.10852102009329147	0.20943517617746973	0.008830495784079191	0.4696614516906077
-0.10886783607485387	0.20943695861821593	0.009080817356877213	0.4696570150209465
-0.10949934671303752	0.2094403260440225	0.009365958308328232	0.46964830838963273
-0.11019102313952481	0.20944482389541988	0.009507937291420451	0.46963499917527285
-0.11081938556879214	0.20945001745500252	0.009552698118501783	0.4696133708255125
-0.1114300310216622	0.20945664674604716	0.009551991445669934	0.4695728972928582
-0.11187643632422778	0.20946278119150497	0.009544004738335304	0.4695322967917289
-0.11236387886041808	0.209471399797448	0.009541096254798355	0.4695003963557911
-0.11261906517903371	0.2094771473250715	0.009542310789416496	0.469497548733055
-0.1128088841477284	0.20948197480340458	0.009543757206402055	0.4694976485097291
-0.11299954935748184	0.2094878679873177	0.009545167776739978	0.46949936905176426
-0.11319786587402161	0.20949473021695758	0.009546315315777043	0.4695005160825362
-0.11345947914960842	0.20950609663961015	0.009547258431182981	0.4695009711785888
-0.11367102819849048	0.20951749415554166	0.009547201442642803	0.46950091390816173
-0.11363368996980668	0.20948992257827886	0.00954722741990005	0.4693124666791119
-0.11331246723744229	0.20923255559686527	0.009547760408996984	0.46788834144071734
-0.1099510826137008	0.20646645702095845	0.009562043685654747	0.4576104604751119
-0.103531170451556	0.20097478331475288	0.009605230500351197	0.44150556739244395
-0.094991046610395	0.1932818711341974	0.00968898761167606	0.42229161223267947
-0.09157856885069976	0.19013587688202424	0.00972965241756428	0.41524029790246125
-0.08562010866588461	0.18439351169712404	0.00981406592989495	0.40329766138089085
-0.07914457367802442	0.17798769965495084	0.009929015202497525	0.3915865878338758
-0.06672126901231287	0.16503740771483896	0.010242771798894643	0.372880460153292
-0.054591000937351225	0.1515151463946291	0.01068870386165445	0.35928648217213904
-0.04398177200706007	0.1388966166473881	0.01129052989172254	0.3512948034946673
-0.03407866552748055	0.12628989604317556	0.012083330464979065	0.34693077133747097
-0.025052093370545973	0.11376759990895276	0.013113391669834176	0.34515872040229356
-0.01875354413308184	0.10410128366111909	0.014075158767556127	0.3449262874450683
-0.014123171333677284	0.0962712374302284	0.014954108103711672	0.34503631290323733
-0.01034423551719165	0.08932025625798981	0.015807572330489718	0.3451720572050107
-0.006877676957927015	0.08252802804182052	0.01672267823963532	0.3452627382350664
-0.0026186292558584567	0.07394751379112477	0.018067609435940785	0.34530351710683427
0.0002931758832295864	0.0681673801219791	0.019172164616942596	0.3452915597551727
0.002371730991219935	0.0641924685724517	0.020079822861163447	0.3452699559648332
0.004202400775854168	0.06085946625566162	0.020978185695159697	0.3452474600187507
0.0058785676434746845	0.057968817966238456	0.021891845784014728	0.34522683205845267
0.007333007924273237	0.055589881912417954	0.0227581949317376	0.3452098491014147
0.008421155179761816	0.05388497276395939	0.023450606104021016	0.34519785617140025
0.009259905751411081	0.052611304765538935	0.024009599783581758	0.345189005938851
0.01005222864746392	0.05143902513933758	0.02455842874702907	0.34518090058770834
0.011200846641429944	0.049793190213518516	0.02540013048916592	0.3451709186412945
0.012005282000938165	0.04867776691589938	0.02604916803031991	0.34516250052578057
0.012657628962572946	0.04778080454820738	0.02663481274673981	0.34515594502789737
0.013318641013352141	0.04692646860541515	0.027337360581689885	0.34514955677882286
0.013939684867973298	0.046107534154070026	0.028151612909813058	0.34514377161212095
0.014520150965713918	0.04539020158945831	0.029116790417445786	0.3451386101649596
0.015084506684635696	0.044647657082989636	0.030395498553229424	0.3451336320483438
0.015743149827453163	0.04379740271222467	0.03248251136405668	0.34512814730961683
0.016586320275957106	0.04257314461286374	0.0367991311587484	0.34512169640072865
0.017138786031885577	0.0415724601233995	0.04138667386492354	0.34511806704006187
0.01762121403832607	0.04044898684883325	0.047116313350164946	0.3451155343319396
0.018091988441149405	0.03874979998253377	0.05509096380357119	0.3451138253599705
0.018595458068908905	0.03573535247239543	0.06655426001204498	0.3451134665762268
0.019178786342606884	0.02889011770765275	0.08403394533010684	0.3451164634873364
0.019652491459049688	0.018234855370277813	0.1009626101472984	0.3451238031674801
0.019995576999377096	0.006034619830242394	0.11376074692115784	0.34513366137225004
0.02028445232502252	-0.007951468457838035	0.12453920321547485	0.3451469580197649
0.02055953909387745	-0.023275593108713966	0.13392922327277842	0.34516507280745407
0.020836069996635165	-0.03961587047644386	0.14252062037621333	0.34519119475995136
0.021168905695295608	-0.05710140937246118	0.15111785791615406	0.34523439482065305
0.021473962117000128	-0.06977187905126905	0.1575577808775211	0.3452883534598809
0.02177735076381308	-0.0781444249350514	0.16241404614155075	0.3453523699382412
0.022057971822325093	-0.08304967557541193	0.16588541379198288	0.3454194815129993
0.02234064620996612	-0.08583766208341163	0.16845314243684953	0.3454862259572943
0.022634313040998007	-0.08764436873495099	0.1704534475545984	0.3455504162702022
0.022978004502410974	-0.08877150882367606	0.1720918135367606	0.34560899557263053
0.023284998470949052	-0.08943658145675426	0.17314444577250424	0.3456462898057854
0.023591917331308512	-0.08993806145069036	0.17389271046579183	0.3456685419318486
0.023904893935219905	-0.09042234789664975	0.1744624853565591	0.3456802303305104
0.024260284905415343	-0.09094565062453827	0.17495079040154007	0.34568432157606394
0.024663745067864208	-0.09154825910867831	0.17539122829188014	0.34568285636868096
0.025157638082268285	-0.09226657034054817	0.1758674362541278	0.3456776308379702
0.02578729296349263	-0.09317460752744369	0.1764406617679975	0.34566983277638164
0.026638801670867393	-0.09436516102234357	0.17718472061050472	0.34565977726774744
0.027476789055832215	-0.09551035310895867	0.17788075564969608	0.34565061298123445
0.028297652137433692	-0.09651780579560013	0.178511519887793	0.3456420035569946
0.02912382099682402	-0.09745712330549583	0.17907545766343708	0.3456335023701038
0.030040438022396327	-0.09836276525239962	0.17960331692427448	0.3456237889059205
0.031006319540003387	-0.09912382450205284	0.18003416679888046	0.34561416650907356
0.03205045354002292	-0.09973696624013632	0.18037020897323303	0.34560458333097693
0.0333702368371417	-0.10028393276017947	0.18066110172889013	0.34559457438954216
0.035617925813282804	-0.1008924530641935	0.1809744213068619	0.34558255481566685
0.03840971846825744	-0.10138292409483686	0.18121828610318044	0.34557380646269137
0.0408117658067357	-0.10170044797054714	0.18136725815332877	0.34556989848934017
0.043186157836259	-0.1019654600401781	0.18153835975893134	0.3455683040038402
0.04553781158878038	-0.10222405825385703	0.18164182006241777	0.3455680671290014
0.04735897597464289	-0.10243032658045591	0.18172337359242638	0.3455686476576285
0.04888759108510142	-0.1026267253670685	0.18180567143015905	0.34556959550035987
0.050299064349117156	-0.1028352644377667	0.1818971559203694	0.34557048470616847
0.05167134875889917	-0.10308557265063689	0.1820037063917897	0.345570881213126
0.052386885703713096	-0.10324628642640316	0.18207229363597877	0.34557031460928006
0.05290881289806304	-0.10339136212519823	0.18213259608742416	0.3455690951971375
0.05328353205427574	-0.10350578244650042	0.1821797456612891	0.345567510355818
0.053586060666186514	-0.10360908981198753	0.18222405356701965	0.3455652381451627
0.05358843978944074	-0.10360467459884062	0.18222219561704706	0.34559560680520096
0.05359323691406371	-0.10355017992312274	0.18219581420007816	0.34586469361167116
0.05360353707764983	-0.1028076341419824	0.18177991130807822	0.34864934145101617
0.05361302256312729	-0.10130498492503262	0.18088994427785768	0.3537895077575815
0.05363518383735307	-0.09669147757060115	0.17793489082287262	0.368459130503262
0.05367137257819814	-0.09021824514835508	0.1731736869062449	0.3893474594005844
0.0536826688069117	-0.08839556284860577	0.17175237292212475	0.3952326956701333
0.053709283097417286	-0.08465011624069496	0.16863527194091518	0.4074344221954492
0.05373826304795467	-0.08120061219680266	0.16551422509762323	0.4182360853380134
0.053799749909692156	-0.07550472525553945	0.15954089650513978	0.434487754137705
0.05387918340201928	-0.07009545407656674	0.15260395287081382	0.44752871924187976
0.053967730238766214	-0.06554073429741028	0.14562704333240034	0.4564562438667595
0.054073880965794734	-0.06132371255964279	0.1382214982690715	0.4629828265974712
0.054214593558642714	-0.057031293938568144	0.12994741324932563	0.4679946052743393
0.05450332138315571	-0.0508429704147324	0.11760859624235478	0.47286241341894014
0.05482635556697473	-0.04668310021143208	0.1095310246657212	0.4748123749719083
0.05510869475367891	-0.043575418272041894	0.10379354474715398	0.47571624639711413
0.055446033372350385	-0.0406249707787999	0.09866353178331173	0.47627336258717806
0.05586699405079205	-0.037708454011516936	0.09392350868636444	0.47662182276834153
0.05645050461119698	-0.034795449818392304	0.08951048397471417	0.47683778551893485
0.05704648894684522	-0.032360023884978176	0.0860415519638713	0.47694954332803124
0.0575587189455533	-0.030617392223314964	0.08366581018485553	0.4770032170710137
0.05809053307077792	-0.029171089441696274	0.08173876447561985	0.47703686807128054
0.058716508628959344	-0.027664855740254464	0.07981713431412227	0.47706687353497174
0.05937287094605355	-0.026326862761437052	0.07814498783404904	0.47709133713882
0.060128412043618656	-0.024954450168833638	0.07647001202901815	0.4771138542300177
0.06096773832045473	-0.0237053839152293	0.07501320742570683	0.47713485185714904
0.06194216993900751	-0.02239224894780467	0.07350687439803423	0.47715719679455154
0.06329680016344794	-0.0209237103376017	0.07189864208844876	0.4771845959903676
0.06516955035385448	-0.01922094623728788	0.07009233101450066	0.477219354757271
0.06823564010893172	-0.017044402839027598	0.06788107962014314	0.4772699271064721
0.07278156266946406	-0.014646047260453175	0.06551720633491705	0.4773342180270202
0.07709254096997058	-0.01291052344093628	0.06373236390288801	0.4773863618921914
0.08113583067874239	-0.011580637755509791	0.06205525325151353	0.4774292884260474
0.08523779198112402	-0.010432713025747123	0.06001302235764587	0.47746812680018147
0.08977973373061705	-0.00931585759890588	0.05665012787935779	0.4775066825991462
0.09627164209324222	-0.007973486245299297	0.048260600805004036	0.4775554848109028
0.1012183564308453	-0.00706591446894133	0.037082181084993046	0.47758900573850727
0.10648397972016704	-0.006177827645014934	0.018331496839057874	0.4776216412847617
0.11148326277658815	-0.005420095222388344	-0.007782048751081572	0.477650539077776
0.11623368040998738	-0.004730273289232048	-0.04053905245184089	0.4776765569583634
0.12103163862422897	-0.004082910556631014	-0.07972812189719444	0.4777017944277381
0.12609560380026383	-0.0034181806512389584	-0.12346047736628914	0.47772771373047357
0.1320118026228716	-0.00268656884376553	-0.17078403590924168	0.47775766874161374
0.14226173074297616	-0.001462062230674105	-0.230300976469879	0.4778113270266319
0.14936876234505192	-0.0006255706981823511	-0.25290223177600163	0.47785228465967106
0.15518264697408343	3.4588102929035414e-5	-0.26269672228130797	0.47789036376170907
0.16104753476479933	0.0007220298760197072	-0.26781003313171364	0.47793558973267214
0.16716584027192102	0.0014351712648435905	-0.27089058496969776	0.47799316180727675
0.1743099377176184	0.00230335718060376	-0.272790355276062	0.4780771019452473
0.18266193638722455	0.0033779905609162206	-0.27425140065287307	0.4781957896265347
0.19279896679909378	0.004822791838659121	-0.27579711968934933	0.47834173971686095
0.20322387452083873	0.006588288219125639	-0.27754198078997244	0.4784326669282573
0.21165299973822663	0.008420243555947358	-0.27931604448662234	0.4784160066876097
0.21779297130394706	0.010243487602974135	-0.28105539239429117	0.47833897213237625
0.22204087608954873	0.012049557559185717	-0.2827504548043677	0.47826012864305745
0.22453396739130282	0.013609088147612226	-0.2841989118784457	0.4782147630929438
0.22613011551401638	0.015072071386191169	-0.28555577895422835	0.47819449115173635
0.2271732145080108	0.016478945898613255	-0.2868718219436936	0.47818824361833157
0.2278456139597184	0.017838864833218237	-0.28822587513712916	0.47818650383281525
0.2282713302460358	0.019189714081529727	-0.28945782851404783	0.47818438243799777
0.22848655063933382	0.020327416569427256	-0.2905069395659734	0.4781817128809096
0.2285964845279156	0.021333943180835764	-0.2913780080938807	0.4781792179154265
0.2286582757881241	0.022311916472509734	-0.292106958735447	0.4781772305079684
0.2286968868719821	0.023368820073769024	-0.29278196171028453	0.47817566856930327
0.228724666091148	0.024708233869307348	-0.29345189298424923	0.47817437466449336
0.2287506175600413	0.027183450298928644	-0.2943424438171002	0.47817307139559334
0.2287652640563765	0.0301280745953226	-0.29506087792278124	0.4781723963451791
0.22877372387495248	0.03313337312289878	-0.29557203081319405	0.4781721988310975
0.22878074296774017	0.0368139612882752	-0.2960534957049914	0.47817236954931214
0.22878745665826986	0.04154656170659573	-0.2965261520125483	0.47817315731877524
0.22879467523342475	0.0480062621847229	-0.2970432593988279	0.478175157288891
0.22880341454450487	0.057267763807568636	-0.29763752045874403	0.4781801747161743
0.2288095471707778	0.06392438485229046	-0.29802236294734474	0.4781863166450086
0.22879665627389664	0.07028422678818434	-0.2983875554825047	0.47819376372100847
0.22877348243012247	0.07536823681370199	-0.29868502368493693	0.47820052024316556
0.22875504191424018	0.07958620037045704	-0.2989563212168769	0.47820527019047754
0.2287447865433399	0.08355951458867983	-0.2992458281895704	0.4782068693303764
0.2287436189878863	0.08813124668404662	-0.29963863439516103	0.47820220570626426
0.2287495860114904	0.09118774728739902	-0.29999100414391583	0.47819304821440883
0.22875607052927038	0.09292996648899524	-0.300260708625945	0.4781847418825108
0.22876270579505492	0.09426136795689422	-0.30052719044959403	0.47817761854696866
0.2287697089516241	0.0952630249017202	-0.30080364093745565	0.47817224347439125
0.22877781912865439	0.09607084069152502	-0.30111825493816846	0.47816871052821713
0.22878792497621275	0.09675831006811059	-0.30149350757558563	0.47816642452095637
0.22879795628544994	0.09721596924118688	-0.3018479787789312	0.47816545346315087
0.22880770656281427	0.0975398864769551	-0.30215850654174703	0.4781651713796626
0.22881770676425678	0.09781390346150734	-0.3024617658538891	0.4781651186568593
0.22882863797673833	0.0981162412455016	-0.3027643600698689	0.4781651595529825
0.22884110965235646	0.09836176793481292	-0.3030888672484165	0.4781652124509735
0.22885584809599271	0.09862942365154559	-0.3034294061984227	0.47816531680246793
0.2288741911490114	0.09893156415432072	-0.30381830847249325	0.47816544753344065
0.22889165076407594	0.09918375205635713	-0.30415045708910887	0.47816555755306966
0.22890897590769402	0.09940178562107013	-0.3044426175026771	0.4781656349220984
0.22892818658396488	0.09961302402468836	-0.30473944860134705	0.4781657035534092
0.22895218360428538	0.0998357981672789	-0.30506020224163705	0.478165775675201
0.2289839211781575	0.10005919502151026	-0.3054276662611715	0.47816580458587904
0.22902052013605756	0.10026742931799688	-0.30578170330901744	0.47816586803780486
0.22905600995677752	0.10043002359063563	-0.3060631823064824	0.4781658994485051
0.22907294710588305	0.10049559544073375	-0.3061737516090885	0.4781659072350278
0.22906670785471334	0.10049473540141822	-0.3055492093834479	0.4784986134003786
0.22900880254942524	0.10048062864500774	-0.30110567324518717	0.4809271557819282
0.22837757184888316	0.10027037293627836	-0.2740763397833105	0.49792469612425755
0.22760938581204146	0.09998519295674656	-0.25101668746360334	0.514912790339472
0.22646648351551335	0.09952680992030526	-0.225015955934689	0.5366490665715781
0.2257789122767872	0.09923271876740551	-0.21276811005383384	0.5475418931526245
0.22483199233671772	0.09881233447119867	-0.19804222103177302	0.5609039277000579
0.22301081981502807	0.09793622007872407	-0.17571111844298917	0.5800273320287376
0.2201142280733235	0.09634070226725387	-0.15039111629051546	0.5975551689616901
0.21759536575803987	0.09482578805044499	-0.13454088485910531	0.6044011086816287
0.21494577908433138	0.09294282889128339	-0.12191995824812957	0.6068900422526984
0.2120979400222665	0.09065435354947086	-0.11166187102924302	0.6071569748004683
0.20918942036826635	0.0878382013267367	-0.10383148841471393	0.6066489626974351
0.20629201223940458	0.08440962608659475	-0.09828194679532774	0.606198303845442
0.20386213599741	0.08079319920837738	-0.09520917508315989	0.6060364572549276
0.20198234708896243	0.07713879573449763	-0.09392342113976748	0.6060384059723476
0.2005727464971766	0.0734913804997094	-0.09350884318317784	0.6060742455519725
0.1994964679939258	0.06960648997861005	-0.09352514646886133	0.6060981744933772
0.19875175549146737	0.06546949405135352	-0.09367201995103897	0.6061075175184237
0.19829418237887766	0.06076567051332679	-0.09378833243894814	0.6061112087137771
0.1981439293621913	0.05637736597138428	-0.09382509897836933	0.6061132974407044
0.19814663468307256	0.05271596506979768	-0.09383077090333536	0.6061147143596863
0.19818366877974883	0.04964684166740392	-0.09383895286268266	0.6061156702822362
0.19820910897284122	0.047068051184563704	-0.09385571712289956	0.606116349574559
0.19822121404189594	0.04489429515501127	-0.09387835449950169	0.6061168715251531
0.1982265439867131	0.04306156203801613	-0.09390564950062241	0.6061172799194892
0.19823071256852706	0.04152546104304734	-0.09393679233457297	0.6061175839614757
0.19823561601924558	0.0402536651099462	-0.09397233675136463	0.6061178202206688
0.19824130415523178	0.039226200210892834	-0.09401027688778812	0.606117973402034
0.19824730815342634	0.03840740369750706	-0.09405047879566718	0.606118093072566
0.19825368742930236	0.037761324253133915	-0.09409224059315839	0.6061181754386538
0.1982602624861702	0.03724844056363594	-0.09413483769334419	0.6061182379300042
0.19826733646257863	0.036875742744447514	-0.09417783876211117	0.6061182829137286
0.1982749511464112	0.03658680052612919	-0.0942173030382914	0.6061183179216535
0.19828202437287248	0.03641592701258242	-0.09425383686941631	0.6061183449561135
0.19828806306699728	0.03631302656901059	-0.0942816866587935	0.6061183562346896
0.19828099981243763	0.03631255795844831	-0.09426614342204422	0.606131759090928
0.19821086690453926	0.03631162313929866	-0.09410987114741115	0.6062300490390203
0.19733722147105423	0.03630976516766336	-0.092264535612021	0.6069063575933812
0.19444075069071415	0.03630776093321583	-0.0868851185451782	0.6083230054813878
0.1899443997192004	0.036306060054743974	-0.07938028504379857	0.6099204127086918
