0.001800954504760461
0.001800954504760458
0.0018009545047604591
0.0018009545047604591
0.0018009545047604591
0.001800816878824702
0.001799490065031648
0.001786817211735932
0.001759449411183887
0.001725086645941556
0.001692886881846713
0.001669156016470618
0.0016569848223735519
0.001657152085198811
0.00166001763407328
0.001661207464810345
0.0016635948974538781
0.001669288826128555
0.001683603391712037
0.001700126072579611
0.001719133913906019
0.001738800362318173
0.00175794888114518
0.001778359570682929
0.0017911320384596272
0.001796226231774235
0.0017988559108380719
0.0018001168861187858
0.001800544436716914
0.001800604885807957
0.001800529362683032
0.0018004713114147899
0.001800476616536936
0.0018005169481614999
0.001800553827450175
0.00180056845685589
0.0018005700018839
0.001800568596919913
0.0018005697686211818
0.001800571115639877
0.001800576003112927
0.0018004906523714419
0.001800462236309818
0.001799866135249575
0.001799093022494798
0.001796920493664333
0.001793887281220459
0.001789220366651673
0.001784105981863126
0.001779527570471901
0.00177784263029503
0.001778968195313466
0.001781848919547506
0.001785854597838093
0.001790529099562597
0.0017954250149942652
0.001798841966481865
0.001800320216522595
0.001800696586034224
0.001800796734584451
0.0018007749195609179
0.0018007328189832371
0.001800709120589103
0.001800692893145254
0.001800671593538814
0.0018006489579794692
0.0018006115325984219
0.001800593922008681
0.001800615363207654
0.00180063572219086
0.001800646482471932
0.001800641991291206
0.001800630780624744
0.0018006232652410389
0.001800619545485344
0.0018006172316557161
0.0018006145401913418
0.0018006134856245071
0.0018006124373827902
0.001800611548070107
0.0018006113820787399
0.001800611064070372
0.001800610902091304
0.001800610871445197
0.001800627868345077
0.001800697415217556
0.001800136371151755
0.001797950339767596
0.001792882174974703
0.001785381126556619
0.001775210181638086
0.001772304442529044
0.0017704081629008749
0.0017693529390918278
0.001768479919389559
0.001767052040261753
0.0017659025833844499
0.001765817468279924
0.001766913225642159
0.001769595218777767
0.0017729977362043478
0.0017774906729725632
0.001782150836723894
0.0017863261278453048
0.001789799866039883
0.001792330845235448
0.001794281705597875
0.001795704462929954
0.001796838617799532
0.001797801434194686
0.001798614122901802
0.001799133233551722
0.0017993661045675089
0.001799526522802132
0.001799676555493729
0.0017998242262770741
0.0017999135294921118
0.001799996310295283
0.0018001254123029761
0.0018002351971441709
0.001800322265502303
0.00180038167601794
0.001800424616413536
0.0018004557465639839
0.001800477964042511
0.0018004926789251668
0.001800504569110529
0.001800508773270741
0.001800511747503644
0.00180051236457334
0.001800512082355294
0.001800511743943665
0.0018005213286939909
0.001800600705421634
0.001801042652401614
0.001801646880856832
0.001802257794472369
0.001802791345439468
0.0018030562773294898
0.001803119015269412
0.00180315398974274
0.001803158313242165
0.001803153111018029
0.0018030530259818599
0.001802824995808996
0.001802337839609776
0.0018019356482472451
0.001801661518112144
0.001801459540664744
0.0018013245908988819
0.001801273516590949
0.001801479645671924
0.001801973094571084
0.001802700930135406
0.0018039133990439
0.001805988699595177
0.001810010042552267
0.001814268081245265
0.001818459135939917
0.001822884579363079
0.001828098315821638
0.001836197439700537
0.001846968865977937
0.0018559826271244088
0.001865103147964064
0.0018744107123997939
0.0018831039449933788
0.00188873192644169
0.0018842257650473078
0.0018654994822582722
0.0018450196980815
0.001827761174225175
0.001814817341948246
0.0018070889878221551
0.001802602293546789
0.0018006872552081248
0.00180016576292088
0.0018003060882122832
0.00180047930535423
0.001800592254263933
0.0018006439412753391
0.001800657589389794
0.001800654174859336
0.001800649965613837
0.001800648191029103
0.001800647814017023
0.001800647778363291
0.0018006476202676491
0.00180064728791287
0.0018006469880541079
0.001800646885406879
0.0018006468405489429
0.0018006468237130862
0.00180064681544391
0.001800646810496328
0.001800646809390651
0.001800646810786386
0.0018006468155001478
0.001800646822351669
0.0018006468251112089
0.001800164461570662
0.00179761475746779
0.0017893850857929842
0.0017859677486080049
0.0017835989719342529
0.001783690620818601
0.001784551394682332
0.001788256423782702
0.001793525593984319
0.001797222295550543
0.001799454610194508
0.001800128511732311
0.001800518041070432
0.001800699968784844
0.0018007255233674381
0.00180068381844414
0.001800636534857991
0.001800615840807197
0.0018006175397639258
0.0018006222610167828
0.0018006229713450539
0.001800622785646955
0.0018006227698993882
0.001800622800369736
0.001800622816797651
0.0018006228255002148
0.0018006228286962381
0.00180062282844775
0.0018000849744521299
0.0017979879193208
0.001795275778027394
0.0017944307951585621
0.0017952412636056498
0.0017967422552839269
0.001799722526974707
0.0018032297445457418
0.0018053660731579262
0.0018052155263303738
0.001803321431530183
0.0018016171892464511
0.001800687752053562
0.0018004236438646242
0.001800461413113236
0.0018005683646771
0.001800628875890014
0.001800633156443641
0.001800623692277555
0.001800621267618943
0.001800621666641821
0.001800621802027447
0.0018006218026907468
0.001800621798553305
0.00180062180016925
0.001800621805472193
0.001800621812019085
0.001800621812653055
0.001800916406583161
0.0018025823593226299
0.00180838965839899
0.001812810396411873
0.001814680662169101
0.0018143350983868519
0.001813796687868108
0.001813210656140629
0.001812613981082241
0.0018118959345517149
0.001810138045848357
0.00180537261295347
0.00180012740061656
0.00179666231461534
0.00179532030367029
0.0017961983502686309
0.0017980738843569341
0.001799753569868413
0.001800611035712149
0.001800900247681586
0.001800743570148602
0.0018006606785188558
0.001800630906154002
0.001800627058300397
0.001800630594036237
0.001800632661579744
0.001800632735855275
0.001800632563958497
0.001800632519633376
0.0018006325109189711
0.001800632502551479
0.001800632493032869
0.00180063248341084
0.0018006324747587151
0.0018006324723662769
0.001800621385994347
0.001800498559076115
0.001798864935102833
0.001795065156263242
0.001787554820619758
0.001777272991817367
0.0017681913193838329
0.001764493989773679
0.001762998005751183
0.001761787795893756
0.001760651557884714
0.001760154295070015
0.001759055289313477
0.0017584750411345571
0.0017592537150336
0.001761360384796512
0.001765051987523318
0.001769670237587645
0.001774478544114141
0.001779864758494814
0.0017851987361237238
0.001789266985286963
0.001791911566475692
0.0017939810420119
0.001795787596966202
0.001796825919988454
0.001797887945518808
0.001798610256064343
0.001799155041783278
0.001799378164023035
0.001799525276572328
0.001799719633240181
0.0017998490675051131
0.001799922944154066
0.00180005761028644
0.0018001961099874601
0.001800287421007023
0.001800358261141273
0.0018003972051375409
0.001800431881977578
0.001800456598220353
0.001800474505019891
0.001800484109422151
0.001800490757149028
0.0018004959738889019
0.001800500243107507
0.001800502030845794
0.001800506211829462
0.001800509014368933
0.00180051093704764
0.001800512935955553
0.001800483429189389
0.001800283033890686
0.00179958215248829
0.00179885358397554
0.0017981690617496979
0.0017977448885718242
0.001797587738014078
0.001797663263121814
0.001797922264773785
0.001798786697849262
0.001799630602078201
0.0018002722596866699
0.00180057811873661
0.001800633162544365
0.001800578145655958
0.00180053204481958
0.0018005351281486141
0.0018005407387836289
0.0018005608011257808
0.001800590628119151
0.001800638180840064
0.001800743101575052
0.001800959521657048
0.0018012307387782508
0.001801609898553004
0.001802187066996422
0.001803106638443304
0.001804272387559225
0.001805357944919493
0.001806541396316828
0.001807746700900106
0.001809329338451312
0.001811570898663305
0.001812998849148048
0.001814123326721724
0.001814685115855027
0.001814471579494095
0.0018129008466159719
0.001809653831935841
0.001806214006822356
0.001803749358591251
0.001802058262838794
0.0018012581502944041
0.001800711520461887
0.001800531491686127
0.001800500054178896
0.001800517440180398
0.001800537980402963
0.0018005506677490082
0.0018005540786436899
0.001800553318786375
0.0018005526068844968
0.001800557086077616
0.0018005511036922638
0.001800552063971086
0.001800552285253916
0.001800552257980153
0.00180055222444269
0.001800552197372746
0.001800552186248136
0.001800552184411985
0.0018005521869334541
0.001800552189900308
0.001800665542756928
0.00180138318698512
0.00180458601566054
0.0018084680612471759
0.001812844959553046
0.00181755922933818
0.001823724573817278
0.001825925172501993
0.001829831921944468
0.0018373960143583969
0.001846568330731753
0.00185493582576109
0.001860686643260911
0.001861090287998936
0.00185499916815781
0.0018419662443503518
0.001827348901755702
0.001814416410882124
0.001805834208934657
0.001801266132186459
0.001799973916874324
0.0017999344001203741
0.0018002865283817389
0.001800556799375136
0.00180067186163444
0.0018006852195993721
0.001800668818311131
0.001800658784149605
0.001800658304882222
0.0018006587176714211
0.001800658567383241
0.001800658325660404
0.00180065824604382
0.0018006582157228219
0.00180065820285512
0.001800658196263024
0.001800658192117378
0.001800658190486217
0.0018006581904613061
0.001800658192488413
0.001800658196178367
0.001800658197839318
0.001800565174690754
0.0017997726426982371
0.001793243884966217
0.001783167900406167
0.0017699849310927889
0.001760658395175367
0.00175674274210714
0.001754135265428192
0.001752509006241388
0.001751759874165076
0.001751416421830859
0.0017540985560971511
0.001759054873228638
0.00176596848300031
0.001772687356036805
0.001779109236966211
0.001784710811123415
0.001789550552233757
0.001793282199574457
0.001795961588114324
0.00179803733800902
0.001799161781427287
0.001800080570984972
0.001800459209017484
0.001800616080088324
0.001800628305172094
0.001800588845333389
0.00180055848578573
0.001800562182715232
0.0018005503915384082
0.001800552436989292
0.001800553591184397
0.001800553868080401
0.001800553950576399
0.001800554015222538
0.001800554091481437
0.0018005541699527032
0.001800554233402946
0.001800554265123629
0.0018005542753973959
0.00180055427417286
0.001800554268830929
0.001800554267932443
0.001800632023466496
0.001801170529994299
0.001804015244649202
0.001807608166077537
0.001812515871794202
0.001817305973331359
0.0018241365695867478
0.001826859345001835
0.00183140397834098
0.001840650159558725
0.0018530370468039469
0.0018662718664429101
0.0018775891023504068
0.001885524442865028
0.001886305600017026
0.0018771570483429852
0.001861101410649905
0.001841582830885957
0.001822764930293278
0.001810515658506389
0.001803034409196657
0.001800020034642703
0.001799677508872502
0.001800118747934718
0.001800482314864712
0.001800684266825947
0.0018007381308484
0.001800722963048857
0.001800706967402412
0.0018007027529182709
0.0018007027487633009
0.0018007028130473859
0.001800702526474322
0.001800702196561598
0.001800702011220294
0.0018007018999111751
0.001800701825303734
0.001800701784916284
0.0018007017478818851
0.001800701717054827
0.001800701694488651
0.001800701676939605
0.001800701661280928
0.001800701651238054
0.0018007016516400512
0.001800701656404742
0.001800711223484972
0.001800830628370148
0.001802816377158223
0.001807223796135705
0.001816501260815795
0.0018348378924154358
0.001860921035626802
0.001900621192950221
0.001924991068943559
0.0019375860588725171
0.001950589746997976
0.001959860610910654
0.001969158585512219
0.001985458170980608
0.0020055286799313308
0.00201051105028939
0.001996370380678533
0.001964323803803319
0.0019253723538864601
0.00189148465112104
0.0018570241731381328
0.001827682662350127
0.001812666642265601
0.001803976490152229
0.001800339018902491
0.0017996368533182438
0.001799995058256721
0.001800453234475815
0.001800569807555649
0.001800748691234717
0.001800896599280951
0.001800974947165543
0.001801034317873862
0.001801051823902098
0.001801053086185932
0.001801049231123238
0.001801046325425514
0.001801044967436809
0.001801044563985346
0.00180104418062914
0.0018010435296780681
0.001801042535241683
0.001801041424910782
0.0018010404595726732
0.00180103959730527
0.001801038778213409
0.001801038400012124
0.00180103851168765
0.001801039241242135
0.001801039658181754
0.001800816210155687
0.001798729284203588
0.0017800893782810331
0.001746348086832272
0.0017095834707729972
0.001672456896255609
0.001641086688441622
0.001632442559652594
0.001628192800298289
0.0016268996995591162
0.001627206638199697
0.0016299063371027441
0.001637229408244118
0.001657606058359404
0.001682646447974022
0.001708798829751904
0.001734632150781981
0.001759406880749058
0.0017849557783773558
0.001794724275099168
0.0017985742995393409
0.0018004285762549211
0.001801061438168435
0.001801154925370776
0.001801005561301452
0.001800821362978274
0.001800710997527973
0.001800716669301814
0.001800694046389151
0.0018007030007045459
0.001800708405862157
0.001800709089817463
0.001800709039992966
0.001800709342486303
0.0018007098880584351
0.0018007105000625138
0.001800711155636281
0.001800711620830513
0.00180071159320135
0.001800711371111632
0.001800711301459387
0.001800678378858869
0.001800370550402923
0.001797118412345586
0.001788241031006653
0.001767591888874416
0.001742815441893088
0.001724239134004137
0.0017129594700900951
0.0017130318357001571
0.001714608586557581
0.0017189459837727858
0.001726818956738446
0.0017410622003001068
0.00175793544696377
0.0017716003658087049
0.001780469337189282
0.001785345352579053
0.001788897214396197
0.001791960914001654
0.001795717977682256
0.0017976253563163089
0.001798927049256463
0.00179975334684675
0.001800260992106895
0.001800537101050232
0.0018006439516125448
0.001800648948029228
0.0018006202000684249
0.001800602121046786
0.001800599037462384
0.001800600248729563
0.0018006010861916718
0.001800601304769338
0.001800601384254984
0.001800601477964994
0.001800601573154177
0.001800601651213526
0.001800601710870986
0.001800601743286794
0.0018006017598269231
0.0018006017622585221
0.001800601760727817
0.001800787858072605
0.001802008460409184
0.001807916587537927
0.0018162998493588289
0.001825499987534645
0.0018355611949850469
0.001844254709602422
0.001853353918388562
0.00185543817543913
0.0018593690386063458
0.001862796121365662
0.0018618261959920759
0.0018530445506036001
0.0018401856284384311
0.0018250482796666589
0.0018118570003089278
0.001803333756578143
0.001799850863091123
0.001799351161922076
0.001799903632100232
0.0018004266235203939
0.001800691127200075
0.0018007519679100318
0.001800727566327092
0.001800705639081893
0.001800700188985653
0.0018007007054331799
0.0018007012963330699
0.001800701377265962
0.001800701279929903
0.001800701174363656
0.001800701121399801
0.001800701103409987
0.0018007011023544
0.00180070111074914
0.001800701125278178
0.0018007011449523989
0.001800701170119339
0.001800701202201859
0.0018007012439765551
0.001800701300423867
0.00180070138089928
0.001800701504952472
0.001800701722746249
0.0018007022508062678
0.001800716253604409
0.0018007026885351741
0.001800704637552846
0.0018007079677505799
0.001800711492307005
0.001800716057588139
0.001800722805895207
0.001800733910720527
0.001800757909440708
0.0018008036202208431
0.0018008440637188611
0.001800907202636207
0.001800983891429888
0.001801095612428672
0.001801266983717072
0.0018015177098820079
0.001801857974621463
0.001802081099001371
0.001802206511988741
0.001802256612886431
0.001802148959683284
0.001801930957702833
0.001801537225819808
0.001801182144768644
0.001800984221444958
0.001800843473196348
0.001800786685140719
0.001800743755750374
0.001800729451128895
0.001800723389206713
0.0018007230325406871
0.0018007249469951551
0.00180072510194045
0.001800724234968797
0.001800723677878583
0.001800837399248843
0.001801659403583254
0.001806272079531323
0.0018117049544820458
0.001816641579915333
0.0018178991922908779
0.0018165817775728488
0.001814982728073146
0.001813151376949041
0.00181207151580793
0.0018113784423251919
0.001808814675307062
0.001805196131642284
0.001802245638404059
0.0018005280146229951
0.001800318818334011
0.001801965889336096
0.001804786834566863
0.0018092712464576912
0.0018159103380409852
0.0018217057274873731
0.001827385825801731
0.001833390698466387
0.0018380889070788902
0.0018409455564794039
0.001840720545993615
0.0018365901697496752
0.001825451065796374
0.001815331526967133
0.001808282741362319
0.001804157787133778
0.001801672435180522
0.001800770423476965
0.00180058317696467
0.001800722177332828
0.001800872381256618
0.0018009066909236131
0.001800914119440053
0.001800920223496888
0.001800920532993318
0.001800914502004449
0.0018009062735832469
0.001800899085486328
0.001800898241615873
0.001800899923717885
0.001800900434569067
0.001800900169986287
0.0018008993580492941
0.001800898674575086
0.0018008983138313951
0.001800898184584363
0.001800898042164399
0.001800897753712031
0.001800897491388626
0.001800897318448344
0.001800874837291904
0.001800615873288564
0.0017968882690892261
0.001786718749537028
0.0017668593887347939
0.001732195958220226
0.0016958679426398759
0.001676203964104687
0.001656688667610449
0.001647427475322412
0.001638996445731851
0.001625825790537518
0.0016206283602518698
0.001632976761102294
0.00165593346011104
0.001681998434562447
0.0017095128283026969
0.0017376407966341579
0.001754678769572738
0.0017634683065167402
0.00176933884837086
0.001773636448568399
0.001777911351252715
0.001782835743211874
0.0017873853861496269
0.001790766144512497
0.00179328751540494
0.001795289403933969
0.001796747003270123
0.0017979385940035191
0.0017988974971236591
0.0017995867753687951
0.001800014159219215
0.001800296577381887
0.0018004636525404752
0.001800556361686552
0.0018005944594415562
0.001800586624054959
0.0018005978409548322
0.0018006028445077121
0.0018005735319392279
0.001800581980770262
0.0018005840451187109
0.001800583603635544
0.001800583313006186
0.0018005832783677049
0.001800583336897773
0.001800583457085201
0.001800583531986629
0.001800583551566348
0.001800583544664185
0.0018005835269706279
0.001800583520406256
0.001800520737893612
0.001800041918297889
0.001796850423503658
0.001792588030445158
0.001787985674649306
0.0017832421676396198
0.001779710908701785
0.001778182999699258
0.0017780746268604671
0.001778362378618019
0.001779068930440366
0.001780876973060786
0.0017851030794194121
0.001788648478369997
0.0017910274878153059
0.0017916860711469568
0.001791489048618153
0.001790939308335136
0.001790520627861031
0.001790235832341218
0.001790173687517235
0.001790368324589552
0.0017904573609095718
0.001790967259902273
0.001791430037038757
0.001791965411680335
0.0017925655267049532
0.001792963374320775
0.001793217535887467
0.001793586472137751
0.0017939643158676381
0.001794289145754876
0.00179461590709185
0.001794904716181847
0.001795105365853201
0.001795478204270361
0.001795860907915998
0.0017963465818633222
0.001796777331398565
0.0017969878081071711
0.0017971703506372968
0.001797310000024546
0.001797535920187347
0.001797681434588484
0.001797791356057406
0.001797948797965538
0.0017980229176897558
0.00179812863855651
0.00179819383792465
0.001798289393316287
0.0017983609576908148
0.001798501040561816
0.001798563806004241
0.0017986578263663039
0.001798709161649968
0.00179879328657057
0.001798852361176045
0.0017989614112687829
0.001799060270892052
0.001799188208529662
0.001799355676376213
0.001799581743110452
0.0017998947505090401
0.00180005990507403
0.001800180594995041
0.001800268715540363
0.0018003339581927021
0.001800377609248473
0.0018004191993347249
0.001800439309946332
0.001800463560348038
0.001800480192199814
0.0018004921022107571
0.001800500738906417
0.001800506970791843
0.001800511430039972
0.001800514575488824
0.001800516646321858
0.001800518392179573
0.001800519068383264
0.001800570941584046
0.001800881632690764
0.0018019772600802672
0.001803017278755363
0.001803688449092166
0.001804151633841592
0.001804421251190656
0.001804731932239215
0.00180489113217746
0.0018050904530141389
0.001805277463810278
0.001805600988838867
0.001806329641257916
0.0018074718280189591
0.001810039557659604
0.001814995468181363
0.001822191517235386
0.00182905734087408
0.0018360937693030729
0.0018431404234746762
0.001849988535459042
0.0018534380106609032
0.001852364819193171
0.0018469935098744568
0.001837719908666057
0.0018252879545666188
0.001814795602955709
0.001807296967564697
0.001803360858939193
0.001801046437516963
0.001800314071567142
0.00180030345543717
0.001800441025241691
0.001800546397574046
0.00180059967497495
0.0018006152146507518
0.0018006129918430149
0.001800608271700537
0.001800607274815269
0.0018006074000755038
0.001800607488092458
0.001800607554702656
0.001800607608891021
0.0018006077631311421
0.001800607923764731
0.001800608055839524
0.001800608079654333
0.001800738556620909
0.0018016440431524049
0.001806720904557016
0.001814462450755913
0.0018222201232862719
0.0018298936723909088
0.0018351139833741549
0.001837244691145228
0.001839418481509212
0.001840523117217206
0.001841533069536978
0.001843730464986093
0.001844773962868733
0.0018428982649993412
0.0018367910715709208
0.001828129176872873
0.001818740074298976
0.00180986019383117
0.001803432238445796
0.001800738503015301
0.001799824077576404
0.001800054012087867
0.001800474410268022
0.001800691250574691
0.0018007240830735939
0.001800702433443312
0.001800687903481451
0.0018006850853248939
0.001800685688631248
0.001800686070898701
0.0018006860386439209
0.001800685923427293
0.001800685829023803
0.0018006857530304
0.001800685694203014
0.001800685646350266
0.0018006855943827759
0.0018006855516654661
0.001800685500983368
0.001800685462270449
0.001800685443188058
0.001800685438064792
0.0018009708549633
0.001802515264277988
0.0018075259871605449
0.0018104304721521549
0.001810937555008039
0.001810978073775245
0.001810210081531752
0.00180788675833354
0.0018053374380818548
0.001803321734619083
0.001801942018209925
0.001801122180889558
0.0018007334519092892
0.001800623814797059
0.001800613936802566
0.001800643085832248
0.001800685438230576
0.00180070422463895
0.001800709383086473
0.001800709611880707
0.001800708329301027
0.001800707199146481
0.001800706671408567
0.00180070657805587
0.001800706544041067
0.001800706451425787
0.001800706366338522
0.0018007063160133938
0.0018007062951705792
0.001800706293785427
0.001800706303766069
0.001800706318543491
0.001800706333297641
0.001800706334173571
0.0018003728223885771
0.001798036149898778
0.001791170290850705
0.001785435169752808
0.00177897313190481
0.001775977584363738
0.001774013826846869
0.001773079877053044
0.00177556968212703
0.001781016554470145
0.0017874815695048901
0.001793948107927768
0.0017988048760831509
0.001800945119281374
0.001801294627629327
0.001801110706772624
0.001800823224772666
0.001800646540944844
0.001800616523580884
0.001800635808451781
0.001800649759524215
0.001800652585697672
0.001800651877106263
0.0018006514521564049
0.00180065156027865
0.00180065183344219
0.001800652179165459
0.0018006526607805909
0.001800653388923768
0.0018006546073251629
0.00180065632034636
0.001800658615736469
0.001800661660070064
0.00180066683881609
0.001800671945324887
0.001800674817547517
0.001800675181597012
0.0018006736483617012
0.00180063129397749
0.001800249471900727
0.001796791982091751
0.0017912872994917581
0.001782586394901194
0.001779542793228827
0.001775335598933715
0.00177179786957157
0.001770823686484139
0.001774365774760504
0.001779653792071341
0.001785552722293837
0.001791097973712039
0.001795450063741197
0.001797489785130222
0.00179878131339006
0.001799617030833246
0.001800214230090781
0.001800538292173403
0.001800640764178383
0.001800651101332264
0.001800638698008859
0.0018006979974891332
0.0018006093531882708
0.001800588055267662
0.001800589970697203
0.001800595798263174
0.001800599008830916
0.0018005996956501158
0.001800599264237022
0.0018005984096826219
0.001800597360468539
0.0018005961101884732
0.001800594927468595
0.001800593703524634
0.001800592624720372
0.001800591578740105
0.0018005904958847182
0.001800589394021166
0.001800588217201419
0.0018005867532687589
0.001800585204818376
0.001800583919386279
0.001800583096356763
0.001800584456994762
0.001800583181296684
0.001800583448094394
0.001800583899492269
0.001800585570315724
0.001800585313382445
0.0018005864892385811
0.001800589189584683
0.0018005922818047
0.001800595399709578
0.0018005979757905511
0.001800599257431653
0.001800600272903952
0.001800582727304754
0.0018004236263635702
0.001798924349348408
0.0017955077389639042
0.001789787621138915
0.0017813650203060008
0.001774788715768418
0.0017716522155492719
0.001770853535197536
0.001770544295783321
0.00177082651611947
0.00177129177917455
0.0017728967398725891
0.001778242805697131
0.001786282530141544
0.001793808898432772
0.0017986290029075622
0.00180079026071664
0.001801208197488874
0.001800963858920034
0.0018006418928344279
0.001800474599354429
0.001800484318017322
0.0018005216831412981
0.0018005484869128951
0.0018005621187410562
0.0018005680850303912
0.0018005706757007749
0.001800571705996643
0.0018005717837418249
0.001800571506231727
0.0018005713931055311
0.00180057146157338
0.001800572000847619
0.001800571578541812
0.0018005719958363552
0.001800572171944788
0.001800572297116962
0.001800572304706108
0.001800747743544089
0.001801825018576621
0.001806658112039978
0.001813123347867028
0.00182108769773837
0.001828883747479459
0.001838891497554347
0.001842421491490359
0.0018480803891952249
0.0018578863742986051
0.001866335963675099
0.001867645388024878
0.0018606898851810721
0.0018460929742574802
0.0018293721498339952
0.001814665074290034
0.001804247594904534
0.001800027142900272
0.001799224258470253
0.0017997511854824508
0.001800369164108018
0.001800633458114899
0.0018007224854292919
0.0018007131572531979
0.001800688700890974
0.001800680307792112
0.0018006804634482288
0.001800681074282254
0.0018006914817963549
0.001800674880427112
0.001800681602630745
0.001800682132301225
0.0018006816449273899
0.001800681394189374
0.001800681339404256
0.001800681331933826
0.001800681307148267
0.001800681277950768
0.001800681247642968
0.001800681215212476
0.001800681179122717
0.001800681162121597
0.001800681164245088
0.00180068117473797
0.0018006811831270842
0.001800578559567787
0.001799697269895089
0.001792205012088514
0.0017775769159212211
0.0017567969699007371
0.001742030805613721
0.001737218540119603
0.001734381026381885
0.001733776561845222
0.0017337567835612959
0.001735610923732157
0.001742770369394853
0.0017520315275967961
0.0017625098497657521
0.001771526162332169
0.001778700242475132
0.001784679871380402
0.001789619300504551
0.001793143295572799
0.001795801148115829
0.001797912841233881
0.001799089551070113
0.001800032845486765
0.0018004441198502768
0.001800613567104156
0.0018006286951981689
0.0018005887306774219
0.001800557665686961
0.001800548391089517
0.0018005576027475701
0.001800552138466992
0.001800551582132315
0.00180055421823538
0.001800553714117612
0.001800553715781807
0.0018005538013524981
0.001800553907294566
0.001800553975849856
0.001800554009763717
0.001800554021580307
0.001800554021600369
0.0018005540170135698
0.001800554015599255
0.0018009785982403
0.00180238348697291
0.001804648382840969
0.001804691726558729
0.00180432326721442
0.0018035602069208958
0.001803090977936574
0.00180277764159198
0.0018024386301446229
0.001801754554229912
0.001801093129705535
0.001800662539134227
0.001800487389546135
0.001800490190269722
0.001800540282120769
0.001800567014804258
0.001800568781968418
0.0018005652526202332
0.001800564517434681
0.001800564647081844
0.0018005646731315702
0.0018008806046681649
0.001802304787608557
0.0018070254779297679
0.001809250912188176
0.001811572457916228
0.001813380007636358
0.001814136263618058
0.001812567802132193
0.0018092032327505728
0.0018052292840571998
0.00180224908695028
0.001800585742168183
0.001800177572069672
0.001800303135048224
0.001800502678207593
0.001800598951239849
0.0018006132713687551
0.00180060026962422
0.001800594297195287
0.001800594413756112
0.0018005947247803449
0.001800594707929333
0.00180059469793855
0.001800594704003384
0.001800278680498519
0.001799007374535335
0.001797598907155732
0.001798002632429153
0.001799222225947878
0.001801038459234273
0.001804290655055882
0.001807963869330689
0.001811283275689656
0.001810901064572412
0.0018080534128295629
0.00180447898878018
0.001801390238255653
0.0018003094812063382
0.0018001856428367011
0.001800387800032447
0.001800567345244991
0.001800630257372594
0.001800623855163268
0.0018006099086489461
0.001800607913462864
0.001800608572531433
0.001800608721365247
0.001800608700415258
0.001800608691573915
0.001800608694062119
0.001800608699211468
0.00180060870288155
0.001800820584928155
0.0018021704279953148
0.00180957977337231
0.0018196758803356529
0.0018325660326549273
0.0018473076278325419
0.00185252752242465
0.0018617349452199382
0.0018699169602438561
0.0018686983832862081
0.001858421415813218
0.001841620117507171
0.001822905559650241
0.001809249030036599
0.001801987174857046
0.001799568274783395
0.001799204255631246
0.001799860827036922
0.001800447186476827
0.0018007303803351969
0.0018007816818876022
0.001800743251471445
0.001800715415318299
0.001800713751609831
0.001800715221911996
0.001800715722380649
0.001800719612330266
0.001800715207602077
0.001800715204424694
0.001800715453755506
0.001800715479296446
0.00180071539861072
0.0018007153286368688
0.001800715271586311
0.0018007152131164761
0.001800715141264712
0.001800715045194396
0.001800714909128077
0.001800714776975625
0.001800714734495825
0.001800714736690529
0.001800714756284744
0.001800714777482367
0.001800714779994816
0.001800752119139557
0.001801027340104397
0.0018023594939033552
0.0018032637900344771
0.001802035535094944
0.00179673783966225
0.001785294020035191
0.001774881461130316
0.001769870015642736
0.0017653995506066152
0.0017637089023564661
0.001761814433742444
0.00175837907912337
0.0017544361255913301
0.001752507463171828
0.001752121455156454
0.0017538993982646682
0.001758535522918166
0.001764668724639862
0.001772064534185151
0.001780422477771647
0.001787321710716948
0.001792845526582699
0.001796291170844422
0.001798989456735335
0.001800398413214876
0.0018010770762602781
0.001801204131160788
0.001801077733155277
0.00180084887324329
0.00180069196248889
0.00180062305116323
0.001800605045599596
0.001800606259242763
0.0018006113749514411
0.0018006143664928069
0.001800615440568025
0.0018006156102535339
0.001800615546128525
0.001800615506793294
0.001800615512562364
0.0018006155405145899
0.001800615568634119
0.001800615594560304
0.001800615616353519
0.001800615639704288
0.001800615651309685
0.0018006156427113728
0.0018006156264106271
0.001800615606820058
0.001800615903942649
0.00180061563243316
0.001800617112074102
0.001800635780903406
0.001800953847799034
0.001801605191165144
0.001802757368940652
0.001804893962996904
0.001806740532565565
0.001808701780858212
0.001809274937738907
0.0018097315567805168
0.001810215421003324
0.001809375355599698
0.001807307692660554
0.001804124021047408
0.001802355550411309
0.001803439904427246
0.001805852513308487
0.001808635257215328
0.001810421753503371
0.001811139950151363
0.0018096742067320421
0.001807769967379548
0.00180601909223911
0.001803974794569122
0.001802306260215662
0.001801091556989404
0.001800600793368858
0.001800503879568224
0.001800553177800027
0.001800606237388514
0.001800633022809519
0.001800640799110577
0.001800640616885728
0.00180063920877314
0.00180063859818759
0.001800638603991225
0.00180063868355362
0.00180063872146849
0.001800643506142395
0.0018006380895864659
0.001800638288233154
0.001800638721689086
0.0018006387775344789
0.0018006387638400021
0.001800638754377347
0.001800638750981473
0.001800638746685786
0.001800638737738692
0.001800638731806641
0.00180063873412344
0.0018006387422722558
0.001800638752750581
0.001800638760088913
0.001800427435482197
0.001799294908148048
0.001795732421873094
0.001794186518898157
0.001793465702824331
0.001794399754423017
0.001795446597790525
0.001798842500263317
0.001803313728657161
0.001805599911018771
0.001805397135994596
0.0018036303779204999
0.001801988877700529
0.001800666942498956
0.001800287631032743
0.0018004390487749201
0.001800585337458532
0.001800644251039316
0.001800648213560125
0.001800640292406487
0.001800636728469513
0.0018006366395088881
0.001800637006782975
0.001800637060264737
0.0018006370551855169
0.00180063705475704
0.001800637056058694
0.001800637058006114
0.00180063706038486
0.0018006370630284521
0.001800637065575472
0.001800637065778414
0.001800676958074617
0.0018009540309946752
0.001801681877419343
0.0018023209754995059
0.001802838159382913
0.001801042451593699
0.001795801345186292
0.001785752849345814
0.001775360116506579
0.001773927163058852
0.0017714514126688631
0.001769497568833826
0.001766771434822755
0.001764980559377175
0.001764221832702335
0.001764680783267638
0.001766677083491651
0.001770079684570652
0.001774420476889291
0.001778773862395871
0.001782892546777879
0.001786676629845591
0.001789837660630369
0.0017917708884327111
0.00179304218387286
0.001794042341783732
0.001794775632192366
0.001795510642777062
0.0017961115267564
0.0017966556002094879
0.001797048993304504
0.001797449534019234
0.0017977545561708179
0.001798071031116632
0.00179833663117674
0.001798565791473476
0.001798683740331287
0.001798814365350184
0.0017989389747156
0.001799053817416696
0.00179915361565422
0.001799250241140921
0.001799354913750833
0.001799466567871578
0.001799562685452572
0.001799632388710525
0.001799676191697826
0.0017997816260841941
0.001799779524047879
0.001799819551071479
0.001799848420126567
0.0017998941188681812
0.00179991512498023
0.001799951192616575
0.001799966404059759
0.0017999918700778409
0.001800006560398441
0.001800031089154648
0.001800047854633087
0.001800087131038415
0.001800105096516663
0.00180013123842978
0.001800142362440856
0.001800163910454666
0.001800177684116906
0.0018002048507269979
0.0018002274893113661
0.001800257702060029
0.001800295563552455
0.001800324018649157
0.001800350998105685
0.001800388152355596
0.001800407613243385
0.001800445435747358
0.001800469046733853
0.0018004841386219672
0.001800494511772719
0.001800501645407779
0.001800506564990151
0.001800509734332836
0.001800512402133589
0.0018005130413946211
0.001800512980963234
0.0018005129658467639
0.001800547091692066
0.001801239655120981
0.00180017568842586
0.0018004893393338932
0.001800524097225621
0.001800605028963345
0.00180072172684007
0.00180086284521254
0.001801022005172279
0.001801193702585841
0.00180136870011697
0.001801537811384719
0.0018017307200825451
0.001801858411552546
0.00180199758749781
0.001802137713902761
0.001802307038706486
0.0018025018128613479
0.001802613045867355
0.001802788302799769
0.001803108479151538
0.001803430580958389
0.001803891613160823
0.001804275233254533
0.001804570928217502
0.00180472268211537
0.001804758330524346
0.0018046895579914158
0.001804521267619755
0.001804286105671482
0.001804074405066901
0.001803914951977306
0.001803776297133692
0.001803610883277055
0.0018034563145625899
0.001803338032720091
0.0018032185263192509
0.001803086860221514
0.001802952811142379
0.0018028329360964361
0.001802725442456497
0.001802630265907055
0.001802543995442252
0.001802466268036786
0.001802394659878953
0.001802327975309615
0.001802265273063342
0.001802208196338927
0.001802155991060751
0.0018020982390120621
0.001802047041735586
0.0018020010282367158
0.001801948455572977
0.0018019008254031548
0.00180185646978855
0.001801803229290781
0.001801752905909314
0.0018017053749395402
0.001801661198562216
0.00180163183081725
0.0018016090113072189
0.001801587763936343
0.001801562633926013
0.001801543992495213
0.001801529639141535
0.001801517073808897
0.00180150543079293
0.001801494930839864
0.001801484967461122
0.001801475335181602
0.001801465847082407
0.001801445088386026
0.001801422224820222
0.001801408614959021
0.001801399689513381
0.001801393105291906
0.001801387955212678
0.001801376331930277
0.001801367278701954
0.001801363451001649
0.001801358315029809
0.001801352845600645
0.001801347021975477
0.0018013402099631458
0.001801333168508202
0.001801324937685534
0.001801315789916407
0.001801305549534453
0.0018012938769333639
0.001801280361793412
0.001801264232940769
0.0018012405067923212
0.001801202465354752
0.001801253348342066
0.0018012068424142931
0.001801176370347322
0.00180114090973202
0.001801100188253523
0.001801050283639519
0.001800984816830344
0.0018008927666749229
0.001800748934221091
0.001800551211903589
0.001800135489687418
0.001799693423445156
0.001799229717180371
0.001798708605210361
0.001798227979218413
0.001797798930510822
0.0017973360695567031
0.001796903277328734
0.001796586396697413
0.001796514444989252
0.001796828797051318
0.001797992427984623
0.001801438287898176
0.001812371441955967
0.001837599821039621
0.0018694919179113722
0.0019110626792658582
0.001964770376503522
0.002032048496121422
0.002117314248848178
0.002137525700197214
0.00218091680950603
0.002233577572799694
0.002315816178424871
0.002382109709798322
0.00240179242715381
0.002441911845629947
0.002527112262663518
0.0026707962193717617
0.002896675647983337
0.003162315281899283
0.003408058588183262
0.003603372370289047
0.0037744644798383344
0.0039029045072678653
0.004007539345742172
0.004089000796999483
0.004153496918311131
0.00420403722689136
0.004242395384775605
0.004266995919166736
0.004270867942157297
0.004266402281658868
0.004258540406318433
0.004249113755162915
0.004238656427244498
0.004226965228777621
0.004215693132899754
0.0042055193707293305
0.004198290969201582
0.004192852180830234
0.004188938397191275
0.004186625330004405
0.004185885563285847
0.004186493182962107
0.00418832301839679
0.00419230339441913
0.004196643870012354
0.004202465523911229
0.004208888851053411
0.004215541862437339
0.004222645930801215
0.004230542688978944
0.004238785018468103
0.004250774604193762
0.0042622808236392395
0.004276424578645791
0.004290303785834056
0.004303929375292259
0.00431706726638146
0.004329596638206992
0.004341689603265664
0.004353538700449076
0.004365350428641623
0.004377377509513014
0.004389945904608706
0.004403533308177031
0.004418954076839816
0.004437916163850491
0.004466198083118706
0.00450874596889846
0.004542421563256285
0.004576554880277486
0.004615559020140972
0.004661552821594645
0.0047199289629320604
0.004797815877026943
0.004907508289648109
0.005065929038621742
0.0052392763937594445
0.005409735368527674
0.005585615054104353
0.0057713169562463255
0.005976236540136763
0.0062203065922027566
0.006554005801381966
0.007024472783284537
0.00756125451651844
0.008114672608885917
0.008768948844843905
0.00960922480256432
0.01055167141562219
0.011553824165108549
0.012641070612562921
0.01385226612458239
0.015282489747315161
0.01717918756295317
0.01879676989931087
0.02007784753319862
0.021545972722595598
0.02292418398095495
0.02353927121201235
0.02483392980339743
0.02645109025480513
0.02856499230692355
0.03199048928016269
0.038093103515052525
0.04517651843433203
0.0533582565913296
0.06320869742873
0.0751282260851667
0.09033149425191825
0.1110581890903929
0.1432255530726402
0.1841903321051877
0.2329324021782809
0.2868528133773318
0.3466867109938535
0.4141369357640225
0.48763609791392865
0.5514671050581135
0.604192069078792
0.6498037727217337
0.6896096142406941
0.7256347646903613
0.7582252503384589
0.7836980626087946
0.7980920990086019
0.8025924566211262
0.8017695945218791
0.7979709883745488
0.7903482764031963
0.7825407177902216
0.7726509985699404
0.758592754641692
0.7428011693867832
0.735349936836239
0.7283888639082357
0.7220973618030286
0.7149930089201867
0.7100193815250849
0.7049655145506084
0.6989083054538777
0.689125212291437
0.6824364207798209
0.6778998951425794
0.6745699352786446
0.6723377103945191
0.6710728598700236
0.67068745645785
0.6708686105026442
0.6713190791734126
0.6718464291881836
0.6724389892797109
0.6732727452460346
0.6742794829759988
0.6757204210069038
0.6774095111680305
0.6795380100687614
0.6824354347190634
0.6865494394956085
0.6925065062798772
0.700490543672713
0.7101099686493448
0.7214474135680706
0.7329036237187089
0.7407141988579408
0.7449196888418615
0.7474220789773889
0.7489391891830317
0.7499001926996536
0.7505254562754461
0.7509541316135299
0.7513235222011083
0.7517356272512267
0.7522830539241449
0.7528599112089563
0.7533799279460378
0.7538483256205022
0.7542680428559965
0.7546427429586869
0.7549748215577355
0.7552501774288973
0.7554870991578776
0.7557013006307639
0.7558867793307804
0.7560410579443618
0.7561668728335136
0.7562133491340097
0.7563298959183125
0.7573474538062156
0.761777909900262
0.7700010966734753
0.7838758027634672
0.8033893275284306
0.8208642768437563
0.8378309707386205
0.8435611739460767
0.8523369538436328
0.860581939180535
0.8700741748986752
0.8783653919256371
0.8831481844661405
0.8862761177430671
0.8882737820433613
0.8893311244399194
0.8895930959930215
0.8891905638086104
0.8883106586647312
0.8871645463994889
0.8859498854967451
0.8850695255195196
0.884501051052188
0.8841209240387137
0.8838919471359161
0.883728113087241
0.8836023909119081
0.8835081966460682
0.8834342523912735
0.8833817673332133
0.883338217372279
0.8833065167749116
0.8832793845479276
0.8832588269700615
0.8832410055089134
0.8832269962789039
0.8832147714367788
0.8832008045589639
0.8831916339922878
0.8831826379637209
0.8831753966465313
0.8831694663581839
0.8831643677563232
0.883159979446933
0.8831562155083813
0.8831529746556814
0.8831501555133512
0.883147676488231
0.8831454733354809
0.8831434945866684
0.8831416982827307
0.8831400489299945
0.8831385150070088
0.8831370664902375
0.883135671827233
0.8831342932687397
0.8831328771873648
0.8831313260474434
0.8831293611080258
0.8831274915365562
0.8831256262077645
0.883123910262361
0.883122200520839
0.883120398221644
0.883118449837214
0.8831162959043592
0.883113867432754
0.8831110713846537
0.8831077765438718
0.8831037988517894
0.8830989285989681
0.8830933779899495
0.8830895051434808
0.8830871038618617
0.8830852622493701
0.8830837124575978
0.8830822720682151
0.8830807282582729
0.8830792191468881
0.8830778712248203
0.8830775973032993
0.8830770788503267
0.883076676574674
0.8830763636475722
0.8830759503949633
0.8830756503692527
0.8830753432705327
0.8830749875099242
0.8830744896375503
0.8830740057060904
0.883073711794287
0.8830736158587982
0.883073746042724
0.8830741721407833
0.8830750658275913
0.8830768415841851
0.8830793442085408
0.8830822158592597
0.8830854671717404
0.8830891727583449
0.8830934653864054
0.8830986815768044
0.8831049125553239
0.8831126832270019
0.8831224221014408
0.8831351049055585
0.883152372637971
0.8831649964843006
0.8831695757645551
0.8831792025760585
0.8831888132343476
0.8831965083207265
0.8832036305119637
0.8832104947369402
0.8832182590313503
0.883228236614713
0.8832444730794541
0.8832735564982239
0.8833042324790001
0.8833350016976879
0.8833660452812006
0.88339353261683
0.8834197430310108
0.883448798123465
0.8834748748954347
0.883013832486548
0.8796949237090214
0.8701639390842766
0.8577369427323033
0.8421203499440935
0.827857346718
0.8138815742723914
0.7986321845788628
0.7869622848969157
0.7747034790521674
0.7600012483500045
0.7420272528228664
0.7244655593091087
0.7095667036497968
0.6978887725296916
0.6893074915775208
0.6825035402013827
0.676616637526165
0.6697963342186426
0.6669281118383585
0.6652454033210672
0.6639240878765652
0.6627378304977355
0.6614566010857174
0.6598605548440146
0.6576275029322157
0.6554469739198495
0.6535247642347818
0.6517307330179319
0.6498595108718108
0.6483497462714068
0.6467815485752054
0.6455080676681398
0.6443603562813803
0.6432833849628868
0.6423270756651741
0.6415894589690845
0.6410469937029196
0.6405821597746169
0.640067989398022
0.6396314941865723
0.6392302855325713
0.638860338596726
0.6384893418947912
0.6380763888461262
0.637618194799685
0.6370874583779956
0.6366901983835648
0.6363842112087179
0.6361178446161415
0.6358546777489292
0.6356838324572184
0.6354653483501956
0.6352990780533768
0.6351595671841668
0.6350274216978963
0.6348929444762141
0.6347364521331755
0.6345926459933826
0.6344401726074048
0.6343087045191753
0.6341805811840431
0.6340476113796394
0.6338966128145895
0.6337259469922673
0.6335157458439337
0.6332470166791946
0.6328865352224762
0.6323719826521234
0.6319432732431112
0.6316132492053661
0.6313548201442032
0.631152785992181
0.6309943550962485
0.630871044215939
0.630775832409358
0.6307074531918847
0.6306697038363548
0.6315619016751457
0.6380804587377521
0.6540879149529365
0.6755892811858762
0.7106254179879673
0.7314008051341554
0.752703942401496
0.7694435917188686
0.7854187781060763
0.8027527411805206
0.8143956280354897
0.8238098939174492
0.8305566258953595
0.8335927633584487
0.8357639604550378
0.8377767603125814
0.8399401645322457
0.8423660120009789
0.8441907973156223
0.8453025430277706
0.8458916148480803
0.8461681258177515
0.8462785204937202
0.8463061927878801
0.8463011298812316
0.8462914636574301
0.8462850390017002
0.8462818506503468
0.8462792360426865
0.8462787588727712
0.846280586184875
0.8462835039389978
0.8462877849107571
0.8462940472725942
0.846303833082954
0.8463213312502531
0.8463712834644267
0.8464456718941311
0.8465346164205768
0.8466649169073421
0.8468613138449885
0.8471898240008249
0.847810378133256
0.8490248308003534
0.8506157484906831
0.8523736742428457
0.8542110702555878
0.8561194973006918
0.8581282719512155
0.8603466650924358
0.8622735458880967
0.863005904670515
0.8633634556255734
0.8635654724036805
0.8636721189994936
0.8637362380388879
0.8637885384663855
0.8638469077855271
0.8639243960885324
0.8639935123125835
0.8640513382055394
0.8640998213049593
0.8641378784241069
0.8641380351254625
0.8623743724381586
0.8593299090555255
0.8528758337674766
0.8431967473405827
0.831583618902915
0.8183908514778927
0.805407613121965
0.8013217915999354
0.7939081565601017
0.7881052164000575
0.7815810613436467
0.7769724658615326
0.7742516801121354
0.7747902072086996
0.7759484186299745
0.7772343756641249
0.7785239337330316
0.7799650260891413
0.7810239160467496
0.7815371432357332
0.7817341187335114
0.7817058002934053
0.7814044349683366
0.7809041999771856
0.7804353582128869
0.7799649279359505
0.7794813545401534
0.7790039362759311
0.7786067062405976
0.7782913377824469
0.7779984095287983
0.7776490845082337
0.777268802784556
0.7769942867412182
0.776732595855322
0.7764555536733805
0.7761391052815045
0.7757582649536062
0.7753642716599816
0.7750627049963092
0.774816254033573
0.7745979130071322
0.7743650613661691
0.7742188243029244
0.774035757488433
0.7738934176049291
0.773772788053996
0.7736571056897792
0.7735363552333834
0.7733885515347373
0.7732554478618449
0.7731246731029628
0.7730074107465973
0.7728903046763379
0.7727665513683634
0.772623390692665
0.7724588428220945
0.7722530977668859
0.7719857495698212
0.7716195443957873
0.7712388076111145
0.7709958172381476
0.7708125542025878
0.7706515442061037
0.7704897909000229
0.7703266779771168
0.770191524424361
0.770085829503306
0.7699939093408235
0.7699026599810994
0.7698139721242697
0.7697174830091653
0.7696143330791495
0.7695293094325901
0.7694803293263451
0.7695188535280104
0.7699568441924725
0.7726300598589716
0.7792192374412874
0.7906391185894995
0.8083763126240339
0.8362712926853015
0.8862371105779683
0.9363337285230747
0.9781393650633741
1.0141441699471918
1.0465152915481999
1.072978666215728
1.088793901336666
1.104531679244098
1.113522374800614
1.128861345300816
1.142374495059073
1.160654533541821
1.1755825717429431
1.187809292033796
1.19859024950814
1.207592745324825
1.212829968516072
1.215377496542019
1.216815854220892
1.2176499874730828
1.218145185332435
1.218436873385507
1.218644911833024
1.218859524682527
1.219137106359893
1.219459706878248
1.2198196203343379
1.22013920332472
1.220386323331713
1.22056134727064
1.2207595162251699
1.2208951163246782
1.221034503404278
1.221132077756443
1.221233553411947
1.22130304857551
1.221376407649052
1.221433058909335
1.221478599772348
1.221516794671107
1.221548648089471
1.221575539266568
1.221598635394304
1.221618736023581
1.2216364381526819
1.22165200325412
1.221665806951348
1.221678180437543
1.2216893806606919
1.22169962035865
1.221709079564603
1.221717916638132
1.221726280728564
1.221734324771434
1.2217409876406369
1.221747542772572
1.221754501682365
1.221762585030991
1.221774121206751
1.221787932702542
1.2217984269568651
1.221808491622958
1.221819255896802
1.221831062749351
1.221844499195905
1.221860093908129
1.221878612237259
1.221901248941708
1.221929894352909
1.221962617220144
1.222003935393827
1.222025804665138
1.222045856465306
1.222063579952186
1.222079228771428
1.22209515239782
1.2221130719341908
1.222139895434553
1.2221649204248421
1.222184017116756
1.222203172828651
1.222224082367201
1.22223787854683
1.222247213819399
1.2222578290678079
1.222265845681547
1.222277669808355
1.222286471796103
1.222294991627786
1.2223054530385409
1.222321217401077
1.222348719127411
1.222377615749348
1.222407691114461
1.2224379936763679
1.222471778981885
1.222508962895384
1.222551011027961
1.222598460004261
1.2226546314335591
1.222726064052691
1.222793296131393
1.222856801962938
1.2229211301022251
1.222984830295379
1.223054643589245
1.223132854677038
1.223226839037579
1.22333363135536
1.223469676968418
1.223652865316722
1.223918656971197
1.22413624560418
1.224313462074089
1.2244602042177568
1.224583830221758
1.224688494141437
1.2247813904588611
1.2248636683706562
1.2249305229328409
1.22498270990061
1.225022392773836
1.2250525873934879
1.225072254197597
1.225076485241751
1.222949624820401
1.219580336193453
1.215484612704389
1.2135008928512458
1.212670579130975
1.212453312078338
1.2125067522782962
1.212559742826705
1.212571419515243
1.212569470833673
1.212569208421399
1.212570192284321
1.212571399142378
1.212572853880178
1.212574470813684
1.212576415457779
1.212579337564901
1.212586547061127
1.2125914491915188
1.212602010063496
1.212617044682433
1.2126368917304808
1.212666655494997
1.2127177705458771
1.2128196595115721
1.212980734447677
1.2131811777983028
1.213455918215214
1.2138524131457542
1.214450371249197
1.2154026205767061
1.216453538125303
1.217461333670074
1.2184451085702799
1.219403324689559
1.22014678963163
1.220668687817343
1.22089166419746
1.2210283491517708
1.2211006820900272
1.221142917259045
1.221175166169568
1.221207631070566
1.221241780360711
1.221248014429116
1.220863742516282
1.21774467426696
1.208957154771008
1.194802811829441
1.171273129652708
1.14565224006944
1.119123850667483
1.092344781594312
1.06204410862511
1.0348141590512079
1.007748099494506
0.9966706377924038
0.984170722376723
0.9655057219182727
0.9493417746318934
0.9382853518411968
0.9309940199924791
0.929874439947906
0.930230902172641
0.9308209314957263
0.931245741704417
0.9314086065236933
0.9314186190118402
0.9313674776916878
0.9313135682581668
0.931253669639004
0.9311938580523176
0.9311292172033976
0.931057300304756
0.9309915686597472
0.9309330990104304
0.9308775360505652
0.930814070958364
0.9307495919590704
0.9306767473433729
0.9306077435797895
0.9305340333378874
0.9304490210404921
0.9303473620695589
0.9302092594741559
0.9300250691687781
0.9298376070962248
0.9296947014769934
0.9295771157913341
0.9294700586047243
0.9293631764782011
0.9292133173296833
0.9290938036480964
0.9290099983310798
0.9289352048938047
0.9288645627834431
0.9287924711188077
0.9287122931653646
0.9285890435150256
0.9284857216767717
0.9284051328479145
0.9283245663524394
0.9282388230170951
0.9281390818848415
0.9280181691923014
0.9278608491019276
0.9276430705704637
0.927328991973494
0.9268134448092479
0.9259934190692255
0.9250640129621734
0.9244743371241028
0.9240526112522811
0.9237310854945896
0.9234811264921281
0.923282554176769
0.9231248095684687
0.923001156786384
0.9229048736813946
0.9228344415105809
0.9227871183633689
0.923982540994587
0.9317746080370082
0.9524985809058534
0.9790488147748974
1.008984781449064
1.037164464034037
1.049907299190205
1.062610988958139
1.0739446650580091
1.078727925886083
1.080207322541323
1.079869869344485
1.079366642918502
1.079043224074844
1.078923765107015
1.078930865506766
1.0789587288603129
1.078965555137293
1.078965117990221
1.0789644892905899
1.078964251249544
1.078963755164887
1.078962083418559
1.078958771930782
1.078951112035476
1.078938019161949
1.078923780770521
1.078923197429349
1.077513175462385
1.071268345087993
1.0573818215224982
1.0534238135347882
1.050237253510832
1.048740891299849
1.04868188183325
1.048932722020299
1.049069426507001
1.0490931571374469
1.049078192412407
1.049071963710487
1.0490708174156131
1.049069340601668
1.0490666681779381
1.0490632074361819
1.049059754819124
1.04905754408429
1.049057596581201
1.0488603896462259
1.047484922404087
1.0400544268634289
1.031225922315971
1.023662225223132
1.019604578343251
1.0155973808671641
1.0127371008272799
1.009745344586286
1.0067112887625318
1.004160573968256
1.0032546222099719
1.003048773335738
1.003150745304821
1.003277606337956
1.003334372264917
1.0033502466854711
1.003348748098311
1.003344400478886
1.003342194374427
1.0033416376141668
1.003340989459313
1.003339626017876
1.003337310754495
1.003333984936215
1.003330231633005
1.0033274060017392
1.003327196269577
1.0035990803572499
1.005681774181611
1.018928255620356
1.035631196738584
1.056943910982223
1.072232548608345
1.087395900651139
1.093621631176926
1.101885628947675
1.11161943282967
1.1157644402778821
1.117055853330457
1.116699588973153
1.116231492107657
1.11595632037112
1.115871341387666
1.115890797777118
1.115912748128332
1.115918592622205
1.115918614911964
1.115918661857478
1.115919301874204
1.1159201519581041
1.115921100262899
1.1159223013675679
1.115923854131509
1.115926230256669
1.115929581211216
1.115932426439304
1.115934596683095
1.115935224143064
1.115935077642015
1.115579475410115
1.112738304479955
1.103153456552093
1.0883122251507968
1.060297154664332
1.031311995333714
1.005851941867359
0.9782142011057887
0.9566553653914924
0.9471603881905107
0.9338260671237189
0.9197712075222195
0.9071171195632652
0.9006954188137533
0.8973281762173068
0.8957047592995555
0.8953657997080995
0.8955364322297664
0.8957398126139379
0.8958746261138366
0.8959335233319372
0.8959459550703054
0.8959385797419279
0.8959302122560419
0.8959257223047119
0.8959213185121477
0.8959130212803283
0.8959009489669433
0.8958876278186094
0.8958789315380858
0.8958770022612461
0.8958773770478816
0.8962358571017555
0.8988152519219765
0.9136877242326618
0.9314562139042767
0.9451703555451457
0.9591333353255581
0.9653625338889431
0.9719999123565742
0.9782464334220409
0.9834122197178299
0.9854589826828751
0.9855643060976169
0.9851919210755218
0.9848979857827921
0.9847704515490665
0.9847593524083931
0.9847602715721919
0.9847344443057126
0.9846753451243145
0.9845679194728126
0.9843747720107091
0.9840284122170639
0.9835892449222237
0.983050079746528
0.9823644441442727
0.9814837378668918
0.9803446447883353
0.9789009737465305
0.9773971299051265
0.9764862224875553
0.9758811386651386
0.9754431772230029
0.975111267587726
0.9748792109752731
0.9747602332407213
0.9747088819997712
0.9746844108401566
0.9746728680043504
0.9746685835099513
0.9746678480302411
0.9746685655179748
0.9746692262926724
0.9746690305147222
0.9746682606130013
0.9746673050956156
0.9746672608825913
0.9734793571219513
0.9658598555033374
0.9424863000979323
0.9135062406796921
0.8823072140063932
0.8581442598208536
0.845327906804392
0.8329840600800029
0.8172921558852675
0.8063579686238632
0.7988273214413099
0.7943059576680339
0.7908461907708717
0.7869714226178666
0.782662079973046
0.7788853310026527
0.7760261657563243
0.7738666386950424
0.772178731258374
0.771196568189991
0.7707075051148345
0.770486692579842
0.7703574242760544
0.7702417492796113
0.7701132195623573
0.7700172237263456
0.7699560162033333
0.7699195505679334
0.7699120273768898
0.7699175243514638
0.7699192879559009
0.7699164326657759
0.7699131522780663
0.7699105943647467
0.7699085771461471
0.7699069880967294
0.7699058452568623
0.7699051515344276
0.7699048624990202
0.7699048997572469
0.7699051592527507
0.76990554994464
0.769905828784433
0.7698750439928996
0.7695319818410021
0.7682415304449555
0.765661783158483
0.7612038348912504
0.7545683287570771
0.7462020734634872
0.7356863236946497
0.7277212466723217
0.717724853206863
0.7072017025348541
0.6959860801813215
0.6874444515790671
0.6811527129830214
0.677218463353166
0.6759429445312561
0.6756549648501221
0.6757402914953753
0.6759140401788704
0.6760422833730928
0.6760820541322569
0.6760613786649285
0.676049446590866
0.6760457748144224
0.6760416958747436
0.676036290350766
0.6760321883790505
0.6760311412322099
0.6760313318008508
0.6761130854651222
0.6768934335787778
0.6843595582115717
0.6986977714214716
0.7201385846143479
0.7541269090539305
0.7738468872025648
0.7838909199182065
0.7939320557720576
0.8018065060060012
0.8090595524386928
0.8224251200616255
0.8393217776781842
0.8500304417942296
0.8564451106694694
0.8592266366297358
0.8599798209365741
0.8601782658041371
0.8602599028720712
0.8603130766732774
0.8603242895254868
0.8603100080485923
0.860296699047005
0.8602919756326419
0.8602927031829442
0.8602949392411948
0.8602972310510192
0.8602994823758715
0.8603021558396928
0.8603058737062738
0.8603117588873148
0.8603181794316349
0.8603238913847018
0.8603274744872161
0.860327769362838
0.8603139780775502
0.8601191134174094
0.8577424965048407
0.8547511682323572
0.8506365215844444
0.8485775825100755
0.8459368569135266
0.8423027479258387
0.8386654165808688
0.8369613636859456
0.836338970085005
0.8363687164896991
0.8365461080958503
0.83666498042884
0.8366942173742514
0.836686692904595
0.8366791373540609
0.8366771999710854
0.8366768533287179
0.8366766349104835
0.8366763791709806
0.8366761231799426
0.8366759117352686
0.836675798496134
0.8366759300500975
0.8366762200157111
0.8366766925395903
0.8366774264640208
0.8366785511029957
0.8366803931451624
0.8366837963633073
0.8366925739570857
0.8367123405089834
0.8367366899253242
0.8367734193870685
0.8368298645736194
0.836926535382043
0.8371178517327822
0.8375080573427961
0.8381435085116121
0.8397251873426771
0.8416108473522845
0.8443095881885863
0.8474627140495946
0.8510206858765693
0.8551159049857563
0.8597656534884272
0.8651438970786869
0.8696830108835324
0.8726986679627319
0.8743543670536005
0.8752931771554432
0.8758594706194676
0.8761786061427357
0.8763475794354564
0.8764441749420515
0.876514956456468
0.8765936823995902
0.8767031927521263
0.876800395237559
0.8768821079534409
0.8769515774060422
0.8770107652407568
0.8770625821495869
0.8771118236431412
0.8771475359970657
0.8771702618207993
0.8766171532566732
0.8722469947841603
0.8592476999764347
0.8391586903240196
0.8018042442362999
0.758608570974159
0.7207908778695921
0.7000994451367346
0.6794434387730176
0.6636690277574122
0.6483465111899266
0.6262686989449572
0.6035127089963005
0.5866744714849589
0.5772777409719595
0.5762130640661668
0.5794797936430189
0.584925129667592
0.5919878165130419
0.6000536247431931
0.6082115154100649
0.6166427598520136
0.6235249427187465
0.6262446855878832
0.6273539274096894
0.6276924845885001
0.6276806703021041
0.6275674849948363
0.6274733740422804
0.6274396607576395
0.6274510130147756
0.6274629099687561
0.6274761649656184
0.6275025750050052
0.6275337268505793
0.6275532998040855
0.6272175022123634
0.6243410021846098
0.6130840123311682
0.5936754144068334
0.5592697184912259
0.5104456357124894
0.4887880817482378
0.4668355181605297
0.4518546276320803
0.4372260291845649
0.41808014399263443
0.387496978497899
0.36255545001987877
0.3430041038053281
0.3294039903453932
0.322267847185105
0.3173965952519647
0.3133763726369619
0.3103524541728135
0.30771088783389844
0.3047178811852047
0.3026515396444431
0.30141342312662517
0.3004471462616874
0.29965732335811723
0.2990118494411244
0.29854741097725973
0.2984150979845639
0.2987254083624734
0.2991373581417624
0.2997530668064548
0.3004811249924107
0.3013315629963267
0.3025113589984215
0.3049133182626302
0.3072537886538253
0.3095254957283273
0.312137095486099
0.315217614742673
0.319025148073924
0.3237385945513501
0.3283246985635618
0.3308976779796562
0.3323805759106005
0.3332197211489645
0.33367121198015043
0.3338781824795183
0.33394089265204774
0.3339378774568254
0.3339163386753885
0.33390119452730244
0.3338979328947968
0.3338983265478864
0.3338990699689776
0.33389992811810804
0.33390117527945967
0.3339029629765391
0.3339052492300586
0.33390806486336566
0.3339097699392152
0.33386882909586013
0.3334234238887462
0.3277694990521923
0.3153840587420935
0.29314389165711663
0.2640983046497857
0.2350228891573147
0.2045978199013353
0.17832521363536102
0.16962651679411578
0.1581610426360467
0.1377559430276584
0.1136178343714018
0.0961502108720721
0.08258800979761374
0.07059230587887368
0.060275856414358044
0.052016919663948745
0.04574279359918568
0.04062341425487182
0.035801836549678966
0.031395561983522634
0.027624408782812068
0.023995141703440758
0.02061602966783106
0.01759955390042163
0.01452397404226953
0.012287823766654639
0.01029000905741221
0.008724720297806892
0.007403138664837574
0.006242576177650483
0.005291576172233657
0.004628674976572082
0.004178946910808491
0.003815135396971883
0.0034305739126059692
0.003031173178072613
0.002785506941892257
0.002571747495846113
0.002358293134780696
0.0022384285673816523
0.002112776428380803
0.001972553372782574
0.001779500039740026
0.001619412677538613
0.001461498572120431
0.001280279673495029
0.001137160827506543
0.001042995888995364
0.0009586041554119759
0.0008849926700707897
0.0007993013168724314
0.0007432075736698041
0.0006905368968006885
0.0006308670592019177
0.000550803528057182
0.000498872994383024
0.00047809183230280956
0.0004841102288721961
0.0005048012903964642
0.0005421388810267803
0.000622287905016941
0.0007811620154490893
0.000988502171720493
0.00124211199882545
0.001494869225672507
0.001679754737842498
0.00174415393427091
0.001759603569368688
0.001761664380760951
0.001765329633661439
0.001770200063850234
0.0017749282638408548
0.00177972235916027
0.0017831219966491008
0.001786014907002709
0.001789007293994269
0.001792142771287514
0.001795039460325977
0.001796111805076351
0.001798592681258077
0.0018008146242154829
0.001801928428227016
0.0018012886510809518
0.001798296602770757
0.001794931972847174
0.001794167844333379
0.001792838729752808
0.001792087008617146
0.00179154821508109
0.001790774332048608
0.0017903945453353381
0.001790044651085161
0.0017896726767316629
0.001789397401409629
0.001790164729387109
0.00178997699602235
0.001789736566572121
0.001789517850231696
0.001789335029026613
0.001789152142652093
0.001789056570879286
0.001789060079730858
0.001789189065999346
0.0017895776628757219
0.001789553520919155
0.001789644880685943
0.001789809434255909
0.0017898956092233002
0.001790071550496716
0.001790218804050185
0.001790308302678695
0.001790649423043082
0.001790686330196888
0.001790768608677964
0.001790849930329419
0.0017911047636368059
0.001791552578018643
0.001792151114688635
0.0017928271308579572
0.001793654971707894
0.001794206999750148
0.001794853200587715
0.001795554389996354
0.0017962012377021371
0.00179694829321742
0.001797495690928511
0.001797665502055897
0.0017982460311501088
0.001798448775327452
0.001799293290219616
0.0018002401243446139
0.001802231144679212
0.001805741832965336
0.001809349989041285
0.001814229916367884
0.001818104214003791
0.00182062551761976
0.001821435528537912
0.0018208592598528519
0.001819537650037831
0.001817824732604333
0.001815277791556975
0.001811967215146072
0.001807289159178994
0.001799489117204997
0.001791716843527165
0.001784793665055453
0.001778263943346463
0.001772929204414228
0.001769331188562631
0.0017675718740967768
0.001767001392278633
0.001767444802168087
0.001768675450862743
0.001770184664006937
0.0017717310821202949
0.001773401585125812
0.001775902240748792
0.001777448963691445
0.001778608892630688
0.001779879499597241
0.0017806919431752508
0.001781660040000684
0.001782464321819669
0.001783785265102726
0.001784787295787103
0.001785744915844283
0.0017863735260758699
0.001787122570972257
0.0017879179830829809
0.001788892463023737
0.0017899954668640328
0.001791284321008956
0.001793063515779316
0.0017951682194769691
0.001795834367862569
0.001796407414602151
0.001796825994723319
0.001797155178160349
0.001797397212876549
0.0017976991746452649
0.0017978695949962629
0.0017980341691377852
0.001798286406750965
0.001798482682031993
0.001798663140859568
0.001798795821203859
0.001798892463488715
0.001799038265655634
0.001799166900937253
0.001799235412893259
0.001799282519926283
0.001799392597802357
0.001799402035645702
0.001799441410867421
0.0017994932440122322
0.001799547210928572
0.001799643433953013
0.0017997033439656402
0.0017996976324943408
0.001799737899379784
0.001799792803340709
0.001799882859136833
0.0017999345619078258
0.001800053834065636
0.001800189694904826
0.0018002843514832421
0.001800373396191606
0.001800416400129534
0.001800458001765515
0.001800489191516279
0.001800504146169331
0.001800522063229832
0.001800527249595328
0.001800532385264635
0.00180053478574336
0.001800534861494483
0.001800535105969526
0.001800536026373153
0.0018005357927849842
0.001800529450029491
0.001800503693247352
0.0018004752715519551
0.001800430989386246
0.001800403769617819
0.001800363079284285
0.0018003040035692599
0.001800155862599256
0.001799931114940432
0.001799647681607935
0.001799284816409124
0.0017988026780029359
0.001798028041304145
0.001797283715445807
0.0017967240124302192
0.001795874251816323
0.001795412478859643
0.001794881929777914
0.0017945287880675122
0.0017943607617747729
0.001794149299131632
0.001793888630690903
0.001793776522448439
0.001793651964440722
0.00179352783456105
0.001793514101828733
0.0017934965771182019
0.001793523707061171
0.001793610741484887
0.001793693718276057
0.001793868021414707
0.001794034663396632
0.0017941664262581
0.001794277877370361
0.001794431343064834
0.001794541052022406
0.0017946753363120992
0.0017947675112999
0.001794839285997424
0.001794985231172312
0.0017950750580909942
0.001795162431578332
0.0017953695022545
0.001795467325604534
0.0017955394599897699
0.0017956975075088639
0.001795794952763183
0.00179593833977412
0.0017960731780690899
0.001796305054361649
0.001796633556354877
0.0017969950075397401
0.00179729258161298
0.00179753647343362
0.001797799050577457
0.00179799529173544
0.0017982631332757772
0.001798462734437908
0.001798587688968579
0.001798768735430994
0.001798908939350754
0.001798986145567014
0.00179900670512368
0.001798990625188108
0.0017988934406335802
0.001798696008820263
0.001798477476737817
0.001798168432803022
0.001797777505664556
0.0017972275570172721
0.001796623521436425
0.001796288058975525
0.0017963907191338431
0.0017970410243144772
0.001797830656858174
0.0017984599551131501
0.001798883077330785
0.001799190305649111
0.00179944541164266
0.00179968691031768
0.001799819053111984
0.0017998737351094941
0.001799923320368095
0.001799954432731562
0.001799995645399324
0.001800023958174872
0.001800078231665935
0.001800127581615165
0.001800198510178435
0.001800236709936107
0.001800280198999026
0.001800319192944552
0.001800354097324325
0.0018003877836815399
0.001800419305137169
0.001800446753968225
0.0018004669317684709
0.0018004807170135869
0.001800494310012964
0.0018004990734557511
0.00180050520346808
0.001800509286818195
0.0018005119899271239
0.001800513071346055
0.001800512908501419
0.001800510612545385
0.001800484477777817
0.001800509612786968
0.001800322019171634
0.001800295480141228
0.001800215904158317
0.001800185407512825
0.001800143833333998
0.0018000961377186999
0.001800055896187432
0.0018000362307582709
0.001800047467908493
0.001800080809128546
0.001800131955206878
0.001800194454139316
0.001800240644653526
0.001800277936317777
0.001800312024670532
0.0018003454807413118
0.001800387239538078
0.0018004203508873
0.001800441600445383
0.0018004586987561408
0.0018004730459143829
0.001800485961631839
0.001800497093411186
0.001800506290005518
0.001800512676099124
0.001800515137807031
0.001800515040270291
0.0018005145312870589
0.001800514279569668
0.001800514280901139
0.001800514394846303
0.001800514532069174
0.001800514672455148
0.001800514824065268
0.0018005149864017509
0.001800515161281762
0.00180051534328327
0.001800515525404234
0.001800515706376352
0.001800515879934
0.0018005160499241998
0.00180051640033364
0.001800516464849434
0.00180051650153688
0.0018005165672408052
0.001800516615509234
0.001800515450117842
0.001800499104104731
0.001800286864023862
0.001799776056900134
0.001798963331117144
0.001797912888615184
0.001796694634390249
0.00179577641506438
0.001794871820586979
0.0017945432259908749
0.001794122498644766
0.001793801743756487
0.001794091103546719
0.0017949033762135
0.0017959411933033032
0.0017972341617178429
0.001798853659275777
0.001799728662297801
0.001800161540756674
0.001800404159686832
0.001800517177274969
0.0018005481889723889
0.0018005350861279301
0.001800518818438681
0.001800511310513718
0.001800509903002962
0.001800510049309936
0.001800510351117888
0.001800510553413257
0.001800510649379778
0.001800510661132905
0.00180051065013372
0.001800510642434537
0.001800510639149284
0.0018005106381692331
0.001800510637630644
0.001800510636396816
0.0018005106339480921
0.001800510630048495
0.0018005106292102939
0.0018005106315887212
0.0018005106486926339
0.0018005106875203139
0.001800510758166754
0.001800510832444435
0.001800510896778724
0.001800510922294861
0.001800614789236371
0.001800789908801061
0.00180091775866979
0.0018008497787574838
0.001800754818435656
0.001800625112343411
0.001800516936987793
0.001800487672233982
0.001800495346589683
0.001800507534633428
0.001800512068315523
0.001800512316118842
0.001800511638034569
0.001800511357588604
0.001800511405028024
0.001800511431294284
0.0018005114359425601
0.001800511443165814
0.001800511454379585
0.001800511465368172
0.001800526069600952
0.001800648391674614
0.001801385030591843
0.001802533574190608
0.001803515260806338
0.0018039518140801271
0.00180407638677348
0.001804151593343878
0.001804175720006681
0.0018041841135700589
0.001804143044694368
0.0018039256297377709
0.001803314021291309
0.001802568611204664
0.001801872350107687
0.001801350578044309
0.001800982879727966
0.00180073235500643
0.001800582838030793
0.001800518633525989
0.001800502204768974
0.0018005046443001621
0.001800511671007641
0.001800516472076094
0.001800517974910946
0.001800517813533834
0.001800517571260961
0.0018005174369045479
0.0018005173670477509
0.001800517331133252
0.00180051733773615
0.001800530833138043
0.001800517392800528
0.0018005172932538508
0.001800519046751306
0.001800521188064788
0.0018005241302034719
0.001800528885844488
0.001800537922478786
0.001800554386668451
0.001800582099290515
0.00180061679270393
0.001800671828992998
0.001800743870203854
0.0018008782163901119
0.001801091785304204
0.001801427957351706
0.00180197691311578
0.001802496834043007
0.001802960276281294
0.001803471956786778
0.001803945253625105
0.001804639730423385
0.0018052583357976622
0.001805581079260995
0.00180576598519748
0.001805675299838879
0.001805282961958006
0.0018043323153460699
0.001802960392443895
0.001801948111594525
0.001801257769170404
0.001800856390779639
0.0018006854249779068
0.001800576283029164
0.001800552643252142
0.001800554734454507
0.001800560459851535
0.001800560945063716
0.0018005576088963911
0.001800554617171277
0.001800552626311821
0.001800551328565915
0.0018005503768044851
0.001800549656641557
0.001800549469423954
0.001800549932229871
0.001800556303592523
0.001800644867339547
0.001800892464155941
0.001801148153465824
0.001801619626472176
0.0018021546735421268
0.001802384815849728
0.001802547875825245
0.001802672231561531
0.001802851791440564
0.001803121616849164
0.0018034809102028839
0.0018039243661818068
0.001804418592783936
0.0018049259449820461
0.001805167685876792
0.001805173378314323
0.001804984410694711
0.0018046372430984099
0.0018041409818744779
0.00180353732884322
0.001802977466785516
0.001802786656168393
0.0018024543593217089
0.00180211195246526
0.0018018398139474832
0.0018015420178214832
0.0018012671622619888
0.001800994794678711
0.0018006635174788231
0.001800297774301101
0.0017999549214677
0.001799450219371007
0.001799112653615404
0.001798885883800159
0.001798684342494233
0.001798522336216945
0.001798506576206153
0.00179838645636354
0.0017982502341610238
0.001798127903021992
0.0017980331458882519
0.00179795432301448
0.0017978639076412831
0.0017978877489286949
0.0017978302567905832
0.001797735269455617
0.00179764622076491
0.001797580383404544
0.001797617092221967
0.001797580077267111
0.001797518767707173
0.001797461745310813
0.0017974674487103558
0.001797413200994118
0.001797416974369317
0.001797516255050529
0.001797744030222975
0.00179814253679728
0.001798538133203882
0.001798931848610425
0.001799259430764158
0.0017995356443690881
0.001799785697960978
0.001799921514497084
0.001800040540375732
0.001800143963374167
0.00180021891503331
0.001800268748824581
0.0018003434795283411
0.001800405965126014
0.001800448869986801
0.0018004791831393611
0.001800500009935166
0.001800513297748023
0.0018005229634305631
0.0018005263532680658
0.0018005281553445818
0.0018005281706205238
0.001800527718600594
0.001800527713570828
0.001800527694935164
0.0018005277149891739
0.001800527716835627
0.001800527736106329
0.0018005277824320262
0.001800527858710389
0.001800527969596034
0.0018005280699039201
0.001800528164556684
0.001800528192554651
0.001800528225255535
0.00180052821853129
0.001800528129736394
0.001800527890963818
0.0018005273758220331
0.001800526150950565
0.001800524108859264
0.001800522182650944
0.001800520211153436
0.0018005183261911109
0.001800516689790879
0.001800515105347648
0.0018005130952792549
0.001800577982762154
0.001800558756927095
0.0018005451134357059
0.0018005321392987861
0.001800519501160663
0.0018005072436779168
0.001800494194801339
0.001800479101003793
0.001800471818673599
0.001800465005338002
0.001800459820433921
0.001800455751096404
0.001800451942064644
0.0018004478371631098
0.001800444221803789
0.001800440257509528
0.001800437041373125
0.001800434216057914
0.001800431575538555
0.0018004291003478432
0.0018004266713287178
0.001800424093807114
0.0018004208080086219
0.0018004178330772
0.001800432908968833
0.001800427692296496
0.00180042169998756
0.001800416253535772
0.0018004108292101941
0.001800405324257493
0.001800399160510197
0.001800392073127423
0.001800382187052784
0.0018003687944785779
0.001800368703623229
0.001800358394016925
0.0018003520030574162
0.001800347707033506
0.00180035482086186
0.001800351435218618
0.001800348025698253
0.0018003463621060229
0.0018003453864028991
0.0018003447272799849
0.001800344667493005
0.001800360622035745
0.001800355271919294
0.001800354321418594
0.001800356903715861
0.0018003634296551308
0.001800377670320949
0.001800431369731491
0.001800494813942708
0.001800600941425764
0.0018007642095557261
0.001801066651283888
0.001801638081644385
0.001802728379294872
0.0018046370537528151
0.001807731414268591
0.0018131009890333292
0.001819018037519275
0.00182511726595397
0.001830694444582191
0.0018354303476481879
0.001839515336241466
0.001843099011292488
0.001845324420221106
0.001846277644576667
0.00184630738812607
0.0018456268020631919
0.0018444697224077019
0.001842824289225849
0.0018403072181101751
0.0018368159300260912
0.0018334089242428358
0.0018302869034618641
0.0018265323908767698
0.001823273687147793
0.0018190809246016399
0.001815437506438607
0.00181221495543279
0.0018097380674021951
0.001807597047020904
0.0018059692341319089
0.001805225602224949
0.001804890574072891
0.0018052794090326432
0.001806878281919959
0.001809192838547294
0.001812883070106485
0.00181702214944705
0.0018205479300172978
0.001821360957533524
0.001817934508613527
0.001811237023295539
0.0018040124844745302
0.0018005276862423242
0.0017999515488391368
0.00180023266817934
0.001800265765092285
0.001800364106069466
0.0018004200556318139
0.001800422114557841
0.001800353060067103
0.001800221897795221
0.00180001071784351
0.001799817325401492
0.001799785772720475
0.0018000155762169648
0.001800395280370258
0.0018006762249729521
0.0018007896439075641
0.001800771587670702
0.0018007363431965912
0.001800719161516454
0.001800720208610097
0.001800721360401212
0.0018007242083058381
0.001800724711863455
0.001800726741417544
0.001800727060415103
0.001800728766408194
0.001800729106114589
0.001800729706339597
0.0018007302874330801
0.001800731219682456
0.001800730936730711
0.00180068553813778
0.001800251268475423
0.0017978447060862412
0.0017942257975637511
0.001790304721002289
0.001787892925387296
0.001785122640761256
0.0017824789049825161
0.001779618767044395
0.001778430661595966
0.001777962563625416
0.001779440101781683
0.0017816788967204421
0.001783969751584734
0.001786745447618437
0.001789290587099324
0.001792294774508765
0.001795381187162515
0.0017978485640050411
0.001799217571831591
0.001799883300026031
0.001800258040316358
0.001800496842187016
0.0018005967211226679
0.0018006219125742949
0.001800612550810589
0.001800604709676178
0.001800603273071694
0.001800568807633541
0.0018005137126180179
0.001800377657223928
0.001800163761559198
0.001799783371528577
0.0017989860430263401
0.001797894784353288
0.0017962855852080859
0.001794709505923591
0.001793951218211203
0.001793699747572497
0.001793964965927283
0.0017947905828816079
0.001795983424017794
0.001797177283332684
0.0017981465524258811
0.001798744354893579
0.001799162543246058
0.001799408414667541
0.001799576990723241
0.001799743179800847
0.001799870250136042
0.00179997856649779
0.0018001704627359728
0.001800280409934723
0.001800377417898592
0.0018004382594473491
0.0018004687985391581
0.001800503269719246
0.001800527812733474
0.001800540035877883
0.001800553785714143
0.001800562190359238
0.0018005680370015498
0.001800568507528644
0.001800568497787511
0.001800567819478287
0.0018005566661257791
0.001800514187196731
0.0018004076226918319
0.0018001066144583131
0.001799715547635639
0.001799565006666222
0.001799345131869965
0.0017989208097820841
0.001798056903354205
0.001797493770336085
0.001796542571139358
0.001795567872495359
0.001794521623645599
0.001793508220022043
0.001792695294816626
0.001791961769206762
0.001791353531659417
0.001791054420525177
0.0017910567260890071
0.0017912907566421151
0.0017917381322673902
0.001792387269526447
0.00179313527054542
0.001793867479623407
0.0017943495730895508
0.001794721084965085
0.001795153342293428
0.001795493549190382
0.001795811175514922
0.001796102065326084
0.001796397650363897
0.001796776584557248
0.0017971444934119188
0.001797525147185651
0.001797788563831065
0.0017980327534416558
0.001798178164452316
0.001798328507833301
0.001798469892849101
0.0017985988798556781
0.001798680696503706
0.001798783371282024
0.001798842598585815
0.0017989276259285929
0.001798994060839222
0.001799115188955629
0.001799174239362118
0.001799262415040904
0.0017993205598074251
0.001799413560650752
0.001799497259318929
0.001799652447983554
0.0017998031589479399
0.0018000268499938378
0.001800342102118807
0.001800781529205394
0.001801369352019339
0.001802038328946626
0.001802615789189049
0.0018031862525535079
0.001803771084073918
0.0018045132060839821
0.001805300632222197
0.0018058478207839568
0.001806217098810486
0.001806327183872476
0.0018061355852201678
0.001805391304130464
0.001804072853047396
0.0018026507714668288
0.0018016445992566608
0.0018009725209510881
0.001800677320196388
0.001800475493159846
0.001800429774601506
0.001800440610540748
0.001800461187810501
0.001800480589682778
0.001800498425090612
0.001800513586890318
0.0018005292851189071
0.0018005397420459929
0.001800546973915773
0.001800552893585036
0.001800554061313229
0.001800558175591169
0.001800558390243878
0.001800558456773279
0.001800558657029319
0.001800554289169346
0.001800538373765616
0.001800469476534772
0.001800244131604251
0.0018001138678318091
0.001799948127279355
0.0017998443365900179
0.0017996797197546211
0.001799466221474979
0.001799166421891304
0.001798780237695443
0.001798294604825194
0.001797717455752257
0.001797128100756185
0.001796442569924812
0.001795816266530171
0.001795345545681163
0.001794823929008635
0.0017944182547242151
0.00179410062052907
0.001793883852406933
0.001793840309327316
0.0017937879285544551
0.001793716175165275
0.001793643220655283
0.001793571764464649
0.001793610620699134
0.0017935920964748482
0.001793653266121898
0.0017937096945779701
0.0017940349368639151
0.0017941520719484672
0.0017943338062420238
0.0017944375624105889
0.0017945865557435021
0.001794721442437862
0.001794929550120154
0.001795038364818204
0.001795168524074103
0.001795259483780427
0.001795331253143682
0.001795471393004009
0.001795559915526947
0.0017956467494684091
0.001795840079573107
0.001795935284871113
0.0017960055367484409
0.0017961538884192119
0.001796245681986719
0.001796378006967841
0.00179649147082708
0.0017966516529297671
0.001796827652909505
0.001797117312056449
0.0017972509754062
0.001797450161174875
0.001797692852147471
0.001798029479689946
0.001798491743086
0.001799641197778011
0.0018015075392022642
0.001804353812373624
0.001808500475487825
0.0018146672010601538
0.001823757884983161
0.0018350837149609912
0.0018484638176926383
0.0018614796244658769
0.001874469357187648
0.001887951661507626
0.0019027223685368902
0.001921271794260284
0.001937957791736173
0.0019463708656787312
0.001949370434799963
0.001946912687011914
0.0019375413733972659
0.0019197124002584998
0.0018971603415861682
0.001874895757521174
0.001854036024419294
0.0018366270783323302
0.00182266915250235
0.0018203417687306278
0.001816605983291177
0.001814389538532777
0.001812413796254816
0.001811218669371714
0.0018109864040623
0.0018102866870007071
0.001809909859450194
0.001810155472712503
0.001811327223355834
0.001813984570302815
0.001817223601790325
0.001821175042695435
0.001824498938567955
0.001827390242413114
0.001827706517517172
0.001824335027783745
0.0018178518992888902
0.001810351372934584
0.001803695663557518
0.001800050078169592
0.001799582006512741
0.001800113570088141
0.001800601071738899
0.0018007429456675839
0.001800774771752776
0.001800792050253995
0.001800805833630204
0.001800814652094814
0.001800834799493715
0.001800845842511326
0.001800866350486593
0.001800891433316709
0.0018009050694927189
0.001800912780321479
0.001800919180590597
0.001800921834970526
0.001800925355424172
0.001800926633510901
0.001800928631276667
0.0018009313037026739
0.0018009310727789092
0.001801042573057913
0.001801934078381403
0.001804770199582017
0.001808619996553047
0.001812535739277513
0.001815028019934036
0.001817586021662056
0.001819661201293495
0.0018214765166641319
0.0018210728294444302
0.0018190333009178192
0.001816129216972284
0.001812644279975801
0.001808604847350299
0.001804269186570383
0.001800974063692666
0.001800192847179362
0.001800535968842681
0.001800871619025752
0.001801004055147154
0.001801017693405764
0.00180100158508695
0.001800993798907012
0.0018009942651323891
0.001800994876033159
0.0018009947856821459
0.0018009945563866822
0.001800994598294704
0.001802436007308978
0.001813107400401562
0.0018425288821233479
0.001888917723561003
0.001915461911565987
0.001945986827640449
0.001971851971435118
0.001977706030302374
0.0019582336096906788
0.00192510042016107
0.0018853567881304309
0.001851398742089871
0.0018265468292226262
0.00181209343370602
0.0018064199618177611
0.001804491963402671
0.0018040098870917179
0.0018036004041066202
0.001803374927979298
0.001803226460391096
0.001803101332560236
0.001802997907132016
0.0018029481967511921
0.0018030248012717881
0.001803157741862614
0.001803342286250847
0.001803582656723149
0.001803917581024957
0.001804487584559828
0.0018052100494433101
0.001806146050127352
0.001807262270141844
0.001808697303328077
0.001810709812183218
0.001813784884225502
0.001818825316619367
0.0018277756605335179
0.0018377250091039308
0.0018502851133876449
0.001865287977437774
0.001885105103320395
0.001902573722453887
0.0019163807244533938
0.0019259562446758232
0.001929504003890376
0.0019271766681764652
0.0019198600845681262
0.001909136481650463
0.001896305390235671
0.0018829751549395378
0.0018707943037044811
0.001858884109008025
0.0018510358778932219
0.001845877877955641
0.0018412049080592109
0.001836767894412066
0.0018316635827757143
0.00182780337440087
0.001826022279429395
0.001825059284334967
0.001824894985208616
0.001825540841365564
0.00182589755599931
0.001826440101597584
0.0018265689784162241
0.0018267469969407701
0.0018270022228481161
0.001827241355843585
0.0018275363207963177
0.001828010321888577
0.001828915425252537
0.001830348004332469
0.0018323297056259348
0.0018351090097784098
0.001838002083495861
0.001840398428003303
0.0018423824727006118
0.0018438634064593862
0.0018447683468216481
0.001845455277524883
0.0018461537899206342
0.001847148590696508
0.0018487412838991309
0.0018511573393975322
0.001854232308263947
0.001858489780767156
0.0018646457283614589
0.001873822731712524
0.00188445700568723
0.0018965648897212892
0.001911951267677964
0.001935853372487392
0.001961422618952411
0.0019971938862684883
0.002038951442506753
0.002093510130091871
0.002181729065921905
0.002326393776134471
0.002406759231580348
0.002408028822396642
0.002409061939820013
0.002405154667703734
0.0023935369118943148
0.0023630928555391888
0.0022945699940159353
0.002223777961171326
0.0021806847418011353
0.002132743875596578
0.0020972519187238588
0.002053878473458093
0.0019773639842692358
0.0019048153046770041
0.001822157451591664
0.0017580328680068728
0.001705903414973061
0.0016621737383279232
0.001634861636572332
0.001624511883803843
0.001623517414176183
0.001631502302641969
0.001656739508131186
0.001708398737315337
0.0017631386786631461
0.0018281143968784423
0.0019077336123957329
0.0020039220711859248
0.002123002494372106
0.002240304655436859
0.002313416209738115
0.0023698944007131783
0.0024231417822766018
0.0024819675656205693
0.002560833648009785
0.002679515800166228
0.00289238964926407
0.00331493185651108
0.004034260650621198
0.005323301667639808
0.007486705892940897
0.01138175364663135
0.019308940577312608
0.03359156229011286
0.04678197498052659
0.055004981905442736
0.059141516935235346
0.06051245361735822
0.060724364914631165
0.060349338599308806
0.05986826271970254
0.059439798051635774
0.058890597948354606
0.058025753074543766
0.056183300918370996
0.05489088669898189
0.05216427325281964
0.04867050931096939
0.04337930504271098
0.03608649316506229
0.02428319993046707
0.015051862687197931
0.009406954041428928
0.005612701885436465
0.003285115503185115
0.002001128729850423
0.0014159916155084338
0.001243712517215057
0.0012709676779166141
0.001411784447427849
0.001648705550077985
0.001788588084432179
0.0018186353748024572
0.0018050297235248092
0.001804206369321732
0.001798754591296047
0.00179902520426669
0.0017996954528674222
0.001800033235321124
0.001800201584756043
0.00180034365645921
0.001800440004566174
0.001800388499354902
0.001800489999618365
0.001800642555106939
0.001800738923945747
0.001800791597945145
0.00180081397459672
0.001800835270438641
0.00180086145400495
0.001800880036371342
0.0018009060959072538
0.0018009341383139952
0.001800966388488229
0.001800973465880036
0.001800990549328852
0.0018010061321970482
0.0018010188054578171
0.001800904895892814
0.001800415828567801
0.001796468988135948
0.0017858003971161101
0.001765821988825882
0.00173882441947158
0.001719325930499669
0.001710946791699662
0.001700374681870285
0.0016877831743796392
0.001682262116328963
0.001684951238206996
0.001698361422053481
0.001715839379286952
0.001735102970642638
0.001754737168102753
0.0017700453539524201
0.0017799147817308839
0.001786116461873442
0.001790738755254699
0.001793984867991229
0.001795574700960758
0.0017964689607970288
0.001797177466711573
0.001797655652346514
0.00179812928608378
0.001798589679249961
0.00179909626521799
0.001799427620191433
0.0017996982926813982
0.0017998767587701539
0.001800042461762735
0.001800191412693451
0.001800294157342891
0.00180035237441659
0.001800408329463493
0.0018004563217849771
0.001800505049310092
0.0018005627129348129
0.001800568626192695
0.0018005918858980772
0.0018006153123883391
0.001800635107165847
0.001800646221068387
0.001800660471968507
0.001800667369232203
0.001800685450321078
0.001800682369816146
0.001800689450347
0.0018006926633692712
0.001800696036569485
0.001800702789136289
0.00180070659366669
0.001800709924895889
0.001800715185759914
0.0018007163695721552
0.001800719576617947
0.001800724243064747
0.001800727609808558
0.001800733425946578
0.001800738242259416
0.001800749126779156
0.001800861546609549
0.00180141024263884
0.001802559434024598
0.0018044105527249001
0.001806727055966084
0.00180795434333624
0.0018095245254345959
0.0018119515665162519
0.001814341994223377
0.0018155538544957451
0.001816498164589873
0.001815897927546584
0.0018139426332831308
0.0018121086680458112
0.001809718911727432
0.001807074815692376
0.0018044923886601659
0.001802129043599925
0.001800990685817521
0.001800672754965833
0.0018006681273006848
0.001800720428573731
0.001800758551721803
0.001800777811576588
0.0018007840475645729
0.0018007855902482058
0.001800793023127295
0.0018007905136389472
0.001800792291988712
0.001800798288263281
0.00180080692299034
0.001800819077880648
0.001800838193849477
0.001800876083123903
0.001800933188374874
0.00180100027303668
0.001801100446814916
0.00180122417726314
0.001801401448222405
0.0018016641083681562
0.001802043803315123
0.001802460216567547
0.001802738803229996
0.001802797900104779
0.001802687558213376
0.001802357561677567
0.001801922752293795
0.00180144322666283
0.001801139566389483
0.001800965886283244
0.001800904570897645
0.001800845154103124
0.0018008344833976811
0.001800833699531859
0.0018008341438376508
0.001800833410210021
0.001800828992046237
0.001800828452823171
0.00180082789813196
0.001800818617479266
0.00180072543657382
0.001800475981732328
0.0018001622339643278
0.001798747872010504
0.001796893298626806
0.0017940366856577532
0.001792944339645744
0.001791595744474207
0.001790251453559261
0.0017883175527497349
0.001787190553756408
0.0017866313018684462
0.001786449937918836
0.001787045424972566
0.001787029452217787
0.001786743051472323
0.001785733712035389
0.001784251423086773
0.001781881469199126
0.001778221991233069
0.001772289448416192
0.001763011619236991
0.001754098800993914
0.001748495882024647
0.001750041395505601
0.001758169952915909
0.001768018636270812
0.001775980467246727
0.001782297414936396
0.001787126246710186
0.0017910144162098661
0.0017946025545324971
0.00179671670684733
0.001797661958095488
0.001798250621094903
0.001798654543036853
0.001798982555279881
0.0017992284052636
0.001799352270526096
0.001799475831658652
0.001799555816402814
0.001799638639043997
0.001799710455396151
0.001799700349715232
0.001799611787087608
0.001799469532744027
0.001799352451947438
0.001799389349376952
0.0017996278088234351
0.001799919362200585
0.001800137822112709
0.001800277534205242
0.001800368137370768
0.0018004302538649891
0.0018004574460876292
0.0018004804652758009
0.0018004999011804411
0.001800519110814774
0.001800535392357362
0.0018005463063526831
0.001800562082622403
0.001800573020195235
0.001800575318925743
0.0018005845794323622
0.001800587957909661
0.001800591902183125
0.0018006013565292321
0.001800605128291388
0.0018006095483152301
0.001800613351329866
0.001800621199671562
0.00180062238936288
0.001800626339084426
0.0018006341521570929
0.001800637721935247
0.001800646190587391
0.001800654954801844
0.001800661966218354
0.001800666021581456
0.0018006690293679661
0.001800668857761445
0.001800669565595596
0.001800690170101633
0.001801194162732674
0.0018028982907175059
0.001809668677235134
0.0018289503365358627
0.0018412007940112511
0.0018568562529928951
0.0018631003504492821
0.001872559222191533
0.0018874164762804747
0.0019118721358063501
0.001939505569573137
0.001966595310935691
0.001993286535711089
0.002020193264024814
0.002038783491726978
0.002044544371453608
0.00204206286926975
0.0020333391856631393
0.002019142209159032
0.001997399996186947
0.001972045271025572
0.0019458697712391021
0.0019164862286211951
0.0018984067972249818
0.00188308258690676
0.001871846313212838
0.0018635843232885948
0.0018570755058994648
0.001852112608036168
0.0018480322370658872
0.0018443958075266612
0.001840729594132791
0.001837415224766885
0.001834057116081879
0.001831661319641116
0.0018294388956603617
0.001827451514615965
0.0018253936556932421
0.001823418651222873
0.0018218862278834272
0.00182122647361795
0.0018223531541873511
0.001825912156685043
0.001834998463556092
0.001852760711055083
0.0018741999490511651
0.001900653207047037
0.0019330313596277121
0.00197164644590503
0.002016305444825708
0.002050769251773934
0.002075800885810315
0.002095185908443439
0.002111269932137974
0.0021270422149383883
0.002135064990429996
0.0021415104143929662
0.002145719118873971
0.0021483022917516397
0.00215071752544058
0.002151954409648345
0.002153744195983648
0.002154448428180022
0.002155149360663789
0.002155798014197922
0.002156681851458473
0.002158201819097585
0.002161131937969822
0.002167438506479222
0.002178634494888724
0.0021929590463069673
0.002210724210375545
0.002236149894506251
0.002272558246831217
0.002307262307200868
0.0023398633163169346
0.002370720198774787
0.002400107127600827
0.002429559704844417
0.002463100869318403
0.0025127268509983294
0.002601407656254367
0.002794168855758641
0.00313964221382895
0.003829313884374451
0.006097848528103492
0.009597842801443882
0.01061276959464325
0.01301044420440471
0.01349969955340376
0.01453253156525223
0.01581731360211074
0.017284906353362873
0.01861518901717426
0.01994345441343559
0.02160309824491362
0.02247606510439736
0.023368894511422298
0.02431374713623631
0.02549018810627191
0.02646846949199235
0.02763299006940893
0.029406370150251177
0.032472162595722394
0.03743524891923356
0.043017556602202536
0.049049291477093825
0.055286107682525544
0.06126856161201836
0.06658724100412396
0.0708381116174812
0.0736341583602024
0.0756508841633905
0.07764171405194832
0.07975626412274776
0.08149477153612404
0.08309134144648335
0.08484469131993129
0.08671566078994093
0.08874271295045642
0.09050287174289677
0.09113006524068966
0.09152662982569926
0.09186204058651676
0.09206163883398186
0.09222024316125252
0.09233492957484163
0.09242185282946284
0.09250266419923335
0.09256401787616832
0.09260640873279277
0.09263019425824878
0.09264917063407671
0.09270948900043896
0.09281094851271453
0.09292702441760091
0.09302833277169646
0.09310946493700459
0.09317401051722905
0.09322764996856976
0.093248054173494
0.09324626701561023
0.09322073598353064
0.0930584840077434
0.09263728970113565
0.09139939964922814
0.08884453404227108
0.08626384342379599
0.08399461334390679
0.0815119253646322
0.07983692968919784
0.07758188333659197
0.07400828579679537
0.0696453726804959
0.06445254194397666
0.06028126400416914
0.05739929915547601
0.055128427781355654
0.053140744710642285
0.05146973957849234
0.05081164679183588
0.05116120173558746
0.05244861767032124
0.054967541053277794
0.059200242745918674
0.0651066747260483
0.07119940393671723
0.07749997775612905
0.0838830392356671
0.0902427529213857
0.09609862841971724
0.09914984431728245
0.10178586209781319
0.10357327294550489
0.10471720877947849
0.1057063745229782
0.1068506615310051
0.107722032151498
0.1079438885332671
0.1078337575290498
0.10739380992084101
0.1071458606098414
0.10649900035532879
0.10605520093268381
0.104827620961835
0.1030146504535415
0.1006009502932908
0.09675721433910067
0.09146556697935729
0.08582607737344404
0.07910003001876924
0.07077444466471564
0.05986632442439438
0.0477609425101961
0.03585357906165502
0.0271681319396575
0.0202885223155657
0.01629191598376284
0.01212909128750163
0.0096134381802883
0.007741654260690129
0.005880534984989802
0.0037869284855985307
0.0025247779541857232
0.001876933376768822
0.001587880348999158
0.001484101876019819
0.001472269744817313
0.00154789121694663
0.001696188269079244
0.001787490337053081
0.001804502165310183
0.001809368902582426
0.001804019460293915
0.001801838656443083
0.001800524335864364
0.001800758873085154
0.001801287746681341
0.001801495024697165
0.0018015874944832739
0.00180162790306852
0.001801653705530351
0.001801667806321377
0.0018016651085394492
0.001801623822400134
0.001800677654135668
0.0017952240455535399
0.0017815721809725901
0.001750500585367981
0.001693504709816462
0.0016633095104618039
0.001647913290660488
0.001632435876956372
0.001623226826499311
0.001614994782106627
0.001600278290534438
0.0015716768197850499
0.001541651741427338
0.0015258024416261269
0.0015278679826521019
0.001551347652889255
0.0015918692742941851
0.0016373313436187289
0.0016751530688354878
0.001702146314167615
0.001720890756336595
0.001735056274847434
0.0017481781123889599
0.001756050679857883
0.00175981313952497
0.001762208298690436
0.001763808142254942
0.001764904267838609
0.001765482844021467
0.001766520531389573
0.0017689741271310622
0.00177329859944066
0.001777402027193139
0.001780330552730784
0.001782617973503896
0.001784505430758476
0.001786280008370304
0.001788442999397295
0.001790143294978909
0.001791191972622035
0.0017922393908236171
0.0017929949581034041
0.0017938945283412571
0.001794483007180188
0.001795061856413778
0.001795528328765395
0.001795880657652523
0.001796242419166601
0.001796790109884898
0.001797461077186563
0.001798062563879289
0.001798607355528199
0.00179892995556094
0.001799140060003129
0.001799130063077836
0.001798969940563074
0.001798870406795703
0.001798679961427525
0.00179857032265176
0.001798528007642888
0.001798391734592796
0.001798358741154747
0.001798383429456762
0.001798470586797946
0.001798508391290061
0.0017985495829507699
0.001798613161436632
0.001798654341225498
0.001798755223810504
0.001798782924152174
0.001798883493980857
0.00179892594338004
0.001798993846932591
0.0017990617334563209
0.001799104996135032
0.001799170604057056
0.001799236011650912
0.001799294967115827
0.001799374510505017
0.001799393796462371
0.0017994062701311999
0.001799419345784562
0.001799480149879744
0.001799503408969547
0.00179957100831295
0.001799590882742348
0.001799616152061185
0.0017996351710647311
0.0017996790228832571
0.001799707458879006
0.00179973507256814
0.0017997953287336881
0.001799804095062851
0.001799834600103249
0.0017998581819237281
0.001799888239859186
0.001799915377720148
0.001799947769208534
0.0017999675096925158
0.001800014189764671
0.001800055185533317
0.0018001167467912198
0.00180019909873448
0.001800268407128535
0.0018003368900993341
0.001800386888353901
0.0018004241615809699
0.0018004561698162851
0.0018004725097844059
0.001800489083381943
0.001800500238981611
0.0018005071153878352
0.0018005124574546059
0.001800512281141969
0.001800512282050107
0.001800512290006129
0.0018005123101698041
0.001800512343680814
0.001800512380859444
0.001800512410606074
0.001800512436764624
0.001800512462133231
0.001800512467718264
0.001800512499603597
0.001800512514854984
0.001800512533638171
0.001800512550774462
0.001800528004512481
0.001800522514076476
0.001800519060532936
0.0018005167552619268
0.00180051482502748
0.0018005137569918539
0.001800513218223212
0.0018005129553117921
0.0018005128260498871
0.001800512769312687
0.001800512758618341
0.0018005127750156278
0.001800512796530882
0.001800512805023739
0.001800512792646345
0.001800512753722852
0.0018005127049582049
0.001800512655946872
0.0018005125998999411
0.0018005125249082972
0.001800512425947723
0.001800512321548008
0.0018005122103335839
0.001800512080906887
0.0018005117818085349
0.001800511460551048
0.001800510961161536
0.00180051089105266
0.001800514693169993
0.001800541110549077
0.001800581674185849
0.001800644853244158
0.001800769312779815
0.001801011767467131
0.001801366431728062
0.001801950672524962
0.0018033556872647238
0.001805702636394542
0.001809153437485116
0.0018142016451669271
0.001821540721214426
0.001832245419245239
0.0018446708603141288
0.001857881168814857
0.001870469720414438
0.001882753560637955
0.0018952933933588522
0.001908844212940899
0.001924245821580775
0.0019347185808459737
0.001937940082625292
0.001936333637055408
0.001929688697873662
0.001916732392839851
0.0018962575162290672
0.001875768226056281
0.0018565980295367427
0.001839741534388237
0.0018265297593159388
0.0018179465720621118
0.00181313356057818
0.001812446159503111
0.001811363255236593
0.001810783524218827
0.0018105249167913512
0.001810916250513249
0.001810953572882197
0.0018112472195923079
0.001811805840706881
0.001812858812553267
0.001814684346757426
0.001816532274091666
0.001819309234923112
0.0018207860436222191
0.001821461584736278
0.00182149590685168
0.001820860135158984
0.001818562030919706
0.001814185385808008
0.0018074203388598622
0.001801118312726952
0.001796292199434296
0.001795725240988523
0.001796996070329151
0.0017984360874296879
0.001799631106746783
0.0018005259384904011
0.001801190836389767
0.0018014881872469172
0.001801607527019046
0.001801589588876351
0.001801500315311314
0.001801385549754419
0.001801274285801174
0.001801175228344673
0.0018010859463764909
0.0018010119617439392
0.0018009557333432782
0.001800927966711216
0.0018009090417709758
0.001800894469033783
0.0018008799556869018
0.001800867950144769
0.001800858406459018
0.001800854733222919
0.001800845427480397
0.0018008410128388809
0.0018008391600233078
0.001800837540871329
0.001800835877154565
0.00180083453795872
0.001800833179369406
0.001800832699567604
0.001800808058086468
0.0018005233082117311
0.001796574051683166
0.0017883903335041479
0.001776018746837107
0.001759824961419584
0.001741435184043075
0.001729411339537155
0.0017190519556988932
0.001714125208777008
0.0017090331505192678
0.0017026672638797528
0.001695957101997785
0.001689840845673688
0.001685192291529389
0.001680964333058659
0.001678826268421301
0.0016803201153600981
0.001684710140472989
0.001691628873171406
0.001700707637108518
0.001712189346284835
0.0017258214614025138
0.0017413164381821049
0.001757835301933007
0.001764214897329404
0.001770290496123778
0.001773888893368515
0.001776291304564936
0.0017789751657815102
0.00178140880744086
0.00178310736666697
0.0017845661723797932
0.001786078855784236
0.001787729064977086
0.0017894257795927511
0.00179053507709308
0.001791306310965412
0.00179200767204682
0.001792580455635331
0.001793297920207585
0.001793855296598803
0.0017940137244160889
0.0017943498447517481
0.00179452293346105
0.001794748067059742
0.001794914628143191
0.0017953159932289529
0.001795474206883545
0.0017956825442304318
0.0017958105750803689
0.0017960153100668901
0.001796227508386167
0.001796558305861312
0.0017969482748382381
0.0017975477029605852
0.001798195796810567
0.0017986667941003419
0.001799025221975277
0.001799289878583282
0.0017995249677552078
0.0017997311055631211
0.0017997955398979112
0.001799911813667189
0.0018001822252521349
0.001800533382844815
0.0018009561324132581
0.0018013549719325009
0.0018016222620396152
0.001801745040144817
0.001801716960362957
0.0018015919356838851
0.001801410504575832
0.0018012713210846369
0.001801133486676356
0.001801006866541604
0.001800889987609601
0.00180078883162864
0.0018006273444783499
0.001800499416036069
0.001800423855653734
0.001800383256202014
0.001800365763389128
0.001800363460951619
0.001800367369007881
0.0018003700896348299
0.0018003840480999048
0.001800386056792806
0.001800390496689575
0.0018004022556785799
0.001800409754239585
0.001800423132792777
0.001800439889936854
0.001800454587152976
0.001800467380494262
0.001800478625693263
0.001800487889636772
0.001800495545894112
0.0018005015586213169
0.0018005047183549969
0.001800509300659227
0.001800510590970447
0.00180051204545012
0.0018005141666528899
0.00180051515161243
0.0018005157376071999
0.0018005127673249692
0.001800491905634321
0.0018004624304043002
0.001800419289298675
0.0018003832776505699
0.0018003538801671
0.001800322219132985
0.001800300575306516
0.001800314717851969
0.0018003529989241971
0.001800404553529273
0.0018004551593908962
0.001800493300188407
0.0018005136397160788
0.001800519776407531
0.0018005191115986771
0.001800517185994105
0.001800516148273828
0.00180051590861906
0.001800516033151293
0.001800516211827878
0.00180051636637046
0.0018005165150531781
0.001800516764106746
0.001800516993173911
0.001800517318703676
0.0018005176790467491
0.001800518018533631
0.0018005178890439998
0.001800518042821597
0.001800519949443055
0.001800542651079943
0.001800579231591627
0.0018006399039124511
0.001800687728914111
0.001800738748013911
0.001800763086756373
0.0018007941059635
0.00180084676890217
0.00180088850701266
0.001800909141092585
0.001800911207424557
0.001800896007461795
0.001800873688479178
0.0018008490794179349
0.001800821802019644
0.001800787373326222
0.001800768025449741
0.001800721658937746
0.0018006880406741849
0.001800659449188418
0.001800631270573476
0.001800603228058531
0.00180057445673976
0.0018005460111862519
0.00180052424129577
0.00180051673628339
0.001800516268126011
0.001800517669694789
0.001800518833908777
0.001800519187728021
0.001800519144428795
0.001800519088683834
0.001800519086649435
0.001800519108301205
0.001800519138598798
0.001800519166258481
0.0018005192549916719
0.0018005192126104542
0.00180050465209945
0.001800432564941165
0.001800293499899884
0.001800030038968167
0.0017995124913634001
0.001798349068612376
0.001797487847495615
0.0017963339119449208
0.001795613527710136
0.001794730920579991
0.001792795111688716
0.001790714309950162
0.0017892235099994831
0.0017896198648146761
0.001791389280230379
0.00179352826487244
0.001795769229970052
0.001797934909783207
0.001799705758916634
0.001800278722407816
0.00180050793336092
0.001800573552179558
0.0018005652155442002
0.001800534563805251
0.001800513607602962
0.001800507711508649
0.001800508712378596
0.0018005100273482731
0.001800510534715542
0.001800510598631463
0.001800510567982993
0.00180051056358746
0.0018005105912566781
0.001800510633171738
0.001800510670905475
0.001800510717529936
0.001800511528656135
0.001800510727171689
0.001800510882682392
0.00180051109624324
0.001800511477268016
0.001800512524005118
0.001800514148074293
0.00180051684009589
0.0018005219331031518
0.001800529648228973
0.001800540927256944
0.001800562032364935
0.0018005994315561352
0.001800689503068718
0.001800805250794267
0.001800966458334606
0.001801196974080935
0.001801515255479862
0.0018017314559922262
0.001801840145528802
0.001801848560343113
0.0018016749301208689
0.0018013952127622721
0.001801116834267062
0.001800874749616807
0.001800715290124595
0.001800614787312245
0.0018005696339057542
0.001800538919554431
0.001800533376224368
0.0018005326122879132
0.001800532232831783
0.001800531324372782
0.001800530160695847
0.001800528914188563
0.0018005271909398801
0.001800535245403925
0.001800614964151644
0.00180136348852514
0.001802792859948971
0.00180453354755555
0.001806553717769045
0.001807951927964473
0.001808499172816443
0.001808579100892204
0.00180862741568692
0.00180860200144382
0.001808556359605912
0.001808415971457317
0.0018079530667174438
0.001807350263668763
0.001806754459629198
0.0018061124151146231
0.001805790309688462
0.001805525434251773
0.001805318668634236
0.0018051088551323349
0.001804792411110715
0.001804400305065176
0.0018040126805018949
0.00180363471364801
0.001803273599477856
0.001802959598210853
0.0018027440285450938
0.001802629352524865
0.001802613399307103
0.001802545780873779
0.0018025550288031699
0.0018024973834400721
0.001802462823258634
0.00180242327082291
0.001802398926456028
0.001802390103291154
0.0018024680201140148
0.001802477930275073
0.0018024957830498
0.0018025208219475419
0.001802537484780133
0.001802660599328395
0.0018027144304645691
0.00180272454325762
0.0018027301030705222
0.0018027407231236041
0.001802805837223707
0.001802819344408273
0.001802830591287512
0.001802834758053451
0.00180290808038593
0.001802916256457178
0.0018029153720722701
0.001802913194210698
0.001802973859828466
0.0018029700366935459
0.001802949630185077
0.001802989488715522
0.001802929809976408
0.001802921787446494
0.001802635530566867
0.0018021293201926668
0.001801536611794313
0.001801033420137728
0.001800752307878377
0.0018005856018003881
0.001800558919627515
0.001800558866438338
0.001800564838844087
0.001800568365774072
0.00180056863035438
0.0018005675489715582
0.001800566352866158
0.0018005654222183489
0.0018005647164816149
0.0018005641746732261
0.001800563746278378
0.001800563394397109
0.001800563239144766
0.001800563263630977
0.001800563404957676
0.001800569271469025
0.0018005629706809392
0.001800544370939
0.0018004951451387492
0.001800387700660175
0.001800337321990369
0.0018002329829278911
0.001800111963011023
0.0017998639086556942
0.001799514405731341
0.001799084798500259
0.001798529203037596
0.001797762133638306
0.001797054497256672
0.0017961978016128798
0.001795497233952965
0.001794832896437587
0.001794295189509601
0.001793808549079615
0.0017936323666809919
0.001793454405417971
0.001793303670140652
0.001793303730641279
0.001793231505349723
0.001793259143733244
0.001793256364630059
0.001793407118827566
0.0017934626958558961
0.0017936980215428298
0.001793961649588658
0.001794257723053898
0.001794415981656207
0.0017946303758386549
0.001794772418889391
0.001795009696913263
0.001795202781985499
0.001795332414650945
0.001795487859444287
0.001795592495438075
0.0017956738970616528
0.001795842002655188
0.001795945649853176
0.0017961209495272702
0.0017962541068557909
0.001796463251500523
0.001796548056584407
0.0017966671319761519
0.001796773085565227
0.001796947762124565
0.001797149663520964
0.001797413652156309
0.001797815641054209
0.0017980762025624419
0.001798286149453601
0.001798471430188291
0.0017986484217478989
0.0017989044150006589
0.00179904561130726
0.001799141920186192
0.00179920750709073
0.0017992954572840052
0.001799337471582263
0.001799399723756211
0.001799444650137603
0.00179953978115981
0.001799612886455525
0.0017997045039556548
0.001799825243905425
0.0017999336716776038
0.0018000913128460691
0.001800398582755636
0.001800809965091305
0.0018014588778933079
0.00180241797046491
0.001803444337820095
0.0018043539293940382
0.001805269203104436
0.0018063598939848258
0.0018077268392016769
0.001809602308221756
0.001810880084422802
0.001812014348624976
0.001812882520447968
0.001813291494405453
0.001812805152769274
0.001810727323710977
0.001807317408024722
0.001804488077645897
0.0018025506676562421
0.001801327903581322
0.001800780445263714
0.0018004466113440412
0.0018003782579660349
0.0018003973763768219
0.001800439373217306
0.001800471807671793
0.001800488101889224
0.00180050204512146
0.001800514319121592
0.001800530231700271
0.001800545919895022
0.001800556874024209
0.001800564482074216
0.001800569831249063
0.001800573225696135
0.001800576329628882
0.001800577178546926
0.001800577284871595
0.0018005773583587151
0.001800578088845075
0.00180058657897823
0.001800631210229928
0.0018007299985614942
0.0018009383286167631
0.00180139559271783
0.0018021539624093151
0.0018035373843397079
0.001805293193636144
0.001806888012336821
0.001807826638592537
0.001808888456972396
0.001811430165833284
0.001815561897436325
0.0018205315731195698
0.001827045266424762
0.0018334879732023678
0.001839138221665365
0.001844238332304395
0.00184888456015886
0.001853343324142624
0.001855675566087257
0.001856294053531927
0.001855813962174476
0.0018544101404336152
0.001852461965938391
0.001850179868802411
0.001848073982286513
0.001845567865423015
0.001842478301205381
0.0018365366104778809
0.001831229523378015
0.0018262473642321488
0.0018203235177951817
0.001812942105026754
0.001802167183301734
0.001786452416849729
0.00176700508303185
0.001749455421631808
0.0017374614430281361
0.0017350917454496601
0.0017414031126463218
0.001753670006078682
0.001765115196711037
0.001774356847891061
0.001781643584383331
0.001787280619998956
0.001791885754495096
0.001796071495212594
0.0017983089076895001
0.001799273114953019
0.001799825627185221
0.001800160989253984
0.001800371412541789
0.001800486527102168
0.001800532841400615
0.001800531091410994
0.001800513571924719
0.0018005297937640809
0.001800479671602295
0.00180050621480184
0.001800527329365541
0.001800521870383159
0.001800519886384292
0.001800519714574779
0.0018005209215787
0.001800522562154978
0.001800524311400488
0.0018005260848635248
0.001800527843077028
0.001800529873772798
0.001800530901029241
0.001800532251694372
0.001800533329736568
0.001800534195465005
0.001800535017898123
0.001800535897211622
0.0018005369764957251
0.0018005380315976641
0.001800538951173568
0.0018005398478427319
0.001800540824155877
0.001800542001188223
0.001800543213958366
0.001800544310963381
0.001800545366871775
0.001800546570060204
0.00180054805424247
0.001800548533595575
0.001800549455286469
0.00180055002637709
0.0018005504779689961
0.001800551187113833
0.001800551748405541
0.001800552366024048
0.0018005531639267221
0.0018005545519180401
0.001800556160506187
0.001800557876941947
0.001800559717741292
0.001800561599318738
0.001800563728931453
0.001800566368353013
0.001800569260736784
0.0018005728323743381
0.001800577599356902
0.001800583961495588
0.00180058990639908
0.001800593995278535
0.0018005979127518532
0.001800601142419519
0.001800603288653058
0.001800605199254207
0.0018006072358445389
0.00180060874082115
0.0018006102025505681
0.001800610278503997
0.0018006139562934131
0.001800615591945237
0.001800616498793427
0.001800617230903399
0.001800617808681396
0.001800618249596489
0.00180061852168974
0.0018006187119211
0.0018006187979619289
0.001800748400790786
0.001801616331649835
0.001805893522374123
0.001811050485169471
0.001815249416833698
0.001816253872481824
0.0018169812251150911
0.001817337725814484
0.001817499751990497
0.00181739285814246
0.0018161624412052252
0.001813449434840664
0.0018099998777812282
0.001806550637292395
0.001803984437453772
0.001802198759845554
0.001801066410241668
0.001800587650640878
0.001800496906392871
0.001800546854792258
0.001800614888405317
0.001800651419778553
0.00180065716354469
0.0018006532070716599
0.001800650564869699
0.0018006500163629659
0.001800650095383809
0.0018006501165076878
0.001800650078167906
0.001800650050373753
0.001800650059230938
0.0018006500756496588
0.001800650095109634
0.001800650113114812
0.0018006501210952699
0.0018006395024359832
0.001800517126016601
0.0017987931627807098
0.001795031569826384
0.0017875896763378419
0.0017765965719888528
0.001768753561571692
0.0017650714197718531
0.0017621860375286432
0.001760422544556617
0.001758989186572983
0.0017566436247329579
0.001754977259101685
0.001755473975105431
0.001757797976558051
0.001762188826686918
0.0017677023383907118
0.001773405087893464
0.001779161912587439
0.001784206183127493
0.001788197045498371
0.001791379454636951
0.001793893755438448
0.0017957269552829349
0.0017969913432833119
0.001797893320289053
0.001798662110710925
0.001799153977583922
0.001799538780374736
0.001799793519906649
0.001799986537007896
0.001800139810209659
0.0018001999633004229
0.001800252139613489
0.001800286958650351
0.001800317459182591
0.0018003381319959921
0.001800357782293889
0.001800382847116957
0.001800410122615928
0.0018004300489874259
0.0018004434208709161
0.001800454596268553
0.00180046468182988
0.0018004741379768052
0.001800483382792481
0.001800494484356276
0.001800495873387991
0.00180049890983809
0.0018005019891731739
0.001800502927947441
0.001800504132439145
0.001800505155149541
0.00180050611782717
0.0018005080671028501
0.0018005085028426871
0.001800508947203318
0.0018005089973904991
0.001800505814825358
0.001800425667065464
0.0018000860862698248
0.001799223198074153
0.0017974829548645609
0.001794551640247373
0.0017916545775465839
0.001789232209482537
0.001788169914368506
0.001787982058170271
0.001788089104070245
0.001788288370354225
0.001788536419649966
0.001789215863731118
0.001791138791875815
0.001794313761239004
0.0017973159740137061
0.00179939599023655
0.001800417979509247
0.001800738157449938
0.001800725747708545
0.001800605570870176
0.00180051353183624
0.00180049007778016
0.0018004931133286071
0.0018004992522295531
0.001800501564888448
0.001800502134466924
0.001800502170514081
0.001800502091636174
0.001800502035393628
0.001800502040271703
0.001800502061873248
0.001800502084539503
0.001800502106781434
0.001800502131702579
0.001800502162730492
0.001800502206535058
0.001800502274581944
0.001800502399309621
0.0018005026379247129
0.001800503045424239
0.0018005035156741299
0.001800504637839711
0.0018005036460913828
0.0018005041182707921
0.0018005042942565881
0.001800504438235247
0.001800504600353463
0.001800504749578939
0.00180050490708934
0.001800505119370421
0.001800505311900715
0.001800505440916291
0.001800534533616429
0.001800746265379586
0.0018017200110966168
0.00180285345383015
0.001803610679126293
0.0018040078784145029
0.0018041516269402
0.001804146337363831
0.001804053303921554
0.001803493290885507
0.001802561566652351
0.0018015371336141972
0.00180081030026072
0.0018004454204880518
0.001800374002165979
0.0018004316853323038
0.0018004942792256549
0.001800518163757483
0.001800515434057174
0.0018005107484145501
0.001800509550004577
0.001800509669352023
0.00180050982604689
0.0018005098576605579
0.001800509862671222
0.001800509880758552
0.001800509905839556
0.001800509934878479
0.001800510031039877
0.001800510204123248
0.001800509881703975
0.001800509958473221
0.001800509978614099
0.001800509990297458
0.001800510005361872
0.0018005100213490252
0.001800510037135068
0.001800510039928506
0.0018005174327509201
0.001800570987472469
0.001800741923770529
0.001800959295669019
0.001801182531300564
0.001801360343530099
0.001801436211960498
0.001801474787567965
0.0018014755367727101
0.00180146190123807
0.001801354294007954
0.001801149733888081
0.00180090587727946
0.0018006969618985492
0.001800545403284044
0.0018004872163039651
0.001800485517705169
0.0018004943536682428
0.00180050211904261
0.001800507123354749
0.0018005099813011131
0.001800514820071092
0.0018005120493871192
0.00180051111647737
0.001800510808733934
0.001800510675894609
0.0018005105493089839
0.0018005103527750591
0.0018005101619530891
0.001800510490647948
0.0018005146405880158
0.00180052516796606
0.00180053991141396
0.001800562986641183
0.001800600299147721
0.0018006759247323242
0.001800823915225213
0.001801070360500409
0.0018014491721609369
0.001802032839649912
0.001803009662655623
0.001803918382613755
0.0018052553684482602
0.001806579147939577
0.0018079027812808982
0.001809398256472139
0.0018113741134560739
0.001813856565628386
0.00181669491665389
0.001819471748983092
0.001822332228590199
0.001825560767847594
0.001828912472570678
0.0018320352587442661
0.001832864903848318
0.001828281768628621
0.0018194159748892418
0.001812046386580786
0.001806781381664543
0.0018035264145905181
0.001801910045183293
0.0018009509449111818
0.001800641953380481
0.001800608813868619
0.001800649760657801
0.001800673387661758
0.001800665469796258
0.001800642269073037
0.001800626385504919
0.001800618818539823
0.001800607189549871
0.001800600262052965
0.001800612794780169
0.001800597177775631
0.001800602854221401
0.001800598802383081
0.001800595319002257
0.00180059338392727
0.001800592171749108
0.001800591313263932
0.0018005907074873351
0.001800590508812517
0.001800620414222617
0.001800874571357346
0.001802894885767902
0.0018074835134107622
0.001813347894149735
0.0018207760470692212
0.001828916315632435
0.0018321593451247553
0.001835767884969352
0.001837127201210136
0.00183872835789727
0.001842279034014334
0.001848503155335179
0.0018531096138738972
0.001855677188254876
0.001854810185673653
0.0018491382081252518
0.0018386759675148249
0.001825516595133129
0.00181470652420923
0.001807152942900407
0.0018035954788521039
0.001802558518536053
0.001802299961233539
0.001802152068940372
0.001801834958308459
0.001801520239784858
0.0018013001558316948
0.0018011273497223232
0.001801018595771258
0.001800945644955182
0.0018008977859734858
0.001800870711194483
0.0018008625768007299
0.001800871841124765
0.001800857709165412
0.0018008489499247058
0.001800858597565913
0.0018008527353849172
0.00180083561162441
0.001800818329422509
0.001800802373046328
0.0018007873648391208
0.00180077380543501
0.001800761432341907
0.0018007511335645099
0.001800744338159983
0.0018007396629684711
0.001800736655792913
0.001800734259852373
0.001800733533162144
0.0018007328254570438
0.001800715614639507
0.0018005965590107101
0.001798709870250846
0.001793023258889245
0.001782314024362939
0.001763907863501595
0.0017499138266714
0.001743867952301572
0.001741102680469071
0.0017388740075169101
0.001736813797197832
0.001735581419857733
0.001733114819850889
0.001731133247641203
0.001731150389541094
0.001734079283113291
0.00173989960118084
0.001748592095483113
0.001758011987028327
0.0017653779202446741
0.001770970890577749
0.0017756568853606709
0.0017788542367978889
0.001781752447401208
0.001783554275097219
0.0017848738387398568
0.001785824244141354
0.001786606519649915
0.001787136660450543
0.00178717790946723
0.001786751842776063
0.001786310971437781
0.00178604744534773
0.001786650971772405
0.001788780704818253
0.001791059676604041
0.001792715846785891
0.0017940019977278458
0.001795057750735128
0.001795893697965942
0.0017966254320361719
0.001797101999879016
0.001797406842300734
0.0017976200659603652
0.001797894846557543
0.00179813861866994
0.001798345503545666
0.001798608367851371
0.001798917357245311
0.001799162256761355
0.0017993794350317101
0.0017995327414694218
0.001799652599016381
0.001799775662341436
0.001799933273903977
0.001800028741310213
0.001800112043982061
0.001800202807760919
0.001800252223969716
0.001800291272778048
0.001800344832301932
0.001800394761363048
0.001800435057731008
0.001800462742509277
0.001800481076892008
0.0018004947665239371
0.001800504046383619
0.0018005101000726459
0.001800514935340073
0.001800516634692016
0.00180051757662933
0.001800561473406727
0.0018007639619013781
0.001800998482142736
0.001801089109380181
0.00180112600189628
0.001801099887569448
0.0018009366764499659
0.001800747171194234
0.001800610344617231
0.00180053232833053
0.0018005073890016222
0.0018005133069634409
0.001800529548790596
0.0018005474036531229
0.001800569196436511
0.001800600775472073
0.001800646547688835
0.00180070602537629
0.001800794246378848
0.001800873247531753
0.0018009164544080952
0.001800921980615687
0.001800875437596207
0.0018007926259657901
0.001800691044664435
0.0018006123343385651
0.0018005693415176999
0.0018005425093602669
0.001800534852380794
0.0018005370095608801
0.0018005385546740371
0.001800546348057023
0.0018005547246625578
0.001800569392987175
0.001800594192931153
0.001800630495224987
0.001800678985658991
0.0018007345077473318
0.001800796083680552
0.001800855958078997
0.001800893651398688
0.001800893851817567
0.001800839540327908
0.0018007565404766488
0.001800671740962677
0.001800604186544096
0.001800563174313275
0.0018005495760384088
0.0018005385762532521
0.001800536192130815
0.001800535561461962
0.001800535688320128
0.001800535690603397
0.0018005356664774269
0.001800534888071833
0.001800531868249615
0.001800525758634977
0.001800515646184553
0.0018005005345016279
0.001800476513339069
0.001800449307706537
0.001800425376497517
0.001800408690268917
0.0018003933556268049
0.001800389198627817
0.0018003832431032528
0.001800375731344116
0.001800369995294605
0.001800365156820099
0.001800364997262876
0.001800414399265634
0.001800406469626707
0.001800408125115064
0.001800419886306041
0.0018004429167835382
0.001800471928334927
0.001800502805848289
0.0018005356133045292
0.0018005806330410668
0.001800627405894282
0.001800746393085257
0.001800807660765187
0.001800879696303888
0.001800979142267119
0.0018011207246809871
0.0018013477096476718
0.0018018213893503249
0.0018025796361678921
0.001803266430937257
0.001803834143132194
0.0018044327548889189
0.001804983788252174
0.001805705175264989
0.0018064180833283752
0.001807303472911981
0.001808090833270135
0.001808839202063943
0.001809584440503764
0.001810323395589602
0.001811083508074983
0.001811916369962466
0.001813042000015246
0.001814002458375275
0.00181511693225391
0.001816139199999158
0.0018171846640754712
0.001818342173671072
0.0018197942702541181
0.001821448338389962
0.001823598674369335
0.001826141985490637
0.001829369445112302
0.001831240558457476
0.001831143009886041
0.001828539599684775
0.001822849240947964
0.001815269589238192
0.0018089425447336321
0.0018044334387834339
0.001801992176496713
0.001800595828496763
0.001800059147061067
0.00180002393118054
0.0018001349437306322
0.001800259462320675
0.001800349513186667
0.001800425754572639
0.00180048829427431
0.001800526502869165
0.001800554530852735
0.0018005667609975
0.001800579032191818
0.0018005872296487319
0.001800592943225375
0.001800596691767252
0.0018005998435139938
0.0018006010654831649
0.0018006014339598218
0.0018006132719411909
0.001800746591441866
0.001802585823808569
0.001806236734701665
0.001813032668162317
0.0018216282670203518
0.001825861594581636
0.001832599185373515
0.001844183643270011
0.001856096457748161
0.001862612297068751
0.0018612660474950369
0.001851431339426874
0.001834946339516507
0.001819331546974913
0.00180729912981911
0.0018015851495091339
0.001799305840082916
0.001799472499633454
0.001800312328266452
0.001800783478954625
0.001800789110294227
0.001800724490180129
0.00180070672661951
0.001800709480316144
0.00180070753046887
0.001800708021234957
0.0018007081761241609
0.001800708159167655
0.001800708168720087
0.001800708217285289
0.001800708278617825
0.001800708374533102
0.001800708447330066
0.001800708528864721
0.0018007086186561199
0.0018007087104969371
0.001800708855512037
0.0018007090814424278
0.001800709145212277
0.0018007167809980622
0.0018008068935473698
0.001802178984970756
0.001806151144928805
0.001814467310682245
0.001832416959333992
0.001858092967205939
0.001870451090735157
0.0018833412852464562
0.001888398297958091
0.001895434508365278
0.0019064334773595509
0.0019208967103319311
0.0019248331964877962
0.001918921588508913
0.0019014526176278361
0.001874385683568618
0.001848299972836872
0.001828307139704292
0.0018152294387544041
0.001808946214547591
0.001806755674172078
0.0018061726604216562
0.001805579785704026
0.00180501054783952
0.00180461943155808
0.001804423068567538
0.001804186523922811
0.001803875268413179
0.001803446802934115
0.001803069163600717
0.0018027285773236639
0.001802404181436964
0.001802118788216721
0.001801851937950088
0.001801698255641133
0.001801609300057054
0.001801539317347631
0.001801452181806696
0.001801397772365635
0.0018013828502450619
0.001801330724784708
0.001801287429206869
0.001801249945281486
0.001801224688119942
0.0018012087349075611
0.001801185133193392
0.0018011786785500162
0.001801167219595059
0.001801153480064888
0.001801147977713285
0.00180113988089571
0.0018011344293817478
0.001801122884194153
0.001801117012782148
0.001801109269391081
0.00180110559880477
0.001801099191121604
0.001801094829702585
0.001801086664381428
0.001801079541530543
0.00180106989402949
0.0018010572097782779
0.001801047827080684
0.001801042022473795
0.001801038154270157
0.001801035477199139
0.001801033829264813
0.00180103247193925
0.001800934251092685
0.001799923617164534
0.001789024602196046
0.001767006824744435
0.0017305792825400988
0.001687359689050796
0.001657262832348033
0.0016535375629869041
0.00164900827043642
0.001649761199379756
0.001659632079562031
0.0016779277822327869
0.00170478031493333
0.001733215335633054
0.001758565774090804
0.001775265301928854
0.001786918588853245
0.001794728384984997
0.0017996790359607968
0.001801006695656126
0.001801257282983146
0.001801094085082682
0.0018008746490616942
0.001800716392898241
0.0018006574369888431
0.001800668171963423
0.001800684202037456
0.001800687748792149
0.001800687746288156
0.0018006879245328511
0.001800688292481341
0.001800688584371486
0.001800688695757786
0.0018006888405518841
0.0018006888080234161
0.0018006887592457968
0.001800711054130575
0.001800962411139318
0.001802700484387619
0.001806818877057442
0.001815942739141569
0.001832100075601577
0.001847879329421086
0.001866930006653008
0.001875579069310397
0.001887826368367575
0.0019095332647292309
0.0019253849027236793
0.0019280283529840231
0.001913675791645018
0.0018844499675918541
0.001853334667069889
0.0018256180591162531
0.001808447341198356
0.0017999584953034909
0.001797967022573916
0.001799318615540155
0.001800631396198395
0.001801065687046135
0.0018010167113377891
0.001800942392462982
0.001800920229416606
0.0018009198670078958
0.00180091960138654
0.00180091563426942
0.0018009063679258592
0.001800898235606629
0.001800882317359809
0.001800856647663647
0.001800817785073597
0.001800759031705386
0.001800652012292833
0.001800564375398178
0.001800516811548419
0.001800525941956353
0.0018005588669419501
0.00180062966240646
0.001800701272705827
0.001800762830922409
0.0018008152324065921
0.0018008489307771989
0.0018008682989084771
0.001800859684912921
0.001800868157325979
0.001800869765888131
0.001800875625825807
0.0018008807912283289
0.001800885644822344
0.001800895512386162
0.001800903888016346
0.0018009039195544911
0.00180039944620119
0.001796512141365391
0.0017785882338261182
0.001757910944584688
0.00174057932843825
0.001735508760844244
0.001731474969222106
0.001732877653409977
0.001741696321176244
0.001756398745712992
0.001768382657881101
0.001777866466496013
0.0017828254057131521
0.001784866034308292
0.001784739168492533
0.001781878237325805
0.001777937557663576
0.001776042360939043
0.0017774273810789681
0.001781331762259272
0.001785730185284728
0.001789889856206572
0.001793579468930176
0.0017970455427915768
0.001799317615335526
0.001800121687501375
0.001800493076204407
0.001800655462548612
0.001800713618204951
0.0018007223292761329
0.001800712657619603
0.00180070418405266
0.001800700306927031
0.001800699936009248
0.001800700652924668
0.00180070125687174
0.001800701686834243
0.001800702036499816
0.001800702360070287
0.001800702754675757
0.00180070313977674
0.00180070356781691
0.001800704004314682
0.0018007043310713901
0.001800704500815638
0.001800704582621794
0.001800704612263781
0.0018006751398285529
0.001800416617968446
0.001798013785175901
0.0017931971315836481
0.001784339134096702
0.001777885321636934
0.001771054514905124
0.001768195064403732
0.001765392313314145
0.001762646831075936
0.001765387926875832
0.0017728978518968459
0.001782156655038417
0.001791353851837712
0.001797841374091857
0.001800503501661332
0.001801229571726277
0.0018011540586810701
0.001800859495738131
0.0018006581302688499
0.0018006244098151799
0.001800641195688883
0.001800653144232842
0.0018006554436502422
0.0018006547978468399
0.001800654502299812
0.001800654557414413
0.001800654672117232
0.0018006547875530049
0.0018006549343077098
0.001800655081444051
0.001800655161105622
0.0018006551929643521
0.001800655207335991
0.001800655216511329
0.001800655218661047
0.00180017864917543
0.001797275365850609
0.0017847646279113589
0.001776623659310277
0.001770287404532607
0.0017693752094674
0.00176954920806277
0.0017738287935102212
0.0017811251995923049
0.001787545188659564
0.001792605497809437
0.001796402893164371
0.0017988162060055362
0.0018004631795812231
0.0018009924938905341
0.001800912757857382
0.0018006967647113269
0.001800583146670488
0.001800585462874553
0.001800602571113625
0.0018006055989541509
0.001800605144866503
0.001800605001698693
0.001800605041174317
0.001800605070821333
0.00180060507994538
0.001800605081289548
0.001800605080159828
0.001800705661435632
0.001801425780157519
0.001805400095065823
0.001810715732997356
0.001816200855153828
0.001819345651633543
0.001819942425668981
0.0018201280525156067
0.001819944649742367
0.0018197328405568961
0.0018194624213705279
0.001818666411862478
0.001816367972403964
0.001813205844978389
0.001809307823070714
0.001805348878728217
0.001802201381959034
0.001800473138132646
0.001799844277950851
0.00179988933501426
0.0018001913924169351
0.001800462338721035
0.001800709788726853
0.001800613374531263
0.001800633723663959
0.001800642630646168
0.001800637132741
0.001800633428722601
0.00180063306708609
0.00180063337355138
0.001800633389809061
0.001800633304639955
0.001800633248390023
0.0018006332258023931
0.00180063320555514
0.001800633191529691
0.0018006331791084551
0.001800633171066498
0.0018006331679830871
0.0018006637159560272
0.001800961275995157
0.001803786580497384
0.001808174143495435
0.001812750007054153
