0.8301990661703808
0.8301990661703833
0.8301990661703829
0.8301990661703827
0.8301990661703827
0.8301990113222363
0.8301983533459468
0.8301904664375771
0.8301716237090251
0.8301450458235136
0.8301176429216889
0.8300920579757338
0.83006861517335
0.8300600553916286
0.8300527644051056
0.8300502536391757
0.8300474676912024
0.8300428088543795
0.8300405794763963
0.8300463906904139
0.830059704509385
0.830079254179638
0.8301033058458829
0.8301330548232915
0.8301548422404792
0.8301644110719214
0.8301692577871774
0.8301716298972526
0.8301723496038678
0.8301723735908194
0.8301721796587367
0.8301720499696987
0.8301720467940092
0.8301720939972171
0.8301721467888291
0.8301721532859379
0.8301721269370334
0.8301720856499719
0.8301720375731418
0.8301719764881762
0.8301718828107258
0.8301716586911406
0.8301714856820984
0.8301699377514627
0.8301682466161844
0.8301634509359689
0.8301567997934799
0.8301461722780352
0.830131779041466
0.830116755292245
0.8301054303992161
0.830100789121231
0.8301015142570488
0.8301069157643683
0.8301161867607493
0.8301279970433214
0.8301378456075791
0.8301421489848805
0.8301436937645744
0.8301439223821112
0.8301439244676027
0.8301440052688724
0.8301440564067539
0.830144102542194
0.8301441236399341
0.8301440802167814
0.8301440028468582
0.8301439256578518
0.8301440214698025
0.8301441210820897
0.830144159308262
0.8301441547837061
0.8301441361018534
0.8301441180072375
0.8301441119134291
0.8301440975902206
0.8301440914721637
0.8301440790861245
0.8301440710334496
0.8301440674142603
0.8301440612298033
0.8301440583258686
0.8301440564182885
0.8301440560631548
0.8301440358004025
0.8301437405964307
0.8301383140113171
0.8301252413210103
0.8300983749194997
0.8300538094138643
0.8299942059126607
0.8299747518240839
0.8299566296160411
0.8299481618459135
0.8299389096790641
0.8299229239536439
0.8299073855180927
0.8298998873439232
0.8298996481701713
0.8299089967162687
0.8299251188702388
0.8299473549453252
0.8299717054039573
0.8299939333963322
0.8300123844998986
0.8300257042282353
0.8300356266129327
0.8300427745567097
0.830047727596314
0.8300519563132002
0.830055140574474
0.8300569549476664
0.8300575803508501
0.8300579788973648
0.8300583124308393
0.8300586243373339
0.8300587254208251
0.830058857925289
0.8300589993666787
0.830059072328648
0.8300590107642867
0.8300589198528352
0.8300588393691541
0.8300587587161913
0.8300587039260594
0.8300586604369913
0.8300586529712549
0.830058640140815
0.8300586387038846
0.8300586371029521
0.8300586354457145
0.8300586345738713
0.8300586170834461
0.8300583472557811
0.8300528339319794
0.8300361335335911
0.8300052238570278
0.8299514779445873
0.8298937159137888
0.8298638218896482
0.8298373057686734
0.8298290347306647
0.8298187872720524
0.8298016093759184
0.8297889399844829
0.8297811364698423
0.829785321529166
0.8297947721151733
0.8298079581630167
0.8298250184888649
0.8298491897391198
0.8298936177414258
0.8299323929763849
0.8299732195887685
0.8300279045419726
0.830115766084509
0.8303029301581795
0.8305093739656998
0.8306974375519877
0.8308755800630799
0.8310286157898781
0.8311246287584145
0.8310650783664187
0.8309300613500518
0.8307657464519496
0.8305928790901068
0.8304284601062272
0.8302819836405082
0.830183470266456
0.8301351089684028
0.8301243363349862
0.8301231830278578
0.8301244299444015
0.830125877167132
0.8301268731271978
0.8301273720152081
0.8301275462147589
0.8301275280652953
0.8301274915095029
0.8301274684044343
0.8301274603619524
0.8301274603358452
0.8301274620457468
0.8301274627699978
0.8301274629232933
0.8301274630053126
0.8301274631980083
0.8301274635801428
0.8301274642989994
0.8301274652365102
0.8301274657674386
0.8301274661695761
0.8301274664513649
0.8301274666668587
0.8301274668924267
0.8301274670929658
0.8301274672809427
0.8301274675291122
0.830127467749398
0.8301274678151288
0.8301277888515829
0.8301306287832577
0.83014936612132
0.8301617998394003
0.8301748477924467
0.8301807646365115
0.8301850468365559
0.8301842693112816
0.8301689969520617
0.8301500712167845
0.830135423438091
0.8301305000225202
0.830131910888294
0.830134541724024
0.8301357472935218
0.8301358364738729
0.8301355893697556
0.8301354619747686
0.8301354702818425
0.8301354900009614
0.8301354909491296
0.830135490074782
0.830135490053977
0.8301354901260493
0.8301354901670148
0.8301354902013993
0.8301354902260968
0.8301354902316017
0.8301363474410619
0.8301430426258083
0.8301644872702741
0.8301929845359167
0.8302146569406396
0.8302214649588486
0.8302252653662019
0.8302175706652182
0.8301958677166698
0.8301720762004693
0.8301538201733738
0.8301470360686257
0.8301464345203438
0.8301477882663928
0.830148949766132
0.8301494155041202
0.8301494084342756
0.8301493155864725
0.8301492877444364
0.8301492925013823
0.8301492947089609
0.8301492948759586
0.8301492949254135
0.8301492950450172
0.8301492951669551
0.8301492953247688
0.8301492954539716
0.8301492954604295
0.8301491473633319
0.8301475112872674
0.8301312243468763
0.8301014838950558
0.830062727612151
0.8300361353501994
0.8300240683893344
0.830013279718253
0.8300067760658051
0.8300013089661841
0.8299924833485128
0.82998733909787
0.829997114265763
0.8300228598680316
0.830057881311052
0.8300933812026802
0.8301162894442309
0.8301258365707282
0.8301262059244389
0.8301238287888946
0.8301220410481024
0.8301215126041623
0.8301216073543155
0.8301217414057496
0.8301217727640424
0.8301217647783625
0.8301217605705571
0.830121760309598
0.83012176017601
0.8301217598749397
0.830121759543004
0.8301217592408859
0.8301217589967873
0.8301217588146738
0.8301217587721526
0.8301217457351072
0.8301215396056298
0.8301170233714595
0.8301043905476844
0.8300754650939833
0.8300262950680516
0.8299766115036866
0.8299520994213675
0.8299403341598528
0.8299291885211201
0.8299200570917273
0.8299124675574208
0.8298987806704834
0.8298780296727364
0.829864629740324
0.829856674146479
0.8298556774497992
0.8298632426058917
0.8298781783679952
0.8299009500233983
0.8299292062053408
0.8299543599060681
0.8299719571915747
0.8299852141578862
0.8299958478752272
0.8300018011042354
0.8300070156440665
0.8300105599923762
0.8300126866565584
0.8300134487111991
0.8300137636839311
0.8300141918946585
0.8300144080935022
0.8300144805869883
0.8300146022168886
0.8300145954049089
0.8300143318889754
0.8300140711421
0.8300137741644454
0.8300134598698766
0.8300131637995745
0.830012925292137
0.8300127598675323
0.8300126325348398
0.8300125169396129
0.8300124332319552
0.8300123782198826
0.8300122699182391
0.8300121822907245
0.8300121133799713
0.8300121097528882
0.8300122473427377
0.8300140766655444
0.8300339851222927
0.8300687328144429
0.8301262892726525
0.8302060778638473
0.8302825888585085
0.8303039580736116
0.8303302848478666
0.8303411557373727
0.8303092391311852
0.8302452352613552
0.8301688750247926
0.8300971009124297
0.8300597333148001
0.8300477541173082
0.8300499869649007
0.8300541389202053
0.8300572723856806
0.8300593648763627
0.8300611019866406
0.8300634589298542
0.8300684377211472
0.8300753066875658
0.8300863364976561
0.8301061587342463
0.8301444578866983
0.830197174283059
0.8302418679754623
0.8302765374571196
0.8302957544971371
0.8302889261044322
0.8302423550867357
0.8301988424391087
0.8301627292869558
0.8301357724428986
0.8301188447612801
0.8301093118139047
0.8301055191055646
0.8301048601936148
0.8301048368315949
0.8301049750268426
0.8301050774935619
0.8301051351208482
0.8301051615663533
0.8301051686738612
0.8301051671112705
0.8301051648524311
0.8301051640397302
0.8301051643254106
0.8301051646681419
0.8301051649299751
0.8301051610918803
0.8301051644366796
0.8301051649354699
0.830105164874784
0.8301051650436542
0.8301051653935917
0.8301051659125219
0.8301051663258493
0.8301051666332622
0.8301051668623638
0.8301051669875542
0.8301050515296897
0.8301036378429801
0.8300871976289216
0.8300544305160299
0.8300161360974286
0.8299973839805929
0.8300055647597357
0.8300152306170828
0.8300348053966246
0.8300898268631545
0.8301725490841835
0.8302503029229827
0.8302972696324752
0.8303014392764617
0.8302640886334323
0.8302063708530475
0.8301596172232286
0.8301303846922715
0.8301175800595255
0.8301152093324139
0.8301166910547046
0.830118551782198
0.830119454588639
0.8301196963359273
0.8301196521873997
0.8301195740632162
0.830119549823906
0.8301195522258894
0.8301195558414041
0.8301195564826221
0.8301195567354579
0.8301195572287793
0.8301195552238209
0.8301195585617177
0.8301195582133699
0.8301195582464725
0.8301195583932928
0.8301195585211739
0.8301195586509073
0.830119558819038
0.8301195589692223
0.8301195590163393
0.83011949583842
0.8301186845432359
0.8301078758565523
0.8300876391563979
0.8300571248821378
0.8300328611235834
0.8300218440767744
0.8300124377499607
0.8300071565293484
0.8300025425534154
0.829995705128659
0.8299884543586001
0.8299826127905826
0.8299763444191312
0.8299726788245617
0.8299760333633514
0.829990507819302
0.8300139954545905
0.8300385731602822
0.8300571988145737
0.8300695495514511
0.8300748737329109
0.830077123350867
0.8300774154345709
0.8300770220466858
0.8300766214374756
0.8300764438688063
0.8300764350837394
0.8300764346307923
0.8300764576608523
0.830076470396538
0.8300764690593141
0.8300764674107584
0.8300764667433449
0.8300764663566731
0.8300764658105154
0.8300764650070813
0.8300764640843338
0.8300764632974464
0.8300764626490957
0.8300764621504982
0.8300764617865466
0.8300764617560925
0.8300763860916643
0.8300753744395257
0.8300613294026997
0.8300336852021761
0.8299945428428943
0.8299761466306318
0.8299881847087065
0.8300019026210553
0.8300286280853142
0.8301014582261911
0.8302120946486095
0.8303216208605735
0.8303911747921219
0.8304057381594394
0.8303580333642373
0.8302689925115335
0.8301862015484954
0.8301250560502454
0.8300926356076954
0.8300849700377912
0.8300888825167599
0.8300958819615478
0.8301007690279107
0.8301029866959686
0.8301035619658835
0.8301034548205162
0.8301032244946982
0.830103103192454
0.8301030949621682
0.8301031086336378
0.8301031145720549
0.8301031150284723
0.830103114885795
0.8301031151992229
0.8301031155428567
0.8301031158253125
0.8301031160724046
0.8301031162374988
0.8301031164177336
0.8301031166046975
0.830103116780179
0.8301031169602975
0.8301031171942165
0.830103117498752
0.8301031177802776
0.8301031179341244
0.8301031326809134
0.8301033756624208
0.830109510168857
0.8301253462704431
0.8301593318467692
0.8302304933467858
0.8303258642416512
0.8304465597025521
0.8305019971975942
0.8305257397537339
0.8305456346674991
0.8305573496935194
0.8305660202062929
0.8305760034638924
0.8305676243738108
0.8305266418269007
0.8304530751627301
0.8303688796632079
0.8302966396020297
0.8302482300689662
0.8302084409591171
0.8301831205757234
0.8301735646194787
0.8301691840875337
0.8301673039740429
0.8301664273292919
0.8301657961442395
0.8301653815261336
0.8301653432519117
0.8301652530933509
0.8301651233219528
0.8301650479506578
0.830165015225686
0.8301650245554363
0.8301650378954492
0.830165043748282
0.8301650440471924
0.8301650432881305
0.8301650430353217
0.8301650432017168
0.8301650435593784
0.8301650441367385
0.830165044941647
0.8301650458669254
0.8301650470076261
0.8301650487189424
0.8301650506198938
0.8301650534219138
0.8301650555530277
0.8301650562881173
0.8301648974874263
0.8301631169135067
0.8301448536785729
0.8301114758065777
0.83007332300096
0.8300356160881425
0.8300017054586567
0.8299908897423967
0.8299826330948673
0.8299793841560497
0.8299765835282831
0.8299737869283668
0.8299743745766848
0.8299859989554093
0.8300080097788431
0.830036066762342
0.8300536810080128
0.8300895360087643
0.8301262854108145
0.8301372979034924
0.8301395228489414
0.8301388960968537
0.8301374802417907
0.8301361667145193
0.830135358938365
0.8301350826025914
0.8301351170867803
0.8301352111814779
0.8301352553505653
0.8301352539187596
0.8301352477773875
0.8301352458257921
0.8301352456150429
0.8301352451980375
0.8301352442074412
0.8301352426187254
0.8301352398939559
0.8301352355214076
0.8301352314351778
0.8301352290770692
0.8301352288050435
0.8301352279388893
0.8301352165028785
0.830135170136241
0.8301360891597075
0.8301435208242658
0.830164369710859
0.8301975653005662
0.8302442179516278
0.8302925737117844
0.8303014555196181
0.8303166572657853
0.8303285773115366
0.8303300370183048
0.8303084387633184
0.8302649174408702
0.8302180314999313
0.830179509907753
0.8301530006009175
0.8301391859545525
0.8301390701727043
0.8301447655517495
0.8301495759385582
0.8301525697464965
0.8301539444176843
0.830154320474236
0.8301542195470112
0.8301540278384377
0.8301539404971932
0.8301539388328518
0.8301539518679079
0.8301539559139268
0.8301539556659718
0.8301539552607934
0.8301539551899181
0.830153955173783
0.8301539551325889
0.8301539550723773
0.8301539549923383
0.8301539549091894
0.8301539548138037
0.8301539547332739
0.830153954723812
0.8301539048802224
0.8301532773837038
0.8301453513890188
0.8301268135519998
0.8301019377720462
0.8300818373757111
0.8300782642426242
0.8300855704627207
0.8300887799996142
0.8300957405706203
0.8301072979821003
0.8301237035696656
0.8301384423230114
0.8301452401558661
0.8301470649142728
0.8301464120111222
0.8301456503740632
0.8301454378199895
0.8301453997934675
0.8301453219232955
0.8301452490571375
0.8301452262599298
0.8301452407001984
0.8301452557788739
0.8301452576665929
0.8301452556738739
0.8301452547953742
0.8301452546754431
0.8301452546005282
0.8301452544036783
0.8301452540401598
0.8301452536092685
0.830145253193302
0.8301452527946577
0.8301452524063729
0.8301452520135857
0.830145251592506
0.8301452511140198
0.8301452505379605
0.8301452498029661
0.8301452488073481
0.8301452473658181
0.8301452450960366
0.8301452410278124
0.830145231079924
0.8301452131665438
0.8301451914374882
0.8301451566344836
0.8301451101916633
0.8301450447179486
0.8301449526742716
0.8301448201420719
0.8301446153841145
0.8301442187702487
0.8301436437176339
0.8301430574266464
0.8301424316592484
0.8301417276486389
0.8301409801332909
0.8301402051399528
0.8301396652472621
0.8301397069208564
0.8301401199347813
0.830140523891933
0.8301408577118605
0.8301410280095529
0.8301412007469545
0.8301413050131817
0.8301413337396373
0.8301413381802824
0.8301413368543836
0.8301413336172674
0.8301413296633282
0.8301413204326709
0.8301413100393111
0.8301413187999219
0.8301413077903348
0.8301413001012552
0.8301412926492884
0.8301412876634569
0.8301412577279875
0.830140831849111
0.83013348985497
0.8301155104222365
0.8300787044208673
0.8300239905391262
0.8299823839329968
0.829962502575959
0.8299438218151146
0.8299342566930498
0.829939417140986
0.8299207282379985
0.8298939011998708
0.8298783133287574
0.8298725778923366
0.8298773668948678
0.8298878531604407
0.8298990895605928
0.8299054989592863
0.8299003087115381
0.8298926342325058
0.829891473357779
0.8299033206811128
0.8299268912186826
0.8299562198633462
0.829986614394907
0.8300141623989272
0.8300387956492268
0.8300455944096243
0.8300467653580037
0.8300465178839125
0.8300459989605216
0.8300456061720726
0.8300453925650372
0.8300453536682884
0.8300453630712692
0.8300453236876002
0.8300453237769082
0.8300453131737715
0.8300453139050568
0.830045330069073
0.8300453474517328
0.8300453542086987
0.8300453457638793
0.8300453340296812
0.8300453244918301
0.8300453184524247
0.8300453153040934
0.8300453126850856
0.8300453095746837
0.830045305430238
0.830045299710021
0.8300452914359342
0.8300452836656871
0.8300452775356545
0.830045249292781
0.8300447910241252
0.8300343034452549
0.8300008745949726
0.8299318490260565
0.8298190014408744
0.8297206693669261
0.8296786821148739
0.8296490422997045
0.8296429629357237
0.8296407991274634
0.8296567141029768
0.8297225859871942
0.8298704374875536
0.8300299313072976
0.8301810772896485
0.8303037382130691
0.8303472995754884
0.8302744140244133
0.8301475413533467
0.830029052648538
0.829929719026427
0.8298618922870293
0.8298420719398543
0.8298637999356848
0.8298935680542878
0.8299258968631013
0.8299346310737306
0.8299436840107304
0.8299526867214782
0.8299617969357228
0.829968253319243
0.829971989307389
0.829974318817076
0.829975149879664
0.829975390223371
0.8299753662424517
0.829975290526267
0.8299752204066438
0.8299751533603478
0.8299751339295912
0.8299751461246633
0.829975143516041
0.8299751351911474
0.8299751307138071
0.8299751294104902
0.8299751279019847
0.8299751232711851
0.829975117733348
0.8299751124476606
0.829975107155292
0.8299751019726639
0.8299750999729568
0.8299751382407055
0.8299757772216727
0.8299919139416171
0.8300336486160885
0.830108139497671
0.8302422682225721
0.8304240579738896
0.830596085650834
0.8307148034090093
0.8307398580435702
0.83076683715965
0.8307804018557634
0.8307473717834916
0.8306583244125471
0.8305258991113993
0.8303908430151018
0.8302976452955406
0.8302400003773625
0.8302053360036954
0.8301841874261942
0.8301756213771991
0.8301700457289413
0.8301654252557805
0.8301603018587789
0.8301542395630112
0.8301475245833843
0.83014152830431
0.8301373778138665
0.8301344611288951
0.8301319138308237
0.830128776933071
0.8301262888252591
0.8301245273398906
0.8301229012984392
0.8301213071317581
0.8301195111801238
0.8301173903469021
0.830115036656025
0.8301135435693765
0.8301126151795803
0.8301117766066662
0.8301111337685265
0.830110533068601
0.8301101324845773
0.8301096883135859
0.8301093369862063
0.8301090509137367
0.830108813845399
0.8301085819481708
0.8301083322700779
0.8301080876480973
0.8301078161394047
0.8301075661238427
0.8301073739838292
0.8301072058187517
0.8301070574290594
0.830106876877959
0.8301066711080773
0.8301064093962541
0.8301061231866741
0.830105800624548
0.830105380154967
0.8301049180968342
0.8301046926108192
0.8301046247024453
0.8301046123294016
0.8301046144153718
0.8301046192357365
0.8301046681878563
0.8301046992648891
0.8301047336971292
0.8301047699385224
0.8301048004625351
0.8301048351311605
0.8301048633262275
0.8301048884573604
0.8301049104156736
0.8301049291313308
0.8301049447914287
0.8301049576120497
0.8301048361311543
0.8301034458061114
0.8300883901909277
0.830057915285868
0.8300205466089222
0.8299879576058726
0.8299745400803846
0.8299694610104816
0.8299657007027794
0.8299640297211965
0.8299633446162552
0.829965750523841
0.8299807138470113
0.8300131094362034
0.8300792075963688
0.8301941856922778
0.830326983388952
0.8304217828433627
0.8304804530072936
0.8304984540734837
0.8304605883272781
0.8303823660205017
0.8303032609850152
0.8302355629593416
0.8301852472381109
0.8301524124542442
0.830139408966952
0.8301359927968471
0.8301360819078084
0.8301370346175833
0.8301378031739903
0.8301381394842713
0.8301382047895987
0.8301381890143927
0.8301381658929082
0.8301381556115128
0.8301381553556387
0.8301381578226075
0.8301381594410187
0.8301381609244053
0.8301381626562874
0.8301381645719329
0.8301381661309165
0.8301381682612412
0.830138169880077
0.8301381712084859
0.8301381714433435
0.8301381346031815
0.8301376408773997
0.8301303875165443
0.8301104883094922
0.8300814277591564
0.8300504661094903
0.8300356413030691
0.8300312065569984
0.8300289676705482
0.8300288057424112
0.8300289587977198
0.8300305043595181
0.8300367186304048
0.8300469307073475
0.8300609044299065
0.830074625009229
0.8300858466480665
0.8300964297117869
0.8301067286885269
0.8301141781703426
0.830118253869143
0.8301194317855289
0.8301188656427597
0.830118111788796
0.8301178084947501
0.8301178151369247
0.830117873738228
0.8301178939210005
0.8301178926070658
0.8301178899000837
0.8301178892986151
0.8301178893200989
0.8301178892878904
0.8301178892033451
0.8301178891264752
0.830117889060951
0.8301178889833264
0.8301178889118075
0.830117888815145
0.8301178887281124
0.8301178886771197
0.8301178886614021
0.8301176132813538
0.8301150158838423
0.830096010800298
0.8300760194873505
0.8300678818627236
0.8300565999354222
0.8300493641334069
0.8300480518592648
0.8300578216537502
0.8300719230001056
0.8300848624228556
0.8300940901222683
0.830099290231221
0.8301014456716199
0.8301021914051121
0.8301022802324085
0.8301020341761702
0.8301018102528182
0.8301016980640992
0.8301016538852608
0.8301016493630256
0.8301016594053897
0.8301016681395609
0.830101670333301
0.8301016692233906
0.830101668757422
0.8301016688312389
0.830101668941861
0.8301016690391558
0.8301016691473714
0.8301016692665193
0.830101669387214
0.8301016694977004
0.8301016695038367
0.8301004676119619
0.8300907956434693
0.8300583610562909
0.8300243474159902
0.829986463145952
0.8299660825581545
0.8299456798733683
0.8299270441482284
0.8299234759526956
0.829942141005516
0.829974933457337
0.8300147229629575
0.830046561498902
0.8300603217134747
0.830064217465147
0.8300638154034726
0.8300630856448736
0.8300628678763607
0.8300628323832067
0.8300627790674124
0.830062739184907
0.8300627323894778
0.8300627377540196
0.8300627396724609
0.8300627372954321
0.8300627329862289
0.8300627268997671
0.8300627175944962
0.8300627026445722
0.8300626733781351
0.8300626357437514
0.8300625818062128
0.830062507885318
0.8300624014631391
0.8300622147365934
0.8300621047220086
0.8300620226407001
0.8300619689558972
0.830061906564448
0.8300611804732512
0.8300538955411297
0.8300444499108296
0.830039101025666
0.8300404988385794
0.8300464908844489
0.8300633439606453
0.8300967843733733
0.8301386959447553
0.8301667303888978
0.8301753227973274
0.830158634906903
0.8301216020997458
0.8300928773518448
0.8300753969920364
0.8300688749050836
0.8300698076380317
0.8300729899271734
0.8300746629155561
0.8300751595820767
0.8300751212671267
0.8300750222897441
0.8300749608068156
0.8300749351352471
0.8300749126196599
0.8300749168954231
0.8300749364443551
0.8300749536254135
0.8300749656686665
0.8300749736588771
0.8300749802331611
0.8300749734975724
0.8300749766949468
0.8300749863904445
0.8300749947762257
0.8300750019255412
0.8300750091199698
0.8300750040788811
0.830075013849458
0.8300750311017068
0.8300750384162822
0.8300750590360181
0.830075071549609
0.8300750855106801
0.8300750973307832
0.8300751034613316
0.8300751186245142
0.8300751286067075
0.8300751422587596
0.8300751557946339
0.8300751785344045
0.8300752125746592
0.830075241958681
0.8300752652102755
0.830075283498472
0.8300752931451404
0.8300752965159918
0.8300753577184654
0.8300773403150465
0.830085732345293
0.8301089995183736
0.8301669084636703
0.8302431321631301
0.8303071280140212
0.8303413229190935
0.8303755268879827
0.8303971351144183
0.8304151627884794
0.830446798325203
0.8304809417704857
0.8304762925856276
0.8304229623501783
0.830338876824829
0.830250297134685
0.8301830453647857
0.8301416247846094
0.830121874379336
0.830117799282634
0.8301210568938195
0.8301238094398073
0.8301250922522473
0.8301254486002885
0.8301254359930551
0.8301253592691649
0.8301253207037937
0.8301253157813104
0.8301253193644569
0.8301253211948652
0.830125322054143
0.8301253231423047
0.8301253250317447
0.83012532773457
0.8301253297360334
0.8301253311910975
0.8301253309674695
0.8301252086000532
0.8301238117174995
0.8301101402031024
0.8300871343866433
0.8300704828094314
0.8300741975823025
0.830098633237399
0.8301113321328631
0.8301315750300948
0.8301768585757724
0.8302270033663628
0.8302485390267378
0.8302389706407093
0.8302069272995223
0.8301732506777199
0.8301475209227989
0.8301343892621595
0.8301316163260517
0.8301327057464182
0.8301341620087144
0.8301350214569247
0.8301353105724208
0.8301353007961875
0.8301352292438497
0.8301352034693987
0.8301352043673682
0.8301352074516775
0.8301352081168419
0.8301351718068709
0.830135192419391
0.8301352042305029
0.8301352026025692
0.8301352006559669
0.8301352001914438
0.8301352004202693
0.8301352006152519
0.83013520073237
0.830135200840624
0.8301352009780695
0.830135201171446
0.8301352015003759
0.8301352018636989
0.8301352021623075
0.8301352023930212
0.8301352025103804
0.8301351607646178
0.83013460833964
0.8301267090662275
0.8301077919299195
0.8300759054123772
0.8300506591858778
0.8300407798954549
0.830033813843619
0.8300316163533545
0.8300298130921752
0.8300274237875381
0.8300230911273485
0.8300152483238492
0.8300034094796597
0.8299951268413546
0.8299986185355541
0.8300160432703756
0.830041706429184
0.8300639856020732
0.8300803792015804
0.8300893675803788
0.8300949047429661
0.8300972535552112
0.8300974872170326
0.830097116498717
0.8300967676115618
0.8300966191253539
0.8300966125584633
0.8300966349934347
0.8300966125795394
0.830096637778166
0.8300966398974431
0.8300966372076676
0.8300966362367619
0.8300966359495922
0.8300966355517848
0.8300966346687746
0.8300966337490105
0.8300966329582153
0.8300966323053514
0.8300966318018331
0.8300966314065825
0.8300966313463851
0.83009430866547
0.8300809063479655
0.8300453960305926
0.830038961643948
0.8300394676140189
0.8300579931847466
0.830087042355123
0.8301043444518618
0.8301061074223819
0.8300982277406839
0.8300914720427491
0.8300889207837516
0.8300891897304984
0.8300899563998365
0.8300902285502232
0.8300902053364442
0.8300901629278173
0.8300901566987288
0.8300901592631201
0.830090159564449
0.8300901594770368
0.8300893566862266
0.8300858614501946
0.8300921233803715
0.8301013033812903
0.830123364975769
0.8301477090555655
0.8301649839547696
0.830159632468211
0.830138716652895
0.8301164597770064
0.830103021629455
0.8300993574426806
0.8301006554629027
0.8301025484329538
0.8301034029640345
0.8301034283363723
0.83010328208359
0.8301032261006949
0.8301032356573005
0.8301032411930228
0.8301032414679715
0.8301032416869514
0.8301032419779739
0.8301032420184079
0.8301041872458406
0.8301124165503462
0.8301505063104289
0.8301809368389523
0.8302129375711875
0.830221162446672
0.8302402544514742
0.8302568102736041
0.8302299468094577
0.8301886948901871
0.8301534255505175
0.8301315479005883
0.830123257535134
0.8301241291437937
0.8301264469843856
0.8301279403854034
0.8301283332155862
0.8301282315780685
0.8301281169408937
0.8301280983994542
0.8301281075338905
0.8301281097822379
0.8301281098958234
0.8301281100907152
0.8301281103313338
0.8301281105320847
0.8301281106778964
0.8301281107503795
0.8301280680565224
0.8301277883409963
0.8301306540946753
0.8301435645199672
0.8301708306110958
0.8302079659309612
0.8302226551119962
0.8302464946544718
0.8302677739832228
0.8302641406449691
0.8302392337522874
0.8302039907208371
0.830171087697559
0.8301517247688659
0.830143875042323
0.8301430259738233
0.8301447191974234
0.8301461337164419
0.8301467883649626
0.8301469229299973
0.8301468563625954
0.8301467881578666
0.8301467748189063
0.8301467806845504
0.8301467828802555
0.8301467832146228
0.8301467607604731
0.8301467783767629
0.8301467818861924
0.8301467816373688
0.830146781052169
0.8301467809869291
0.8301467810408146
0.8301467811194182
0.8301467812107066
0.8301467813334547
0.830146781526532
0.8301467818915592
0.8301467824848956
0.8301467829737864
0.8301467833683815
0.83014678367229
0.8301467838900902
0.8301467839086198
0.8301467696673941
0.8301465441837022
0.8301415292665749
0.830127306225297
0.8300951163225734
0.8300365675928905
0.8299464535354351
0.8298705348496291
0.8298336063729023
0.829798582034393
0.8297853249202874
0.8297687003709354
0.8297374299851479
0.8296962484890944
0.829667436410894
0.8296450077996349
0.8296321994497463
0.8296368472902915
0.8296604460676488
0.8297020569369675
0.8297632358943255
0.8298260406680087
0.8298844298782845
0.8299264679809882
0.8299577758824295
0.8299777542406167
0.8299887971021987
0.829994331089659
0.8299965744339097
0.829999491960426
0.8300017430622482
0.8300033876414099
0.8300041198170912
0.8300043490568453
0.8300043236839414
0.8300042332697575
0.8300041757228189
0.8300041604808969
0.8300041605303293
0.8300041616624375
0.830004161622075
0.830004160780856
0.8300041596359166
0.8300041581848076
0.8300041565501659
0.8300041540531402
0.8300041508131721
0.8300041482413031
0.8300041465051912
0.8300041450540695
0.830004134200092
0.8300041350330347
0.8300041413888297
0.8300042514472945
0.8300073901943019
0.8300150042423834
0.8300305457166353
0.8300660446527176
0.8301044690194314
0.8301538469992776
0.8301768439327842
0.8302089187753052
0.8302555114224855
0.8303128309410892
0.8303736507152781
0.8304457930893577
0.8305072527480422
0.8305443094693143
0.8305565596504003
0.8305469300811703
0.830508197864084
0.8304048229547036
0.8303032126638769
0.8302261148630385
0.8301671884335162
0.8301269226405862
0.8301052140268068
0.8300980577455622
0.8300999457013167
0.8301028038959277
0.8301040014128488
0.8301041536071778
0.8301040539588701
0.8301039864098646
0.830103972400916
0.830103975836683
0.8301039786513722
0.8301039792153845
0.8301039792923465
0.8301039794472918
0.830103958852063
0.8301039741816488
0.8301039783669066
0.8301039779302753
0.8301039774234473
0.830103977384261
0.8301039775266494
0.8301039777448712
0.8301039780495056
0.8301039785589786
0.8301039791344975
0.8301039795957245
0.830103979950341
0.8301039802150474
0.8301039803542086
0.8301043303278043
0.8301079255231293
0.8301399036954513
0.830166060488985
0.8301972154395946
0.8302136581127023
0.8302294291514575
0.830242893020675
0.8302326809213453
0.8302013038905529
0.8301641648850255
0.8301357096261687
0.830122535756223
0.8301203783572602
0.8301236417369676
0.8301257381980652
0.8301262913649474
0.8301261776418101
0.8301260329004827
0.8301259990073765
0.8301260086763459
0.8301260142911535
0.8301260144227501
0.8301260143933497
0.8301260146012195
0.8301260147414756
0.8301260148498364
0.830126014936426
0.8301260150122335
0.8301260150828861
0.830126015145965
0.8301260151506659
0.8301259949328887
0.830125675469955
0.8301234307645865
0.8301193574892193
0.8301061439068553
0.8300653349234876
0.8299978144065954
0.829891525164495
0.829773758336426
0.8297552088629794
0.8297193881567464
0.8296878788715526
0.8296407540223681
0.8296020542774994
0.8295723734189185
0.8295527236428714
0.8295478419282746
0.8295623604542061
0.8295943576324812
0.8296378800327623
0.8296875696187997
0.829738501336583
0.8297823924917928
0.8298085758652235
0.8298231344505029
0.8298309242870595
0.8298348811482766
0.8298369691830508
0.8298382560754508
0.8298399647742858
0.8298420639722249
0.82984465337385
0.8298477613616452
0.829851326418051
0.8298545584939894
0.8298569446756431
0.8298586315782008
0.8298603275669225
0.8298616701445384
0.8298630128369092
0.8298641042852646
0.829865129087882
0.8298661781164263
0.8298672592275013
0.829868109136057
0.8298686964582049
0.8298691613879943
0.8298694807578562
0.8298696612292604
0.8298699092977053
0.8298702339384633
0.829870401074198
0.8298705373026647
0.8298706994739963
0.8298708381457425
0.8298709352565674
0.8298710080514711
0.8298710937781992
0.8298710518481328
0.8298711392824861
0.8298712138391332
0.8298712925393541
0.8298713362497896
0.8298713479775622
0.8298712372949247
0.8298712588323045
0.8298712982458499
0.8298712212501419
0.8298710492232946
0.8298709172237337
0.8298707539985944
0.8298705173987679
0.8298701204734478
0.8298696067316489
0.8298690912437849
0.8298685676126647
0.8298681730145963
0.8298678163853902
0.8298675018821853
0.8298672504521759
0.8298670388395682
0.8298668955255253
0.8298668954042175
0.8298668952936721
0.8298668941073161
0.8298668960107628
0.8298668932841065
0.8298668838400621
0.8298668192582505
0.8298663653522657
0.8298650534476303
0.829862437166639
0.82985805077227
0.8298512914541718
0.8298417414944075
0.8298294657983649
0.8298111513155801
0.8297966647251721
0.8297794207116859
0.8297621721975921
0.829743484275722
0.8297254170436105
0.829716815973403
0.8297044517584319
0.8296842990063219
0.8296657112576474
0.8296380272238107
0.8296102455344031
0.8295778918924366
0.8295450314899792
0.8295094682875704
0.8294684534471864
0.8294205910021452
0.8293696385658719
0.8293287487769231
0.8292987377965044
0.8292717510051503
0.8292376400195421
0.829204317893374
0.8291785436455738
0.8291528306699649
0.8291252567267671
0.8290980422436582
0.8290743615564258
0.8290537157150897
0.8290358054531587
0.8290199193016394
0.8290058834970281
0.8289931735769474
0.828981636157811
0.8289710999889308
0.8289614114102073
0.82895245779023
0.8289441430257765
0.8289363859266144
0.828929114224476
0.8289222747612657
0.8289157859565147
0.8289095952330924
0.8289036377609718
0.8288978392591168
0.8288923932407197
0.8288887963911424
0.8288862743652311
0.8288842704429958
0.8288825161896962
0.8288810763187303
0.828879953721501
0.8288790485233747
0.8288782957479662
0.8288776556832462
0.8288770946795927
0.8288766048634167
0.8288761585536669
0.8288757497326947
0.8288753677366726
0.8288749582838086
0.8288746653745044
0.8288745778968329
0.8288745944022647
0.8288747050200034
0.8288748582791485
0.8288750011518198
0.8288751396801152
0.8288752788029334
0.8288754238573217
0.8288755673768642
0.8288757245301929
0.8288758754405384
0.8288760394371473
0.8288762105424022
0.8288763921084912
0.828876588116493
0.8288768033206345
0.8288770487082234
0.8288773472364762
0.8288777727978851
0.8288784636053815
0.8288788076838378
0.8288791717280699
0.8288795410533069
0.8288799578969337
0.8288804608697904
0.8288811003453951
0.8288819584702048
0.8288831206887224
0.8288845636722495
0.8288870479557674
0.8288890720847528
0.828890699851581
0.8288922614243365
0.8288935112072228
0.8288945801520525
0.8288957239787897
0.8288968906962848
0.8288980600775306
0.8288991194510752
0.8289002240621043
0.828901468155923
0.8289030091374581
0.8289052545314455
0.8289083555655543
0.8289115076158001
0.828915345288671
0.8289202771473609
0.8289265087742601
0.828934479247596
0.8289363317993252
0.8289403245406368
0.828945218215237
0.8289528042362103
0.828959293738138
0.8289611659651509
0.8289650591101518
0.8289734935613848
0.8289882565497401
0.8290138684724108
0.8290485984007532
0.8290882724325344
0.8291282137162891
0.8291741411691715
0.8292207253856543
0.8292730957088786
0.8293312843202059
0.8293998931456893
0.8294859941013786
0.8296057534686277
0.8297950979134152
0.82997541618461
0.8301507271857571
0.8303370066339073
0.8305438188154264
0.8307875681790966
0.8311019158008339
0.8314686862507012
0.8318834602893085
0.8322392558105841
0.8325576861202676
0.8328259227955221
0.8330101559136146
0.8330831908090377
0.833058775455106
0.8329433724730786
0.8327043449255953
0.8324719675673732
0.8322063080226063
0.8319634672499346
0.8317556829492384
0.8315721422408878
0.8314040251650655
0.8312592487085657
0.8310902453778666
0.8309619078504638
0.8308364454372109
0.830738420105688
0.8306598728506962
0.8305967114667525
0.8305454337795332
0.8305025949785338
0.8304658036230459
0.8304333654676622
0.8304039824451573
0.8303765947546391
0.8303502087101872
0.8303236707610525
0.8302951521778766
0.8302593140924284
0.830216567166224
0.8301896984245888
0.8301670812335474
0.8301455524033747
0.8301246434068486
0.8301032513753399
0.8300810618869695
0.8300579890166659
0.8300349496323168
0.830017891335068
0.8300060272698531
0.8299969642609497
0.8299896905308348
0.8299835073729233
0.8299778531239557
0.8299721033705303
0.8299664297620402
0.8299620396399064
0.8299588948971073
0.8299562660611728
0.8299539389970613
0.8299521826068371
0.8299509252900747
0.8299500173534887
0.8299493817848055
0.8299489923840659
0.8299489446299626
0.8299512275439347
0.8299514277618278
0.8299519773778513
0.8299527256562361
0.8299531287369777
0.8299541245264784
0.8299556554491923
0.8299581466947963
0.8299634208854277
0.8299767816843066
0.8299973117155561
0.8300252951152616
0.8300621852164601
0.8301081487121945
0.8301656385285823
0.8302389672945687
0.8303392009731292
0.8304453658197254
0.8305470875110293
0.830636013144428
0.8307121064143524
0.8307748630092529
0.8308190690435396
0.8308375241252123
0.8308370830418276
0.8308223266831064
0.830794521264773
0.830751572178243
0.8306873603457504
0.8306038624520587
0.8305146974564088
0.83043956461073
0.8303864394126839
0.8303398567796659
0.8302953304217191
0.8302706985835523
0.8302555369659724
0.8302584648769892
0.8302997574133583
0.8303362416040296
0.8303841581124273
0.8304419947875663
0.8305250527336163
0.8305928416961151
0.8306639705882218
0.830737760533007
0.8307835820591714
0.8307298703633879
0.8306311450950874
0.8305065243027291
0.8303739848559615
0.8302446338506093
0.8301391190646484
0.8300610395258614
0.8300098734971593
0.8299796117632667
0.8299620938653384
0.8299528541044697
0.829952788355016
0.8299602086362191
0.8299722448613683
0.8299873178562871
0.8300049054419092
0.830023609576115
0.830041485601253
0.8300555820882443
0.8300646361723191
0.8300698660573954
0.8300720623270963
0.8300723153413239
0.8300721725779397
0.830072033011339
0.830071939050859
0.8300718843756665
0.8300718652593853
0.8300718671469969
0.8300718638880842
0.8300718509985362
0.8300718172301056
0.8300717840030721
0.8300717336097237
0.8300716781263627
0.8300716227780267
0.830071568341368
0.830071508637818
0.8300714970880352
0.8300714282979508
0.83007138113522
0.8300713412580222
0.8300713023172481
0.8300712696584454
0.8300712560574137
0.8300710668362641
0.8300687078181872
0.8300547126545481
0.8300243408810283
0.829969506169138
0.8298958209570575
0.8298391816523539
0.8297976698586303
0.8297884386433924
0.8297776655686756
0.8297730435924546
0.8297782116326694
0.8298000788305342
0.8298295801552952
0.8298648141244205
0.8299026493427293
0.8299385221836738
0.8299677322318811
0.8299875333925346
0.8299980887770761
0.8300019015395765
0.830002538258644
0.8300021771947813
0.8300018620507398
0.8300017008431501
0.8300017518024998
0.830001772889237
0.8300018418828844
0.8300020552395821
0.8300023530256371
0.8300026248593007
0.8300028642271898
0.830003037761784
0.8300031830309349
0.8300032922416956
0.8300033879008988
0.8300034650258852
0.8300035346129663
0.830003617257578
0.8300036735383308
0.8300037303843122
0.830003777434987
0.8300038169159246
0.8300038516139607
0.83000388212603
0.8300039088178798
0.8300039321824875
0.830003952827734
0.8300039712219446
0.8300039877634039
0.8300040027917495
0.8300040165663531
0.8300040293086098
0.8300040412654605
0.8300040526497513
0.8300040637121399
0.8300040747587392
0.8300040862145405
0.83000409890505
0.8300041152263248
0.8300041296776902
0.8300041436687644
0.8300041569000697
0.8300041707118083
0.8300041860547918
0.8300042035484365
0.8300042240724731
0.8300042489486121
0.8300042806042459
0.8300043240393389
0.8300043918226969
0.8300045201475673
0.8300048073651393
0.8300052259002327
0.8300056992245254
0.8300061951821438
0.8300066386635238
0.8300069508097686
0.8300070094347041
0.8300066751210768
0.8300060586052714
0.8300058918130649
0.8300055615905996
0.8300053031431479
0.8300051049901715
0.8300048476079201
0.8300046630250927
0.8300044770756437
0.8300042718397365
0.8300040310148411
0.8300039172110192
0.8300040235171585
0.8300043091995053
0.8300047023396231
0.8300051362696206
0.8300055426450684
0.830005862773172
0.8300060043615294
0.8300060365319041
0.8300060301491929
0.8300060174222991
0.8300060159738719
0.8300060344942191
0.8300060762161867
0.8300062154025001
0.8300062672373224
0.830006312200351
0.8300063993293905
0.8300064217819594
0.830006368435383
0.8300063111898887
0.8300063290263425
0.8300064058375219
0.8300064699241808
0.8300064961699655
0.8300064979072317
0.8300064896367015
0.8300064796197544
0.8300064663971416
0.8300064521693765
0.8300064374806195
0.8300064227701937
0.8300064098846448
0.8300063975896601
0.8300063837962961
0.8300063711250257
0.8300058676657174
0.8300015762723252
0.829988170393737
0.8299714645778442
0.8299545195779874
0.8299443569836713
0.8299402190086993
0.829942620372558
0.8299513902561976
0.8299645678900269
0.8299894060114195
0.8300399208038212
0.8301203048430057
0.830224349185721
0.8303375391483074
0.8304398692429065
0.8305236538507317
0.8305730782579868
0.8305289376218608
0.8304304212099867
0.830332326882752
0.8302418020611742
0.8301701954636186
0.8301204364986708
0.8300947356986766
0.8300884667629975
0.8300911790143356
0.8300934653137596
0.8300941922434866
0.830093793655159
0.8300930698917286
0.8300920884413774
0.8300912165550705
0.830090407655272
0.830089730282436
0.8300891293376391
0.8300888082940222
0.830088615715534
0.8300884670762964
0.8300882892128031
0.8300881571206782
0.8300880599636701
0.8300879959569946
0.8300878950116548
0.830087805535007
0.8300877328049295
0.8300876421984561
0.83008760334613
0.8300875955588737
0.8300875610447517
0.8300875543740616
0.8300875202583683
0.8300875254028526
0.8300875210196929
0.830087522317676
0.8300875318513632
0.8300875173367696
0.8300875166158445
0.8300875124077991
0.8300875203392233
0.8300875204432133
0.8300875262920285
0.8300875275410338
0.8300875365559188
0.8300875385892588
0.8300875560784062
0.8300875610897015
0.8300875889351885
0.8300876332198184
0.8300876748560924
0.8300877213952602
0.8300877597224195
0.8300877930308759
0.8300878218174754
0.8300878466017064
0.8300878673605412
0.8300878844408762
0.830087895012425
0.8300878874740223
0.8300864214843894
0.8300795324370387
0.8300673038683763
0.8300450363447934
0.8300319570471791
0.830019580879451
0.8300105703233924
0.8300017022043702
0.8299906756104145
0.8299812606158605
0.8299723029749191
0.8299675742736496
0.8299691536710079
0.8299744740962188
0.829983669872809
0.829997451116434
0.8300164789869348
0.8300326635177319
0.8300434721872446
0.8300497684084877
0.8300532129120549
0.8300552739423006
0.8300561981773393
0.830056456104079
0.8300564204868279
0.8300563280175415
0.8300562452774084
0.8300561940545181
0.8300561199055109
0.8300560474549664
0.8300559030587537
0.830055693567123
0.8300553903724317
0.8300549381910561
0.8300542129194413
0.830052587333133
0.8300507024329885
0.8300487247842101
0.8300463925963978
0.8300438130706345
0.8300408989208964
0.8300378325564848
0.8300361644369179
0.8300370035840655
0.8300388236661659
0.8300404993706205
0.8300417025290273
0.8300423158766228
0.8300428184177833
0.8300430139030706
0.8300429903558506
0.8300429717009279
0.8300429441711354
0.8300429160955614
0.8300428904266661
0.8300428641330093
0.83004283354062
0.8300427938809174
0.8300427573778357
0.8300427248746416
0.8300426960909677
0.8300426771747205
0.8300426771331322
0.8300405449032718
0.83003656952199
0.8300278091326327
0.830014475878334
0.8299994089296822
0.8299840751624957
0.8299711569252534
0.8299675969677958
0.8299628233034718
0.8299597007188769
0.829958398666185
0.8299621184174965
0.829977099506972
0.8299898463599213
0.8299993495642961
0.8300063720760084
0.8300111981731021
0.830015381857315
0.8300196764424184
0.8300238542210033
0.8300275359964142
0.8300305664444101
0.830032925101309
0.8300336965746745
0.8300335527349271
0.8300331643705329
0.8300327445011686
0.8300324235671644
0.8300322439320751
0.8300321272683218
0.8300320330688555
0.8300319704238927
0.8300318813396733
0.8300318556227112
0.8300317865023553
0.8300317609242192
0.8300317066171423
0.830031728969305
0.8300316979226728
0.8300316814466885
0.8300317015731145
0.8300316886563722
0.8300317088869241
0.8300316254296599
0.8300316675313901
0.8300316962749476
0.8300317123883595
0.8300317335112518
0.8300317215083097
0.8300317256770128
0.8300317241808909
0.830031740257757
0.8300317478364673
0.8300317617655061
0.8300317692448036
0.8300317881998511
0.8300317968392735
0.8300318303621849
0.8300318427125377
0.8300318924632412
0.8300319414965172
0.8300319886929254
0.8300320262517425
0.8300320614433501
0.8300320999298423
0.8300321355020122
0.8300321875768972
0.8300322101280866
0.8300322336431802
0.8300322693283512
0.8300322944737397
0.830032330177425
0.8300323697856173
0.8300324052292101
0.8300324297395454
0.8300324503414223
0.8300327776537508
0.8300354670249319
0.8300432891641163
0.8300582651269034
0.8300830386927842
0.830122513180383
0.8301888145793977
0.8302455413883699
0.8302837289101295
0.8303090778571985
0.8303259045582305
0.8303356340056338
0.830339850729036
0.8303429384549398
0.830344154783453
0.8303456232925046
0.8303461133452057
0.830345006694948
0.8303413142311139
0.8303344445711281
0.8303219687163071
0.8303002895561492
0.8302742038538343
0.8302495449478732
0.8302241375245655
0.8301976853401595
0.83016930023721
0.8301402974253083
0.8301131302335811
0.8300910606658011
0.8300765684205768
0.8300701409065195
0.830068435546751
0.8300687063333603
0.8300691891123022
0.830069595627301
0.8300697301504589
0.8300697031543386
0.8300697223159534
0.8300697566324626
0.8300698292642809
0.8300698770183136
0.8300699133961809
0.8300699445443337
0.8300699711262506
0.8300699912822759
0.8300700050226063
0.8300700141085663
0.8300700201213591
0.8300700170313802
0.8300700122238434
0.8300700086406788
0.8300700064338664
0.8300700079146291
0.8300700135513667
0.8300700218874599
0.8300700312765553
0.8300700406285627
0.83007004941494
0.830070057494273
0.8300700649096785
0.8300700718069864
0.8300700784467402
0.830070085235434
0.830070093511845
0.8300701017366284
0.8300701070594155
0.8300701116467293
0.8300701161955485
0.8300701209989018
0.8300701265568204
0.8300701336665575
0.8300701440127899
0.8300701617446158
0.8300702128793225
0.8300703249771001
0.8300706222570526
0.8300709286349786
0.8300713439032574
0.8300718310141504
0.8300722851901685
0.8300726450086281
0.8300727672750947
0.8300723069087834
0.8300714355538774
0.8300706985206577
0.8300701473316747
0.8300698683662355
0.8300698601967524
0.8300699164681544
0.8300700142057106
0.8300700955197465
0.8300702016033531
0.8300702638696688
0.8300703110602852
0.8300703591881755
0.8300704215465499
0.8300705038600642
0.8300705176774532
0.830070444862009
0.8300702838590109
0.8300700614365416
0.830069844502306
0.8300697057155477
0.8300696815663335
0.8300697749715013
0.8300699855213308
0.8300701854653718
0.8300703343709009
0.8300704305296933
0.8300704963086535
0.8300705133821263
0.830070543762018
0.8300705719189471
0.8300705896555204
0.8300706030036976
0.8300706126506747
0.8300705967031161
0.8300705683407776
0.8300705216446229
0.830070471213024
0.830070422002778
0.8300703691887522
0.8300703275485787
0.8300702832140701
0.8300702446313322
0.8300702119897174
0.8300701875973598
0.8300701673946898
0.8300701548237207
0.8300701512959583
0.8300684337951167
0.8300658881205006
0.8300637258322425
0.8300644969866597
0.8300660341973143
0.8300679988046253
0.8300693995423098
0.8300695031060535
0.830069233424799
0.8300690835907085
0.8300690930086613
0.8300691068053645
0.8300691069916313
0.8300691030285043
0.8300690975209869
0.8300690887299642
0.8300690713594095
0.830069018883799
0.8300689504838973
0.8300688514159186
0.8300687026889856
0.830068504345815
0.8300682214825583
0.8300677875887903
0.8300670838751077
0.830066218638668
0.8300653759324204
0.8300645781441691
0.830063841387132
0.8300632555670191
0.8300630058351053
0.8300631026081039
0.8300632896365223
0.83006347815064
0.8300635351307407
0.8300636046122198
0.830063605000553
0.8300635890012282
0.830063573784626
0.8300635606109447
0.8300635485468038
0.8300635354101168
0.8300635195440147
0.8300634880195713
0.830063491514802
0.8300632687771687
0.8300609406733784
0.8300528477784724
0.8300379826114334
0.8300113361513748
0.8299822260969443
0.8299542228751439
0.8299297677153579
0.8299075493862478
0.8298922640442922
0.8298802537506479
0.8298764577458386
0.8298725209893218
0.8298690114386734
0.8298731749915438
0.829889900890047
0.8299308481952592
0.8299665356768431
0.8299941873923944
0.8300158093672456
0.8300307384485829
0.8300379407032347
0.8300406955242777
0.8300420292701693
0.8300427143657965
0.8300433972092893
0.830043878350197
0.830044141933429
0.8300441726756868
0.8300441039628031
0.8300439957492114
0.8300438940242593
0.8300437850644149
0.83004362926818
0.8300435090134093
0.830043411499595
0.8300433093269953
0.8300431744663183
0.830043010112732
0.8300427461444818
0.8300424375855813
0.8300421917321972
0.8300420541426919
0.8300419316913701
0.8300418158548232
0.830041714775792
0.8300416206979806
0.830041542557805
0.8300414924288954
0.8300414620425566
0.8300414240628968
0.8300413842230279
0.830041353487447
0.8300412985625856
0.8300412594473258
0.8300412219457233
0.8300410937295505
0.8300410616337667
0.8300410886639491
0.8300410845682196
0.8300410665829243
0.8300410197874825
0.8300409752304522
0.8300409220197298
0.8300409217998255
0.830041002710307
0.8300411034263915
0.8300412056710856
0.8300412826035977
0.8300413468867696
0.8300414031559183
0.8300414523399742
0.830041494788575
0.8300415161930059
0.8300415542605785
0.8300415741511573
0.8300428227863684
0.8300521137088993
0.830077335896807
0.8301065431642864
0.8301326426485913
0.8301487486934429
0.8301514780256859
0.8301505191657117
0.8301392699644984
0.8301206261036485
0.8300949323047364
0.8300759244244987
0.8300644401480263
0.8300579801575337
0.8300555672506321
0.8300560894939986
0.8300570740153623
0.8300573683503426
0.8300573582510161
0.830057322339788
0.8300573137017394
0.8300573161045536
0.8300573191531267
0.830057321702146
0.830057325541753
0.8300573294651387
0.8300573342670401
0.83005733434196
0.8300559010347816
0.8300497546114185
0.8300398507070744
0.8300391137322416
0.8300409088533758
0.8300466119414416
0.8300526234556936
0.8300551881734984
0.8300555419101111
0.8300549013708536
0.8300544075979708
0.8300544411627553
0.8300545023654473
0.830054510862187
0.8300545079750036
0.8300545080457531
0.8300545090376482
0.8300545099467292
0.8300545099951011
0.8300543438369868
0.8300529567539139
0.8300447522519785
0.8300357977061109
0.8300295465729045
0.8300269821020683
0.8300250289922945
0.8300241509672698
0.8300236263113735
0.830024290266668
0.8300281799624019
0.8300336311129214
0.8300399990167152
0.8300457571240576
0.8300491048032156
0.8300502855404797
0.8300505101147001
0.8300503379729526
0.8300501190792434
0.8300500013085589
0.8300500012829538
0.8300500234869822
0.8300500286784868
0.8300500279712554
0.8300500280680001
0.8300500287477471
0.8300500294410444
0.8300500295484049
0.8300502476304588
0.830052293303404
0.8300674375985269
0.8300860167712307
0.8301061696241068
0.8301168489009304
0.8301238786544262
0.8301253189646586
0.8301259495508135
0.8301203323562396
0.8301081302856249
0.8300891570797687
0.8300737118888544
0.830064966073952
0.830060428476593
0.8300591496258533
0.8300598153811007
0.8300605497229523
0.8300608003963831
0.8300607959776182
0.8300607596074514
0.8300607454695604
0.8300607443792334
0.830060745481205
0.8300607459064168
0.8300607458518863
0.8300607456738335
0.8300607453563944
0.8300607449082702
0.8300607442207084
0.8300607435095017
0.8300607434761557
0.8300605104338369
0.8300581611110783
0.83004840246649
0.830031739844073
0.8300000960243036
0.8299704522716707
0.8299490604566965
0.8299311804730434
0.8299210674901673
0.8299178119018903
0.8299141130921089
0.829913200433991
0.8299204064412425
0.8299338293679428
0.829952235916163
0.829976693535842
0.8300011506774926
0.8300184606969829
0.8300290781742611
0.8300354275531983
0.8300384523590647
0.8300394017315117
0.8300392173423987
0.8300387717436387
0.8300386078773285
0.8300386384415419
0.830038658215238
0.8300386612716597
0.830038665764624
0.8300386719642284
0.8300386762068326
0.8300386763805937
0.8300390315451392
0.8300420457508865
0.8300604642957379
0.8300800112544141
0.8300923937784689
0.8301015941671585
0.8301038730767859
0.8301049168966707
0.8301027818967427
0.8300932813856703
0.8300776632053722
0.8300631064573001
0.8300531227518457
0.8300479318892069
0.8300464395566477
0.8300471702065748
0.8300479711303663
0.8300482537935294
0.8300482673412087
0.8300482606423346
0.8300483127060467
0.830048455447463
0.8300486406349628
0.8300488907004099
0.8300492017903108
0.8300497618835305
0.8300506434759644
0.8300520784945237
0.8300541224357368
0.8300556749997607
0.8300566849206005
0.830057017600723
0.8300566571699837
0.8300559990228747
0.8300550785316798
0.8300545902268225
0.8300544320622518
0.8300543336520796
0.8300543133801233
0.8300543212905759
0.8300543297594221
0.8300543336001494
0.8300543334515773
0.8300543322884403
0.830054331336521
0.8300543313110649
0.8300531959533495
0.8300448097642419
0.8300183202158213
0.8299881208140952
0.8299628148094368
0.8299488533767999
0.8299448930416575
0.8299432190100903
0.8299490936239267
0.8299674612531133
0.8299995190578252
0.8300328768868296
0.8300599589437739
0.8300839754986036
0.8301051009835042
0.8301212502164497
0.830131218855178
0.8301328974891629
0.8301227392713627
0.8301037705012895
0.830084755085049
0.830071712509952
0.8300643103801698
0.8300610795450484
0.8300605743430062
0.830061027828258
0.8300613260377891
0.8300613079614071
0.8300610917128975
0.8300609603753173
0.8300609974079521
0.8300610322262685
0.8300610366451499
0.8300610339393575
0.830061033340637
0.8300610338101363
0.8300610342626548
0.8300610346383138
0.8300610350007421
0.8300610353496198
0.8300610356695943
0.8300610359533216
0.8300610361059682
0.830061123070333
0.8300621897135266
0.8300665153118205
0.8300756522236117
0.8300921888937058
0.8301180987994097
0.8301528310692038
0.8301993663964259
0.8302368768440564
0.830284636477809
0.8303338915232634
0.8303765213496979
0.8303861388936258
0.8303546298550547
0.8302806706396956
0.830212720080582
0.8301584169065668
0.8301219213777092
0.830102651624771
0.8300980229479997
0.8301019306742867
0.830104965180974
0.8301051189324498
0.8301048357710276
0.8301048021247582
0.8301048135578868
0.8301048141811798
0.830104813770786
0.8301048137313326
0.8301048369490088
0.8301050289189197
0.8301052271551508
0.8301029338103632
0.8300966540015838
0.8300832700652353
0.8300750737518735
0.8300709652469523
0.8300670608877335
0.8300641793015309
0.8300615689298385
0.8300564097447006
0.8300480101689937
0.8300410476977347
0.8300372453514187
0.8300402866921491
0.8300488754312136
0.8300608267456046
0.8300746809097002
0.8300874523839067
0.8300938361230853
0.8300950594707067
0.8300942709407834
0.8300934545003342
0.8300931089694353
0.8300930709120732
0.8300931114293534
0.8300931359950445
0.8300931395096133
0.8300931373812296
0.8300931364817355
0.8300931364157816
0.8300931362860355
0.8300931361093583
0.8300931359965236
0.830093323615762
0.8300951050258526
0.8301093971600271
0.8301250622194254
0.830143825208506
0.8301515815296155
0.8301603882432155
0.8301676927621622
0.8301627541323802
0.83014630831437
0.8301248420648738
0.8301084546983138
0.8301020570689793
0.8301019419231589
0.8301039985284673
0.8301051681466658
0.830105315308857
0.8301051890138853
0.8301051240967743
0.8301051057582154
0.8301051039808575
0.8301051058835456
0.8301051071133588
0.8301051007485012
0.8301050753141705
0.8301050331151726
0.830104950405047
0.8301048192607235
0.8301046132195296
0.8301042786745121
0.8301037066235257
0.8301025058810414
0.8301004545234719
0.8300983265001595
0.8300956596584336
0.8300921635056896
0.8300873646514803
0.8300801101746251
0.8300705806450313
0.8300621545515147
0.8300562566264053
0.8300588741335168
0.8300659003999034
0.8300730889277471
0.8300786623801737
0.8300824248073272
0.8300847165353515
0.8300859940750994
0.8300863718607412
0.8300864806741421
0.8300864638809167
0.8300864279686174
0.8300863975553743
0.8300863756993233
0.83008635997357
0.830086348603114
0.8300863347417025
0.8300863146943342
0.8300862861943582
0.8300862578725036
0.8300862315640178
0.8300862071605756
0.8300861849322778
0.8300861613887519
0.830086144907676
0.8300861275380294
0.8300861176021824
0.8300858342987413
0.830083543974894
0.8300777259813751
0.8300715083496321
0.8300696840022256
0.8300794852401896
0.8300942898882092
0.8301036019195899
0.8301122493600275
0.8301167862363303
0.8301202570273589
0.8301219024980392
0.8301142453619957
0.8300900429924996
0.8300444269113524
0.8299947456016147
0.8299608101275622
0.8299438913446344
0.829947787461622
0.8299712452873635
0.8300043925348258
0.8300393902842829
0.8300628756708197
0.8300680158074805
0.8300680091153484
0.830066630408582
0.8300653986366789
0.8300647482572706
0.8300646289435241
0.8300647304339042
0.8300647881709424
0.8300647847968797
0.8300647798221306
0.8300647765228245
0.8300647721808969
0.8300647676504271
0.8300648465741657
0.8300661284239197
0.8300752421017168
0.8300971874930754
0.8301452254586227
0.8302146013314082
0.8302427752299935
0.8302672766453348
0.8302796238579961
0.8302896287100946
0.8302978107440051
0.830293297125923
0.830264193934545
0.8302179097587246
0.830173198067349
0.8301489343796291
0.8301360282336551
0.8301287984379405
0.8301242661833897
0.8301200200484569
0.8301152346156534
0.8301123544215226
0.8301109872066438
0.8301102726443879
0.8301101022092737
0.8301105917018922
0.8301125427745639
0.830116995286512
0.8301283774579857
0.8301391105682941
0.830152941369093
0.8301646687253149
0.8301718606918483
0.8301725842938656
0.8301616888914884
0.8301488641366203
0.8301394840308014
0.8301330939045742
0.8301293767405867
0.8301275578063398
0.8301264427847506
0.8301258680465672
0.8301257074499404
0.8301256672212066
0.8301256720145365
0.8301256904650425
0.8301257063519761
0.8301257136196574
0.8301257147899475
0.8301257138178962
0.8301257128481533
0.8301257123623688
0.830125711926471
0.8301257114462807
0.8301257108587539
0.8301257102341529
0.8301257095005887
0.8301257086896572
0.8301257077646282
0.8301257072162336
0.8301257504030923
0.830126341945344
0.8301353415996905
0.8301555336790174
0.8301908264899507
0.830233503662709
0.8302721701637744
0.8303090291776327
0.8303398776616905
0.8303501048614387
0.8303641119607597
0.830390875485849
0.8304209123350161
0.8304334710208136
0.8304281038996585
0.8304017050760706
0.8303551671927785
0.830301176907554
0.8302546059354133
0.8302199142915457
0.8301959698394057
0.8301836727350702
0.8301794080258524
0.8301785987451811
0.8301790354237519
0.830179529294078
0.830179816662854
0.8301796392293533
0.8301792686585271
0.8301788738574423
0.8301784972026846
0.8301781521028022
0.8301778675783521
0.8301776778322525
0.8301775464195789
0.8301774263331809
0.8301772601548216
0.8301769608867098
0.8301766847444026
0.8301759674294431
0.8301731851868046
0.8301696075722805
0.8301636073507098
0.8301537433036089
0.83013836935854
0.8301261616812029
0.8301165325591444
0.8301098955356091
0.8301087687533661
0.830110248041411
0.8301130400403772
0.8301164946990232
0.83012164821768
0.8301255832535754
0.8301294127757584
0.8301340235622258
0.8301407773725703
0.830145947898556
0.8301473865504637
0.8301448456593272
0.8301372236838268
0.8301244249333225
0.8301026948016905
0.8300750267770546
0.8300513297693528
0.8300299246071653
0.8300130026063857
0.8300046805644852
0.8300082448743697
0.8300177290341824
0.8300299926084975
0.8300431760353312
0.8300543945556069
0.8300629098737693
0.8300704810328577
0.8300761436689003
0.8300809650187783
0.8300862577540122
0.8300915633877781
0.8300939811114213
0.8300921962763106
0.8300817228650306
0.8300644607458311
0.8300409754826092
0.8300165955081825
0.8299952828131383
0.8299810263802818
0.8299790457882614
0.8299760093610105
0.82997478231856
0.8299738838809233
0.8299733717646224
0.8299730344492728
0.8299729833953821
0.829973452513474
0.8299742789473721
0.8299749956112463
0.8299755311002069
0.8299760920030445
0.8299767063424114
0.8299773671212445
0.8299782683729799
0.8299797554264597
0.8299817923014378
0.8299832673076925
0.8299845393663053
0.8299854990014862
0.829986399987194
0.8299875355425658
0.8299886056308435
0.8299894148701011
0.8299903452019262
0.8299909966754805
0.8299917739296147
0.8299925712398539
0.8299933404217303
0.8299942628154542
0.8299956127221313
0.8299978958400326
0.8300009765603675
0.8300040602916913
0.8300070826521004
0.8300097860204937
0.8300124382930207
0.8300148841716617
0.8300168233144313
0.8300176522960749
0.8300157367718998
0.8300144874039996
0.8300093653502774
0.8300074585882565
0.8300019979076185
0.8299968701536371
0.8299885100238372
0.8299756840669886
0.8299594293195731
0.8299301676578458
0.8298928366756483
0.8298404445752093
0.8298073779939301
0.8297692924916066
0.8297336921731615
0.8296967946032408
0.8296590467649748
0.8296194334826505
0.8295672779094456
0.8294981773815107
0.8294386840309633
0.8293924273690082
0.8293532300898557
0.8293238214252855
0.8293055229570909
0.8292972468773104
0.8292945682246585
0.8292964159417554
0.8293014131040013
0.8293072751707998
0.8293133998573585
0.8293200035896631
0.8293289965001657
0.8293359438294536
0.8293407944434193
0.8293449681815833
0.8293487189583149
0.8293523349980116
0.8293561739735777
0.8293613194479761
0.8293659568355106
0.8293693695832437
0.8293726066164423
0.8293759464599358
0.8293796014613654
0.8293839771142727
0.8293892273263589
0.82939588365354
0.8294044452886308
0.8294149789125675
0.8294197300796218
0.8294242214025634
0.8294266717553925
0.8294281474767965
0.8294292746904401
0.8294299451494735
0.8294303192876147
0.829430525719838
0.829430502034373
0.8294302564127433
0.8294296659667023
0.8294290378073113
0.829428333027636
0.8294274979341206
0.8294262441692825
0.8294252616197382
0.829424470740202
0.8294236763656462
0.8294228785104429
0.8294219923550781
0.8294209253889099
0.8294197760889873
0.8294187449347008
0.8294174791667225
0.8294159504192868
0.8294144710405149
0.829412844319122
0.8294106109238151
0.8294071216864778
0.8294011129027188
0.8293921533262023
0.8293823759869261
0.8293734825473241
0.8293649085537332
0.8293572854348442
0.8293505716717586
0.8293455241982891
0.8293417992590545
0.8293389179747206
0.8293366055444442
0.8293352946285754
0.8293352787311252
0.8293352471948909
0.8293351862173819
0.8293351435967588
0.8293350901775094
0.8293350210336585
0.829334969379696
0.8293348999369793
0.8293348601694545
0.8293348018778963
0.8293347199441116
0.8293345291857658
0.8293342518975286
0.8293339200447953
0.8293334977569309
0.8293329067132345
0.8293317801944211
0.829330087251513
0.8293283504534883
0.8293262483934127
0.8293235569353404
0.8293202082703744
0.8293168277290274
0.829313910499973
0.8293109935682292
0.8293068211344075
0.8293024305020843
0.8292986242081667
0.8292944237549238
0.8292894319189036
0.8292827428904948
0.8292731603070562
0.8292599375717941
0.8292500015833838
0.8292424458732703
0.8292359084425501
0.8292297230757969
0.8292225512613124
0.8292171321069124
0.8292113626942075
0.8292064043830263
0.829202031488234
0.8291979752713858
0.8291941166949945
0.8291901939091653
0.829185601573225
0.8291817134502014
0.8291775141553739
0.8291737457831546
0.8291700884950166
0.8291662294277731
0.8291618652016483
0.8291568583646659
0.8291507084431128
0.8291428803943471
0.8291332221021153
0.8291261484763378
0.8291209182549942
0.8291166594524447
0.829112872675118
0.829108465243607
0.829105782292843
0.8291041577824355
0.8291029636147136
0.8291020503906891
0.8291013139107798
0.8291006761731126
0.829100114483388
0.829099889312295
0.8291001614409832
0.8291012388982097
0.8291036539575302
0.8291088875385902
0.8291208154904847
0.8291496542798491
0.8292081654316947
0.8293431615693861
0.8296238978919313
0.8300256736925926
0.8305008154691899
0.8310625635623052
0.8316964099890889
0.8323301896990442
0.8325642245325092
0.8319213766411164
0.8311393772088174
0.8304884002281497
0.8300703312117349
0.8298524648262667
0.8297833385533594
0.8297882205944039
0.8298095619600144
0.8298200910010942
0.8298211209064625
0.8298204659288918
0.8298200755980931
0.8298199698378568
0.8298199325626878
0.8298198910693039
0.8298198502021652
0.8298198096030823
0.8298199763334916
0.829819881836315
0.8298198530776751
0.8298198587476908
0.8298198856996504
0.8298198796198475
0.8298199113677329
0.8298199122073348
0.8298199250290427
0.8298204249971438
0.8298218927432635
0.8298256416835653
0.8298316182071738
0.829840903700795
0.82984530511771
0.8298522839550004
0.8298628782538366
0.8298772100215526
0.8298968803369331
0.8299155727440388
0.8299321173476294
0.829946468419785
0.829957016239152
0.82996096963321
0.8299615987185556
0.82995998004741
0.8299559375273574
0.829947110982158
0.8299358854093943
0.8299258567581302
0.8299155624561998
0.8299047195166938
0.8298929429052962
0.8298807496903617
0.8298685786036525
0.8298580703032423
0.8298524637940131
0.8298515628905193
0.8298523408661794
0.8298529712637405
0.8298532471204257
0.8298532712970235
0.8298532360001415
0.8298532179517242
0.8298532145383861
0.8298532142332603
0.8298532131566967
0.8298532116157763
0.8298532103792503
0.8298532096482246
0.829853209554586
0.8298532103516433
0.8298532134979367
0.8298532162315262
0.8298532234359356
0.8298532312153732
0.8298532376950514
0.8298532406624655
0.8298533020415874
0.8298561229340331
0.8298685943177994
0.8298994707794393
0.829954542675312
0.8300405705334233
0.8301231594127513
0.830229468087288
0.8303000653719174
0.830390073319017
0.8305238276136442
0.8307629197484304
0.830917894135726
0.8310290480236456
0.8310877510220275
0.8310163767028973
0.8308611163101812
0.8306810727716494
0.8304879025757179
0.8303001108523286
0.8301330603866551
0.8300256287080243
0.8299955034664765
0.8299971497517546
0.8300045521603442
0.8300093571544733
0.8300119916614577
0.8300132604187087
0.8300137604560294
0.8300137694902691
0.8300136773559981
0.8300136152599624
0.8300135868791038
0.8300135790023946
0.8300135799211463
0.8300135825337956
0.8300135844724865
0.8300135864412267
0.8300135890465687
0.8300135928417844
0.8300135970541074
0.8300136021714458
0.8300136083880658
0.8300136138718477
0.8300136188607404
0.83001362125744
0.8300085261646079
0.8299946085641055
0.8299747259905687
0.829965858058742
0.8299632319565867
0.8299683648133042
0.8299838541792988
0.8299982116408693
0.830005941918554
0.8300068565768366
0.8300051343498416
0.8300037938865651
0.8300034277546369
0.8300036444520414
0.8300037297074805
0.8300037203437992
0.8300037155677186
0.8300037171981239
0.8300037198444227
0.8300037237011839
0.8300036690211277
0.8300028364444862
0.829987077019947
0.8299305241814924
0.82982863135317
0.8297353907176226
0.8296857043925788
0.8296363524726023
0.8296082239696754
0.82958248565851
0.8295382184456526
0.8294624626699467
0.8293944496179576
0.8293630327078647
0.8293764114328405
0.8294277765739402
0.8295051433106423
0.8295983434374874
0.8296936027410575
0.8297689209118072
0.8298145008619024
0.8298355070099427
0.8298385772727753
0.829833898916464
0.8298300924494655
0.8298291069554701
0.8298291037828671
0.8298292236925131
0.8298293145885139
0.8298293670725125
0.8298293938182226
0.8298293672532323
0.8298293687236598
0.8298294127262376
0.8298294639852438
0.829829534833712
0.8298296453584393
0.8298298334307107
0.8298302063193721
0.8298309564244148
0.8298323485037781
0.829834272583839
0.829837218582938
0.8298422232097545
0.829851665783631
0.829871522739184
0.8299117076623597
0.8299962283834688
0.8300788740790978
0.8301420105526207
0.8301818586249471
0.8301875239224765
0.83013652727571
0.8300657791182114
0.8300152855631273
0.829981071474849
0.8299615954374442
0.8299523105754492
0.8299482273625788
0.8299458039196549
0.8299456403323474
0.8299456449207604
0.8299456942140743
0.8299457630447875
0.8299458711707361
0.8299459606939731
0.8299460357361915
0.8299461255993077
0.8299462528500424
0.8299463780543194
0.8299464854954981
0.8299465913113648
0.8299466924238066
0.8299467623918149
0.8299468499890913
0.8299468690802204
0.8299468689531596
0.8299468629117773
0.8299465167935197
0.8299454033904801
0.8299419240555654
0.8299306513035589
0.8299073066799871
0.8298965384313869
0.829884216058167
0.8298760111066318
0.8298651555942246
0.8298518704328107
0.8298374713508747
0.8298217491755363
0.829803675115131
0.8297786679850988
0.8297555953802325
0.829730848918028
0.8297072647794496
0.8296809576921234
0.829651871418271
0.8296214855506576
0.8295956896106305
0.8295780696198801
0.8295645848136167
0.8295509829764274
0.8295396605636196
0.8295284798301473
0.8295186962203566
0.8295093125349998
0.8294994847157855
0.8294894816419716
0.8294787533841292
0.8294693559361564
0.8294648729875107
0.829462606014885
0.8294613509294607
0.8294606722889968
0.829460393280188
0.8294605113825181
0.8294609083931769
0.8294614493718199
0.8294620715838898
0.8294628052116171
0.8294635366699772
0.8294643146794695
0.8294651562310906
0.8294662849388355
0.8294676312358282
0.8294686006454676
0.8294695358661079
0.8294705299610232
0.8294716454840786
0.8294730203631262
0.8294747369854458
0.8294768880854985
0.8294797164040728
0.8294834574279291
0.8294868534736023
0.8294871710303179
0.8294853996174414
0.8294814433163388
0.8294753444200428
0.8294675573840042
0.829458335928261
0.8294501914051228
0.8294418410872882
0.8294328242432427
0.8294259120775195
0.829418621019899
0.8294077972703292
0.8293966014732526
0.8293872165281004
0.8293797071866615
0.8293736734034646
0.8293699496181495
0.8293669747946061
0.8293652115803054
0.829364206026902
0.829363469380897
0.8293632862666402
0.8293632850511304
0.8293632796838001
0.829363261185931
0.8293632430730741
0.8293632246001155
0.829363212672063
0.8293632078411228
0.8293632102261168
0.8293632173156756
0.8293632289741093
0.8293632346821228
0.8293632442795786
0.8293632549464471
0.8293632653046166
0.829363273938172
0.8293632775071287
0.8293632642795533
0.8293632131334201
0.8293631429179104
0.8293630498499915
0.8293629388761308
0.829362823387264
0.8293626931866913
0.8293624999156961
0.8293622833809382
0.8293620259903811
0.8293617326892351
0.8293613688628999
0.8293608616124007
0.8293601230134335
0.8293588748240125
0.8293564229123336
0.8293545618725323
0.8293523748550602
0.8293504350101963
0.8293487547914193
0.8293470600268891
0.8293451006585556
0.8293433314192673
0.8293410706782939
0.8293391120180914
0.8293373082549126
0.8293355548217587
0.8293338532229854
0.8293321297786959
0.8293302439485551
0.8293277568328856
0.829325555286295
0.8293233682453729
0.8293212611252633
0.8293190699856446
0.8293166133442191
0.8293136377647217
0.8293099376936489
0.8293049591618088
0.8292978784583201
0.8292869032141974
0.8292703382484324
0.8292569772196772
0.8292466785391126
0.829238223397986
0.8292309180040699
0.8292242033084298
0.8292206593310923
0.8292173142135526
0.8292145357545792
0.8292120159522651
0.8292091473400633
0.8292063421973442
0.8292037139436059
0.8292012388427925
0.8291991134840214
0.829197311466419
0.8291956345856849
0.8291938322605562
0.8291915232259419
0.8291898237118187
0.8291886027817232
0.8291877034235559
0.8291873895505393
0.8291883927973261
0.829192250308221
0.8292007523473641
0.8292157902494289
0.8292437516035783
0.8292749351048047
0.8293081876343703
0.8293414719552211
0.829374040723502
0.8294083329090501
0.8294487578645022
0.8294842181354112
0.8295275446079267
0.8295620595646466
0.8295919089476466
0.8296210828910036
0.8296516914324639
0.8296895562992044
0.8297340777056162
0.8297725650028017
0.8298069262263148
0.8298412217649594
0.8298768100839017
0.8299163329096677
0.829953438574417
0.8299817918819505
0.8300023319314549
0.830014063824382
0.8300141549376923
0.8300005798826225
0.8299727206896822
0.8299295932773741
0.8298745882279588
0.8298209405982053
0.8297793829773306
0.8297568473175968
0.8297567857541175
0.8297705943434411
0.8297796342370708
0.829766159401672
0.8297236464246539
0.8296794807577252
0.8296528832404907
0.829649476605301
0.8296466605631446
0.8296451704418851
0.8296446788811399
0.8296444229402039
0.8296442420689351
0.8296439822518716
0.8296433624200606
0.8296421907036433
0.8296406380211876
0.8296392453363599
0.8296390968048342
0.8296401807602568
0.8296414652482723
0.8296419323451706
0.8296416639420923
0.8296410020332111
0.8296403218551203
0.8296398385658846
0.8296393017117658
0.8296386115549765
0.8296380356756443
0.829637448782459
0.8296369679932593
0.8296366113852155
0.8296363574864799
0.8296360612423929
0.8296357359460655
0.8296356914245858
0.8296356801300042
0.8296355241802593
0.8296336950109714
0.8296293427242694
0.8296225048207972
0.8296170558932039
0.8296092850457644
0.8295983688065159
0.8295813255430938
0.8295639839724536
0.8295435312327247
0.8295158231183798
0.8294943660144325
0.8294798326342799
0.829469347660484
0.829464012288438
0.8294650521188741
0.8294763870822398
0.8294970827493853
0.829515921985159
0.8295307501892485
0.8295407494789002
0.8295466269743598
0.8295493342580001
0.8295501423847443
0.8295496367965678
0.8295487603931758
0.8295484212128043
0.8295478143619339
0.8295468125345014
0.8295455602028095
0.8295440432168121
0.829541747224586
0.8295371112612697
0.8295301800523239
0.8295160908699993
0.8294965852000379
0.8294786131851387
0.8294595993329642
0.8294400333616818
0.8294209987398117
0.8294071611994752
0.8294005786233556
0.8293996795527978
0.829401498982288
0.8294038837408451
0.8294053800664548
0.8294070541369409
0.829407986056179
0.8294085392099902
0.829409235574509
0.8294094442104087
0.8294091816441647
0.8294084378788357
0.8294074257710046
0.8294065450821453
0.8294054199674292
0.8294043485741421
0.8294034893660372
0.8294026844342421
0.8294019692683853
0.8294014035008996
0.8294013639144268
0.8294013616684616
0.8294013571008437
0.8294013472157206
0.8294013208210324
0.8294012406780973
0.8294008965840354
0.8294002744363023
0.8293999944642438
0.829399414767971
0.8293984130144237
0.8293957637669476
0.8293924183525104
0.8293874941478222
0.829379740879712
0.82936776377729
0.8293530135035528
0.8293373834147999
0.8293200401281118
0.8292980643759094
0.8292772131516052
0.8292539402909221
0.8292325667430628
0.8292115006417369
0.8291897555101779
0.8291678214067316
0.8291503378181733
0.8291391099517537
0.8291309026171636
0.829123004202706
0.8291166455249823
0.8291111196580876
0.8291064360934934
0.8291020647627436
0.8290976473329356
0.8290932911916676
0.8290895071456282
0.8290872935727212
0.8290858339667277
0.8290847714064522
0.8290838576197433
0.8290832054247149
0.8290826688398742
0.829082362814368
0.8290821823286657
0.8290820996371557
0.8290821144880823
0.829082285643695
0.8290827351471051
0.8290836387672175
0.829085007249364
0.8290871429580637
0.8290906978284917
0.8290972799249803
0.8291104437580699
0.8291350551490444
0.8291843578328048
0.8292899718371853
0.8295048841738847
0.8299117618705871
0.8304835726892332
0.830976599373918
0.8313437085105142
0.8314791220073828
0.831201478084565
0.8306033826612416
0.8301848450341337
0.829961811914942
0.829863646601365
0.8298306056046245
0.829820055564166
0.8298153047386206
0.829813102398944
0.8298116597466337
0.8298113812852288
0.8298115711790892
0.8298118405257358
0.8298120089612676
0.8298121177091697
0.8298121726685386
0.829812256381209
0.8298123465042095
0.8298124554879515
0.8298126541385422
0.8298128177710952
0.8298130050786776
0.8298131819095025
0.8298133287857893
0.8298134855046737
0.8298135940179808
0.8298135963000862
0.8298136042492023
0.8298135573311647
0.8298132789263383
0.8298115825253437
0.8298041529133482
0.8297994394612223
0.8297931695941306
0.8297891300937656
0.8297826846795406
0.8297744078997643
0.8297629147976328
0.8297481661483173
0.8297293170091056
0.829701516648885
0.8296733554091931
0.8296370652115567
0.8295994786280864
0.8295591163858901
0.829514201078956
0.8294670476017417
0.8294267944115217
0.8293976205932501
0.8293735113122449
0.8293475180278501
0.8293251187562175
0.829304602495713
0.829285990121903
0.8292677023033822
0.8292481657940953
0.8292275886334779
0.8292049065177514
0.8291861586123572
0.8291764237481859
0.8291709266125831
0.8291673729980903
0.8291649160789398
0.8291630858381204
0.8291624563228843
0.8291623357029272
0.8291626252367751
0.8291631632924089
0.829163890770133
0.8291647716103331
0.8291658467872218
0.8291673111841873
0.829168729302703
0.8291704072083278
0.8291720238796856
0.8291737062376237
0.8291755931415193
0.8291778489332505
0.8291803251751627
0.829182977807815
0.8291867675922545
0.829189905965367
0.8291923068959012
0.8291946538712355
0.8291971547117075
0.8291993941627772
0.8292018714605043
0.829205832474417
0.8292106079093573
0.8292163629700317
0.8292238857069865
0.8292344743167848
0.8292499942225211
0.8292687441479983
0.829291034311135
0.8293129212550107
0.8293353788277783
0.8293602678996533
0.8293904811064222
0.8294361666026613
0.8294935053920671
0.8295456464151848
0.8296001347904524
0.8296622886461206
0.8297372551200156
0.8298358545527695
0.829939707621055
0.8300378980892263
0.8301309623298718
0.8302135120158171
0.8302733860675432
0.8302817824820025
0.8302919868137238
0.8302937905793498
0.8302891905075244
0.8302798202883352
0.8302671422462006
0.8302472320938289
0.83021265563198
0.8301613361824091
0.8300919109031302
0.8300095020851457
0.8299319028228117
0.8298717296588735
0.8298346941820552
0.8298149846093807
0.8298067102350588
0.8298024448454177
0.829793856029655
0.8297775670953937
0.8297566593582936
0.8297380588558492
0.8297304163077651
0.8297297425940383
0.8297310815076768
0.8297315843988144
0.8297313557872816
0.8297309307322317
0.8297305055531858
0.8297300716089171
0.8297297151171241
0.8297292334374454
0.8297285484606034
0.8297275477280026
0.8297267754447913
0.8297262232415346
0.8297257279855388
0.8297253645497671
0.8297250653496723
0.8297248187600593
0.8297245222628695
0.8297242060777176
0.8297241834774004
0.8297242062624829
0.8297245438814144
0.8297264292313375
0.8297296664550956
0.8297348999792797
0.8297395673175494
0.8297452819665764
0.82975188807848
0.8297596703017678
0.8297700093984673
0.8297762992867879
0.8297795161129377
0.8297795329039754
0.8297751129406933
0.8297640389115378
0.8297476979021395
0.8297376404922395
0.8297356449046002
0.8297367750938599
0.8297379465565177
0.8297384082614283
0.8297383741400814
0.8297382263065048
0.8297381491621153
0.8297380552332871
0.8297379353789661
0.8297378505683286
0.8297378495517606
0.8297382616137055
0.8297433237207544
0.8297651370764582
0.8298140891084627
0.8298507454017405
0.8298998492025089
0.8299628126110592
0.8300263857329511
0.8300430293848465
0.8300133513437222
0.8299431414877776
0.8298673279295536
0.8298137227732624
0.8297924008386359
0.8297923954675311
0.8297969071202053
0.8297990932997948
0.8298009825938206
0.8298018938919146
0.8298023512032238
0.8298026410147219
0.8298028437204625
0.8298030366776984
0.8298031448289104
0.8298032272140643
0.8298033180898134
0.8298034292796388
0.8298035836497718
0.8298038521075172
0.8298041954414987
0.8298046598270359
0.8298052275930439
0.8298059743064723
0.8298070440932861
0.8298087126478466
0.8298115493051338
0.8298168086694566
0.8298228871117196
0.8298302941451822
0.8298404122821645
0.8298542774979609
0.829867047157549
0.8298764960953602
0.8298814304542482
0.8298808244871976
0.8298735165219882
0.8298613817035383
0.8298476300843208
0.8298357943949458
0.8298284091150788
0.8298256701002044
0.8298256797165575
0.8298265130220974
0.8298270868162247
0.8298275087996216
0.829827983936808
0.829829032608806
0.829831184512861
0.8298339586186289
0.829837899111423
0.8298434113151222
0.8298512859877111
0.8298541125208669
0.8298578491313793
0.8298600526352523
0.8298620615628463
0.829864384029912
0.8298664757692521
0.829867915780433
0.8298693018969129
0.8298703410943243
0.8298706693021084
0.8298698427391452
0.8298676865142159
0.8298652883882898
0.8298635628990536
0.8298623928485462
0.8298615726608654
0.829860548585132
0.829859297025468
0.8298576153457855
0.8298550306708303
0.829851280802409
0.8298468445711827
0.8298428384852764
0.829839434144946
0.8298370098044254
0.8298358962006369
0.8298361256138979
0.8298366434962452
0.8298372080598153
0.8298374033902356
0.829837528582412
0.8298374919617999
0.829837417248398
0.8298373531742218
0.82983729312662
0.829837214559438
0.8298372047833474
0.8298371962646696
0.8298370594573956
0.8298362752408733
0.829834065881774
0.8298274294507773
0.8298102274895592
0.8297924242473138
0.8297816041292569
0.8297707109049496
0.8297639398472973
0.8297564394292376
0.8297499581043856
0.8297565334553474
0.8297965744963529
0.8298807115646293
0.8300335860230881
0.8303241415938943
0.8307403636353872
0.8311232424274988
0.831460535372034
0.8317133570163047
0.8317788495490278
0.8315100210636286
0.831174764869507
0.830842379102599
0.8305477941804691
0.8303153309314593
0.8301504083536219
0.8300718877174376
0.8300561563853233
0.8300545776942361
0.8300549940575251
0.8300543396321854
0.8300521419655573
0.8300488864366861
0.8300454445025995
0.8300433633930453
0.8300439202133019
0.8300462203330375
0.8300489893342166
0.8300509915865009
0.8300525273526606
0.8300531462389344
0.8300531843457829
0.8300530603542761
0.8300528985040284
0.8300527603926806
0.8300525932253969
0.8300524732279863
0.830052270909848
0.8300519569256277
0.8300513856757967
0.8300500379604057
0.8300448269014399
0.8300375888866558
0.8300176510531906
0.8299878409722963
0.8299411040613686
0.8298791973809745
0.8297881719900558
0.8297172533582976
0.8296695634342927
0.8296316776291391
0.8296007470365346
0.8295732637763883
0.8295469454733415
0.8295229646851052
0.8295066655776223
0.8295008416268317
0.8294945130948768
0.8294887144549181
0.8294834870080036
0.8294791059078321
0.8294744022424353
0.8294674676038372
0.8294615344708416
0.8294568426002736
0.8294533747828611
0.8294504920738683
0.8294475866296188
0.8294449908388192
0.829442181385873
0.8294396169616061
0.8294375625826419
0.8294358727265925
0.8294338557614762
0.8294325811660758
0.8294313284942728
0.829430242053153
0.8294292225968029
0.829428019649304
0.8294267195097819
0.8294253999963401
0.8294243332895199
0.8294232659552416
0.829422139083212
0.8294220011967679
0.8294219489243647
0.8294218461250178
0.8294209419316094
0.8294168238760604
0.8294036954193691
0.8293750550463876
0.8293442614461692
0.8293262282357389
0.8292982682078283
0.829245615514961
0.8291826975375097
0.8291169879279279
0.8290415797875615
0.8289913391352811
0.8289667190104647
0.8289794012507903
0.8290398647075423
0.8291316536452863
0.8292497686055019
0.8294014029932124
0.8295619776709439
0.8296842007365041
0.8297568208105425
0.8297908234285971
0.8297862378570258
0.8297467736580699
0.8296840674883249
0.8296346388174951
0.8296196505453894
0.829620352699283
0.8296247672680939
0.8296289534890143
0.8296324306414572
0.8296344367565194
0.8296357695898657
0.8296368308913256
0.8296376876177388
0.8296385223808582
0.8296392389750245
0.8296397627106608
0.8296402846828735
0.8296407565489624
0.8296412248455712
0.8296415864838484
0.8296419237318163
0.8296420396696709
0.8296422841189709
0.8296425466468105
0.8296426589943786
0.8296427892066668
0.8296429467396845
0.8296430430064979
0.8296432418940836
0.8296433437014459
0.8296434999257203
0.8296436259259118
0.8296436916775132
0.829643813815331
0.8296440013458041
0.8296442218014437
0.8296444800069187
0.8296444827518457
0.8296445128982338
0.829644753404085
0.8296455875208413
0.8296475967798411
0.8296510588391153
0.829653409210391
0.8296567330365032
0.8296625379146954
0.8296727102980599
0.8296824686413236
0.8296936454118938
0.8297077863984469
0.8297202588461118
0.8297268778642248
0.8297295016331401
0.8297271893124567
0.8297184515557449
0.8297037671324766
0.8296891475861822
0.8296782429040692
0.829672367375984
0.8296703349192638
0.8296702970910554
0.8296707882431869
0.8296710922506902
0.8296711122879858
0.8296707948150326
0.829670104634772
0.8296686467190686
0.8296666655094006
0.8296639349075801
0.8296600520202622
0.8296537960601182
0.8296421741343945
0.8296275978600108
0.8296087365281201
0.8295863602849634
0.8295592621859554
0.8295262183870369
0.8294863917099266
0.829446404485948
0.8294211253250515
0.8294217315350216
0.8294345488283078
0.8294512041663986
0.8294637848217108
0.8294718948857102
0.8294757656466322
0.8294762456764786
0.8294758110473257
0.8294750821954627
0.8294744971030498
0.8294739409306282
0.8294732761968673
0.8294726509285149
0.829471970251655
0.829470780159574
0.8294702744816649
0.8294694888765203
0.8294694834886488
0.8294694588764545
0.8294693766129009
0.8294691461029631
0.8294685034393008
0.8294667982765966
0.8294629159123909
0.8294609293203378
0.8294579859234541
0.8294544810349547
0.8294477144623472
0.8294409967435928
0.8294351609769788
0.8294300778441046
0.8294257540801003
0.8294219083732682
0.8294181808670035
0.8294164694714165
0.82941717846374
0.8294198789859966
0.8294253693734189
0.8294358021673719
0.8294567322249821
0.8294896960440644
0.8295452346778525
0.8296659006390682
0.8299091859298613
0.8302473310255749
0.8306615301183039
0.831167535836724
0.8317619309212702
0.8324147402429581
0.8329271192833406
0.8327027276014888
0.8321147509523523
0.8314602641129256
0.8308735768820762
0.8304149063082764
0.8301031876485674
0.8299424838680292
0.8299077289921777
0.8299301976328397
0.8299525398470472
0.8299565285115229
0.8299576682689205
0.829962739638809
0.8299692621729442
0.8299758964588712
0.8299810227286004
0.8299818618743472
0.8299793698386149
0.8299762846372578
0.8299739726988606
0.8299723760481618
0.8299726161236044
0.8299715454562644
0.8299714364888238
0.8299715104836803
0.8299715725885188
0.8299716452186702
0.8299717188507302
0.8299717593091804
0.8299717749797756
0.8299718591045351
0.8299718924519237
0.8299719305153576
0.8299719742831796
0.829971993896794
0.8299720346989682
0.8299720882038679
0.8299721195126736
0.829972158967696
0.8299721939606551
0.8299722420218414
0.8299722887103942
0.8299723613106587
0.829972440827176
0.8299725773703361
0.8299727032375533
0.8299727999091572
0.8299728858804595
0.8299728956057861
0.8299728960249279
0.8299729001937717
0.829972985121394
0.8299732736435641
0.8299744848942853
0.8299780703205849
0.829980143325671
0.8299825224342364
0.8299833679685931
0.8299844118447736
0.8299855363965912
0.8299848497824606
0.8299788219947014
0.8299650642448861
0.8299399414597888
0.8298928833557486
0.8298228898278938
0.8297581610102088
0.8296978837914549
0.8296405183668195
0.8295883316755405
0.8295445788390102
0.8295208197288937
0.829518573429617
0.8295367337642373
0.8295583400717071
0.8295816547079021
0.8296017729179025
0.8296183431328676
0.8296319912010827
0.8296431243966041
0.829652428138831
0.829660445285043
0.8296672695423689
0.8296706557955621
0.8296681254413912
0.8296592350976324
0.8296427037714976
0.8296140282804035
0.8295638625989138
0.829467717219911
0.8292990248707212
0.8289359876002493
0.8284762491156793
0.8278125369151502
0.8266717983624479
0.8251226236533964
0.8237707460387876
0.8225017660829054
0.8212896284096574
0.8201432043264414
0.819027749640361
0.8182438420347462
0.8176749750432013
0.8172083791058103
0.8167837186671157
0.8162865165581924
0.8159718955165057
0.8156559098155715
0.8153913846336825
0.8151641175335513
0.8149466070902328
0.8147202494533815
0.8144363362467981
0.8141810906968922
0.8139325592205984
0.8136979453967333
0.813455445045226
0.8131834111875468
0.8128578994076904
0.8124477410374964
0.8120137056902361
0.811637213114288
0.8112619751695502
0.8108403517810033
0.8103419303245188
0.8099139091313571
0.80951153880211
0.809103373278851
0.808669995712307
0.8081995480281424
0.8076796747825026
0.8070598541198933
0.8062979403040346
0.8052733733989386
0.8041230493685609
0.8025418045878008
0.7977354623358122
0.7796701371056461
0.7698005369409257
0.6861220149498451
0.6582102744357958
0.5801740736850102
0.46898369782666555
0.3643992882317846
0.2982824313594039
0.25181272928592446
0.2116931497375911
0.1957794151089958
0.18200149789620512
0.16957054549727552
0.15653266192387422
0.14714912715555561
0.1378941995643308
0.125908225319784
0.1098849142537287
0.09152547803304735
0.07712078986750048
0.06557211135614448
0.0560410210371226
0.048101182790223275
0.04136725291804374
0.03572934245571207
0.03157468701050058
0.028156243375977878
0.02484250126327962
0.02159259769732894
0.01952678241114967
0.017912829281837208
0.01644249632142637
0.015019749641869322
0.013564036507220111
0.01220715372066205
0.011670824709922471
0.01127423547924904
0.01087686263262298
0.01060620912708913
0.010342567418431991
0.010095817100692241
0.009858529412023639
0.00955103392598052
0.009219990604322853
0.008823704296041823
0.008330022507091509
0.007683601585471378
0.006847098259080462
0.006111591537130109
0.005474512805700282
0.004950775601790028
0.00451762586242122
0.004154698828933436
0.003849869535630814
0.0037295136539671073
0.003728535093432467
0.0037265820932269812
0.003724230669399413
0.003725711529771235
0.003722881880450927
0.0037198872067193463
0.0037176930493501978
0.003716158370518034
0.003714626238329413
0.0037137189291942966
0.003712502921109235
0.003710644879973609
0.0037083722938443552
0.0037054654780200257
0.003702751548463104
0.0037004784810904866
0.0036982477395197506
0.0036956679013952186
0.0036921373656047165
0.003688572509744557
0.003685519052275735
0.003682569708540465
0.003679457951292203
0.0036758668042540534
0.0036718436510127846
0.0036680457263483465
0.003664141989956591
0.003659845597664342
0.003654795115487082
0.0036487320147297005
0.003644329776572332
0.003639361124904944
0.003634481593614747
0.003630100656722672
0.003624748223202869
0.0036146068662836
0.0035966513867520537
0.0035762562162300437
0.003553950927015186
0.0035292931011937398
0.003521929889933282
0.003519338071834423
0.0035160507278741804
0.003511471734789644
0.003508164177231353
0.003505568031625804
0.003502826013662928
0.003500088093864112
0.0034976568502217207
0.003495012401700412
0.003491831236054392
0.003487480313015158
0.003481994315137563
0.0034753094992384724
0.003468980977173813
0.0034623453917011337
0.0034573619995568613
0.0034505964361597817
0.003445178833860921
0.0034400081328106722
0.00343321085871601
0.003421255863411033
0.003407533208703067
0.003392308299073197
0.003375388382638063
0.0033567135482715548
0.0033359951052973342
0.0033191863320060767
0.003302317179221766
0.003289173477546749
0.003278371703961449
0.003266725238017617
0.003256723019782551
0.003246532177012408
0.003228506166540588
0.0032067805949597262
0.0031774388136926388
0.003144553505969423
0.003110187214945186
0.003076085594235746
0.003045878286456321
0.00301954222184942
0.003019482826266593
0.003019363792397312
0.0030191261795049482
0.003018833108606908
0.003018540125211819
0.003018174785371025
0.00301773309071247
0.003017533899623931
0.0030174344253209003
0.003017335038233318
0.003017276675501702
0.003017224133667467
0.003017119128535205
0.003016909300397162
0.0030166045340641327
0.003016293360263996
0.003015943568625506
0.003015546642968632
0.00301511397631083
0.003014663697564975
0.00301423204076539
0.003013834249006102
0.0030134542637821732
0.0030130549944865142
0.003012513044796359
0.00301198479557915
0.003011581703589437
0.00301118606285011
0.003010763532858722
0.003010260556013425
0.003009626438146797
0.003008909778535926
0.003008022153119295
0.003006841085890473
0.003005762756547155
0.0030049644460701922
0.003004332655769731
0.003003790883130451
0.003003241489552351
0.003002565907294457
0.003001994813342654
0.003001611793841354
0.00300125402955812
0.003000883402520078
0.0030004898985138517
0.003000151079912602
0.002999812897412192
0.0029994998212151
0.0029996925444140637
0.002999467714908906
0.0029992679293304792
0.0029990247359403133
0.0029988309030252102
0.002998656127463979
0.002998465336252996
0.002998232256492936
0.002997954723380473
0.002997742206711851
0.002997544223686477
0.002997287951429698
0.00299707003856814
0.002996817559775766
0.002996366102597709
0.002995904922093653
0.002995392812427456
0.002995044498330892
0.0029946849269651223
0.0029944018524920963
0.002994155398054068
0.002993853703012397
0.0029935029759078392
0.0029932304633514357
0.002992952189248783
0.0029926394320719737
0.0029922345768671503
0.002991817172167209
0.00299146264100692
0.002991140525806695
0.0029908139209224643
0.00299037119854668
0.002990022369382868
0.002989771763612947
0.002989545082597678
0.0029893224205410833
0.0029890743002281986
0.0029887085779833
0.002988349181378672
0.002988061954650415
0.002987773632449457
0.0029874627711120177
0.002987113317299964
0.002986782689150531
0.002986457630779505
0.0029861140332547377
0.002985703283685705
0.002985263795783042
0.002984815764529857
0.0029844097120332643
0.0029839926388137363
0.002983530610577927
0.002982966968394599
0.002982264333718992
0.002981286209375948
0.0029797692531309777
0.002977610836665159
0.002974530842370983
0.002970841560619095
0.002966946343161123
0.002962842865248358
0.002958538918972725
0.002954061853845115
0.002949448917309358
0.002944766189757622
0.002940453414960745
0.002936567473587348
0.002936367197059873
0.002936355081894889
0.002936330873581252
0.0029362980289110697
0.002936255180474986
0.002936211281629054
0.002936176817236151
0.002936146935341957
0.002936118998232904
0.0029360965490126656
0.002936074130594024
0.002936062230267369
0.002936046157490662
0.002936029891734172
0.002936012540911345
0.002935968316464891
0.002935964235248461
0.002935952437003747
0.002935932503035304
0.002935910422450671
0.002935888526478128
0.002935866909239263
0.002935843638949403
0.002935815886947551
0.002935781505962782
0.00293573382499617
0.002935679703684306
0.002935627093450951
0.002935571193382541
0.002935517097158528
0.0029354771659936387
0.0029354471635591652
0.002935419677851119
0.00293538948781523
0.002935355903681852
0.002935323430834975
0.002935290168440705
0.0029352543926820817
0.002935220950759392
0.002935192470403495
0.002935166623282505
0.0029351407845011838
0.002935110054802641
0.002935066808556325
0.002935036364295662
0.002935008524671495
0.002934978610985279
0.002934944263333831
0.002934914337454529
0.002934883974022502
0.002934842189491812
0.002934802721582276
0.002934766712429957
0.002934731389766247
0.0029346940299798526
0.002934653744574248
0.002934617047336711
0.002934584346709299
0.00293455625457579
0.00293453010400238
0.002934503244890097
0.002934472207597883
0.002934429638031298
0.002934385873167169
0.002934348701459118
0.002934310537726498
0.00293426822715179
0.002934217895986684
0.00293415228496927
0.002934089451683435
0.002934026729764151
0.00293396073471062
0.0029338772527440888
0.00293381654903289
0.002933759975796533
0.002933745990165975
0.002933719153850751
0.002933696545193131
0.0029336777045053043
0.002933654828046079
0.00293363727906274
0.002933618768298191
0.002933595215559952
0.002933565943651437
0.002933534266533294
0.00293350131511017
0.0029334566339182942
0.002933415115533486
0.002933396385293175
0.002933374403333874
0.002933350588415631
0.002933322607610533
0.002933288102222229
0.002933248534695272
0.0029332025752453897
0.002933132008290515
0.002933030400743653
0.0029329080002571087
0.002932794693659408
0.002932672140630096
0.002932528597697031
0.002932408698530394
0.00293234162866522
0.002932350444969781
0.002932407062885542
0.002932494431678365
0.002932608292196999
0.002932756975832674
0.0029329405792647683
0.002933210026756394
0.002933601487877412
0.002934249041471369
0.002935035912428545
0.002935891621057531
0.002936828768899015
0.002937853330609821
0.00293897483845387
0.0029401993448128
0.002941524238291136
0.0029428019563125093
0.002944206695243656
0.002945472754715457
0.002946398513880184
0.002947353921278228
0.002948363016216368
0.002949676009276505
0.002950357472122572
0.002950361216803844
0.002950368715691908
0.002950383934846956
0.002950396243502577
0.002950407454925268
0.0029504174672494313
0.002950423228756161
0.002950424152634795
0.0029504214773734792
0.002950418465188312
0.0029504138432698656
0.00295040551135676
0.002950389833405854
0.0029503698596640717
0.0029503481483674227
0.002950324095894971
0.002950294088486735
0.0029502705210878483
0.002950250340596891
0.002950234582025375
0.0029502226704846133
0.0029502152888844202
0.00295021507895011
0.002950227417298048
0.002950262552112488
0.002950289344927785
0.002950291822949854
0.002950335446749324
0.002950365577293142
0.002950399674995013
0.0029504361847045037
0.002950462977973401
0.002950491178162846
0.0029505232244316708
0.002950564335596243
0.002950611386131374
0.002950647732765139
0.0029506760434085
0.002950699872305789
0.002950722855906245
0.002950752838838749
0.0029507726532756757
0.0029507847456874668
0.00295079422906403
0.002950801855059557
0.002950808339832226
0.002950813589680391
0.0029508187842838944
0.002950819781050979
0.002950819101761448
0.002950817530887756
0.002950814286178231
0.002950810565740163
0.002950807334840261
0.0029507895602250162
0.002950829586393742
0.002950924494451428
0.002951089061262581
0.002951311672313182
0.002951587052280317
0.002951922285367399
0.002952380179835503
0.00295251385997643
0.002952656833052126
0.0029528376313343522
0.002952995870046236
0.002953192738245547
0.002953427903975406
0.002953661821220457
0.002953906451641888
0.002954207554715079
0.0029544033259885274
0.002954591155447025
0.002954709805857732
0.002954813406126113
0.002954898842868367
0.002954970420809027
0.002955026542689079
0.002955089883187212
0.002955096277216322
0.002955020693394214
0.0029548933646589533
0.0029546985684966516
0.002954461652069371
0.002954263346907512
0.002954048571601162
0.0029538504830005047
0.002953642345806514
0.00295343845480857
0.0029532147480093958
0.002952880590304771
0.0029523685785440377
0.002951661482884047
0.0029508709419965003
0.0029499961820894567
0.002949033584820682
0.0029479836551934
0.0029468448547983308
0.002945659780004502
0.002944752104759165
0.002943512358893014
0.002942719914045188
0.002942000792824717
0.002941058530547042
0.002939982404947631
0.0029395169615775278
0.0029395019113441522
0.0029394712323597
0.00293944913928268
0.002939425486839656
0.002939406343232791
0.002939389272533688
0.002939364586574764
0.002939319908142137
0.0029392756440689122
0.002939231109400428
0.002939185269582006
0.002939142716794952
0.0029391058456311437
0.002939074958510677
0.002939047625430776
0.002939019922092228
0.0029389899594509323
0.002938956242442093
0.002938918546524635
0.0029388759571328882
0.002938828477323364
0.002938772457012537
0.002938705550273879
0.002938619665074515
0.002938495562569136
0.00293828269501206
0.0029380088068843412
0.002937799265600815
0.002937696023228368
0.002937695729396863
0.002937695159772929
0.0029376945175747173
0.002937694962892879
0.002937697193395961
0.0029376999776217433
0.00293770407375979
0.00293770665730725
0.002937710360939963
0.002937719224436585
0.002937731286001767
0.002937744553758912
0.0029377599910210012
0.002937776017860767
0.002937788847924
0.0029377995519776893
0.002937809290634668
0.002937819303183608
0.002937827006966693
0.002937831896259555
0.002937833476444527
0.002937832123595187
0.002937826560222736
0.002937814723623626
0.002937790540971528
0.002937740603460808
0.002937642804998927
0.0029375209053807074
0.002937377473176115
0.002937205074871157
0.002936978396304921
0.002936711510227075
0.0029363996026259627
0.002936023326749193
0.002935548315777813
0.002934902993458713
0.002933915555540491
0.002932848249737353
0.002932847660385912
0.002932846480026693
0.002932843995345
0.002932840573390978
0.002932836286194932
0.0029328291658638514
0.002932815437287211
0.002932781712427769
0.0029327569669215597
0.002932722664647467
0.0029326990234978733
0.002932669296461013
0.0029325894293864923
0.002932451702868142
0.002932183104907166
0.002931711655806105
0.0029311712653896363
0.002930609185240401
0.0029299913565721757
0.002929301594482386
0.002928729910544668
0.002928644474471798
0.0029287823810584743
0.002929065151670638
0.002929428984494739
0.002929916359209904
0.002930491122374998
0.002931185727028005
0.002931897403561136
0.002932649548913666
0.0029334724383454037
0.00293442389436322
0.002935541445435315
0.002936952118140641
0.002938832902318306
0.0029407853908015214
0.002942231662743308
0.00294370887061109
0.0029450538404056908
0.0029463991505164137
0.002947822192541885
0.002949532097696558
0.002951892197180938
0.0029548779981794573
0.0029570481460722093
0.002958824927787976
0.002960571151852691
0.002962014945963905
0.002963271769250337
0.002964528292189374
0.002966039223934742
0.002967980998055851
0.002969404354994438
0.002970740237169484
0.002972176087865261
0.002973848758139652
0.002975081718142931
0.002976153664078348
0.002977267712270964
0.002978585269469466
0.002979984647692515
0.002981389997627314
0.002982766527068304
0.002984250339736975
0.002985914869067378
0.0029877870867842738
0.0029900095607015
0.0029925436288206217
0.0029953188202381177
0.002998362993980405
0.003001910671987096
0.003006229451259169
0.003011763865194809
0.003017377477289455
0.003017387129704441
0.003017407520111679
0.003017474336019134
0.003017620261872903
0.00301787779196113
0.003018380915975035
0.003019033850790288
0.003019548760534272
0.00301977488226818
0.003019954982039952
0.003020025730871166
0.003020108551884307
0.0030202288255810608
0.003020429968856801
0.003020559543310923
0.003020640930636454
0.003020679787663765
0.003020685954499792
0.003020651085753366
0.0030206176956249927
0.003020548391267519
0.003020475721501116
0.003020386028110305
0.003020290549984837
0.003020165628219518
0.003020031852957408
0.003019872744369296
0.003019716343286384
0.003019583327523645
0.003019485041402023
0.003019375720474953
0.00301927232027004
0.003019157303958381
0.003019044417540424
0.0030189217695140943
0.003018771849029869
0.003018586378517915
0.003018323949174991
0.0030180574508101177
0.003017845517534367
0.0030176645159213974
0.003017495198386053
0.003017315249095744
0.003017106771609627
0.003016916341546775
0.003016761811665835
0.0030166239768893207
0.003016493366602156
0.003016365429885598
0.003016229236204646
0.0030160618982455808
0.003015914156226141
0.003015745680414229
0.003015589692138366
0.003015431760957448
0.0030152579280724643
0.003015051196290511
0.003014799985208125
0.003014466772015404
0.0030139948242358413
0.003013261372678762
0.0030119306955237557
0.0030098935974194703
0.0030076498787906074
0.003005173053621579
0.003002412970095377
0.00299948092487315
0.002996870418410237
0.002993640459968898
0.002989822575572077
0.0029853492281683943
0.0029805334006833507
0.002975422532086145
0.002970039530707496
0.002964433270803053
0.002958660209210246
0.002952766454757057
0.002947010929901361
0.002941250777186215
0.002939247598798323
0.002939230503239066
0.00293919635271765
0.002939150853954625
0.00293910863679964
0.002939054305217881
0.0029389977068064706
0.002938941323345562
0.002938924554692041
0.002938896624887149
0.0029388725261865
0.0029388387013429
0.0029388073492661493
0.002938779965558435
0.002938753107469039
0.0029387229073126672
0.002938696642555511
0.002938667252001695
0.002938640591615417
0.002938614178058669
0.002938586055919725
0.002938557054413006
0.002938532375441941
0.002938513496201927
0.002938496216742923
0.002938473524495756
0.002938451288525584
0.002938433179987269
0.002938414146230097
0.002938392513687087
0.0029383646707822
0.0029383261022355818
0.002938280289115523
0.0029382445171528752
0.002938216227615577
0.002938191103664095
0.00293816635889912
0.0029381355165314198
0.002938112562750456
0.0029380746317132027
0.002938060625223308
0.002938043741545885
0.002938025943322829
0.0029380074411794357
0.002937986899795412
0.002937957759616344
0.002937929212575654
0.002937907027586782
0.002937885017398329
0.0029378613093232007
0.0029378336022394163
0.002937798044081294
0.002937748910514459
0.002937680043822554
0.002937576348795567
0.002937480884520282
0.00293739402996875
0.002937308698394071
0.002937217588623334
0.0029370878962698167
0.002936976834595119
0.002936895811648452
0.00293682601413559
0.002936765347975254
0.002936710835626905
0.0029366578081128822
0.002936600351733241
0.0029365174302251017
0.002936441884278799
0.002936381787143362
0.0029363211569234642
0.0029362549207656292
0.002936175087711014
0.002936073565222858
0.0029359621999864183
0.002935818582911936
0.002935602672827855
0.002935364160593133
0.002935119800775822
0.0029348853753802633
0.002934624587167684
0.002934348905746788
0.00293412948983321
0.002934077812213911
0.002934093343178563
0.0029341439291562348
0.002934210655858667
0.002934344890876459
0.00293452955462941
0.0029347594644135687
0.002934961099729004
0.0029351595595307647
0.002935370136027975
0.002935603484214479
0.002935881148101698
0.0029362172935471238
0.00293665530232316
0.002937122538750195
0.002937596376499427
0.002938035488161562
0.002938538056081382
0.002939136682867373
0.002940155982626499
0.002941532281392545
0.002942956233982136
0.002944409362918034
0.002945881802013143
0.002947367681752711
0.002948836815233487
0.0029502378214840796
0.002950256842465463
0.002950259352415903
0.002950264359001887
0.002950271424072242
0.0029502787259279703
0.002950283184332026
0.002950284574954098
0.002950278576941826
0.00295025914364737
0.002950225592640137
0.002950161592931997
0.002950098951414189
0.002950067246315112
0.002950024195890096
0.002949919991231789
0.002949696880844203
0.002949463167879263
0.002949095921376127
0.002948709963463004
0.0029483366659388013
0.0029479720081180727
0.002947609694527838
0.0029472110799814402
0.002946961199983994
0.0029467867240657187
0.002946695029017005
0.002946665828365751
0.002946688657040965
0.002946721335770401
0.0029467828977535427
0.002946861916991614
0.002946943210883173
0.002947121852416215
0.002947272076775041
0.002947390658522325
0.002947530202089864
0.002947686668232805
0.002947884516675591
0.0029481304151475207
0.002948377987114564
0.002948596099208803
0.002948785834136983
0.002948927254743743
0.002948905009810917
0.002948704941507378
0.002948237224615706
0.00294751481390129
0.002946457575032247
0.002945005101825123
0.002942988818457694
0.00293975476702281
0.002936958723993596
0.00293553729548282
0.0029353001109914444
0.002936882682883473
0.0029423420605479067
0.002957411851328956
0.003004246150156049
0.0031938891532705383
0.0039794952232256745
0.005615779303119446
0.0084263697621977
0.01403773556108052
0.02008704472908255
0.03060521406079423
0.04481566671824535
0.0669785037540431
0.10510211950287959
0.15430564046144452
0.2132952980080644
0.2820974633115298
0.3612460222751061
0.46027966292589717
0.5148147970103372
0.5739192094860313
0.6197247362652837
0.6560783710812932
0.6898834278989908
0.7233080974504327
0.7590048307527355
0.7887381642852647
0.8111268558865495
0.8302847094090617
0.8473792355596289
0.8633061113026246
0.8759333348661302
0.8850095341586721
0.8921618596423125
0.8980046564797304
0.9024721620122371
0.9032156072703393
0.9011917116454536
0.8950579866633387
0.8879767534570199
0.8774622392339343
0.8703620561552344
0.8636719362264728
0.8562872295926985
0.845831824059322
0.838490075133883
0.8342329647682393
0.8318705311916625
0.8306948751201119
0.8301672190023867
0.8300079093662668
0.8300142122751069
0.8300665043904779
0.8301036990609384
0.8301127431537174
0.8301097420181239
0.830108067932747
0.8301077350390503
0.8301078019541854
0.8301078455024135
0.830107860511631
0.8301078798562989
0.830107878362816
0.830107887733927
0.8301079134524662
0.8301079187878437
0.830107937685632
0.8301079594354651
0.8301079805670908
0.8301079973827784
0.8301080141343858
0.8301080290246209
0.8301080424572147
0.8301080504251932
0.8301079842192118
0.8301071402805845
0.830095992608499
0.8300698742249815
0.8300331491163082
0.8300189372256612
0.830005427904968
0.8299973742696571
0.8299907134542495
0.8299795202691991
0.8299681055793013
0.8299664151376428
0.8299772374382535
0.8299979588704395
0.8300211646852227
0.8300422546549143
0.8300601096527179
0.8300714555275663
0.8300763733368324
0.8300776751470823
0.8300771617610474
0.8300763046445833
0.830075906157217
0.8300758850636474
0.8300759480567775
0.8300759760080125
0.8300759777417998
0.8300759778725568
0.830075981182233
0.8300759854962882
0.8300759904750381
0.8300759961642434
0.8300760027288521
0.8300760100328864
0.8300760149304194
0.8300759969540932
0.8300757074223262
0.8300691099707901
0.8300516676211723
0.830013561988814
0.8299485410772338
0.8298957503326105
0.8298690445196678
0.8298434857382708
0.8298290605815224
0.8298144446192505
0.8297888984078197
0.8297595699346906
0.829744417539345
0.8297392873482032
0.8297459143115622
0.8297623649357742
0.8297827630125407
0.829804207315456
0.8298217545861787
0.8298363060679712
0.8298513419769266
0.8298682285933805
0.829884135038659
0.8298961022546852
0.8299038309941992
0.8299088343417266
0.8299116348267525
0.8299130716807619
0.8299136143617613
0.8299135520947198
0.8299130484191756
0.8299128672243917
0.8299119165258008
0.8299112524598921
0.8299107060413321
0.8299102274161615
0.8299096714723132
0.8299087757760004
0.8299076533653581
0.8299066143191347
0.8299058932352802
0.8299052748643699
0.8299047191014489
0.8299042346428659
0.8299037524909226
0.8299032837872786
0.8299029873535464
0.829902824718431
0.8299026687605456
0.8299025695266821
0.8299024833910613
0.8299024188852168
0.8299023450336804
0.8299022653707651
0.8299021704035515
0.8299021508376985
0.8299021507851336
0.8299021545513409
0.829902452063698
0.8299051725115737
0.8299177783041353
0.8299615023048816
0.8300838560191187
0.830272748906347
0.8305422808947617
0.8308164078093203
0.8309691881282376
0.8311258825890625
0.831205903208276
0.8312823435367499
0.8314218225874431
0.8315997183372508
0.8316476428200527
0.8314933100560052
0.8311971472080754
0.8308664429215649
0.8305754172430584
0.8303363514950468
0.8301721103247728
0.8300880652926647
0.8300714374478997
0.8300761041673267
0.8300832257769623
0.8300865767563589
0.830087978647824
0.8300885923048548
0.8300888550455826
0.8300889706834171
0.8300889833721049
0.8300889716726667
0.8300889602514588
0.8300889525118905
0.8300889479757242
0.8300889456565655
0.8300889441637838
0.8300889421778125
0.8300889381454413
0.8300889302498654
0.8300889215809215
0.8300889071224931
0.8300888991907085
0.8300888934019269
0.8300888875976669
0.8300888830033176
0.8300888787158539
0.8300888763086107
0.8300888710170945
0.8300888661826872
0.8300888593862408
0.8300888538441065
0.8300888495758141
0.8300887302766424
0.8300871935133088
0.8300665470436276
0.8300109559318555
0.829928839221755
0.8298272264320562
0.8297439231393411
0.8297307317737115
0.8297067465106458
0.8296775775710336
0.8296754944850445
0.8297129447450652
0.8297857377165231
0.8298794632613175
0.829966240084319
0.8300174750506716
0.830035088732178
0.8300294938348861
0.8300206364570092
0.8300178060099521
0.8300181957728341
0.8300187580758861
0.8300188849279858
0.8300188499076876
0.8300188278121713
0.8300188261621604
0.8300188251007135
0.8300188228478443
0.8300188210463912
0.8300188194142227
0.8300188184166102
0.8300188179854819
0.8300188173558383
0.8300188167722597
0.8300188160642533
0.8300188153295218
0.8300188146560181
0.8300188145703976
0.8300187752949156
0.8300182467420802
0.8300144303106735
0.8300054168044951
0.8299886299876137
0.8299629175248686
0.8299420386303021
0.829922062680645
0.8299145950461817
0.8299056199947564
0.829892069059204
0.8298859757019617
0.8298909698158163
0.8299075562032318
0.8299364959061664
0.8299667692187318
0.8299842111852563
0.82999293523223
0.8299968891235732
0.8299982872635358
0.8299983480628891
0.8299977813783584
0.8299971522658157
0.8299967706870613
0.829996560355035
0.8299964556372713
0.8299964093440519
0.8299963901796753
0.8299963838228297
0.8299963879562692
0.8299964322913577
0.8299965543281529
0.829996747970462
0.8299970739373554
0.8299976595992555
0.829998826226685
0.8300016498588543
0.8300071689501614
0.8300174361455205
0.8300377021564576
0.8300857012355389
0.830142193995677
0.8302503688650072
0.8303729831211407
0.830493869554382
0.8306076754312042
0.8306923214871139
0.830703389255141
0.8306271790077802
0.8305195808426129
0.8304040707762983
0.8302956619927019
0.8302055598788004
0.8301390622373899
0.8301035786583698
0.8300905219388751
0.8300897780486739
0.8300912273043786
0.8300923176338577
0.8300928896947315
0.8300931147398901
0.8300931418522524
0.8300931124616768
0.8300930666978078
0.8300930300121215
0.8300930093230212
0.8300930096884324
0.8300930192355469
0.8300930563391641
0.8300930842053769
0.830093008221902
0.8300930750498158
0.8300931329868484
0.830093140778608
0.8300931665817842
0.8300931928120255
0.83009322817581
0.8300932602223957
0.830093288765648
0.8300933102675528
0.8300933323927343
0.8300933416903925
0.8300933356306488
0.8300932325210636
0.8300906472208684
0.8300791416975141
0.8300567338014595
0.8300218664435335
0.8299922955369681
0.8299866137629824
0.8299871362359902
0.8299895868898736
0.8299934876166725
0.8300051730011886
0.8300388677189225
0.8300732362918133
0.830101928483121
0.8301124382377723
0.8300994479373341
0.8300702065013918
0.8300412522936957
0.8300276011518634
0.8300289037575425
0.8300377923100266
0.8300471230372782
0.8300537896701419
0.8300576600087828
0.8300595614332463
0.8300607110491315
0.8300614456591566
0.830061831914976
0.8300620910756807
0.8300621772052644
0.8300621159242262
0.8300619869077225
0.8300617909687935
0.830061674636869
0.830061476327386
0.8300613271417882
0.8300611941715026
0.8300609931559552
0.8300607257591472
0.8300605456355686
0.830060402993915
0.8300602755884803
0.83006017384072
0.8300600775684726
0.8300599908138346
0.830059924929158
0.8300598683290086
0.8300598183484235
0.8300597940600175
0.8300597722467475
0.8300597552762239
0.83005973872481
0.8300594606589436
0.8300524313755524
0.8300264022858439
0.829969370105884
0.8298554982451083
0.8297500113582071
0.829694638710745
0.8296668883309638
0.8296395787513157
0.8296151145443205
0.8295956247335505
0.8295582361606431
0.8294907456347999
0.829426681662648
0.8293742487551564
0.8293310098959694
0.8293023508123207
0.8292937729020788
0.8293002738030117
0.8293131893658263
0.8293293823618023
0.8293432250627362
0.8293585111685577
0.8293691748415133
0.8293776758702707
0.8293855944955869
0.8293937868899411
0.8294053510102078
0.8294190384230727
0.8294327472545767
0.8294517496053366
0.8294834808453091
0.8295478210268241
0.8297117828350219
0.8299175831122065
0.8301291764896598
0.8303524789472383
0.8305649612364847
0.8307301587115862
0.8307524520061594
0.8306060816344439
0.8304091613957967
0.8302153814618244
0.8300550314789868
0.8299395672704359
0.8298762563320364
0.8298562346088415
0.8298625444582741
0.8298711535024397
0.8298761702359739
0.8298773882829777
0.8298777750855073
0.8298779493140628
0.8298779272021013
0.8298780004140226
0.8298778051780946
0.8298775661091098
0.8298767447884691
0.8298764156496813
0.8298762566997411
0.829875677162357
0.8298749449585532
0.8298743636972256
0.8298738579484003
0.829873457917234
0.8298731777906819
0.8298729437957791
0.8298728570430384
0.8298727748509108
0.8298727643860413
0.829871316049248
0.8298585423091245
0.8298302874767263
0.8298053853365674
0.8297805934607183
0.8297525696970763
0.8297219882780569
0.8297230428145976
0.8297478796436428
0.8297838891957917
0.8298153615382792
0.829832547391108
0.8298361309939085
0.8298339888379508
0.8298332013343569
0.8298358005770818
0.8298406678179101
0.8298475021098822
0.829857166043694
0.8298650029642697
0.8298684952448662
0.8298686839297779
0.8298666786252981
0.829860927515512
0.8298629570547974
0.829862041085897
0.8298615463555045
0.8298613589392296
0.8298610215844101
0.8298607459363238
0.8298642048481242
0.8298591760413566
0.8298579073886935
0.8298561464476996
0.8298529383363061
0.8298488209197812
0.8298441572982129
0.8298399317474823
0.8298365039057257
0.8298343456355813
0.8298337692795011
0.8298343133766728
0.8298351226565998
0.8298354638681172
0.8298357961522507
0.829835873294656
0.8298358028771747
0.8298357388944795
0.8298356897374702
0.8298356500261616
0.8298356095980154
0.8298355980257612
0.829835597907148
0.8298355976817021
0.8298355982665334
0.8298356071248914
0.8298356411427185
0.8298357381017272
0.8298359814684102
0.8298365956050829
0.8298377027633961
0.8298392608188578
0.8298408614470472
0.8298429403506881
0.8298436979355494
0.8298449371909534
0.8298469133465646
0.8298491379841041
0.8298521666550982
0.8298566734995106
0.8298610041534241
0.8298665605997556
0.8298722394702408
0.8298781860225541
0.8298844876869672
0.8298903643702955
0.8298954356187971
0.8299002939103238
0.8299061337408682
0.8299117602015751
0.8299181029697533
0.8299245549071279
0.8299317607171548
0.8299407768620674
0.8299523007204785
0.8299692012804809
0.8299976265521146
0.8300452354012109
0.8300879086212583
0.830124885556241
0.8301607528064807
0.8301980842394566
0.8302439452155125
0.8302910737386014
0.830352294990304
0.8304069818101918
0.8304586485054637
0.8305093047647529
0.8305582687391565
0.8306067194183177
0.8306569431830055
0.8307149624955472
0.8307611958385424
0.8308049066025229
0.8308372079355842
0.8308606084412349
0.8308747118468617
0.8308755618536787
0.8308551400362844
0.830798659746698
0.8306908323115554
0.8305089232125917
0.8303356788941961
0.8302004694530899
0.8301096478401458
0.8300561180663479
0.8300332866438384
0.8300289318303214
0.8300295219182364
0.8300307391675649
0.830031523576119
0.8300318646228811
0.8300318699705387
0.8300318276497203
0.8300317671610167
0.8300317442576169
0.8300317788715419
0.8300318917445939
0.8300320086277965
0.8300321076564675
0.8300321811574392
0.8300322528883917
0.8300323103392754
0.8300323603019806
0.8300324033015765
0.8300324396362191
0.8300324695798237
0.8300324713234933
0.8300325224381387
0.8300331906241332
0.8300483455264825
0.830081063273301
0.8301458263135961
0.8302236709815987
0.830261806063461
0.8303135062267825
0.8303965359607154
0.8304551564125844
0.830449492086931
0.8303820989957466
0.8302806947585233
0.8301806629804349
0.8301201415094202
0.8300914609628487
0.8300865713145907
0.8300905259936032
0.8300953104583955
0.8300977539593716
0.8300978181536544
0.8300973476208034
0.8300972414928292
0.8300972488103079
0.8300972766698981
0.8300972531763181
0.8300972562475217
0.8300972587415447
0.8300972603740687
0.8300972626285655
0.8300972649050221
0.8300972667282823
0.830097268837306
0.8300972704371404
0.8300972717717141
0.8300972731801319
0.8300972746767239
0.8300972769218442
0.8300972783641534
0.8300972809929154
0.8300972889935075
0.8300974211265923
0.8301007030322394
0.8301121923349666
0.8301391629822816
0.8301966098889235
0.8302733849520995
0.8303047571944026
0.8303329036521973
0.8303426954160282
0.8303534285931765
0.8303691654433202
0.8303727660038701
0.8303497494373901
0.8303039500743484
0.8302388166342994
0.8301702825411612
0.8301275209662233
0.8301086847513041
0.8301061665189423
0.8301115691408669
0.8301178888819699
0.8301209407008326
0.8301220382946298
0.8301225701254747
0.8301228287844501
0.8301229343505298
0.830122923567521
0.8301228795911659
0.8301229344166414
0.8301229866278781
0.8301230696186903
0.8301231678690295
0.8301232528484109
0.8301233539319798
0.8301234107399768
0.83012343863142
0.8301234421504068
0.8301234722984471
0.8301234862745829
0.8301234912619471
0.8301234937529409
0.830123494891242
0.830123493554609
0.8301234897274977
0.8301234725556466
0.8301234735733725
0.8301234318657703
0.8301234560894513
0.8301234550630557
0.830123452450924
0.830123444914873
0.8301234404036195
0.8301234315153764
0.8301234221506756
0.8301234194315174
0.8301234115583651
0.8301234063047154
0.8301233966647259
0.8301233895176848
0.8301233762219572
0.8301233583605879
0.830123331068821
0.8301233041103737
0.8301232820447884
0.8301232645640066
0.8301232485836583
0.8301232391697885
0.830123234391204
0.830123120041424
0.8301216521131842
0.8301018098128549
0.8300588546316048
0.8299805817982745
0.8298799005975434
0.8297880760140225
0.8297713505044066
0.8297401268370481
0.8296970374985227
0.8296763952292717
0.8296787386015624
0.8297139845395248
0.82977942052971
0.8298623716597957
0.8299331569509595
0.8299867241102658
0.830024018044652
0.8300415598514358
0.8300422372080856
0.8300393364344927
0.8300366520732841
0.8300352599244601
0.8300349031792799
0.8300350517583972
0.8300352018459946
0.830035207785718
0.830035194652856
0.8300351891258466
0.830035185627701
0.8300351818116792
0.8300351778478277
0.8300351745059991
0.830035171834923
0.8300351681371578
0.8300351664228796
0.8300352297151222
0.8300361777328229
0.8300448126605813
0.8300692177528687
0.830129010028027
0.8302341947709451
0.8303292042851098
0.830428641312898
0.8304685630989453
0.8305142187035165
0.830571688054217
0.8305689558317295
0.830492644218807
0.8303707550572993
0.8302419659461108
0.8301547197011483
0.8301089090356797
0.83009724864029
0.8301005939879744
0.8301072355700592
0.8301107284066527
0.8301109119362532
0.8301104191584202
0.8301102104470524
0.8301102015359542
0.8301102208719766
0.8301102272005546
0.8301102285020966
0.8301102309841788
0.830110235160289
0.8301102406742552
0.8301102498687015
0.8301102678758999
0.830110300728426
0.8301103554637761
0.8301105065609143
0.8301107009875787
0.8301109252091975
0.8301112058551978
0.8301115256860363
0.8301118281687627
0.8301120232046103
0.8301121089679973
0.8301121389135081
0.8301121320352615
0.8301121437247233
0.8301121707662121
0.8301122031110507
0.8301122599924052
0.8301122940476052
0.8301123267060455
0.8301123512030911
0.8301123783193699
0.8301124067469183
0.8301124077379463
0.8301113831193472
0.8301024997317641
0.8300584690725274
0.8300034696270341
0.8299520735949112
0.82993470746743
0.8299142693540981
0.8299031944471045
0.8299188805174644
0.8299580057185242
0.8299965940563956
0.8300318803253043
0.8300540472206249
0.8300685504700326
0.8300791434146909
0.8300895412001126
0.8301014169919847
0.8301164607509357
0.8301379965682129
0.8301649590923393
0.8301870649449153
0.8302025045772556
0.8302075386381144
0.8301940925402712
0.8301632197272242
0.8301384702204532
0.8301196577909983
0.830107568670435
0.8301015500691827
0.8300997594133412
0.8301002392466996
0.8301009793755223
0.8301013309751468
0.8301013840893958
0.830101353578653
0.8301013352358448
0.8301013314824902
0.8301013324258997
0.8301013337593514
0.8301013345825573
0.8301013355340925
0.8301013368471127
0.8301013389753749
0.8301013417857157
0.8301013450152391
0.8301013490509086
0.8301013528298035
0.8301013558191894
0.8301014104680077
0.8301030746798219
0.8301087805930368
0.8301251885544941
0.8301404082184662
0.8301617288014893
0.8301742303312404
0.8301893179257321
0.8302220127406557
0.8302602862063572
0.8302832870163046
0.8302848492187154
0.8302599975473549
0.8302136322016752
0.8301721660912119
0.8301436558984173
0.8301277959158992
0.830122375481358
0.8301237932454711
0.8301263099046842
0.8301273255459615
0.8301273443629164
0.8301271902232978
0.8301271341966125
0.8301271356968697
0.8301271419431004
0.8301271435649591
0.830127143637055
0.830127144007723
0.8301271450139837
0.8301271461524911
0.8301271472784619
0.8301271483983481
0.8301271495384959
0.830127149907515
0.8301271383277178
0.8301271011242414
0.8301283647483715
0.8301321907634843
0.8301378938236833
0.83014025737988
0.8301424329720418
0.8301407766774639
0.8301293275100489
0.8301157622472067
0.8301079718948584
0.8301100530942892
0.8301180013985312
0.8301257315228769
0.8301280962788448
0.8301272538681591
0.8301261843714294
0.8301259165304828
0.8301260421995815
0.8301260877761114
0.8301260853092935
0.8301260832314649
0.830126083282917
0.8301260834772125
0.8301260836540052
0.8301260839202702
0.8301260842896615
0.8301260846816783
0.8301260532697281
0.8301256068976043
0.8301180384208742
0.8300974481288469
0.8300551637673274
0.8300012866204909
0.8299671826376795
0.8299514553900261
0.8299370707707787
0.8299294931375761
0.8299225134935707
0.8299101740704592
0.8298937824235111
0.8298864057773928
0.8298898995389199
0.8299081003282093
0.8299411551142317
0.8299806930690856
0.830018715589555
0.8300507312266534
0.8300691189592305
0.8300770867442868
0.8300785301870773
0.8300771688153505
0.8300757748012023
0.8300752457802484
0.830075253162149
0.8300753482048274
0.8300753831344426
0.8300753805500866
0.830075376104544
0.8300753753566059
0.8300753751832657
0.8300753749201738
0.8300753747575691
0.8300753746691578
0.830075374695373
0.830075374882645
0.8300753751027143
0.830075513914657
0.830077120504827
0.8300956494046262
0.8301259049221968
0.830154716115148
