0.002917692398592513
0.002917692398592572
0.002917692398592531
0.002917692398592477
0.002917692398592509
0.002917692853326397
0.0029176965120960613
0.002917729731893782
0.002917806924357388
0.00291792768150084
0.002918076106498733
0.002918250775111405
0.002918446170923266
0.002918541836944993
0.002918633882535251
0.002918670563763417
0.002918710975224764
0.002918786741488275
0.002918875924362852
0.002918953619718776
0.002919014194264253
0.0029190590922011208
0.002919089965950443
0.002919077756470868
0.0029190677596205978
0.0029190398395041303
0.002919001103641019
0.002918947096392649
0.0029188820146994372
0.002918794213036616
0.002918675878069491
0.002918519193324334
0.0029183146837114078
0.00291804886329246
0.002917698918814985
0.00291727210527283
0.002916755895051139
0.002916129889415464
0.002915370925291645
0.002914455434714291
0.002913349432600982
0.002912374623079409
0.002911720541740705
0.002910864041042211
0.002910601819552343
0.002910279535603882
0.002909989863959857
0.00290959400346621
0.00290908933142518
0.0029084931660726047
0.0029078330818276717
0.0029072090066270878
0.002906545707393064
0.002905785435606325
0.002904833935696331
0.002903470119067611
0.002901807103274786
0.002900356157152164
0.002898915036685294
0.0028976428338238452
0.002896488903272212
0.002895008821889926
0.002893908447509732
0.00289270940531571
0.002891092472487494
0.002890321310150762
0.002890054980635136
0.0028901098359623
0.002890350380512729
0.002890550466740085
0.002890777515598199
0.002891085284668277
0.0028915653898830738
0.002892172302189947
0.002892800336804361
0.0028934404524717213
0.0028940823169209193
0.002894715575112906
0.0028953242620202943
0.0028958961375803163
0.002896422297657786
0.002896882027523182
0.002897279602785892
0.002897390226806077
0.002897391124994445
0.0028973929998171487
0.002897397329146928
0.002897401775346156
0.002897407792050447
0.002897417853418067
0.002897432021177075
0.002897437470906563
0.002897442518987267
0.0028974454899978928
0.002897448703236614
0.0028974551891818618
0.0028974638000574962
0.0028974715228288614
0.002897480052656007
0.002897489387484725
0.0028974979410050263
0.002897506690203962
0.0028975147065766747
0.002897521073812383
0.0028975254088001307
0.002897527469169555
0.002897527745694258
0.002897526588638573
0.0028975244762710966
0.0028975209020026013
0.0028975163040090863
0.002897511954358918
0.0028975117145265523
0.002897511524639392
0.0028975078476494048
0.00289750081149538
0.002897494890958908
0.002897488945180834
0.0028974788370541692
0.002897463154784037
0.002897446924209059
0.0028974299871626632
0.002897412365054964
0.002897394368991218
0.0028973760694276022
0.002897357729199379
0.0028973397440787358
0.002897323020311505
0.002897307326589581
0.002897293366900154
0.002897281135382621
0.002897271812465259
0.002897271822639619
0.002897271860457868
0.002897271924377302
0.002897271898681217
0.002897271718866338
0.00289727113157543
0.002897269812953407
0.002897268568602808
0.002897266790217741
0.002897265997299037
0.002897264883752757
0.002897262615050485
0.00289726049631188
0.002897258331274708
0.002897258134296888
0.002897259067571795
0.002897260658026045
0.002897262655317567
0.0028972650942553357
0.00289726835927171
0.002897270247047197
0.00289727158023811
0.002897272736735421
0.002897273810271832
0.002897274813066028
0.002897275333102443
0.002897275566598544
0.002897275723376013
0.002897275787480789
0.0028972758077056462
0.0028972756909490327
0.002897275528992872
0.002897275339219867
0.002897275073210723
0.002897274753450509
0.002897274308839065
0.0028972737489609563
0.002897273102879244
0.002897272606546026
0.0028972721690372497
0.002897271743306996
0.002897271308445259
0.00289727085260196
0.002897270361216963
0.0028972697343571533
0.0028972692359677667
0.002897268764701107
0.002897268250707197
0.0028972676556852893
0.00289726688712703
0.002897265972381269
0.002897265087470952
0.0028972641445764178
0.002897263024010178
0.002897261652872116
0.002897259624630079
0.002897257347695931
0.002897278743137157
0.002897347686984818
0.002897483722612106
0.002897655477291024
0.0028978290822642477
0.0028980337461024653
0.002898223947624591
0.002898404984691685
0.002898642565268372
0.00289885069464495
0.002898911828018046
0.002898912723086218
0.002898914690348637
0.002898920163617225
0.002898923254692011
0.00289892684279303
0.002898929225994457
0.0028989317964908216
0.002898936873661917
0.002898943548334182
0.002898949361030025
0.002898956065234963
0.00289896196524168
0.0028989683530681347
0.002898973234913346
0.0028989772997127807
0.002898979987471128
0.0028989816441966727
0.00289897982337399
0.002898970099994619
0.0028989413233375372
0.0028988853635645148
0.002898812381231711
0.002898724162333563
0.002898618461503676
0.002898520087491576
0.002898417615367372
0.002898334599736587
0.0028983141145035576
0.0028983140097204063
0.002898313653217055
0.002898312714701549
0.002898311024456719
0.002898308980970593
0.002898307672915294
0.002898305744512638
0.0028983022665345663
0.00289829858819884
0.002898294228408851
0.00289828954241111
0.002898284815360513
0.0028982808399054937
0.002898276804235649
0.002898273612741023
0.0028982712132952647
0.002898271991947317
0.002898282584605018
0.002898323959249124
0.002898425858044318
0.002898552544948087
0.0028986795422622333
0.002898801981581673
0.002898950307190576
0.002899089893673622
0.002899272063617813
0.0028994231364842297
0.002899430916513452
0.002899430981559837
0.002899431177356555
0.002899432157062659
0.002899434049811357
0.002899437418315934
0.002899440763760967
0.002899442695312796
0.0028994447670407483
0.002899446415212067
0.002899447973762097
0.002899451238739633
0.0028994569192487118
0.002899462455200659
0.002899469315540874
0.0028994755578681188
0.002899482586077332
0.0028994877861209852
0.0028994925122685787
0.002899495399434253
0.002899496224422655
0.002899494373294326
0.002899488615295037
0.002899476860435473
0.00289945541908123
0.002899417208570673
0.002899347255260332
0.002899237393080342
0.002899098384725534
0.0028989307059194953
0.002898735646534903
0.002898521135554264
0.002898313740006463
0.002898136122436097
0.002897995704827985
0.0028979606612612487
0.002897960615888339
0.002897960583917222
0.0028979608582887797
0.002897961701300122
0.002897963785693478
0.002897967635640817
0.002897972551987118
0.002897975451571819
0.0028979766242510857
0.002897978143872112
0.002897979664466934
0.002897980562959013
0.00289798304404809
0.0028979870948844513
0.0028979908921238974
0.002897994680412791
0.0028979986222737583
0.002898001903125219
0.0028980042046195466
0.0028980052402114
0.002898003874474501
0.002897999668123285
0.002897993668145935
0.002897985425271018
0.002897973681865072
0.002897962421419091
0.002897946447091001
0.002897928228799351
0.0028979109157448468
0.0028979002528705397
0.0028978871015474528
0.002897867164853954
0.002897851666117357
0.0028978356939637143
0.002897807543255353
0.002897767139218336
0.002897725232342109
0.0028976814296165043
0.002897636023349743
0.0028975896349250707
0.0028975426636058442
0.002897495972933801
0.002897462170887305
0.002897433812037152
0.002897405695950685
0.002897386609776984
0.002897368627625688
0.002897339734250104
0.002897311263238259
0.002897289617548418
0.002897288512754159
0.002897288486034721
0.002897288454722769
0.002897288395212523
0.002897288317595613
0.002897288184713342
0.0028972879718453088
0.002897287667760733
0.002897287507325212
0.002897287216042384
0.0028972865866061727
0.0028972858962085703
0.0028972849568243957
0.0028972836766296543
0.002897281759951329
0.0028972797663721597
0.002897278144559028
0.002897277914706631
0.002897278326424435
0.002897279160966292
0.0028972801856960643
0.002897281381038072
0.002897282779455408
0.002897284133895036
0.002897284803422254
0.002897285179558696
0.002897285370958081
0.002897285408178856
0.002897285297369812
0.002897285153523743
0.0028972850117364828
0.0028972848197985758
0.002897284563249296
0.0028972841851284794
0.002897283886895444
0.002897283595301069
0.0028972832919062987
0.00289728293871517
0.002897282500494331
0.0028972819927785038
0.002897281548606458
0.0028972811703452863
0.002897280808112115
0.002897280440219184
0.002897280026022612
0.0028972795598177477
0.00289727900937264
0.002897278332601947
0.002897277644768159
0.002897276744916582
0.002897275559212984
0.002897274647548606
0.002897273775741596
0.0028972729747024357
0.002897272233318652
0.002897271502451407
0.002897270691182446
0.002897269629649045
0.002897268171195861
0.0028972660026034187
0.002897264203229646
0.002897262809457286
0.002897261734362128
0.002897261136036879
0.002897261119403893
0.0028972610365241027
0.00289726072884551
0.002897260416818592
0.0028972602793288908
0.00289726050334387
0.002897261147541708
0.002897261467069211
0.002897262031619559
0.002897263115430786
0.002897264130070925
0.002897264741241589
0.0028972649897188417
0.002897264952610751
0.002897264711098381
0.00289726432216233
0.0028972638890101157
0.0028972634259173654
0.002897262940300448
0.0028972624509553
0.0028972619717046997
0.002897261451709413
0.002897260964326329
0.0028972604474803163
0.002897259846030572
0.002897259082849277
0.002897258213512343
0.002897256833360768
0.002897255404241618
0.002897253686619607
0.002897252837995654
0.002897277750243773
0.002897350915401055
0.002897493874002894
0.002897663996281618
0.002897841078071309
0.00289804311228529
0.002898223454094869
0.002898410159137694
0.002898646971622098
0.002898851373640762
0.0028989131200459687
0.0028989136272191862
0.002898914954209205
0.0028989205661688073
0.002898929220870463
0.0028989441020861187
0.002898957722525019
0.0028989658993808748
0.002898973695118949
0.0028989801243371432
0.002898985953758117
0.002898997607478407
0.00289901448103982
0.002899029745877514
0.0028990461006795118
0.002899060205829493
0.002899072158191719
0.002899080158591692
0.0028990824050886092
0.0028990778594278023
0.0028990667365273847
0.002899048305664993
0.002899026315958169
0.002898994147470405
0.002898956013355849
0.0028989099602804032
0.00289885386710266
0.002898781707254259
0.002898691524001913
0.0028986377536835
0.002898586329792709
0.002898533990210837
0.002898481152464527
0.002898432869048151
0.0028983807166566853
0.0028982922370956016
0.0028981534312285677
0.002897981333900836
0.002897791311404166
0.002897630491784855
0.002897499197274021
0.002897399253330317
0.0028973276145228817
0.00289732179859006
0.002897321679115135
0.002897321380389313
0.002897320586494796
0.002897319844844961
0.002897319165754139
0.002897319039967148
0.002897319457644297
0.002897319784255592
0.002897320365326304
0.002897321449987082
0.00289732243808095
0.002897322998170571
0.00289732312551033
0.002897322935151007
0.0028973224978062822
0.0028973218339919072
0.002897321092483914
0.002897320259496383
0.0028973193232729993
0.002897318380771848
0.0028973173589289703
0.002897316221869945
0.0028973151055451843
0.002897313945705736
0.002897312644781458
0.002897311082857817
0.002897309001877626
0.002897306082268897
0.002897302766161205
0.002897298946027264
0.0028972943430051433
0.0028972884985364847
0.002897281026270651
0.002897275084930367
0.002897288686728223
0.0028973584433072976
0.00289750764327441
0.002897662260308734
0.002897862324502175
0.002898085536643166
0.002898298182922705
0.002898515207862796
0.002898793394484116
0.002899150435285058
0.0028994748663280718
0.002899648481371359
0.002899648710181484
0.002899648976520802
0.002899647506478705
0.00289964337707568
0.00289963479336235
0.002899614620290708
0.0028995831060624542
0.002899523757653392
0.002899480377171945
0.0028994558866582702
0.002899425716329231
0.002899402180374757
0.002899376729532126
0.0028993248089632597
0.002899223844860198
0.00289910559067441
0.002898959151364617
0.002898745234747183
0.002898603948868819
0.0028984786402948158
0.0028983143023519438
0.002898172981839051
0.0028980914999064827
0.002898018815088995
0.002898018499543482
0.0028980603287777048
0.0028981437936381397
0.0028982554539560878
0.002898289062099093
0.002898337730562212
0.0028984456651183488
0.002898548317268326
0.002898725482653932
0.002898920695667986
0.002899173612072174
0.00289950132662917
0.0028998681271673902
0.002900365208225523
0.0029009332649758803
0.002901622240380517
0.0029025109583682767
0.002903760446564193
0.002905220416812262
0.002906648906149077
0.002908197776719169
0.002910237547751475
0.0029122862704568622
0.0029150316560866626
0.002917197719076586
0.002917992802018754
0.002917994435442567
0.002918003211387157
0.002918063742716769
0.002918167280534474
0.002918294952253722
0.0029184457542185934
0.00291862967455752
0.002918709475696087
0.002918787958659339
0.002918833436912623
0.002918841000862726
0.0029189144011548328
0.002918983988265867
0.0029190742113517237
0.0029191350130399088
0.002919155664784059
0.0029191866691482852
0.002919200919094032
0.002919187881932298
0.002919156246331793
0.002919120768826425
0.002919068168171229
0.002919012881209185
0.002918936935963382
0.002918839443638605
0.002918704659903467
0.002918522532126284
0.002918283958097943
0.00291793240568355
0.002917571940966547
0.002917113333799275
0.002916586127532378
0.00291599052500479
0.002915226484607685
0.0029141675293496367
0.00291275900532119
0.00291066530317884
0.00290768905426697
0.002905094995892483
0.002903604890214608
0.002903418429837181
0.002903418196383185
0.002903417831138907
0.002903418177271497
0.002903421332434962
0.002903431274063578
0.0029034465756455643
0.002903466510093041
0.002903490292992301
0.002903519009870796
0.002903448782307128
0.002903495384535001
0.00290352358688711
0.002903548502995382
0.0029035707860241363
0.002903590347353882
0.002903610842577077
0.002903625960223729
0.0029036420894759138
0.002903658321941423
0.002903674565490973
0.0029036811991355427
0.002903683578284953
0.002903682401568664
0.002903677223481199
0.002903666216275298
0.002903645279653311
0.002903605275721867
0.002903536517210386
0.002903426276702554
0.0029032772274612158
0.002903086933025123
0.002902846516498249
0.002902546463481734
0.002902179063716989
0.0029017399051091447
0.002901229732384928
0.002900662557023905
0.002900021167070028
0.002899442450169279
0.0028988501385890856
0.002898393114316248
0.002898345898694565
0.0028983456863330807
0.002898345222796625
0.002898344034864675
0.002898342153155553
0.0028983388847311433
0.002898332876106224
0.002898326021512734
0.00289831631183191
0.002898313765731863
0.002898308503278024
0.002898298429936495
0.002898282640921847
0.0028982608114842792
0.002898238138642939
0.0028982115508208927
0.002898179747542681
0.002898144474908818
0.0028981068838630194
0.002898068286964671
0.002898034365973398
0.0028980073879181652
0.002897989881166687
0.002897991809565582
0.00289803573725241
0.0028981338034126222
0.0028982861038359823
0.0028984677544703704
0.002898657903348403
0.0028988625877743677
0.0028991067862073677
0.0028994230009245763
0.002899705741746101
0.002899918176778252
0.002900081863081015
0.002900212098733533
0.0029003198699332758
0.002900413330220043
0.002900497471914308
0.002900575548388934
0.002900649897406137
0.002900722388295811
0.0029007948545180158
0.00290086962886335
0.002900950919082747
0.002901052108006545
0.002901120404306496
0.002901187953321083
0.002901242564322783
0.0029012872828756637
0.002901326204582351
0.0029013633291889817
0.002901399382467155
0.0029014378409955377
0.002901488259129541
0.002901536927056405
0.002901571235610131
0.002901601794076173
0.002901633500285538
0.002901666889138106
0.0029017059681302037
0.002901751465921113
0.002901804174026852
0.002901841967780643
0.002901874551980898
0.002901906403043866
0.002901939689105649
0.002901978944741453
0.002902031406574938
0.0029020801800254377
0.002902119600223806
0.002902157274252862
0.002902195445846795
0.0029022371104191302
0.00290228360185937
0.002902338388624543
0.002902406093943998
0.002902487223390206
0.002902589129097328
0.002902676788169474
0.002902726329495077
0.002902726548595166
0.002902727318211818
0.002902732124452266
0.0029027414008068646
0.0029027602957459693
0.002902790833262357
0.002902822485401272
0.002902837937777323
0.002902857150825027
0.0029028690884682733
0.002902879052488095
0.0029029047846634423
0.002902940916203915
0.002902975478018293
0.0029030125475012483
0.002903045263154322
0.002903072635120588
0.002903096428085519
0.002903117611017083
0.00290313081457809
0.0029031315024799467
0.0029031090978214307
0.002903103987568794
0.002903086782519927
0.002903064809931403
0.002903037368146899
0.002902999911796973
0.002902929742961412
0.002902865669415664
0.0029028074402985267
0.002902744900241653
0.002902673250485482
0.002902587878674365
0.002902475730703002
0.002902318871660347
0.002902078661384672
0.002901938011786899
0.002901798849970429
0.002901665320981848
0.002901517654383225
0.0029013919135396373
0.002901254805575106
0.002901029870719027
0.002900687855437865
0.002900183378239298
0.002899737340062488
0.002899435329925462
0.002899173451493596
0.002898949614934593
0.002898741046063667
0.0028985202871828607
0.002898241549097082
0.0028978863260099882
0.0028976214551132413
0.002897466735956976
0.002897466522354517
0.002897466105686384
0.0028974650011899796
0.0028974635917472552
0.0028974618054323897
0.0028974596694591763
0.002897458026157773
0.002897457316466475
0.002897456693341592
0.002897456375289348
0.002897456105120531
0.002897455583401973
0.002897454980435165
0.0028974544032551812
0.002897453994533235
0.002897453677533401
0.002897453387049768
0.002897453012970618
0.0028974526536529864
0.002897452280150775
0.00289745180519623
0.002897451145807257
0.002897450146704964
0.0028974485027850397
0.002897446264121599
0.002897443796743205
0.002897441126513619
0.002897438101399045
0.002897434682538552
0.002897430909028503
0.00289742570925335
0.00289741991298978
0.002897413500374258
0.002897406594911972
0.002897399169108646
0.00289739123006845
0.002897384291387977
0.002897377746926832
0.002897373439699953
0.002897369554876462
0.002897365366977208
0.002897359380289499
0.002897354298200045
0.0028973490442743047
0.002897343349060661
0.002897335900737389
0.002897324944506908
0.0028973068682737646
0.002897289588165436
0.002897275844766816
0.002897265205828497
0.002897257814156735
0.002897255876198556
0.00289725588767155
0.0028972559469328087
0.002897256133320611
0.0028972562838590803
0.0028972563964177896
0.002897256483380515
0.0028972565348467203
0.0028972565608606313
0.002897256571492673
0.002897256553000163
0.0028972565103280398
0.002897256441247503
0.002897256348208641
0.0028972562751917418
0.002897256213699709
0.002897256167130122
0.002897256145404999
0.0028972561384834807
0.002897256139702899
0.002897256142418027
0.002897256136973268
0.002897256109664828
0.00289725609020216
0.0028972560576127917
0.002897256019649149
0.002897255971390544
0.002897255911892905
0.002897255847078687
0.0028972557871294402
0.002897255728785043
0.002897255659396737
0.002897255609951332
0.002897255578207075
0.002897255547154064
0.00289725551655871
0.002897255479865515
0.0028972554317683837
0.002897255362215245
0.002897255299569431
0.0028972552416767
0.002897255185829074
0.002897255129500733
0.002897255069061707
0.002897255024830901
0.00289725497460934
0.0028972549372261558
0.0028972549077058707
0.002897254881880871
0.002897254857746416
0.002897254834484093
0.00289725480859746
0.002897254779926054
0.0028972547508095852
0.002897254726793273
0.002897254702697112
0.002897254677725184
0.002897254649397299
0.002897254613769638
0.002897254569545833
0.002897254508602256
0.002897254419387664
0.002897254272126355
0.002897254010405947
0.002897253744094687
0.002897253476030924
0.002897253201704847
0.002897252923425036
0.002897252671407785
0.002897252418429982
0.002897252141908151
0.00289725184873162
0.002897251555107533
0.0028972512628301582
0.0028972509723025333
0.002897250683732481
0.002897250398936731
0.002897250123122378
0.002897249865082633
0.0028972496348294878
0.002897249452021285
0.0028972494544372
0.002897249422303344
0.002897249102379446
0.002897248455297868
0.002897247465173566
0.002897246253978696
0.002897245591786778
0.0028972453047670563
0.002897245068463779
0.002897244977049615
0.002897244984517734
0.002897245278621503
0.002897246228533401
0.00289724748376622
0.002897249091289688
0.0028972506839701753
0.002897251759173123
0.0028972522776034293
0.00289725253176777
0.002897252645679551
0.002897252596028381
0.002897252414507835
0.002897252156685285
0.00289725184607619
0.002897251477980353
0.0028972510295806617
0.002897250605736443
0.002897250211609869
0.002897249826186401
0.0028972494346073837
0.0028972490317231807
0.002897248644329605
0.00289724830684983
0.0028972479803192107
0.00289724763349901
0.002897247235940449
0.002897246727864468
0.002897246006750893
0.002897245401853401
0.002897245026470667
0.002897244974856131
0.002897245470188969
0.002897247164012749
0.002897251415474165
0.0028972623836978433
0.00289728920983232
0.0028972995784510187
0.002897299627115362
0.002897299715172197
0.00289729992460846
0.0028973002213854853
0.002897300580185711
0.002897300984178026
0.002897301191292322
0.002897301295612962
0.002897301376525949
0.002897301443376266
0.002897301496445107
0.002897301572003966
0.00289730144259218
0.002897301176842392
0.0028973004583990537
0.002897299464288977
0.002897298268786614
0.002897296717876932
0.002897294688423433
0.002897292465917163
0.002897289849175639
0.002897286347230156
0.00289728214058761
0.0028972768327071292
0.0028972705459028862
0.002897263513380225
0.002897257481871811
0.0028972566375730924
0.0028972694360845028
0.002897309223627538
0.0028973907958605542
0.002897521245355618
0.0028976995850200278
0.0028979178593679152
0.0028981376486206492
0.002898357060357805
0.0028986452088835472
0.0028989386798350613
0.002899384011851372
0.002899844662615969
0.002900154581689371
0.002900265201210441
0.002900265697016892
0.002900266855112325
0.002900270325148993
0.0029002736283332588
0.002900275084014145
0.002900277553640158
0.0029002801104568298
0.0029002842494293152
0.0029002883216855562
0.0029002918054852503
0.002900294648682234
0.002900296843588888
0.002900298346613817
0.0029002991082221112
0.002900299446758839
0.002900299405577013
0.002900298562121672
0.002900296231623002
0.002900294956017799
0.0029002929176368043
0.002900290211527988
0.002900286496103008
0.002900280665250434
0.0029002702389090648
0.00290025256730633
0.002900230543069224
0.002900205612394426
0.002900179314626669
0.002900153466432883
0.0029001292443289898
0.002900108030919258
0.002900091184320646
0.0029000795033537422
0.002900079065052364
0.0029000795253509
0.002900082795267091
0.002900094019080378
0.002900105440495227
0.00290012252626376
0.0029001326073112323
0.0029001451492473777
0.00290016202642764
0.002900182645148413
0.0029002006776973183
0.0029002150543359557
0.002900226149092203
0.0029002306694680797
0.002900227095762886
0.002900215907536273
0.002900195849929695
0.002900163601691757
0.002900112351617803
0.0029000443319988157
0.002899958906503987
0.002899855347011881
0.002899733333651937
0.002899592482100367
0.002899433147001958
0.0028992565835305583
0.002899065022300599
0.002898861896898054
0.002898651569674472
0.002898438979873838
0.002898229780368314
0.002898052644102887
0.0028979056748499547
0.002897777977190499
0.002897656571926358
0.0028975218862346786
0.0028974535109727436
0.002897408472973862
0.002897378185941658
0.002897377895666118
0.00289737730324103
0.002897375919141856
0.002897374714718853
0.002897373237052263
0.00289737278357969
0.0028973721174619157
0.0028973713426366852
0.002897370466657501
0.002897369588622131
0.00289736887803745
0.002897368186163424
0.00289736741091643
0.002897366504823983
0.0028973657427222113
0.002897364962823431
0.002897364038754111
0.002897362851805094
0.002897361439437368
0.0028973601512695094
0.002897358806496354
0.002897357692777168
0.002897356756229509
0.002897355936105757
0.0028973551494704173
0.002897354233890688
0.002897353310425346
0.002897352340456235
0.002897351430745508
0.002897350492062956
0.002897349557418309
0.002897348556373876
0.002897347326115166
0.002897346054592372
0.002897344740542515
0.002897343536531072
0.002897342305260853
0.002897340948858526
0.002897339329379865
0.002897337336264065
0.0028973346702019557
0.002897330864654624
0.002897326445470614
0.002897321914807159
0.00289731876304073
0.0028973161815114487
0.002897312379197236
0.002897309031114781
0.002897305688995695
0.0028973020579924702
0.0028972972836429764
0.002897290290008622
0.002897279098263244
0.002897269373416068
0.002897261825980858
0.002897256420283099
0.002897253201802189
0.00289725320493229
0.0028972532160267423
0.002897253223548981
0.002897253194435851
0.002897253141341551
0.002897253082000388
0.002897253052473633
0.002897253043032504
0.0028972530403678348
0.002897253038319763
0.002897253030543908
0.0028972530237668607
0.0028972530106594558
0.002897252996848648
0.0028972529893378264
0.002897252978955518
0.002897252965252011
0.002897252949129907
0.002897252933283973
0.002897252917737408
0.002897252900813764
0.002897252878373663
0.0028972528600654302
0.00289725284163002
0.00289725282204224
0.0028972527987162033
0.002897252769245094
0.002897252728441475
0.002897252667780069
0.002897252569376601
0.002897252427175958
0.0028972522415145058
0.002897251989359283
0.00289725161966999
0.002897251030984968
0.002897250266926383
0.0028972497522232773
0.002897249437463998
0.002897249379124384
0.002897249351136947
0.0028972492546495416
0.002897249069907557
0.002897249142303716
0.002897249632392937
0.002897250380832952
0.002897251409590502
0.002897251813150144
0.002897252446656969
0.002897253512908136
0.002897254354806505
0.0028972546404948257
0.002897254549487336
0.002897254234326732
0.002897253830715353
0.002897253338422474
0.0028972527755213
0.0028972522056044648
0.0028972515606180763
0.002897250969557806
0.002897250358536242
0.002897249659489583
0.0028972487692411
0.002897247453397388
0.002897245777651826
0.0028972433297372274
0.002897238462130715
0.002897220251629749
0.002897192083681309
0.002897157907755217
0.002897149343109006
0.002897189333227792
0.002897269187026539
0.002897389619155021
0.002897631819584043
0.002897859841335232
0.0028980888235621907
0.002898326792443167
0.0028986141124744402
0.002899000840331037
0.0028996317061833208
0.002900296889886031
0.002900819118506596
0.002901204465553066
0.002901390398051755
0.002901390950288422
0.002901392674924296
0.00290140216877711
0.002901421861828742
0.0029014621249623123
0.002901505349322489
0.00290153016612104
0.0029015527960269353
0.002901566215720459
0.002901578601160747
0.0029016039417267057
0.002901644436596728
0.002901679542548014
0.002901714282564201
0.002901742748740512
0.002901761806913348
0.002901770357481669
0.002901766034265373
0.002901749810170912
0.002901721469333088
0.0029016781241965823
0.002901627617852631
0.002901555141467356
0.002901466256671937
0.002901358070372649
0.0029012248223170673
0.002901053353863005
0.002900839203595084
0.0029005451730773502
0.002900406830063865
0.0029002799840966453
0.0029001157636827537
0.002899986166745006
0.002899868291306187
0.002899719777422236
0.002899447386428587
0.0028989873399440447
0.0028985406595610657
0.002898163507252923
0.00289785748092312
0.002897624877739842
0.002897445354799148
0.0028974187195281
0.002897417943510039
0.002897416389355091
0.0028974136247287333
0.002897412918276388
0.002897411801374836
0.00289741039168886
0.002897408586612272
0.002897406723377152
0.002897404567420092
0.002897401926775746
0.00289739914187349
0.002897395879182401
0.002897391743021954
0.002897386528300285
0.002897379966943928
0.002897371225867521
0.002897358896428267
0.0028973382588785438
0.00289731031930636
0.002897282976011393
0.002897266053238739
0.0028972660001676267
0.002897265869559992
0.002897265943970588
0.002897266141942871
0.002897266517182916
0.002897266811507718
0.002897266932026703
0.002897266840841855
0.002897266613120511
0.002897266319554602
0.00289726602584502
0.0028972657652473503
0.002897265553639018
0.002897265387111766
0.00289726526072733
0.002897265178883272
0.0028972651336476394
0.002897265139704167
0.002897265223806141
0.002897265371953079
0.0028972655652325908
0.0028972657865049276
0.002897265909498914
0.002897265911505227
0.002897265894640359
0.002897265869107571
0.002897266001145874
0.0028972661539643776
0.002897266387381272
0.0028972665575809423
0.0028972668055235098
0.002897267032883851
0.00289726718964998
0.002897267163327961
0.002897267012018321
0.002897266778209989
0.002897266465707116
0.002897266177041204
0.0028972659028424124
0.002897265618409755
0.00289726532338368
0.002897265003794427
0.0028972646311121618
0.002897264195748815
0.002897263881295531
0.002897263780469062
0.002897263908254344
0.002897264265972806
0.0028972648346655117
0.002897265569751648
0.002897266397271793
0.0028972670367867627
0.002897267016441122
0.002897266993916179
0.002897267411505028
0.002897268308969195
0.0028972696743681053
0.002897271239628959
0.0028972718205583243
0.002897272749068049
0.002897273611475332
0.0028972739084636057
0.002897273717807187
0.002897273278930249
0.002897272645856886
0.0028972719207574827
0.002897271092024129
0.0028972701254499286
0.0028972688718907867
0.002897267482136207
0.002897265726948645
0.00289726319570809
0.0028972588389102978
0.002897248429843371
0.00289721438722437
0.002897140263776077
0.002897042755474297
0.002896945549627758
0.00289688671847827
0.0028968927956623592
0.002896941488478801
0.002897042159621283
0.002897293571448895
0.002897504800523922
0.002897726362444264
0.002897959998172543
0.0028982340590586212
0.00289859909799933
0.002899144318348268
0.0029001004647780217
0.002901527175080882
0.002902619171464336
0.002903460488666547
0.002904089155983391
0.002904527236734894
0.002904562939198062
0.002904563333150584
0.002904564511041413
0.0029045710696671647
0.002904583582925874
0.002904608275760087
0.002904652281096532
0.002904724239294256
0.0029047909714708907
0.0029048268749520038
0.002904859276784137
0.002904874220482183
0.002904893927314882
0.002904926048036856
0.0029049758767124333
0.002905014967959806
0.002905052999421501
0.0029050921154133874
0.002905129298882864
0.002905156405024257
0.002905174894405434
0.002905181777298382
0.002905172382005146
0.002905145138344742
0.002905105057031582
0.002905046022307143
0.002904964084562172
0.002904841179208278
0.0029047075899202687
0.002904595002875898
0.0029043999444357802
0.0029041736308405676
0.002903919219470384
0.002903638794491903
0.002903310456001226
0.002902948683531664
0.002902550854949157
0.002902122149538233
0.002901725962335184
0.002901438734098322
0.00290113936978232
0.002900889140378445
0.002900649971730289
0.002900430580358106
0.002900173895187327
0.0028998782886387182
0.0028994146816827358
0.00289881340005354
0.002898338684318278
0.0028980195117955273
0.002897754798161211
0.00289762769358312
0.002897560453895373
0.002897559996703696
0.002897559078013765
0.002897557239501168
0.002897555919930879
0.00289755463029303
0.002897553074069276
0.002897551999577065
0.0028975509847449727
0.002897550610916696
0.0028975501799430982
0.002897549577151463
0.00289754893597687
0.002897548215299443
0.002897547152444366
0.002897545878488213
0.002897544607127674
0.002897543524330692
0.0028975424370287347
0.0028975412197451457
0.0028975392447599994
0.002897537507298902
0.002897535995670503
0.002897534373368352
0.0028975325049952058
0.002897530195456226
0.002897526920162279
0.002897523150973382
0.002897518628125467
0.002897513773576865
0.0028975087049735028
0.002897503221416322
0.002897496962421811
0.002897489709950901
0.0028974807210347168
0.0028974689879555818
0.00289745456346732
0.002897444568438981
0.0028974368941294126
0.002897431446339597
0.002897426381529069
0.002897421329348011
0.002897413684025122
0.002897407246347454
0.002897400819608761
0.0028973939382939532
0.0028973851431737868
0.0028973724984291617
0.0028973511503784222
0.002897327411585427
0.002897308939180231
0.002897295654212219
0.0028972874288752826
0.002897284989617672
0.0028972849785276634
0.002897284963083175
0.002897285071082352
0.0028972851855572196
0.0028972853209893934
0.00289728539900668
0.0028972855062847067
0.002897285623320116
0.002897285656450902
0.002897285582863134
0.002897285425256899
0.00289728520982319
0.0028972849623040958
0.002897284645386257
0.0028972842079938114
0.002897283810898595
0.002897283420628724
0.002897283002130358
0.002897282576331529
0.002897282185271219
0.002897282075601255
0.0028972834759471732
0.002897297010506014
0.0028973632917349674
0.0028975047208305792
0.0028976596386698127
0.002897820090307018
0.0028979671461331603
0.002898103456724976
0.002898232381876201
0.002898346498651269
0.002898354844863916
0.002898355003318965
0.002898355416971254
0.0028983561803929787
0.00289835700195607
0.002898358868549355
0.0028983636118264287
0.0028983708861345173
0.002898384162856764
0.002898401364761178
0.0028984043028728174
0.0028984097231267627
0.0028984152933434837
0.0028984233313901777
0.0028984314995272207
0.002898439186064595
0.002898446748230185
0.002898453693380616
0.002898459694014738
0.002898463073445409
0.002898463666248772
0.0028984612664937352
0.002898455344562511
0.002898445819843857
0.002898435898201271
0.002898426393526046
0.00289841714145637
0.002898407714401073
0.002898396846876185
0.0028983853557929067
0.002898372704252937
0.002898361779758252
0.002898351058321186
0.002898339688384721
0.002898327158119509
0.0028983156718735102
0.002898307042957196
0.002898299860332017
0.002898291876257641
0.0028982839057502792
0.002898274787534945
0.002898265866212859
0.002898256332656099
0.002898244939657483
0.002898231300883128
0.0028982178822237387
0.002898206817043509
0.002898197328633295
0.0028981887517171337
0.002898180559828163
0.0028981720649219203
0.002898161959195206
0.002898154700525109
0.002898145726605106
0.0028981381520016758
0.00289813151909177
0.002898125128623145
0.002898118789441231
0.002898112089527381
0.002898104292974133
0.0028980918292277292
0.002898081991613122
0.0028980740548452417
0.002898066116256122
0.002898057777718327
0.002898047998182214
0.002898036298987729
0.002898021210729292
0.002898000848069227
0.0028979717164959048
0.002897945304710282
0.002897915787114836
0.002897880845686529
0.0028978304428004358
0.002897752520941926
0.0028976764847940813
0.002897604635082821
0.002897537290119447
0.002897475748771307
0.002897420587215149
0.002897372938482634
0.0028973337728802617
0.002897311219262815
0.002897311201879743
0.002897311199711265
0.002897311217412147
0.002897311328848441
0.002897311277323693
0.0028973114849477452
0.0028973119870243183
0.002897313101957565
0.002897314677647244
0.002897316576822872
0.002897318573556688
0.0028973203497814656
0.002897321469002195
0.00289732164710733
0.002897320808606601
0.0028973198237795877
0.002897318748704901
0.002897317939669981
0.002897317424384043
0.002897317300654611
0.0028973172774753447
0.002897317271928012
0.0028973173981300233
0.002897317676999884
0.002897318257215958
0.0028973188708807463
0.002897319516370182
0.002897320086707177
0.002897320628238744
0.002897321183035321
0.002897321738521354
0.002897322109571362
0.002897322010593215
0.002897321656768368
0.002897321295415914
0.002897320953363063
0.002897320795630408
0.0028973207642745773
0.002897320775997594
0.002897320799811907
0.00289732080916561
0.00289732078795954
0.0028973207267807477
0.002897320624165514
0.002897320472323027
0.0028973202701397653
0.00289732000652769
0.002897319674131626
0.00289731926420756
0.002897318766834364
0.002897318172876737
0.0028973174741603503
0.002897316665146229
0.0028973157425379336
0.002897314706711649
0.002897313562254135
0.002897312321121664
0.00289731101107799
0.002897309703966727
0.002897308659917599
0.002897308388265572
0.0028973086612390647
0.00289730948775949
0.002897310973812163
0.0028973131406762644
0.002897315824641191
0.00289731900943968
0.002897322707121952
0.002897327103627586
0.002897331895809189
0.002897337693215484
0.002897344512704678
0.00289735293854672
0.002897363498589738
0.002897381024301707
0.0028974033335464893
0.002897420666395096
0.002897436256341318
0.002897449446942878
0.002897457597387523
0.0028974624812439257
0.002897466167457548
0.002897468547536053
0.002897470190338061
0.002897470936041777
0.002897472073460584
0.00289747180525674
0.002897472243975507
0.002897471632108476
0.00289747107408264
0.0028974702005816967
0.002897469042433457
0.00289746754447286
0.0028974655619848
0.0028974625581499832
0.002897459852946275
0.0028974570876316996
0.0028974544804698044
0.0028974518968052972
0.002897449154217619
0.0028974461468803093
0.002897442797497233
0.002897439118291873
0.002897435313693165
0.00289743172967876
0.002897426890589222
0.002897423693432554
0.0028974214568326453
0.0028974194495265198
0.002897417893589633
0.002897416539473739
0.0028974150151719453
0.002897413311967121
0.002897411374326543
0.002897409315139223
0.002897406729225671
0.002897403027630257
0.002897396739156315
0.002897383022238346
0.002897356425545636
0.0028973236172291283
0.002897279749454698
0.002897219960574241
0.002897140052636392
0.0028970306777158458
0.002897003279620135
0.002896942732133417
0.002896866063536604
0.002896741885446688
0.002896630194875593
0.002896596797079907
0.00289652585264219
0.002896366266501953
0.0028960687451647094
0.0028955006583501262
0.002894629208046446
0.0028934314969973553
0.002892137789841275
0.002890465363987321
0.00288867957146542
0.0028865845966289123
0.002884213387527112
0.002881433951410288
0.002878066463748403
0.002873725916437272
0.002867752943858447
0.002862975445483727
0.002859036527308277
0.002855444156098687
0.002852014151244264
0.002848563369148609
0.0028448533626404503
0.002841386668766407
0.002838488811940023
0.002836898965301062
0.00283653331814875
0.002837854256221782
0.002841681078499901
0.002847830736766702
0.002860126023220331
0.002877178098990601
0.00291028498862619
0.002947904903383671
0.003003103782128045
0.0030709276102047892
0.003148632087211179
0.003239814286235767
0.003350573140344476
0.003481711595646608
0.003684926864980377
0.0039031434643986384
0.004189695826425124
0.004501683171818845
0.004824277642475221
0.005154247337826837
0.0054838970170576614
0.005816211689681625
0.006153878649862158
0.006503064104325912
0.006870231343280912
0.007267577067241417
0.007711306779062745
0.008233937478463023
0.008904732852640797
0.009964482811478471
0.0116999647043671
0.01320352096978881
0.01485338049488437
0.01690534234838119
0.01956914581857856
0.023356096280192702
0.029159125493318522
0.03885363919974938
0.056031958034445606
0.078973729131739
0.10531611894475279
0.1357170283182018
0.170434084547428
0.2106544456702138
0.2594611911650274
0.3247707611957336
0.4090607849972428
0.49036312718478337
0.5574640067676442
0.6182033143919067
0.6741457416458367
0.7168401495691029
0.7474583080233591
0.7700712490306767
0.7873685398483143
0.801386188983502
0.8138016761169753
0.8210208737919401
0.8253296806526415
0.8292296974378245
0.8321561261601519
0.8332744143353418
0.8353563157249041
0.837509174197942
0.8397689893668466
0.8424963668118222
0.8456624785878413
0.8478628793076688
0.8494409140448455
0.8506487854235644
0.8516041437109452
0.8524223760326717
0.8531686188379519
0.8539351643727997
0.8545918223729169
0.8551544824926793
0.8556433925197013
0.8560917574845931
0.8565402692729039
0.8570024241864406
0.8574088125054777
0.8577683294647325
0.8581159480564311
0.8584692909728471
0.8588659470325177
0.8593365525091076
0.8598908724894752
0.8604664329030454
0.8609717654682559
0.8613602685557159
0.8617432609897238
0.8621901209870612
0.8625101964486162
0.8628067638521174
0.8629154848969207
0.8605842896797397
0.8560670831440649
0.8475810015715455
0.8369582134485083
0.8245850722052669
0.8170189328120143
0.810942887088652
0.8057263213174953
0.8006402374788723
0.798999753889346
0.7985122537205444
0.7983910172965774
0.7983992265167732
0.7984403201671563
0.798474882175979
0.7984944382485137
0.7985021314284177
0.7985039616295845
0.7985039908343154
0.7985037477757014
0.7985058523690235
0.7985043605908002
0.7985038697739807
0.7985037534813569
0.7985037659479485
0.7985038048335436
0.7985038344531521
0.7985038493010108
0.7985038556246237
0.7985038592704826
0.7985038623351285
0.7985038648516674
0.7985038668216934
0.7985038686871662
0.7985038708713639
0.7985038731486834
0.7985038889078351
0.7985038931459039
0.7985038861097211
0.7985038894752894
0.7985038984281186
0.7985039083977684
0.7985039170340248
0.798503923279748
0.7985039301387536
0.7985039374273186
0.7985039417121589
0.7985039458298839
0.7985039493459027
0.7985039504314531
0.7985039510795331
0.798503950745525
0.7985039497732356
0.7985039491970286
0.7985045356491747
0.7985083853832218
0.7985191162618877
0.7985322623100163
0.7985459906012684
0.7985563579322907
0.7985608359149181
0.7985627626601364
0.7985623572972181
0.7985601062160284
0.7985548779959133
0.7985441178222862
0.7985311066792562
0.798522838870031
0.7985180336397468
0.79851577300942
0.7985149827848939
0.7985145560181779
0.7985140704976322
0.7985135780601217
0.798513174387037
0.7985129555070282
0.7985128641056256
0.7985128237611255
0.7985128031902622
0.7985127933955897
0.7985183700663463
0.7985216876445085
0.7985227971698231
0.7985230119884391
0.7985229847126167
0.7985229378768827
0.7985229113926161
0.7985228976890797
0.7985228920934894
0.7985228895225471
0.7985228884348812
0.7985228878632148
0.7985228874162132
0.7985228871916125
0.7985228869959786
0.7985228868437393
0.7985228867208202
0.7985228866151814
0.7985228865239168
0.7985228864452066
0.7985228863770678
0.7985228863174948
0.7985228862648448
0.7985228862178397
0.7985228861754459
0.7985228861368289
0.7985228861058553
0.7985228860707216
0.7985228860384449
0.7985228860072575
0.7985228859765173
0.7985228859449828
0.7985228859104816
0.7985228858667356
0.7985228858249065
0.798522885783162
0.7985228857446232
0.7985228857060421
0.7985228856652083
0.798522885620893
0.7985228855716192
0.7985228855157298
0.7985228854508862
0.7985228853767866
0.7985228852794057
0.7985228851595402
0.7985228850195731
0.7985228849163971
0.7985228848494679
0.7985228847960364
0.7985228847492412
0.7985228847038407
0.798522884654606
0.7985228845989293
0.7985228845458124
0.7985228845344315
0.7985228845122947
0.7985228844946622
0.7985228844807547
0.7985228844620944
0.7985228844503324
0.7985228844344178
0.7985228844153491
0.7985228843851163
0.7985228843467901
0.7985228843085672
0.7985228842701747
0.7985228842279425
0.798522884182888
0.7985228841330849
0.7985228840722514
0.7985228840177194
0.7985228839727067
0.7985228839346844
0.798522883899652
0.7985228838674471
0.7985228838343897
0.7985228838020597
0.7985228837666393
0.7985228837270093
0.7985228836773107
0.7985228836068751
0.7985228835466566
0.7985228834802267
0.7985228834309965
0.7985228833802895
0.7985228833326169
0.7985228832828102
0.7985228832304377
0.7985228831663987
0.7985228830769927
0.79852288292033
0.798522882627147
0.798522882277308
0.7985228818953224
0.7985228814686797
0.7985228810522133
0.7985228806181297
0.7985228800937841
0.7985228795850661
0.798517494058041
0.7984887367191629
0.7984338515711396
0.798386652116726
0.7983496007880985
0.7983291377233165
0.7983163258648628
0.798306419074233
0.798306223217112
0.7983118400788588
0.7983301130947107
0.7983671273391728
0.7984117194708037
0.7984495143587382
0.7984752114098769
0.798489802180692
0.7984976395399885
0.7985011984771118
0.7985017299837892
0.7985005110943185
0.7984994715649484
0.7984987073888112
0.7984981824509554
0.7984977388752005
0.7984973544207161
0.7984969539188983
0.7984966628804967
0.7984964746154976
0.7984963406602935
0.7984962290069016
0.7984961274551946
0.798496081271108
0.7984960510180601
0.7984960229481358
0.7984959994690475
0.7984959827427415
0.7984959733097357
0.7984959719503896
0.7984959651852122
0.7984959654222367
0.7984959548142395
0.7984959571780804
0.7984959555407537
0.7984959557619135
0.7984959509843939
0.7984959518369599
0.7984959458396397
0.7984959496006891
0.7984959473028476
0.7984959513604647
0.7984959526265816
0.7984959531444892
0.798495958273128
0.7984959586773783
0.798495960373692
0.7984959637653101
0.7984959615176557
0.798495963088392
0.7984959638805379
0.7984959664688596
0.7984959666787489
0.7984959685856662
0.798495969274737
0.7984959720288333
0.7984959728010149
0.7984959758794827
0.7984959801478341
0.7984959861562357
0.7984959964059463
0.7984960073835378
0.7984960178076003
0.7984960273606159
0.7984960359995548
0.7984960438702203
0.7984960510482738
0.7984960575778816
0.7984960635157266
0.7984960674940974
0.7985070600069725
0.7985636795228783
0.7986487952946982
0.7987148702963117
0.7987600059106003
0.7987649702278647
0.7987608945841262
0.7987437527293414
0.7987163716248595
0.7986657676956888
0.798615987944593
0.7985675433566725
0.7985350914075525
0.7985264015265968
0.7985254170966439
0.7985272778182152
0.7985295007909611
0.7985306724679515
0.7985306022665944
0.7985302972886291
0.7985300991930628
0.7985299402586712
0.7985297361756272
0.7985294583618009
0.7985291152727998
0.7985288177991375
0.7985285931333329
0.7985285189093662
0.7985285679886921
0.7985287016332712
0.7985288295317202
0.7985289337502922
0.7985289854707559
0.7985290394492384
0.798529082132229
0.7985291133915116
0.798529132034922
0.7985291602872567
0.7985291765105166
0.7985291864843508
0.7985291940420753
0.7985292004304934
0.7985292050194523
0.7985292041789487
0.7985291982573292
0.7985291948920047
0.7985291959746396
0.7985291990091444
0.7985292019197316
0.7985292042830441
0.7985292054619926
0.7985292055826442
0.7985292055363383
0.7985292054769915
0.7985292054352171
0.7985292054103099
0.798529205396961
0.7985292053783442
0.7985292053335061
0.7985292052685579
0.7985292051810678
0.7985292050768593
0.7985292049501972
0.7985292049495155
0.7985145636514827
0.7984923676217917
0.7984562811644339
0.7984183887185116
0.7983883709142934
0.7983668559609287
0.7983530517092324
0.7983497545411254
0.7983526954773562
0.7983612834355719
0.7983865567148721
0.7984260227146072
0.7984836584426152
0.7985061099812565
0.7985131690796043
0.7985129953471912
0.798509940799937
0.7985070064835919
0.7985062866408856
0.7985064269941441
0.7985065088782421
0.7985064762038071
0.7985063929036397
0.7985063293747501
0.7985062999761201
0.7985062813013858
0.7985062670759204
0.7985062565350307
0.7985062541485421
0.7985062460395203
0.798506245582179
0.7985062435801425
0.7985062459354556
0.7985062406173056
0.7985062400711177
0.7985062373632765
0.7985062379346682
0.798506233210413
0.7985062326901655
0.7985062361726194
0.7985062341774917
0.798506237437222
0.7985062387940594
0.7985062213711464
0.7985062293030757
0.7985062385910946
0.7985062438400012
0.7985062473502544
0.7985062450071505
0.7985062460506426
0.7985062464542824
0.798506248523211
0.7985062488424595
0.7985062505216856
0.7985062510881454
0.798506253550773
0.7985062542017306
0.7985062570489675
0.7985062610160323
0.7985062667754378
0.7985062740253843
0.7985062797497225
0.7985062845255965
0.7985062889556261
0.798506293682784
0.7985062984446674
0.7985063033663347
0.798506307207678
0.7985063108739885
0.7985063146936603
0.7985063187933118
0.7985063236182819
0.7985063296085092
0.7985063354412778
0.7985063397833466
0.7985073427657521
0.7985169099824408
0.7985618903787897
0.7986488182534859
0.7987650979545466
0.7988966925379737
0.7990292886278751
0.7991370512953023
0.799152969136042
0.7991283775564605
0.7990937042870886
0.7990587713902627
0.7990303349960867
0.799014011620649
0.7989984805192554
0.7989899397467184
0.7989738540793281
0.7989563010952985
0.7989227827800591
0.7988829309027716
0.7988380691058121
0.7987851285094318
0.7987256882285056
0.7986785554785654
0.7986476984016407
0.7986247896500368
0.798607606702959
0.7985946668120442
0.7985859152970151
0.7985810245073633
0.7985791517570958
0.7985790041229758
0.7985793679868582
0.7985796276142817
0.7985797005726133
0.7985797022736373
0.7985796948249501
0.798579688921837
0.7985797037440903
0.7985796963116426
0.7985796875254666
0.7985796829444027
0.798579682943439
0.7985796843463248
0.7985796856443281
0.7985796865113249
0.7985796870462947
0.7985796873624333
0.7985796875526264
0.7985796876720775
0.798579687750493
0.7985796878042886
0.7985796878423101
0.7985796878702132
0.7985796878914321
0.7985796879079569
0.79857968792139
0.7985796879323549
0.798579687941596
0.7985796879495825
0.7985796879567194
0.7985796879625213
0.7985796879678722
0.7985796879730276
0.7985796879785246
0.7985796879857365
0.7985796879936555
0.7985796879858187
0.7985796879376187
0.7985796878537537
0.7985796877682698
0.7985796877113714
0.7985796876977007
0.7985796877257221
0.7985796877850541
0.7985796878624897
0.7985796879347427
0.7985796880028143
0.7985797208364157
0.7985796792684724
0.798579669169258
0.7985796684492766
0.798579669864727
0.7985796720167367
0.798579675470808
0.7985796784947254
0.7985796805626842
0.7985796822194192
0.7985796835510687
0.7985796841931571
0.7985796845431609
0.7985796848679204
0.7985796850692038
0.7985796853129827
0.7985796854605858
0.7985796855809313
0.7985796857038584
0.798579685848273
0.7985796860176578
0.7985796861206219
0.7985796861796689
0.7985796862142973
0.7985796862360461
0.7985796862524245
0.7985796862697689
0.7985796862920923
0.798579686321379
0.7985796863617466
0.7985796864054439
0.7985796864487925
0.7985796864938085
0.7985796865427373
0.7985796865978728
0.7985796866635384
0.7985796867457731
0.7985796868474353
0.7985796868667445
0.7985796871515934
0.7985796875328501
0.7985796878258504
0.7985796882192501
0.7985796885463496
0.7985796889313218
0.7985796892607854
0.7985796896582401
0.7985796900678415
0.7985796904813284
0.7985796908881124
0.7985796912887497
0.7985796916869389
0.7985796920863711
0.7985796922059537
0.7985759898306752
0.798572391740425
0.7985705020995552
0.7985739245659863
0.7985768548810969
0.7985786603031044
0.798578968274342
0.7985786457612302
0.7985784704085261
0.7985784591390791
0.7985784654888556
0.7985784517167974
0.7985784254194588
0.7985783848970508
0.7985783371867773
0.7985782902425829
0.7985782480285065
0.798578211531486
0.798578201444039
0.798578204338194
0.7985782044813448
0.7985782069566
0.7985782055727635
0.7985782096940977
0.7985782104553663
0.7985782135780389
0.7985782152062942
0.7985782162631548
0.7985782155588985
0.7985782178465893
0.7985782184540725
0.7985782186082234
0.7985782185750443
0.798578218176162
0.7985782174140927
0.798578216927753
0.7985782169296418
0.7985782170501291
0.7985782171825923
0.7985782172467536
0.7985782172630691
0.7985782172540284
0.798578217236482
0.7985782172171617
0.7985782172133239
0.7985752477909649
0.7985569215237313
0.7985191839017235
0.798474412861521
0.7984226837559609
0.7983849823620823
0.7983581204052912
0.7983378538443384
0.7983179970509755
0.7983001920075904
0.7982809684727994
0.7982755798076467
0.7982736858031441
0.7982908061001892
0.7983396987298047
0.7984090288878481
0.7984947004270304
0.798532023792022
0.7985451223734673
0.7985471950510455
0.7985444050208141
0.798541385139799
0.7985398404807812
0.7985393812697298
0.7985394499038926
0.7985395556416282
0.7985396070731842
0.79853962132969
0.7985396216714615
0.7985396124290862
0.7985396070952394
0.7985396074705751
0.7985396123993223
0.7985396126077976
0.7985396140260371
0.7985396183337168
0.7985396197794614
0.7985396199919788
0.7985396211253784
0.7985396157596416
0.7985396118771972
0.7985396063123892
0.7985396055041739
0.7985396079937048
0.7985396051815555
0.7985396054999113
0.7985396091176137
0.7985396131919827
0.7985396165775048
0.7985396157503839
0.7985396149256604
0.7985396157324773
0.7985396176941705
0.7985396144390227
0.7985396127379567
0.7985396134570582
0.7985396116890352
0.7985396104995678
0.7985396113534508
0.7985396090751093
0.7985396087022048
0.7985396067869353
0.798539606235139
0.7985396063038399
0.7985396085650345
0.7985396158326694
0.7985396245241896
0.7985396321864333
0.7985396386271162
0.7985396442776167
0.7985396494117084
0.798539654115488
0.7985396584173808
0.7985396623348331
0.7985396659081224
0.7985396687601751
0.7985506568846303
0.7986004514809362
0.798673535862288
0.7987170257884844
0.7987297269804127
0.7987241580660132
0.7987085158532592
0.7986805422317823
0.7986326630509085
0.7985939714255547
0.798566683165694
0.7985587887607271
0.7985589857334057
0.7985613372124968
0.7985634053743969
0.7985641734312978
0.7985638917663046
0.7985637160292418
0.7985636901146352
0.7985636998041673
0.7985637045667259
0.7985637049990021
0.7985637052266041
0.79856370595309
0.7985637071049358
0.7985637087222617
0.7985637105730186
0.7985637107127744
0.7985581647642993
0.7985438476826819
0.7985319598867399
0.7985371523298823
0.7985470851994525
0.7985576571828285
0.7985619074465784
0.7985614185530615
0.7985602392522981
0.7985596659690203
0.7985596908977202
0.7985597825901596
0.7985597938185254
0.7985597907341906
0.7985597902040289
0.7985597904900571
0.7985597909543394
0.7985597916928526
0.7985597918146455
0.798558196426772
0.7985501870926571
0.7985277301421023
0.798514892425746
0.7985100753849433
0.7985090502193471
0.7985085800651225
0.7985099286896286
0.7985135467819767
0.7985218973018855
0.798536100849779
0.7985462799458802
0.7985525541948936
0.7985547710546457
0.7985544849951564
0.7985537900880401
0.7985533390481325
0.7985531792192471
0.798553185383515
0.7985532250823378
0.7985532384968933
0.7985532353192514
0.7985532339819573
0.7985532340365407
0.7985532341416967
0.7985532342839168
0.7985532346458913
0.7985532348142732
0.7985559327101664
0.7985713851434809
0.7986229639819428
0.7986552718872167
0.7986705427417498
0.7986710887379218
0.7986679192292632
0.7986635176344737
0.7986519677128381
0.7986207471045512
0.7985922877503736
0.798570554965218
0.7985639333355495
0.7985644138159379
0.7985664849018854
0.7985681209957456
0.7985685096622384
0.7985683663067379
0.79856824483592
0.798568219422089
0.798568224442601
0.7985682286381935
0.7985682294006751
0.7985682292849587
0.7985682292475882
0.7985682293085061
0.798568229410644
0.7985682295864752
0.7985682297552287
0.7985682299526446
0.7985682301547027
0.7985682301684907
0.7985651139269605
0.7985463744269884
0.7985025172391924
0.7984549739180289
0.7983984485233584
0.798363680942464
0.7983435041728718
0.7983256319031355
0.7983118256616188
0.7983086298131641
0.7983113854993644
0.7983338556785371
0.7983853168025086
0.7984354923619191
0.7984787003127903
0.7985138466187378
0.7985328476160052
0.7985381888598374
0.7985380141382794
0.7985364381501547
0.798535092683146
0.7985344091217422
0.7985343080035205
0.7985344379650242
0.798534504745278
0.7985344980572161
0.7985344923265469
0.7985344917892526
0.7985344913856519
0.7985344911165523
0.7985344912410874
0.7985344912852012
0.7985384943026843
0.7985596552125227
0.7986202869964202
0.7986517801229224
0.7986595801194118
0.798658940654379
0.7986528466838115
0.7986407758825196
0.7986185890486802
0.7985847908686086
0.7985583272191956
0.7985474107301201
0.7985460301255229
0.7985479901339091
0.7985499863383554
0.7985506287124762
0.7985505363929423
0.7985504002721638
0.7985503609779316
0.7985503640174966
0.7985503689935047
0.7985503700179788
0.7985503698878826
0.7985503698306481
0.7985503698538559
0.7985503698939872
0.7985503699360571
0.7985503699815841
0.7985503700308391
0.798550370066228
0.7985503700962934
0.798550370126947
0.7985503701473392
0.7985503695711184
0.7985503701823676
0.7985503701894917
0.7985503701753537
0.7985503702013992
0.7985503702355444
0.7985503702747079
0.7985503703229679
0.7985503703799277
0.7985503704522536
0.7985503705135465
0.7985503705837399
0.7985503705868596
0.7985406179641181
0.7984961834616419
0.7984144092266238
0.7983551285183899
0.7983170201910862
0.7982968556738582
0.7982985873821405
0.7983109659863636
0.7983579435437786
0.7984235139685821
0.7984866636286211
0.7985184754561774
0.7985262515288922
0.7985239767861102
0.7985196248549576
0.7985172737881097
0.7985166859023961
0.798516769104123
0.7985169587934262
0.7985170188116818
0.7985170435040001
0.7985170427347514
0.798517038063901
0.798517035555712
0.7985170350613771
0.7985170352542706
0.7985170354512614
0.7985170353953797
0.7985170352563041
0.7985170350172264
0.7985170347846814
0.7985170345645849
0.7985170343546965
0.7985170341545799
0.7985170339867094
0.7985170338397634
0.7985170337219831
0.7985170336318813
0.7985170335794884
0.7985170335552616
0.7985170335513925
0.7985170335752172
0.798517033596004
0.7985172947054316
0.7985186745357451
0.7985208827723982
0.7985228542901203
0.7985243423338027
0.7985252234874903
0.7985256423216485
0.7985258193085288
0.7985256036283276
0.7985249653743459
0.7985237295595146
0.7985218522848545
0.798520140824553
0.7985188391560828
0.7985181276177709
0.7985180022790914
0.7985180568154173
0.798518139589032
0.7985181943911465
0.7985182112083372
0.7985182055799885
0.7985182002773996
0.7985181999334425
0.7985182002704617
0.7985182003365732
0.7985182003704333
0.7985182004325478
0.7985182004983785
0.7985182005078029
0.7985196210933094
0.7985302770109028
0.798588064576465
0.7986533783253504
0.7987050790402969
0.7987330220313921
0.7987326691234111
0.79872977968093
0.798726160777836
0.7987217082078878
0.7987160789624583
0.7986966278842708
0.7986485181722274
0.7985991659011007
0.7985598600946697
0.7985414219353427
0.7985389687861004
0.7985413768155355
0.7985442414272769
0.7985457474168489
0.7985458241109641
0.7985455864023421
0.7985454789516439
0.7985454688537104
0.7985454776986347
0.7985454815245175
0.798545481870758
0.7985454816944182
0.798545481718278
0.7985454818586647
0.7985454820878941
0.7985454823465258
0.7985454825901662
0.7985454827696487
0.7985454828122632
0.7985459875486147
0.7985482371159707
0.7985531981288028
0.7985549306299735
0.798555517877554
0.7985549718130014
0.7985536253556575
0.7985507433192868
0.7985475049999649
0.7985462706234215
0.7985461974453029
0.7985465159155016
0.7985466896729013
0.798546689629529
0.7985465833797627
0.7985463584611028
0.7985457837336604
0.7985447358305997
0.7985434163838948
0.7985420442740976
0.7985408807515074
0.7985400376057721
0.7985396955359567
0.798540106592234
0.7985411193664771
0.7985419712656211
0.7985425939271392
0.7985429731284249
0.7985432388585976
0.7985434297543554
0.798543575313518
0.7985437116163474
0.7985438195578475
0.7985438800082882
0.7985439265117775
0.7985439660169062
0.798543998191376
0.7985440168860816
0.7985440126477886
0.798544001853248
0.7985440110984542
0.7985440329984014
0.7985440527670223
0.7985440641984531
0.7985440698445552
0.7985440723128271
0.7985440731641525
0.798544073339556
0.7985440489558001
0.7985440707591862
0.798544073226171
0.7985440716141182
0.7985440709889597
0.7985440709574143
0.7985440709933757
0.7985440709978348
0.7985440709902615
0.7985440709820385
0.7985440709704631
0.7985440709603316
0.7985440709518317
0.7985440709445926
0.7985440709391384
0.7985440709347037
0.7985440709312899
0.7985440709283614
0.7985440709267183
0.7985378979890987
0.7985017658099891
0.7984272403341678
0.798345429127525
0.7982442982518574
0.7981650703381183
0.7981089064448871
0.7980794791037281
0.7980487587112389
0.7980303958606889
0.7980179908202782
0.7980245739456484
0.798085280570997
0.7981976475331446
0.79833195009144
0.7984238488898769
0.7984635104301238
0.7984767800179116
0.7984769751924912
0.798473470829415
0.798471287100643
0.798470882024754
0.7984712879678142
0.7984715008620568
0.7984715325863455
0.7984715054834588
0.7984714819057784
0.7984714737869629
0.7984714742850377
0.7984714754187967
0.7984714745094145
0.7984714730949585
0.7984714714038502
0.7984714699588291
0.7984714695268798
0.7984714696088311
0.7984657617529282
0.7984259872238534
0.7983122653585755
0.7981648968434442
0.7979747890458382
0.7977766944137626
0.7977004063139183
0.7976241965003216
0.7975771537723826
0.7975338056320609
0.7974905853386475
0.7974921492872267
0.7976097768688332
0.7978338679359711
0.7980898769961388
0.7982505935100854
0.7983344012935527
0.7983578464721562
0.7983488817330828
0.7983347265396477
0.7983232070789521
0.7983197507891433
0.7983193434377851
0.7983195035177844
0.7983196771520402
0.7983197420743953
0.7983197199771467
0.7983196782948226
0.798319649614722
0.7983196116637961
0.7983196192153829
0.798319635381055
0.7983196456893865
0.7983196508498616
0.7983196483475639
0.7983196398199018
0.7983196321488037
0.7983196265883831
0.798319623618258
0.7983196223561105
0.7983196216647273
0.7983196207767685
0.7983196198820534
0.7983196189935416
0.7983196180812993
0.7983196171119619
0.7983196160183917
0.7983196147698253
0.7983196132608871
0.7983196113692219
0.7983196089947645
0.7983196068956139
0.7983196051253544
0.7983196036843911
0.7983196025721162
0.7983196017642527
0.7983196012237527
0.7983196009080653
0.7983196007484226
0.7983196007183123
0.7983181474931564
0.7983026185445836
0.7981331175100927
0.797796533681519
0.7972357651268656
0.7965126821834401
0.7957330516426776
0.7947827836589723
0.7937661070033443
0.7933736783261478
0.7928070516162197
0.7916186266468769
0.7898059187171237
0.7881139833552234
0.7864840336705441
0.7847276553972478
0.7828827383040529
0.7810968054435038
0.7794873494835698
0.7779867273446547
0.7764197318071155
0.7748916382516217
0.773536514130098
0.7722059304682776
0.7709408263110203
0.7697617637950431
0.7684772273284648
0.7674593088703832
0.766446829880473
0.7655461864286316
0.7646661231735113
0.7637342094183459
0.7627689755725601
0.7618862465904749
0.7610870668436024
0.760204975556693
0.7587672662342704
0.7556437303402607
0.7508737124626741
0.7386918107578181
0.6863997283226075
0.6140437594456726
0.5048673687498748
0.38572521970923346
0.2708072294416497
0.2112478369095152
0.1708304585475791
0.1380548474162985
0.11826556223357619
0.10706288261080091
0.0977353046051766
0.08994615129477308
0.08112646300422256
0.07538623968106285
0.06995701048431872
0.06358545414835248
0.05406696569263605
0.04593666899194425
0.03879745208862968
0.035999742358560446
0.03343333426879336
0.03148323444782657
0.029599720063708725
0.02791047234793711
0.02665324859158675
0.02545699874698175
0.02418942776101022
0.02270376673758351
0.021415215377458968
0.0203511908608043
0.019363769058094327
0.01839671517446324
0.01755711396024862
0.016855179908536678
0.01617554682974873
0.015551713371160581
0.014967169115121061
0.01422653543188542
0.01327365723409342
0.012203371334754529
0.011765834064505591
0.01123025367227895
0.010863968505724159
0.01055739242665106
0.010285320114432799
0.0100278180643757
0.009796768656505478
0.009751680950890029
0.009662420272775783
0.009611005592893117
0.009559300894876934
0.009515296593771516
0.009474719603426043
0.009424530755544903
0.009379189423638684
0.009329504353210628
0.009306853768409465
0.00928253494973915
0.009257276939019152
0.009231654303188236
0.009204937794806203
0.009169343422040942
0.009105667417225745
0.009021678766453975
0.008963555547124984
0.008914902774775526
0.008877290538437816
0.008841754739016501
0.008794027935561312
0.008753031407809345
0.008724258533977161
0.008709974912968836
0.008688575564295796
0.008664674608658284
0.008641494334106459
0.008618761121800158
0.008590024369192525
0.008543308463537255
0.008451012228945856
0.008322871493493117
0.008203463529065
0.008068360562049749
0.00791997654838235
0.007767659724595893
0.007592575831384438
0.007405083679812044
0.007196983537434727
0.00697961047939405
0.0069341676472322224
0.006844774722146367
0.006822886035689709
0.006779382837123922
0.006753057126356665
0.006724268101363271
0.006697439593317173
0.006675552414895662
0.006649331658426521
0.006625830634762268
0.006600467556197261
0.006586823596879753
0.0065846551043694836
0.006572356913647497
0.006560298035477094
0.00654801570186232
0.006534960733145462
0.006517043150225171
0.006490735317729576
0.006463815855210864
0.0064376638058299025
0.006408195278977783
0.006375577504456964
0.006341784576950366
0.006310913900936719
0.0062783767153571975
0.00624110061910087
0.0062042288462597385
0.006172228983920873
0.00614243397559222
0.006111514960404318
0.0060887967984574855
0.006056616232216103
0.006033469450931184
0.006013010038030224
0.0059940944460252525
0.005975292970587534
0.005954411612788695
0.0059247190569038195
0.0058958898878403495
0.005873550317502035
0.005851655011544645
0.005828153233563078
0.005801087059672329
0.005775360299880496
0.0057326160746333735
0.00567170119997388
0.005577820135835991
0.005431197791328255
0.005364495011124591
0.0052934555675736225
0.005238041829905667
0.00519432698731408
0.005144736452777834
0.0051057163988614
0.005063410785766827
0.005021710337290215
0.004976521678932347
0.004920495085847998
0.00486984711267585
0.0048250131838542334
0.0047850719493218105
0.004745332811206808
0.004692287003871139
0.004657338392153938
0.004630320350286844
0.004606237050155352
0.00458301443530027
0.00455768161495181
0.004521967346354742
0.004485456928578677
0.00446180265133081
0.004435493913447878
0.004407513176434797
0.004375401836387837
0.004334673632154549
0.0042820316360203435
0.00421367058830834
0.0040989817949924215
0.0039402993293651736
0.0037738699033665088
0.0036201358287011633
0.003487708121472305
0.003363654084190767
0.003258797690428637
0.003180445600782515
0.003124027528936498
0.003080116025716219
0.003042585570895675
0.003024514952479523
0.003024310339364282
0.0030239017774255812
0.0030230882080164033
0.003022495780729287
0.003021751224729663
0.003020940510996739
0.003020476448715581
0.0030200141630450377
0.003019816765633283
0.003019565755375515
0.003019282519941643
0.003018821496064489
0.003018405073625405
0.0030180599549645627
0.003017742151219698
0.0030174200916500593
0.003017001464670187
0.00301658048542903
0.0030162967289119567
0.003015949591102021
0.0030156378581244246
0.003015306374349982
0.0030150196670637544
0.003014797861040672
0.003014593284725346
0.003014323062916585
0.003014060151257102
0.0030138458486091923
0.003013620766475703
0.003013365570712251
0.003013038315127255
0.003012587482808589
0.0030119829658155003
0.00301153325222392
0.003011191271601296
0.0030108927105407016
0.0030106062314517058
0.003010267167624353
0.0030100046331170832
0.0030097182361731077
0.003009465603119933
0.003009237018148799
0.003009019120399332
0.003008806294926126
0.003008583517622088
0.00300831384360725
0.003008077032088572
0.003007809662840149
0.003007562954819884
0.00300731296626683
0.0030070376334445877
0.003006709427451674
0.003006308939165777
0.003005774596552666
0.0030050112318106602
0.003003884964502061
0.00300286806365861
0.003001954018506662
0.003001063166144521
0.003000116139838023
0.002998752716861567
0.002997671539892065
0.002999870312120377
0.0029991838851910983
0.00299863236130237
0.002998118301690356
0.0029975992886587433
0.0029969932286786592
0.002996440159809401
0.0029958166060226987
0.0029952542585182018
0.002994690461979665
0.002994072805367516
0.002993358854881123
0.002992525378416118
0.002991698941516381
0.002990778853898325
0.002989844236957329
0.0029890857670937672
0.002988478730419763
0.002987923732460014
0.002987368504335557
0.002986738084931905
0.002985735009823366
0.002984910583128767
0.002984228803699075
0.002983529867532887
0.002982772818618847
0.002981852205472786
0.00298069351863636
0.002979092616822556
0.002976712833545488
0.002973650213012018
0.002970486710437226
0.002967169160495237
0.0029635130777578168
0.002959461397582691
0.002954664618762513
0.002948731716996601
0.002941901958734675
0.0029350987318573097
0.0029284854154906013
0.0029221964932333463
0.002916368814839487
0.002911109817657298
0.002906641043092801
0.002902992879453807
0.0029009414030774783
0.002900934586334199
0.00290092096766955
0.0029008939665944567
0.002900898384386372
0.002900855563632778
0.002900843739026236
0.002900826817002345
0.002900820968162265
0.002900812700518703
0.002900801775397478
0.002900788656806758
0.002900771654929481
0.002900755071414316
0.0029007385306978497
0.0029007206758271697
0.00290070123220583
0.002900687111034115
0.002900675418185978
0.002900664071222326
0.002900651730927214
0.002900633805140792
0.002900615980124005
0.002900601666739424
0.002900587210399226
0.0029005714899065947
0.002900552549412243
0.002900528580072874
0.002900495025654636
0.00290044363895802
0.002900370314880882
0.002900289897922543
0.002900201381251651
0.002900104057561483
0.002899989824651013
0.0028998603070834643
0.002899717145481153
0.002899560205063004
0.0028993901504169267
0.002899208142785386
0.002899016135235657
0.002898816606683415
0.002898614755395569
0.00289841067734123
0.002898210358323413
0.002898009142149829
0.002897812552109597
0.002897618790108603
0.002897462781656569
0.002897356415446606
0.00289730335252947
0.002897303174015088
0.002897302779190519
0.002897301953496528
0.002897301280694632
0.002897300798954556
0.002897300492925296
0.002897300290175793
0.002897300168221094
0.002897300029715296
0.002897299946176241
0.002897299841648121
0.002897299677984023
0.002897299365156982
0.002897299131796391
0.002897298913384329
0.002897298657018971
0.002897298266252336
0.002897297957476805
0.002897297659549605
0.0028972973193902188
0.0028972968969957578
0.002897296293883268
0.0028972954250434182
0.0028972945064785973
0.00289729352509082
0.002897292689493349
0.002897291999623111
0.0028972913388695173
0.002897290625933229
0.002897289664477801
0.002897288464786313
0.0028972875736804162
0.002897286700715862
0.00289728575605762
0.002897284639566946
0.00289728323909351
0.002897281294688396
0.002897278344814404
0.002897273122223582
0.002897265197888486
0.002897255274169252
0.002897244073519353
0.002897231146665693
0.002897217121501483
0.0028972072329374043
0.002897200978737129
0.002897199185562181
0.002897199206875785
0.002897199248212118
0.002897199287740442
0.0028971992553383907
0.002897199214938649
0.00289719915307777
0.002897199072362038
0.00289719900728646
0.002897198955011622
0.002897198909651587
0.002897198872286305
0.00289719883071688
0.0028971987765233492
0.0028971986717533493
0.002897198533796917
0.002897198350353407
0.002897198065716455
0.002897197715017646
0.002897197295174828
0.002897196991476166
0.002897196978569747
0.0028971969084501162
0.002897196640508018
0.0028971962635045393
0.002897195899730623
0.002897195681881532
0.002897195591771854
0.002897195515341609
0.00289719547355499
0.0028971954409878213
0.002897195396806635
0.002897195381507747
0.002897195446386464
0.002897195580957503
0.0028971957551630918
0.002897195931953104
0.0028971960995484002
0.002897196255105107
0.00289719639364028
0.002897196498795749
0.002897196570562165
0.0028971966179169987
0.002897196632897207
0.0028971965806909162
0.00289719631395281
0.002897195646522404
0.0028971946700381257
0.002897193493577431
0.00289719219305432
0.002897190795983899
0.0028971892708619723
0.0028971882556884437
0.002897187389052848
0.0028971871137307877
0.002897187272972114
0.002897187764007817
0.0028971884900572593
0.0028971893895642607
0.0028971904560817392
0.002897191491737316
0.002897192320537184
0.002897192815106869
0.002897193163464273
0.002897193474702741
0.002897193953756966
0.002897195015413401
0.002897196536392014
0.0028971977936040802
0.002897198201046276
0.0028971983282195524
0.002897198354811723
0.002897198341597371
0.002897198301450513
0.002897198262615354
0.002897198231670962
0.002897198204921
0.002897198179437405
0.002897198152506411
0.002897198119125795
0.0028971980815452707
0.002897198051524422
0.002897198023689918
0.002897197995478083
0.002897197965407223
0.00289719793095911
0.002897197890626266
0.0028971978398494858
0.002897197771797894
0.002897197671044739
0.0028971975696811324
0.0028971974712281006
0.002897197376203819
0.00289719728672113
0.002897197206605641
0.002897197136651222
0.002897197119885309
0.002897197104634469
0.002897197059927573
0.002897196986970684
0.002897196959932112
0.002897196953232852
0.002897196961195067
0.002897196995461326
0.00289719704908398
0.002897197158239451
0.002897197279353813
0.0028971975304378367
0.002897197960151734
0.002897198586963576
0.002897199420952392
0.002897200454185484
0.00289720181158639
0.002897202894665166
0.002897203886564931
0.002897204757974591
0.002897205597550592
0.0028972064497823874
0.0028972072478005272
0.0028972076962852527
0.0028972075783930597
0.002897207662671708
0.00289720754271483
0.002897207551914302
0.0028972076327011573
0.0028972077624931673
0.002897207924082666
0.002897208142145509
0.002897208403359522
0.002897208738341558
0.0028972090518982812
0.0028972091299553
0.0028972090391240217
0.002897208845186636
0.002897208583268428
0.002897208233467083
0.002897207974395106
0.002897207679670129
0.002897207445872956
0.002897207255679205
0.002897207084278015
0.002897206930338625
0.002897206781310975
0.002897206627521964
0.0028972064259708387
0.002897206190226604
0.00289720602797091
0.002897205872782618
0.002897205711120107
0.002897205529398174
0.002897205307073436
0.002897205020931756
0.002897204625620911
0.002897204042290384
0.0028972030803367417
0.002897201405701389
0.002897199841721472
0.0028971984614384262
0.00289719725582128
0.002897196253374124
0.00289719549047364
0.002897194971699033
0.002897194743019816
0.002897194683140311
0.002897194739043521
0.0028971948728606692
0.002897195087369004
0.002897195505698956
0.002897196042516627
0.00289719655223063
0.002897196968390959
0.002897197244771506
0.002897197374177311
0.002897197379760144
0.002897197304922279
0.002897197198968231
0.0028971971028208168
0.002897197053970311
0.002897197035486396
0.002897196988782933
0.002897196887227261
0.002897196806439519
0.002897196723951149
0.0028971966809236303
0.0028971967206322677
0.002897196999018383
0.002897197662308404
0.002897199372554274
0.002897200521277662
0.002897203096080601
0.002897207108500225
0.002897212628565264
0.002897219710109584
0.0028972280233346462
0.002897238117482289
0.002897246393189782
0.002897250332548831
0.002897251826218619
0.002897250668682254
0.00289724782687302
0.0028972445062576692
0.0028972410157960997
0.002897238759574868
0.002897237413917433
0.002897236677723455
0.0028972361804559996
0.002897235834556388
0.002897235528309996
0.002897235153191619
0.002897234346867123
0.002897233312436465
0.002897231144883623
0.002897228089917567
0.002897224665854319
0.002897220856262755
0.00289721658672361
0.002897213252129816
0.002897209815573721
0.002897207520774976
0.002897205847910831
0.002897204543065572
0.002897203471381816
0.0028972025414519967
0.002897201657445072
0.0028972006503163077
0.002897199895458005
0.00289719922467134
0.002897198646730175
0.002897198109534941
0.002897197574455159
0.0028971970087445353
0.002897196414376623
0.002897195765559134
0.0028971950826053514
0.002897194335025161
0.002897193601291702
0.0028971931370703388
0.002897192704103845
0.002897192182141448
0.002897191506420402
0.00289719062843999
0.002897190056884845
0.0028971894473604517
0.002897188911978598
0.002897188419443434
0.002897187871112793
0.0028971873873165957
0.002897186989832595
0.002897186619058059
0.00289718627880381
0.002897185943686942
0.002897185588544278
0.002897185185036553
0.0028971846166374678
0.0028971841356867823
0.002897183743957111
0.002897183451106821
0.002897183400120632
0.002897183687856086
0.0028971841363924873
0.00289718460979865
0.002897185118758548
0.0028971859951278513
0.002897187257937841
0.002897189261890806
0.002897192402216184
0.00289719719537987
0.002897205069010122
0.002897220126335377
0.002897240802713278
0.002897280000727984
0.002897325597449098
0.002897377216820007
0.002897439272472411
0.002897516487579365
0.002897630335793743
0.0028977803174722793
0.002897929118114572
0.0028980725398416282
0.0028982249857818798
0.002898391580620266
0.0028985873872262443
0.002898799703759925
0.0028989694731131554
0.002899143907868982
0.002899317642611149
0.0028995006204786
0.0028996814891582793
0.002899866543571649
0.002900066445619229
0.002900281165905557
0.002900491588639258
0.002900694043313436
0.00290089571617739
0.002901092493417695
0.002901284578188063
0.002901479997639599
0.002901683125350394
0.002901931241525211
0.002902179744366666
0.002902419483457403
0.002902472626374596
0.002902540558349699
0.002902604995172566
0.002902646568145517
0.00290268423678483
0.002902719478503422
0.0029027538184961074
0.002902799061154535
0.002902854316319951
0.0029029230129539773
0.0029030102271035006
0.002903123897309869
0.0029032612508666697
0.002903461208995887
0.002903715039720117
0.0029040732671875217
0.002904539866588494
0.0029050417893533203
0.002905557391825996
0.002906093662300802
0.002906465281532076
0.002906367734616453
0.002905798022772385
0.002905004772752846
0.002904391944449092
0.002903802495001073
0.00290324669831547
0.002902613726936816
0.002902540213499026
0.002902536537390366
0.002902530776077222
0.002902530957982845
0.002902541010083208
0.0029025531734453557
0.002902564469008763
0.0029025772503679377
0.002902594460814575
0.002902614233758382
0.0029026323709226962
0.0029026500614612633
0.002902669236708954
0.002902679554124632
0.00290268260588407
0.002902679194541316
0.002902666909840582
0.00290263781829876
0.00290256858129081
0.0029024407791960164
0.002902287623037481
0.0029021130609547903
0.002901901187209655
0.002901672772815321
0.002901395180697136
0.002901049886667651
0.0029005857328001042
0.00290015892188645
0.002901567827993863
0.002901200046771375
0.0029008300544513758
0.0029006086351374078
0.002900430054006267
0.002900219630693103
0.002899872601249282
0.0028994404570739153
0.0028987090900123506
0.002897819013645512
0.002897031237716153
0.002896158773726067
0.002895120579697317
0.002893766526668915
0.002892130128841623
0.002890328299209621
0.002888459954783125
0.002887115511502092
0.002886685626647669
0.002886786243266203
0.00288708762391402
0.0028873667486583603
0.0028876504129098637
0.002888033438228701
0.0028887037979304893
0.002889408418369337
0.002890138938865418
0.0028908966441487053
0.002891665784768082
0.002892440441336518
0.002893207836090024
0.002893950753924564
0.002894648724381077
0.002895283987782109
0.0028958417564028957
0.002895882485914349
0.002895884665708276
0.002895888859108368
0.002895895241064509
0.002895901682659422
0.002895908355708105
0.0028959172703538977
0.002895924292078988
0.0028959264233341738
0.002895930150525567
0.002895934927450988
0.002895943730309426
0.0028959513951420687
0.002895959543291595
0.002895969091374431
0.0028959804128969513
0.002895991758218494
0.00289600210168557
0.002896012387703007
0.002896024319317832
0.0028960349075064047
0.002896046284211049
0.002896056518123874
0.0028960667855627
0.002896077895885325
0.002896090137566785
0.002896101057831444
0.002896108875795742
0.002896115169827068
0.002896121970751526
0.002896128273787719
0.002896134543756289
0.002896140731353942
0.002896147473240931
0.002896155764242516
0.0028961661991765
0.002896178485222828
0.00289618823538563
0.002896196256472725
0.00289620365808867
0.002896211455852454
0.0028962186817088303
0.002896226356605038
0.00289623256977101
0.0028962381404635867
0.002896243602901086
0.0028962493141723193
0.0028962561638681337
0.002896263380994349
0.002896271026028838
0.002896277780741088
0.0028962845325670207
0.00289629183458467
0.00289630045319798
0.0028963108220671557
0.002896322190559019
0.0028963351157414267
0.0028963500784059248
0.0028963662774514477
0.0028963826445798572
0.002896396647055089
0.00289640649535565
0.002896414966330429
0.002896423565403396
0.002896434389575744
0.0028964464292543014
0.002896456903374343
0.0028964671620570082
0.002896478321462017
0.002896491273644894
0.002896508135126884
0.0028965287423224
0.0028965502093385243
0.0028965700351994907
0.0028965900120737458
0.002896611327809772
0.002896635547424896
0.0028966633665140433
0.00289669777905881
0.002896725482134485
0.002896755555683088
0.002896794728907062
0.002896845494249862
0.002896922092204367
0.002896994426281647
0.002897059440128037
0.002897117014124266
0.0028971651498691632
0.002897204766325216
0.002897227557286576
0.002897227602553855
0.002897227692231429
0.002897227899157112
0.002897228083741204
0.002897228399288829
0.002897229075637939
0.002897229609014386
0.0028972305788609
0.002897231346273877
0.002897232864297309
0.002897235245751566
0.002897239071412809
0.002897244214457413
0.0028972503414697306
0.002897257548522415
0.002897262828980183
0.00289726746319026
0.002897270719752067
0.00289727313191937
0.002897274877625636
0.002897275474397104
0.0028972738565441517
0.002897270815080706
0.0028972675840303742
0.0028972642948987552
0.002897262048666483
0.0028972605053171102
0.0028972594391104387
0.0028972585371817927
0.002897257664508917
0.002897256699280871
0.0028972553085845087
0.002897253167395352
0.002897250614064058
0.002897247763578771
0.002897244665013733
0.002897241387354175
0.002897237622974261
0.0028972352267720787
0.002897233309112637
0.0028972320671575087
0.002897231309389868
0.0028972308227130706
0.0028972305938876146
0.002897230483444906
0.002897230526215565
0.002897230619809338
0.0028972307370272723
0.002897230810981722
0.00289723082179235
0.002897230753307156
0.0028972305904191127
0.0028972303340976217
0.002897229978861001
0.002897229349183953
0.002897228678069864
0.002897228082025032
0.0028972275296996128
0.00289722714980103
0.002897227146726517
0.002897227466264059
0.002897228313635758
0.002897229831858539
0.002897232430785814
0.002897237071589922
0.002897245642436934
0.002897262125354771
0.002897287988478266
0.002897326879022
0.002897372713351917
0.002897426159346837
0.002897490672407077
0.002897573478385291
0.002897702003405875
0.002897863905276316
0.002898007589204188
0.002898151884880918
0.002898306538722737
0.002898478382426693
0.002898681897416764
0.0028988748477934132
0.002899044343026515
0.002899202794639261
0.002899353478617963
0.002899490226673968
0.002899514846390244
0.0028995567377284983
0.0028995809853131663
0.002899598937038409
0.00289960368656253
0.002899600042733905
0.00289958494745957
0.002899546227656001
0.002899441039427531
0.0028993070060226627
0.0028990914552543237
0.002898897384127542
0.002898786397947886
0.002898870354636189
0.002899097538669038
0.002899499866142961
0.002900053746753563
0.002900643968000732
0.002901294679208109
0.0029020688546247796
0.002903060422841139
0.0029041005890951058
0.002905284930796106
0.002906806810246632
0.002907997714565644
0.0029089180906736742
0.002909961533861646
0.002910936329721496
0.0029117565784227343
0.0029126085081883713
0.002913730363544076
0.0029153204048217862
0.002917635724464582
0.002918957366795118
0.002919537139580286
0.002919722032034077
0.0029197029901889622
0.002919619035483125
0.002919519749151556
0.002919416067736906
0.002919295933524681
0.002919289636259761
0.002919287231160285
0.002919274292105127
0.002919238985137012
0.0029191951953491642
0.002919142956172082
0.002919107321991408
0.002919067819143399
0.002919029395671365
0.002918992636182538
0.0029189544593007277
0.002918937413305657
0.002918932046127963
0.002918936640607435
0.002918954271304572
0.00291899755811991
0.0029190893709947698
0.002919217652084225
0.002919357819304665
0.0029195023248744702
0.002919659944060998
0.002919854772607609
0.002920117455836401
0.002920585976448146
0.00292121604646424
0.002921904821693977
0.002922732692580387
0.002923228114372606
0.002923278467094134
0.002923257492404409
0.002923095761760351
0.002922754945060683
0.002922134170991336
0.002921778409039475
0.0029213195952341353
0.0029209041452121372
0.002920652134656553
0.0029207204584998096
0.002920979477771646
0.002921400409913323
0.002921893628433109
0.002922465207942216
0.00292311722230652
0.002923712434254441
0.002924170680458914
0.002924386334921842
0.002924637593919604
0.002924825099186984
0.0029250785802926683
0.002925215825523011
0.002925377294144126
0.002925690037841505
0.002926035503065298
0.0029263804150111263
0.0029267659754787533
0.002927191249351152
0.0029276846549661302
0.002928335838626647
0.0029289319548575607
0.002929498776088983
0.0029299806333822377
0.0029304135007069813
0.002930812899412389
0.002931175789360442
0.00293149297442317
0.002931778525260981
0.0029319738506351483
0.002932151973126622
0.0029323447652778428
0.002932580153485196
0.002932802881152529
0.002933013598579495
0.0029332290697908847
0.002933459816141805
0.002933719685750492
0.002933996963951778
0.002934302174970023
0.002934656688277263
0.002935072239944997
0.002935544161083466
0.00293616250495734
0.002936715211729164
0.002937179408036264
0.002937698003653566
0.002938311308777233
0.002939257674401206
0.002940317426536174
0.002941093100790339
0.00294181490567835
0.002942500211137085
0.002943222867883709
0.002943408275339772
0.002943662100731167
0.002943896842722197
0.0029440537747343143
0.002944248654147089
0.00294443361719306
0.0029445960826692463
0.002944787664975629
0.002945036307114246
0.002945340995171639
0.0029457294188399417
0.002946254409536679
0.002946839753720949
0.002947389849571877
0.002947945017811517
0.0029484765842342007
0.002948883932788963
0.00294923074292309
0.002949560644524199
0.002949919070249119
0.0029502951209141167
0.002950649832192368
0.0029509449052637082
0.002951228275898852
0.0029515216116464743
0.002951842422636229
0.002952127921475616
0.002952390945729829
0.002952663607965173
0.002952988574500386
0.002953241730281947
0.002953494995646776
0.002953705487964038
0.002953904628480814
0.00295413040181351
0.0029543747849345593
0.0029544735462385596
0.002954478408823738
0.002954507939952516
0.0029545874912708598
0.002954721920609335
0.002954972304503658
0.002955395471760149
0.0029556766210136866
0.002955855599505799
0.00295603075515722
0.0029561473193498887
0.0029562857899584458
0.002956425250394151
0.002956569564611084
0.0029566920857774007
0.0029567146275434704
0.002956733248086314
0.0029567206377764553
0.00295668194715928
0.002956615468852866
0.002956570152781259
0.002956511666281365
0.0029564212915529392
0.0029562989370674336
0.002956195759449306
0.002956086030712395
0.002955958393545496
0.00295580022705028
0.002955579122434675
0.002955298336626202
0.002955059748521551
0.002954826198120153
0.002954575768995921
0.002954295895017382
0.002953957122025384
0.002953540177820684
0.0029529862652123338
0.002952263499101836
0.002951515413459447
0.002950729814591992
0.002949963512435259
0.0029491515195864968
0.002948163152426183
0.002946939159556055
0.002945841735375602
0.0029448381027264918
0.002943795783606023
0.002942683755942475
0.0029415256112158648
0.002940232445049748
0.002938525124804533
0.002936321068580986
0.0029335638049469413
0.0029314600354678377
0.0029302878607219618
0.002929955981401977
0.002929559682576561
0.002929222230277089
0.002928827086334482
0.0029283652571631662
0.0029276659578029297
0.002927053891233604
0.002926578648271032
0.002926137111214038
0.002925717148504453
0.002925297961769277
0.002924858481847078
0.00292442544881476
0.002924099235900984
0.00292395608001553
0.002923833434168705
0.002923736447690623
0.0029236520269734388
0.0029235809346951328
0.002923511460417496
0.002923407647508304
0.002923315319421439
0.002923249043216274
0.0029232064642283058
0.0029231747990332768
0.002923144700170521
0.002923119638630504
0.002923097811503411
0.002923079032711334
0.00292306182166333
0.0029230466926053462
0.002923030520972911
0.002923021757564212
0.0029230139641879087
0.002923007546704611
0.002923001911072408
0.002922996060062642
0.002922990385609931
0.0029229851968988847
0.002922981388227579
0.002922978223384773
0.002922975483772141
0.002922975189155779
0.002922977031675355
0.002922984305364735
0.0029230303591259673
0.002923135557006795
0.002923317979920035
0.002923557597411759
0.002923718045085593
0.002923801262943373
0.002923910782326223
0.0029240719821346218
0.00292419011854414
0.0029242969878663736
0.00292438729325052
0.002924407664908505
0.002924413920990542
0.0029243763284363747
0.0029242936971585172
0.002924169346139769
0.002924032360185408
0.00292383335250141
0.0029235739579015437
0.00292329656574804
0.002923022919856311
0.002922709961616934
0.0029223495019367
0.0029218780817440544
0.002921200949516796
0.0029202908254340834
0.002919357369876772
0.00291843179122309
0.002917503954465204
0.002916525738230667
0.00291526401779126
0.002914274416246836
0.002913521860696027
0.002912818611160575
0.0029121198148621998
0.0029113634695848286
0.0029107064071010927
0.002910187730461522
0.002909724152630355
0.002909177929954709
0.0029086481590256978
0.0029082707433081677
0.002907912206338764
0.0029075738442430623
0.002907272912833159
0.002906980217419876
0.002906771902224843
0.002906590146435233
0.002906403176657205
0.00290616640076109
0.0029058829642220293
0.002905685829705994
0.0029055019664865124
0.002905311897196681
0.0029050998645943162
0.002904851786391443
0.002904536781892973
0.002904115495078801
0.002903644949961656
0.0029036427970631547
0.0029036381558240933
0.0029036306735996833
0.002903618411553591
0.002903604144544176
0.002903585236912181
0.002903574486328034
0.002903557835622219
0.002903535672379633
0.002903500101923008
0.0029034702722716492
0.002903435652402113
0.0029033934717771653
0.002903351033694745
0.0029033215131957263
0.002903293309960384
0.002903273959695907
0.00290326030854735
0.002903269661712624
0.002903300735632566
0.002903359571060541
0.002903440648835105
0.002903543099977588
0.002903663697329961
0.002903801133254704
0.002903931685020902
0.002904063828416585
0.002904184559152199
0.002904302483348056
0.00290437764676026
0.00290443483305584
0.002904482705235446
0.002904525496999719
0.002904568644354029
0.0029046215902658688
0.002904666074915465
0.002904707870431326
0.002904746287433713
0.00290478467947199
0.0029048259875525217
0.002904874219899357
0.00290493069946697
0.0029049950751702833
0.002905045312575095
0.002905090281876398
0.002905135600069136
0.0029051839430238252
0.002905236820118226
0.002905296515919406
0.0029053486615493737
0.00290539758504466
0.002905447285499438
0.00290550121659751
0.0029055610861342058
0.002905631988613384
0.0029057056675220513
0.002905784186127495
0.002905869506539924
0.002905951598888992
0.002906010969744345
0.0029060113545564922
0.002906012850755248
0.002906015448339731
0.002906019876729258
0.002906028086439276
0.002906042344574518
0.002906064269858379
0.002906073191724457
0.002906078684941527
0.002906093372211094
0.002906115501106554
0.002906131683265202
0.0029061465406222627
0.0029061594769382
0.002906168550922282
0.002906179401469632
0.002906192285452414
0.002906201273126836
0.0029062084292073077
0.0029062142074349592
0.002906219095652955
0.002906220199751781
0.002906223461920315
0.002906224341913605
0.002906221588710893
0.0029062183330604177
0.00290621280752216
0.0029062070532541897
0.002906201577534237
0.002906196013865487
0.002906190034362618
0.002906182908837078
0.0029061687719614923
0.002906157753158708
0.002906147822686785
0.0029061373673468227
0.002906125666972653
0.00290611161423338
0.0029060930663676963
0.002906066538036907
0.002906028773498551
0.0029059659580176122
0.002905859040753489
0.002905748446814831
0.002905623906836032
0.002905480558765896
0.002905384531830242
0.0029053018839871277
0.002905219852331668
0.002905136760037995
0.002905063085765857
0.0029050041592264438
0.002904952535816558
0.0029048960114380308
0.002904843192237832
0.0029047933876647143
0.002904747075436848
0.002904699474270327
0.002904644572429336
0.00290459155257725
0.0029045449804726182
0.002904498879966741
0.002904464632392059
0.002904424477785967
0.002904393959074384
0.002904367535384329
0.002904340808997686
0.00290431029838042
0.002904276088891209
0.002904241498738513
0.002904211690962208
0.002904182111494949
0.002904150568089148
0.002904114027101255
0.002904070546082885
0.002904014445516556
0.0029039385108860813
0.0029038221920699
0.00290371403930032
0.002903631447186471
0.002903570991877154
0.002903565171058793
0.002903565011341668
0.00290356435359157
0.002903558961176267
0.0029035446641055822
0.0029034897161594173
0.002903320831261184
0.002903201184320949
0.002903039045378198
0.002902973182317842
0.002902865874167881
0.002902697531022599
0.00290240947052486
0.002902027453248182
0.002901656732389961
0.002901229933979517
0.002900750197201812
0.002900231425058329
0.002899934840876945
0.00289971437405915
0.0028996176870755143
0.002899591413287952
0.002899715274217995
0.002899975613317581
0.002900326266462947
0.002900798184458726
0.002901125707313837
0.002901424900582323
0.0029016652658854928
0.00290185986798966
0.002902022150174944
0.002902158861188316
0.002902280078485508
0.00290239704346837
0.002902525381067068
0.0029026564741694467
0.002902795975613952
0.002902912904452022
0.002903026381805908
0.002903146867935146
0.002903282375562372
0.002903447975281937
0.002903631729432317
0.002903872639997984
0.002904070632514864
0.002904274421406466
0.002904533081944694
0.002904808665913137
0.002905021653001522
0.002905216733258459
0.002905410727587203
0.002905612043522004
0.002905833894873964
0.002906013484603151
0.002906162369606786
0.002906302697099388
0.002906456215955227
0.002906690526802079
0.002906897864089424
0.0029071882222625493
0.002907524550541649
0.0029078975324886612
0.002908327743997993
0.002908835886059213
0.002909518330021597
0.002910136445894186
0.002910704180568006
0.002911191914943608
0.002911631136391465
0.0029120345393681313
0.002912397585482555
0.0029127164212043653
0.002912964564704939
0.002913149881548133
0.002913328186066572
0.002913525079654412
0.0029137604939965
0.002913966657149572
0.002914165660646778
0.002914372975457182
0.002914597836021752
0.002914844968932182
0.002915111070439655
0.002915415961631662
0.002915764987834152
0.002916184911508188
0.002916583421268333
0.0029170029219028762
0.002917615639394745
0.002918059106418157
0.002918148761519421
0.0029183267320256018
0.0029183586371844482
0.002918422275829604
0.002918495491455176
0.002918572573866689
0.002918637523668917
0.002918698556412098
0.002918770384869122
0.002918806483970519
0.0029188423641978633
0.0029188793105599897
0.002918924006779011
0.0029189609595069474
0.0029190022472314
0.0029190645247666918
0.002919168196971393
0.0029193294167281043
0.0029195077239859432
0.002919705906613874
0.0029199296355970302
0.002920182084470782
0.002920470000618024
0.002920791872961214
0.002921100696491378
0.0029214210183389
0.002921811617355479
0.002922303617883261
0.002922697321621567
0.002923064799800787
0.002923458059274506
0.002923905496913615
0.002924450048721912
0.002925060102016726
0.002925336361618113
0.002925558439535251
0.002925784373378939
0.002925953730518066
0.002926122774291151
0.002926286834681819
0.0029264556080226692
0.002926678257058941
0.0029269393058870843
0.0029272677201900832
0.002927711158620275
0.002928356882294291
0.002929320625021028
0.002930312798737616
0.002931302290686235
0.002932214992483517
0.0029330344047918708
0.002933753304974482
0.0029343602662333028
0.002934586319725948
0.002934592294313942
0.002934628342843248
0.002934743627539681
0.002934932437239217
0.002935283466294006
0.002935702262506057
0.002936039457820708
0.002936272225335731
0.0029364502262508372
0.002936575837148493
0.002936725119760225
0.0029368915055025184
0.002937061104725757
0.002937179796925964
0.002937247192620987
0.002937275611548061
0.0029372578966323976
0.0029372481017273847
0.002937207383393058
0.002937140801171139
0.002937043061105663
0.002936948701983581
0.00293682067949192
0.002936645056135884
0.002936424746671717
0.0029362021728166227
0.00293595893742521
0.002935679817585148
0.002935339246417386
0.002934916632930374
0.0029345804947469582
0.002934231407987462
0.002933874205245138
0.0029335503942413818
0.0029331526161363967
0.0029323935569625682
0.00293104094038677
0.002929503188500797
0.002927830499757127
0.002925997512079291
0.002925447767290249
0.0029247609511638267
0.002924471246559269
0.002923965409516143
0.002923477572819987
0.0029230177910779358
0.002922497291416751
0.002921975181496257
0.00292153623299785
0.0029210940989049944
0.002920610207940862
0.002920019699713934
0.002919364018417763
0.002918660549399806
0.002918065968631882
0.002917498683797314
0.002917100922311852
0.002916591973492576
0.0029162056705020357
0.002915852393166835
0.00291540506833464
0.002914658877848699
0.002913853053896561
0.00291301037007837
0.002912124110990634
0.002911195949527099
0.002910217315493668
0.002909194870142154
0.002908435807422803
0.0029078653192495868
0.002907409676607113
0.0029069309760043067
0.002906529972003212
0.002906130446712177
0.0029054459377562303
0.002904658062508717
0.0029035524355853293
0.00290249109327976
0.002901495866422262
0.002900625731494558
0.0028999005249597714
0.0028993954213436908
0.002899394465747104
0.002899392513367134
0.0028993879894987293
0.002899381367645491
0.002899374319593918
0.0028993661257131972
0.002899358370637364
0.002899355777417358
0.0028993546972649817
0.002899353812603006
0.002899353347369502
0.002899352974206018
0.002899352355802526
0.002899351838045678
0.002899351681013359
0.002899352183164346
0.002899352131203247
0.0028993503051847327
0.002899345320710401
0.002899336415678883
0.002899324244362417
0.002899310114571685
0.0028992940841534357
0.0028992749528554997
0.0028992457962576717
0.002899214527768007
0.0028991892331399517
0.002899163451693545
0.0028991352499098872
0.002899101261809484
0.002899058689783295
0.002899012992680977
0.0028989627879776898
0.002898906852004775
0.002898861236613354
0.002898826123485497
0.0028987944205609417
0.00289876332995855
0.002898728606808911
0.002898677786604121
0.002898628932725368
0.002898590409389345
0.0028985520543215043
0.002898511044610985
0.002898466524838208
0.0028984270293666782
0.0028983840828446738
0.0028983296251149327
0.002898265172841879
0.002898154970493385
0.002897999642421925
0.002897741084174583
0.0028974821634847898
0.0028972113910536307
0.002896881653600894
0.002896445840897474
0.002895907762559369
0.002895519688866101
0.002895138468702102
0.0028946662516150623
0.00289427778696762
0.0028938405001583253
0.002893102249249079
0.0028923646149557297
0.002891578779307996
0.002891062345449434
0.002890536567843015
0.002890130484078051
0.002889781576852075
0.002889360350651451
0.002888878562307918
0.002888510018467601
0.002888139045422015
0.002887729130075958
0.0028872106883075692
0.002886694547306532
0.0028862765071128362
0.002885921457678855
0.002885600160080869
0.0028852669004082107
0.0028851113126449677
0.0028850587655584346
0.002885048240560662
0.0028850649832011343
0.002885106535732958
0.002885195721683085
0.002885302363600956
0.002885395383754874
0.0028854921603608838
0.002885598258271603
0.002885718275548341
0.002885831990248422
0.0028859434692516442
0.0028860608762305974
0.002886200533889518
0.002886349034876891
0.002886499384797197
0.002886634753159307
0.0028867728568781397
0.002886924784665739
0.002887108577191215
0.002887335275778015
0.0028876463495440953
0.002888118354792562
0.002888768138298857
0.002889651188205929
0.002890641211745603
0.002891607314530354
0.002892538846100489
0.002893423343051817
0.002894245354619129
0.002894990280551446
0.002895642258725963
0.002896149371763266
0.002896528506900484
0.002896545177043949
0.002896546188713064
0.0028965482709426412
0.002896551285429464
0.002896555666752322
0.0028965608428971838
0.002896565540508079
0.002896569906003668
0.0028965739190575596
0.00289657676437679
0.002896579001604588
0.002896579692020244
0.002896580259805028
0.002896580476875687
0.002896580550351641
0.002896580687730649
0.002896580922715998
0.002896581381127356
0.0028965822155138272
0.002896583277305476
0.0028965844613230837
0.002896585732481277
0.002896587183537154
0.002896588983732119
0.002896591273353937
0.00289659449022916
0.002896598121806474
0.002896601570237689
0.002896605104800993
0.002896608436263745
0.002896610935287411
0.002896612918270822
0.00289661487747301
0.002896617207994975
0.002896620116060214
0.002896623233579422
0.002896626615148352
0.002896630177587072
0.002896633220403792
0.002896635517090896
0.0028966374186879217
0.002896639213427282
0.0028966412612835774
0.0028966440021018502
0.002896645803594288
0.002896647426487056
0.0028966492838290612
0.002896651804460003
0.002896654309179456
0.00289665698792655
0.002896661004964497
0.00289666564047108
0.002896671280606709
0.002896679224291164
0.002896692137369571
0.0028967148281626148
0.002896747903777603
0.0028967915292766543
0.002896842018457412
0.002896900822203341
0.002896972312924679
0.002897067493170677
0.002897214689485411
0.002897380254593368
0.00289752702339033
0.0028976788434696673
0.0028978434220116043
0.002898029557919332
0.002898253136206018
0.0028984481387911622
0.002898627527995662
0.002898804618730182
0.002898985367911075
0.002899142748131662
0.002899274227507327
0.002899304388649467
0.002899360045086013
0.0028994032314220647
0.0028994341559143697
0.00289946491774041
0.0028994818742909723
0.00289949360874237
0.0028994973846088743
0.002899483329913892
0.0028994395850750567
0.002899333743399241
0.002899174995391465
0.002899034291812648
0.002898949068201629
0.002898893404176856
0.002898846507453312
0.002898872696401409
0.0028989744227720707
0.002899137919688022
0.00289937657919926
0.002899685273122997
0.002899999171768085
0.002900232608304567
0.002900432410364604
0.002900623259512551
0.00290082376282903
0.002901077337806989
0.002901319754558696
0.0029015707629917653
0.002901807757119016
0.0029020529165865432
0.002902325980977419
0.002902654994049927
0.002903062869346861
0.00290361360478115
0.002904411643051088
0.002905704012596991
0.002907228277193568
0.0029088264223081717
0.0029105001334349453
0.0029122272691168506
0.002913968731483459
0.002915626879337551
0.002917000130659178
0.002917795452247057
0.002918132287531514
0.002918135645569816
0.002918038647225352
0.002917925491415048
0.0029178187120999007
0.002917708865193907
0.002917663929777095
0.002917664204558082
0.0029176688726672492
0.002917721159918895
0.002917814560199609
0.002917944820786627
0.002918109361288117
0.002918301286398283
0.002918429390362656
0.002918555795456662
0.002918617431346806
0.0029186871032358067
0.002918772631490047
0.002918879760114346
0.002918907075734497
0.002918996006671261
0.002919065499604649
0.002919130493973305
0.002919154114648891
0.002919185628093558
0.0029192036030802637
0.002919215076015551
0.0029192181969119463
0.0029192099303941028
0.002919164582723475
0.0029191062623071867
0.002919061249914234
0.002918997450644597
0.0029189438774618447
0.002918897729796188
0.00291883773858026
0.002918767213028545
0.0029187109219039253
0.002918649884356453
0.002918578023486644
0.002918479580408917
0.002918355906218761
0.0029182498742115637
0.002918159022682913
0.00291807340666335
0.0029179836003470332
0.00291785156231668
0.002917749491344632
0.002917673639677688
0.002917605164965724
0.0029175410321570948
0.002917475969606976
0.0029174013702062828
0.002917279408832937
0.002917166517949133
0.002917098722844397
0.002917021785232432
0.0029169355888528778
0.002916828538637427
0.002916692131876496
0.002916499970496846
0.002916205757071103
0.002915867847264879
0.0029155374066054647
0.002915200636070855
0.002914843703309562
0.002914440817211357
0.002913899924374823
0.0029137380657918593
0.00291354875362816
0.002913268410229792
0.002913004800127291
0.002912678384352392
0.0029123041201311282
0.002911935102342238
0.002911498179274766
0.002910923342478356
0.002910443431706644
0.002909914629453888
0.002909474374255662
0.002909023966925333
0.002908562143914941
0.0029080748312556412
0.002907440771272341
0.002906325838391231
0.002904872874650868
0.0029032770726503763
0.002901521620937916
0.0028996079510948247
0.002897791858186305
0.002896739940902689
0.002896253079648513
0.002896148516875913
0.002896154098795576
0.002896184002656349
0.0028962323770406343
0.002896295062341315
0.002896382054852375
0.002896491480554855
0.002896602575785935
0.002896711747462997
0.002896815783504364
0.002896911603406062
0.002896997103819389
0.002897068547596394
0.002897112477296617
0.002897160633919269
0.0028971848835828993
0.002897203121004538
0.0028972227106499127
0.0028972400861309827
0.002897245876557925
0.002897245902068408
0.002897245813229433
0.002897245702589272
0.002897245606571108
0.0028972456345299383
0.0028972457092672006
0.00289724588468106
0.0028972463011036472
0.002897246766916627
0.002897247264450578
0.002897247821882964
0.002897248415562025
0.00289724904999134
0.002897249728162424
0.002897250454681099
0.002897251240582849
0.002897252054977105
0.002897252897045101
0.002897253763370138
0.002897254678691925
0.002897255641534435
0.002897256712448391
0.0028972579068775543
0.002897259312865494
0.00289726109625605
0.0028972634906912122
0.0028972654125885037
0.002897265982554252
0.00289726591234892
0.0028972658857890072
0.002897265830597764
0.0028972658820312722
0.002897266112588169
0.002897266624514748
0.0028972671284766757
0.002897267760388791
0.002897268080241717
0.0028972684867553363
0.002897269095556842
0.00289726936851032
0.002897269174212461
0.002897268564026998
0.0028972677295727263
0.002897267018341992
0.002897266454483194
0.002897265978500982
0.002897265540654719
0.002897265225194381
0.002897265021293578
0.002897264909070814
0.002897264849221388
0.002897264826853007
0.002897264838963081
0.002897264886965194
0.0028972649808079723
0.002897265125756733
0.002897265265028482
0.002897265395500959
0.002897265520616377
0.002897265642670335
0.002897265733475875
0.002897265779953457
0.002897265771839662
0.002897265696867327
0.002897265541453949
0.002897265300909981
0.002897265124503013
0.002897265163722793
0.0028972653316846272
0.0028972659847525286
0.0028972669008554028
0.002897267639446153
0.002897268142098646
0.002897268259300766
0.002897267870926238
0.002897267548263821
0.002897267202803266
0.00289726694418587
0.002897266615546035
0.0028972659145258778
0.002897265200875251
0.0028972645414711558
0.002897264039775476
0.002897263779382242
0.002897263608511244
0.002897263464151089
0.002897263315053051
0.00289726315547669
0.002897263069753069
0.002897263003958081
0.0028972629490380273
0.002897262902398247
0.002897262864619827
0.00289726284700043
0.0028972628565500547
0.0028972628889467797
0.002897262937738136
0.002897263001346207
0.002897263082840309
0.002897263184352039
0.002897263314860057
0.0028972634826667618
0.00289726363847769
0.002897263731428123
0.002897263805876291
0.0028972638542513417
0.002897263880240169
0.002897263881104698
0.0028972638421899607
0.002897263710937585
0.002897263416519923
0.00289726313267445
0.00289726288925234
0.002897262689698905
0.0028972625954262763
0.00289726258785982
0.002897262654584484
0.002897262814071832
0.002897263090269584
0.002897263315127949
0.002897263531424984
0.002897263772204476
0.0028972641136453562
0.0028972644924758913
0.002897264955234287
0.002897265515800103
0.002897266169387599
0.0028972667718251918
0.00289726725356809
0.002897267598532484
0.002897267847427708
0.002897268001675672
0.002897268049717876
0.002897267975450119
0.002897267764873719
0.002897267432434309
0.002897267000945104
0.0028972664741047298
0.002897265873534572
0.00289726525486631
0.0028972648576546687
0.002897264765663345
0.002897264455419009
0.002897263740773542
0.002897263148340789
0.002897262710278384
0.0028972622805494208
0.002897261877327285
0.002897261567280331
0.0028972614273401064
0.002897261295777893
0.002897261273064465
0.002897261277372205
0.002897261366640196
0.0028972617234558893
0.002897262154155277
0.002897262678229226
0.002897263389558015
0.0028972641293819727
0.002897264904845297
0.0028972657770527416
0.002897266851186947
0.0028972678209791707
0.002897268796819245
0.0028972696666157687
0.002897270510205686
0.00289727137654287
0.002897272208973501
0.0028972727943319533
0.002897273027715293
0.002897273106083149
0.0028972731822532872
0.002897273246040919
0.0028972733291710876
0.002897273419265016
0.002897273520994375
0.002897273633800093
0.002897273757863105
0.002897273890296339
0.002897273923730275
0.002897273851717858
0.002897273697494608
0.002897273479423545
0.002897273196543105
0.002897272861506638
0.002897272495201875
0.002897272204272742
0.0028972719608841967
0.002897271739134149
0.002897271520256233
0.002897271290697096
0.002897271015977665
0.0028972707812403827
0.002897270514612663
0.0028972702744229323
0.002897270035577171
0.002897269779639154
0.002897269487986348
0.002897269137688947
0.00289726869213492
0.002897268102091788
0.002897267254315185
0.0028972659325151306
0.002897264365732837
0.002897263172234439
0.002897262357059305
0.002897261913541527
0.002897261818709825
0.002897261958154205
0.002897262297168639
0.002897262810321006
0.0028972634394657643
0.002897264052326911
0.002897264569343284
0.0028972649459648057
0.002897265171188071
0.0028972652649455963
0.002897265266328406
0.0028972652209431093
0.002897265166084164
0.002897265148800046
0.002897265135415844
0.0028972650773827773
0.0028972649422681763
0.002897264760955027
0.002897264491159812
0.002897264191721258
0.00289726393518771
0.0028972638896198233
0.002897263884248498
0.002897263995585797
0.002897264389809156
0.0028972651377687877
0.0028972661310241567
0.002897267399732746
0.002897269038174216
0.002897270541476519
0.0028972722039184028
0.002897273675648928
0.002897275082463998
0.002897276509743267
0.0028972777918130927
0.0028972785382078087
0.002897278821519317
0.002897278978775483
0.002897279216645347
0.002897279536930686
0.002897279844457896
0.0028972802051810452
0.0028972806082522003
0.002897281130838483
0.002897281802372969
0.002897282470751002
0.002897282753167482
0.002897282797008341
0.002897282667292967
0.002897282417926871
0.0028972820134641397
0.0028972816943886393
0.002897281371888604
0.0028972810764313272
0.002897280830306028
0.00289728058908497
0.002897280348274429
0.00289728008875601
0.0028972797128966592
0.002897279344972555
0.0028972790524451637
0.002897278757688429
0.002897278442722812
0.002897278057913334
0.002897277552854108
0.0028972768112037798
0.002897275677312336
0.002897273651581553
0.002897271351137481
0.0028972688835078634
0.002897266203638098
0.002897263308504042
0.002897259614850047
0.00289725725960916
0.002897256201770452
0.002897255875261979
0.002897256103390227
0.0028972567281181
0.002897257627662119
0.0028972587423626217
0.0028972601865354343
0.0028972611042560516
0.002897261552565427
0.002897261841338308
0.0028972621217046553
0.00289726279052214
0.002897264320285438
0.002897265869041293
0.002897266736333324
0.0028972669940513277
0.002897266887475877
0.0028972667002373957
0.002897266495076773
0.0028972662813174436
0.00289726601087651
0.0028972656743504422
0.002897265451561025
0.002897265233965859
0.002897265013972115
0.002897264768783044
0.002897264465245004
0.002897264115754678
0.002897263754443282
0.0028972634831311377
0.002897263249955791
0.00289726303090937
0.002897262820554333
0.002897262609249401
0.002897262406050553
0.002897262218794047
0.0028972621033943663
0.002897262064071926
0.00289726207176954
0.0028972621367749658
0.0028972622808076383
0.002897262642687189
0.002897263261258588
0.002897263948200053
0.002897264597812274
0.002897265129292689
0.0028972654939524614
0.002897265673084395
0.002897265686443434
0.0028972656847726813
0.002897265694023207
0.002897265719142545
0.002897265765644932
0.0028972658021060352
0.002897265785131927
0.00289726571755738
0.002897265555858552
0.002897265400875653
0.002897265294759169
0.002897265289304915
0.0028972653736899323
0.002897265416115873
0.002897265501133269
0.002897265736595562
0.002897266154810411
0.0028972665391526443
0.002897266753380448
0.002897266614741259
0.0028972661606085272
0.0028972654800672017
0.002897264558427908
0.002897263152623562
0.0028972619625284002
0.002897260723017762
0.002897259658278951
0.002897258724819461
0.002897257983046723
0.002897257485179413
0.002897257122500844
0.002897256893403172
0.002897256711608899
0.0028972564779566213
0.002897256270047279
0.002897256118782715
0.0028972560308217227
0.0028972561147062596
0.002897256385899517
0.002897256769437951
0.0028972570396545933
0.002897257197382055
0.002897257358473585
0.002897257540493357
0.002897257660599284
0.002897257817501571
0.002897257948721869
0.002897258063889887
0.002897258183501829
0.002897258281910745
0.002897258408880018
0.002897258586304429
0.0028972587604791174
0.002897258885632745
0.002897259017638153
0.002897259156012883
0.002897259319033284
0.002897259523050363
0.0028972597786334
0.002897260153526072
0.0028972605826563342
0.002897260888127386
0.002897261115649757
0.002897261320952907
0.002897261438154581
0.002897261550638592
0.002897261648238641
0.002897261744068409
0.002897261849439771
0.002897261940940153
0.002897262022211531
0.0028972621051931912
0.002897262169503284
0.002897262260552255
0.002897262308154235
0.0028972623613148472
0.002897262405278668
0.002897262442530554
0.002897262480136978
0.0028972625208891043
0.002897262570354287
0.002897262618363763
0.002897262661232576
0.0028972627045966946
0.0028972627516207993
0.002897262806228105
0.002897262862527826
0.002897262915212159
0.002897262984915726
0.002897263019686089
0.002897263099461797
0.002897263121674618
0.002897263165402151
0.002897263199714529
0.002897263221368684
0.0028972632571929178
0.002897263283187823
0.0028972633112701257
0.002897263349221229
0.002897263423751456
0.00289726350884563
0.002897263596449966
0.0028972636896504827
0.002897263790359093
0.0028972639097500563
0.0028972640342092423
0.002897264199516942
0.002897264404056212
0.002897264676729167
0.002897265029630489
0.002897265326644924
0.0028972655070304628
0.002897265636904336
0.002897265686727428
0.002897265678115598
0.002897265631572081
0.0028972655420259072
0.002897265429741014
0.0028972652803070727
0.00289726502139405
0.0028972646869212687
0.002897264376477662
0.002897264284052574
0.0028972643831980728
0.002897264611341227
0.002897264898010217
0.002897265176085768
0.002897265398364121
0.00289726550096414
0.002897265496163652
0.002897265495712039
0.002897265532277823
0.002897265591241223
0.002897265662502524
0.002897265690341465
0.002897265718912467
0.002897265747269692
0.002897265773109366
0.002897265815406855
0.002897265856170047
0.0028972658725936614
0.002897265868340641
0.002897265848075818
0.0028972658200499242
0.002897265785720244
0.002897265743091656
0.002897265697927965
0.002897265654141101
0.002897265607850805
0.002897265557823024
0.002897265504014084
0.002897265452694765
0.0028972654075370753
0.002897265371224608
0.002897265345391576
0.002897265335851756
0.002897265348260975
0.002897265382760572
0.002897265432697943
0.002897265493190535
0.002897265562147429
0.00289726563836965
0.0028972657123478023
0.002897265750367681
0.002897265772661201
0.002897265836374039
0.00289726580766762
0.002897265572427422
0.002897265053028706
0.002897264306924256
0.002897263778454162
0.002897263520670634
0.002897263280908123
0.002897263111955223
0.002897262972019408
0.002897262689596173
0.00289726226449466
0.00289726195828997
0.0028972616895010113
0.002897261486183818
0.002897261444912621
0.002897261649108842
0.002897262313009278
0.002897263706410456
0.002897265920490741
0.0028972684442124482
0.002897270163053088
0.0028972706600434456
0.002897270673544515
0.0028972705294533457
0.002897270325067949
0.002897270141449289
0.00289726995724655
0.0028972697554962273
0.002897269525810557
0.002897269268366055
0.0028972690744384247
0.002897268883762756
0.00289726872822237
0.0028972685781382458
0.002897268443232159
0.00289726830401356
0.002897268091133146
0.002897267783800065
0.002897267468728738
0.002897267196109
0.002897266939384472
0.002897266689393836
0.002897266436687258
0.002897266162176406
0.002897265849663122
0.0028972656148894592
0.002897265423410331
0.002897265244971216
0.002897265151778509
0.0028972650789344753
0.002897265038321702
0.002897265015845138
0.002897265007679793
0.0028972650145157332
0.002897265020244671
0.002897265021392094
0.0028972650288858776
0.002897265053373684
0.002897265082953175
0.00289726510971582
0.002897265157670077
0.002897265295032111
0.002897265518580289
0.002897265839375768
0.002897266178132903
0.002897266378371
0.002897266602708164
0.00289726672729084
0.002897266853076576
0.002897267115942848
0.002897267618801332
0.0028972683008641753
0.002897269040288984
0.0028972697709051722
0.002897270406702605
0.002897270900210742
0.002897271250176479
0.0028972713590674267
0.002897271032293153
0.002897270264727057
0.002897269161490391
0.002897267907987525
0.002897267074438361
0.002897266509266242
0.002897266069515653
0.0028972657003961382
0.002897265328318588
0.002897265085730408
0.002897264969878473
0.002897264899346657
0.0028972648558667933
0.0028972648309385407
0.002897264822063109
0.0028972648276216102
0.002897264846443057
0.002897264875810709
0.002897264901910818
0.0028972649057037677
0.00289726490430535
0.002897264912180937
0.002897264929827152
0.002897264954846354
0.002897264980075255
0.0028972650074068082
0.0028972650345740533
0.002897265064630112
0.002897265095669121
0.0028972651288152757
0.0028972651447659852
0.002897265144448748
0.0028972651353706283
0.002897265094723169
0.0028972649495792933
0.002897264748477072
0.002897264531034778
0.002897264288392398
0.0028972640835245003
0.002897264054936573
0.0028972640197293406
0.002897264009573694
0.002897264051898995
0.002897264135932848
0.002897264250632065
0.002897264391397292
0.0028972645469619
0.002897264696943661
0.002897264845992073
0.002897264984654694
0.002897265075977825
0.002897265121091025
0.002897265134601188
0.002897265134560971
0.002897265131320891
0.0028972651312696622
0.00289726513866375
0.002897265153509213
0.002897265164918756
0.002897265164088797
0.0028972651528101907
0.002897265137095313
0.002897265126148514
0.002897265122001188
0.002897265116689435
0.002897265113387051
0.002897265112100438
0.002897265114640694
0.002897265121378978
0.002897265123378427
0.002897265152040091
0.002897265214537747
0.002897265251823259
0.002897265225306507
0.002897265135952351
0.002897264995973453
0.002897264882279225
0.002897264768247288
0.002897264683420483
0.002897264566337113
0.002897264363581916
0.0028972641825064658
0.002897263981188719
0.002897263684450522
0.002897263010409917
0.002897261469496948
0.002897259204461078
0.002897256394198992
0.002897253172440657
0.002897249608339835
0.002897245536034917
0.0028972419401443548
0.0028972388944584542
0.002897237177919174
0.002897236448470959
0.0028972366197993972
0.002897237607600446
0.0028972392145509888
0.002897241262938216
0.0028972436902575
0.002897246898029185
0.002897249238506432
0.002897250638592697
0.002897251827231764
0.002897253081519217
0.0028972551065535217
0.002897258994513214
0.0028972626790317478
0.002897264769390833
0.002897265908372121
0.002897266550217127
0.002897266765859308
0.002897266873821625
0.002897266908895565
0.0028972669100826532
0.002897266879521404
0.002897266840514492
0.0028972667876162052
0.002897266705103309
0.002897266631759
0.0028972665537931102
0.002897266472107917
0.002897266365924592
0.0028972662420352568
0.0028972660979381883
0.0028972659330406218
0.0028972657982256882
0.00289726571242298
0.0028972656427226568
0.002897265582012449
0.002897265526345604
0.0028972654735306747
0.002897265422985165
0.0028972653745796798
0.002897265330447798
0.002897265293779525
0.002897265262879691
0.002897265242232396
0.002897265236582988
0.002897265239173735
0.0028972652473564
0.002897265259078352
0.002897265271110015
0.002897265284525231
0.002897265302448635
0.002897265324885832
0.0028972653468395167
0.002897265352128035
0.0028972653384023613
0.002897265309428144
0.002897265273384689
0.002897265254559381
0.0028972652373875788
0.0028972651824675536
0.002897265062338704
0.002897264984574831
0.002897265010459229
0.002897265207688966
0.002897265650451755
0.002897265896741858
0.002897266204543382
0.002897266330964627
0.002897266509391207
0.0028972669254971367
0.002897267633037357
0.002897268092445978
0.0028972683895245673
0.002897268482034672
0.00289726840369968
0.0028972681770967536
0.002897267833061384
0.002897267432490205
0.002897266975403828
0.002897266499703843
0.002897266005814542
0.002897265456766455
0.002897264837195377
0.002897264182000401
0.002897263506154867
0.002897262814825471
0.0028972621159972763
0.0028972614207848617
0.002897260747048486
0.002897260121598856
0.002897259591241745
0.002897259307748772
0.002897259176378478
0.002897259136459707
0.0028972591785747168
0.002897259375928203
0.0028972599289783852
0.002897261649736968
0.002897264662568027
0.0028972696907459
0.00289727856568823
0.002897294849128329
0.0028973273498179423
0.002897390651776275
0.002897483991478678
0.002897608250731819
0.002897757405244877
0.002897900816577055
0.002898034275175082
0.002898127067658845
0.0028981274015221358
0.002898128159367362
0.002898130332120736
0.002898133944383824
0.002898140053471976
0.0028981520676694757
0.002898162477913833
0.002898168726213146
0.002898171312379496
0.002898174507746683
0.00289817770316846
0.002898179531713404
0.002898184411517797
0.00289819298735141
0.0028982024124428554
0.002898211198744244
0.002898220047825697
0.0028982284137362728
0.002898234646538134
0.002898237649257666
0.0028982385085981294
0.0028982377114778633
0.002898236044433892
0.00289823312719621
0.002898230482792993
0.002898228035432558
0.0028982255097050984
0.0028982226999540728
0.002898218577294858
0.0028982140160703786
0.002898210257101358
0.0028982063559692328
0.002898201973936731
0.002898196674741616
0.002898189571066278
0.0028981842346458638
0.0028981801308428
0.002898176316104578
0.0028981724694423752
0.002898167944458966
0.002898162645747194
0.002898157066746261
0.002898152151615113
0.002898147157742035
0.002898141701452132
0.002898135219772507
0.0028981273774822537
0.002898117434227312
0.0028981048304250532
0.002898092764286212
0.002898072822690067
0.002898053795285736
0.0028980361675715587
0.00289801513769969
0.0028979863579359968
0.002897955673346268
0.0028979262408415063
0.0028978859324172977
0.002897858908375319
0.0028978293191076108
0.0028977892291974397
0.002897725866941361
0.00289766286016662
0.002897601111481558
0.002897541232824489
0.002897484848532732
0.002897432772854015
0.0028973860421535537
0.0028973465419647277
0.002897314610249679
0.002897300771878345
0.002897300513330852
0.002897299988689329
0.002897299522696536
0.002897299266230676
0.0028972990230037897
0.002897298724967069
0.00289729815558152
0.002897297544861162
0.0028972969146383518
0.002897296210695764
0.002897295424594484
0.002897294539169664
0.002897293553517208
0.002897292481461701
0.002897291347647925
0.0028972901975899902
0.002897289140577561
0.002897288034005341
0.0028972865946686552
0.0028972851966189723
0.0028972840426145833
0.002897282914252879
0.0028972816022663672
0.0028972802388658823
0.00289727896594721
0.00289727777013673
0.002897276638068628
0.0028972756700664203
0.002897274720135977
0.0028972742269616518
0.002897273639773003
0.002897273181247069
0.002897272798857377
0.0028972724169883703
0.002897271975813259
0.002897271555945449
0.00289727115576496
0.002897270798753103
0.002897270445149034
0.002897270071598768
0.0028972696686411907
0.002897269323047299
0.002897268993601778
0.002897268635655312
0.002897268298279684
0.00289726796023368
0.002897267640384509
0.002897267381948899
0.002897267108931688
0.002897266807737983
0.00289726647697029
0.002897266385662787
0.002897266392333113
0.002897266419956031
0.002897266526279537
0.0028972666759067268
0.002897266825254176
0.002897266937866713
0.002897266966811978
0.002897266841853288
0.002897266555615344
0.0028972661712678913
0.002897265819075784
0.002897265417282897
0.002897265274967015
0.0028972650431546487
0.002897264717387007
0.002897264418371383
0.002897264107797101
0.002897263765961932
0.0028972635238256697
0.002897263285571505
0.00289726310697632
0.002897262979154411
0.0028972628913573294
0.002897262830704382
0.0028972627898582264
0.002897262772534251
0.002897262797359628
0.002897262868009196
0.0028972629922928038
0.002897263147846909
0.002897263343909467
0.002897263604507563
0.002897263943923932
0.0028972644184471178
0.002897265106050269
0.002897265934025951
0.0028972664317508732
0.0028972667068553923
0.0028972669192327788
0.002897267076545499
0.002897267223180761
0.00289726735670052
0.002897267487320394
0.002897267585244839
0.0028972676650948917
0.002897267733351512
0.002897267789563748
0.002897267853137501
0.002897267892132487
0.002897267981492259
0.0028972679554271773
0.002897267992906625
0.002897268018736977
0.0028972680217758443
0.002897268029051499
0.0028972680140591997
0.002897268012542864
0.0028972679516800067
0.002897267867758168
0.002897267707795316
0.002897267492455242
0.002897267253346359
0.002897266977076414
0.002897266682683361
0.002897266369018511
0.002897266126320728
0.002897265935036444
0.002897265763451163
0.002897265616240344
0.002897265486593525
0.002897265366080684
0.002897265249656182
0.002897265138792133
0.002897265033081066
0.002897264934343427
0.002897264891328842
0.002897264915659832
0.002897264976308646
0.002897265050503103
0.002897265122121578
0.002897265180730098
0.002897265219624477
0.0028972652368239003
0.002897265235229205
0.00289726522185166
0.0028972652178175288
0.002897265194043957
0.002897265094765038
0.002897264910831969
0.0028972650069992263
0.002897265494763519
0.002897266237382395
0.002897266651919281
0.0028972672572038756
0.002897268202802356
0.00289726890208091
0.002897269162874877
0.002897269095709041
0.0028972688189175017
0.002897268393913418
0.002897267946523847
0.002897267447880577
0.002897266952532752
0.002897266421022299
0.002897265822205177
0.0028972650415189467
0.00289726394095474
0.0028972624201982562
0.002897261120910152
0.002897259890921957
0.002897258644690573
0.0028972573671801503
0.002897255968534661
0.0028972540621116628
0.002897251124597577
0.002897250280063271
0.002897282548716188
0.002897383633246573
0.002897637140001316
0.002897911123179299
0.002898142452843013
0.002898393860383115
0.002898642404700551
0.002898981187877741
0.002899297674883982
0.0028995033564615763
0.0028995035729487933
0.0028995038877859592
0.002899503496547088
0.002899501027341903
0.002899494860776653
0.002899479761548454
0.0028994482756343758
0.002899432109862848
0.002899410543348382
0.002899401573069995
0.002899390559240161
0.00289936274171844
0.0028993119576808937
0.00289924247836586
0.002899191930551534
0.002899121782146136
0.002899034119044245
0.002898952302776012
0.002898879370886881
0.002898799217467695
0.002898774689960537
0.0028988134982865367
0.002898935079282054
0.0028991147220449307
0.0028993151726102147
0.002899522613974634
0.0028997245614661047
0.002899940559397663
0.0029001785337429958
0.002900414523465639
0.0029006075783583832
0.002900795944793821
0.002900995540985713
0.002901227914586071
0.002901489146898228
0.002901699783295647
0.002901860819376345
0.002902012387506368
0.002902231776183515
0.0029023976817024837
0.002902538225203184
0.002902686305989378
0.0029028612052928093
0.00290306553863889
0.002903238017442542
0.002903390856170059
0.002903546120512084
0.002903662881653755
0.002903803370817303
0.00290391238290421
0.002904007262340266
0.002904102709239627
0.00290420889706411
0.002904372581878596
0.002904510046165149
0.002904622253141387
0.002904735900513432
0.002904858113812053
0.0029050043434473653
0.002905185205161529
0.0029054306330090363
0.0029057896542549672
0.002906382670764195
0.0029070047416689727
0.002907552567094269
0.0029080266249247753
0.002908423426345269
0.002908743065538493
0.0029089142606617407
0.002908915192900767
0.00290891939764525
0.00290894860338022
0.002909000956690911
0.002909096911464698
0.00290923483284159
0.002909381301223288
0.002909411324539082
0.0029094656941812
0.0029095563541778223
0.002909626815267892
0.0029096878296311192
0.002909741580103015
0.002909777210686546
0.0029097750918265788
0.002909776016953773
0.002909755831453873
0.002909712062164076
0.002909632183844042
0.002909547376869025
0.002909455931573525
0.002909343726428767
0.002909204354559526
0.0029090046950110793
0.002908677729998305
0.00290803364428993
0.002907255336879323
0.002906354692531456
0.002905327954503879
0.0029041880794616398
0.002902948636822566
0.002901648130205482
0.00290034414834017
0.0028991492525746168
0.002898100874171279
0.002897490045878442
0.002897489373812067
0.002897488025204491
0.002897486282548504
0.002897458970365942
0.002897473067501436
0.002897475275732216
0.002897475007032674
0.002897475029653946
0.002897475155001963
0.002897475419089806
0.002897475589674197
0.002897475157169214
0.002897474056586788
0.002897472494318513
0.002897470507412033
0.002897468379042809
0.002897465949772758
0.002897463352665586
0.002897460218621054
0.002897455930215406
0.002897449684509648
0.002897441488043153
0.002897429265020516
0.002897406593099031
0.002897353643198642
0.00289721939755073
0.0028970061759520343
0.002896912539223927
0.002897090856858374
0.002897446803043709
0.002897822744454484
0.002898215543806816
0.002898681750014091
0.002899125775050073
0.002899590600694594
0.002900252910419335
0.002900715644248986
0.002901069085055574
0.002901409178783401
0.00290175662580325
0.0029020914376705963
0.00290238767040662
0.0029026857754509243
0.002903053912286662
0.002903478418745384
0.002903766305229186
0.002904030869465779
0.002904283291257613
0.0029045506970808437
0.002904775566811762
0.002904959218909638
0.002905156636712712
0.002905391017091979
0.0029057256687877553
0.0029057412323584848
0.0029057438737391163
0.002905755185590206
0.002905802431189409
0.002905869283665635
0.0029059419045617324
0.0029059744351136877
0.002906016833400913
0.00290608230465872
0.002906128693727431
0.002906168005469107
0.002906190014487033
0.002906177651719561
0.002906194064329415
0.002906198424773992
0.0029061948813864508
0.0029061875506088577
0.002906174382614912
0.002906159777975668
0.002906140406205859
0.0029061200647680957
0.0029061003491144227
0.002906081182028892
0.00290605891500576
0.002906024355371956
0.0029059836018691908
0.002905949266584469
0.002905914146683724
0.002905874230388202
0.002905823690861794
0.002905755094086838
0.00290566739556954
0.002905565900738097
0.002905442317683344
0.0029052871931447392
0.002905128770122977
0.002904961627577151
0.002904780996402101
0.0029045753391511863
0.00290433937957917
0.002904052236410432
0.002903688990230141
0.002903205280061317
0.002902508058827199
0.002901711111148689
0.0029009903934314567
0.002900367293572604
0.002900029442610095
0.002900029166777508
0.0029000286206629228
0.002900027547472334
0.002900026699690329
0.00290002589259145
0.0029000255469334947
0.002900025279260039
0.002900025176964942
0.002900025075446111
0.002900024926748653
0.002900024791362624
0.0029000246655898803
0.0029000245099454433
0.002900024271901525
0.002900023898828746
0.002900023443909419
0.002900022882150795
0.002900022109392102
0.002900020912175352
0.002900018866042116
0.002900016182974615
0.002900012692856618
0.00290000826892024
0.002900001263688722
0.0028999947628347332
0.002899987080459947
0.002899977510290798
0.002899965401522587
0.0028999470378514537
0.002899915082535485
0.002899862333391816
0.002899811521215786
0.002899772158159572
0.002899744291710159
0.002899726311203457
0.002899723163513501
0.002899723300788808
0.002899724366932174
0.002899732996226888
0.002899741735254616
0.002899754542612563
0.002899760325788471
0.002899768367194495
0.002899782292595954
0.002899798800973951
0.002899813016464901
0.0028998261007810683
0.002899836055116297
0.002899842895802431
0.002899844518048743
0.002899837583518423
0.002899819965802609
0.0028997850016184473
0.002899711348327862
0.0028995548095057167
0.00289934472618814
0.0028990891809021033
0.002898794069131008
0.002898470744907696
0.002898133384676634
0.00289780439556445
0.002897511035068486
0.0028972797336488418
0.0028971514849147413
0.002897151349674974
0.0028971510881366687
0.002897150582397658
0.0028971500902304718
0.0028971494547722952
0.002897148731659659
0.002897148247454152
0.00289714800760048
0.002897147763981455
0.002897147626640345
0.002897147495437984
0.002897147233058952
0.0028971467617722882
0.002897146243441378
0.002897145633454333
0.0028971449697585633
0.002897144226917619
0.002897143428399182
0.002897142565102261
0.002897141512320298
0.002897140412841713
0.002897139220776988
0.002897137852332135
0.0028971360298557253
0.002897133883683429
0.002897131342800134
0.002897128371621231
0.0028971248728165613
0.002897120405843473
0.002897114648013238
0.002897106838611812
0.002897097878737718
0.00289708790925524
0.002897079386909723
0.002897071181678242
0.002897063184589235
0.002897054774604405
0.002897050005108327
0.002897047480401824
0.0028970474389538236
0.0028970473660310603
0.00289704747724306
0.002897019213387708
0.002897034149780762
