0.002897857995406511
0.002897857995406523
0.002897857995406628
0.00289785799540687
0.002897857995407004
0.002897857995407005
0.0028978579954074698
0.0028978579954072377
0.002897857995407093
0.002897857995406948
0.002897857995406431
0.0028978579954050433
0.002897857995399429
0.0028978579953875
0.002897857995360865
0.002897857995283707
0.002897857995182639
0.002897857995112447
0.002897857995024801
0.002897857994968543
0.002897857994879396
0.002897857994717317
0.002897857994359554
0.002897857993800033
0.002897857992838268
0.002897857991435781
0.002897857989243028
0.0028978579852339563
0.0028978579766879963
0.002897857962308561
0.002897857938981152
0.002897857903166159
0.002897857848888245
0.0028978577851877423
0.002897857726992768
0.0028978576740549453
0.0028978576230550158
0.0028978575758310332
0.002897857516729753
0.002897857455753256
0.002897857374297723
0.002897857288979342
0.002897857181895031
0.002897857048757032
0.002897856928714983
0.002897856809748292
0.002897856681664143
0.002897856535423206
0.0028978563558145357
0.002897856115118209
0.002897855728016203
0.002897855279213568
0.002897854746228866
0.002897854181022518
0.002897853557730334
0.0028978528350112583
0.0028978519600667807
0.002897850843701276
0.0028978493138352057
0.002897845975492671
0.002897841025785977
0.0028978353558581573
0.0028978302625483517
0.002897823464183379
0.00289781590089317
0.002897805544121267
0.002897790288249893
0.002897776171014922
0.002897764929009654
0.002897755727311763
0.002897748629777764
0.002897741484387411
0.002897736262594975
0.0028977297600085122
0.0028977291266634644
0.002897729463783368
0.002897729892503673
0.002897732261604544
0.002897735031326826
0.00289774069953122
0.002897748411839528
0.0028977565618115804
0.002897766174171592
0.0028977768507697597
0.002897787705529826
0.002897799670884988
0.00289781362583852
0.002897830642897263
0.002897849487944429
0.0028978705846720147
0.0028978954742897027
0.0028979303644456
0.0028979592197444903
0.00289798310171191
0.002898003138211466
0.002898017062876491
0.002898031572349451
0.002898043179447782
0.002898054217371718
0.00289806236837992
0.002898070081720591
0.002898075890843621
0.002898081401104521
0.002898085744966809
0.002898089869997743
0.002898093226323668
0.002898096423132962
0.00289809906519479
0.0028981016050036133
0.002898103684253373
0.002898105737756531
0.002898107612480511
0.0028981093781879977
0.002898111465307798
0.002898113449046285
0.0028981152942331436
0.0028981170436285977
0.002898118692859077
0.00289812026476564
0.002898121783781526
0.002898123284850681
0.0028981248046848498
0.002898126412639204
0.002898128227494483
0.002898130603703796
0.00289813309423112
0.002898135847901662
0.0028981386087693927
0.002898141686842593
0.002898145458483633
0.002898150446936173
0.0028981577311651507
0.002898169868009997
0.00289819409603572
0.002898254921170571
0.002898343348191024
0.002898440603824358
0.002898548361360616
0.00289866501277084
0.002898792451208435
0.00289894071830589
0.002899058224442972
0.002899134775150655
0.002899172315101669
0.0028991761463481
0.002899154693374578
0.002899118858223586
0.002899093941858716
0.0028990783996495862
0.002899069089401469
0.002899063529551335
0.0028990597745821873
0.002899057134779874
0.002899055149412027
0.0028990527319808887
0.002899051972318237
0.002899049382815126
0.002899045506143752
0.002899041549185314
0.002899035153393137
0.002899030753209645
0.002899026681478907
0.002899022380854003
0.002899016337864809
0.0028990098203446326
0.002899001907480121
0.002898991707585696
0.0028989791376400577
0.0028989631121015473
0.002898948338767932
0.002898934330153427
0.002898923269309833
0.002898913927825494
0.002898905464137428
0.002898897437815068
0.002898889334805636
0.002898880193831898
0.0028988729022227542
0.002898866018572031
0.002898860841157063
0.002898856722535551
0.002898853419953325
0.002898851004200404
0.0028988500142949473
0.0028988514486650878
0.002898855545782067
0.002898860156555159
0.002898870873311574
0.002898889801558808
0.002898917812308682
0.002898947113063934
0.002898983912878386
0.002899016824840983
0.002899051277460123
0.0028991004468710327
0.002899155367355003
0.0028992309085444957
0.002899339598862202
0.002899500918176991
0.002899689695895684
0.002899865757675998
0.002900024152101265
0.00290006856062229
0.0029000690793875698
0.002900070108656293
0.002900071975552462
0.002900073138011091
0.002900073152098679
0.002900073345211022
0.002900072784970442
0.002900072142107637
0.002900071175236822
0.0029000692269108663
0.002900065380022638
0.002900058387579259
0.002900051711795048
0.002900044479562849
0.002900036269311703
0.0029000267179408678
0.0029000129016838907
0.0029000021830201898
0.002899994975164479
0.002899989859762623
0.002899987281542029
0.002899989001405494
0.002899998046964498
0.002900013972125781
0.0029000350816909683
0.002900059032970586
0.002900083530440053
0.002900124303131269
0.002900161611224182
0.002900211394181726
0.002900266865158945
0.0029003310065832317
0.0029004080133750282
0.002900502249562891
0.002900621601783838
0.002900780038584624
0.002901007316050903
0.0029013670888563842
0.002901810761647782
0.0029020581923990037
0.002902058532200258
0.002902059175083232
0.0029020597939340372
0.0029020591639570318
0.002902057914712017
0.002902055866417434
0.002902054336528562
0.002902052303206929
0.002902048735066247
0.002902042425837414
0.0029020356302386367
0.002902028934189577
0.002902023427270318
0.002902020061394776
0.0029020197628723907
0.002902021980811068
0.002902028462949623
0.002902037399948488
0.002902048557007875
0.002902063567328052
0.00290208137847027
0.002902100791517031
0.002902118031317128
0.0029021335298191793
0.0029021485164765527
0.002902164552235128
0.0029021801924100903
0.002902196028610271
0.002902208891706021
0.00290221951348987
0.002902228794911161
0.002902237238248281
0.002902245545580372
0.002902254742495187
0.0029022692021955583
0.002902280208247041
0.002902289109428104
0.0029022981052660686
0.002902307677737255
0.002902319211685213
0.002902333370710576
0.0029023507616303596
0.002902365268740625
0.0029023803210619643
0.0029023937520043504
0.002902406700778086
0.002902420579205692
0.0029024371703531312
0.002902457396534938
0.0029024774916883
0.002902494747667331
0.002902511856772024
0.0029025299970529763
0.002902550828291581
0.002902575498354693
0.002902606975425014
0.002902649450144782
0.00290270814380025
0.002902765936082851
0.0029028213487784908
0.002902872702287576
0.00290291806176555
0.00290294589742396
0.00290296049057431
0.002902960633529422
0.002902960973245285
0.002902962717540101
0.002902965797697193
0.002902971285171013
0.002902979570791566
0.0029029889204792983
0.002902992998226934
0.002902998078041342
0.002903006773530587
0.002903020748435581
0.002903032428364689
0.002903043896813421
0.0029030540694049
0.00290306808824506
0.002903079671381876
0.0029030878035353
0.0029030940615596447
0.00290309787171653
0.0029030995066120007
0.002903098966667927
0.002903095863412051
0.002903088314176071
0.002903076785151156
0.002903064417619557
0.00290305039991136
0.0029030333927730348
0.002903012033747758
0.002902983260591369
0.0029029451700762652
0.002902915906581168
0.002902862898791748
0.002902800162039112
0.0029027286469195087
0.002902649724368731
0.002902560174143489
0.0029024567164300237
0.0029023373712686
0.0029022007590435
0.002902045092185218
0.0029018680900042707
0.002901667704298213
0.002901443284486012
0.002901198384201081
0.002901033991304325
0.002900941020062075
0.002900905340152383
0.0029008923560110457
0.002900886098547159
0.0029008799834059724
0.002900879661875077
0.0029008793165043118
0.0029008789778221912
0.002900878726725595
0.0029008783832235128
0.0029008779185319996
0.002900877349319972
0.002900877353680323
0.0029008781756281387
0.002900879897203352
0.002900880749189813
0.002900882007257964
0.002900883271336526
0.002900886134578542
0.002900890802155502
0.002900896615859164
0.002900903051326721
0.0029009088873976573
0.002900917490463263
0.002900925395084689
0.0029009321715664747
0.0029009359284743502
0.0029009396993553388
0.002900941029713774
0.002900942529040973
0.00290094197783231
0.002900940941547409
0.002900938891304103
0.002900935296604782
0.002900931782760392
0.002900926154985582
0.002900920101021304
0.002900913683598167
0.002900908750284771
0.002900903977433599
0.0029008973980669942
0.002900891729715991
0.002900885615368624
0.002900879390671475
0.0029008719423179
0.002900863440019961
0.002900852499610917
0.0029008381201774953
0.002900826554290795
0.00290081668349924
0.00290080742800433
0.002900799376705085
0.002900791202097878
0.002900782149376691
0.0029007702197196613
0.002900761313365274
0.002900751960624261
0.002900743535265262
0.0029007357486211588
0.002900728049429266
0.002900720182739098
0.0029007110192819747
0.002900701310792907
0.002900683814135718
0.0029006709697097927
0.0029006603211587808
0.002900649375583514
0.002900637651273342
0.002900623475155479
0.002900605244272051
0.002900582184718997
0.002900549057739351
0.002900498479246041
0.0029004126040879357
0.002900271326268513
0.0029001185570977812
0.002899955562691384
0.0028997809286130287
0.002899595521969002
0.002899398917938302
0.002899242062822449
0.0028990607623519222
0.002898930878910765
0.002898818965489626
0.002898681138920233
0.002898471224817395
0.002898266559089663
0.0028980818001945754
0.0028980211401182527
0.002898020258474745
0.002898018495050917
0.00289801637503917
0.002898014357597018
0.002898012392277468
0.0028980110221112393
0.002898009990701524
0.002898008829197119
0.002898007378944569
0.002898005307605238
0.002898003217911308
0.002898000816069316
0.0028979979300255607
0.002897995196525322
0.002897992480182098
0.002897989373401343
0.002897985654240068
0.002897980315312523
0.002897974145656153
0.002897966627993152
0.002897953009931272
0.0028979460624325207
0.002897940789775437
0.002897914622883217
0.002897862541767387
0.002897811618200804
0.0028977631512616528
0.00289771338691869
0.0028976772863701992
0.002897641991047808
0.002897625881776477
0.002897610661155394
0.0028975970184755818
0.002897579630260901
0.002897567851893881
0.0028975558588150807
0.0028975405680086307
0.002897519280894516
0.0028974927215239497
0.002897472585733118
0.002897458344209211
0.002897449593803382
0.002897446493593528
0.002897449271682536
0.002897458332796979
0.002897470314575773
0.0028974826362177727
0.002897494508547114
0.002897505606759813
0.002897516012132951
0.0028975257564380253
0.002897535087528466
0.002897544047119573
0.002897552814193691
0.002897561455821532
0.002897570148409693
0.0028975790684999
0.002897588381167681
0.002897596046796428
0.002897602468891146
0.002897608430308466
0.0028976145062496357
0.0028976215852422786
0.0028976286165732132
0.002897635051459233
0.00289764079011568
0.0028976460183977
0.00289765112685036
0.002897656526680112
0.002897663271396898
0.002897671090176087
0.002897677076233034
0.002897682451348504
0.002897687892215786
0.0028976936834106963
0.002897698912586996
0.00289770359305115
0.002897707992778051
0.0028977108928248912
0.0028977122507433412
0.002897712963789241
0.002897712484249482
0.0028977110954849714
0.0028977076145342757
0.002897704152544522
0.002897699998769784
0.002897694726056707
0.00289768851513432
0.002897674440801865
0.0028976591749179173
0.002897642829115748
0.002897627647435725
0.002897614698541955
0.0028976034246578747
0.00289759479580603
0.0028975900323867437
0.0028975902133841582
0.002897592727617351
0.0028975988669980297
0.002897620436852638
0.002897655054748373
0.002897700532903153
0.002897757251876546
0.002897822657355687
0.0028978923689025257
0.002897966024425749
0.0028980456572579197
0.002898136047971717
0.0028982395987866383
0.00289831891815176
0.002898393234451535
0.002898462986257713
0.002898553910307811
0.0028986637524321
0.002898717238154394
0.0028987679717273978
0.0028988219882654463
0.002898879524939901
0.002898953478439906
0.002899027542026055
0.002899096784569997
0.0028991625387465338
0.002899228632647276
0.002899299829392884
0.002899383337349219
0.002899486382871421
0.002899617846021246
0.002899791129288612
0.002900029672335309
0.002900325490521733
0.002900517788135124
0.002900518944118731
0.002900521268123252
0.00290052353737316
0.002900526272801358
0.00290052925606811
0.002900531679684181
0.0029005344337316528
0.002900536613326593
0.002900539158824949
0.002900542415688295
0.002900548395671246
0.0029005568039996653
0.0029005638433112907
0.002900574248611436
0.0029005849339714222
0.002900599677430656
0.00290061303746233
0.002900624776370245
0.002900638587451234
0.002900648328410296
0.002900657113824836
0.002900662179527136
0.00290066443518584
0.002900661243496114
0.0029006548101286273
0.002900641619509626
0.002900621380343276
0.0029005934327454427
0.0029005847138690952
0.002900565675455308
0.002900546433076944
0.002900524750708354
0.002900494875902564
0.002900466655454443
0.002900438427554068
0.002900405525040838
0.002900344866788012
0.002900275076587781
0.002900222534791175
0.002900156665709367
0.0029000964490878338
0.002900040116364309
0.002899968151546182
0.0028998965518705583
0.002899829642553044
0.002899747601640484
0.002899683341822258
0.0028996165878663973
0.002899487999076987
0.002899334860672988
0.0028991598401190933
0.002898963192508735
0.002898778027281871
0.002898598242227215
0.002898431738676207
0.0028983266994364433
0.002898249475362668
0.002898168803718671
0.00289810982506151
0.002898092450438778
0.002898091943184721
0.002898090929874142
0.002898088908993836
0.0028980870722456788
0.002898084750714943
0.002898083287642546
0.002898082557690828
0.002898081828793244
0.002898081332004409
0.002898080916554478
0.002898080086607339
0.002898078852848085
0.002898077170878819
0.002898075572346537
0.002898074082960541
0.002898072480912064
0.002898070682162868
0.002898068961472467
0.002898067119114273
0.0028980649734330873
0.002898062576196239
0.0028980602270485324
0.002898057918091042
0.0028980553295953992
0.0028980532333087957
0.002898051326612216
0.002898049375984113
0.002898047142781609
0.002898043376617667
0.002898040468917007
0.002898037992299083
0.0028980353942664057
0.002898032527944259
0.002898028985110105
0.002898024198879849
0.0028980176345876863
0.002898007007528686
0.002897996358767351
0.0028979876684257356
0.002897978111437835
0.002897966597155373
0.0028979579978021526
0.0028979492679120328
0.0028979378058941294
0.002897921648904444
0.0028978914217123878
0.002897852577484233
0.002897806253637665
0.002897760276133533
0.002897718979121877
0.0028976822382352813
0.002897650131653769
0.002897642024782484
0.0028976419789197793
0.002897641887283355
0.002897641704436229
0.00289764148883105
0.002897641227346163
0.002897641015676157
0.002897640910142044
0.002897640857449723
0.002897640804807647
0.002897640759931399
0.002897640715079364
0.002897640625476738
0.002897640446701153
0.002897640199285702
0.002897639892471253
0.002897639551963484
0.0028976391797172433
0.002897638786785185
0.002897638353403946
0.0028976378615413207
0.0028976372925791968
0.002897636619685084
0.0028976358737867838
0.002897635056448229
0.0028976341459311977
0.002897633136819685
0.002897631916067108
0.002897631148246452
0.002897630435679233
0.0028976296569880283
0.002897628888792548
0.00289762821234426
0.002897627417450521
0.002897626378103782
0.002897624908365603
0.002897624154667827
0.002897623410881684
0.002897622765380292
0.002897622214424539
0.002897621684633317
0.002897621132674038
0.0028976204541952552
0.002897619787625967
0.002897619091892703
0.0028976184202126527
0.0028976176952713
0.002897616838576326
0.002897615710389474
0.002897614189421496
0.002897613027014398
0.002897611891787447
0.0028976108535851658
0.002897609630498798
0.002897608512726334
0.0028976080270237867
0.002897608720573704
0.002897610534938824
0.002897614724473635
0.0028976229240172888
0.002897636721977821
0.002897653423331186
0.002897673287440675
0.00289769655229181
0.002897723639506647
0.002897756623821593
0.0028977959338346367
0.002897847822762329
0.002897912227047753
0.002897971793435802
0.002898026317268494
0.002898026419533322
0.002898026335816462
0.002898026523122861
0.002898026667829266
0.002898026790239061
0.002898026992514191
0.002898027339850069
0.002898027967505032
0.002898028876598733
0.002898029614871505
0.002898029761798562
0.0028980300194719646
0.002898030224201836
0.002898030628196286
0.0028980314017035447
0.0028980321481250778
0.0028980327454457707
0.00289803319122632
0.002898033387524623
0.002898033207418302
0.002898032702799066
0.002898031913589146
0.00289802981801125
0.002898028724392824
0.002898025596097934
0.002898022008850907
0.0028980185746533067
0.0028980156901568673
0.002898012012492687
0.002898008944156773
0.002898005384189714
0.0028980036945391602
0.002898002287329175
0.002898001997175683
0.002898001659781593
0.0028980027518582707
0.002898004170158371
0.002898005393840069
0.002898008435884977
0.0028980126080626082
0.002898018688875379
0.0028980250289520207
0.002898030621132496
0.0028980358457654357
0.002898040824351083
0.002898045737550403
0.002898051415978434
0.0028980589297188638
0.002898064572182783
0.002898069808527976
0.002898075478496523
0.0028980803485456914
0.002898085203049761
0.0028980902351749167
0.002898095765695737
0.002898102616626261
0.002898109315718929
0.002898116800011254
0.0028981235095797563
0.002898130170598368
0.002898137357618261
0.002898145498379369
0.002898155430638026
0.002898167768006821
0.00289818418568483
0.002898207419300859
0.00289824356455748
0.002898308257875325
0.002898383535992716
0.0028984615794305888
0.002898543237771025
0.002898628123418832
0.002898716213735291
0.002898806879422087
0.0028988985979835997
0.002898989260850632
0.002899076359880477
0.002899157194018392
0.0028992246468667
0.002899224853271346
0.002899225264767292
0.002899226054738086
0.002899226645096355
0.002899226971888449
0.002899226907040586
0.002899226561935694
0.0028992262416733068
0.0028992257957714688
0.002899224521133041
0.002899221962104833
0.002899217016441489
0.0028992065287900353
0.002899195885195677
0.0028991804415236812
0.002899161072008947
0.0028991367745558093
0.0028991087229316014
0.0028990848282733
0.002899065964594173
0.0028990562847477767
0.00289905674016552
0.002899068339930152
0.002899090238640529
0.002899123941481686
0.002899162119563815
0.0028992024892146857
0.002899251359418351
0.002899303644983283
0.002899345408976427
0.002899389399140755
0.002899446693496013
0.00289952853795559
0.002899685433079535
0.002899908428858257
0.002900214015350925
0.002900557185069896
0.002900917306415552
0.00290127788270745
0.002901587214037572
0.002901855580264674
0.002902023344829252
0.0029020242324725703
0.002902025941376285
0.002902028052219071
0.00290202881895702
0.002902029329521025
0.0029020294567172807
0.002902029484219435
0.002902029427279461
0.002902029198082261
0.002902028990365959
0.002902028918111886
0.002902029544188914
0.002902030866513639
0.002902033148053235
0.002902037095720405
0.002902042785054678
0.0029020501354248486
0.002902058403351867
0.0029020673675446093
0.002902077259118805
0.002902088061230617
0.002902100682831799
0.002902115594257198
0.002902134414371288
0.002902160722129049
0.002902205894596307
0.002902282876156863
0.0029023704854504633
0.0029024714370525406
0.0029025266159523437
0.002902535496984987
0.002902535533948249
0.0029025356095444574
0.002902535814853065
0.00290253645609851
0.002902537658530782
0.002902539998200556
0.002902544509973929
0.002902551091070721
0.002902552455977676
0.002902555310764727
0.00290256160512114
0.002902569508456408
0.0029025776362492342
0.0029025876448747203
0.002902596605149307
0.002902603281146527
0.002902608252790612
0.0029026127756219067
0.0029026167650441433
0.0029026210029619408
0.002902623671704254
0.00290262596722728
0.002902627502821285
0.002902628507741172
0.002902629049000728
0.002902629277150526
0.002902629288390834
0.002902629128066775
0.002902628786227129
0.002902628083553249
0.002902626779136441
0.002902625898416371
0.0029026247923880717
0.002902623429740868
0.002902621770090423
0.002902619449032748
0.002902616710726583
0.002902613834690276
0.002902610818017995
0.002902607419935514
0.002902602704170742
0.002902598840426716
0.002902595873640511
0.002902593149676327
0.002902590563459275
0.00290258785338008
0.002902584633273903
0.00290258067677013
0.002902576678483962
0.002902573183534085
0.0029025696667603277
0.002902565836321736
0.002902561388733062
0.002902555809841733
0.002902548366180828
0.002902538401883524
0.002902523241666349
0.00290250449766305
0.002902485027426195
0.0029024642607860312
0.002902441459300874
0.002902415060176456
0.002902389310425744
0.002902361648331058
0.002902339442977674
0.002902322822305643
0.00290230598294101
0.002902286337935022
0.0029022585945470383
0.002902236829496092
0.0029022142665470004
0.002902189648047566
0.002902160480525102
0.0029021219201257747
0.002902066383707927
0.00290202362929418
0.002901986580375053
0.002901916232904086
0.002901842856669523
0.002901777310140535
0.002901714675116174
0.002901655258184285
0.002901580252363029
0.002901503812565369
0.0029014008662511547
0.00290130197032755
0.002901214663954421
0.002901139713629838
0.002901132291973007
0.002901132164514418
0.00290113190927358
0.0029011313786191373
0.002901130826779961
0.002901129659699733
0.002901127062850976
0.0029011217502262743
0.002901115897996191
0.00290111426107563
0.002901110577771336
0.002901106195007926
0.002901096624357592
0.002901085837524305
0.002901075720937149
0.0029010654024914824
0.002901055191228014
0.002901043193836295
0.002901029343015864
0.002901015191670642
0.002901003453840047
0.002900992081552652
0.002900981118165315
0.0029009701755229023
0.002900960242884957
0.002900953699658637
0.002900949277298262
0.002900945591978988
0.002900941372682502
0.0029009376183540283
0.002900935536803196
0.0029009337295258413
0.0029009321876747683
0.002900930956294283
0.0029009302018245357
0.002900931435106428
0.002900933648377063
0.0029009360130089817
0.002900938448350692
0.002900941010644304
0.002900943938504249
0.0029009486446630274
0.0029009524020335953
0.002900955717367415
0.002900958751675802
0.002900961596294844
0.00290096439968265
0.002900967290923473
0.002900970632755851
0.002900975572987583
0.002900980261997038
0.0029009839761403146
0.002900987645606636
0.002900991622815209
0.002900996211176593
0.002901002017415303
0.002901009545579393
0.002901020103686066
0.002901032389433296
0.002901042719710823
0.0029010516836301473
0.002901060099945342
0.002901068807527496
0.002901080619571456
0.002901091097917395
0.0029010985597427708
0.0029011051174848393
0.0029011112238664883
0.002901117224411361
0.002901123655119146
0.00290113151327854
0.002901138631747414
0.002901146776349789
0.002901154117162883
0.002901161421236843
0.002901169349293502
0.00290117837746469
0.002901189464885067
0.002901203352252394
0.002901222103397566
0.002901249201618511
0.002901292717541098
0.002901356787014594
0.002901447419306246
0.002901545817072414
0.002901652259557885
0.002901768281540377
0.002901894431259199
0.002902031680222732
0.002902179666179979
0.002902336620290601
0.002902500693384521
0.002902668674265021
0.002902838070434804
0.002902882664600227
0.002902965880032762
0.002903065064967004
0.0029031328645382198
0.002903207015873159
0.002903265993703506
0.002903329839279872
0.002903426297075286
0.002903506936664963
0.002903507121678287
0.0029035074985073513
0.002903508469509274
0.002903509913486022
0.002903512093523726
0.002903515929109142
0.002903522850629246
0.0029035322591256683
0.002903543789668385
0.00290355981613158
0.002903571813943896
0.002903577727340333
0.0029035842939162497
0.002903588749021934
0.002903592960535515
0.002903601382632536
0.002903615256718795
0.0029036291881715777
0.002903646639325205
0.002903663919379876
0.0029036833420257382
0.002903707877462383
0.002903729041613721
0.002903749319460582
0.0029037621370451103
0.0029037678233691157
0.00290376809752657
0.002903765089538683
0.002903759099758477
0.002903749343701085
0.002903738326644451
0.002903723879047692
0.002903709088462964
0.002903693146254957
0.002903673493718602
0.002903653083447164
0.002903632845609203
0.002903617499708261
0.002903603037140063
0.002903587491209954
0.002903572584951836
0.002903556343699129
0.002903540439125253
0.00290352264038067
0.0029035021509551478
0.002903476701100449
0.0029034421642243928
0.002903405812094978
0.002903376576145833
0.0029033511836668857
0.002903327013591188
0.002903301902948738
0.002903278101683027
0.002903251194071069
0.002903230211131437
0.0029032118603269353
0.0029031938377506532
0.00290317615972793
0.002903156185812145
0.002903128494204053
0.002903097618476689
0.002903074126405268
0.00290305197818624
0.002903028177115255
0.002903001095923464
0.00290296703453401
0.002902922853405185
0.0029028614704764383
0.0029027783659802153
0.002902680174248271
0.002902552918491323
0.0029023716311817158
0.002902091336372223
0.002901790601433919
0.002901474099945045
0.002901139855419885
0.002900790688306135
0.002900426937684016
0.002900052390900536
0.0028996735419718096
0.002899298664994202
0.002898937370826347
0.002898597681649497
0.0028983330355410123
0.002898331767729623
0.002898329229932561
0.0028983241755008242
0.002898320576403041
0.00289831851635026
0.002898316461938487
0.0028983152179256058
0.0028983138363868712
0.0028983120661200882
0.002898309019779679
0.002898306806215022
0.00289830458127708
0.002898301717818963
0.002898298039985166
0.002898295018020286
0.002898291907648347
0.002898288462632835
0.002898284155598626
0.002898278008521863
0.00289826798933993
0.00289825036349209
0.002898225505375446
0.0028981826723991533
0.0028981052239563728
0.002897978020030307
0.002897803686704462
0.00289766998232797
0.0028976476094215576
0.002897647537348002
0.002897647393402098
0.0028976471064691223
0.002897646867447409
0.002897646617831693
0.002897646421498763
0.002897646323568724
0.002897646225795746
0.002897646155326729
0.0028976460838445912
0.002897645942304595
0.002897645705436918
0.002897645490503837
0.002897645260868511
0.002897644983847917
0.002897644642674354
0.0028976442580164823
0.0028976438450309377
0.002897643370771032
0.002897642741224464
0.00289764183814175
0.002897640074247509
0.00289763719358722
0.002897633203522791
0.002897626102249678
0.0028976147815570207
0.002897600099323907
0.002897590247420429
0.00289759023790967
0.002897590218933625
0.0028975901812000452
0.002897590159828531
0.002897590138786953
0.002897590129188175
0.0028975901160710592
0.002897590095797428
0.002897590072567587
0.002897590047086869
0.002897590018103417
0.002897589983199365
0.002897589945695589
0.002897589899881939
0.002897589841649509
0.002897589767221808
0.002897589655923152
0.002897589443320503
0.0028975891072663463
0.00289758860056116
0.0028975877782980307
0.0028975866848461552
0.002897585899860919
0.002897585899195591
0.0028975858978677388
0.002897585854891748
0.002897585883747552
0.002897585880112816
0.002897585878375524
0.002897585877706402
0.002897585877430648
0.002897585877082247
0.0028975858766169178
0.002897585875995432
0.002897585875304268
0.0028975858745258973
0.002897585873681669
0.002897585872845194
0.002897585871888301
0.002897585870646263
0.002897585868939084
0.0028975858665916143
0.002897585862800246
0.002897585856538851
0.002897585845263344
0.0028975858258197943
0.0028975857934551348
0.002897585746240191
0.00289758569752254
0.002897585697457304
0.002897585697327158
0.0028975856971402932
0.002897585697047198
0.00289758569695439
0.00289758569689032
0.00289758569682064
0.002897585696727913
0.002897585696604131
0.002897585696473615
0.0028975856963200553
0.0028975856961662967
0.0028975856959866228
0.00289758569574159
0.00289758569546625
0.002897585695140626
0.002897585694716887
0.0028975856940781962
0.0028975856928422313
0.002897585690973379
0.002897585688105084
0.0028975856833932468
0.002897585676984
0.0028975856719151132
0.0028975856719106966
0.002897585671902143
0.002897585671884929
0.0028975856718721047
0.002897585671864947
0.002897585671857755
0.002897585671853688
0.002897585671848584
0.0028975856718407547
0.002897585671830823
0.002897585671821084
0.002897585671810516
0.002897585671798804
0.002897585671787668
0.0028975856717763492
0.002897585671762802
0.002897585671744919
0.002897585671724008
0.002897585671698217
0.002897585671664048
0.002897585671610845
0.002897585671522581
0.002897585671345293
0.002897585671020169
0.0028975856709648543
0.002897585673296089
0.00289758568487613
0.002897585704187675
0.002897585704270731
0.002897585704436537
0.002897585704596756
0.002897585704756362
0.0028975857048382397
0.00289758570493256
0.00289758570506773
0.002897585705239885
0.002897585705424703
0.0028975857056262218
0.002897585705892893
0.002897585706186163
0.002897585706491941
0.002897585706866003
0.0028975857073625304
0.002897585708347399
0.0028975857098365388
0.002897585711854217
0.002897585715251844
0.002897585719309662
0.002897585720256906
0.0028975857174680622
0.0028975857174489677
0.002897585717410861
0.0028975857173598337
0.00289758571733425
0.002897585717308959
0.002897585717289813
0.002897585717269676
0.002897585717240062
0.002897585717196618
0.0028975857171546666
0.002897585717105702
0.002897585717050279
0.002897585716987925
0.00289758571691098
0.0028975857168125753
0.002897585716664362
0.002897585716378978
0.0028975857159681123
0.002897585715286435
0.002897585713839306
0.002897585710416641
0.002897585703366007
0.002897585701043064
0.00289758570102886
0.002897585701000596
0.002897585700969857
0.0028975857009384902
0.002897585700915055
0.002897585700891575
0.002897585700877745
0.002897585700861332
0.002897585700837776
0.002897585700807793
0.0028975857007769077
0.002897585700741456
0.002897585700705255
0.002897585700663006
0.002897585700611106
0.0028975857005515628
0.002897585700475365
0.002897585700363318
0.002897585700197539
0.002897585699902061
0.0028975856994129102
0.0028975856985794793
0.0028975856976174797
0.002897585697862671
0.002897585700102098
0.002897585700126726
0.002897585700156952
0.0028975857001870943
0.00289758570021157
0.002897585700231324
0.002897585700256007
0.0028975857002925
0.002897585700331262
0.002897585700371047
0.002897585700416461
0.002897585700477814
0.002897585700576678
0.002897585700727573
0.002897585700949398
0.002897585701375757
0.002897585702286994
0.002897585704400785
0.0028975857081512332
0.002897585708157375
0.00289758570816973
0.0028975857081862903
0.002897585708202061
0.002897585708215568
0.002897585708228942
0.002897585708235137
0.002897585708242623
0.002897585708257526
0.002897585708274638
0.002897585708289377
0.002897585708306487
0.002897585708327158
0.002897585708349788
0.002897585708375495
0.002897585708405852
0.002897585708444957
0.002897585708503643
0.0028975857086169393
0.00289758570880178
0.002897585709078924
0.0028975857095147497
0.002897585709761804
0.0028975857086205098
0.002897585706614092
0.00289758570660634
0.002897585706590879
0.0028975857065664276
0.002897585706554273
0.002897585706542047
0.00289758570653464
0.00289758570652626
0.002897585706514649
0.002897585706498202
0.002897585706482655
0.002897585706467029
0.002897585706450692
0.0028975857064323807
0.0028975857064117263
0.002897585706387513
0.0028975857063561444
0.00289758570631678
0.002897585706263422
0.002897585706188458
0.002897585706082108
0.002897585705929336
0.002897585705696065
0.002897585705367777
0.0028975857051938203
0.002897585707299156
0.002897585717030352
0.00289758574792016
0.00289758577443117
0.00289758577461194
0.002897585774972402
0.0028975857752948646
0.00289758577552793
0.002897585775706791
0.002897585775885569
0.00289758577611119
0.002897585776414805
0.002897585776742886
0.0028975857771178317
0.002897585777510705
0.002897585777971186
0.002897585778604511
0.002897585779435001
0.0028975857803899183
0.002897585781465803
0.002897585782656504
0.00289758578395431
0.002897585785369642
0.002897585786835729
0.0028975857884467613
0.002897585790436477
0.0028975857932908838
0.002897585797837836
0.002897585805588712
0.002897585820534759
0.002897585850849271
0.002897585926519008
0.0028975860951968497
0.002897586156310233
0.002897586156886968
0.0028975861580387992
0.002897586159780427
0.002897586160648591
0.00289758616151502
0.002897586162085048
0.002897586162678981
0.0028975861636077087
0.002897586164911867
0.0028975861661424108
0.002897586167508468
0.0028975861690845673
0.002897586170886752
0.002897586173170315
0.002897586175567702
0.0028975861783725222
0.002897586181733008
0.002897586186158665
0.002897586192916549
0.0028975862008588757
0.002897586209329212
0.0028975862182230717
0.0028975862276059776
0.002897586238563248
0.002897586255196643
0.002897586284960232
0.002897586339632318
0.0028975864382206093
0.002897586626914207
0.00289758701696616
0.002897588365351816
0.002897590359155494
0.002897592809924212
0.002897596238761787
0.002897601272518922
0.002897608856193878
0.0028976202243491383
0.0028976376688693672
0.002897657161841782
0.002897661397894762
0.002897661758263402
0.002897662477194228
0.002897663344724177
0.002897663700764343
0.002897664120223919
0.002897664767236175
0.002897665693374922
0.002897666539656533
0.0028976674544960853
0.002897668561417698
0.0028976699439386723
0.0028976714255600287
0.002897673079763304
0.002897675021376419
0.002897676973523744
0.002897678644655313
0.00289768010778292
0.00289768145247456
0.002897682813841717
0.0028976839576918567
0.002897684821357581
0.002897685456209009
0.002897685976469864
0.0028976864388728053
0.002897686791573925
0.0028976866376806847
0.002897686744475358
0.002897686449238773
0.0028976856120265793
0.00289768299729933
0.002897678871649909
0.002897673307441902
0.002897667030338922
0.002897660172826093
0.002897653410945397
0.00289764878977243
0.002897651780437166
0.002897663765981092
0.002897683875769248
0.00289771247010138
0.002897748158440372
0.0028977925036401007
0.002897845016047651
0.002897904567962825
0.002897967780139192
0.002898038030190075
0.002898116652666697
0.00289820973596686
0.00289832511495654
0.002898468036070856
0.002898583236940208
0.002898693342391091
0.0028987700420938186
0.0028988525594547507
0.002898933382468214
0.002899012377197064
0.002899119608152981
0.002899236854878018
0.002899297539868776
0.002899298377130874
0.0028993000442491647
0.00289930156375004
0.0028993033707812622
0.00289930439032032
0.0028993053630587138
0.002899306021133012
0.0028993067040931093
0.002899307397429279
0.0028993080538468603
0.002899308449440184
0.002899308213397822
0.002899307080918777
0.002899304194903531
0.0028992973322593263
0.002899291390286671
0.002899281734979768
0.002899270742184803
0.002899260851652637
0.002899254485887392
0.002899253110869354
0.002899258083130947
0.002899267850618419
0.002899279427339156
0.0028992900016886133
0.0028993003083782752
0.002899310468542826
0.0028993246650134367
0.002899335301727974
0.002899344810941328
0.002899353395724726
0.0028993650062880587
0.00289937595188423
0.0028993874292640278
0.0028993997030288413
0.002899411325709767
0.0028994212424373537
0.002899429890936791
0.002899437698355126
0.002899445109996803
0.002899452661429225
0.002899461579874956
0.002899467379381333
0.0028994739741869838
0.0028994795380752002
0.002899484426093638
0.002899489322320942
0.0028994946789867022
0.002899501114375335
0.002899507726464843
0.002899514164260647
0.0028995204078228957
0.002899527035667154
0.0028995345772970553
0.002899543585849019
0.002899551947784068
0.002899560356817436
0.00289956934439264
0.0028995789843586973
0.0028995888058648118
0.002899598934110302
0.002899609445382967
0.002899619511118371
0.0028996273350726373
0.002899628998240482
0.0028996256137814743
0.002899622810757547
0.002899628573607611
0.002899650291204512
0.002899689773847166
0.002899754702970543
0.002899829141742334
0.002899900640439122
0.0028999658508743133
0.002900031490890094
0.0029001025997813143
0.002900182003104893
0.0029002698519383432
0.002900361882937142
0.002900433008003697
0.002900496671886285
0.0029005612499930526
0.002900635942531081
0.00290072398686073
0.0029008139442398637
0.002900893014957941
0.002900973358850838
0.00290106115581385
0.0029011667196580868
0.002901291756691906
0.0029014373675015893
0.00290162666628262
0.002901902843633859
0.002901991087786554
0.0029020933612380583
0.002902167559961824
0.002902227431485121
0.002902301294691435
0.002902355402008926
0.002902411053436556
0.00290248080916359
0.0029025699820739896
0.00290270613123798
0.002902883100292564
0.002903072025228476
0.002903287669166616
0.002903523271445617
0.002903676207634607
0.002903678040162999
0.002903681290696779
0.00290368299521751
0.002903682996940978
0.002903681092688697
0.002903676702995056
0.002903670922476622
0.002903663186217753
0.0029036543153815697
0.0029036322436634897
0.0029036052194954132
0.002903574303925752
0.002903548996984463
0.0029035307351549717
0.002903519977349582
0.002903517739517546
0.002903523970208435
0.002903536148844418
0.002903551977919038
0.002903578345229875
0.0029036026182997546
0.002903623766542808
0.0029036463667436387
0.0029036694377045876
0.002903701794924801
0.0029037327145983137
0.002903760481941188
0.002903787964114074
0.002903811380063495
0.002903842293771112
0.002903868951309336
0.0029038900429895383
0.002903909437517782
0.0029039283090654512
0.002903948305317368
0.002903972918803384
0.002903997865705827
0.002904023621380156
0.00290404702105026
0.002904070770533069
0.002904096720680814
0.002904127483923373
0.0029041648475212492
0.002904214098963193
0.0029042830488977
0.002904366555424197
0.002904486139235589
0.002904667674991377
0.0029048956901436256
0.002905133737348846
0.002905381383056952
0.0029056382087169607
0.002905902888649853
0.0029061602054533983
0.002906382427944688
0.0029065588305049
0.00290672360978799
0.002906882752496241
0.002907049235109759
0.0029072456104264027
0.0029073857420544463
0.002907386245702831
0.002907387126454708
0.002907386231632609
0.002907379585592412
0.00290736488105112
0.002907340449414499
0.002907305793640121
0.002907271871276598
0.0029072506526124334
0.002907218575579413
0.002907175094183805
0.002907128157332597
0.0029070672674772
0.0029070039138306453
0.0029069454768660672
0.0029068967593308
0.0029068529432572
0.002906829798012004
0.002906815108595579
0.0029068166804653473
0.002906829186057032
0.002906850766697754
0.002906878329128156
0.002906906093205152
0.002906937042500803
0.002906973811613049
0.002907014571936236
0.002907062188289302
0.00290711037396688
0.002907158121819031
0.0029072092464038583
0.002907268133060462
0.00290733919267154
0.0029074189737521112
0.002907488807266824
0.002907548225093487
0.002907592450809621
0.002907635981913267
0.002907672560449755
0.0029077098141729874
0.002907743782749058
0.002907790109156114
0.00290782295987424
0.002907852693498431
0.00290787841968044
0.002907900672341754
0.002907921630051667
0.002907942900011153
0.002907967249783635
0.002907991396395919
0.00290801714908391
0.002908037364333019
0.0029080547027710547
0.0029080708268642503
0.002908086573495295
0.002908103443303069
0.002908124648144105
0.002908144446469093
0.0029081647673672613
0.002908183664927592
0.002908202918131846
0.002908224119593651
0.002908248724285981
0.0029082784860202248
0.002908306897109998
0.002908330265825277
0.002908353083942487
0.0029083788890922647
0.002908407725517024
0.00290843768407758
0.0029084743637963623
0.002908521107010941
0.002908583989519071
0.002908661611232317
0.002908753406691653
0.002908864757655183
0.002908996626356144
0.00290913787577102
0.00290929286613279
0.002909432897688054
0.0029095735822771
0.002909763641488548
0.0029099416058128097
0.002910083522822081
0.002910230943561009
0.002910397477008677
0.002910611694420376
0.0029109281477867283
0.0029113497333206027
0.002911828461584479
0.002912353642388159
0.002912923187583474
0.002913044463771474
0.00291319599476449
0.002913284901640913
0.002913374154250694
0.0029134547403227243
0.002913533993773965
0.002913609495660092
0.002913693306274234
0.002913795253218153
0.002913917401064513
0.002914071824940983
0.002914283387848505
0.002914609006597314
0.002915202835830775
0.002915889736827635
0.002916694273828132
0.0029172710566647488
0.002917635461179239
0.002917937372898944
0.002918139381780236
0.002918141052926963
0.002918141832569475
0.002918135364953656
0.002918117890258107
0.002918084259261758
0.002918032659182114
0.0029179632010146767
0.002917854610156918
0.002917817590521289
0.0029177655610987097
0.002917711825080748
0.002917670429226422
0.0029176477168496823
0.0029176418870233587
0.002917650759955543
0.0029176734927656434
0.0029177023553778403
0.0029177355177781063
0.002917770713287003
0.00291780514151353
0.002917841490229443
0.002917882803325153
0.0029179333405560657
0.002917990140072598
0.002918056189772426
0.002918131869450708
0.002918211342803434
0.002918291578339915
0.0029183784086854497
0.0029184801570677097
0.00291860262582911
0.002918765070657937
0.0029189983737894338
0.002919252253762822
0.002919449300521316
0.002919630861904036
0.002919757997951834
0.002919877887072376
0.002919999770953835
0.002920148127666264
0.00292033428384579
0.002920499832351546
0.002920668530356208
0.00292090194637074
0.002921156049171641
0.00292158256330256
0.002921986147507416
0.002922348909214613
0.002922685849317035
0.002922973614841654
0.0029232568846499257
0.002923523509927181
0.0029238169936073657
0.002924129271151315
0.002924371516706577
0.002924588083613305
0.002924806391065564
0.002925049721759815
0.002925327561098577
0.0029256785085329698
0.002926146105307244
0.002926711536727605
0.002926714002033998
0.002926724260103628
0.0029267442327481
0.0029267763682827037
0.002926822994276146
0.00292688979577203
0.002926929455061579
0.002926967501847127
0.0029269913125586507
0.0029270115271576073
0.002927044998811863
0.002927067080077114
0.002927082931362076
0.0029270824181555507
0.002927070778509813
0.002927053833572944
0.00292703305419637
0.002927012920538465
0.002926988383049385
0.002926958600889016
0.002926922130211852
0.002926885783436315
0.0029268553687137352
0.002926828859125218
0.0029268043111627708
0.002926779759138599
0.002926751541802713
0.002926722450482608
0.0029266946202776037
0.0029266725345981613
0.0029266538562918967
0.002926637591260296
0.00292662299960218
0.0029266089312751397
0.0029265938824968437
0.0029265734719519064
0.0029265522845008957
0.002926536377669176
0.002926520976404748
0.002926504638092244
0.002926486007150197
0.002926462596168231
0.002926436086371873
0.002926403993193213
0.002926377146945973
0.002926348234774734
0.002926319691336379
0.002926290832408396
0.0029262640544994592
0.00292623752126977
0.002926209696003723
0.002926178807210249
0.0029261404471394277
0.002926095174967629
0.00292605282906454
0.002926015776711986
0.002925978773875873
0.00292593935831559
0.002925893486308328
0.002925839124523909
0.002925769611325485
0.0029256762715266353
0.002925593384440829
0.002925511336053392
0.00292540337264408
0.002925283331915587
0.00292508599534434
0.002924812778749375
0.002924534185115761
0.002924254206439263
0.002923975364485174
0.002923701337839983
0.002923434289862711
0.002923183719967425
0.002922963500707821
0.002922917064843187
0.002922916813925974
0.002922916745552207
0.0029229245094089854
0.002922946192747076
0.0029229880166261333
0.0029230542507890753
0.002923177026001761
0.00292327755659232
0.002923367030417504
0.002923435565329314
0.00292349943879068
0.002923519634183944
0.0029235449844930823
0.002923585395614333
0.002923645322774991
0.0029236985898096458
0.002923738518182367
0.002923767921220993
0.002923787571864652
0.002923799866751568
0.00292380784809991
0.002923812394216847
0.002923812587856056
0.0029238072780764022
0.0029238003046295
0.002923790178657049
0.002923777664210161
0.002923759806337344
0.002923734077813228
0.002923701404255989
0.0029236688179445623
0.00292363502385619
0.002923599046607084
0.00292355426871826
0.002923524012318463
0.002923490301514307
0.002923461045191847
0.002923434176377813
0.002923406358635198
0.0029233739175546732
0.002923319172183287
0.002923271106388044
0.002923228417613704
0.002923181742398002
0.002923127369328812
0.002923057660591141
0.002922958647482177
0.002922826465838116
0.002922661071734219
0.002922499458129817
0.00292238485019945
0.00292230049039287
0.0029222268288131978
0.00292215448962353
0.002922074776965652
0.002921983201413566
0.00292188796702026
0.002921786876159597
0.002921665471508959
0.002921565622289591
0.0029214548334650452
0.002921264009414949
0.002921217456194811
0.002921145939166977
0.002921097107738791
0.00292106104896279
0.002921030652947657
0.0029210047167133437
0.002920983576628814
0.002920962562791942
0.0029209381530299026
0.00292090697984364
0.0029208629983962908
0.0029208033033636693
0.002920750837814914
0.0029207022477114298
0.0029206404649824162
0.002920580088228266
0.0029205227874598222
0.002920456942326822
0.002920389943763085
0.0029203200450478757
0.002920227700565125
0.002920144148944243
0.002920064138895858
0.002919952600503252
0.002919865293593415
0.002919765063531086
0.002919613319913339
0.002919440497422787
0.00291930307586921
0.002919188949262676
0.002919073906002122
0.00291890340713673
0.0029187610781431818
0.002918640045360057
0.00291851173181308
0.002918366530888519
0.002918184335963068
0.0029179658420730916
0.002917776207693295
0.00291760333237601
0.002917426595901266
0.002917251211527216
0.0029170684731547798
0.002916932080759167
0.002916811621143828
0.002916691525896861
0.002916558626879803
0.002916373925464932
0.002916168594327844
0.0029160113514182617
0.002915856277391581
0.002915690598789664
0.002915494758484626
0.0029152532789276132
0.002914925628442163
0.002914450747787538
0.0029136895779993963
0.0029126155729929217
0.002911484874961512
0.0029103072425540203
0.00290923750251091
0.002907980222603218
0.002907159226801861
0.002906325530305706
0.0029052695110260733
0.002903967388815526
0.002902808537665903
0.0029019972504298933
0.002901995290502741
0.002901991373514195
0.002901983553250867
0.0029019765634848167
0.0029019646871306227
0.00290195275302748
0.002901941948511677
0.002901933637808083
0.0029019294910404884
0.002901925350066682
0.002901923434857718
0.002901920866039919
0.00290191738556619
0.002901914529607393
0.0029019111717652
0.0029019064107893657
0.0029019021470815197
0.0029018989034233843
0.002901895819600065
0.002901892776363857
0.0029018899702591998
0.0029018876675726
0.002901885676006985
0.0029018835693042713
0.0029018812988822447
0.002901878993945897
0.002901876876447005
0.002901874659822674
0.0029018721589588337
0.0029018691077751873
0.00290186503054862
0.002901859552606185
0.002901851586680301
0.0029018452796199918
0.002901841799645438
0.00290183851476197
0.0029018353914338933
0.002901831905086424
0.0029018290625492803
0.002901825587158397
0.002901822611081688
0.002901819930709305
0.002901817387085399
0.002901814977249494
0.0029018125957602056
0.0029018100475257822
0.002901806756823062
0.0029018039026497233
0.002901801100097878
0.0029017984064364597
0.002901795601518544
0.00290179244710404
0.002901788609732476
0.002901783825763398
0.0029017773464984653
0.002901767933321132
0.0029017526347200062
0.002901722356689825
0.0029016628076522742
0.002901573969270697
0.0029014651540066327
0.00290132970541328
0.002901163357419238
0.00290097182671615
0.002900765745942413
0.002900557969170851
0.00290034535941703
0.002900126372746027
0.0028999016387748983
0.0028996735078525688
0.0028994462645612353
0.002899225306141872
0.002899016588685412
0.002898825213798389
0.002898718491767144
0.002898718064767436
0.002898717211890456
0.002898715511455085
0.002898714596569796
0.002898713621059415
0.002898712264983228
0.002898711487856405
0.002898710705144714
0.002898710341350515
0.002898709898088446
0.00289870901075144
0.002898707839645151
0.002898706723966132
0.002898705448869388
0.002898703991406671
0.002898701991347337
0.0028986993877415227
0.002898696340781731
0.002898692381501883
0.0028986873896567817
0.002898680466172552
0.002898669895148702
0.002898651794946339
0.0028986283977305467
0.0028986039160477707
0.002898576709942192
0.002898547303590872
0.002898520136283894
0.002898505858630134
0.002898510136681641
0.00289852895445972
0.002898560161332156
0.002898602620750769
0.002898627942643927
0.0028986563614512902
0.002898677910905224
0.002898693713308467
0.002898706782817429
0.002898718484457227
0.002898730578808678
0.002898740165656688
0.002898750672097028
0.0028987587065782048
0.0028987656000175003
0.002898772446101636
0.002898780060706803
0.002898789252278362
0.002898798754902812
0.002898807207324954
0.0028988156901823938
0.002898824938154156
0.002898835667153236
0.0028988474231595707
0.00289885879651536
0.002898870581014849
0.002898883358730044
0.002898896969077038
0.002898911138529994
0.002898926156196784
0.0028989423757716398
0.002898959049780427
0.0028989740518038376
0.002898985285194637
0.0028989910570277238
0.0028990016433515023
0.002899026237598293
0.002899074410619885
0.0028991496893641527
0.002899246016370784
0.002899350288696624
0.002899464918561905
0.002899581876313727
0.00289970760276874
0.0028998585664681614
0.002900062877889636
0.002900393876842097
0.002900925698358277
0.002901157641685353
0.0029013423392141562
0.002901427709861181
0.0029015005032355487
0.002901571883512383
0.0029016305109385307
0.002901686891421851
0.0029017411110110383
0.002901799216132583
0.002901867418091651
0.00290194809171698
0.002902053764960606
0.002902218539176204
0.00290249920170435
0.002902729327373109
0.002902941253161582
0.002903158250903613
0.002903402251832798
0.0029036531245207184
0.002903655399117132
0.002903656692109361
0.002903657882476242
0.002903660288708688
0.002903663769203827
0.002903668160633375
0.0029036747804718818
0.002903680942170329
0.0029036837028725147
0.002903688356308918
0.002903696633192415
0.002903706433086111
0.002903717260318991
0.002903731458783187
0.0029037455998293512
0.0029037584712824677
0.002903770679253849
0.0029037827898815614
0.002903793860596928
0.002903798774799877
0.002903795782915483
0.002903786234526529
0.002903770757328824
0.002903749498139237
0.002903721727402701
0.002903685252261254
0.002903635467227843
0.002903598628776676
0.002903565996902727
0.0029035256609934532
0.0029034968682044087
0.002903488751674056
0.00290348032532363
0.002903474891477252
0.002903470693859041
0.002903468285106608
0.002903467840955742
0.0029034693846194523
0.002903471737576571
0.002903473970178949
0.002903474925479047
0.0029034713733949733
0.002903458541686778
0.002903433740294322
0.002903396872516627
0.002903359169379995
0.0029033040039192267
0.002903260978365539
0.0029032225642899472
0.002903167229055534
0.002903124473096917
0.0029030744549468127
0.002902997963421632
0.002902875793423834
0.002902740025761325
0.00290259018522204
0.002902425773102084
0.002902248339480999
0.0029020579243264227
0.002901856126563317
0.002901646031270304
0.002901432247848714
0.002901219417170467
0.0029010127742376012
0.00290101151552467
0.002901010736146271
0.002901010057577113
0.002901008702117939
0.002901006508208989
0.002901004243933547
0.002901001582403267
0.002900998256533405
0.002900994980568599
0.002900994565172877
0.002900993945496159
0.002900993513801521
0.0029009927222566033
0.0029009912738299803
0.0029009897598127857
0.002900986533845678
0.002900987031296549
0.00290098616904278
0.002900985817439937
0.002900986145309894
0.002900986653782712
0.0029009882631889122
0.002900989249719162
0.002900990770997681
0.002900991765661741
0.002900992856484068
0.002900993746840121
0.00290099336296787
0.002900993248353377
0.00290099122352164
0.002900989026741108
0.002900984886684778
0.00290098228146669
0.0029009789468192712
0.0029009755445243593
0.002900971326818329
0.0029009670659535473
0.002900962571160541
0.0029009565728233032
0.002900950174132382
0.002900941054674921
0.0029009279556896747
0.0029009143042880233
0.002900903366402404
0.002900893253305131
0.002900882543013052
0.002900870549793311
0.002900861375961988
0.0029008514254397983
0.002900842546081178
0.002900834387745709
0.002900825743883099
0.002900817110275108
0.0029008061122459392
0.002900795592519863
0.002900783952769965
0.002900773023628054
0.002900761803516191
0.0029007490233654222
0.002900734026683548
0.0029007153083804808
0.0029006896929542067
0.002900652559599818
0.0029005919430602563
0.0029004747594629844
0.002900325420345488
0.002900163174134376
0.0029000515884094282
0.002899965600434339
0.002899882109172406
0.0028998036251552998
0.002899706241165118
0.0028995898439012954
0.002899374407772978
0.002899133213860592
0.0028988893788387
0.002898654314335568
0.002898432873344195
0.002898226905813748
0.002898058244245303
0.002898057423897842
0.002898055786782377
0.002898053725703825
0.002898051282722231
0.002898049701766027
0.002898048211331065
0.0028980474045601358
0.002898046412184282
0.002898045147178967
0.002898043609272012
0.002898041947376082
0.002898040057725554
0.002898037750710726
0.002898035702567539
0.002898033476210725
0.002898030735376478
0.002898027054980859
0.0028980221981100463
0.0028980166020567888
0.0028980102138382122
0.002898002921506074
0.002897994593322022
0.00289798505410007
0.00289797413005881
0.0028979617156667872
0.002897947798125766
0.002897932295022551
0.002897915159005177
0.002897896403917695
0.002897876104500331
0.0028978544105275218
0.002897831543743642
0.00289780778475969
0.002897783454853037
0.0028977588959146297
0.002897734425279401
0.002897714601707371
0.00289769808409164
0.002897683475478583
0.002897670077906334
0.002897657440191055
0.002897655025007298
0.0028976549599815187
0.0028976548301441413
0.002897654576156923
0.002897654392728737
0.0028976542170132793
0.002897654096503995
0.00289765397630605
0.002897653912718344
0.002897653838257546
0.0028976537003361376
0.0028976535273219873
0.002897653353914128
0.002897653150293386
0.002897652943039714
0.002897652691403117
0.002897652327953339
0.002897651900483503
0.002897651374623186
0.0028976509249570297
0.002897650423208918
0.0028976500730677947
0.0028976498181056123
0.0028976495986963928
0.002897649388757985
0.0028976491234141873
0.0028976489714905808
0.002897648819112492
0.002897648681946117
0.002897648553884568
0.0028976484153022362
0.0028976482360190186
0.002897648067095151
0.0028976479010929613
0.002897647740863096
0.002897647572320227
0.002897647381748982
0.002897647160418093
0.002897646944942242
0.002897646740412109
0.0028976465806351943
0.0028976464383999962
0.002897646297657977
0.002897646143845108
0.002897645934943219
0.0028976456796743003
0.002897645492788253
0.0028976453123957273
0.002897645119899192
0.002897644894878901
0.0028976446202907636
0.0028976442521181692
0.0028976437271870273
0.002897643031255925
0.002897642253997978
0.002897641468372085
0.002897640648339835
0.002897639764082513
0.0028976387557731863
0.0028976375894024606
0.002897636154620848
0.002897634306778385
0.002897631771715811
0.002897628704155808
0.00289762566552845
0.00289762270882083
0.002897619882570591
0.002897617250057982
0.0028976148703970628
0.002897612808861349
0.0028976125958118278
0.002897612589112621
0.002897612575736627
0.002897612552565859
0.002897612530693363
0.0028976125066575912
0.002897612487777655
0.002897612481227676
0.0028976124720821073
0.002897612460469124
0.0028976124398603278
0.0028976124198067
0.00289761239655224
0.002897612367180924
0.002897612340181541
0.002897612315938349
0.002897612291902775
0.002897612264615391
0.002897612241316551
0.00289761221477253
0.00289761219065322
0.002897612166517802
0.002897612140236487
0.002897612110868818
0.002897612082001027
0.002897612059527241
0.002897612042018807
0.0028976120252196067
0.002897612001070765
0.002897611981029878
0.002897611964087937
0.0028976119461171616
0.0028976119257882412
0.0028976118998193627
0.002897611862756988
0.0028976118309131356
0.002897611805270177
0.002897611782404702
0.002897611760075435
0.002897611732831139
0.002897611714161601
0.002897611695013178
0.002897611678021628
0.002897611662458098
0.002897611646800398
0.002897611629835563
0.0028976116078555927
0.002897611587740664
0.002897611567757076
0.002897611548681828
0.002897611528867272
0.002897611506693843
0.002897611479785301
0.002897611446362522
0.002897611401053227
0.0028976113351288748
0.002897611228002788
0.0028976110749134613
0.00289761087593356
0.002897610665224657
0.002897610443475558
0.002897610209976511
0.002897609965642963
0.0028976097115210324
0.002897609450859207
0.002897609188555897
0.002897608930665833
0.002897608684086391
0.002897608457742331
0.002897608255187255
0.002897608254751132
0.002897608253879414
0.002897608252140707
0.002897608250678423
0.002897608249340746
0.0028976082478234344
0.002897608246029824
0.002897608244425419
0.002897608243998753
0.002897608243323985
0.0028976082421106443
0.002897608240720992
0.00289760823932011
0.00289760823771012
0.002897608235993904
0.002897608233851705
0.0028976082307826567
0.0028976082270831998
0.0028976082228353837
0.002897608217958863
0.002897608212365575
0.002897608205923241
0.002897608201727059
0.002897608197424931
0.002897608194061234
0.002897608191420578
0.002897608189055611
0.002897608186765197
0.002897608184229781
0.00289760818174033
0.002897608178963481
0.002897608176757558
0.002897608174830259
0.002897608173057337
0.002897608171390342
0.002897608169688012
0.002897608167706942
0.002897608164808388
0.002897608159971435
0.002897608151587429
0.002897608140280828
0.002897608123309444
0.0028976080945495
0.00289760804287309
0.002897607933074269
0.002897607746717905
0.002897607449247148
0.002897606920706606
0.0028976060101184487
0.0028976050649474057
0.002897604123951524
0.0028976030621019368
0.0028976017378658262
0.0028975990755249438
0.002897596497716797
0.002897593243199326
0.0028975890595181997
0.002897584094569216
0.002897577190704818
0.0028975673278428017
0.0028975523682310787
0.0028975331959216312
0.0028975153097988843
0.002897506562535791
0.002897505652061519
0.002897512943038828
0.002897529039475846
0.002897555702938391
0.0028975933948989377
0.0028976467945647406
0.002897718361492315
0.002897801161895007
0.00289791709130749
0.002898084624358872
0.0028982602451496932
0.002898441563471823
0.002898627962427109
0.002898816964044982
0.002899007054601679
0.002899195503812771
0.0028993748870509337
0.0028995386286709522
0.0028996030130317174
0.002899603351177079
0.0028996040270683953
0.002899605389529524
0.002899606609622517
0.002899608303915451
0.002899610810911534
0.002899612225841551
0.00289961383242596
0.002899614543342078
0.002899615446943026
0.0028996168178305297
0.002899619480682627
0.0028996225591780053
0.002899625637876458
0.002899628903286257
0.002899632601076116
0.002899638017453811
0.002899643880776086
0.002899648466596454
0.002899651766313544
0.002899656948623867
0.002899662029846728
0.002899665967681232
0.002899669801503447
0.002899672647001922
0.002899675331714032
0.00289967783536026
0.002899681272707191
0.0028996837917507753
0.002899686293433068
0.002899687883355937
0.00289969150147646
0.002899695727883894
0.002899699017765205
0.002899702312212558
0.002899704309223246
0.0028997051564847933
0.002899707010038912
0.0028997086141489916
0.002899708908515118
0.002899710099322996
0.002899710845337438
0.002899711399657211
0.002899711034306356
0.002899711731350353
0.002899712084028003
0.002899712325899269
0.002899711762833173
0.002899712047730421
0.002899711984846684
0.002899711795202408
0.002899711496633788
0.002899710119734241
0.002899709732084927
0.0028997083773444673
0.002899705315627528
0.00289970215593336
0.0028996983104760472
0.0028996947501776647
0.0028996909636236716
0.002899686682408105
0.0028996820868022557
0.0028996766031188863
0.002899670514160894
0.002899665035721059
0.002899659069813813
0.002899652818491754
0.0028996452389132817
0.0028996356495115468
0.002899625778367213
0.002899614876425155
0.00289960626651047
0.002899597065558843
0.002899588949380028
0.0028995814583793428
0.002899573734138682
0.002899564728403112
0.002899552159622791
0.002899538822803394
0.0028995282708726058
0.002899517708957641
0.002899506019271562
0.002899492433471814
0.002899475376501514
0.002899452069963606
0.002899417729155625
0.00289936462005935
0.0028993068428084757
0.0028992425983535262
0.002899171418369995
0.002899088207264856
0.002898986416960841
0.002898859210969108
0.002898724109232742
0.002898584106901875
0.002898441237130503
0.002898298203069977
0.002898159416113653
0.002898028683695581
0.00289791323101209
0.0028978915786469664
0.002897891098790861
0.002897890141020874
0.002897888858812387
0.002897887620578965
0.002897886360887746
0.0028978853277959447
0.002897884858492173
0.002897884150834734
0.0028978832514290932
0.0028978821469965903
0.002897880905857773
0.002897879556604806
0.00289787829029301
0.002897876925409182
0.002897875245382885
0.002897873127038599
0.002897871295364834
0.002897869371664672
0.002897867076917153
0.0028978641971353592
0.002897859956492043
0.002897855111894916
0.002897849862969533
0.002897843858304262
0.0028978366644976383
0.002897827982075335
0.0028978163515725503
0.002897799312067553
0.002897779578032467
0.002897760644917789
0.002897747362951334
0.002897734401769258
0.002897723644316867
0.00289771421030311
0.00289770434714525
0.0028976934529009847
0.002897679384033693
0.002897659690194715
0.002897643377316413
0.002897637248317302
0.002897637226561729
0.0028976371830897064
0.0028976370963287317
0.002897637005737849
0.00289763692103373
0.0028976368129903143
0.0028976366941342196
0.002897636594747162
0.002897636573472284
0.002897636530961622
0.002897636474443167
0.002897636389185471
0.002897636296506931
0.00289763619336565
0.002897636075943397
0.002897635940874852
0.00289763578353169
0.002897635599718048
0.0028976353852396197
0.0028976351355102722
0.002897634845390377
0.002897634508969191
0.002897634119417222
0.002897633752284974
0.0028976334430589807
0.0028976331739445408
0.002897632928748485
0.002897632685480657
0.002897632444806016
0.002897632295082388
0.002897631959371409
0.00289763196618669
0.002897631836710126
0.0028976316913794918
0.002897631549234802
0.0028976314053532942
0.002897631263249764
0.00289763114083268
0.0028976310290601353
0.002897630916482828
0.002897630784871853
0.0028976305753278093
0.002897630382337858
0.0028976301834074407
0.002897629923875982
0.0028976295329521057
0.0028976288023817433
0.0028976276351535897
0.002897625397519273
0.002897621083113157
0.002897614299368823
0.0028976060540103752
0.0028975957216762177
0.00289758185273709
0.0028975622783144993
0.002897532863777643
0.002897492502651207
0.002897461429494969
0.002897437634770579
0.002897422810347443
0.002897420329990003
0.002897432796133445
0.002897455376926877
0.0028974774586748592
0.0028974967000877337
0.0028975136810742252
0.002897529524439417
0.002897546319755854
0.002897559291639621
0.002897573683889982
0.0028975848314925848
0.002897594469031718
0.002897604152545623
0.002897615148072159
0.002897627843756354
0.002897640976881123
0.0028976529483403122
0.002897665128802528
0.002897678565801659
0.00289769443321292
0.00289770731811135
0.002897717491005127
0.0028977270375747
0.00289773714658435
0.002897750799015786
0.002897764135835141
0.002897776346018262
0.002897788461439286
0.002897800813641937
0.002897810092519026
0.002897818437482484
0.002897826972878454
0.002897837085326238
0.0028978472150403153
0.002897857571261622
0.0028978666691277548
0.0028978755410137068
0.002897884614326798
0.002897894415512655
0.00289790469633005
0.0028979164779394818
0.0028979327217615383
0.002897956193061129
0.002897996811057505
0.0028980634538493173
0.002898164723673982
0.002898279096679657
0.002898401358181024
0.0028985384597953042
0.002898698298969763
0.002898853280133044
0.0028990122546694312
0.002899196345851969
0.002899434198438266
0.002899799185907612
0.00290045174674878
0.002901025654042282
0.002901195198200964
0.002901330264217527
0.002901417696459912
0.002901503971315915
0.0029015844895867427
0.002901654134824945
0.002901721315763922
0.0029017959806993928
0.0029018812731386023
0.0029019854666549353
0.002902131213586328
0.002902397224791892
0.002902682999888556
0.002902985720537956
0.002903140837991619
0.002903142975692165
0.002903147331713644
0.002903157727813777
0.002903168555366854
0.002903182686888173
0.002903188382430094
0.002903198322839301
0.002903216803834782
0.00290323667625679
0.0029032596433447243
0.002903284012920255
0.002903310623868944
0.0029033393692253677
0.002903360164139703
0.002903372853152717
0.002903377943547596
0.002903374952206024
0.002903363927478264
0.0029033445369339612
0.0029033186221508463
0.002903289623228455
0.0029032467277882042
0.0029032097117700807
0.002903200234223843
0.002903189103365966
0.002903177937035869
0.0029031681703216264
0.002903156461150305
0.0029031474891538004
0.002903138651890183
0.002903128732357495
0.002903116806266921
0.002903109017105923
0.002903101787744313
0.002903095023866213
0.002903086971098955
0.0029030803217331897
0.00290307299129494
0.002903060022417842
0.002903037308561303
0.0029030061395558518
0.0029029650479317623
0.002902911161710158
0.0029028425592058952
0.0029027859665100597
0.002902724368972572
0.0029026717363196913
0.00290261638234204
0.00290255984193343
0.002902498020576828
0.00290240728668879
0.002902270536080753
0.00290211250459701
0.002901968676923067
0.002901823149926215
0.002901685072644466
0.002901531361463611
0.002901349609295364
0.0029010466264322438
0.002900714296607825
0.002900374715461098
0.002900033503555644
0.002899697996602163
0.0028993723603885422
0.002899085119635614
0.002898873180624919
0.002898872609068588
0.002898871466894299
0.0028988691870435912
0.002898866235455099
0.002898863137871853
0.002898859180451781
0.002898857010200329
0.002898854845675681
0.002898854286655017
0.002898853380873569
0.002898851572176707
0.002898849863294668
0.002898847606704807
0.002898845934978765
0.002898843682273544
0.002898842610877572
0.0028988413044873777
0.002898839911701007
0.002898838318094123
0.002898836032343484
0.00289883403525165
0.002898832289085571
0.002898830463407344
0.002898828435766443
0.002898826386852839
0.00289882476886576
0.0028988232935052097
0.002898821795128668
0.002898820089614474
0.002898817381558642
0.002898815035736295
0.002898813077831645
0.0028988110584406723
0.002898808853584543
0.0028988061687437662
0.0028988027697650458
0.0028987981885153146
0.002898793093970818
0.002898787163810147
0.002898779915810379
0.002898771429577602
0.0028987631653204574
0.0028987548103720727
0.00289874596239061
0.002898736235077666
0.002898726596520763
0.0028987173052232237
0.002898707617497083
0.002898698032700221
0.0028986893152784902
0.002898681905819848
0.0028986747604536557
0.002898665224391464
0.0028986553285858378
0.0028986474006407813
0.002898639164553926
0.002898629844646366
0.002898618062119781
0.002898602767058292
0.0028985900202148323
0.002898578767833718
0.0028985676491666756
0.002898553924661583
0.0028985449923925708
0.0028985363288489283
0.002898528296767928
0.002898520548209717
0.002898511946404391
0.002898500412459668
0.002898485743091421
0.002898475078183188
0.002898464720952143
0.002898453580686533
0.002898440433627759
0.002898424088922942
0.002898401511371293
0.002898367721393583
0.002898309491574214
0.002898216678202259
0.002898124222887381
0.002898034528532524
0.002897948023280663
0.002897866573310898
0.00289779133507768
0.0028977657523242533
0.002897765596151147
0.002897765284129913
0.002897764661617067
0.002897764096056127
0.002897763458801245
0.002897762734019129
0.002897762266302797
0.002897761799794239
0.002897761646979713
0.002897761435588783
0.0028977610135133692
0.002897760463947454
0.002897759927055791
0.002897759339431456
0.002897758814878813
0.002897758327712844
0.002897757804481026
0.002897757113780049
0.002897756156774033
0.0028977554550004966
0.0028977547510700458
0.002897753962107777
0.002897752996189233
0.002897751657482347
0.002897749538318031
0.002897747068628205
0.0028977444033749123
0.002897741483485376
0.002897738259099271
0.002897734703614433
0.002897730409957998
0.002897725388042793
0.002897719694731732
0.002897713321423904
0.0028977059114542987
0.002897697352625339
0.002897687252237589
0.00289767851216174
0.002897672542879561
0.002897669699649471
0.002897664915419845
0.002897659936824844
0.00289765342667912
0.0028976436031789327
0.0028976299527278173
0.0028976181226187028
0.002897607280492425
0.002897601805307043
0.002897601782269026
0.002897601736256764
0.00289760164453619
0.0028976015695355278
0.0028976014913713777
0.002897601430903465
0.002897601400739334
0.002897601370621126
0.002897601348083003
0.002897601325629663
0.002897601288659387
0.002897601220364898
0.002897601149857721
0.002897601075940073
0.0028976009903105607
0.002897600894676674
0.002897600789703426
0.002897600701105407
0.0028976006226927448
0.002897600545063098
0.002897600454313724
0.002897600342846115
0.0028976002835232606
0.002897600203503833
0.0028976001250269347
0.002897600042294455
0.002897599956786825
0.0028975998819383273
0.0028975998240889137
0.002897599773281766
0.002897599715266303
0.0028975996617678842
0.0028975996079650987
0.002897599555141434
0.0028975994983405267
0.002897599430129891
0.002897599346848465
0.002897599232237523
0.00289759911945998
0.002897599030766515
0.0028975989554718847
0.002897598885194668
0.002897598809582747
0.002897598752712059
0.0028975986792142416
0.002897598619129146
0.002897598566851095
0.002897598516460618
0.002897598466033811
0.002897598410351263
0.002897598333740616
0.002897598249878045
0.002897598187092147
0.002897598126202377
0.0028975980612497444
0.002897597986792027
0.002897597892975084
0.0028975977657601892
0.002897597592928219
0.002897597320401171
0.002897596816140492
0.002897596124083243
0.002897595389143108
0.002897594603694899
0.002897593761692104
0.0028975928602413253
0.002897591895471265
0.002897590872865833
0.002897589805189402
0.002897588711075526
0.002897587614042022
0.0028975865413163
0.0028975855230208613
0.0028975845909091557
0.002897584139037243
0.002897584136420141
0.00289758413119402
0.002897584120778519
0.002897584112808326
0.0028975841062968454
0.002897584099469718
0.002897584092777971
0.0028975840902184338
0.002897584086396139
0.002897584081411691
0.0028975840758916987
0.002897584069617589
0.002897584062359129
0.002897584055345164
0.00289758404812687
0.002897584039637131
0.002897584029099595
0.002897584014473878
0.002897583997294094
0.002897583978247651
0.002897583957030717
0.0028975839313639122
0.002897583899236268
0.002897583854148675
0.002897583776928682
0.0028975836319981383
0.002897583441066829
0.002897583123764967
0.002897582680916084
0.002897582269688004
0.0028975822380059237
0.002897582237773413
0.002897582237309376
0.002897582236668058
0.002897582236050577
0.002897582235427497
0.002897582234984468
0.002897582234543022
0.002897582234315935
0.0028975822340452538
0.002897582233554154
0.002897582232910757
0.002897582232290897
0.002897582231600889
0.002897582230839914
0.002897582229863021
0.002897582228600301
0.002897582227148089
0.002897582225488145
0.00289758222368583
0.002897582222162634
0.002897582220864778
0.002897582219704883
0.002897582218604357
0.002897582217525098
0.002897582216839967
0.00289758221615097
0.002897582215573195
0.002897582215034228
0.002897582214411139
0.002897582213664694
0.002897582212786589
0.002897582211561753
0.002897582209875095
0.002897582207588544
0.002897582204210665
0.002897582198487621
0.002897582185361557
0.002897582161773279
0.002897582120749715
0.0028975820542340726
0.002897581938849718
0.0028975817147330377
0.002897581214605992
0.0028975803219407257
0.002897578551804192
0.0028975751819274196
0.002897568486922001
0.0028975606081848818
0.002897550687443628
0.002897537384596853
0.0028975189016458873
0.002897490772475009
0.0028974499977222363
0.002897414062085198
0.00289738438225267
0.002897365077508431
0.0028973562631453343
0.00289735300184129
0.002897353347307503
0.002897356418441736
0.002897363787077712
0.002897371393709753
0.0028973776834607732
0.002897383821010211
0.0028973902534524597
0.002897398163130222
0.002897408300850983
0.00289741878100198
0.002897428419825768
0.002897438404904913
0.0028974500113328272
0.002897463876213864
0.002897479455748809
0.002897494894133902
0.002897511123584843
0.002897528984398399
0.002897548662594139
0.0028975694946104143
0.0028975920705961123
0.0028976176364347707
0.002897645481451004
0.0028976705110490063
0.002897694855303962
0.002897718951762291
0.00289774087540354
0.0028977685773424098
0.0028978106031094567
0.002897878715256238
0.002897976723244755
0.002898090638711866
0.002898216527112907
0.0028983564357830597
0.002898520392762669
0.002898721281196795
0.002899011653693676
0.002899551797190203
0.002899758553671884
0.00289992441689308
0.0029000111309242893
0.0029000890254384107
0.002900166912449352
0.002900228980415679
0.002900291081180245
0.002900350219599032
0.0029004144089217238
0.0029004917228110513
0.0029005834709754518
0.002900699706617125
0.0029008599218027947
0.002901122085604119
0.00290152492705225
0.002901952212385752
0.0029022961679180466
0.002902571372442285
0.00290284455218441
0.002903118916337175
0.0029034603574421103
0.002903494104709193
0.002903496198075723
0.002903500251013077
0.002903505688301776
0.002903506123077891
0.0029035041213882977
0.0029034994704062378
0.002903494945618498
0.002903488678946253
0.0029034747160425938
0.002903446689680015
0.002903410915431447
0.002903372263267449
0.002903339998411606
0.0029033199547847943
0.002903313982268532
0.002903328286367585
0.0029033608846656092
0.002903400058490857
0.002903436597765452
0.002903478484491484
0.002903545840534906
0.002903605587961388
0.002903662923482123
0.0029037237134078397
0.002903791243961365
0.002903875042445809
0.0029039925014060657
0.002904184242180637
0.002904545375061658
0.002904920925632066
0.002905164054220919
0.00290537431178155
0.0029055322779944523
0.002905697639181946
0.002905874646931037
0.002906062955228539
0.002906266975524858
0.0029066028724680773
0.002907028519965121
0.002907474294130569
0.0029078680925786362
0.002908202773673799
0.002908248655236367
0.002908249137531166
0.002908250072141323
0.0029082512415220113
0.002908250722182694
0.002908247713286633
0.002908238705995643
0.00290822307795138
0.002908203147776508
0.00290818460118173
0.0029081762713136
0.002908165824272044
0.00290814284198691
0.002908112172836861
0.0029080781319028083
0.002908037978340756
0.00290800429149332
0.00290797573725777
0.00290795807315686
0.002907958198532945
0.002907973146195947
0.002907996884188741
0.002908028320717793
0.0029080632856529377
0.0029081006177965
0.002908144622674568
0.0029081940015468306
0.002908247386175
0.002908309034689008
0.002908385714656596
0.002908488397517149
0.002908646485635749
0.002908912535950549
0.002909236929398026
0.0029095542456082962
0.002909774669473855
0.0029099273698517387
0.002910045590434426
0.002910149500999749
0.002910276629837261
0.002910369307204687
0.0029104354207462662
0.002910498296126675
0.002910571939077437
0.00291068777964883
0.002910769263724418
0.002910852836106852
0.0029109378258896936
0.002911027434441289
0.002911124741277184
0.002911248994895569
0.002911397600736333
0.00291156056827218
0.0029117419367254787
0.002911953274978923
0.002912169617048328
0.0029124027394167432
0.002912634457634393
0.002912874354837413
0.002913126299260744
0.002913390188033528
0.002913688598011618
0.002914012013348791
0.002914436004531717
0.002914816190194512
0.002915069964119868
0.0029150710189565013
0.0029150733763811678
0.002915082808715407
0.002915103319172371
0.0029151408506270992
0.002915204722639099
0.002915307168205741
0.002915361670779971
0.002915415953114995
0.0029154338753963373
0.002915456864142776
0.002915501465551637
0.002915570172095689
0.00291562599220242
0.002915680009258191
0.002915722341906293
0.002915747018544561
0.0029157543412285233
0.002915746183046299
0.002915721433398917
0.0029156774623134477
0.0029156379276022728
0.00291560720466994
0.002915579759306251
0.002915552935391125
0.002915522780330501
0.00291549349031583
0.002915462613638249
0.002915431733193469
0.00291540479207533
0.0029153823744875232
0.002915365098032399
0.002915350355414524
0.002915335034165454
0.002915316576035082
0.002915298423007895
0.002915281940800396
0.002915264029309586
0.002915246052088774
0.0029152260742332393
0.002915199862397518
0.002915173638675802
0.002915146831803402
0.002915120281357435
0.002915091501648272
0.002915057408579145
0.0029150147403316983
0.002914954243375702
0.002914870150781494
0.002914736178623354
0.0029145472982194183
0.002914327494438262
0.002914183861991486
0.002914041014323697
0.002913897055588592
0.002913724598199698
0.002913580699449766
0.002913421603584395
0.002913358318909056
0.0029132896832264167
0.002913225513005029
0.002913165896690168
0.002913105941164242
0.002913049587792278
0.002912987316172972
0.002912910629633812
0.0029128078679313456
0.00291271589948048
0.0029126513671007583
0.002912612526210905
0.002912542365841721
0.002912471503056884
0.002912377544497405
0.002912198404685238
0.002911987671703622
0.00291174607359713
0.0029114697371074813
0.0029111538446529883
0.002910891637771735
0.002910702189957196
0.0029105078344892512
0.002910311882876269
0.002910108672385091
0.002909809959540718
0.0029093816965125928
0.002908787722870676
0.002908142069183589
0.00290744976268458
0.002906710886574498
0.002905931696288885
0.002905115811621295
0.002904274100380847
0.002903424359904283
0.002902587421633783
0.002901789513427327
0.0029012827993580817
0.0029009640126161267
0.002900960878939229
0.002900954622668784
0.002900942162375912
0.0029009325024485703
0.002900924267555659
0.002900920161609596
0.002900916063171786
0.0029009129975341007
0.002900909829737498
0.002900904776175171
0.002900896410465184
0.0029008875629046773
0.002900878205586281
0.002900867385452901
0.002900854713271742
0.002900838675661869
0.002900820917227056
0.002900802148640915
0.002900779949027752
0.002900753272124973
0.002900717872213045
0.002900663612756213
0.0029005882594595363
0.0029005058228142163
0.002900413975301925
0.002900322226217464
0.0029002280999683183
0.002900131242889327
0.0029000239206620213
0.0028999076355207833
0.002899768189039561
0.0028995858044607733
0.002899423632500055
0.002899293965814829
0.002899285729966959
0.0028992856141932958
0.002899285382836007
0.002899284920893229
0.002899284514710847
0.00289928405631747
0.0028992834823379733
0.002899282780564726
0.002899281723067956
0.00289928157432842
0.002899281265856073
0.00289928075981661
0.002899279999537109
0.002899279156850007
0.0028992779900886
0.002899276121929837
0.0028992726735677142
0.002899267461639194
0.0028992575986417613
0.0028992414041345317
0.002899209268786533
0.002899169432732566
0.0028991252651307917
0.002899073925956583
0.0028990287740496648
0.002898992951740409
0.002898958051032954
0.002898941014339939
0.002898933613892072
0.002898931539929791
0.002898933322355911
0.002898938379526966
0.002898949176205411
0.0028989594567545808
0.0028989676688789302
0.002898975438409071
0.002898983212294725
0.00289899207496058
0.002899004731225857
0.002899018573063278
0.002899029873190176
0.002899041063219425
0.002899053655289776
0.0028990681437423803
0.0028990868305307977
0.002899105097777535
0.0028991233715627233
0.002899142866404798
0.0028991643630643968
0.0028991874499770726
0.002899211745220421
0.002899237903408574
0.002899266771704751
0.002899295881450158
0.002899323923797277
0.00289935188161457
0.0028993598593332138
0.002899375560309122
0.002899378283503395
0.002899384068360628
0.0028993898837158
0.002899395958971418
0.002899402576816749
0.002899410117072211
0.002899420749539206
0.0028994376568122577
0.0028994633975349808
0.002899502087363024
0.002899558910896789
0.002899638466402903
0.002899745995563501
0.002899825415801643
0.002899928489307338
0.002900094629228594
0.002900234401619082
0.002900371248722096
0.002900514136147201
0.00290068746290694
0.002900956269998538
0.00290132992125534
0.002902016243291365
0.002902796969560226
0.002903565808440371
0.002904081582493779
0.0029045607429646057
0.002904986328715548
0.0029053021677904038
0.002905615586286116
0.0029059425790747633
0.002906282374316276
0.002906532390649541
0.002906533098629322
0.0029065345177382703
0.00290653747446579
0.002906540801226046
0.002906545038039953
0.00290655274073484
0.002906565111634038
0.002906575485012555
0.00290658736853285
0.002906590715788751
0.002906596354501938
0.002906606528246582
0.002906627487759444
0.002906644189742051
0.0029066614379046293
0.002906680068916687
0.002906699436860866
0.002906717485383309
0.002906731881750036
0.002906741760844869
0.002906748091189528
0.002906752069609144
0.002906754411370808
0.0029067547803112888
0.0029067529673721033
0.0029067501754160468
0.0029067466071339
0.002906742002253353
0.002906735943771936
0.002906727269188854
0.002906717227376748
0.002906706191582375
0.002906691707026589
0.002906677940627426
0.002906668027189111
0.002906659248298847
0.002906650691724676
0.002906641527901596
0.002906629687435616
0.00290661830955059
0.002906606547980568
0.0029065953569926187
0.002906583754085694
0.002906570829645455
0.002906555284455986
0.002906536151323557
0.002906513042536002
0.002906489250568858
0.002906466565385726
0.002906442710566077
0.002906408330407191
0.002906361501987512
0.002906271642925493
0.002906173717191179
0.0029060703290366696
0.002905959540755925
0.0029058421814045212
0.002905717728854141
0.0029055868977369602
0.002905451540657598
0.002905314226186663
0.002905177549730485
0.0029050474298256993
0.0029049232956861637
0.0029048281531438747
0.002904827716585921
0.0029048270242559527
0.002904828746058452
0.002904833090388688
0.002904840625390787
0.0029048450868662413
0.002904852043043943
0.002904862843654174
0.0029048826419898178
0.002904900866449061
0.002904918063535183
0.002904934479156902
0.002904947559427796
0.002904954158689297
0.002904952583206756
0.002904943829175456
0.002904924441900564
0.0029048949247420437
0.0029048550984783488
0.00290480532609078
0.002904753414173411
0.0029047028302159428
0.0029046432055816382
0.0029046177592151894
0.0029046070620269582
0.002904592223003145
0.002904576989493566
0.002904562367638698
0.002904540091336243
0.002904524586775206
0.002904509516318465
0.002904491887406078
0.002904468604851653
0.002904452421854363
0.00290443524493297
0.0029044195308431083
0.002904395752193428
0.0029043791066957
0.00290436025114557
0.002904331415222363
0.0029042837363471062
0.0029042217114339563
0.0029041478407898533
0.002904059295715529
0.002903953404938456
0.002903827386346305
0.002903714116097106
0.0029036325676706012
0.002903545351834312
0.0029034572819673613
0.00290336496426946
0.002903229195162789
0.002903095912709976
0.002902994539941719
0.00290290463636765
0.00290280498751453
0.002902712274603625
0.002902618255767363
0.002902526842122023
0.002902428634403532
0.00290232541397054
0.00290223205611775
0.00290213817709106
0.002902056927902921
0.002901967120637768
0.002901899599327558
0.00290184029598013
0.002901779914365387
0.0029017100799048562
0.002901629945203885
0.0029015468013549976
0.002901473402100168
0.0029013989752421482
0.002901317424182607
0.00290121934413829
0.002901097055434775
0.002900931232042159
0.002900688029793593
0.002900338351706424
0.002899875739822309
0.002899440214668944
0.002899050321578216
0.0028987198954985942
0.002898640956859932
0.002898640015125125
0.002898638133739393
0.002898634380891943
0.00289863039747624
0.002898627095416608
0.002898624369478304
0.002898621976001844
0.0028986197146565348
0.002898618159613885
0.002898617238765231
0.002898616195052513
0.002898614788521305
0.002898612884175011
0.002898610957730578
0.00289860948857874
0.00289860812166511
0.002898606671134878
0.002898604793917559
0.002898602071625318
0.002898600160539546
0.002898598290180395
0.00289859623119666
0.002898593760753636
0.002898591493466128
0.002898589294990768
0.0028985869515512188
0.002898584059571205
0.002898580458475725
0.002898577381104986
0.002898574503648045
0.002898571440711661
0.002898567965323274
0.0028985651080899707
0.0028985626619114657
0.002898560277344342
0.002898557718848981
0.002898554387961909
0.002898551074099252
0.002898547800463079
0.002898544624427805
0.0028985412703319557
0.002898537466398732
0.002898532827546495
0.002898526733082708
0.002898519538131058
0.00289851129373215
0.002898502220563639
0.0028984944176712437
0.002898487550959178
0.002898481067256524
0.0028984744234563427
0.002898466292859361
0.00289845877743688
0.002898452146415013
0.00289844654016168
0.00289844166178411
0.002898437328754483
0.002898433351211225
0.002898429454878838
0.00289842521057095
0.002898419289381949
0.002898413833759956
0.00289840953198283
0.002898405277314035
0.002898401150065452
0.002898397000687417
0.0028983922106983052
0.002898385818103457
0.002898380364018187
0.00289837560011334
0.002898370631549443
0.002898365076727872
0.002898359961441213
0.002898355271487318
0.0028983505007863517
0.002898345059608305
0.002898336709282194
0.0028983271863937607
0.002898318653572016
0.002898309858688966
0.002898299435651802
0.002898286339743072
0.0028982702674554372
0.002898254436153078
0.002898239578298463
0.002898226877591204
0.0028982178647002127
0.002898215435238168
0.002898219635480964
0.002898229082188898
0.002898241334490519
0.00289825714227301
0.002898276145006566
0.002898299686399354
0.002898330009232132
0.002898368305713894
0.0028984221313021266
0.002898505588867108
0.0028986019004092487
0.0028986995455810793
0.002898797822205387
0.0028988953280528243
0.00289899135873644
0.002899082637015288
0.002899166987541823
0.0028991957407977
0.002899196128749805
0.0028991969080461623
0.002899198606817111
0.00289919972129333
0.002899201045125395
0.002899201750062958
0.0028992028229811
0.00289920446305688
0.002899207409136851
0.002899210768906264
0.0028992152817606883
0.002899221207446984
0.0028992280021427038
0.002899234482310793
0.002899242502206588
0.002899249088267456
0.002899253885603872
0.002899256881379881
0.002899257971081095
0.0028992568043940156
0.002899253570398056
0.002899249017889917
0.002899242546975869
0.002899234668636216
0.0028992252671965328
0.002899216880275558
0.002899209471820904
0.002899202157220948
0.0028991918751905313
0.0028991810787557843
0.002899172349072801
0.00289916298481217
0.002899152104924907
0.0028991384642491733
0.002899119922665602
0.002899103783391943
0.002899089953918594
0.002899076465265962
0.002899061134190836
0.002899050352640474
0.00289903857533042
0.0028990281824136962
0.002899018608685339
0.002899008648761171
0.002898997226641263
0.002898978583383277
0.002898963399863834
0.0028989508657088414
0.002898937825095674
0.002898923613756512
0.0028989061642996903
0.0028988839108055
0.002898852553677296
0.002898804462218612
0.002898720747089704
0.0028986101613381462
0.002898502767686339
0.002898418853047675
0.002898336382258462
0.002898249782189245
0.0028981413252106417
0.002898028045022912
0.0028979220998505742
0.0028978528180856147
0.002897852284849981
0.002897851221210823
0.002897850027819005
0.002897848912863328
0.002897848235361829
0.002897847561875547
0.002897847040718591
0.00289784644387989
0.0028978456833241868
0.002897844536939077
0.002897843353550815
0.002897842068854678
0.00289784067340988
0.002897838923072543
0.002897836386335889
0.002897833246341414
0.002897829665611691
0.002897826118861158
0.002897822973760398
0.002897820038731524
0.002897817038600854
0.002897813296821635
0.002897810623454376
0.0028978078759470506
0.002897805512960447
0.0028978034877918278
0.002897801653323721
0.002897799934535994
0.002897798197395611
0.0028977961839345943
0.0028977941813995577
0.0028977920208860613
0.002897790105234243
0.002897788175556819
0.002897786042627782
0.002897783518381544
0.002897780203273618
0.002897777439150512
0.002897774277751614
0.002897771543758445
0.0028977689657420477
0.0028977661407162407
0.00289776224412674
0.0028977568745048293
0.002897752456881339
0.002897748431551845
0.002897744537016703
0.002897741076043959
0.002897739296467184
0.002897741963859941
0.0028977498895918327
0.0028977623574304202
0.002897779012636555
0.002897800458913514
0.002897827410698985
0.0028978608676207963
0.002897904109245917
0.002897962751062526
0.0028980437557356627
0.002898123943563278
0.0028982011814473034
0.002898274919925314
0.002898342972831995
0.002898388160735159
0.0028983883980637057
0.002898388871905285
0.002898389817641399
0.002898390556248552
0.002898391098061062
0.002898391647496871
0.00289839189429152
0.002898392258973973
0.002898392739383091
0.002898393439784126
0.002898394110031183
0.002898394879450635
0.002898396007014304
0.002898397542640605
0.002898398882945248
0.002898400343846641
0.002898401954249687
0.0028984036743171598
0.002898405761671707
0.0028984089794426796
0.002898412238727929
0.0028984148416672023
0.002898417053119439
0.002898419624448463
0.0028984220896922453
0.002898424128753271
0.002898425680919473
0.002898424739458176
0.002898422083567021
0.002898417984056731
0.002898412963792759
0.002898406174471815
0.002898398486974877
0.002898391183471586
0.002898384469577778
0.002898377902225978
0.002898368491845335
0.0028983591600238432
0.002898351168784875
0.0028983429316661712
0.002898333460307913
0.0028983212371417122
0.002898309273275562
0.002898298535735424
0.0028982875077739187
0.0028982729946544607
0.002898261939086124
0.002898253941986416
0.002898246496556291
0.002898238784377625
0.002898229003780286
0.00289821919339453
0.002898209191581205
0.0028981996075428487
0.002898189536781651
0.0028981781748701444
0.002898164276309595
0.002898146722431253
0.0028981224025328312
0.002898086001574382
0.002898024978221731
0.0028979579203544993
0.002897913991072953
0.002897876463201107
0.002897836356805009
0.002897781123060491
0.002897754972403295
0.002897754884578255
0.002897754709061257
0.0028977543586529908
0.002897753979676538
0.002897753685936975
0.00289775339065689
0.002897753069349423
0.002897752679207612
0.0028977523525536837
0.002897752147749775
0.002897751943246129
0.002897751857292615
0.0028977517540649043
0.002897751547824472
0.002897751270066294
0.0028977509911535713
0.002897750653678261
0.002897750312179243
0.002897749935660414
0.002897749589234555
0.0028977492631732673
0.002897748930246263
0.002897748542922722
0.002897748197419216
0.002897747817081884
0.00289774748388025
0.002897747180221398
0.002897746897263644
0.002897746644637658
0.002897746420095753
0.002897746212716616
0.002897746005901237
0.002897745768479363
0.002897745549566161
0.002897745299577589
0.002897745077773167
0.002897744857490509
0.002897744617272658
0.002897744340218774
0.002897743989578397
0.0028977435750348122
0.002897743149482774
0.002897742700751251
0.002897742178673057
0.002897741457498083
0.002897740911449492
0.002897739986246353
0.002897739070135694
0.002897738161497317
0.002897737119722051
0.0028977358245484562
0.0028977337722507703
0.00289773029398697
0.002897726640319791
0.002897723132299811
0.002897717936639018
0.002897711285845243
0.002897698733725081
0.002897678698126834
0.002897644722267076
0.0028975858360506877
0.002897520806375515
0.002897470304268178
0.002897430850217932
0.00289740317118296
0.002897389953939156
0.002897393565169672
0.002897416976549764
0.002897463205018277
0.002897509128014013
0.002897548855548293
0.002897557518679347
0.002897574806129717
0.002897587685338643
0.002897601767518646
0.002897613259320566
0.002897623396684878
0.002897636212609881
0.002897648976306342
0.0028976628535924824
0.002897680819475171
0.002897709567556808
0.002897779585850622
0.002897843877032692
0.0028979432197873928
0.002898058834598965
0.0028981805049333688
0.002898315624065651
0.00289846696445477
0.002898603416155053
0.00289869231744528
0.002898738622613837
0.002898750484502996
0.002898735363343514
0.0028987033558958877
0.0028986797604570783
0.002898666436521417
0.002898660486962436
0.002898659459714936
0.002898661861339186
0.0028986672016459492
0.0028986738862861942
0.00289867509909524
0.002898676089757188
0.002898675255865694
0.0028986728544193817
0.0028986708123884663
0.002898669278200691
0.00289866833605249
0.002898668731050734
0.002898671835773208
0.002898676668518813
0.00289868248522031
0.002898689226987545
0.002898697850805339
0.002898710050502851
0.00289872807453266
0.0028987568296640048
0.002898783534535889
0.002898807596026309
0.0028988333338020667
0.002898871295638792
0.0028989085209179402
0.002898940798593866
0.002898975963706899
0.0028990169869329142
0.0028990707954249253
0.002899128867983792
0.0028991813501349
0.0028992327233328
0.0028992935957306578
0.0028993344925154233
0.0028993777008577267
0.0028994165834337
0.002899454081592224
0.002899495649174963
0.0028995514008220012
0.00289962307076181
0.002899676122758738
0.002899728170892203
0.002899784563446361
0.0028998516837100757
0.002899936238555613
0.0029000551849259347
0.0029002394201718927
0.002900571188907919
0.002900954043564461
0.00290132160653907
0.002901670748491299
0.0029019952336329373
0.002902292793841567
0.002902375370461939
0.002902377405927542
0.002902382154483016
0.002902392396269304
0.0029024082628112823
0.002902415693040563
0.0029024254782170074
0.002902441078963911
0.00290245923896687
0.0029024757486812193
0.002902489458505566
0.002902499476181928
0.00290250456809402
0.002902504687509288
0.002902498847656704
0.002902488241770342
0.002902473002771582
0.002902454058962124
0.002902437069057795
0.002902421433324474
0.002902405451203573
0.002902385296161303
0.0029023726998167443
0.00290236006195818
0.002902349404852687
0.0029023404455494743
0.002902332171837436
0.002902324039984439
0.0029023150428625828
0.002902300609231229
0.002902290048277854
0.0029022814544233913
0.002902272741862571
0.0029022634683845082
0.002902252246227622
0.002902238441271552
0.002902219889015071
0.002902205696565515
0.002902193557049271
0.002902181475029541
0.002902168318965487
0.0029021527612380256
0.002902131335672125
0.00290211513312741
0.002902100098372827
0.002902084476767564
0.002902067121710139
0.002902046953439024
0.0029020215403892757
0.002901987702739254
0.002901941326669326
0.002901896589144532
0.0029018563448656863
0.002901819828453875
0.00290181593180552
0.002901815865880559
0.002901815735397455
0.002901815514813211
0.002901815444251042
0.0029018156589255607
0.0029018166919044567
0.002901819109819105
0.002901820215982947
0.002901821530071811
0.0029018223478341648
0.0029018232961179192
0.00290182535104777
0.0029018295517266933
0.002901833832127481
0.002901838290956944
0.0029018430173158747
0.0029018481866539604
0.0029018548337979588
0.002901862542735967
0.002901867518381993
0.002901871611612095
0.002901874972652764
0.00290187742651083
0.002901878677402674
0.002901878896362772
0.00290187788653008
0.0029018742366022157
0.0029018676918131743
0.002901861071671038
0.002901853531879915
0.0029018445557986838
0.002901833220115415
0.0029018183768620377
0.002901797486902437
0.002901766113414425
0.002901745071333253
0.002901722964575359
0.002901703398481783
0.0029016830672579
0.002901663918486939
0.002901642977113069
0.00290161456539429
0.0029015595608415093
0.002901479647700333
0.0029013831191568498
0.002901270746468961
0.0029011355066804563
0.002901050435033603
0.002900981178253469
0.002900911665185411
0.0029008592706564903
0.002900808091625927
0.002900720196023978
0.002900617414531096
0.00290053080706776
0.002900516588366356
0.0029005163066941403
0.002900515738356269
0.002900514681345262
0.0029005135962962983
0.0029005125009495688
0.002900511101040935
0.00290051031869729
0.002900509138021814
0.002900507662492794
0.00290050405876601
0.002900499969950962
0.0029004951129512624
0.002900489155895785
0.002900482728420245
0.002900477269665818
0.002900473886128066
0.00290047074808937
0.002900468301054735
0.002900466834690747
0.002900465953424558
0.002900465782465205
0.002900466130197111
0.0029004669848307937
0.00290046832828502
0.002900469843552909
0.002900471198223075
0.0029004724447251173
0.0029004738826819932
0.002900475205393015
0.002900476783560549
0.002900478310260629
0.0029004799639462497
0.002900481976027146
0.0029004844298760857
0.0029004878147293233
0.002900491535099898
0.002900494509703041
0.002900497019559784
0.0029004993574290798
0.002900501835750859
0.002900503857266061
0.0029005063650851958
0.00290050836434827
0.002900510104435406
0.002900511782287936
0.002900513473708202
0.002900515375131773
0.002900518176324571
0.00290052078021479
0.002900522847085469
0.00290052491232948
0.002900527124188005
0.002900529766734289
0.002900533034239524
0.002900537475506957
0.002900543943886325
0.002900554362719609
0.0029005743650109142
0.002900597381129028
0.002900621711656143
0.002900647817756624
0.002900675643400179
0.002900705303496325
0.002900736471591214
0.002900744776098001
0.002900758726714856
0.0029007606654945913
0.002900760568986122
0.0029007591393142127
0.002900745977986506
0.002900740279414356
0.002900716936368799
0.002900687283218033
0.0029006423299964943
0.002900586136590291
0.002900537146259377
0.002900499685380553
0.002900466428294067
0.002900445534133987
0.0029004254580665
0.002900412681986906
0.002900396671738662
0.002900385221672687
0.002900375515929755
0.002900364350256087
0.002900348087366007
0.002900328049896564
0.002900314793161093
0.002900308075038536
0.002900307774984831
0.002900314134679255
0.002900327581216684
0.002900348644528073
0.002900377441115902
0.0029004138855593478
0.00290045766852491
0.0029005081081721427
0.0029005641188496784
0.0029006241587415417
0.002900686287286354
0.002900748237661141
0.002900807618716507
0.0029008621374223787
0.002900909910067504
0.002900949372080327
0.002900980130147855
0.002901002301407039
0.0029010169366245927
0.002901025337186172
0.002901027034428488
0.002901027097623613
0.00290102746145291
0.002901029360399539
0.002901030562617766
0.002901032167721391
0.002901034552324085
0.002901036877995354
0.002901040002881826
0.002901045286479063
0.002901051780623878
0.002901059206805314
0.002901066614127017
0.002901072944815471
0.002901078405863567
0.0029010826848754607
0.002901082439748699
0.00290107686347677
0.002901063207454916
0.002901043246248095
0.00290101691450882
0.002900986005989416
0.0029009507547728608
0.002900911701545781
0.002900866076163764
0.002900811864257342
0.002900742238228277
0.002900640563822173
0.002900468153311368
0.002900260260654899
0.0029000733750493327
0.002899944880176332
0.002899941275936518
0.002899941039253973
0.0028999405718228262
0.0028999398368250856
0.002899939451017621
0.0028999394144236922
0.00289993952820013
0.0028999397247182557
0.002899940432020402
0.002899942098305323
0.002899944290865986
0.002899945957916246
0.002899950240643539
0.0028999542250017427
0.00289995715981607
0.0028999605563287526
0.00289996156239637
0.0028999586663107863
0.0028999558709370842
0.002899952261131458
0.002899947110905926
0.002899941529627496
0.002899935190444496
0.002899928445421177
0.002899920849432797
0.002899912752493319
0.002899907462838949
0.002899902193984969
0.002899897471442166
0.0028998929719786593
0.0028998877427417117
0.002899882050923438
0.002899876359436958
0.002899870751595401
0.0028998658764031863
0.002899861414216274
0.002899856926006005
0.002899851703620662
0.0028998445665158338
0.002899838868002336
0.00289983372913337
0.002899828240252744
0.002899821884882034
0.002899813905837921
0.002899804884404633
0.002899792987598034
0.002899778319702599
0.0028997593910145007
0.002899740403769826
0.002899718344040719
0.0028996919175793877
0.002899657225155592
0.002899612439421441
0.002899566102604792
0.00289953719359098
0.002899520659005517
0.0028995159441338064
0.002899523203451546
0.002899542400233681
0.0028995707631973493
0.0028996071515829387
0.002899652919791964
0.002899709458504522
0.002899768216416577
0.00289983074119717
0.0028998996584357058
0.002899980143849958
0.002900075309513534
0.002900195403835754
0.002900357649795203
0.002900522247856861
0.00290067032405671
0.002900825508864555
0.002900968954446528
0.0029010949305764287
0.002901236483888432
0.002901395736412319
0.002901633906005622
0.0029019326757419427
0.002902204021550643
0.0029024324682842178
0.00290243591586984
0.0029024371569520992
0.002902438690525435
0.00290244142729231
0.002902443100287808
0.00290244247544312
0.002902441078775566
0.00290243874755823
0.002902432316242528
0.002902417712810507
0.002902396592169388
0.002902367260601868
0.002902337409722049
0.002902314429093851
0.002902305665013766
0.00290231724024821
0.002902347021055142
0.00290238927973268
0.0029024407096980413
0.002902499336168504
0.0029025708960160584
0.002902658159574718
0.00290277335104851
0.002902942138246241
0.002903177678961227
0.002903470035413354
0.002903797683680837
0.002904154325769071
0.002904530189702295
0.0029048213671626372
0.002905121684500701
0.002905285233415144
0.002905408215208613
0.002905536146611745
0.002905595496661514
0.002905595979575988
0.0029055969976747413
0.0029056002861881113
0.002905607280156309
0.002905620729318139
0.002905641794847271
0.002905647829532031
0.002905660376629674
0.002905678379101754
0.002905697773269161
0.002905717445352912
0.002905736740352592
0.0029057484407700998
0.00290575272362321
0.002905751963635488
0.002905745928584123
0.002905736433424457
0.002905726020886038
0.002905717599813823
0.002905711336180568
0.002905707290061588
0.002905704659673938
0.0029057011277027153
0.0029056949042018413
0.0029056884170693227
0.002905674506517262
0.0029056610873364024
0.0029056452330851142
0.002905623029344881
0.002905594796965392
0.002905556693324378
0.0029055122409212073
0.0029054769667687568
0.002905449299317197
0.002905422259543068
0.00290538265655441
0.002905349540653301
0.002905320781921538
0.002905289544981114
0.002905253337894405
0.002905204492258476
0.0029051594692187867
0.0029051209410984077
0.0029050845981680668
0.002905045384152611
0.002905015170847463
0.00290498166621044
0.002904953833499989
0.002904928790431825
0.00290490339763964
0.002904875110300814
0.002904834160814872
0.00290479343829688
0.0029047611941801607
0.002904728939158116
0.002904694225247922
0.002904652728097742
0.002904601187411685
0.002904530356687116
0.002904424758593478
0.0029042518240688818
0.00290398780483832
0.002903717488213166
0.002903445408378853
0.002903171546439589
0.00290289977949649
0.002902641721057106
0.002902450812778667
0.002902298507328263
0.002902173549096655
0.002902060154973782
0.002902042460901048
0.002902041476361087
0.002902039512969351
0.002902036307363214
0.002902033239396867
0.0029020302656917038
0.002902029370804618
0.002902027830640597
0.002902025737937494
0.002902022495146265
0.0029020196525547867
0.002902016990603597
0.002902014056338241
0.0029020100521079282
0.002902004825802225
0.002902000272895511
0.0029019953562132317
0.002901989597252706
0.002901981981324368
0.002901969961506916
0.0029019600594025322
0.0029019517436924963
0.002901940458323814
0.0029019306873288558
0.002901922328886044
0.002901912880021942
0.002901900020366854
0.0029018794712208
0.002901841016100469
0.002901794751859112
0.002901729851748408
0.002901668964808798
0.002901615034845513
0.002901567088513586
0.002901524755731347
0.002901496685500816
0.0029014966117265188
0.00290149648427006
0.002901496703808822
0.00290149847409274
0.00290150240557129
0.002901504850979628
0.002901507790645598
0.002901509935205041
0.002901512233126847
0.002901517328823856
0.002901528266108882
0.00290154063023387
0.0029015537054523123
0.002901567336470214
0.002901580214307762
0.002901591468522272
0.002901598774066593
0.002901600210583892
0.002901593508643377
0.0029015774492005732
0.002901550178269717
0.0029015098077810157
0.002901456792531716
0.002901392698271848
0.002901346967996037
0.0029012989304195032
0.0029012603855094357
0.0029012411127206
0.002901205817035148
0.002901168083358271
0.002901114061493017
0.002901039719033228
0.002900896619984462
0.0029006982634705663
0.002900451522329354
0.002900134107067616
0.002899836618992753
0.0028995573013534783
0.002899306152250533
0.0028990843816012334
0.002898921823512828
0.002898921553450161
0.002898921013840454
0.0028989199371556276
0.002898918320430562
0.002898916287115162
0.0028989152622216903
0.0028989147537352143
0.0028989142485691443
0.002898913992239806
0.002898913740409678
0.002898913240086736
0.002898912255838796
0.002898910371852894
0.002898908840660544
0.002898907450524434
0.002898906201257484
0.002898905322927894
0.0028989046685207478
0.00289890412512214
0.002898903631308161
0.002898903116261029
0.002898902546153892
0.002898902023698828
0.002898901619358625
0.002898901268082491
0.0028989009594405546
0.00289890069323878
0.0028989004558271103
0.002898900225807454
0.002898899982922399
0.002898899659095015
0.002898899325508781
0.002898898163388076
0.0028988985557128703
0.0028988983302200228
0.002898897974424244
0.00289889755698751
0.0028988971138569552
0.002898896688126116
0.002898896244847241
0.0028988957103555047
0.002898894802595654
0.002898894631516626
0.002898894197753745
0.002898893786917074
0.002898893388607012
0.00289889297292738
0.002898892472514529
0.0028988915669969
0.00289889088176711
0.002898889714480965
0.002898889419530145
0.002898888675866756
0.002898887694916495
0.00289888641031877
0.002898884499864444
0.002898880937774513
0.002898877573014562
0.002898874525175542
0.002898871535038942
0.002898868751519344
0.0028988642246493552
0.0028988602453129757
0.002898856382096357
0.002898852628587535
0.002898847923300622
0.00289884191906124
0.002898832653089898
0.002898824256422427
0.002898817110385648
0.002898810534308425
0.002898803853435472
0.0028987945773928303
0.002898786867100536
0.002898781222746164
0.0028987761352627303
0.0028987711089372113
0.002898765581554117
0.002898757893290401
0.0028987487074454634
0.002898741497898882
0.002898734854759933
0.00289872751403835
0.002898718837100795
0.00289870809437903
0.0028986933604394512
0.002898671513827914
0.002898635671241719
0.002898565215298248
0.0028984858422273266
0.002898403849578156
0.002898318529134731
0.002898231220989474
0.0028981422902052403
0.0028980530096622387
0.002897965418044516
0.002897881978068864
0.002897807070003359
0.002897802991212545
0.002897802719879819
0.002897802178133097
0.0028978014664074367
0.002897800446074677
0.002897799718503598
0.002897799262966029
0.00289779880852601
0.002897798543095578
0.002897798218178736
0.0028977977844108493
0.002897797277084196
0.002897796760698203
0.002897796263643804
0.002897795710997539
0.002897794928678914
0.002897794117571261
0.0028977934268436902
0.002897792678005968
0.002897791834044126
0.00289779073766343
0.002897789108957508
0.002897787347293754
0.0028977858186711274
0.002897784467502907
0.002897783232305432
0.002897782030223702
0.0028977808042839623
0.002897780040506057
0.002897779247706744
0.002897778578062104
0.002897777962874573
0.002897777280569211
0.0028977765034785873
0.002897775752174812
0.002897774996900209
0.002897774219215111
0.002897773556791189
0.0028977729667635757
0.002897772392464807
0.002897771763257157
0.002897770819555319
0.002897770028087936
0.002897769358082634
0.002897768646122033
0.0028977678173726642
0.002897766700276117
0.002897765328785505
0.002897763427616007
0.002897760360891411
0.002897755469275971
0.0028977475801768007
0.002897738584459406
0.002897727105148049
0.002897711634391666
0.0028976895793387863
0.002897655308257324
0.002897603790571145
0.0028975566014937983
0.0028975140174971677
0.002897477644961862
0.002897452687250158
0.002897444261651133
0.0028974544768280877
0.002897480808375024
0.0028975226799792153
0.002897575365752333
0.0028976353033239454
0.002897707545713189
0.002897785429493262
0.002897871446117289
0.0028979718437328428
0.002898090477181594
0.002898180540420008
0.002898265033201335
0.00289838188366778
0.0028984943384233173
0.002898606554712851
0.0028987413128816132
0.002898896379768603
0.0028990972013244513
0.002899389989294874
0.002899801352410426
0.002900214498298426
0.002900619913898072
0.0029010144584697187
0.002901393121161116
0.002901742021814334
0.002902037089532343
0.002902037865392496
0.002902039421232859
0.002902042713859967
0.0029020465185857713
0.002902051338414338
0.002902057928415709
0.002902062016267091
0.002902066673668895
0.0029020695949954893
0.002902072896818124
0.002902079408098955
0.002902093330382429
0.002902109749739854
0.002902127704674652
0.002902148750215651
0.002902171928594983
0.002902192879649554
0.0029022106378218566
0.002902227243242772
0.002902245312073116
0.002902259362526563
0.002902266578113489
0.002902271273075183
0.002902273520753096
0.00290227312041705
0.0029022686150659903
0.00290226183006529
0.002902255801832634
0.002902248989024016
0.002902241706374198
0.0029022334159141483
0.002902225464437482
0.002902216196765321
0.002902206106638067
0.002902192372407981
0.002902174967292711
0.002902151835564807
0.002902132700286359
0.002902115448957103
0.002902099314333093
0.002902081758682378
0.002902059761895344
0.00290204207570427
0.002902027975580461
0.002902014660321487
0.002902002117859352
0.0029019884821823968
0.002901971180116604
0.00290195333997588
0.002901935936587292
0.0029019192994913013
0.002901902010660509
0.002901882347268454
0.002901858828990796
0.002901829224871259
0.002901790315687664
0.002901749461959624
0.0029017050372140943
0.002901676083530363
0.002901646478118764
0.002901620285716059
0.002901595401388003
0.002901567567013721
0.002901527448498535
0.002901484902438639
0.002901450631811285
0.002901415265965749
0.0029013764143989928
0.0029013304943416927
0.0029012710490752378
0.002901202326266491
0.002901142222052669
0.0029010908040836138
0.0029010425384669862
0.002900994774111239
0.0029009430272602488
0.0029008850497762063
0.0029008139196504013
0.002900721406826208
0.0029005900581916917
0.002900497974843186
0.002900414311673355
0.002900308777397657
0.002900124135676684
0.002899931036568117
0.002899744034530866
0.00289957009767773
0.002899413236081409
0.002899325999328489
0.002899325576182265
0.002899324731109939
0.002899323047140568
0.002899321379950007
0.00289931947322397
0.002899318760469667
0.002899318051462378
0.0028993176445654407
0.002899317261042671
0.00289931649853909
0.002899314996020841
0.002899313063496757
0.002899311127263995
0.0028993090651798933
0.002899306787311253
0.002899304261373244
0.002899301405312769
0.002899298281814261
0.002899294811149536
0.002899290967048352
0.00289928683060953
0.002899282364425626
0.002899277316785543
0.002899269914951572
0.002899262552159041
0.002899256331345423
0.002899250812935714
0.00289924459281642
0.002899237216803118
0.00289922821657583
0.002899220492596147
0.002899214661928234
0.002899209428256124
0.002899203089789233
0.0028991962658393407
0.002899191111467262
0.002899185904459389
0.002899180160094473
0.0028991730643499677
0.002899165932514047
0.002899159746802358
0.002899153886076833
0.002899147192307382
0.002899142805722323
0.002899138241667528
0.002899134229840756
0.002899130474091137
0.0028991264451619612
0.002899121410483735
0.002899116553905805
0.002899111587149538
0.0028991069083200162
0.002899102065654224
0.002899096669815138
0.002899090150449863
0.002899082036164911
0.002899070956846638
0.002899054626998933
0.002899027575898694
0.002898997612912648
0.0028989690097878
0.0028989418577936867
0.002898916529688482
0.002898893325584232
0.002898878415545667
0.002898878261857141
0.0028988779545038408
0.002898877564507372
0.002898877151568857
0.0028988769726266948
0.002898876774775299
0.002898876498265274
0.002898876083729978
0.002898875507179065
0.00289887491135636
0.0028988743047517022
0.002898873657027322
0.002898872895263673
0.002898871732449686
0.0028988703268167703
0.002898869161897448
0.002898867982831089
0.00289886668594972
0.00289886532568617
0.002898863619230379
0.002898862968216483
0.002898863349394295
0.002898864907465364
0.002898866523738445
0.002898869288968585
0.002898871597824253
0.002898873528018923
0.002898875347673874
0.002898877137443467
0.002898879143754393
0.002898882365896169
0.0028988848633558057
0.002898886916315975
0.00289888901082065
0.002898891258674606
0.002898893997267448
0.002898897383823978
0.002898899756244949
0.002898901931900742
0.002898903844259808
0.00289890583071426
0.002898908314171016
0.0028989115772532757
0.002898914117679495
0.002898916483884185
0.002898918990985695
0.002898921818673335
0.002898925307187867
0.002898929936685331
0.002898936010820662
0.002898945221095676
0.002898955439896308
0.002898966018742189
0.002898977375514932
0.0028989898701313652
0.0028990026329211178
0.00289901499919907
0.002899026495506804
0.00289903660147421
0.002899036960328756
0.002899036986826896
0.002899037039654286
0.002899037107322296
0.002899037175381019
0.002899037239404871
0.0028990372044107
0.002899037135068619
0.00289903708325692
0.002899037016742465
0.002899036923039617
0.002899036833582065
0.002899036639308326
0.002899036123713195
0.002899035309306974
0.0028990342846134222
0.00289903304886172
0.002899031466310301
0.002899029027563603
0.0028990265689004652
0.002899023036292738
0.002899020256848786
0.002899016772532074
0.002899012672810516
0.0028990070681062727
0.002899003514393408
0.0028990003714958147
0.002898997298849384
0.002898991658637334
0.002898987753123612
0.002898984625042744
0.002898980039319969
0.002898976632585128
0.002898972354111558
0.002898965087470843
0.002898958445440743
0.0028989524135474218
0.00289894982608648
0.00289894806907868
0.00289894541506282
0.002898945103416047
0.002898944211462457
0.0028989444260994366
0.002898944853234584
0.002898945482660327
0.002898946306039831
0.0028989459988969348
0.002898947955729588
0.002898949691293757
0.002898951364319678
0.002898953700491814
0.002898955963047864
0.0028989584079220708
0.002898961273065884
0.002898964806917117
0.002898969495216699
0.0028989761725139993
0.002898985754504307
0.002899001576814105
0.002899032112118305
0.002899088019598725
0.00289915167948806
0.002899219794881622
0.002899293691297782
0.0028993738689832627
0.0028994615929311836
0.0028995574383953327
0.002899661124159429
0.002899758909949668
0.002899846761916318
0.0028999284485991283
0.002900010168468033
0.002900110905585794
0.002900206024677726
0.002900271173183854
0.0029003303642938312
0.002900390023066857
0.002900455477146241
0.002900527184978332
0.002900617145293364
0.002900697843871462
0.002900714916599419
0.002900715132481728
0.0029007155645486213
0.0029007164458809773
0.002900717490201881
0.002900718881887489
0.0029007212391492032
0.002900725075853806
0.002900727557915938
0.0029007304571267607
0.002900731480307828
0.0029007329776469582
0.002900735575729197
0.002900740904860071
0.002900746986670373
0.002900752746167082
0.002900758353709449
0.002900764119193303
0.002900769797907848
0.0029007753877701497
0.002900781290874989
0.002900786159803792
0.002900790302843809
0.002900793766470243
0.002900796869709647
0.002900800135093802
0.0029008035413521367
0.00290080709092
0.002900810272095547
0.0029008133454977033
0.002900816239569884
0.002900816610743327
0.002900820321450602
0.002900823687125399
0.002900825983653682
0.0029008283028600238
0.002900829966588008
0.002900831989672672
0.002900832255359032
0.002900834130891458
0.002900835460900892
0.002900836649229121
0.00290083690429684
0.002900838484252909
0.002900839274996752
0.002900839827439055
0.0029008400309529178
0.0029008385782689763
0.0029008395761573238
0.0029008395243840497
0.002900839247775486
0.002900837960706736
0.00290083786442166
0.002900837182678611
0.0029008356868995312
0.002900834587496991
0.002900833351943475
0.00290083197131352
0.002900829539163267
0.002900827774802753
0.0029008249099770718
0.002900820105388811
0.00290081384171279
0.002900802171914754
0.0029007864417144383
0.0029007710360813973
0.002900757689357605
0.002900738123487475
0.0029007200225132806
0.0029007034781194057
0.002900684114957785
0.002900656480826916
0.002900610467368762
0.002900521523300229
0.002900417143236919
0.002900298864087506
0.002900164836047292
0.002900015015436548
0.002899849940479869
0.002899671473386697
0.002899483618432965
0.002899287477712221
0.002899085586256778
0.002898883966778847
0.002898679058521602
0.002898480457372107
0.002898303528542667
0.002898217499433779
0.0028982166854910987
0.002898215061570152
0.002898211832639668
0.002898210219793545
0.002898208613479621
0.002898207817556694
0.00289820679086128
0.0028982052632751647
0.0028982029788902383
0.002898200920265053
0.0028981986656353427
0.00289819590734902
0.002898192554385004
0.002898189069278904
0.002898185161806358
0.0028981801468218973
0.002898173543171501
0.002898166458151688
0.002898160425770755
0.002898154992024284
0.002898149544063058
0.0028981428365379342
0.0028981358170605833
0.002898130807413253
0.002898126290529291
0.002898122052552796
0.002898118375316155
0.0028981151473065118
0.002898111878143729
0.002898107214368068
0.002898103013634719
0.002898099533961002
0.0028980958865160947
0.002898091793830881
0.002898086324313337
0.0028980796619640418
0.002898073851539368
0.002898068872697019
0.0028980640405254967
0.002898058344872688
0.0028980545765670907
0.002898050583887773
0.002898047020890911
0.002898043642099391
0.002898039997515098
0.002898035473767008
0.002898031083651384
0.002898026114387697
0.002898021678221034
0.002898017006367762
0.002898011794908296
0.002898005487530617
0.002897997597798207
0.00289798678536123
0.0028979708011947
0.0028979442939633
0.002897901154796855
0.002897857779954998
0.002897815603658187
0.002897774895711978
0.002897736790492012
0.002897702066507774
0.002897701847663804
0.002897701714784584
0.002897701597748015
0.002897701364082365
0.00289770104806104
0.002897700581879332
0.002897700146299274
0.002897699881101611
0.0028976997510086083
0.0028976995940852407
0.002897699280993514
0.002897698910572263
0.002897698505839104
0.002897698122610987
0.0028976977814634077
0.002897697454380592
0.0028976970916147673
0.002897696547457406
0.002897696010305038
0.002897695555393189
0.002897695061285999
0.002897694512617583
0.002897693808640005
0.0028976927940008532
0.002897691416966369
0.002897689931056156
0.0028976882295328483
0.002897686234260896
0.00289768373272945
0.002897680233881551
0.00289767654610333
0.002897673877952597
0.002897671333532026
0.0028976690036213388
0.002897666749030672
0.0028976644168976088
0.002897661702185129
0.0028976579326728787
0.002897652258652289
0.0028976435942392113
0.002897636118531039
0.0028976293425514417
0.00289762329906939
0.002897619022672286
0.0028976190064722972
0.00289761897413292
0.00289761890974474
0.002897618857524132
0.002897618828590001
0.0028976187997378773
0.002897618783886453
0.0028976187626962367
0.002897618730842239
0.002897618691939763
0.0028976186535299058
0.00289761861580946
0.0028976185724377862
0.002897618521303079
0.002897618465184118
0.0028976184119711593
0.002897618353996385
0.002897618283686101
0.0028976182053444817
0.00289761812015155
0.0028976180220753383
0.0028976178986479862
0.0028976177267962372
0.0028976175682630632
0.002897617428899249
0.0028976172977365137
0.002897617164555184
0.002897616999588977
0.0028976168827165648
0.0028976167588153287
0.0028976166528291683
0.002897616561824387
0.002897616478013915
0.002897616397151185
0.0028976163113025102
0.002897616202193658
0.002897616088435992
0.002897615948036052
0.002897615795758749
0.00289761561029375
0.0028976153531516348
0.002897614961796863
0.002897614277305986
0.002897613625342794
0.002897612718062529
0.00289761178401734
0.002897610797914411
0.0028976094584141176
0.002897607759246084
0.00289760513232403
0.0028976033036841368
0.0028976014736670263
0.002897600429285459
0.002897600404936179
0.002897603514282169
0.002897612618070171
0.002897626174313864
0.002897643695333985
0.002897665686164594
0.002897692941549443
0.002897725669722943
0.002897766836049336
0.002897820385872883
0.002897894177094067
0.002897984604449684
0.00289807243222256
0.002898156117376462
0.002898233281481316
0.002898299478499755
0.002898299695378208
0.002898300128494996
0.002898300981369325
0.002898301636774471
0.002898302201299236
0.002898302811954286
0.002898303343806277
0.002898303545676377
0.002898303863678066
0.002898304318658783
0.002898304802833663
0.002898305271439074
0.0028983057718097063
0.002898306165909189
0.002898306492927683
0.0028983066925440232
0.002898305943094957
0.0028983056774048092
0.002898304543566565
0.00289830277026384
0.00289829935576948
0.0028982951388945083
0.0028982908842089643
0.0028982886828590082
0.0028982903930411833
0.0028982973792713476
0.002898310518547908
0.002898329516672776
0.002898353695692096
0.002898377769117487
0.002898404136869663
0.002898429599913459
0.002898453145792626
0.002898477895847601
0.002898506781595447
0.002898547619385068
0.002898611445616824
0.002898724203658693
0.002898846699729023
0.002898956124166152
0.002899054310990105
0.002899141110571227
0.00289921681828459
0.002899235799986018
0.00289923589699662
0.002899236090766417
0.002899236473341758
0.002899236864122383
0.002899237181083939
0.002899237208208791
0.0028992367470156394
0.00289923630036622
0.002899236009339752
0.00289923565412807
0.0028992352014029863
0.002899234697606252
0.002899233413283003
0.0028992307682177763
0.002899225597750689
0.0028992137033163417
0.002899202701996115
0.002899186560232008
0.002899165581482593
0.002899135675849747
0.002899098281188346
0.002899056504352245
0.002899014713702574
0.002898973189377603
0.002898939928011022
0.002898924765179204
0.002898924910079867
0.002898938023047681
0.002898962292285406
0.0028990025946921756
0.00289903584140335
0.002899065852733939
0.0028990969733249227
0.002899130696088195
0.00289916676589449
0.002899198443153394
0.0028992225191250207
0.002899243447947801
0.0028992671873031813
0.002899288940046114
0.002899310846270141
0.0028993323311994
0.002899355469491266
0.002899383353000046
0.002899417463676586
0.002899464779032656
0.002899503576413978
0.002899534957283131
0.002899563417579322
0.002899591972395846
0.002899631262238754
0.0028996620615187227
0.002899684274765486
0.002899704241258631
0.002899723436978369
0.0028997439341124
0.002899770304552011
0.002899794998598365
0.002899820001147854
0.00289984373177501
0.002899868312194818
0.002899895723525607
0.00289992887408006
0.002899969935921927
0.00290002551301889
0.002900106360345365
0.002900238292974357
0.002900467079514933
0.002900705048137791
0.0029009504015389868
0.002901215616771357
0.00290140681837266
0.0029015981090187663
0.002901805246120478
0.0029020817853258767
0.0029024044058906357
0.002902721432609555
0.0029030203397866433
0.00290329339942717
0.002903534997797138
0.002903562824444956
0.002903564359082002
0.002903567705348867
0.0029035738072611342
0.002903577587059587
0.002903581907242139
0.002903585443066156
0.002903589464327569
0.002903594859791341
0.002903602311497661
0.002903608413125276
0.002903613919112006
0.0029036186661567554
0.002903621696784792
0.0029036237184120518
0.002903625406949116
0.002903627141216412
0.002903629837524755
0.002903634547132293
0.00290364061328137
0.002903647871110973
0.0029036562823405517
0.002903666095018589
0.00290367737254907
0.002903691224938535
0.0029037077683815317
0.0029037278202615944
0.002903744164367417
0.002903744596050588
0.002903744646141068
0.002903745022571493
0.002903749153972571
0.002903760255966614
0.002903774954757909
0.00290378086184966
0.002903789526504538
0.002903805917543243
0.002903826881307014
0.0029038455080422562
0.002903860724940542
0.0029038702553988763
0.0029038729520729652
0.00290386684290772
0.0029038516189267703
0.002903827586156733
0.002903797031405371
0.0029037594965455383
0.0029037128456254123
0.002903649684667639
0.0029035516019447517
0.0029034010165627172
0.0029032208363148873
0.0029030126607376273
0.0029027703276469628
0.002902452966693937
0.002902261498305642
0.00290213088812366
0.002902021387090497
0.002901944844550575
0.002901870955888927
0.002901756488322142
0.002901755904074912
0.002901755270048541
0.00290175475531137
0.002901754084598228
0.00290175325022531
0.00290175327074062
0.002901753953993196
0.00290175488913386
0.002901756207182486
0.002901758829156495
0.00290176304253567
0.002901767953978544
0.002901771896344963
0.002901774540037009
0.0029017751779925028
0.002901772168464255
0.002901766326460731
0.002901757222432637
0.002901743492652036
0.002901724119404619
0.002901700908071324
0.002901674276200616
0.0029016442586928632
0.0029016106149609027
0.0029015729396425992
0.002901531403295373
0.0029014933002214833
0.002901458434589227
0.002901425405654924
0.0029013919568670232
0.002901351375320698
0.002901318400318644
0.002901287786556597
0.002901260021187997
0.0029012327184544297
0.002901203872208356
0.002901176194343611
0.002901149292238902
0.002901118953780702
0.002901071957470713
0.002901042241468723
0.002901016999895012
0.002900991464266314
0.002900963963799605
0.0029009323384880763
0.002900893877241178
0.0029008937741293248
0.002900893565088636
0.0029008930440279617
0.002900892319008919
0.002900891230872137
0.0029008891548409532
0.002900884493022224
0.002900880788341219
0.002900875831230026
0.002900872781114117
0.002900868710967795
0.0029008588830294452
0.002900842680878663
0.002900821628583843
0.0029007923000767682
0.00290075748283233
0.002900716318478647
0.002900671763556843
0.002900639296040847
0.002900619619514712
0.002900614903823455
0.0029006243175136747
0.0029006448478437552
0.002900672374804191
0.002900699233012106
0.002900726097178981
0.00290075921914452
0.002900778399668532
0.0029007975750737483
0.002900815079150527
0.002900832251925258
0.002900852630764703
0.002900878903907063
0.002900903469740806
0.0029009255022917147
0.002900948550367135
0.002900973208370117
0.002900992441099849
0.002901010053418946
0.002901028390092218
0.002901050350783035
0.0029010745297705217
0.0029011000805821037
0.002901123525282887
0.0029011477995417568
0.002901174855999293
0.002901207369762648
0.002901249836679186
0.00290130356502544
0.002901363479413696
0.002901433640123702
0.00290151977551835
0.002901607419293008
0.002901698229205493
0.0029017957733385702
0.0029019085240095097
0.002902021897301624
0.00290211787035542
0.002902225436598824
0.0029023494471268623
0.002902534955182297
0.0029028360776928047
0.002903199340556911
0.002903531019101926
0.00290382706579846
0.002904084251684087
0.002904299257760014
0.002904337728863548
0.0029043380773832042
0.002904338801883692
0.002904340894229632
0.00290434455399798
0.002904351315309463
0.0029043658906595504
0.002904383593848303
0.002904393939666827
0.002904404748040883
0.0029044099407185327
0.002904416188335249
0.002904428778633174
0.0029044508970067938
0.002904469416457077
0.00290448791300964
0.002904506918848513
0.002904525861791884
0.0029045419308501032
0.002904551478788491
0.002904555293630234
0.002904550853358772
0.002904535563791476
0.002904510094403713
0.002904474814521451
0.002904433228447089
0.002904388708175589
0.002904338746112259
0.002904266862349307
0.002904211295008671
0.002904166729948124
0.0029041222661690697
0.002904075178980832
0.0029040191070347277
0.00290395025275841
0.002903887566247809
0.002903842199683754
0.002903803207820281
0.0029037584576003
0.002903703989270437
0.002903665781874779
0.00290362797091298
0.002903586583520442
0.002903535827957409
0.002903489319012568
0.002903447523734397
0.002903404609294722
0.002903374346205364
0.002903335884671621
0.0029033055502010927
0.0029032790240450658
0.002903251984463521
0.002903221330096342
0.002903169413897704
0.00290313133180136
0.002903099162801616
0.002903065616473289
0.00290302904439991
0.002902983909547986
0.002902925979203795
0.002902843309050554
0.002902713418707918
0.0029025814938470128
0.002902472245718849
0.002902354745776021
0.002902227893395295
0.002902130492563828
0.00290203772248732
0.0029019151165583404
0.002901778936607023
0.002901750417160132
0.002901750092399934
0.002901749449923172
0.002901748353219606
0.0029017479396122817
0.002901748813547984
0.00290175237214319
0.002901754640068742
0.002901755952869847
0.0029017573687890137
0.002901759023082331
0.002901760369014886
0.002901763316336436
0.002901769897726749
0.0029017799515909017
0.0029017903358186567
0.002901801984750471
0.002901814088963851
0.002901825493463615
0.00290183542181413
0.002901841627750896
0.002901842894621089
0.002901840151697231
0.00290183482886087
0.002901827254059315
0.002901816330038192
0.00290180319892256
0.002901787631360647
0.0029017725857318657
0.002901755867486312
0.002901738309690508
0.002901719103357164
0.002901703128377209
0.002901689414550069
0.002901676409077709
0.002901658833244769
0.002901640114791912
0.002901625483793316
0.002901610033966943
0.002901592204716695
0.0029015746279757683
0.0029015590888491778
0.0029015441162901557
0.002901527172578107
0.002901508198044367
0.0029014892514583482
0.002901469917187587
0.002901451879258263
0.0029014364519327047
0.002901421591861077
0.002901405897886445
0.0029013851743938833
0.002901366217307657
0.002901349288998264
0.002901332426073749
0.002901316280513767
0.002901297955771966
0.002901273162383349
0.0029012482884293142
0.002901225245606642
0.002901201602437145
0.002901174514689297
0.002901146579585273
0.0029011194763805467
0.0029010901719183713
0.002901055812419348
0.0029010105132667133
0.002900949714826096
0.002900888399478423
0.0029008389650158157
0.002900797550149974
0.002900764715799177
0.002900742803054644
0.002900731583559857
0.0029007303907281757
0.00290073646542331
0.0029007480526164107
0.00290076401761845
0.002900781561044791
0.002900800285073326
0.00290082068624016
0.00290084419304532
0.002900871966699922
0.002900907147109105
0.0029009546349410393
0.002901024198105752
0.002901094743223789
0.0029011644175336478
0.0029012332553958083
0.002901300431808317
0.002901365681313244
0.002901416020436758
0.002901450593009025
0.002901482950374533
0.0029014834162276603
0.002901483920242642
0.002901484447483515
0.002901485105148644
0.00290148681417378
0.002901488131042502
0.0029014898856036813
0.002901491855487817
0.002901495341949319
0.002901503793279392
0.002901512253150634
0.0029015207367681702
0.0029015289992445612
0.0029015356272078232
0.002901538985362907
0.0029015378631779727
0.002901530455118371
0.002901515940328198
0.002901496914691356
0.002901475909675832
0.0029014518132074968
0.002901421878458971
0.0029013837505162906
0.002901341519466124
0.002901296756627283
0.002901245950988951
0.0029011888395328728
0.002901121513873874
0.002901036509176118
0.002900937604995297
0.002900875978477329
0.002900849425622679
0.002900809686761351
0.0029007753598161616
0.002900736763791469
0.0029006967992102686
0.002900689515714221
0.0029006891359031578
0.002900688477882291
0.002900688188939766
0.002900688376236694
0.002900688963300677
0.002900689961057862
0.002900692059809113
0.002900698046893421
0.002900704671063541
0.002900711007891371
0.002900717827786667
0.002900724199348791
0.0029007295254756702
0.002900729679008071
0.002900726283944929
0.0029007191630924453
0.0029007099226678857
0.002900697765563872
0.002900682410136633
0.0029006667903834914
0.002900647639547657
0.0029006310071530298
0.002900616639055722
0.0029006032875530047
0.0029005907050268756
0.002900577633669205
0.002900563314090221
0.0029005401667135857
0.0029005214813638772
0.002900506037418744
0.0029004898528708902
0.002900472773593066
0.002900451571223519
0.002900424851193996
0.0029003937055474657
0.002900370863010147
0.002900353129672
0.002900336433430167
0.002900318569507341
0.002900293266043237
0.00290026483796774
0.0029002426372394573
0.002900220178062721
0.0029001965209289812
0.002900169792175413
0.002900139078559524
0.002900108524262288
0.002900085851263673
0.002900067681530992
0.002900051264415173
0.002900034782292528
0.002900017404245764
0.002899996912979643
0.002899970980738454
0.0028999355923893123
0.002899901829693611
0.002899875712464738
0.002899850248358312
0.002899815039257327
0.0028997737367264242
0.0028997301208469922
0.002899692263417837
0.002899682116133756
0.002899681939791562
0.0028996815873582
0.002899680858085295
0.002899680133004639
0.002899679889905519
0.002899679508857176
0.0028996787355729248
0.002899677464091139
0.002899675307074916
0.002899672834437547
0.002899667871352804
0.002899661855089482
0.0028996542851385293
0.002899646582330911
0.0028996382921012338
0.0028996326921697617
0.002899632333440841
0.002899637095485059
0.002899648444457104
0.0028996641018856567
0.002899683456572899
0.002899707008036867
0.0028997359905237
0.002899773851953749
0.00289981582355418
0.002899850626107592
0.0028998791220374107
0.0028999011899779907
0.002899917352468205
0.002899927992732795
0.0028999334160089763
0.002899934007143787
0.002899930348492303
0.002899923297217797
0.002899917901872595
0.002899917860375684
0.0028999177821842762
0.002899917627376935
0.002899917483065987
0.002899917369017649
0.0028999173098140907
0.002899917248637005
0.00289991720194025
0.002899917162083507
0.0028999170823475902
0.0028999169294328404
0.002899916661749213
0.002899916363149799
0.002899916026174533
0.002899915619910442
0.002899915129710382
0.0028999147357819163
0.002899914421048904
0.00289991415157698
0.0028999139036447403
0.0028999136621311408
0.00289991359727819
0.002899913523186217
0.002899913498454936
0.002899913503201109
0.002899913523697825
0.002899913557171347
0.002899913619233549
0.0028999137041574503
0.002899913773486348
0.002899913856131399
0.002899913957637494
0.002899914091012323
0.002899914283886598
0.0028999145374452788
0.002899914723789422
0.002899914860006715
0.00289991497157327
0.0028999150651262107
0.0028999151692938358
0.002899915226142528
0.002899915274432616
0.002899915309845158
0.0028999153357225937
0.002899915354945372
0.002899915358188802
0.002899915348074024
0.002899915319107289
0.002899915281594441
0.002899915226724991
0.0028999151539028
0.00289991504726027
0.002899914884448745
0.002899914599157096
0.002899914069536358
0.002899912915692193
0.00289990970196744
0.0028999037409465733
0.002899894950021055
0.002899881739639149
0.002899867908182617
0.002899847631560244
0.002899833890548755
0.002899822248762282
0.002899808531150227
0.002899793065447701
0.002899769592516643
0.0028997491252526998
0.002899749047576196
0.0028997488981578642
0.0028997487624451176
0.002899749042290305
0.002899749849066032
0.002899750288015476
0.002899751191160384
0.002899752442801856
0.0028997558366648858
0.002899760108957148
0.002899766105893096
0.002899772430111457
0.002899780048178884
0.002899784976508363
0.002899789331641098
0.002899791687841543
0.002899794160576779
0.002899794822503491
0.002899794415894371
0.002899792162903778
0.002899789959353176
0.002899786137049783
0.002899782192249581
0.002899778021642941
0.002899774576518677
0.002899770780741831
0.002899763812719099
0.002899758562913506
0.002899753556333779
0.0028997477791238182
0.0028997421798775203
0.002899736393822872
0.002899729817794938
0.002899721917979799
0.002899710464159195
0.002899701782737099
0.002899694103914251
0.002899685696129221
0.002899676140344476
0.002899663807944526
0.00289965329698163
0.002899645181520919
0.002899637847211131
0.0028996306988034017
0.0028996230682368893
0.002899613613041813
0.002899603839074834
0.002899594555496599
0.002899584979735025
0.00289957530333079
0.0028995644929231167
0.002899551464736275
0.002899538642191174
0.002899525824742051
0.002899511620560917
0.002899494769017972
0.00289947439398002
0.002899447358668171
0.0028994097546494358
0.002899352249594425
0.002899287458722227
0.002899216154718272
0.002899138463804944
0.002899049279938726
0.002898960426954577
0.002898877248431062
0.0028987925082849418
0.002898684721894208
0.002898585800412072
0.002898516411141775
0.002898453358684402
0.0028983913374923077
0.002898340922172195
0.002898295133984839
0.002898249003579036
0.002898199733459457
0.002898171325214369
0.00289814853769952
0.002898132037627581
0.002898117536672577
0.00289811741795284
0.002898117180978162
0.0028981167093109963
0.002898116350955307
0.002898115795955762
0.002898115288238625
0.002898115173134871
0.002898114943288112
0.002898114741624915
0.002898114416581457
0.002898114106809774
0.002898113838874242
0.0028981135804766723
0.002898113302935305
0.00289811286712286
0.0028981125434478
0.002898112281006662
0.0028981120118148312
0.00289811172261591
0.002898111405823785
0.00289811111480455
0.002898110885875751
0.002898110684767943
0.0028981104571052397
0.002898110224603594
0.002898110005557038
0.002898109772113613
0.00289810951178941
0.00289810918642856
0.0028981087633090916
0.0028981081289725873
0.0028981072591884338
0.0028981064749725757
0.0028981057575229487
0.002898105027835311
0.002898104208077587
0.002898102994148507
0.002898102022944625
0.002898099645057304
0.002898099351253876
0.002898098241125487
0.002898096948985923
0.002898095512647202
0.002898093697531903
0.002898089408227256
0.002898086473294111
0.002898083591272117
0.002898079478681006
0.002898075476597625
0.002898068952964409
0.0028980594731242
0.00289804351108088
0.002898018298452302
0.0028979866078108953
0.0028979533055971053
0.002897926124108822
0.002897914552723272
0.002897918549758066
0.002897937374378596
0.002897969544990463
0.002898013314697342
0.002898056992946348
0.002898097802659777
0.002898136130290079
0.0028981736568076547
0.0028982144025749127
0.0028982731617200053
0.002898324594535373
0.002898364834709379
0.002898404491986237
0.00289844641642282
0.00289849455794872
0.002898555018162179
0.002898596460918698
0.002898637478350784
0.002898673157570903
0.002898706620187701
0.002898743609004225
0.002898798315762713
0.002898850425662061
0.002898894224053342
0.002898940477741652
0.00289899385011146
0.002899060853398115
0.002899152616374525
0.002899249346839845
0.002899345925912301
0.002899447747172436
0.002899560481505898
0.0028996901269171017
0.0028998428609605157
0.002900033403407552
0.002900212595182902
0.0029003904678287116
0.002900584851517557
0.0029008221728531003
0.002901124876388289
0.00290145363237723
0.0029017451582820128
0.002901871233305556
0.0029018725009408533
0.00290187503927529
0.002901880304779153
0.0029018838422009063
0.002901887496260424
0.002901889256674983
0.0029018916182895383
0.002901895983918037
0.002901903033929021
0.002901909518438679
0.002901917009548749
0.0029019260543818337
0.0029019365129928517
0.002901948557417836
0.002901959991081651
0.0029019702750294153
0.002901978738522689
0.00290198521594137
0.002901988725257564
0.002901987594703424
0.002901979441012006
0.002901964738141441
0.0029019437118729583
0.002901916254173792
0.002901881921480799
0.002901840426303331
0.002901791532789967
0.002901735658446315
0.002901674359972972
0.0029016090411039088
0.002901540979296921
0.002901471601582109
0.0029014023667133402
0.002901336117224054
0.002901283442526088
0.002901245573803041
0.002901245366982039
0.002901244958986614
0.002901244296870827
0.00290124425908334
0.002901245262315816
