0.002897269408609343
0.0028972694073509607
0.002897269407846995
0.002897269408965798
0.002897269409154584
0.002897269420410429
0.002897269468452157
0.0028972696219895697
0.00289726975982001
0.002897269951536618
0.002897270168799522
0.002897270377716291
0.0028972705547527177
0.0028972706488155117
0.002897270643985298
0.002897270463037733
0.002897270233661012
0.002897270090876299
0.002897269933032373
0.002897269832955635
0.00289726966869628
0.002897269390063472
0.00289726892124269
0.00289726842256027
0.002897267858754686
0.002897267321679819
0.0028972667724921812
0.002897266177049695
0.002897265585488098
0.002897265264906453
0.0028972652661833393
0.002897265588614442
0.002897266152140432
0.0028972667352179433
0.0028972671748009253
0.002897267513685289
0.0028972677907543203
0.002897268014160548
0.002897268249942896
0.002897268453035341
0.0028972686878482768
0.002897268891599344
0.0028972691052880552
0.0028972693147527938
0.002897269472620297
0.002897269601820856
0.002897269719522723
0.00289726983057923
0.00289726995104733
0.002897270075760106
0.002897270226233529
0.002897270352340031
0.002897270474799288
0.002897270516789052
0.002897270587827436
0.002897270633620595
0.002897270665788007
0.002897270686750636
0.002897270698446995
0.002897270673969411
0.002897270594351997
0.002897270504657236
0.002897270405800889
0.00289727030164366
0.002897270198235328
0.002897270062506732
0.002897269896669732
0.002897269761257332
0.002897269660454149
0.0028972695870661137
0.002897269525009356
0.0028972694589479036
0.002897269405464734
0.002897269317646745
0.0028972692873933813
0.002897269259970216
0.0028972692347809027
0.002897269207682096
0.002897269185816352
0.002897269148018376
0.0028972691197064787
0.002897269094238692
0.0028972690708225658
0.002897269048303126
0.002897269028570915
0.002897269008852079
0.002897268988361835
0.002897268965881617
0.002897268942070129
0.002897268918486926
0.002897268892514833
0.0028972688573591712
0.002897268828675725
0.002897268805187466
0.002897268786529303
0.002897268775345557
0.002897268764354164
0.002897268757059561
0.0028972687497607046
0.0028972687455773452
0.00289726874169877
0.002897268738913603
0.00289726873644726
0.002897268734570208
0.002897268732871821
0.002897268731526345
0.002897268730292311
0.0028972687292930263
0.002897268728350692
0.0028972687276255958
0.0028972687268753123
0.002897268726248223
0.002897268725627946
0.002897268724953545
0.0028972687242933043
0.002897268723728902
0.002897268723166561
0.002897268722684831
0.002897268722199556
0.00289726872177365
0.002897268721330434
0.002897268720922323
0.002897268720472064
0.00289726872001139
0.002897268719399181
0.0028972687188385353
0.00289726871821532
0.002897268717687941
0.002897268717118158
0.0028972687165555793
0.002897268715898204
0.002897268715209918
0.002897268714381783
0.002897268713434392
0.0028972687122915393
0.0028972687108263116
0.002897268710412694
0.00289726871001111
0.002897268709612352
0.002897268709125051
0.002897268708554399
0.002897268707959273
0.0028972687074051576
0.002897268706861485
0.002897268706298343
0.0028972687056700776
0.002897268704936873
0.00289726870429361
0.002897268703659263
0.002897268702649928
0.002897268702001462
0.002897268701127603
0.002897268699992012
0.002897268698785452
0.0028972686975686688
0.0028972686970455282
0.002897268696569724
0.002897268696189472
0.00289726869589306
0.002897268695468421
0.002897268695142242
0.002897268694809231
0.002897268694330259
0.002897268693414081
0.002897268692178161
0.00289726869066992
0.0028972686886541876
0.0028972686869290117
0.0028972686852800178
0.002897268685036801
0.0028972686862004057
0.002897268688524974
0.002897268691747042
0.00289726869576638
0.002897268700462496
0.002897268706660858
0.002897268715411716
0.002897268724311387
0.002897268735037589
0.00289726874544045
0.002897268756421708
0.002897268768691262
0.002897268783571118
0.00289726880165622
0.002897268825598875
0.002897268849574645
0.002897268867701973
0.002897268899211028
0.0028972689414190427
0.002897268990916676
0.002897269034401434
0.0028972690820262418
0.002897269120058155
0.002897269156386513
0.00289726920331746
0.002897269250030776
0.002897269305956771
0.002897269371862496
0.002897269442296159
0.002897269487798403
0.002897269497326379
0.0028972694824638
0.0028972694736433178
0.0028972694648492403
0.002897269420027192
0.002897269281968077
0.002897269207474512
0.002897269256780141
0.00289726932107719
0.002897269433993608
0.002897269538780228
0.002897269707273316
0.002897269969471017
0.002897270322239122
0.002897270617424773
0.002897270777501268
0.002897270841392091
0.002897270843140641
0.002897270780518089
0.002897270636966686
0.002897270451762064
0.002897270288244209
0.002897270102287144
0.002897269902107051
0.002897269672532021
0.002897269400392052
0.002897269156184489
0.002897268949257326
0.002897268782691186
0.0028972686562478422
0.0028972685052799088
0.002897268412266799
0.002897268336050847
0.002897268294856334
0.002897268285928302
0.002897268310000364
0.002897268370180707
0.002897268471716448
0.0028972686238994197
0.002897268843691434
0.002897269152790828
0.002897269437219469
0.002897269530374314
0.002897269497321633
0.0028972694261942817
0.0028972694087371813
0.002897269512434868
0.002897269628123207
0.002897269785090893
0.002897269896353603
0.0028972700422216294
0.00289727025812046
0.002897270455791426
0.002897270532118153
0.002897270518014113
0.002897270432039298
0.002897270291576798
0.002897270124148345
0.002897269974305254
0.002897269744011699
0.002897269532737076
0.002897269317393275
0.002897269063675021
0.002897268793258195
0.0028972685189309084
0.002897268293039881
0.00289726811353009
0.002897267979882553
0.002897267898707631
0.00289726789361099
0.0028972679610505337
0.002897268063025774
0.002897268171472984
0.0028972682768014547
0.002897268380166135
0.002897268483970828
0.002897268598292093
0.002897268767988573
0.002897268888833005
0.002897268977762178
0.002897269061451058
0.002897269142998645
0.002897269232555302
0.002897269328862142
0.002897269433045622
0.00289726950290648
0.0028972695562721404
0.002897269591252456
0.002897269617217308
0.002897269637966387
0.002897269655905085
0.002897269669325384
0.002897269675884313
0.002897269676103092
0.0028972696740065793
0.002897269669445229
0.0028972696625526244
0.002897269653069851
0.002897269640165169
0.002897269623073563
0.0028972696025280488
0.002897269587655165
0.0028972695795884892
0.002897269577908949
0.0028972695807719987
0.002897269584336502
0.002897269586642293
0.0028972695713717052
0.002897269489750743
0.002897269005802634
0.002897268387166166
0.002897267509876522
0.002897266439732139
0.00289726545440077
0.002897265140953159
0.002897264855082916
0.002897264546198404
0.002897264544618488
0.002897264957386272
0.0028972656633406728
0.002897266502869773
0.00289726785514792
0.002897269074382002
0.002897269885627416
0.002897270472435553
0.002897270869033726
0.002897271090940508
0.002897271237949987
0.002897271339101059
0.002897271406476429
0.002897271441928239
0.0028972714576298527
0.002897271462447171
0.002897271464256843
0.0028972714627347037
0.002897271456346983
0.0028972714429516284
0.0028972714297553948
0.002897271400799337
0.002897271359027359
0.00289727130224332
0.002897271229202674
0.002897271134739366
0.002897271012969659
0.002897270860015108
0.0028972706751001333
0.002897270461042486
0.002897270225947245
0.002897269985780773
0.002897269765298728
0.002897269594294028
0.002897269526184376
0.002897269505597055
0.002897269501180725
0.0028972694999777502
0.0028972694994350103
0.002897269498905505
0.002897269508257107
0.002897269526503487
0.002897269553852288
0.0028972695757365293
0.0028972696188535488
0.002897269657275889
0.0028972697049236412
0.002897269713808759
0.0028972696953821126
0.0028972696739461043
0.002897269666028811
0.002897269670318049
0.002897269659912802
0.002897269664368833
0.00289726966234378
0.0028972696595168457
0.002897269682459549
0.0028972697359366637
0.002897269877129424
0.002897270252433101
0.002897270898365143
0.0028972718748535987
0.0028972731579595973
0.0028972747049890303
0.002897276534919191
0.00289727884280411
0.002897280555813724
0.002897281915918296
0.0028972828097887098
0.0028972833887887027
0.002897283674994999
0.0028972835031855983
0.0028972827117456053
0.002897281575442397
0.002897280354015447
0.002897279026363077
0.002897278056931222
0.002897277349447075
0.002897276880298573
0.002897276534467735
0.002897276275344161
0.0028972760609388922
0.002897275807441154
0.0028972754964749483
0.002897275101642389
0.0028972746070420477
0.002897274024211035
0.002897273340320306
0.002897272525230059
0.00289727144983583
0.002897270710257599
0.002897270039627384
0.00289726955413247
0.002897269195883411
0.002897268919133692
0.0028972687044528547
0.002897268531827251
0.002897268388725459
0.002897268246794682
0.0028972681980438796
0.002897268182052104
0.0028972681785526177
0.002897268185978879
0.002897268200720628
0.00289726822691659
0.002897268266061872
0.002897268323302747
0.002897268404782716
0.002897268524686354
0.002897268676942518
0.002897268795828592
0.002897268884932701
0.002897268951221007
0.0028972689994524923
0.002897269039471602
0.0028972690656381378
0.002897269095244034
0.002897269117579216
0.0028972691382603078
0.002897269165973386
0.002897269212555887
0.00289726926225888
0.0028972693093767643
0.002897269325133539
0.002897269386988859
0.002897269639856905
0.0028972701083116318
0.002897270601944432
0.0028972709735753254
0.0028972711352855877
0.002897271062848342
0.002897270880368279
0.002897270534160777
0.0028972699824182527
0.0028972694819881218
0.002897269032361391
0.0028972686523047893
0.002897268411985284
0.002897268251696545
0.002897268126440338
0.002897268024416292
0.0028972679287268548
0.002897267864072113
0.0028972678288650927
0.00289726782660576
0.002897267832177049
0.0028972678357010737
0.002897267843917271
0.0028972678514701212
0.002897267857405412
0.0028972678632755836
0.002897267870398448
0.002897267876677144
0.002897267884327498
0.002897267888606517
0.002897267892939702
0.00289726789680683
0.002897267902560109
0.002897267906967346
0.002897267912094961
0.0028972679194345908
0.0028972679321474172
0.002897267953972597
0.0028972679792468137
0.0028972680080629138
0.002897268040916245
0.002897268076838188
0.002897268113531373
0.002897268143568314
0.002897268150712047
0.002897268131877745
0.002897268087060439
0.002897268015398734
0.0028972679159637704
0.0028972677859294663
0.0028972676215145822
0.002897267417696401
0.0028972671680055303
0.002897266864076736
0.002897266495778196
0.002897266044344366
0.0028972654874579243
0.0028972649681375763
0.002897264499469294
0.002897264036267273
0.00289726354701786
0.002897262954082565
0.002897262375471102
0.002897261862450997
0.00289726143190038
0.0028972610644701618
0.002897260727442364
0.002897260400290539
0.0028972600273419304
0.002897259628065631
0.002897259354480999
0.002897259150916359
0.002897259031445804
0.002897259090680336
0.002897259400388952
0.002897259904131152
0.0028972605180423014
0.00289726105262553
0.002897261482307913
0.002897261852596986
0.002897262224763259
0.0028972626040192494
0.002897262959066686
0.002897263231902407
0.002897263467764787
0.002897263698849095
0.00289726393455807
0.002897264359893109
0.0028972647342226823
0.0028972650928209714
0.002897265410036646
0.0028972657063559637
0.00289726600095005
0.002897266316945747
0.002897266678933761
0.0028972667901381987
0.0028972670080420126
0.002897267344645619
0.002897267853484409
0.002897268403541469
0.002897268956420209
0.002897269533032697
0.002897270107600988
0.00289727064364827
0.002897271136628687
0.002897271592267856
0.002897272018205333
0.002897272395422494
0.002897272608959175
0.002897272753417942
0.002897272844240796
0.002897272904379041
0.002897272898948802
0.002897272866706161
0.0028972728221791227
0.002897272756780682
0.002897272672509386
0.002897272543691255
0.002897272394722696
0.002897272240076599
0.002897272081789259
0.0028972719135516222
0.0028972717247932127
0.00289727149680157
0.002897271210840396
0.00289727084768185
0.002897270388687033
0.002897269826541687
0.002897269295074
0.002897269088173856
0.002897268965650552
0.002897268554641097
0.0028972680710046
0.0028972675263567098
0.002897267083370126
0.002897266813583841
0.002897266597305385
0.002897266543136069
0.0028972665858745623
0.002897266699364123
0.002897267026249107
0.002897267530625493
0.0028972679472336347
0.002897268499350852
0.00289726897736927
0.0028972695270103157
0.002897269915165011
0.002897270181334275
0.002897270458376673
0.002897270593539886
0.002897270710002536
0.002897270759422272
0.00289727077856296
0.002897270765398221
0.002897270729907042
0.002897270669071286
0.002897270588361676
0.00289727048999163
0.0028972704597838832
0.0028972704028430102
0.0028972703465940932
0.002897270287906036
0.002897270215821458
0.002897270152130255
0.002897270094898736
0.002897270034715916
0.002897269939155975
0.002897269851272489
0.002897269797677489
0.002897269742823346
0.002897269701797758
0.002897269668551236
0.002897269631226816
0.002897269596865677
0.002897269565703598
0.002897269526241399
0.002897269494051532
0.002897269458972544
0.002897269387724901
0.0028972693014013926
0.002897269208152849
0.002897269121451545
0.002897269064470995
0.002897269030169889
0.002897268993699663
0.0028972689407362373
0.002897268872318361
0.002897268787756693
0.002897268746845535
0.002897268742786058
0.002897268738887675
0.002897268727038483
0.002897268702312361
0.002897268690120781
0.002897268711138105
0.002897268765475764
0.0028972688127476103
0.002897268875721876
0.002897268938299523
0.002897268997326782
0.002897269138417862
0.002897269382312819
0.002897269760316219
0.0028972701440753207
0.002897270506834198
0.002897270879527589
0.002897271246866478
0.0028972715358945612
0.002897271776021798
0.002897271973788504
0.002897272102760419
0.002897272147352912
0.002897272122499757
0.002897272041652463
0.002897271947752399
0.002897271848974572
0.002897271740537223
0.0028972716120426478
0.002897271393603851
0.002897271226996167
0.002897271088226825
0.002897270946665609
0.002897270795709475
0.002897270616939303
0.002897270388981588
0.002897270101216974
0.002897269690428409
0.002897269343966195
0.002897269106093396
0.002897268886968238
0.002897268676118936
0.002897268555002576
0.002897268457414701
0.0028972683677015738
0.002897268302649591
0.0028972683252433784
0.0028972685365291823
0.002897268915868675
0.002897269300147568
0.002897269563132348
0.002897269681917453
0.0028972696782160433
0.0028972696535280867
0.002897269652567334
0.002897269636257348
0.002897269537864653
0.00289726933636254
0.00289726904384537
0.002897268815160105
0.002897268711397455
0.002897268663513277
0.002897268618015409
0.002897268580464726
0.00289726854790321
0.002897268489184665
0.002897268424525192
0.002897268411872661
0.002897268467692254
0.002897268571365132
0.002897268695299024
0.002897268815051718
0.002897268923227685
0.0028972690139515787
0.002897269083163467
0.002897269128941811
0.002897269147800751
0.002897269142925903
0.002897269113308059
0.00289726905194461
0.00289726892712856
0.002897268809644431
0.002897268661472315
0.002897268451651302
0.002897268189261358
0.002897267913937396
0.002897267550235975
0.002897267055799491
0.002897266477919512
0.002897266323382965
0.0028972663222549162
0.002897266474413381
0.002897266725013511
0.002897267050212487
0.002897267430847962
0.0028972678728708193
0.002897268214522402
0.00289726845715548
0.002897268602558162
0.0028972686978222077
0.002897268773859263
0.0028972688518617523
0.002897268985795033
0.002897269168273661
0.002897269430889082
0.002897269779737225
0.0028972701712402966
0.0028972705098862413
0.0028972706162962263
0.002897270631479192
0.0028972705955040002
0.0028972705433580772
0.0028972704815184097
0.002897270417987615
0.0028972703596260767
0.002897270301347003
0.0028972702394379256
0.002897270171604453
0.0028972700923518948
0.002897270001277885
0.002897269886328252
0.002897269753287946
0.002897269642069351
0.002897269552785931
0.002897269552638547
0.0028972695541531843
0.002897269553542172
0.002897269550944591
0.002897269545466152
0.002897269529591436
0.0028972694840599398
0.0028972693473832893
0.002897269009509157
0.002897268607962146
0.0028972685140815162
0.00289726835210866
0.0028972682274763313
0.002897268010969406
0.00289726771111332
0.002897267622775568
0.002897267752775229
0.0028972680518045747
0.002897268496557978
0.0028972689551730138
0.002897269378143955
0.002897269787445916
0.002897270214249865
0.002897270702263418
0.00289727140329904
0.0028972721052215873
0.002897272609319437
0.002897273060231668
0.002897273499959819
0.002897273933040043
0.002897274312268716
0.002897274515470284
0.002897274583090152
0.002897274586375829
0.002897274540557968
0.002897274469020754
0.0028972744021356213
0.002897274333183797
0.002897274254448525
0.002897274152013417
0.00289727400667468
0.002897273863841751
0.002897273721208279
0.002897273569400249
0.002897273404527069
0.002897273216287589
0.002897272985264257
0.002897272646846853
0.002897272381924678
0.002897272098393498
0.002897271846026608
0.0028972716177474668
0.002897271396271126
0.0028972711748098683
0.00289727094064292
0.0028972706640761252
0.002897270407942745
0.002897270138057276
0.002897269910393096
0.002897269697144453
0.0028972694808344942
0.0028972692522296712
0.00289726899567958
0.002897268708953037
0.002897268377922093
0.00289726799727686
0.00289726757832831
0.0028972672254902123
0.002897267260509808
0.0028972675995642986
0.002897268095590365
0.002897268619199889
0.00289726902912887
0.002897269342406509
0.002897269542316879
0.002897269630070554
0.002897269628553266
0.002897269575885737
0.0028972695140034982
0.002897269471738691
0.002897269321467475
0.002897268880900642
0.002897268439604775
0.0028972679995624066
0.0028972678631578853
0.0028972678428987723
0.002897267959400815
0.002897268166334254
0.0028972687072396468
0.002897269468509793
0.002897270290363005
0.002897270952184411
0.002897271218553901
0.0028972713073361703
0.002897271255694654
0.002897271110393996
0.002897270909069343
0.002897270737068235
0.00289727055523247
0.002897270405135997
0.00289727027493967
0.002897270157590804
0.0028972700474347033
0.0028972699268687402
0.002897269816797764
0.002897269714746518
0.0028972696028919157
0.0028972694953920803
0.00289726941814639
0.002897269344639326
0.002897269260237336
0.002897269159882907
0.0028972690232545698
0.002897268927567841
0.002897268924746823
0.002897269025000997
0.002897269176939658
0.002897269322467882
0.002897269414395657
0.002897269457790069
0.002897269464036246
0.002897269461169564
0.002897269472704801
0.002897269541525018
0.002897269604855902
0.002897269638410892
0.002897269644464833
0.002897269639220806
0.002897269610508822
0.002897269557298777
0.002897269494680374
0.0028972694327966822
0.002897269381812797
0.0028972693467357
0.002897269324407257
0.0028972693153626367
0.002897269324217149
0.0028972693500097877
0.002897269384529968
0.0028972694226087987
0.002897269460241105
0.002897269493377517
0.002897269520833036
0.002897269539210193
0.0028972695453298447
0.002897269532699819
0.002897269485472604
0.00289726940611417
0.002897269371333128
0.00289726940367963
0.002897269439045371
0.002897269444947189
0.002897269505715461
0.002897269709550668
0.002897270200337444
0.002897270728105972
0.0028972710332295587
0.0028972712394316306
0.002897271398421268
0.002897271479922177
0.002897271431806772
0.002897271273888246
0.002897270873157632
0.002897270408764586
0.0028972699957175102
0.002897269504276104
0.00289726894047338
0.0028972683503860172
0.002897267682973221
0.00289726692324477
0.002897266037563457
0.002897264806338804
0.002897263778162782
0.0028972627341312318
0.0028972618322114572
0.002897261064479166
0.002897260445288533
0.002897260004418061
0.002897259716839293
0.0028972595393988877
0.002897259428792996
0.00289725934026346
0.002897259256392366
0.002897259189310639
0.002897259140952957
0.002897259116997162
0.002897259210608689
0.002897259568123143
0.002897260071248234
0.002897260490500751
0.002897260845786395
0.0028972611949993226
0.0028972616303737588
0.002897261963885454
0.002897262207075025
0.00289726242066038
0.002897262619074465
0.002897262820102975
0.002897263051146866
0.002897263319343697
0.0028972635886012252
0.0028972638131967293
0.002897264032576764
0.002897264264772044
0.0028972645259876663
0.002897264841412631
0.0028972652447403747
0.0028972657541434846
0.002897266470750331
0.0028972672702516776
0.002897268009800511
0.002897268706382597
0.002897269371756338
0.002897270024607873
0.002897270537526209
0.002897270978486513
0.00289727125866475
0.0028972714293689847
0.002897271570994636
0.002897271701249489
0.002897271828767954
0.002897271887125805
0.002897271913861142
0.0028972719092801133
0.002897271865631542
0.002897271757533308
0.002897271530741984
0.002897271316196947
0.002897271113960692
0.002897270723408245
0.0028972703375720918
0.002897270032115966
0.002897269787079498
0.002897269602015385
0.0028972694326414986
0.0028972693270132906
0.002897269267729327
0.0028972692759871993
0.0028972693156997333
0.002897269358506586
0.002897269363184861
0.0028972693764472406
0.002897269421003793
0.002897269523664364
0.002897269598564386
0.0028972697141252148
0.002897269951668538
0.002897270434981726
0.002897270957189126
0.002897271103215338
0.0028972714446120437
0.002897271764660147
0.002897272351854118
0.002897272813883135
0.00289727314550063
0.002897273381654776
0.002897273633587553
0.0028972738378000846
0.002897274076310657
0.00289727427265463
0.002897274460904164
0.002897274628310636
0.002897274832494054
0.0028972750470739363
0.0028972752689892063
0.002897275404388531
0.0028972754951400743
0.002897275598174633
0.0028972757124967083
0.002897275864619483
0.0028972760097923118
0.00289727613279964
0.002897276294097648
0.0028972764983809197
0.002897276751493819
0.002897277103321663
0.0028972773375869143
0.0028972775005722453
0.00289727760764446
0.00289727768865159
0.002897277754367104
0.002897277758387087
0.002897277716966614
0.002897277671835157
0.002897277598843025
0.0028972775510946827
0.002897277502087636
0.0028972774677708973
0.002897277405280597
0.002897277343461274
0.002897277295696965
0.002897277247854761
0.0028972772087349293
0.002897277167277301
0.002897277131122609
0.0028972770564894613
0.002897276978479552
0.0028972768531224952
0.0028972766461560807
0.002897276422191185
0.002897276153469248
0.002897275855047847
0.0028972754869798726
0.002897274947258615
0.002897274442498614
0.002897274090072386
0.002897273776878425
0.002897273493016716
0.002897273225737139
0.002897272929453039
0.002897272585450028
0.002897272284712642
0.002897271934765453
0.002897271638244816
0.00289727134217338
0.0028972710318226186
0.002897270691830298
0.002897270274858904
0.002897269785614553
0.002897269150831867
0.0028972683026274202
0.002897267087786224
0.002897265594311949
0.002897263986421493
0.002897262787637497
0.002897261966310094
0.002897261519521028
0.002897261436485323
0.002897261737735158
0.002897262550788514
0.002897264311155227
0.002897268331177658
0.002897278233463988
0.002897303345171731
0.002897314208396615
0.00289734319126862
0.0028973976237107882
0.0028974507304649066
0.0028975243727575313
0.0028975937553669512
0.0028976768998951337
0.002897809849688163
0.00289792167324134
0.002897921968196291
0.002897922615969818
0.002897924149792915
0.002897925859171006
0.002897927862140119
0.002897930679941577
0.002897935085609152
0.0028979404454653863
0.0028979461092755367
0.002897953829519097
0.002897959553280511
0.0028979619823758847
0.002897964928548896
0.0028979670250508373
0.002897968485931843
0.0028979722322232883
0.002897977750279251
0.002897983473375003
0.002897990174375189
0.002897996640683726
0.002898003525889608
0.00289801180506248
0.00289801823265119
0.002898023631708706
0.002898026158254307
0.002898026658265729
0.002898026096824997
0.002898025031614566
0.002898023565590957
0.002898021330569236
0.002898018757059569
0.002898015165477533
0.002898011344174879
0.002898007084144749
0.0028980020573676187
0.00289799639202516
0.00289799075032041
0.0028979858355642767
0.00289798134650653
0.002897976459033249
0.0028979722794163277
0.002897967999567014
0.002897964161623373
0.002897960324823384
0.002897956019668805
0.00289795120559553
0.002897945297866895
0.0028979400184146907
0.00289793592967309
0.002897931878308402
0.002897927377016964
0.00289792203211354
0.002897916790416058
0.0028979107986427557
0.002897906224621389
0.002897902318757281
0.002897898648894062
0.002897895021464378
0.002897891051204752
0.0028978856485341103
0.0028978797537754807
0.002897875410989602
0.0028978712585281947
0.002897866881478545
0.0028978619454063013
0.002897855796397163
0.002897847961517588
0.002897837145470598
0.0028978227799758226
0.002897806178520597
0.002897785088050686
0.002897755915544414
0.002897712444157511
0.002897667880644227
0.002897623097957764
0.002897578088905704
0.002897533512139368
0.002897489747000309
0.002897447603839462
0.00289740812768207
0.00289737239445596
0.002897341377452286
0.002897315645549079
0.002897298334298695
0.002897298282444929
0.002897298261172054
0.0028972985168106
0.002897298826481395
0.002897299003598534
0.002897299138167248
0.00289729913696141
0.002897299078160476
0.002897298901714297
0.002897298449206823
0.002897298073464157
0.0028972977120679563
0.002897297298327869
0.002897296856769687
0.0028972965562864637
0.002897296289639174
0.0028972960273334
0.0028972957291433267
0.0028972953339655608
0.0028972947247019373
0.0028972936974251636
0.002897292304651015
0.0028972900214830097
0.002897286183687453
0.0028972804937259073
0.002897273815625722
0.002897269902061161
0.002897269572506796
0.002897269572956408
0.002897269590584224
0.002897269700568255
0.002897269801928325
0.002897269868612278
0.0028972698745215963
0.002897269859300903
0.002897269835676454
0.0028972697971254902
0.0028972697470117472
0.002897269627211746
0.002897269412007777
0.002897269249523885
0.002897269128848062
0.0028972690430354438
0.002897268995406973
0.002897268983760455
0.002897268995285947
0.002897269020830765
0.002897269060474797
0.0028972691176507377
0.002897269219518367
0.002897269356944217
0.0028972694950680686
0.002897269622717919
0.002897269624691677
0.0028972694730597373
0.002897269377049511
0.002897269413566056
0.002897269519058034
0.0028972696790404992
0.002897269691461977
0.002897269644883619
0.002897269561102406
0.002897269423475747
0.002897269226040284
0.002897269068631221
0.002897268978748699
0.0028972689462105168
0.002897268953344545
0.0028972689816242863
0.002897269023356931
0.002897269075765662
0.002897269136897266
0.002897269215131775
0.002897269328528301
0.002897269436171234
0.002897269494336247
0.002897269473932859
0.0028972694074423633
0.0028972693885447494
0.0028972693103419328
0.002897269103985234
0.00289726892096397
0.002897268838481433
0.002897268838120846
0.002897268850578822
0.002897268862721581
0.002897268926737625
0.0028972690249693092
0.0028972691747316728
0.002897269372949415
0.002897269568264821
0.002897269736054994
0.0028972698562593903
0.002897269924411282
0.002897269959808402
0.002897269966106387
0.002897269940840364
0.002897269885108218
0.002897269791207556
0.002897269656517741
0.0028972694749947988
0.002897269298073961
0.002897269237233535
0.002897269346928963
0.00289726945130846
0.002897269550703423
0.00289726984387405
0.002897270220283129
0.002897270324099026
0.0028972703401909327
0.002897270181098268
0.0028972699611128747
0.002897269665131636
0.002897269371783414
0.002897269195533901
0.0028972691044784797
0.002897269080143206
0.002897269088744701
0.002897269120247692
0.0028972691620404454
0.002897269209527232
0.002897269263928767
0.002897269331144713
0.002897269423694814
0.0028972694985938932
0.002897269525369674
0.002897269481176348
0.002897269407471282
0.0028972693892186253
0.002897269416337669
0.002897269492364284
0.0028972696265214563
0.002897269652208621
0.002897269631689357
0.00289726958921588
0.002897269511935303
0.002897269393418104
0.002897269207740483
0.002897269015044345
0.002897268882480343
0.0028972687978333924
0.0028972687516014618
0.0028972687372338488
0.0028972687416807482
0.002897268760868055
0.002897268797394592
0.002897268843529941
0.00289726889677777
0.002897268956921755
0.002897269031804703
0.002897269125463723
0.00289726925987718
0.002897269442846459
0.00289726957246372
0.002897269590748591
0.002897269460471605
0.0028972693730340907
0.002897269291893874
0.002897269144676622
0.002897269093058035
0.002897269115225471
0.0028972692311930257
0.0028972693747532988
0.00289726954057991
0.002897269658131715
0.0028972697030069253
0.0028972697021357407
0.002897269677297979
0.002897269643616157
0.002897269610077675
0.0028972695734857576
0.002897269531492949
0.0028972694641619147
0.0028972693918717417
0.002897269334212287
0.00289726930255065
0.0028972693386002863
0.0028972694126805742
0.002897269430704819
0.002897269317512237
0.002897269066914602
0.002897268858588096
0.002897268817224953
0.002897268802208014
0.002897268906085415
0.002897269051130402
0.002897269273450012
0.002897269536648386
0.002897269696358078
0.002897269785976324
0.0028972698140723482
0.002897269801516876
0.002897269765429271
0.0028972697152038073
0.002897269647663995
0.002897269545012091
0.0028972694439077123
0.0028972693593168923
0.002897269330199654
0.002897269381116438
0.0028972694345890987
0.002897269433612703
0.0028972695220070414
0.002897269805572162
0.002897270135456491
0.002897270363491947
0.002897270423321396
0.002897270387291945
0.0028972702104705242
0.002897269956002675
0.00289726958531551
0.002897269244818826
0.00289726904591589
0.002897268942781772
0.0028972689113228043
0.0028972689171754672
0.002897268947212079
0.002897268991991887
0.002897269050772086
0.002897269129655405
0.002897269226594781
0.002897269352849242
0.00289726947557157
0.0028972695482157073
0.002897269505154914
0.00289726940547644
0.002897269381188604
0.002897269328810495
0.002897269279782298
0.002897269264232389
0.002897269319135308
0.0028972693597421897
0.002897269392194314
0.002897269409763774
0.002897269409295509
0.002897269402829005
0.002897269395194692
0.002897269387012504
0.0028972693779956782
0.002897269371113323
0.00289726937090232
0.0028972693842588943
0.002897269410412918
0.002897269424606737
0.00289726941643226
0.0028972693031061227
0.002897268997109541
0.002897268620368885
0.0028972683753164833
0.0028972682397565832
0.002897268144239362
0.002897268197873513
0.0028972683236333572
0.00289726864007286
0.002897269007029283
0.002897269270681495
0.002897269488386357
0.002897269650220278
0.002897269731987968
0.002897269758432272
0.002897269748802096
0.002897269715635394
0.00289726966274007
0.002897269580488289
0.0028972694880627387
0.002897269405304191
0.0028972693484944968
0.002897269363461622
0.0028972694188245597
0.002897269431817083
0.002897269454721427
0.0028972695169186347
0.002897269580823503
0.0028972695754106437
0.002897269537180243
0.002897269455999488
0.002897269345927518
0.002897269171030438
0.002897268948948386
0.0028972687842532536
0.002897268672475954
0.0028972686056651952
0.002897268577513146
0.002897268587248928
0.0028972686314851968
0.002897268704782938
0.002897268793284562
0.0028972688915924268
0.002897268996672288
0.002897269106509647
0.00289726922175199
0.002897269350480351
0.002897269489937516
0.002897269632580192
0.0028972696664964813
0.00289726956043776
0.0028972693967129408
0.002897269362941113
0.002897269490403773
0.002897269805128562
0.002897269995170041
0.002897270036173341
0.002897269853426377
0.00289726962632496
0.002897269343302164
0.0028972690550496463
0.002897268859665939
0.002897268730702283
0.0028972686531384038
0.00289726859990047
0.002897268560292798
0.002897268546370729
0.00289726856899363
0.002897268631228855
0.002897268733309713
0.002897268872429127
0.002897269041732152
0.002897269216504468
0.002897269378188372
0.002897269513183841
0.002897269613684882
0.002897269673605521
0.002897269690420879
0.002897269661446627
0.002897269584430508
0.002897269458845747
0.002897269356783193
0.002897269357429228
0.002897269355560719
0.0028972693473532122
0.0028972693050011724
0.002897269266802793
0.0028972692164940307
0.002897269175520868
0.002897269133069185
0.002897269073673405
0.002897269009896467
0.0028972689662458222
0.002897268928341438
0.002897268890764999
0.0028972688511163082
0.0028972688034170453
0.002897268756417238
0.002897268706221567
0.002897268653839355
0.002897268598270257
0.002897268541077662
0.00289726851175675
0.002897268520113127
0.002897268568166612
0.002897268656264559
0.002897268784067013
0.0028972689507283417
0.002897269129834965
0.002897269306628463
0.0028972694788405653
0.002897269645754551
0.002897269808599978
0.00289726997694826
0.002897270022088705
0.002897270006756262
0.002897269955382472
0.002897269876384925
0.002897269772742703
0.0028972696515955363
0.002897269519996743
0.0028972694219707258
0.002897269406682421
0.0028972694421777892
0.002897269523139007
0.002897269590469286
0.002897269568924126
0.002897269532000146
0.002897269484570798
0.002897269447583992
0.002897269431805836
0.002897269420065137
0.0028972694044000803
0.0028972693788632473
0.00289726934216271
0.002897269285757177
0.002897269187317054
0.002897269031910298
0.002897268830384487
0.002897268579389922
0.002897268268230889
0.002897267854947725
0.002897267426976613
0.0028972670530663137
0.00289726675130401
0.002897266480064153
0.0028972662049171
0.002897265926884933
0.0028972657176153022
0.002897265521620395
0.002897265316347402
0.00289726507701975
0.0028972649313053207
0.002897265108542147
0.00289726548242233
0.002897265876567327
0.002897266278207254
0.002897266711054663
0.0028972671861270337
0.0028972677486406397
0.002897268185833328
0.00289726857999829
0.0028972689577562603
0.002897269318810722
0.002897269670743554
0.002897270004365108
0.002897270299558139
0.0028972705341557253
0.002897270714082383
0.002897270830188733
0.002897270872692832
0.002897270816068403
0.002897270629996247
0.0028972704170497797
0.002897270187468296
0.0028972700230894778
0.002897269851669131
0.002897269695483685
0.002897269558426954
0.002897269402553997
0.002897269278629041
0.002897269238887338
0.002897269362765925
0.002897269703237764
0.0028972700293836647
0.002897270271803508
0.002897270376723105
0.002897270445781621
0.00289727036585941
0.002897270237969412
0.002897270107445616
0.002897270016778099
0.0028972699907670496
0.002897269999219288
0.002897270016417589
0.002897269997536482
0.002897269924847578
0.002897269802276831
0.0028972696301355102
0.002897269392646397
0.002897269143029034
0.002897268885529414
0.002897268638959151
0.002897268402986187
0.002897268217499108
0.0028972680894547693
0.002897268012780885
0.002897267974698615
0.0028972679566005408
0.0028972679904351022
0.002897268058361831
0.0028972681700856467
0.002897268312083209
0.002897268612555612
0.0028972690440385498
0.002897269752482307
0.002897270976546528
0.002897272908742009
0.0028972755776607998
0.002897279228480625
0.002897284314504416
0.002897291734010213
0.002897303593933795
0.002897327223464457
0.002897351268082425
0.002897391148203171
0.002897438439257112
0.002897492319110667
0.002897558834708608
0.002897646228916773
0.002897769387755065
0.0028979141085238606
0.002898067397941121
0.002898222056860265
0.002898386232994518
0.00289856681677398
0.002898769252371071
0.0028989437992976846
0.002899107879844551
0.002899273523571473
0.002899443098461786
0.002899610176611714
0.0028997807257523513
0.0028999640825028237
0.002900158164797895
0.002900373048670119
0.002900573170185045
0.0029007394794353532
0.002900885979701787
0.0029010155111429967
0.002901142413648734
0.002901265857261144
0.002901412156186562
0.002901554681943601
0.00290168238991647
0.002901796546383815
0.002901911125393399
0.002902035335010684
0.0029021741771601177
0.002902327716049856
0.00290248828212262
0.00290261207304765
0.0029027225889871476
0.002902834352478539
0.002902963093929301
0.002903113946369346
0.002903266718219637
0.002903399675170058
0.002903533115169144
0.002903676531235825
0.002903844624023118
0.002904035335411074
0.002904240615627707
0.002904462764157944
0.002904609994302131
0.002904602655726797
0.002904521835460972
0.002904413720612521
0.002904295055832089
0.002904114197341033
0.0029039601717145177
0.0029037848840374517
0.002903544509153646
0.00290321071373706
0.002902663796981398
0.002901922795926282
0.00290113180699739
0.002900264093916208
0.002899390861269889
0.002898879348816481
0.00289887352173415
0.002898862149757903
0.002898853142731252
0.002898845037237097
0.002898838842677802
0.002898833342253944
0.002898829855909035
0.0028988263170926258
0.002898823073861812
0.002898816296758654
0.002898807858818185
0.0028987965912917507
0.002898784193926526
0.002898770574288353
0.002898754078712493
0.002898736601383079
0.002898714462570667
0.002898689800791579
0.002898661836468134
0.002898614939203914
0.002898566196289908
0.002898516941574408
0.002898455892640548
0.002898383573722941
0.002898266340291895
0.002898141349658442
0.002898006607466318
0.002897905633893922
0.002897831499374691
0.0028977638960129798
0.002897722545249212
0.002897728330816238
0.002897745678054117
0.002897775572293266
0.002897814300397979
0.002897879401101186
0.0028979539021177668
0.0028980411876078963
0.002898125951471896
0.002898215638295787
0.002898316589386888
0.002898438870542359
0.002898588018554325
0.002898789820816599
0.002899071386634655
0.002899410685721763
0.002899891036594443
0.002900605932183306
0.002901478406887636
0.002902357668193899
0.002903236354929485
0.002904106686967403
0.002904957255944133
0.0029057355627897857
0.002906365473818455
0.002906834848224055
0.002907247082532417
0.002907619662959251
0.0029079806998942603
0.002908365895497163
0.002908608298929377
0.002908608891730975
0.002908608069886975
0.002908582839621835
0.002908519324869321
0.0029084132994623073
0.0029082535048853587
0.0029080400503179713
0.002907769856031978
0.002907650784739262
0.002907460041732391
0.002907203327613284
0.0029068915831686006
0.002906542680315284
0.002906163969624788
0.0029058455096269563
0.002905551273820048
0.002905317957106463
0.002905169207707897
0.002905103511367824
0.0029050994574698567
0.002905187883770443
0.002905334882080181
0.0029054972396494647
0.002905683698673802
0.002905892534751602
0.002906142183516675
0.002906417436232416
0.002906738821487185
0.002907063184217178
0.002907383865539137
0.0029077264829894998
0.002908120145566607
0.002908593740157555
0.002909123537541815
0.002909585604305448
0.002909977546459815
0.0029102696521307388
0.002910519847189661
0.002910760269554725
0.002911003113105283
0.002911223966769922
0.002911525545894586
0.002911740144585508
0.002911935592373552
0.002912106595607439
0.002912257222732311
0.002912403279944379
0.00291255887790338
0.002912753435914258
0.002912977351729826
0.002913277276150746
0.00291358287524185
0.002913913060062482
0.002914285484971675
0.002914708413973891
0.002915212811009056
0.002915887622832653
0.002916522458623816
0.002917147209118268
0.002917683337880529
0.0029181692450860742
0.002918622744526006
0.0029190439164216613
0.002919435501541601
0.0029197489121681507
0.002920001124311606
0.002920250860225038
0.002920545469780309
0.00292086032434043
0.00292113490336049
0.002921403098161975
0.00292168466413372
0.002921996242499174
0.002922333670122119
0.002922701388156936
0.002923125075851334
0.0029236126939741597
0.0029241279073182152
0.002924688095415374
0.0029251908751095957
0.002925692935608025
0.002926366340694036
0.002926991719669043
0.00292748678298307
0.00292799759852783
0.002928570403252777
0.002929300512510861
0.002930365209310811
0.002931757226059788
0.002933299976321755
0.002934943806184614
0.002936665688575774
0.002937023022622544
0.002937464278864412
0.002937838919495709
0.002938089095549981
0.002938314392943214
0.002938535307445156
0.0029387454642559293
0.002938978092210381
0.002939259564664048
0.002939594106435655
0.002940012370193586
0.0029405766073167822
0.002941424929438685
0.0029429083255426867
0.002944514981758534
0.0029462332257557027
0.002947335298586382
0.002947963168585851
0.0029484393675321303
0.00294873364460837
0.0029487306663008523
0.002948692489983733
0.002948583549008788
0.002948387098075724
0.002948075581684104
0.002947620885512083
0.002947070632290117
0.0029461595623255852
0.0029458651335432713
0.002945436472387514
0.002944997885821885
0.002944671978951673
0.002944506121929843
0.002944430283103601
0.002944517296126699
0.002944688085555271
0.0029449548408318578
0.002945281604686053
0.002945646121555558
0.0029460057557584647
0.0029463863731838793
0.002946817584274563
0.002947343171459205
0.002947932240354408
0.002948615458741568
0.002949395895890956
0.002950212529631446
0.002951033814225758
0.002951918903680104
0.00295295109076891
0.002954186300779282
0.002955812529156841
0.0029581236642994848
0.002960605425902185
0.002962507224404005
0.002964240412471218
0.002965443402387114
0.002966557375772831
0.002967701586677207
0.002969080211821098
0.002970791982693783
0.0029722973135889647
0.002973814523316465
0.002975885597954537
0.00297810241946542
0.002981733915543413
0.002985063070482467
0.002987962234893165
0.002990572896824265
0.002992737524020189
0.00299480822913282
0.002996701183158
0.002998720365784614
0.003000792237981098
0.003002341897242811
0.003003682860463988
0.003004991011119595
0.003006396148937308
0.0030079297926231567
0.003009754390922393
0.003011978414280081
0.0030143158799973
0.003014336598151464
0.0030144511705970573
0.003014676475628672
0.003015021074851295
0.003015470140411071
0.003016078687419959
0.003016414820364277
0.003016702125453437
0.003016871531696456
0.0030170132460304398
0.003017163625611083
0.0030172320645609142
0.003017174008845046
0.003017002499659343
0.003016749972120601
0.003016455266003054
0.003016144609006559
0.00301584643973411
0.003015482059040482
0.003015043868718041
0.003014521414542486
0.003014028623251594
0.003013644604053515
0.0030133324264891683
0.003013056684293208
0.003012781990475869
0.003012416102700897
0.003012035599097068
0.003011624828127946
0.0030112693234114482
0.003010951827385171
0.003010665669824841
0.003010403069773544
0.003010146287523374
0.00300986870110376
0.003009488823546826
0.0030090918486834557
0.003008792462629634
0.003008501878559717
0.0030081931953961187
0.0030078411322905477
0.003007399244701429
0.003006899759086195
0.003006295994987144
0.00300579171652678
0.003005249472626516
0.0030047153256319652
0.003004176774016494
0.003003678588868826
0.003003186514821728
0.00300267220517372
0.003002103375536365
0.003001400069606192
0.003000574498030433
0.002999806699825842
0.00299913840848051
0.002998474312666833
0.00299777056145441
0.0029969562899305477
0.002995997980405397
0.002994783176407725
0.002993170847997697
0.002991757540299324
0.002990375921916294
0.0029885845027863922
0.00298662873618617
0.002983497036241171
0.002979336771501162
0.002975318017916701
0.00297152435758382
0.0029680102930734462
0.002964837573377308
0.002962042292463721
0.0029597217540959
0.002957966673131019
0.0029576504699688
0.0029576495545901938
0.0029576559923200248
0.002957761100075
0.002957984468070769
0.002958348213635417
0.002958784459769494
0.0029595681788957533
0.002960113904454369
0.002960557315733523
0.002960826071231814
0.002961091661573611
0.002961176178075276
0.002961235896121994
0.0029613809119189024
0.002961544063696485
0.002961674793039186
0.0029617168211415793
0.002961744349999817
0.002961747937939966
0.002961697080886555
0.002961667873616214
0.002961621690677222
0.002961533456316137
0.002961402320093098
0.002961314019603266
0.002961216397633698
0.002961102890342055
0.002960962289545429
0.0029607719928792567
0.002960555140441048
0.002960348770433911
0.002960146521921679
0.002959898794267813
0.002959664645971394
0.002959506043144412
0.002959327732999946
0.002959178201727802
0.00295904822064
0.002958917707135637
0.002958771233148104
0.002958536445551168
0.002958342959840276
0.00295818084307071
0.002958012028818694
0.002957825035723263
0.002957597666343458
0.002957292183921941
0.002956897275422637
0.0029563889166444157
0.002955825322117464
0.002955338518689537
0.002954903297013929
0.002954464390690716
0.002953992972810529
0.002953442864213985
0.0029527984973275498
0.002952126759736609
0.002951420393773624
0.002950583354575235
0.002949903886737602
0.002949157563016664
0.002947853272299115
0.0029475123974181438
0.002946866123888248
0.0029462761422833082
0.0029457471463901533
0.00294522811505481
0.002944716635305321
0.002944248137394201
0.0029437452774044
0.0029431437689416548
0.002942455462067387
0.002941669788970803
0.002940811187364741
0.002940137977212476
0.002939539833220916
0.002938809190782769
0.002938113588169036
0.0029374765470540657
0.0029367627777850958
0.002936061337081097
0.002935348579617401
0.0029344410238579728
0.002933646272485844
0.0029329097796551313
0.002931914612674036
0.002931157550032454
0.002930311252555092
0.002929072467244542
0.002927709799923643
0.00292665870031273
0.0029258032306658482
0.0029249562226122882
0.002923727144563505
0.002922721498664663
0.002921880435858129
0.00292100139048743
0.002920026014173515
0.002918819911860949
0.002917412827085652
0.0029162225740084406
0.0029151794041022802
0.002914174763130464
0.0029133066668865473
0.002912615814076778
0.00291224799524342
0.002911999785646488
0.00291179782957711
0.00291160581354926
0.002911361847623141
0.002911107774641303
0.002910918750679478
0.00291073473554656
0.002910538760256911
0.002910309148467878
0.002910028263100868
0.002909652022466487
0.002909114744715896
0.0029082735283955993
0.002907124009956961
0.002905959684410368
0.002904796477689942
0.0029037852414931418
0.0029026541772360337
0.0029019525181164787
0.002901271849673202
0.002900457525925013
0.002899531937969488
0.002898792108097548
0.00289833186236661
0.002898330849928463
0.002898328848043529
0.0028983249490139498
0.0028983215779201043
0.002898316095221864
0.0028983108890296067
0.0028983063942027328
0.002898302999363169
0.0028983013035973272
0.00289829959439748
0.0028982987708513763
0.002898297637169981
0.002898296025588817
0.002898294632610073
0.002898292913897637
0.002898290328028227
0.002898287881836889
0.002898285970974433
0.00289828411029851
0.0028982822513606947
0.002898280508078394
0.0028982790459993217
0.002898277771316645
0.002898276437741931
0.0028982750795140512
0.002898273656502598
0.002898272395381576
0.002898271102634257
0.002898269663867467
0.00289826792693608
0.002898265633109776
0.002898262589280457
0.002898258220997177
0.002898255171193705
0.002898252984702073
0.0028982511305604883
0.0028982494157563047
0.002898247514771312
0.002898245977756481
0.002898244112710162
0.00289824253080346
0.0028982411162473847
0.002898239781300647
0.002898238520265101
0.002898237278551198
0.0028982359530415297
0.002898234245049739
0.002898232766750984
0.002898231324999145
0.0028982299318960174
0.00289822848383119
0.0028982268582900092
0.002898224883155734
0.002898222425409725
0.002898219101640031
0.002898214279508858
0.002898206462846491
0.002898191017866559
0.002898160866166258
0.002898116584348001
0.002898064185434727
0.0028980019347447632
0.002897930279692324
0.0028978532901094032
0.002897776025235206
0.0028977029487714094
0.002897632602177258
0.002897564382984304
0.0028974986739700188
0.002897436467474998
0.002897379244820103
0.002897328527157489
0.002897285685048237
0.002897251390314853
0.002897234982264035
0.00289723493411335
0.002897234851807059
0.002897234700438577
0.002897234581425455
0.002897234445333832
0.002897234270686862
0.0028972341573370508
0.0028972340435019193
0.002897233976150751
0.0028972338938065387
0.002897233724351515
0.0028972335129314073
0.002897233324060446
0.002897233111810611
0.002897232875708871
0.002897232572836464
0.002897232236887353
0.002897231933086206
0.002897231644830591
0.002897231354949292
0.0028972309885167222
0.002897230473903908
0.002897229718082274
0.002897228935582682
0.0028972282567125587
0.002897227600889129
0.002897226897320144
0.00289722611325217
0.0028972252776741413
0.002897224568845405
0.002897223912117275
0.002897223381420208
0.0028972233725097847
0.002897223965051327
0.002897225931074644
0.0028972295905323377
0.002897234757937702
0.002897242413909267
0.00289725430579976
0.002897275683842334
0.002897303779339421
0.002897352458918621
0.0028974069036515
0.002897467899054854
0.00289754235642271
0.002897641247313008
0.002897780182617143
0.002897942393255605
0.002898096536004608
0.002898254579049677
0.0028984243206533157
0.002898612076095674
0.002898803628629619
0.002898976882956024
0.0028991416819222687
0.002899311091011464
0.00289948186087797
0.002899652052606741
0.0028998274393757383
0.002900016765848712
0.00290021923428384
0.002900430763536917
0.002900666490811218
0.002900840644764971
0.0029009961710898748
0.00290113493174117
0.002901278343615884
0.00290143232040252
0.0029015957320989673
0.00290176032460439
0.002901937697842954
0.0029021183525995567
0.002902313133381034
0.002902547342652468
0.002902863620902972
0.002903369883284046
0.002904130919231608
0.0029044165649766192
0.002904767753383999
0.002904827663904835
0.002904861850704936
0.002904873952564612
0.002904865532171266
0.002904842025420592
0.002904805914630781
0.002904752800016314
0.0029046708095117283
0.0029045451728003224
0.0029043332773246878
0.002903905760609613
0.002902988245840133
0.002902133457668671
0.0029013299772228467
0.002900534488865519
0.002899707949511489
0.0028989508620372822
0.0028989446908237837
0.002898941181152191
0.00289893795780898
0.002898931535764318
0.002898922752553994
0.002898912957392276
0.002898900810440373
0.002898891404797817
0.002898887740717898
0.0028988818275597983
0.002898871947822063
0.002898860938527202
0.0028988489914330818
0.0028988324879112527
0.002898814319310849
0.0028987950675633247
0.002898772215600726
0.002898742047188656
0.002898695656926576
0.002898634335104544
0.00289856833110726
0.00289849868639575
0.002898423128337644
0.002898340090807227
0.002898245197171247
0.002898133181933053
0.0028979954869390867
0.002897901514662219
0.0028978207910604287
0.0028977158948594317
0.002897601230313079
0.0028975473647239658
0.0028974292480429143
0.002897268713659916
0.002897004489533269
0.002896613177106256
0.002896103295383221
0.002895456911500692
0.002894800116192895
0.002894054401380119
0.002893142283286932
0.002891940927470453
0.002890449434023314
0.002888821857861751
0.002887138815379406
0.002885827831222622
0.00288473726300654
0.002884672921545601
0.002884887399704764
0.0028852979042802013
0.002885622878197739
0.00288599615981559
0.002886535902326508
0.0028873473402907827
0.002888196316731391
0.0028890789226372468
0.002889989542871917
0.0028909110508337312
0.00289183391588475
0.0028927410733025657
0.002893610602859539
0.002894417849580882
0.002895143238585511
0.002895769905681063
0.002895773374350659
0.0028957755188394572
0.002895777387076554
0.002895781121579774
0.002895787141824424
0.002895793344241563
0.0028958006487800367
0.0028958099657023983
0.002895819737094754
0.0028958210346200657
0.00289582302590474
0.0028958244310690728
0.0028958271066518403
0.002895832399699926
0.00289583889095252
0.0028958455475864
0.002895853174001561
0.0028958621728537833
0.002895872925559641
0.002895886660049371
0.002895901449108888
0.002895913881443187
0.002895924966267949
0.002895935943480689
0.002895948700653776
0.002895959376353802
0.002895971537932454
0.0028959826483448653
0.002895993758331367
0.002896005821487373
0.002896018761734734
0.002896030553527244
0.002896039321900734
0.002896046389408957
0.002896053719748321
0.0028960605971663804
0.002896068016780748
0.002896074992817875
0.0028960823279078948
0.002896091056581188
0.002896101461878634
0.002896115658457161
0.002896128437125925
0.002896138465226765
0.002896147097351891
0.0028961552695458788
0.0028961646463152167
0.002896171232971465
0.002896178379437666
0.002896184560556204
0.002896190142760971
0.0028961956636383078
0.002896201490715148
0.0028962086112121594
0.002896215173350873
0.0028962224962418236
0.002896229225589092
0.002896236038469252
0.002896243521952939
0.002896252423210144
0.002896263250782664
0.0028962776616703067
0.002896298189829453
0.00289633044171529
0.002896389901445569
0.002896461360139556
0.002896534697010708
0.002896582937411405
0.002896618973844826
0.0028966530775491237
0.002896684396491603
0.00289672227177832
0.00289676613796097
0.002896843412752605
0.0028969238104058852
0.0028969982271261118
0.002897063009300007
0.002897117256476487
0.0028971611616743997
0.0028971916781306228
0.002897191766124059
0.002897191921595284
0.002897192157021408
0.002897192472187999
0.0028971927754252082
0.0028971930297488403
0.0028971931845738373
0.002897193375795879
0.002897193607521626
0.002897193863571324
0.002897194113913235
0.002897194372455327
0.002897194668325766
0.002897194921750943
0.002897195196242227
0.0028971955380567324
0.0028971960080828693
0.0028971966482378418
0.0028971974099565316
0.002897198303538089
0.0028971993447923917
0.00289720054987495
0.002897201938356887
0.002897203525812483
0.002897205313282474
0.002897207283231832
0.0028972094247979633
0.002897211718007634
0.002897214132874628
0.002897216631810761
0.002897219170411869
0.002897221700611669
0.002897224173237789
0.002897226540500524
0.002897228757527799
0.00289723078564504
0.002897232283486165
0.002897233423260833
0.002897234344311004
0.002897235112424419
0.00289723576458451
0.002897235878392721
0.002897235861304467
0.002897235805081049
0.002897235716033541
0.002897235687480267
0.0028972356813922523
0.0028972356828327857
0.0028972356863191003
0.0028972356990648288
0.002897235726504326
0.0028972358051153444
0.0028972359357848612
0.002897236065390229
0.002897236189094938
0.00289723627382652
0.002897236327956359
0.00289723634421577
0.0028972363101102743
0.002897236227099581
0.002897236113300096
0.0028972358598086828
0.0028972355046316353
0.0028972350903541592
0.002897234595219143
0.002897234014199294
0.002897233193309058
0.0028972327275476537
0.002897232303546967
0.002897231979575472
0.00289723173233058
0.002897231519275593
0.002897231305785681
0.002897231147139113
0.00289723101307411
0.002897230909131195
0.00289723083636116
0.002897230845744451
0.002897231071575395
0.00289723146033675
0.002897231845617678
0.00289723213528776
0.002897232383411747
0.002897232620268237
0.002897232870886007
0.0028972331984896027
0.002897233579073952
0.002897233844719748
0.002897234090058517
0.002897234340784379
0.002897234619794895
0.002897234940550602
0.00289723533828787
0.002897235845665136
0.002897236419669828
0.002897236941572504
0.002897237356149062
0.002897237684073627
0.002897237936000479
0.002897238117344277
0.0028972382157670482
0.002897238216387653
0.002897238090737889
0.0028972378075012508
0.002897237439812795
0.002897237116726268
0.002897236956691364
0.002897236947342978
0.0028972370272638
0.002897237131762241
0.002897237219318684
0.002897237227624009
0.002897237193209305
0.0028972370818673068
0.002897236859282093
0.002897236671194512
0.002897236512837571
0.00289723642043326
0.002897236427184537
0.002897236467961718
0.002897236558811024
0.002897236770588661
0.002897236995167712
0.0028972372561706108
0.002897237597227266
0.002897237952430533
0.002897238334703369
0.002897238781747678
0.002897239357081962
0.002897239879307677
0.002897240478781102
0.002897241009058472
0.002897241514312852
0.002897242026062492
0.002897242535267544
0.002897242929547727
0.002897243111651116
0.0028972431632774544
0.0028972431577504888
0.002897243104692636
0.002897243045154002
0.002897242990432647
0.0028972429303881896
0.0028972428588560683
0.002897242745287501
0.0028972425558112407
0.002897242335795588
0.002897242096587467
0.0028972418255445416
0.0028972415093992
0.002897241072876244
0.0028972407554622892
0.0028972404258310637
0.002897240135120775
0.0028972398739919502
0.002897239617990606
0.002897239349295017
0.0028972390156286223
0.0028972387248730478
0.0028972384494962812
0.0028972381997822223
0.002897237953551735
0.002897237693303347
0.002897237398513519
0.0028972370628661858
0.0028972366584829
0.002897236164597547
0.002897235567167397
0.0028972350668151478
0.002897234870133501
0.002897235035335723
0.002897235395684645
0.002897235890598523
0.002897236420887695
0.002897236898324343
0.0028972372578177402
0.002897237471751657
0.002897237551973094
0.0028972375379648233
0.002897237478245968
0.0028972374114328843
0.0028972374052093778
0.002897237365865203
0.002897237216814054
0.002897237044939275
0.002897236875702359
0.002897236682606704
0.002897236470864171
0.002897236310642134
0.002897236258940528
0.00289723618244227
0.002897236086537556
0.002897236050901755
0.002897236074092628
0.002897236140891209
0.002897236233307514
0.002897236357538865
0.002897236526918808
0.002897236701481254
0.002897236853899462
0.002897236965170758
0.002897236997715686
0.002897236808286626
0.00289723637728011
0.002897235371157955
0.0028972339001745798
0.002897232181065106
0.002897230221085996
0.0028972280606675642
0.002897225638544377
0.002897223472412004
0.002897221603037216
0.002897220698707942
0.002897220451770845
0.0028972207530843868
0.002897221495980362
0.00289722257189793
0.002897223908043192
0.0028972255067198677
0.002897227133968912
0.002897228492280121
0.002897229362736145
0.00289723003287988
0.002897230679220913
0.002897231618661524
0.002897233529394763
0.002897235781718866
0.0028972373624522943
0.0028972382854078804
0.0028972387118551507
0.0028972387969636152
0.00289723878806122
0.002897238758187712
0.00289723871864247
0.0028972386673889092
0.002897238630117524
0.002897238583978665
0.002897238544582448
0.002897238505365789
0.002897238465669571
0.002897238422690259
0.002897238375150147
0.002897238327374843
0.002897238284130557
0.002897238253663154
0.00289723822779831
0.00289723820329818
0.0028972381786380916
0.0028972381516987993
0.002897238122083624
0.0028972380875147952
0.002897238047193386
0.002897238006201779
0.002897237956277104
0.002897237895463087
0.00289723784147426
0.002897237791400688
0.0028972377413483442
0.002897237688491167
0.002897237631370876
0.0028972375691927498
0.002897237507086319
0.002897237449666639
0.002897237427549947
0.002897237420794578
0.002897237419966009
0.0028972374741122213
0.002897237550177699
0.002897237638938897
0.002897237769535463
0.002897237888808409
0.002897238129756822
0.002897238288588557
0.0028972385460109907
0.002897239041789736
0.002897240477903051
0.00289724294808455
0.002897246242924864
0.002897250263607822
0.002897254857977944
0.0028972606878484033
0.002897265310185694
0.002897267853067799
0.002897269624701834
0.002897270927886553
0.002897271630408312
0.0028972710708419333
0.0028972690895797877
0.002897266673251212
0.002897264198548786
0.0028972612459666203
0.0028972596018199837
0.002897258638382737
0.00289725787568656
0.002897257219516466
0.0028972565044942692
0.002897255607308213
0.002897254233503937
0.002897252552584594
0.002897250588762575
0.002897248374372089
0.002897245979742735
0.002897243133059613
0.002897241210007242
0.002897239438597772
0.0028972381446243037
0.002897237188441115
0.002897236409970408
0.0028972357566372387
0.0028972351564406627
0.002897234545201216
0.002897234071639596
0.002897233608626506
0.0028972332313354572
0.002897232886933787
0.002897232551882547
0.002897232192386564
0.00289723180892344
0.00289723136397602
0.002897230835053385
0.0028972303759466278
0.0028972300543005382
0.002897229850186957
0.0028972297438569733
0.002897229713101015
0.002897229750625019
0.0028972298537499803
0.002897229974092375
0.002897230113484506
0.00289723026306385
0.002897230431966318
0.002897230652050294
0.002897230997708418
0.002897231506117401
0.0028972321520354693
0.002897232636421582
0.002897233147654485
0.002897233561480578
0.002897233922321628
0.002897234271016363
0.00289723463900667
0.002897235132001162
0.0028972355971100053
0.002897235933380893
0.002897236242987817
0.002897236551238883
0.00289723688600534
0.002897237256092303
0.002897237687591365
0.002897238189963159
0.002897238726854929
0.002897239031619902
0.002897239142950619
0.002897239077573677
0.002897238851169354
0.002897238468892723
0.0028972379614038532
0.002897237487897998
0.002897237129122786
0.002897236921609395
0.0028972368603042953
0.0028972369081327097
0.002897237013663859
0.002897237126918997
0.0028972371496219793
0.002897237245982832
0.002897237516544003
0.002897237879644603
0.002897238076097247
0.002897238086430285
0.0028972379838226483
0.002897237808712659
0.002897237505679112
0.0028972371594682736
0.002897236886460564
0.002897236736504175
0.002897236675173393
0.002897236663925763
0.002897236672912838
0.002897236696593555
0.002897236735428155
0.002897236772428755
0.002897236811568808
0.002897236856464916
0.0028972369088905137
0.002897236978094817
0.002897237046463345
0.002897237109056401
0.002897237167868539
0.002897237222999219
0.002897237271219934
0.002897237311656212
0.0028972373370313277
0.0028972373364397497
0.002897237321242048
0.002897237308092961
0.00289723729723761
0.0028972372910519638
0.0028972372880954663
0.002897237287358366
0.002897237288827928
0.002897237293120853
0.00289723730114652
0.002897237307977133
0.0028972373102821537
0.0028972373512681157
0.002897237491388653
0.002897237850957966
0.002897238125207008
0.00289723823545999
0.002897238197494972
0.002897238021331898
0.002897237824215356
0.002897237715795902
0.0028972374391588976
0.002897237081072179
0.002897236680771097
0.002897236415288396
0.00289723623791292
0.002897236101317296
0.0028972359835630398
0.002897235880330739
0.002897235792050968
0.0028972357176404342
0.002897235653100921
0.0028972355917780573
0.002897235521359628
0.002897235412644881
0.0028972352435534953
0.002897235008193029
0.002897234693969563
0.002897234284579537
0.002897233731373489
0.002897233026701323
0.0028972325189369763
0.0028972319701012
0.002897231460774528
0.002897230955741463
0.002897230349424157
0.002897229743969485
0.002897229152681117
0.002897228581482222
0.002897228104836056
0.002897227687911963
0.002897227300750082
0.002897226900271199
0.002897226382568025
0.002897226006633688
0.002897225716635074
0.0028972254872951337
0.002897225396316234
0.002897225651593777
0.002897226170096023
0.002897226811811476
0.002897227464723188
0.002897228071474294
0.002897228517458943
0.002897228908374507
0.002897229287466615
0.002897229712736942
0.002897230221536764
0.002897230869322948
0.002897231406889209
0.002897231985294872
0.0028972326955079048
0.0028972337140440777
0.002897235477714581
0.002897238510823531
0.002897242799456312
0.0028972487406218627
0.002897257274839593
0.0028972702834766297
0.002897293779577007
0.002897323211889778
0.002897373464401628
0.002897429694636248
0.0028974926888736237
0.00289757028293777
0.00289767501334698
0.002897815723634379
0.002897978207643181
0.00289813535393248
0.002898297298493628
0.002898471719747785
0.00289866646546301
0.0028988142240713613
0.002898924550034204
0.00289902330519995
0.002899123711987815
0.002899253241695592
0.0028993743068749618
0.002899480918157053
0.0028995834278243184
0.002899684876863211
0.002899759817828124
0.002899826026699392
0.00289989262502451
0.002899970809498699
0.002900049227539908
0.002900128832104583
0.0029001996429073268
0.002900269804621046
0.002900344232142239
0.002900429156137069
0.002900527842315809
0.002900651355812782
0.002900806994697561
0.002900944089118351
0.0029010777899548842
0.00290121889576415
0.00290138227227261
0.002901542011663366
0.002901704271612624
0.0029018840691288077
0.002902093692063927
0.002902297206201552
0.002902505629667141
0.002902745790352369
0.002903053014275331
0.002903512088632508
0.002904226275554892
0.002904505152726326
0.0029044708698867778
0.0029043706868680497
0.002904267338814855
0.002904131797756333
0.00290397572062368
0.002903820613124883
0.00290365629886898
0.0029034597886323952
0.0029032207775898803
0.002902913199274478
0.002902464065078202
0.002901627281166038
0.002900743546854676
0.002899860289071432
0.0028994380801558263
0.002899432297985815
0.002899420600176066
0.002899396723636768
0.002899377632950948
0.0028993575051984443
0.00289935072662359
0.002899339471566298
0.002899319425169965
0.002899297584970265
0.002899270780278052
0.002899238179649641
0.002899195047521599
0.002899131641467146
0.002899061971994787
0.0028989862001908037
0.002898903193660506
0.002898813080214291
0.0028987156595888567
0.0028986119956282233
0.002898510035269257
0.002898413254782494
0.002898285192083199
0.002898152876963101
0.002898106868452757
0.002898020809105789
0.002897868899219704
0.002897677666731482
0.002897381701717937
0.002897111939403702
0.002896813995976829
0.002896438943734665
0.002895930229020312
0.002895562790307205
0.0028951927770631113
0.002894807476381627
0.002894341246299868
0.002893953637189396
0.002893523420111961
0.002892833255583087
0.002891736895430045
0.002890494363491381
0.0028891341258925098
0.002887651369318334
0.002886122425894123
0.002885280580580178
0.0028850448654450423
0.002885189414366349
0.002885447134203272
0.0028857293471322002
0.002886043091344276
0.002886480855946118
0.002887102117806914
0.0028877796823969003
0.002888363222093813
0.002888928503718673
0.002889442251887463
0.002889990488583849
0.0028906099136718844
0.002891579179681147
0.002892558249539617
0.002893471937143094
0.002894304957846048
0.002895041949585227
0.0028956784902290657
0.0028961719112983843
0.0028964901533807402
0.0028964909576627853
0.0028964926124176358
0.00289649593286042
0.002896500170112585
0.00289650442164334
0.0028965097092524847
0.002896512522463352
0.002896515263378603
0.002896515916223638
0.002896516931396414
0.00289651889699246
0.002896520748012386
0.0028965232321577932
0.002896524957302505
0.002896527154728212
0.002896528938882655
0.002896530678967276
0.002896532503380998
0.0028965346497280293
0.0028965377678098277
0.002896540489961364
0.0028965428620285664
0.00289654533521348
0.002896548078822059
0.002896550846909297
0.002896553030852564
0.002896555020737603
0.002896557040147171
0.002896559336929967
0.002896562980890686
0.002896566132262259
0.002896568760295433
0.002896571468938464
0.002896574424490258
0.002896578021287411
0.002896582572183368
0.002896588706102753
0.002896595532103295
0.002896603493056045
0.002896613264381565
0.002896624789916293
0.002896636090265989
0.0028966476295929403
0.002896659939210189
0.002896673506256693
0.002896686879799797
0.002896699591817258
0.002896712310035288
0.002896724774491504
0.002896735575062021
0.002896744382259854
0.002896752548156888
0.002896762775065419
0.002896773214036243
0.002896781210666292
0.00289678927162315
0.0028967981067540964
0.0028968088655741226
0.002896821982935825
0.002896832643658376
0.002896841606501463
0.0028968501324023238
0.0028968602493460558
0.002896866493125194
0.002896872619245112
0.002896878135211256
0.002896883390424411
0.002896889146965829
0.0028968967521677373
0.002896906251993262
0.002896913045065216
0.002896919555880627
0.0028969264701373437
0.0028969345147621542
0.002896944351331653
0.002896957647948732
0.002896976951454817
0.002897008588558016
0.002897055438596948
0.0028970973888213687
0.002897133597579759
0.002897164251070422
0.0028971891258292902
0.002897208410807394
0.002897213893601923
0.002897213832295944
0.002897213641220442
0.00289721338983041
0.002897213373495349
0.002897213536572615
0.002897213874053653
0.002897214160385656
0.00289721448224129
0.002897214663698061
0.00289721497004563
0.0028972156230639427
0.002897216360772854
0.002897216886190764
0.002897217269919283
0.0028972174896863276
0.0028972176306575823
0.0028972177429141743
0.0028972178566883497
0.002897217977908788
0.002897218061792662
0.002897218120254238
0.002897218189020246
0.002897218263736836
0.002897218364318236
0.0028972185253752568
0.002897218725109423
0.002897218959772273
0.002897219241696846
0.00289721958222616
0.002897219989979116
0.002897220521087985
0.002897221186260112
0.00289722198468886
0.0028972229182131623
0.002897224035082579
0.002897225341136416
0.002897226870999791
0.002897228162037466
0.0028972290035487723
0.0028972293943825256
0.0028972300388188143
0.0028972306907337183
0.002897231511754141
0.002897232676572453
0.002897234131765093
0.0028972352117941852
0.002897236026769505
0.002897236353841729
0.0028972362607035183
0.002897235983845316
0.002897235462196144
0.002897235190088921
0.002897235023923627
0.002897234938631194
0.002897234903265667
0.002897234869075561
0.0028972348986637127
0.002897234955545336
0.002897235108329756
0.002897235462702037
0.002897235851645555
0.002897236238466577
0.002897236632145563
0.002897237022695362
0.002897237446551894
0.0028972378625207813
0.002897238310486871
0.002897238833718905
0.002897239519909616
0.00289724013812318
0.002897240794085575
0.002897241380454211
0.002897241938229468
0.002897242489700992
0.002897242981606217
0.002897243289608148
0.0028972434161328897
0.002897243458392635
0.002897243465540578
0.002897243458864288
0.002897243443440833
0.002897243429137396
0.002897243413112071
0.002897243390583452
0.0028972433537864067
0.0028972432731673037
0.002897243129968917
0.002897242943333753
0.002897242716333509
0.002897242444653116
0.002897242098996854
0.002897241814599435
0.002897241432234356
0.0028972411172331278
0.002897240845635228
0.0028972405882235
0.002897240336048192
0.002897240064656316
0.002897239703803122
0.0028972393258053153
0.002897239054395839
0.0028972388007253123
0.002897238540323567
0.002897238254415596
0.00289723791299053
0.002897237482002628
0.0028972369522842502
0.0028972362363155423
0.002897235239833553
0.002897234425967012
0.002897234090046916
0.002897234109504198
0.002897234419015904
0.0028972349199595793
0.0028972355089775716
0.002897236085324627
0.002897236565720256
0.00289723690277602
0.002897237089881678
0.002897237153887967
0.00289723713893536
0.002897237088932904
0.002897237057390716
0.0028972370977188543
0.002897237266800142
0.002897237896136729
0.0028972384785486828
0.002897238901061421
0.0028972391831089952
0.0028972392599497187
0.002897239145077205
0.0028972388742203284
0.002897238416927324
0.002897237913150518
0.002897237447863194
0.0028972370659486957
0.002897236826309816
0.0028972366705354823
0.0028972365594417833
0.0028972364844332987
0.0028972364409172177
0.0028972364349289
0.0028972364530341927
0.0028972364838643853
0.002897236524079366
0.002897236573567355
0.002897236640070069
0.002897236746436587
0.002897236915765046
0.002897237068864211
0.002897237161637776
0.002897237078564273
0.002897236936513708
0.002897236924887837
0.002897237030135163
0.002897237349661356
0.002897237786092654
0.002897238039999975
0.002897238089928183
0.002897238018138898
0.002897237894641155
0.002897237688881186
0.002897237398977711
0.002897236889659398
0.002897236414473851
0.002897236129541983
0.002897235923116322
0.002897235760777146
0.0028972356001891308
0.0028972354402977112
0.0028972352925409448
0.002897235134712869
0.0028972349275318307
0.0028972346753032762
0.002897234358853848
0.002897233955297416
0.0028972334269926473
0.00289723274248286
0.0028972322235527753
0.002897231639840293
0.002897231118908428
0.002897230626749322
0.002897230076645463
0.00289722947992882
0.0028972289195553637
0.0028972283432887273
0.002897227815026999
0.002897227353828476
0.002897226933886205
0.0028972265231172016
0.002897226066949697
0.0028972256640333693
0.002897225295489612
0.002897224981729913
0.00289722472089274
0.002897224589222605
0.002897224808195051
0.0028972252950353688
0.002897225878817607
0.002897226491301929
0.002897227112371982
0.002897227560224813
0.002897227948143053
0.002897228336001167
0.002897228773525653
0.002897229355726806
0.002897230283881508
0.0028972314317917648
0.002897233253292121
0.002897236222669929
0.00289724042509383
0.002897246514227171
0.002897255956378629
0.002897272562897684
0.0028973148937420762
0.0028973681978680748
0.00289742286897237
0.0028974854924107172
0.002897559844171239
0.002897661330464481
0.002897802994279784
0.00289795816274596
0.002898103592503296
0.002898254982009637
0.002898419187922734
0.0028986033345188107
0.002898792001551126
0.0028989612930868636
0.002899124596589622
0.002899290298986873
0.0028994603448691788
0.002899629188248481
0.0028998026319989618
0.002899989749118618
0.002900187423417989
0.00290036404874541
0.002900543534628433
0.002900733504811453
0.002900905604607884
0.002901061240333105
0.0029012037790936136
0.0029013536022720952
0.002901515320955601
0.002901677615557906
0.002901846435066163
0.0029020308722768817
0.002902247183472708
0.002902513496575787
0.00290290006070848
0.002903614806609938
0.002903882286799124
0.002904088932259876
0.0029041929819481
0.00290428110589124
0.002904359972578707
0.002904414630052107
0.002904462861799986
0.00290450425330904
0.002904545463049945
0.002904590517144975
0.002904636695281364
0.002904681026019048
0.002904708708131811
0.0029046428039685
0.002904205317985263
0.002903325851373399
0.002902425239264121
0.002901658043968628
0.002900930931948029
0.0029002669977639998
0.002899548002461883
0.002899485681539709
0.0028994820853255098
0.002899474963070497
0.002899460558422082
0.002899448348416344
0.002899439209408191
0.002899429313795681
0.002899421608684711
0.002899412556158885
0.002899394038359125
0.002899358158477833
0.0028993054960595177
0.002899229719779837
0.002899129109770667
0.002899002486670181
0.0028988271867742433
0.002898593363468027
0.002898340398904423
0.0028981969061677207
0.002898150040219905
0.002898148092391346
0.002898283952031741
0.002898468451877033
0.0028986780224948758
0.002898913503543509
0.0028991795853729654
0.002899509634579397
0.002899967883043284
0.002900703996935013
0.0029020525276958436
0.0029034012273222907
0.002904242714021758
0.00290494941910477
0.0029054670965702268
0.0029059966448753533
0.002906549248290128
0.002907120534651733
0.002907719550061063
0.002908659761066507
0.00290976424732626
0.0029108038631012797
0.002911603032667249
0.0029121731167795466
0.002912236711876254
0.002912237186861721
0.002912237325167774
0.002912228792050003
0.002912208798868233
0.002912169831237249
0.0029120898884972923
0.002911978047615758
0.002911844078312741
0.00291172846086188
0.002911676783504412
0.002911612221341869
0.002911418688920911
0.002911259011862624
0.002911078828428363
0.002910849828574619
0.0029106813201155
0.0029105288341021262
0.002910448447559485
0.0029104593874611463
0.002910523414362242
0.002910668722875653
0.00291085406812808
0.002911061883439164
0.002911286202495969
0.00291155084681165
0.002911848024065719
0.002912168152050012
0.002912536074103813
0.002912990950668436
0.002913595267835971
0.002914514917925259
0.002916033401030972
0.002917835993999037
0.002919551692259076
0.002920723590942639
0.002921542040339958
0.002922196165151651
0.002922806836170801
0.00292364743431308
0.002924352824291578
0.002924907241015329
0.002925462080479926
0.002926117679294235
0.00292709135712232
0.002927716550672553
0.002928293064488037
0.0029288265008827422
0.0029293314001971773
0.002929818628019095
0.0029303478108297218
0.002930862416777708
0.002931304962148398
0.002931681387132195
0.002932008732427276
0.002932261517178121
0.002932477796225181
0.002932658991993178
0.002932825991991315
0.002932986953080564
0.002933144805432449
0.00293331288914745
0.002933484183580534
0.002933692582202737
0.002933862915330953
0.002933966521174155
0.002933967616235055
0.002933974901507557
0.002934043832760909
0.002934201403498744
0.0029344611615282697
0.0029348590759337868
0.002935390072004303
0.0029356434494985707
0.002935885068673126
0.002935926836804439
0.002936022727915139
0.002936194113861936
0.002936393175210639
0.002936543915851867
0.0029366348893521
0.0029366770315272578
0.00293662605045039
0.002936522087122592
0.0029363616680263683
0.0029360932057782563
0.002935701174726811
0.002935282678290421
0.002934899770526051
0.002934525794807998
0.002934149630743399
0.0029337315622185367
0.002933339078081988
0.002932935516290046
0.002932546652211415
0.002932220149041142
0.0029319586194519157
0.002931758595973664
0.002931592102419866
0.00293142274617205
0.00293122723653513
0.002931035828742418
0.0029308678260404138
0.002930695010343395
0.002930525734142951
0.00293034554844053
0.002930116544584609
0.002929898480600321
0.002929684262812974
0.002929480814850557
0.002929268598127214
0.002929028819211723
0.002928740457476069
0.002928354859902302
0.002927854473446004
0.002927119408595665
0.002926177407149314
0.0029251758242870842
0.00292456326602753
0.0029239776245393043
0.00292340674449576
0.002922742613402524
0.002922197647439998
0.0029215556211188
0.002921264423299337
0.002920891628089976
0.00292047839868998
0.002920040660458532
0.002919556511269704
0.002919068878829297
0.002918498974253357
0.002917762393373616
0.002916732391400805
0.002915785939749635
0.002915114297750235
0.002914411697965548
0.002913692860456239
0.0029129696410719738
0.002912028985261871
0.0029102960086982792
0.002908350062159832
0.002906235929910714
0.002903976042744038
0.002901864190022429
0.002901005875610253
0.0029007752528217683
0.0029006976934459103
0.002900610869337276
0.002900541060343816
0.0029004313948511277
0.0029002730977204147
0.002900055136915244
0.002899822100314174
0.002899575380299488
0.00289931510311571
0.002899044374370725
0.002898766754855915
0.0028984890088671
0.002898220509625398
0.00289797139608835
0.002897751750192566
0.0028976240667900922
0.002897549581481728
0.002897548780287555
0.0028975470738494807
0.0028975436651368577
0.0028975411036613516
0.002897539013155088
0.002897537990055715
0.002897536978430906
0.002897536293080522
0.002897535624598466
0.0028975346281705588
0.002897533069806682
0.002897531454476514
0.002897529726619328
0.0028975276723116413
0.002897525176368397
0.002897521914491345
0.0028975182212726894
0.002897514271574766
0.0028975095978343098
0.002897504019078987
0.002897496687582025
0.002897485531552535
0.002897469983960349
0.002897452468753451
0.002897432246708563
0.0028974114189504988
0.002897389958330015
0.0028973683230583422
0.002897345286892822
0.002897321636906527
0.002897295144918527
0.002897263754502743
0.002897239628303532
0.002897223797359596
0.00289722305056155
0.002897223035113524
0.0028972230058147723
0.002897222986781286
0.002897223016204376
0.00289722308911144
0.002897223211212301
0.0028972233799686503
0.0028972236654112387
0.002897223713607648
0.002897223838814063
0.002897224010433152
0.0028972242403642783
0.002897224472135885
0.002897224784422678
0.002897225245857883
0.002897225908973189
0.002897226624486507
0.0028972273360937622
0.002897227873541434
0.002897228115973741
0.00289722795734673
0.002897227621882069
0.0028972271761520613
0.002897226765077024
0.002897226465500156
0.002897226518392719
0.002897210105573428
0.002897220519220573
0.002897225682554205
0.002897231947103643
0.002897244106904287
0.002897279297602847
0.002897325433458226
0.002897374202739146
0.0028974307207852413
0.002897496776920997
0.0028975821053575427
0.002897719030326156
0.002897882617926605
0.002898023944997204
0.002898167789035255
0.002898323070307336
0.002898497342764774
0.002898706505222579
0.002898894695648961
0.0028990687051288857
0.0028992413793790402
0.0028994210654636012
0.002899605116761096
0.002899791680034625
0.0028999871269194777
0.0029002015869544493
0.002900418884625224
0.00290063844853911
0.002900865952678899
0.002900934573082836
0.00290105464475707
0.002901074267331578
0.0029011085102179012
0.0029011360637871183
0.002901156865037475
0.002901172373342297
0.002901183956038477
0.002901193171879539
0.002901198540263411
0.002901195277289022
0.002901180968018532
0.0029011582809276002
0.00290112054629868
0.0029011789541045743
0.0029012828772112522
0.0029014835105016933
0.002901903663182515
0.0029023130066335072
0.002902730208477578
0.002903168623725194
0.002903698805373361
0.002904506749501379
0.002905601296401388
0.002907508000139432
0.0029094007975931863
0.002910634366691226
0.00291086335992111
0.002910629091894642
0.002910191138926969
0.002909795110673259
0.002909403864130898
0.002909023507291812
0.0029086695897679276
0.002908438424757629
0.002908437832063454
0.0029084367698386107
0.00290843639136493
0.002908440010588345
0.002908449419875577
0.002908472190216143
0.002908513170844674
0.002908548710490217
0.002908580207540134
0.002908591915096436
0.002908611255490974
0.0029086412585584962
0.002908702466035009
0.002908746596537593
0.002908790399035038
0.002908834542588954
0.002908877225438993
0.002908913708656809
0.002908939200791953
0.002908953065709564
0.002908958260576866
0.0029089574564489093
0.002908951409104885
0.002908936835020637
0.002908910844495664
0.002908887761670724
0.002908862681214431
0.002908833004868397
0.002908796041931429
0.002908744992786008
0.0029086879263856176
0.002908624537089175
0.002908543153696676
0.0029084638026548853
0.002908392101833222
0.002908347452242702
0.002908298745751826
0.002908244264969053
0.002908174428386382
0.002908105880748724
0.002908035332064541
0.002907966892188567
0.002907896156114564
0.002907816093896697
0.0029077197271137503
0.0029075992387326967
0.002907452877486395
0.002907300696401358
0.0029071544838781467
0.002906999996809083
0.002906775485937489
0.002906468622258376
0.002905878219136918
0.002905237413951499
0.002904568564773195
0.002903865093010779
0.002903139043598345
0.0029023947582759928
0.002901645105451207
0.002900909474814893
0.0029002104476806003
0.002899568112385275
0.002899013763750878
0.002898545825170771
0.002898237246308722
0.0028982358483915197
0.002898232884150266
0.002898227331147561
0.002898224220494225
0.002898221463920701
0.0028982204638730432
0.002898218730066292
0.0028982161907108402
0.002898209684423694
0.0028982005087101023
0.0028981870286756512
0.0028981664026219607
0.0028981353702451688
0.002898093204881287
0.002898047971585617
0.002897995758382006
0.00289792892193371
0.002897854217917358
0.002897772964766548
0.0028976862287437523
0.002897606301145342
0.002897531412878331
0.002897446079963727
0.002897403784419807
0.002897360647934129
0.002897303941654234
0.002897199699925658
0.002897049668949355
0.002896749689072831
0.0028964934908271823
0.002896222049694134
0.002895884110726647
0.002895436761473377
0.002895093363128742
0.002894730130264857
0.0028943920729089592
0.002893894224293192
0.002893531188381284
0.002893125658287162
0.0028925403613984293
0.002891573414316737
0.002890402205043158
0.00288911414358593
0.002887700948328694
0.002886191987265632
0.002884849481140478
0.002884553500949938
0.002884716896167929
0.00288503434799681
0.002885344951429899
0.0028856804500862598
0.00288615297378006
0.002886599134841462
0.002886929489704642
0.002887215975964495
0.0028875280480342882
0.00288781264042264
0.002888096754219407
0.00288836825343185
0.002888654683259226
0.002888950725702848
0.002889213773270695
0.002889473990842932
0.002889695404487619
0.002889937011809644
0.0028901161047643533
0.002890271704267131
0.002890428517301038
0.002890607897209267
0.0028908110835707563
0.00289101898131812
0.002891199755635501
0.002891381213442481
0.002891577206118059
0.002891809272589494
0.002892093029642732
0.002892468055771427
0.0028929980709354597
0.0028937190571249913
0.002894598783402137
0.002895344701908482
0.002895938161345095
0.002896379650148428
0.002896473533101266
0.002896474603351836
0.002896476708133189
0.0028964808433611907
0.0028964853037704817
0.002896489128732849
0.002896492458809737
0.00289649548039053
0.002896498367711819
0.002896500330494732
0.002896501446013065
0.002896502678471636
0.0028965042700032227
0.002896506321916587
0.002896508327294253
0.00289650995780868
0.002896511238400947
0.002896512759560283
0.0028965146889933916
0.0028965174834857384
0.0028965194460644572
0.002896521376052467
0.002896523521326009
0.002896526141859807
0.002896528602965672
0.002896531040498662
0.002896533681035021
0.002896536972194461
0.002896541082610139
0.002896544588834443
0.0028965478574829824
0.002896551325595733
0.0028965552484495637
0.002896558464176654
0.0028965612083152667
0.0028965638780413822
0.0028965667344783177
0.002896570442358689
0.0028965741066335937
0.002896577738929727
0.002896581234874787
0.002896584913268751
0.002896589063865532
0.002896594093266084
0.002896600634507648
0.0028966082323232966
0.0028966167067145713
0.002896625621432357
0.002896632825761552
0.0028966387659075657
0.0028966440764806372
0.0028966493562853192
0.002896655901949909
0.00289666226800669
0.002896668311116945
0.002896673842439136
0.002896679056217615
0.0028966840572960968
0.002896688953311227
0.002896693966694659
0.0028966995174921463
0.00289670710443048
0.002896713738655543
0.00289671870875866
0.002896723444401411
0.002896727942224389
0.002896732479757743
0.002896737928493437
0.00289674564782411
0.002896752168518587
0.002896757426722301
0.002896762454173686
0.00289676756518814
0.0028967719069968446
0.00289677563420798
0.002896779211753655
0.002896783062259301
0.002896788395198888
0.002896794072137462
0.0028967984850347
0.002896802884587293
0.002896807683038055
0.002896813318831758
0.00289682008630125
0.002896826872275669
0.002896833871488402
0.002896841491094771
0.002896850213533726
0.00289685912365499
0.002896868577024821
0.002896877667242509
0.002896886482465236
0.002896895710236391
0.00289690587266688
0.002896917745612505
0.002896932485133754
0.002896950610510055
0.002896975429349086
0.0028970125241396926
0.002897053181634696
0.002897091926884032
0.002897128244661745
0.0028971614728453762
0.002897191207433127
0.002897216374760734
0.002897236604734957
0.002897242570958944
0.002897242651173698
0.002897242848351248
0.002897243336111049
0.002897243644614603
0.002897243924191467
0.002897244054982144
0.002897244235876732
0.0028972444495253347
0.002897244730497785
0.002897244966835842
0.002897245225748973
0.002897245534292051
0.002897245899288126
0.002897246356197824
0.0028972470474190447
0.002897247954279196
0.00289724901746059
0.002897250225383631
0.002897251609774244
0.00289725273912327
0.002897253721869731
0.002897254397181771
0.0028972548955573598
0.002897255249224377
0.002897255355730734
0.002897255152663932
0.0028972547938066933
0.002897254404130022
0.002897254019028804
0.002897253871705104
0.002897253894661105
0.0028972540078359963
0.002897254176996246
0.002897254381724086
0.0028972545513123948
0.002897254532808943
0.002897254372748002
0.0028972541229238
0.00289725381928866
0.0028972536580094883
0.002897253552465383
0.002897253533034213
0.0028972535741456354
0.002897253656791148
0.0028972537951286728
0.002897254072501433
0.002897254320587627
0.002897254538803097
0.0028972547678867058
0.0028972550170720877
0.00289725532065432
0.002897255700934779
0.002897256224516059
0.00289725699826306
0.002897258278020606
0.0028972598503746497
0.002897261260975074
0.002897262286667859
0.002897263231517802
0.0028972641584087003
0.002897265226012303
0.002897266224789688
0.0028972670389140988
0.002897267494336401
0.002897267512877527
0.002897267542080724
0.002897267530667925
0.0028972674682125757
0.002897267409757523
0.002897267342907154
0.002897267257133334
0.0028972671563305776
0.0028972670394002637
0.002897266909141071
0.002897266824590117
0.002897266771581693
0.002897266739861177
0.002897266713095555
0.00289726666198903
0.002897266531210184
0.002897266233252804
0.002897265726198036
0.0028972650789828307
0.002897264335123542
0.002897263518131648
0.0028972625888527563
0.00289726210403326
0.0028972618207016854
0.002897261812866727
0.002897262019846615
0.00289726239913424
0.002897262902530051
0.002897263502809098
0.002897264201030915
0.002897264796910724
0.002897265271173151
0.002897265552339023
0.002897265737854487
0.002897265878328834
0.002897266023140211
0.002897266305891678
0.0028972667637315974
0.0028972675208634893
0.002897268153463189
0.002897268581918386
0.002897268862036961
0.002897269047478238
0.002897269125690217
0.00289726912111842
0.0028972691005235123
0.0028972690774349452
0.002897269057714419
0.002897269033856605
0.002897269008957466
0.002897268987652534
0.0028972689680034627
0.0028972689483894817
0.002897268927640659
0.00289726890443994
0.002897268877710857
0.002897268844638379
0.002897268800688955
0.002897268739880257
0.002897268678536984
0.002897268618294104
0.0028972685598439873
0.002897268507174888
0.002897268474052874
0.002897268449539251
0.00289726837847732
0.002897268250464111
0.0028972681680702337
0.002897268109216162
0.00289726805558601
0.002897268073047224
0.002897268126682388
0.00289726822905725
0.002897268399663918
0.0028972685500249632
0.002897268688153206
0.002897268821111275
0.002897268920313529
0.002897268963208187
0.002897268991446325
0.002897269012735249
0.002897269035310619
0.002897269066812782
0.002897269135367617
0.002897269233427688
0.00289726934218605
0.002897269479799432
0.002897269667785176
0.002897269929901833
0.002897270326334087
0.0028972708816457113
0.002897271387970496
0.002897271714246009
0.002897271844782543
0.002897271863153467
0.002897271783219788
0.002897271575696098
0.002897271244252023
0.002897270866452819
0.002897270485024261
0.002897270069012557
0.002897269818034196
0.002897269694047791
0.002897269604737551
0.002897269506016912
0.002897269336903374
0.00289726909121414
0.002897268793441168
0.0028972684485826894
0.002897268011949328
0.002897267761913167
0.002897267639934511
0.002897267566636606
0.0028972675225323883
0.002897267494688685
0.002897267491846532
0.00289726749870509
0.002897267511366663
0.002897267528312209
0.0028972675490507548
0.002897267575897373
0.00289726760997512
0.002897267656805347
0.00289726772553335
0.002897267836869285
0.002897267957255844
0.002897268034595236
0.0028972680986740947
0.002897268164931575
0.002897268250759817
0.002897268288015128
0.002897268306963143
0.002897268376801349
0.002897268611187748
0.002897268936132408
0.002897269197511401
0.0028972694260625733
0.00289726959847687
0.0028972696851231492
0.002897269655571946
0.00289726959115504
0.002897269483401503
0.002897269396363446
0.00289726926362932
0.0028972689239171057
0.00289726834681617
0.002897267591219044
0.00289726631947454
0.0028972644523375373
0.0028972614891600423
0.0028972578118116737
0.002897253626701969
0.002897248895402338
0.002897243418809902
0.002897239136125632
0.002897235112533522
0.002897232607116822
0.002897231206635746
0.002897230852084593
0.002897231544071005
0.002897233097866429
0.002897235300034469
0.0028972379365752167
0.002897241132152492
0.002897243826370014
0.002897246391111063
0.002897248278172771
0.002897249961708721
0.002897251939696128
0.002897255142288473
0.0028972602105759872
0.002897265059786542
0.00289726770949758
0.0028972691623794762
0.002897270010791507
0.0028972705709018978
0.002897270782729266
0.0028972709642409483
0.0028972710702037893
0.002897271093276691
0.002897271100648379
0.00289727111505029
0.0028972710596518107
0.0028972709901882382
0.002897270910992798
0.002897270829461617
0.002897270749551443
0.002897270623181397
0.002897270476890652
0.002897270275564228
0.002897270036978559
0.0028972697301648987
0.0028972694646229482
0.00289726927326416
0.002897269095019239
0.00289726892954579
0.002897268754588189
0.00289726856917824
0.002897268363743495
0.0028972681344202828
0.0028972679606351992
0.002897267835340683
0.0028972678076178387
0.002897267758147107
0.002897267727920329
0.002897267688799036
0.002897267658201952
0.002897267632871004
0.002897267603302679
0.0028972675768738692
0.002897267553883481
0.002897267532152889
0.002897267527858267
0.002897267470879512
0.002897267468716274
0.0028972674554614097
0.0028972674438278467
0.002897267433219691
0.002897267422191045
0.0028972674091494073
0.002897267395246317
0.002897267382276492
0.002897267369991845
0.002897267357019859
0.002897267342258575
0.002897267325036013
0.00289726730968292
0.0028972672944363818
0.002897267290792872
0.002897267251511584
0.002897267237440367
0.0028972672098166482
0.002897267178687178
0.0028972671726256887
0.002897267161174465
0.002897267158166658
0.002897267145812488
0.002897267137985444
0.0028972671286820123
0.002897267118830975
0.0028972671021302147
0.002897267076365578
0.002897267047474978
0.002897267013148948
0.002897266978872714
0.002897266919422534
0.002897266855595171
0.002897266769655643
0.002897266660948636
0.002897266585072697
0.002897266529400792
0.002897266482554683
0.0028972664305603646
0.0028972663958161332
0.002897266374048635
0.002897266357757941
0.002897266345159532
0.002897266336973092
0.002897266335596271
0.0028972663400587463
0.0028972663479660057
0.002897266363482704
0.002897266376844638
0.0028972663939900987
0.002897266411548155
0.002897266430446975
0.002897266452215982
0.002897266484464453
0.002897266528434459
0.0028972665621551817
0.002897266596729605
0.002897266635404383
0.002897266682318554
0.002897266743844401
0.002897266832843436
0.002897266976194851
0.0028972672459329093
0.002897267572111706
0.002897267900517207
0.002897268231370132
0.00289726856521601
0.002897268908545802
0.002897269014611107
0.002897269028120366
0.002897268945135298
0.002897268553929822
0.002897267960773155
0.002897267699050937
0.002897267415393176
0.002897267062210003
0.002897266836118535
0.002897266788584223
0.0028972669025106182
0.0028972671584200503
0.002897267508551331
0.002897267984037148
0.0028972685833390417
0.002897269252197616
0.002897270070228304
0.002897271058385215
0.002897271935497756
0.0028972726634829697
0.0028972732182405993
0.002897273586018347
0.002897273641441499
0.002897273611533029
0.002897273546763405
0.002897273474866203
0.002897273399729357
0.002897273322065015
0.002897273230731087
0.0028972730764177087
0.002897272957730661
0.002897272858955535
0.00289727275793106
0.002897272649420676
0.002897272518048171
0.00289727235786947
0.0028972721487707568
0.002897271991749661
0.002897271855333617
0.0028972717185493033
0.0028972715706117877
0.002897271398375197
0.002897271166805558
0.002897270996345041
0.002897270841959167
0.002897270685562898
0.002897270516757776
0.002897270327289538
0.002897270099036567
0.002897269813581761
0.00289726945712851
0.002897269153842364
0.002897268918143745
0.002897268737041992
0.002897268720794799
0.002897268710259422
0.002897268676208887
0.002897268587420899
0.0028972684555771573
0.002897268246998838
0.0028972678477248276
0.002897267245088523
0.002897266990012529
0.002897266723017506
0.002897266631122112
0.002897266525743996
0.00289726639176278
0.002897266393664121
0.002897266575180274
0.002897266928154087
0.002897267332953416
0.002897267804061522
0.002897268350479359
0.002897268873316164
0.0028972691138168557
0.002897269277825743
0.002897269389697158
0.002897269460936175
0.002897269501110113
0.0028972695228347543
0.002897269537041771
0.002897269539735783
0.002897269532814379
0.0028972695237008956
0.002897269510320963
0.002897269495743847
0.002897269478419397
0.002897269457338905
0.002897269430491534
0.0028972693952876868
0.00289726937466615
0.002897269357970156
0.00289726933875845
0.002897269322700543
0.0028972693086639677
0.002897269293760696
0.002897269273782957
0.002897269234464974
0.0028972691726862248
0.002897269087558749
0.0028972689743547307
0.002897268826927422
0.002897268733862015
0.002897268662553883
0.002897268598822898
0.002897268557759994
0.00289726852439066
0.002897268482342005
0.00289726845541908
0.002897268448637162
0.00289726844949389
0.00289726838954356
0.002897268210603529
0.002897267878267553
0.002897267642279356
0.002897267492961464
0.002897267371724911
0.0028972673871546758
0.0028972674608289733
0.002897267555246407
0.002897267762277344
0.0028972679296306028
0.0028972680870752283
0.002897268264477326
0.002897268526580587
0.0028972688454836607
0.0028972692347371118
0.002897269716575092
0.0028972703550058663
0.0028972709465167313
0.0028972716185626307
0.0028972722151081147
0.002897272779972355
0.002897273341828872
0.002897273858207663
0.002897274207119754
0.002897274361651906
0.002897274419498557
0.00289727443780749
0.002897274438271799
0.00289727443288139
0.002897274426567528
0.002897274416493824
0.002897274402102661
0.002897274376771833
0.002897274318234335
0.002897274196051943
0.002897274026520674
0.00289727381602684
0.002897273560507647
0.002897273236783127
0.002897272944535629
0.002897272568135962
0.002897272264975373
0.002897272003943965
0.0028972717570068538
0.002897271513922551
0.002897271248508745
0.002897270873047356
0.002897270540935355
0.002897270288819752
0.002897270047064338
0.002897269799221836
0.002897269517579906
0.002897269190574865
0.0028972687817641327
0.002897268254921732
0.002897267558527173
0.002897266649372031
0.002897266142109235
0.00289726605039559
0.002897266270403828
0.002897266695117296
0.0028972672168158537
0.002897267735543939
0.0028972678633092043
0.002897268078413091
0.002897268117834186
0.0028972681674510623
0.002897268182161481
0.002897268210434878
0.00289726821609131
0.002897268227217233
0.002897268234419751
0.0028972682417100102
0.002897268249524815
0.002897268256641281
0.002897268262818734
0.002897268269137916
0.002897268273651997
0.002897268278499924
0.002897268281935825
0.002897268286726998
0.0028972682905723493
0.002897268294196573
0.002897268298883742
0.0028972683070990477
0.002897268321045311
0.0028972683360645062
0.002897268352165999
0.002897268369674915
0.002897268388573735
0.002897268409062739
0.002897268431149951
0.002897268454426275
0.002897268478536667
0.0028972685029923662
0.00289726852715417
0.002897268550188311
0.002897268571127183
0.002897268588853894
0.0028972686022413533
0.002897268610235269
0.002897268612006499
0.002897268607112692
0.0028972685956615532
0.002897268578360257
0.002897268556535353
0.002897268531996673
0.002897268506797079
0.002897268496946307
0.00289726855472562
0.002897268692379315
0.002897268824509352
0.002897268863423458
0.002897268874912537
0.0028972688146664746
0.002897268735433492
0.002897268621050537
0.002897268455253019
0.0028972682739782218
0.002897268104605357
0.002897267970980478
0.002897267871210606
0.0028972678080940273
0.002897267762304935
0.002897267763088613
0.002897267798240611
0.002897267871850128
0.002897267971442673
0.002897268089099445
0.002897268214920708
0.002897268345037748
0.0028972684704215807
0.0028972685901400104
0.0028972686956332716
0.002897268779551359
0.002897268821403942
0.002897268757643427
0.002897268579234332
0.002897268420824823
0.002897268362425265
0.002897268363060524
0.002897268333082939
0.0028972682836955962
0.002897268314427097
0.002897268413536502
0.0028972685532734
0.0028972686349755
0.002897268742046404
0.0028972688297985863
0.002897268772710657
0.002897268628667083
0.002897268456002194
0.002897268257308264
0.002897268069582529
0.002897267906930508
0.002897267751807724
0.002897267573902169
0.002897267371697642
0.0028972672578564938
0.002897267127978458
0.002897266933566856
0.0028972666878182168
0.002897266376070552
0.002897265923014427
0.002897265315099976
0.002897264527629042
0.00289726396672424
0.002897263330708348
0.002897262743895933
0.002897262167893396
0.002897261486162753
0.002897260747073598
0.002897260022243107
0.002897259338604624
0.0028972587719767223
0.002897258290505571
0.0028972578497245592
0.0028972574047426898
0.0028972568972584893
0.002897256570434783
0.0028972563460095417
0.002897256223860227
0.0028972563420281328
0.00289725683363128
0.002897257557616307
0.00289725837996312
0.002897259149227974
0.002897259838614156
0.0028972603707126793
0.002897260828673121
0.002897261280429982
0.002897261777888647
0.002897262362099018
0.002897262991611123
0.002897263491097371
0.0028972639684669
0.002897264463889402
0.002897264988840139
0.002897265558958331
0.002897266141683128
0.002897266751895174
0.002897267418115108
0.002897268145599459
0.002897268812204047
0.00289726943154802
0.0028972700167084467
0.002897270578984847
0.002897271095544392
0.002897271548537923
0.0028972718690723153
0.0028972719173250773
0.002897271773636607
0.002897271486915828
0.002897271133278618
0.0028972707817436927
0.0028972703699950628
0.002897269910083724
0.002897269272249872
0.002897268613584225
0.002897268203171238
0.002897268034107033
0.0028972680339962808
0.00289726792202074
0.0028972677938912377
0.002897267766107885
0.0028972680731075033
0.002897268415259111
0.002897268724761973
0.00289726908323193
0.002897269449991024
0.0028972695489717978
0.0028972693633863332
0.0028972689873736
0.00289726853913671
0.002897268089148701
0.0028972676361886823
0.002897267269790063
0.0028972669807603387
0.002897266786440861
0.002897266662960864
0.002897266606554973
0.0028972666050548386
0.002897266659021775
0.00289726677496123
0.0028972669808431193
0.002897267285235749
0.002897267653099079
0.0028972680226342757
0.00289726835102839
0.00289726857460669
0.002897268644572325
0.002897268611199529
0.0028972685510270852
0.002897268481555642
0.002897268422004136
0.002897268404322409
0.002897268398374883
0.002897268244202202
0.00289726716995948
0.002897265535017001
0.00289726365837215
0.00289726214687054
0.002897261911581911
0.00289726178796294
0.002897262125126249
0.002897263128256663
0.002897264624209729
0.0028972665686195437
0.002897268127372694
0.002897269129315062
0.002897269854197641
0.002897270402144633
0.002897270769027155
0.002897271025380857
0.002897271242518333
0.0028972714754413494
0.002897271781621883
0.002897272155384159
0.002897272657362168
0.002897273251383482
0.0028972737231058943
0.0028972744800830072
0.002897275042651777
0.002897275586273079
0.0028972762029673307
0.0028972768251643117
0.0028972774669536
0.00289727795697702
0.002897278110151728
0.002897278078413934
0.00289727794890991
0.002897277659411761
0.002897277377371484
0.002897277119403833
0.002897276836362865
0.002897276501336179
0.002897276020504308
0.002897275512892186
0.002897275004153035
0.002897274447469371
0.00289727377009248
0.002897273207766065
0.00289727256319311
0.002897272027841174
0.002897271552079372
0.002897271083610529
0.002897270579872874
0.002897269893070522
0.002897269260348683
0.002897268794989271
0.002897268360457146
0.002897267927825188
0.002897267453850598
0.002897266928588152
0.002897266310797322
0.002897265589111427
0.002897264829991371
0.0028972644294960968
0.002897264693680139
0.0028972653873340277
0.002897266285729679
0.0028972671951112564
0.002897267954685892
0.0028972683988627533
0.002897268631199422
0.002897268759524023
0.002897268832517033
0.002897268839117947
0.002897268923168483
0.002897269107962689
0.002897269334365835
0.002897269503370357
0.002897269687949326
0.002897269671157259
0.002897269612816143
0.002897269553186508
0.0028972695176137948
0.002897269504539147
0.002897269493104311
0.002897269472787955
0.002897269435294665
0.002897269380226877
0.00289726933162704
0.002897269281486595
0.0028972692265080693
0.002897269159513818
0.002897269064840046
0.002897268995937222
0.002897268943594616
0.002897268880296274
0.002897268832091946
0.002897268795408743
0.002897268758602121
0.002897268715699885
0.002897268662151216
0.002897268600599659
0.002897268574589279
0.002897268585414683
0.002897268611626053
0.002897268623431041
0.0028972686100150417
0.002897268572700082
0.002897268532421331
0.002897268572277063
0.002897268687985218
0.002897268891893432
0.0028972689737048907
0.002897268980570686
0.002897268980870721
0.002897268981449354
0.002897268945915885
0.0028972689174292738
0.002897268813541723
0.002897268605403974
0.002897268396771197
0.0028972681942275352
0.0028972679844493196
0.0028972677871527412
0.002897267617660073
0.0028972674995439603
0.0028972674509405473
0.002897267484692415
0.002897267593800444
0.0028972677669312852
0.0028972679965499517
0.002897268247216043
0.002897268493107252
0.002897268635878068
0.002897268764786224
0.002897268851326498
0.002897268889363203
0.0028972689510127843
0.00289726900672707
0.002897269070715076
0.0028972691331177348
0.0028972691891705478
0.0028972691688440577
0.002897269049481759
0.0028972688376159767
0.0028972686429575697
0.002897268500320027
0.002897268418512014
0.002897268383178531
0.00289726837739066
0.002897268383416873
0.002897268410201249
0.002897268500530482
0.002897268695268384
0.002897269040274431
0.002897269250689835
0.0028972693656215713
0.002897269482510999
0.00289726954027454
0.002897269593478338
0.0028972696858223217
0.002897269850156854
0.0028972700540164
0.002897270101530573
0.002897270005472062
0.002897269706951192
0.00289726925894728
0.002897268720192621
0.0028972680862240623
0.0028972673507128457
0.002897266423460893
0.0028972653288405004
0.002897264178099411
0.002897263313130261
0.002897262617386056
0.002897262087633331
0.0028972617276441692
0.0028972615101817427
0.002897261404334601
0.002897261369758543
0.002897261406587213
0.0028972614952822093
0.00289726158449273
0.002897261694619291
0.002897261900778241
0.002897262287165413
0.002897263005712031
0.002897263858545783
0.002897264620958919
0.0028972653696079887
0.002897266229954532
0.0028972668698969708
0.002897267553634189
0.002897268119278378
0.002897268609587719
0.002897269070735943
0.002897269529651058
0.002897270039773002
0.002897270854838489
0.002897271386887958
0.002897271798159146
0.002897272193536055
0.0028972725890580773
0.002897273028264591
0.00289727351554575
0.002897274073661082
0.002897274650753894
0.0028972748124773758
0.002897274522412216
0.002897274020907939
0.002897273458275612
0.002897272820903595
0.002897272554014556
0.002897272487807126
0.002897272521961859
0.0028972726200961053
0.002897272749972999
0.002897272824109401
0.002897272658432242
0.002897272280879517
0.0028972717619533688
0.002897271145208873
0.0028972703578729283
0.002897269826901885
0.002897269561858587
0.002897269401329733
0.002897269293721112
0.002897269225612926
0.002897269178934772
0.002897269162804112
0.002897269161101206
0.0028972691636763147
0.002897269170535078
0.002897269175028499
0.0028972691737399778
0.002897269159273826
0.002897269114948329
0.002897268999747567
0.002897268706324064
0.002897268362340717
0.002897268062606716
0.002897267851830282
0.0028972677522638543
0.002897267758144872
0.002897267845075495
0.00289726797809155
0.002897268119240805
0.002897268238190113
0.002897268244208379
0.002897268271448902
0.002897268412351568
0.002897268810351356
0.0028972697576304662
0.002897270625167062
0.002897271172502052
0.002897271628274154
0.002897271709576633
0.002897271664216897
0.002897271333700895
0.002897270702497018
0.002897269967122197
0.002897269305020535
0.002897268688984692
0.002897268038259897
0.0028972675759665603
0.002897267304747976
0.00289726709294806
0.002897266915814681
0.002897266738768208
0.002897266513772891
0.002897266249763246
0.0028972659459105153
0.002897265572189231
0.00289726510510397
0.002897264503264377
0.002897263719863301
0.002897263157251563
0.002897262509102825
0.002897261926439842
0.0028972613778266458
0.002897260759789301
0.0028972600536839336
0.002897259374999398
0.00289725866738682
0.0028972578927436133
0.002897257185877623
0.002897256554205779
0.002897255958264752
0.002897255372168857
0.002897254616443581
0.002897254073938179
0.002897253692076496
0.0028972533878273213
0.002897253270023941
0.002897253485547042
0.002897254021356392
0.0028972546669832943
0.002897255356708868
0.002897256037839131
0.002897256663171332
0.002897257139085441
0.002897257556671408
0.0028972579648832847
0.002897258402014825
0.002897258916836931
0.002897259533068687
0.002897260030375663
0.0028972605018383188
0.0028972609766512803
0.002897261496271921
0.002897262061744632
0.0028972626653043622
0.002897263297682411
0.002897263996998908
0.002897264724590527
0.002897265455572337
0.002897266254849693
0.0028972670380232202
0.00289726781767946
0.002897268622121976
0.002897269436168336
0.00289726995502026
0.002897270375586073
0.0028972708646296873
0.002897271240628961
0.002897271532808823
0.002897271786997636
0.002897271965839537
0.002897272046548083
0.002897271928883496
0.002897271441833213
0.0028972706978433443
0.00289726988437091
0.002897269138208286
0.002897268548669643
0.002897268168677992
0.002897268010701376
0.002897267861840272
0.00289726732717269
0.002897265835543025
0.0028972643428045288
0.0028972631157751067
0.002897262235797915
0.002897261988920718
0.002897261839766635
0.002897261886474657
0.0028972620874933167
0.002897262516210498
0.002897263574801426
0.002897264679261183
0.002897265705114552
0.002897266710812173
0.002897267718980255
0.0028972686593577222
0.00289726957280842
0.002897270590560346
0.002897271993466813
0.002897273404142026
0.0028972743865237553
0.002897275254129392
0.002897276075273869
0.002897276860828365
0.002897277519017784
0.002897277721255229
0.002897277588490286
0.00289727730996345
0.002897276893608364
0.0028972764591796737
0.002897275986564582
0.002897275516163761
0.002897275015391723
0.0028972744341701122
0.002897273772717937
0.002897273064424826
0.002897272534128101
0.002897272109412037
0.002897271735230737
0.002897271396706363
0.002897271130539017
0.002897271060986177
0.002897271099890588
0.002897271185079619
0.002897271291432508
0.002897271403204785
0.002897271507816236
0.002897271542737608
0.002897271492267271
0.002897271374991738
0.002897271191561588
0.002897270937807506
0.002897270589580761
0.002897270164283266
0.0028972698096719628
0.002897270005014342
0.002897270667976107
0.002897270967940611
0.002897271010745427
0.002897270883264478
0.0028972706664780134
0.002897270367255795
0.002897269908998039
0.002897269437585846
0.0028972690752839983
0.0028972687299090687
0.002897268373442089
0.002897267983508979
0.002897267515184651
0.00289726700945567
0.0028972665942528283
0.002897266256102207
0.002897265962812067
0.002897265702933451
0.0028972654708720597
0.002897265280965872
0.002897265148535052
0.002897265121019816
0.00289726529771484
0.0028972655290928997
0.002897265798134889
0.0028972661872345633
0.0028972669145485813
0.002897267651537742
0.002897268261702967
0.002897268677106381
0.002897268886821303
0.002897268916149943
0.0028972689389456107
0.002897268998741622
0.002897269090744681
0.002897269133696335
0.002897269146083312
0.002897269145944256
0.002897269143465808
0.002897269120757793
0.002897269092039822
0.002897269031499732
0.002897268931876283
0.002897268844764141
0.002897268782219871
0.0028972687232269013
0.002897268667416782
0.002897268622487737
0.0028972685930723848
0.0028972685954046858
0.002897268639792791
0.002897268737565649
0.002897268894200278
0.0028972691117952363
0.002897269393568814
0.002897269828776458
0.002897270232504943
0.002897270493303001
0.002897270709909469
0.002897270890699421
0.002897271037382405
0.002897271113084737
0.002897271067683537
0.002897270952857432
0.002897270796027244
0.0028972705646945
0.0028972702988581517
0.002897270100073581
0.0028972699080765563
0.002897269706836454
0.002897269465593668
0.0028972692168600517
0.002897268982700512
0.0028972687384732822
0.00289726843881748
0.002897268239335613
0.002897268037571444
0.002897267871919521
0.002897267731336131
0.002897267597997447
0.002897267459453388
0.0028972673550507998
0.002897267276588298
0.00289726722752121
0.002897267199725083
0.002897267192847818
0.002897267213198726
0.002897267273357611
0.002897267400070971
0.002897267639352428
0.002897268060979611
0.002897268452914835
0.002897268686238466
0.002897268763591132
0.002897268729000716
0.002897268639654332
0.002897268568031169
0.002897268569823217
0.0028972685773871578
0.002897268631398695
0.00289726878505082
0.002897268876745718
0.002897268978877609
0.002897269105766895
0.00289726924313557
0.0028972693280817047
0.002897269342096139
0.002897269317185831
0.00289726926723534
0.002897269199222299
0.002897269090232545
0.0028972689512786697
0.0028972688336852924
0.0028972687084357638
0.002897268561002537
0.00289726838088151
0.0028972681072217546
0.0028972677350036476
0.002897267328265183
0.00289726685576
0.0028972665256464967
0.002897266102678759
0.002897265858880947
0.00289726573214516
0.002897265679533897
0.002897265689062453
0.002897265761050359
0.0028972659650953712
0.002897266165206335
0.002897266341029678
0.002897266521751158
0.002897266714656419
0.002897266952872522
0.002897267299639247
0.0028972676451201247
0.002897267964468104
0.002897268275211955
0.002897268584406033
0.002897268936452076
0.002897269321812202
0.002897269560097324
0.002897269736053268
0.002897269878547529
0.002897269991916065
0.00289727007299066
0.002897270099553808
0.002897270029428254
0.00289726978235256
0.002897269412129877
0.0028972690166653987
0.002897268654945944
0.002897268378921747
0.002897268236812143
0.0028972682132043493
0.0028972682587670266
0.002897268322334674
0.002897268325265242
0.002897268294102154
0.0028972681797613943
0.002897267957014349
0.0028972676497611813
0.0028972671225090873
0.0028972665851757337
0.0028972663192719616
0.002897266199484737
0.002897266080832862
0.0028972660171046457
0.0028972659850023553
0.002897265993636722
0.0028972661749390757
0.002897266606137958
0.0028972672102143336
0.0028972679400540886
0.002897268800270495
0.002897269927140683
0.002897270844607753
0.002897271697946951
0.00289727244521769
0.0028972731604445952
0.002897273852196717
0.002897274407670008
0.0028972747033052457
0.002897274805906041
0.002897274845703081
0.002897274894042745
0.00289727495639525
0.002897275022524517
0.002897275104200027
0.002897275193765999
0.002897275312979541
0.0028972754445805472
0.002897275578983959
0.002897275599662838
0.0028972755155675443
0.002897275349719565
0.002897275121954188
0.002897274832055791
0.002897274578606473
0.002897274251845309
0.002897273985835829
0.00289727375810263
0.002897273546778876
0.002897273345879715
0.002897273140273552
0.002897272901103901
0.0028972726772842237
0.002897272431190145
0.002897272216274644
0.002897272005850153
0.002897271781275241
0.0028972715285346604
0.002897271224105137
0.002897270834939161
0.002897270341102329
0.002897269637676297
0.0028972685337279947
0.0028972670545034758
0.002897265969492596
0.002897265299659614
0.002897265022242907
0.002897265096378275
0.002897265466143645
0.0028972660593854123
0.0028972667846235123
0.002897267461488365
0.00289726801789657
0.0028972684693206498
0.002897268839093231
0.0028972691577981947
0.002897269295042586
0.002897269289151773
0.002897269220622823
0.00289726910800298
0.0028972689582984082
0.002897268789496906
0.002897268599181609
0.0028972684637161438
0.002897268440920826
0.0028972684779753023
0.002897268607906195
0.002897268925077658
0.002897269223739453
0.002897269451855167
0.0028972696475500362
0.002897269800608675
0.002897269872340369
0.002897269955730475
0.002897269959272417
0.0028972699536315752
0.0028972699231122256
0.002897269943005155
0.002897270182667693
0.002897270630656429
0.002897271241076031
0.002897271968603023
0.0028972726879405992
0.002897273347826594
0.002897273887505386
0.002897274188274178
0.002897274231586202
0.002897274034682526
0.002897273719943793
0.0028972733117091486
0.002897272768703051
0.0028972724158241258
0.002897272143421373
0.00289727189785519
0.002897271698938424
0.002897271524300731
0.002897271346831208
0.00289727107835494
0.002897270706288418
0.002897270413015381
0.0028972701274624017
0.0028972698483292142
0.002897269636394312
0.002897269503020127
0.002897269491390284
0.0028972695956653157
0.002897269785365262
0.00289726993967457
0.002897270027080514
0.002897270086858024
0.0028972701427200562
0.002897270200636536
0.002897270259890551
0.0028972703114633833
0.002897270358244293
0.002897270401332913
0.002897270446888406
0.0028972704970804852
0.0028972705515824316
0.002897270607846288
0.002897270647333772
0.002897270693771394
0.0028972707398810652
0.002897270789799566
0.002897270847578199
0.0028972709168824523
0.0028972709989121812
0.002897271102485927
0.002897271193189025
0.002897271241715792
0.0028972712652328117
0.00289727127074861
0.002897271255364658
0.002897271227272537
0.002897271181476733
0.0028972710844251052
0.0028972708847418748
0.002897270430897352
0.002897269849798366
0.002897269204598268
0.002897268548740165
0.002897267954775475
0.002897267488000265
0.002897267201134277
0.002897267113173339
0.0028972672059876903
0.00289726741520126
0.002897267700993236
0.002897268012650369
0.002897268280335847
0.002897268450777232
0.002897268497029913
0.002897268478416189
0.002897268425781423
0.002897268308024266
0.002897268248502491
0.002897268191690074
0.002897268179406295
0.002897268172469551
0.002897268173958276
0.002897268190738517
0.00289726821555787
0.002897268249884166
0.0028972682983346852
0.002897268360564511
0.002897268430996851
0.002897268520659922
0.00289726866431031
0.002897268943844543
0.002897269432019615
0.0028972700578079134
0.002897270778087099
0.002897271559119967
0.002897272406340917
0.0028972729758148107
0.002897273141301836
0.002897273106954628
0.002897272881196729
0.0028972724871322397
0.002897272011005028
0.0028972715033797228
0.0028972709141415268
0.002897270577384843
0.00289727041486149
0.002897270315772651
0.00289727023939631
0.002897270139366569
0.002897269928868465
0.002897269627785726
0.0028972692607914328
0.002897268836446538
0.0028972683430586923
0.002897268057502453
0.002897267823930827
0.002897267675694379
0.002897267582684231
0.002897267517953279
0.002897267477983581
0.002897267464031503
0.002897267466640648
0.00289726747824806
0.002897267495144394
0.002897267516666747
0.0028972675439715868
0.002897267578122003
0.002897267623581343
0.002897267686401579
0.002897267780382491
0.002897267912208729
0.002897268024150097
0.00289726811854314
0.002897268197474248
0.002897268261577861
0.002897268313714163
0.002897268313988506
0.002897268343150994
0.002897268381102891
0.0028972685014526317
0.0028972687418822142
0.002897269283661614
0.002897270017560192
0.002897270565975731
0.002897270799987553
0.0028972710320997698
0.0028972712638746538
0.002897271139909117
0.002897270625157612
0.002897269964971426
0.0028972693801201273
0.0028972688945840992
0.002897268474043001
0.00289726805015884
0.002897267816010061
0.002897267716994043
0.002897267671288837
0.002897267661899369
0.002897267679913438
0.0028972677268536027
0.002897267798152763
0.0028972678715257568
0.002897267947216996
0.002897268025358043
0.002897268109580342
0.0028972682052609703
0.0028972682816726966
0.002897268322397254
0.002897268352250795
0.002897268373073893
0.002897268388429622
0.002897268400253118
0.0028972684099501773
0.00289726841812655
0.002897268422473792
0.002897268417857591
0.002897268406760984
0.0028972683941653208
0.002897268383853388
0.0028972683792095697
0.002897268302159433
0.002897268031024758
0.0028972673892936557
0.002897266989805117
0.002897266852662435
0.00289726677456957
0.002897266790866911
0.0028972668563740723
0.002897266997156931
0.002897267177600657
0.002897267339463252
0.002897267477103468
0.002897267614508012
0.0028972677517149457
0.002897267873454893
0.002897267962921304
0.002897268034014661
0.002897268087740666
0.002897268110379784
0.002897268095725298
0.002897268031180808
0.002897267875913099
0.0028972675010274927
0.002897266953033743
0.002897266292910418
0.002897265545284195
0.002897264736461856
0.002897263822935067
0.002897263343880082
0.002897263052347975
0.0028972630312389972
0.002897263217308285
0.0028972635644951028
0.0028972640268238163
0.002897264577859994
0.002897265222582262
0.002897265729792143
0.002897266124728052
0.002897266362481253
0.002897266516954627
0.0028972666325781603
0.002897266756653732
0.00289726701657466
0.002897267403574538
0.002897268052804109
0.002897268625403489
0.002897269025917204
0.002897269290171193
0.002897269462720045
0.002897269515840463
0.002897269495975099
0.002897269462500378
0.002897269426182055
0.0028972693913622356
0.00289726934878252
0.0028972693021011068
0.002897269262737432
0.00289726922498465
0.002897269187092722
0.002897269146256713
0.002897269101757718
0.002897269049700175
0.002897268985963853
0.002897268903179528
0.0028972688078130163
0.002897268720594959
0.002897268642114186
0.002897268573311663
0.002897268517903874
0.002897268543261489
0.002897268619381123
0.002897268773738293
0.002897268826932212
0.002897268815109728
0.0028972687290089007
0.0028972686071823232
0.002897268520408059
0.002897268363162924
0.002897268155209787
0.002897267985270641
0.002897267895437843
0.002897267867767988
0.002897267908158843
0.002897267996316429
0.002897268144928783
0.002897268326351849
0.002897268471233052
0.002897268578306869
0.0028972686545056577
0.002897268690746626
0.002897268680121422
0.0028972686380074847
0.00289726857757863
0.002897268529980607
0.00289726848430308
0.0028972684460868868
0.002897268414393043
0.002897268384712578
0.002897268360158715
0.002897268336301295
0.002897268318194283
0.0028972683017158
0.00289726828692434
0.002897268273365704
0.002897268261017823
0.002897268256671872
0.002897268282843657
0.002897268340472678
0.002897268397307337
0.002897268435201514
0.002897268447987106
0.0028972684402768473
0.002897268434405225
0.002897268411876742
0.002897268313204396
0.0028972679380568187
0.002897267324803326
0.002897266518304171
0.002897265610652991
0.002897265135673904
0.002897265056660631
0.002897265074414248
0.0028972651294976266
0.002897265283283639
0.0028972655065303728
0.0028972661242791567
0.002897267187062735
0.002897268490984307
0.0028972696409959677
0.002897270207488721
0.0028972704643606202
0.0028972705273145292
0.002897270440224813
0.002897270241848049
0.0028972699979077877
0.002897269783048729
0.002897269555202466
0.002897269401227206
0.0028972693577854
0.002897269448242718
0.0028972696789946553
0.002897270081484549
0.002897270746022708
0.002897271265020476
0.002897271713670932
0.002897272150382942
0.002897272579880828
0.002897272963198326
0.002897273185553988
0.0028972732519039522
0.002897273242959934
0.002897273186946617
0.00289727311546465
0.002897273035305747
0.002897272954017057
0.002897272863617241
0.002897272752634902
0.002897272608800676
0.002897272375624582
0.00289727212779608
0.00289727186897369
0.002897271579631214
0.002897271240244578
0.002897270720227751
0.002897270295049717
0.0028972699886307433
0.0028972697192330052
0.0028972694674049703
0.0028972692075998068
0.0028972688882885687
0.002897268604853604
0.002897268333291108
0.002897268089720568
0.002897267851827185
0.002897267603271413
0.002897267325444803
0.00289726701408317
0.002897266646625951
0.0028972662121816363
0.002897265719784057
0.002897265347913789
0.00289726542517077
0.002897265809904081
0.002897266387273683
0.0028972668344844107
0.0028972672571227587
0.00289726765535398
0.002897268071218709
0.002897268392678852
0.0028972685566633852
0.002897268602843179
0.00289726858328187
0.002897268540684735
0.002897268533880915
0.00289726845359905
0.00289726824932145
0.002897268000606412
0.002897267914844637
0.002897267860417083
0.002897267930649408
0.002897268029888605
0.0028972681737181377
0.002897268363808021
0.002897268502388243
0.002897268617726676
0.002897268688239688
0.002897268724491339
0.00289726873796528
0.002897268736966607
0.002897268727347557
0.002897268708260248
0.002897268683006785
0.002897268664949306
0.00289726865517235
0.0028972686493164428
0.00289726864029501
0.002897268620667485
0.0028972685826563122
0.002897268527173704
0.002897268467378053
0.0028972684405336627
0.002897268440895698
0.002897268601270376
0.0028972689606830294
0.002897269331037417
0.00289726934231335
0.0028972692518561788
0.002897269082123652
0.00289726881417981
0.002897268366069843
0.002897268013521278
0.002897267872858422
0.002897267888215608
0.002897268011133668
0.002897268172334289
0.002897268327219705
0.002897268449921919
0.002897268531613599
0.002897268581175077
0.0028972686147928912
0.002897268642851237
0.0028972686696166687
0.002897268695498566
0.002897268703860127
0.002897268681738138
0.00289726863654479
0.00289726858032503
0.0028972685188284352
0.0028972684907611988
0.0028972684752265033
0.002897268463524414
0.002897268455704275
0.0028972684483132873
0.002897268437564523
0.0028972684375133868
0.002897268378838313
0.002897268313861199
0.002897268205097433
0.002897268002234508
0.002897267760254567
0.002897267645256801
0.002897267661218105
0.002897267688798908
0.002897267765303058
0.0028972678128636803
0.00289726782869678
0.00289726780641297
0.0028972677863203468
0.0028972677709302847
0.0028972677597670247
0.0028972677589688928
0.002897267768802618
0.002897267793167547
0.002897267839824065
0.002897267908648339
0.002897267997762375
0.0028972681031736542
0.002897268220138791
0.00289726834475528
0.00289726847351255
0.002897268586084681
0.0028972686871027906
0.002897268781299754
0.002897268870709978
0.0028972689564963957
0.002897268994754748
0.002897268996289208
0.002897268968944091
0.0028972689180686807
0.00289726884603087
0.002897268767024514
0.002897268688355675
0.002897268605165352
0.002897268499666144
0.002897268451683266
0.002897268423349904
0.002897268405661103
0.0028972683975955317
0.002897268401658766
0.0028972684290678613
0.002897268414773525
0.002897268358504889
0.0028972681993249113
0.00289726807208498
0.002897268024230553
0.0028972680595574308
0.002897268318741592
0.002897268584044496
0.002897268928494797
0.002897269134539333
0.002897269416045857
0.002897269986878973
0.0028972705230382277
0.002897270823993121
0.002897270882819384
0.002897270721256795
0.0028972703902135533
0.002897269951718862
0.002897269549040197
0.0028972691456318703
0.002897268762370662
0.002897268408114587
0.002897268033350631
0.002897267628026201
0.002897267232099313
0.002897266832745714
0.002897266394316123
0.002897266201700979
0.0028972660683668663
0.002897265997847779
0.00289726598525319
0.002897266010867443
0.002897266086858577
0.002897266179932849
0.002897266271017445
0.0028972663678472443
0.002897266470935624
0.002897266549662452
0.00289726661913731
0.002897266689481148
0.002897266770587768
0.0028972668558054928
0.002897266941185353
0.002897267015376045
0.002897267088086972
0.0028972671643775058
0.002897267249691254
0.002897267351272582
0.00289726746498227
0.002897267573992804
0.0028972676804555953
0.002897267784274182
0.002897267864100089
0.0028972679242127712
0.002897267968524595
0.00289726800050847
0.002897268018399957
0.002897268026431977
0.002897268031732661
0.002897268036938852
0.002897268049125594
0.0028972680891636167
0.002897268171363775
0.002897268268664681
0.002897268357460609
0.002897268421549188
0.0028972684573645912
0.002897268460793355
0.0028972684505835043
0.002897268397342894
0.00289726812138134
0.0028972677085493683
0.002897267196737394
0.002897266564479393
0.002897266182278103
0.002897266069354472
0.002897266019077356
0.002897266031230683
0.0028972660485281528
0.002897266185372142
0.0028972665685179587
0.002897266966475885
0.002897267435516026
0.002897267921129358
0.002897268435877223
0.00289726885517837
0.002897269137928052
0.0028972693523807644
0.002897269509532431
0.002897269639727843
0.002897269742859674
0.002897269852313614
0.002897269981156541
0.0028972701481879467
0.002897270370002417
0.002897270719260468
0.002897270974594213
0.002897271148826379
0.002897271284348179
0.002897271381731811
0.002897271435653805
0.0028972713916623318
0.0028972712422032313
0.0028972710539716053
0.00289727084190209
0.0028972705643780018
0.002897270217252926
0.002897269981552372
0.002897269761592804
0.00289726953478229
0.00289726926555548
0.002897269013851815
0.0028972687732747053
0.0028972685101317903
0.0028972683194331337
0.002897268081992723
0.002897267907438566
0.002897267769151517
0.002897267645578786
0.002897267528359443
0.00289726738604875
0.00289726732419877
0.002897267297702337
0.002897267292444381
0.002897267308680565
0.002897267354273248
0.0028972674435090518
0.002897267608103506
0.0028972678981776137
0.002897268179368042
0.0028972683731575137
0.002897268524759442
0.002897268619532212
0.002897268646944586
0.002897268643443112
0.00289726861096987
0.0028972685556304693
0.0028972685416491957
0.002897268558693712
0.0028972686195247207
0.002897268767749259
0.0028972688951762423
0.00289726894430997
0.002897269012739969
0.002897269055700962
0.002897269074232719
0.0028972691089421292
0.002897269116243876
0.0028972691291453017
0.002897269157100664
0.002897269135411931
0.002897269058507593
0.002897268944430891
0.002897268787032759
0.002897268613480998
0.00289726845276321
0.00289726837313732
0.0028972685059992756
0.002897268984468557
0.002897269827377351
0.002897270977406656
0.002897272357343727
0.002897273960439801
0.00289727540487848
0.002897276532765618
0.002897277134722662
0.002897277403423222
0.002897277363721172
0.002897276891897226
0.002897275967213419
0.002897274854187865
0.0028972736728313
0.002897272237899061
0.0028972710681265507
0.0028972703104601857
0.0028972696383025307
0.002897268935468278
0.0028972682259388602
0.002897267587481161
0.0028972669359420937
0.002897266168219052
0.002897265171563416
0.0028972640793173
0.00289726282982128
0.002897261591636543
0.0028972604659908588
0.00289725942219508
0.002897258400280636
0.002897257247472885
0.002897256391368435
0.0028972557970530013
0.002897255376660132
0.002897255112951086
0.002897255076024188
0.0028972554719945763
0.00289725614843989
0.002897256800067887
0.002897257454403873
0.002897258137967478
0.002897258752289301
0.00289725927482507
0.0028972597483257717
0.002897260232590227
0.002897260780103026
0.0028972614288810873
0.0028972620433265622
0.002897262561228587
0.002897263069819846
0.002897263603526072
0.002897264166190224
0.002897264774793181
0.0028972653944967838
0.002897266061670786
0.002897266771550789
0.002897267526483624
0.002897268236891746
0.002897268902578614
0.0028972695344963357
0.002897270146152478
0.0028972707117689
0.002897271224851044
0.002897271591868352
0.00289727161872956
0.002897271196553769
0.002897270506388975
0.002897269720850094
0.0028972689677336507
0.002897268374870883
0.00289726806805007
0.002897267953737756
0.002897267920270469
0.002897267920597551
0.0028972677666993883
0.002897267555420169
0.0028972672613874102
0.002897266708122181
0.002897266454588499
0.002897266364123892
0.002897266365805304
0.002897266458337428
0.002897266832540154
0.002897267202066187
0.0028972675447828853
0.002897267860481027
0.002897268102897613
0.00289726828370573
0.002897268384964701
0.002897268434622729
0.002897268436568411
0.002897268408244182
0.002897268367979904
0.002897268322706099
0.002897268271940776
0.002897268216533071
0.002897268167030393
0.00289726813051076
0.002897268105416464
0.002897268093993604
0.002897268097820156
0.002897268122206502
0.002897268172067422
0.0028972682146466413
0.00289726823595215
0.0028972682700880922
0.002897268301125691
0.002897268336675641
0.002897268372496041
0.002897268378757971
0.002897268369865356
0.002897268299280638
0.00289726821152861
0.0028972681338986723
0.00289726810906082
0.0028972681421747903
0.002897268208144079
0.00289726839007582
0.002897268530190144
0.002897268611016863
0.0028972686422695727
0.0028972686040697787
0.002897268405870455
0.0028972680822651267
0.002897267568514679
0.002897266824510101
0.002897265958902208
0.002897264993939764
0.00289726391648125
0.0028972631338655256
0.002897262510104419
0.0028972623170323408
0.0028972624150875813
0.002897262736602898
0.0028972632161661602
0.0028972638102251307
0.0028972645108819133
0.002897265441272995
0.0028972659426123467
0.002897266201734288
0.002897266368889752
0.0028972665059621818
0.002897266699326499
0.0028972672335708287
0.002897268330848428
0.002897269095779256
0.002897269454831004
0.00289726964421358
0.0028972697263035647
0.002897269743812692
0.002897269708531929
0.002897269665608399
0.002897269622608066
0.0028972695785767512
0.0028972695309016183
0.002897269473810364
0.002897269411699102
0.002897269357772256
0.002897269308671541
0.002897269260101999
0.002897269209771557
0.002897269156071696
0.002897269096850385
0.0028972690295487593
0.002897268949452546
0.0028972688830819987
0.0028972688370634023
0.0028972687954007758
0.002897268740976352
0.0028972686796797853
0.002897268615740847
0.00289726855908019
0.002897268543382792
0.002897268469403187
0.00289726826431985
0.00289726781732562
0.002897267389864484
0.00289726733626678
0.002897267306079044
0.00289726730950384
0.002897267430790439
0.002897267648072971
0.002897267945608443
0.00289726828256162
0.002897268508436902
0.0028972686495702987
0.002897268736517476
0.002897268789066429
0.002897268827023047
0.002897268856695615
0.002897268882177625
0.002897268908482948
0.002897268927054387
0.002897268936466768
0.002897268931570246
0.00289726890503216
0.002897268837550217
0.002897268723677231
0.002897268601178282
0.002897268491852486
0.002897268409029059
0.002897268360125122
0.002897268343670648
0.0028972683529186437
0.002897268376577448
0.002897268403477605
0.002897268424084024
0.002897268430808701
0.002897268478651014
0.002897268582184827
0.002897268682363762
0.00289726866953743
0.002897268630130622
0.00289726860671257
0.002897268583462194
0.002897268523288254
0.002897268463385934
0.0028972683503412523
0.002897268196469948
0.002897268068900886
0.002897268026938147
0.0028972680524013087
0.0028972681716440078
0.002897268504437077
0.002897269022326074
0.002897269700817652
0.0028972705699456098
0.002897271729040467
0.002897272732430078
0.002897273971649454
0.002897275010583465
0.002897275830164738
0.002897276402708434
0.002897276764334341
0.002897277025303987
0.002897277286713468
0.002897277516339117
0.0028972776784691604
0.0028972778349638548
0.00289727799823142
0.0028972781817146642
0.002897278400674883
0.00289727858889877
0.002897278589137282
0.00289727845769192
0.002897278224535861
0.0028972778929965168
0.0028972773556189247
0.002897276961066831
0.00289727655242281
0.00289727617362782
0.002897275825557693
0.002897275468829162
0.002897275074316934
0.002897274509633537
0.002897273997942419
0.002897273604811058
0.002897273223813962
0.002897272828614654
0.002897272374777693
0.002897271838652383
0.0028972711544752038
0.0028972702454999988
0.002897268977154063
0.002897267110216748
0.0028972656177798893
0.002897264895022865
0.002897264909212853
0.002897265437170568
0.0028972664183326328
0.002897267061158871
0.0028972675379588027
0.002897267993098813
0.0028972683678008997
0.002897268698004404
0.00289726877892287
0.002897268835608725
0.0028972690092947707
0.002897269375649774
0.002897269602499909
0.002897269718670345
0.002897269697679256
0.002897269621198481
0.00289726950060386
0.002897269249171301
0.002897269004967931
0.002897268835205632
0.0028972688104159016
0.0028972691352903432
0.0028972698673077587
0.002897270921324864
0.0028972722172694518
0.002897273705678409
0.0028972755958382463
0.002897276564489926
0.0028972769207937163
0.002897276917730692
0.002897276548599049
0.002897275701954423
0.0028972744901808707
0.002897273176265491
0.0028972718145613492
0.0028972699997241833
0.002897268979188321
0.002897268338362115
0.002897267846513071
0.002897267507470885
0.0028972672813578062
0.002897267121265415
0.002897266964679652
0.002897266676270932
0.002897266338457165
0.002897265900198316
0.0028972653185686693
0.002897264620103235
0.002897263911314402
0.002897263587746122
0.0028972635314172723
0.002897263610163915
0.0028972637429407
0.002897263935432237
0.002897264214306995
0.0028972645094248388
0.002897264816923564
0.002897265117270449
0.002897265417666289
0.0028972657353020397
0.002897266094348141
0.002897266415863913
0.0028972667208985252
0.00289726702648863
0.002897267353674563
0.002897267702123108
0.002897268091763499
0.002897268524074239
0.002897268982915879
0.00289726927880053
0.0028972694113401087
0.002897269416197014
0.0028972693200252798
0.002897269187839254
0.002897269073124729
0.00289726898334898
0.002897268897066738
0.00289726881548447
0.002897268742535966
0.0028972686596283248
0.002897268565203805
0.002897268482900229
0.002897268409944628
0.0028972683472069413
0.00289726831627779
0.002897268362849441
0.002897268532438354
0.00289726875895512
0.002897268914834076
0.0028972688938670513
0.002897268802524168
0.002897268514664085
0.002897268249717474
0.002897267847943086
0.00289726754873734
0.002897267515566042
0.002897267493791642
0.002897267529408628
0.002897267700011074
0.002897268022602234
0.002897268460988603
0.002897269017094862
0.002897269723131822
0.002897270915674178
0.0028972717703638633
0.002897272425231218
0.0028972730563891816
0.002897273679283207
0.0028972742626566543
0.002897274634045537
0.002897274772866012
0.002897274814419768
0.002897274835659065
0.0028972748647905578
0.002897274909229598
0.002897274968426278
0.0028972750335639593
0.002897275120934722
0.002897275221684511
0.002897275338527215
0.002897275408958697
0.002897275354066699
0.002897275215174891
0.002897274999060968
0.0028972747136679793
0.0028972742608679384
0.0028972739247132857
0.002897273566483428
0.002897273240529163
0.0028972729442393198
0.0028972726513604237
0.0028972723572527003
0.0028972719993346392
0.002897271414361989
0.002897270997726667
0.0028972706775171873
0.002897270312223737
0.002897269949749497
0.0028972694939755307
0.002897268938985978
0.002897268173314397
0.0028972672468112947
0.00289726626069331
0.002897265293016741
0.00289726433389511
0.002897263527477573
0.002897262804304053
0.00289726216420359
0.002897261636290449
0.002897261279209683
0.002897261179390795
0.002897261306883293
0.002897261603142752
0.002897262017761306
0.002897262530394353
0.0028972631844654782
0.002897263605469698
0.002897263827575224
0.002897263979492071
0.002897264107703371
0.002897264260858493
0.002897264564568685
0.002897264960939058
0.0028972655716466207
0.002897266187547388
0.002897266697528646
0.0028972670977525927
0.002897267461542002
0.002897267632409393
0.002897267725332672
0.0028972677998919047
0.002897267885777601
0.002897267992196962
0.002897268133407162
0.002897268271495041
0.002897268396737702
0.002897268515345096
0.00289726863091076
0.002897268743772716
0.002897268849512118
0.0028972689413657767
0.002897268988702929
0.0028972690011271163
0.002897268980560446
0.002897268917060113
0.002897268794588792
0.0028972686349116247
0.0028972684960421958
0.002897268444170606
0.0028972683383903467
0.002897268069819608
0.0028972676339254887
0.002897267500560671
0.002897267464351733
0.002897267585147992
0.002897267786771509
0.0028972681119225872
0.002897268475119426
0.002897268687473419
0.0028972688418678148
0.002897268977531859
0.002897269084672465
0.002897269171703042
0.002897269231940019
0.002897269261059046
0.00289726927664547
0.0028972692777799593
0.00289726926338643
0.00289726922724509
0.00289726916899078
0.002897269095121622
0.002897269004479129
0.0028972689003664348
0.002897268784166758
0.002897268661487646
0.002897268540124111
0.0028972684300326936
0.002897268342653637
0.002897268284663846
0.00289726825845488
0.0028972682621543453
0.0028972682897939
0.002897268332080411
0.002897268371315841
0.002897268399274157
0.002897268386264486
0.002897268325133581
0.002897268081555237
0.002897267783970622
0.002897267554655957
