0.002896535086833768
0.002896535086833698
0.002896535086833702
0.0028965350868337043
0.002896535086833706
0.002896535086767879
0.002896535086038948
0.002896535076446666
0.0028965350584728993
0.00289653501831453
0.002896534956352862
0.002896534883061016
0.002896534813877859
0.00289653473460843
0.002896534677076186
0.0028965346077731717
0.0028965345835796413
0.0028965345776228
0.002896534586097093
0.0028965345853033536
0.002896534590397744
0.0028965346250411357
0.00289653468659836
0.0028965347607960612
0.002896534877662778
0.002896534965756349
0.002896535027408632
0.002896535066596339
0.002896535090160953
0.0028965351048913313
0.002896535114418129
0.002896535130791571
0.002896535143476704
0.002896535152553972
0.0028965351609678684
0.002896535162632051
0.002896535169702313
0.002896535170027992
0.0028965351773676744
0.002896535177103919
0.002896535181266444
0.002896535183161918
0.002896535189319805
0.002896535190155878
0.00289653519527223
0.0028965351959348087
0.002896535196534075
0.002896535204541298
0.002896535204085552
0.002896535210598319
0.002896535211670038
0.0028965352190353463
0.002896535221828401
0.002896535228565404
0.002896535231137305
0.002896535237218648
0.002896535240437384
0.002896535247260704
0.0028965352514727276
0.002896535260679072
0.002896535269640454
0.002896535275251886
0.002896535278329418
0.002896535277794644
0.002896535275581835
0.002896535268505844
0.002896535256600934
0.002896535241526064
0.002896535229912692
0.002896535219643525
0.002896535212203329
0.002896535206390447
0.0028965351987880372
0.002896535192352727
0.002896535189023237
0.002896535186464473
0.0028965351856650653
0.002896535184027496
0.002896535183956444
0.002896535183877593
0.0028965351833910133
0.002896535184661743
0.002896535186544937
0.0028965351891317563
0.002896535192135403
0.002896535196789284
0.002896535202286573
0.00289653521106225
0.0028965352236133917
0.002896535240910721
0.002896535268709878
0.002896535326864859
0.002896535398857873
0.0028965354856762622
0.002896535583324782
0.00289653567030416
0.0028965357819734
0.002896535893369242
0.002896536020314285
0.002896536133119486
0.002896536256484135
0.002896536363677255
0.0028965364777512603
0.002896536578815466
0.002896536684341687
0.002896536779077862
0.0028965368768544453
0.002896536964796723
0.002896537055361676
0.002896537135140021
0.002896537218725312
0.002896537300374358
0.002896537381729972
0.002896537483992753
0.0028965375905641777
0.002896537696078138
0.002896537804320349
0.0028965379132476097
0.0028965380257700546
0.002896538141828597
0.002896538267271302
0.002896538403374659
0.002896538562544947
0.002896538761354653
0.002896539060213196
0.0028965394311192758
0.0028965399180451803
0.0028965404995487513
0.002896541264933801
0.002896542373819355
0.002896544107856087
0.002896547087628393
0.002896552845839769
0.002896565815558312
0.0028966011859753718
0.002896654490498856
0.002896713856571922
0.002896779929785971
0.002896851538134259
0.002896929667440735
0.0028970201723725456
0.00289709121613783
0.002897136581782946
0.00289715759856781
0.002897157603029785
0.0028971421285768867
0.002897118278221889
0.0028971024963272383
0.002897093562519886
0.002897089622057548
0.002897089259798534
0.002897091628525529
0.002897096207107874
0.002897101153894425
0.002897104941028006
0.002897105496164485
0.0028971056433915138
0.002897104333525221
0.00289710251841074
0.002897099273872574
0.0028970968936070838
0.002897094599963154
0.002897092055669662
0.002897087913876919
0.002897082367189887
0.0028970743777800498
0.0028970629317094927
0.00289704759572878
0.002897026248607503
0.002897004756844727
0.0028969826297330138
0.002896963810300465
0.00289694683680743
0.002896930454467819
0.002896913858883059
0.002896895806375046
0.0028968733793380583
0.0028968532717678418
0.002896831512208195
0.002896812218854156
0.002896793601630815
0.002896774277144836
0.002896752821925239
0.002896728929627064
0.0028967006022256442
0.002896675134054809
0.0028966576926368857
0.002896630220483758
0.002896598337040542
0.002896566776691398
0.0028965434422306697
0.002896521833796917
0.002896507202977408
0.0028964951638539463
0.002896482081262597
0.00289647163895517
0.002896462356158472
0.002896456039294079
0.002896456392706601
0.002896465968136404
0.002896480367184501
0.002896495713511783
0.002896500354064481
0.002896500411286454
0.0028965005295480883
0.002896500765416258
0.00289650098997594
0.00289650105421622
0.0028965014440124038
0.0028965015245857742
0.00289650162150693
0.002896501735282856
0.002896501895934357
0.002896502120876785
0.002896502371430297
0.00289650258451536
0.002896502770156786
0.0028965029485726627
0.002896503151187342
0.002896503444287088
0.002896503700087809
0.002896503928763988
0.002896504177970162
0.002896504465591255
0.0028965048244175002
0.002896505328702476
0.002896505869854458
0.002896506443025565
0.0028965070202344677
0.002896507578330515
0.0028965084739876103
0.002896509267897999
0.002896510295781521
0.002896511399679809
0.002896512623066448
0.0028965140205204436
0.002896515632769236
0.002896517535692524
0.0028965198541762867
0.002896522845595171
0.002896527001850537
0.002896531451291119
0.002896533605101106
0.002896533608869178
0.002896533621296576
0.0028965336564611382
0.002896533681951857
0.002896533697993922
0.002896533710042894
0.002896533719636859
0.002896533720311298
0.002896533720517732
0.002896533718746846
0.002896533701681063
0.0028965336848878827
0.0028965336644002438
0.002896533650056011
0.00289653364712895
0.002896533647515227
0.0028965336590085723
0.002896533673956716
0.00289653369148225
0.002896533713822609
0.002896533739569281
0.002896533767280777
0.00289653379176933
0.002896533813730946
0.0028965338349297163
0.002896533857579499
0.002896533879791427
0.002896533902185148
0.0028965339202686093
0.002896533935349018
0.002896533948368168
0.002896533960208402
0.00289653397180183
0.002896533984549695
0.0028965340043577087
0.002896534019192646
0.0028965340309324832
0.0028965340426903158
0.0028965340549169543
0.002896534069586934
0.0028965340876964713
0.0028965341108406423
0.002896534131524875
0.00289653415329209
0.002896534172791405
0.0028965341902980214
0.0028965342080857722
0.002896534228030197
0.0028965342527110523
0.002896534278239039
0.002896534301747244
0.0028965343260659417
0.0028965343525986544
0.00289653438307846
0.002896534419376026
0.002896534465276389
0.00289653452679039
0.002896534610724358
0.002896534692111445
0.002896534768797529
0.002896534838448533
0.002896534898569717
0.002896534934601271
0.002896534953158437
0.002896534953096978
0.002896534951152536
0.0028965349310150694
0.00289653490043871
0.002896534859814882
0.002896534821935568
0.00289653478746447
0.002896534777703666
0.00289653476818529
0.002896534751088244
0.002896534743504323
0.002896534736130046
0.002896534736916945
0.002896534739156044
0.0028965347387767703
0.002896534736694383
0.002896534731053083
0.0028965347203611627
0.002896534701154235
0.00289653467282272
0.002896534636921202
0.002896534592116222
0.002896534551480939
0.00289653453221109
0.002896534538960463
0.0028965345616774173
0.002896534592541736
0.0028965346329650338
0.002896534677261077
0.0028965347293133043
0.0028965347630094153
0.002896534812973914
0.002896534860579923
0.002896534902040379
0.002896534936427405
0.0028965349652979333
0.002896534989609643
0.00289653500987949
0.002896535026680565
0.002896535040659084
0.002896535052334246
0.002896535062035714
0.0028965350700289457
0.0028965350766406387
0.002896535080225331
0.0028965350822888172
0.0028965350829387652
0.002896535083152758
0.002896535083251689
0.00289653508334707
0.002896535083089989
0.002896535082429489
0.002896535081033373
0.002896535079319242
0.002896535075659358
0.002896535066953604
0.00289653504304594
0.002896534988635521
0.002896534936397181
0.002896534883494377
0.002896534866029225
0.0028965348429114517
0.002896534835886476
0.0028965348297434993
0.00289653486940805
0.002896534938523882
0.002896535014194866
0.002896535067591608
0.002896535087333501
0.002896535058431376
0.00289653501039057
0.0028965349612841778
0.002896534919436237
0.002896534878691869
0.002896534839365637
0.002896534789788917
0.002896534748590452
0.002896534706283168
0.0028965346669149322
0.002896534628954373
0.002896534588526403
0.002896534549816673
0.002896534517062398
0.002896534493024483
0.0028965344723842117
0.002896534449482467
0.002896534430103095
0.0028965344097176882
0.002896534391453052
0.002896534372718619
0.0028965343513351893
0.002896534326939693
0.002896534300105779
0.00289653427895769
0.002896534263084592
0.002896534249711377
0.002896534238613233
0.002896534227362102
0.002896534216551884
0.002896534202546195
0.00289653419373087
0.002896534183235388
0.002896534175409215
0.00289653416799621
0.002896534161335701
0.002896534154456301
0.0028965341476698513
0.0028965341396110333
0.002896534127044233
0.002896534118149415
0.002896534111477406
0.0028965341045425683
0.002896534097831594
0.0028965340898112397
0.002896534080842159
0.002896534069462929
0.002896534055330418
0.002896534036864498
0.002896534012506588
0.0028965339868863064
0.002896533980959768
0.002896533997279297
0.002896534043675646
0.002896534114713566
0.002896534220260086
0.002896534321729289
0.00289653445859498
0.002896534564295356
0.00289653466048785
0.002896534774502369
0.0028965349546789263
0.0028965351183902056
0.002896535237555307
0.002896535267706932
0.002896535269211608
0.002896535273832011
0.0028965352675881183
0.002896535217929911
0.002896535085417362
0.002896534957028468
0.002896534822771166
0.002896534661004557
0.002896534407306943
0.00289653399018145
0.002896533500899041
0.002896532883820365
0.0028965320910053537
0.002896531319408671
0.002896530542704738
0.002896529664261332
0.00289652864144954
0.002896527242062339
0.002896525736293672
0.00289652382378683
0.002896517600613903
0.002896513350618845
0.002896509925098714
0.0028964919467965532
0.0028964552621088173
0.0028964184228442162
0.002896381980645976
0.0028963425500674912
0.0028963124973952308
0.0028962820548769372
0.002896267902524479
0.002896254471978735
0.0028962424587928018
0.0028962273377085633
0.0028962172585454598
0.002896207246770959
0.002896194920672221
0.002896178935943205
0.0028961614948708743
0.002896150743189576
0.0028961453380423117
0.0028961445669802217
0.002896148287882866
0.002896156632200933
0.00289616991015818
0.002896184195345472
0.002896197658995018
0.002896210062675655
0.002896221356243369
0.002896231755992803
0.002896241411108045
0.002896250571422433
0.00289625932881074
0.002896267854678059
0.0028962762418013274
0.002896284653832418
0.002896293270220026
0.002896302285252365
0.00289630970213998
0.002896315912586681
0.0028963216812516062
0.0028963275599869264
0.0028963344577471488
0.002896341307490245
0.0028963475950203044
0.002896353209467026
0.002896358353857887
0.002896363387829846
0.002896368726425764
0.002896375424352855
0.002896383267599404
0.002896389327533735
0.002896394836729423
0.002896400505289599
0.002896406707509267
0.0028964125570772378
0.002896418221194166
0.002896424277367077
0.002896429263080362
0.002896433217113021
0.002896436554997464
0.0028964400826683658
0.002896443631223451
0.002896446950400557
0.002896449530737804
0.0028964517728230508
0.002896453965983173
0.0028964562409994417
0.002896460367179872
0.002896464015165481
0.002896467575618297
0.002896470787487164
0.002896473769598861
0.002896476790816749
0.002896480072547055
0.002896483895715225
0.002896485081845147
0.002896487435791069
0.002896491117826469
0.002896496753531219
0.002896503063566497
0.002896509681769991
0.002896516908360767
0.00289652453571952
0.00289653207703611
0.002896539564661912
0.002896547136834037
0.002896555078918886
0.002896563325959386
0.002896568946966677
0.002896573714229441
0.002896577773654596
0.002896582472256971
0.002896587276972723
0.002896589222429886
0.0028965908631336727
0.002896592396860134
0.0028965937953626267
0.0028965952532160697
0.002896596333103289
0.002896597014925016
0.0028965973699101428
0.002896597408936683
0.002896597169405494
0.002896596543850542
0.0028965952835987028
0.002896592973284391
0.002896588846623243
0.002896581421452452
0.002896570318670853
0.0028965621424251412
0.0028965620910361843
0.0028965619938165
0.002896561905438687
0.002896561803675435
0.002896561698825034
0.002896561619309224
0.0028965615375171404
0.002896561479277044
0.0028965614140578832
0.002896561336936078
0.0028965612127585328
0.0028965610655902548
0.0028965609573289378
0.00289656081037571
0.002896560672025729
0.002896560482685576
0.002896560307470417
0.002896560145305889
0.002896559903554332
0.0028965597140540797
0.002896559443952519
0.002896559208961593
0.002896558915305259
0.002896558513448043
0.0028965582104852512
0.0028965578066613962
0.002896557350720807
0.002896556842534825
0.002896556696761254
0.002896556412416104
0.002896556134537166
0.002896555839776852
0.002896555462315368
0.002896555117629752
0.002896554790971318
0.002896554421918131
0.002896553775708776
0.002896553069327934
0.0028965525736351122
0.002896551965389975
0.0028965514254811323
0.0028965509300220996
0.002896550312194745
0.002896549711418015
0.002896549162944121
0.002896548504820653
0.00289654800033393
0.002896547486819447
0.00289654652449341
0.0028965454146947
0.002896544187396332
0.002896542857112197
0.00289654164893082
0.002896540522530964
0.002896539510739195
0.0028965388170361832
0.002896538372210108
0.002896537944292357
0.0028965376395893986
0.00289653755021396
0.002896537547531964
0.002896537541800311
0.002896537528249221
0.002896537512745704
0.0028965374859533572
0.002896537461298253
0.0028965374455568603
0.002896537428801469
0.0028965374195059233
0.002896537419776287
0.002896537398014585
0.002896537392689044
0.0028965374149881287
0.00289653744355203
0.002896537467626342
0.002896537479298504
0.0028965374713423348
0.002896537458299597
0.002896537443060873
0.002896537426816011
0.002896537411025939
0.0028965373974019723
0.002896537384790366
0.0028965373710534282
0.00289653736004053
0.002896537350039178
0.002896537339800282
0.002896537328065434
0.002896537308253711
0.002896537292945336
0.00289653727990058
0.0028965372662126732
0.002896537251107897
0.002896537232434852
0.002896537207204068
0.0028965371726165463
0.0028965371165977903
0.002896537060473472
0.002896537014665919
0.002896536964490124
0.002896536904150761
0.0028965368596398392
0.002896536813617614
0.002896536753823679
0.002896536670100968
0.002896536515138046
0.002896536318613404
0.002896536087552559
0.002896535862185352
0.0028965356641324973
0.002896535492688014
0.002896535347884462
0.00289653531258909
0.0028965353131471206
0.002896535317632519
0.002896535339356307
0.002896535367556571
0.002896535383049098
0.0028965353801015913
0.0028965353733158066
0.002896535369544015
0.002896535365935165
0.002896535363641957
0.0028965353620807
0.002896535352759309
0.002896535336149356
0.002896535318821363
0.00289653530639346
0.002896535297758105
0.002896535293406695
0.002896535288991508
0.00289653528356094
0.002896535276528813
0.002896535270088471
0.002896535264390804
0.002896535259776947
0.002896535256051618
0.0028965352522145713
0.0028965352485162427
0.002896535244097117
0.002896535241463979
0.002896535243065785
0.002896535242775771
0.002896535241691363
0.002896535240207891
0.0028965352379867492
0.002896535234357057
0.002896535228266431
0.002896535224955247
0.002896535221341643
0.002896535218402295
0.002896535215817505
0.0028965352133483936
0.0028965352108198637
0.002896535207801068
0.002896535204991747
0.002896535202196351
0.002896535199753186
0.0028965351972970524
0.002896535194712235
0.002896535191694946
0.002896535188072162
0.0028965351855254617
0.00289653518337639
0.0028965351807466243
0.0028965351776142918
0.002896535172973003
0.002896535168338211
0.00289653516391344
0.002896535159339808
0.002896535154153251
0.0028965351485796802
0.002896535143275244
0.002896535139065343
0.002896535135656269
0.002896535132619277
0.0028965351296741334
0.002896535126407784
0.002896535122837505
0.002896535118293597
0.002896535112792526
0.002896535107735235
0.002896535103021181
0.002896535103012244
0.002896535103700327
0.002896535103105141
0.002896535102911328
0.002896535102891553
0.002896535102869387
0.0028965351026640053
0.002896535101974081
0.002896535101049353
0.002896535100923127
0.002896535100945234
0.002896535101034446
0.002896535101216727
0.002896535102034618
0.002896535105690578
0.002896535111121575
0.002896535116388568
0.0028965351224938696
0.002896535126315416
0.002896535131338295
0.002896535134896345
0.002896535138623292
0.002896535140979655
0.002896535143055324
0.0028965351421464808
0.002896535138166801
0.0028965351354184408
0.002896535125952873
0.002896535119491248
0.00289653511003519
0.002896535099792
0.002896535091166814
0.002896535085032701
0.002896535080286083
0.002896535073480961
0.00289653506832012
0.002896535063957755
0.0028965350607338437
0.002896535057902645
0.0028965350539320966
0.0028965350506813753
0.002896535049058709
0.002896535047556346
0.002896535046597652
0.002896535046103441
0.002896535045538858
0.00289653504520433
0.0028965350447448233
0.00289653504471105
0.0028965350456124517
0.002896535043966255
0.002896535044106547
0.002896535044229259
0.002896535044154223
0.002896535044302497
0.0028965350444229
0.002896535044437978
0.0028965350446709228
0.0028965350447836794
0.002896535044986046
0.002896535045200175
0.002896535045344079
0.0028965350457267973
0.00289653504608312
0.0028965350466762328
0.002896535047457103
0.002896535048838167
0.0028965350513797702
0.002896535054458621
0.00289653505770205
0.002896535061090151
0.002896535064565653
0.002896535068094614
0.002896535071626372
0.0028965350750853073
0.002896535078385146
0.002896535081435469
0.0028965350841473787
0.002896535086301484
0.002896535086537096
0.002896535088651684
0.0028965351081007592
0.0028965351456169807
0.002896535212694816
0.00289653525289908
0.0028965353077089707
0.0028965353267983787
0.002896535351569878
0.0028965354080355693
0.002896535450410472
0.002896535490810059
0.002896535504807327
0.002896535512324239
0.0028965355019873362
0.0028965354670938697
0.002896535405095846
0.002896535307684015
0.002896535199320723
0.0028965350869815678
0.0028965349872110383
0.0028965349124408023
0.002896534854897379
0.002896534821766811
0.002896534806253434
0.002896534804641509
0.002896534807810137
0.002896534814419878
0.002896534821912252
0.002896534827524963
0.002896534832778517
0.0028965348389561243
0.002896534847430069
0.002896534864061076
0.0028965348885787163
0.002896534922439931
0.002896534959066923
0.002896534994528641
0.002896535026478688
0.002896535051274785
0.002896535071429568
0.002896535083696321
0.0028965350839679402
0.002896535085692939
0.002896535092791433
0.0028965350981564053
0.002896535104510513
0.002896535108787071
0.002896535113136034
0.00289653511695979
0.0028965351190510793
0.002896535117632882
0.002896535117138141
0.002896535101392682
0.002896535092269872
0.002896535083329239
0.002896535074865789
0.002896535069504324
0.00289653506741921
0.002896535067535797
0.0028965350685034473
0.002896535069647674
0.002896535070753546
0.002896535071924274
0.0028965350732710507
0.0028965350749949313
0.002896535077449389
0.002896535081674755
0.00289653508862893
0.002896535095959945
0.002896535103712097
0.002896535107743367
0.002896535108382426
0.002896535108205253
0.0028965351063005413
0.002896535082436591
0.002896534991092175
0.002896534859619559
0.002896534702213792
0.002896534508902166
0.0028965343694112413
0.0028965343534967597
0.0028965343315681042
0.002896534317231794
0.0028965343441082403
0.0028965344387366
0.00289653458179267
0.002896534737524121
0.0028965348494583596
0.0028965349429198387
0.00289653501626841
0.002896535076291682
0.00289653515209481
0.0028965351981104443
0.002896535232279156
0.002896535266129928
0.00289653529089742
0.00289653530818649
0.0028965353271286232
0.002896535338163802
0.002896535345097874
0.0028965353510523773
0.002896535351537046
0.00289653535518988
0.002896535333670108
0.002896535318765594
0.002896535293983027
0.002896535257374458
0.00289653519539728
0.002896535119063225
0.002896535063492849
0.002896535057935663
0.0028965351313703512
0.002896535280312659
0.0028965354007408207
0.002896535456861427
0.002896535481248763
0.002896535492636841
0.002896535495882283
0.002896535497190061
0.00289653549855765
0.0028965354973404917
0.002896535496734764
0.002896535496105568
0.0028965354953416154
0.00289653549432194
0.0028965354929742183
0.002896535491121158
0.002896535488543098
0.0028965354844990507
0.002896535479372635
0.00289653547399132
0.0028965354683151263
0.002896535462256912
0.0028965354555358703
0.0028965354493060017
0.002896535443006082
0.002896535438215681
0.002896535434967414
0.002896535431361489
0.002896535427633176
0.002896535422433149
0.002896535418534884
0.002896535414566164
0.0028965354103698978
0.002896535405207618
0.002896535398568188
0.002896535388676407
0.002896535380707166
0.00289653537341482
0.002896535358653248
0.0028965353414617478
0.002896535324550346
0.0028965353070067
0.002896535289177745
0.00289653526526474
0.002896535239607501
0.002896535203865947
0.002896535169265362
0.002896535139589932
0.002896535115848434
0.0028965351136631
0.0028965351141048454
0.002896535117543105
0.002896535138633254
0.002896535166603246
0.0028965352053811778
0.002896535236045059
0.002896535261534094
0.002896535277672735
0.002896535282622097
0.002896535301787183
0.002896535310174663
0.00289653533403595
0.002896535343393312
0.002896535352096578
0.002896535347850916
0.002896535334986564
0.002896535318889773
0.002896535292196545
0.0028965352612029824
0.002896535229454302
0.002896535209079116
0.002896535173095773
0.002896535146853969
0.002896535112885902
0.00289653509141623
0.002896535089573698
0.002896535059055227
0.002896535049469957
0.002896535032657003
0.002896535026274019
0.002896535014549794
0.0028965350083163138
0.0028965350000068908
0.002896534989864722
0.002896534981833379
0.002896534978575485
0.002896534977324895
0.002896534991200065
0.002896534976135106
0.002896534973599272
0.002896534976915476
0.002896534979390566
0.0028965349812996696
0.0028965349818621
0.002896534983515059
0.002896534984337215
0.002896534985942265
0.002896534986939697
0.002896534990532876
0.002896534991172839
0.002896534993180461
0.002896534994046977
0.002896534995901757
0.002896534997128344
0.0028965350006738802
0.002896535002625769
0.002896535005416196
0.002896535009564729
0.002896535013414113
0.002896535015426805
0.002896535016753969
0.002896535020389008
0.002896535022427438
0.0028965350258597067
0.0028965350264850047
0.002896535028780838
0.002896535029497518
0.0028965350312912443
0.00289653503238882
0.002896535034054968
0.002896535036089029
0.00289653503713889
0.00289653503896027
0.002896535040148453
0.002896535041970227
0.002896535043489583
0.002896535045945397
0.0028965350485518127
0.002896535052405932
0.0028965350573251507
0.002896535065675256
0.002896535077987522
0.0028965350950172783
0.00289653511305651
0.0028965351313827072
0.002896535148911303
0.002896535164429911
0.002896535176195468
0.002896535182413808
0.002896535181650786
0.002896535173266951
0.002896535164565874
0.00289653515691829
0.002896535151029658
0.0028965351350326582
0.002896535112715465
0.002896535097849943
0.002896535082940218
0.002896535072534513
0.002896535062928191
0.002896535051706567
0.002896535045691671
0.002896535045616635
0.0028965350448456367
0.002896535034570067
0.002896535011194832
0.0028965349770101578
0.002896534927700989
0.0028965348690657778
0.0028965348060419143
0.002896534769718418
0.002896534732103804
0.002896534722562202
0.00289653471889083
0.002896534725921227
0.0028965347223531587
0.002896534721026784
0.002896534735224256
0.00289653475860127
0.002896534754492232
0.002896534798164281
0.0028965348321638522
0.002896534874284994
0.0028965349327658347
0.002896534981036968
0.002896535033078105
0.002896535069351203
0.002896535093909546
0.0028965351118444
0.002896535123734135
0.002896535135240377
0.002896535145321107
0.0028965351528594187
0.002896535159887973
0.002896535166125433
0.0028965351701410683
0.002896535174730304
0.002896535177778082
0.002896535179920967
0.0028965351819924077
0.0028965351821337777
0.002896535182840843
0.002896535183575242
0.002896535183586229
0.0028965351835906258
0.002896535183412818
0.002896535182958052
0.002896535182520596
0.002896535180449144
0.002896535178331915
0.0028965351762541237
0.002896535174266858
0.002896535172684616
0.0028965351699421957
0.002896535167824059
0.002896535165582524
0.002896535162320542
0.002896535161545441
0.002896535159158201
0.002896535157383901
0.002896535154972909
0.0028965351520330923
0.002896535148237735
0.002896535145801132
0.0028965351428484557
0.002896535140144581
0.002896535136667934
0.0028965351329196666
0.002896535126905985
0.0028965351192397192
0.0028965351086666967
0.0028965350962109598
0.002896535080331392
0.0028965350588263643
0.0028965350292842248
0.002896535003872716
0.002896534985391818
0.002896534975542032
0.00289653497560701
0.002896534985800369
0.002896535005117255
0.002896535031083944
0.002896535060010631
0.002896535087632591
0.0028965351102050218
0.002896535122808268
0.0028965351228492312
0.002896535122932202
0.002896535123090131
0.00289653512527091
0.002896535125907171
0.002896535126536473
0.002896535126910368
0.002896535127317668
0.002896535127822719
0.002896535128647224
0.002896535129211194
0.002896535129748863
0.002896535130400573
0.0028965351311751658
0.00289653513176141
0.002896535132320565
0.002896535132890322
0.002896535133534823
0.0028965351343354213
0.0028965351353776557
0.0028965351365709477
0.002896535137212674
0.002896535136516505
0.0028965351324956
0.002896535123852807
0.002896535112276142
0.00289653510191489
0.0028965350991844527
0.002896535099173391
0.0028965350991512957
0.002896535099107207
0.002896535099069884
0.002896535099030699
0.00289653509899995
0.002896535098984141
0.002896535098968917
0.002896535098957752
0.002896535098946252
0.002896535098923977
0.002896535098886058
0.002896535098851631
0.00289653509881436
0.002896535098769381
0.002896535098713433
0.002896535098649671
0.002896535098580725
0.00289653509850049
0.002896535098392581
0.002896535098235029
0.002896535097917455
0.0028965350973709607
0.002896535096556639
0.002896535094944216
0.002896535091939924
0.002896535087141005
0.002896535082939793
0.0028965350829332076
0.002896535082919985
0.002896535082893639
0.0028965350831050922
0.0028965350829251216
0.0028965350829672763
0.0028965350829946762
0.002896535083011909
0.002896535083023896
0.002896535083032113
0.002896535083036063
0.002896535083033842
0.002896535083023977
0.002896535083002613
0.0028965350829635423
0.002896535082898613
0.002896535082781274
0.002896535082528624
0.002896535082130336
0.0028965350816105542
0.002896535080929046
0.0028965350800797067
0.002896535079344222
0.00289653507934321
0.002896535079341225
0.002896535079799913
0.002896535079168322
0.002896535079272719
0.002896535079313186
0.002896535079323216
0.002896535079321818
0.002896535079321057
0.002896535079319853
0.002896535079318072
0.002896535079316012
0.002896535079313707
0.002896535079311212
0.002896535079308632
0.002896535079305728
0.00289653507930191
0.0028965350792966907
0.002896535079289482
0.0028965350792776972
0.002896535079257924
0.002896535079221411
0.002896535079156568
0.0028965350790466087
0.002896535078888382
0.002896535078730707
0.002896535078730482
0.002896535078729876
0.002896535078729572
0.00289653507872935
0.002896535078728957
0.002896535078728908
0.002896535078728793
0.0028965350787284122
0.002896535078728057
0.0028965350787276017
0.002896535078727075
0.0028965350787265908
0.002896535078725946
0.002896535078725199
0.002896535078724376
0.0028965350787233148
0.002896535078722104
0.002896535078720207
0.00289653507871655
0.002896535078710856
0.00289653507870194
0.0028965350786867698
0.0028965350786646442
0.002896535078645053
0.002896535078645105
0.002896535078645281
0.002896535078645137
0.002896535078644865
0.0028965350786447123
0.002896535078644551
0.0028965350786445488
0.002896535078644469
0.002896535078644512
0.002896535078644718
0.0028965350786448662
0.002896535078644681
0.002896535078644706
0.0028965350786446134
0.00289653507864453
0.0028965350786443952
0.002896535078644326
0.002896535078644193
0.002896535078643977
0.002896535078643789
0.0028965350786435257
0.002896535078643207
0.002896535078642676
0.002896535078641541
0.002896535078639972
0.002896535078637301
0.002896535078633613
0.002896535078631024
0.002896535078631004
0.002896535078630923
0.002896535078630967
0.002896535078630953
0.00289653507863092
0.002896535078631035
0.002896535078630966
0.0028965350786309537
0.002896535078630922
0.002896535078630968
0.00289653507863093
0.002896535078630953
0.002896535078630906
0.0028965350786308752
0.002896535078630844
0.0028965350786307577
0.002896535078630654
0.002896535078630556
0.0028965350786304403
0.0028965350786302408
0.002896535078629875
0.0028965350786296523
0.00289653507862971
0.002896535078629793
0.002896535078629677
0.002896535078629692
0.0028965350786296523
0.002896535078629692
0.002896535078629673
0.002896535078629818
0.002896535078629811
0.002896535078629771
0.00289653507862976
0.002896535078629753
0.002896535078629779
0.0028965350786296874
0.002896535078629657
0.0028965350786296167
0.002896535078629658
0.002896535078629656
0.002896535078629592
0.002896535078629598
0.002896535078629558
0.002896535078629409
0.0028965350786293743
0.002896535078629307
0.002896535078629395
0.0028965350786294827
0.002896535078629522
0.002896535078629581
0.00289653507862953
0.002896535078629636
0.002896535078629748
0.00289653507862969
0.002896535078629526
0.0028965350786295933
0.00289653507862957
0.002896535078629532
0.002896535078629566
0.00289653507862957
0.002896535078629567
0.002896535078629522
0.002896535078629539
0.002896535078629503
0.002896535078629435
0.002896535078629371
0.0028965350786292403
0.002896535078629154
0.002896535078629085
0.002896535078629083
0.0028965350786291227
0.002896535078629066
0.002896535078629135
0.002896535078629043
0.002896535078629102
0.0028965350786290932
0.002896535078629095
0.002896535078629085
0.002896535078629121
0.002896535078629102
0.002896535078629148
0.002896535078629149
0.002896535078629156
0.0028965350786291522
0.002896535078629112
0.002896535078629016
0.002896535078628895
0.002896535078628867
0.0028965350786288382
0.002896535078628852
0.0028965350786288283
0.0028965350786287238
0.0028965350786287693
0.00289653507862875
0.00289653507862867
0.00289653507862886
0.002896535078628648
0.002896535078628892
0.0028965350786287923
0.002896535078628891
0.0028965350786288417
0.00289653507862885
0.002896535078628945
0.002896535078629065
0.002896535078629117
0.002896535078629129
0.0028965350786291527
0.0028965350786291223
0.00289653507862915
0.00289653507862919
0.002896535078629222
0.002896535078629207
0.002896535078629129
0.002896535078629213
0.002896535078629185
0.002896535078629033
0.002896535078629002
0.002896535078629018
0.002896535078628936
0.002896535078629022
0.002896535078629104
0.002896535078629133
0.002896535078629108
0.002896535078629028
0.002896535078628994
0.002896535078628896
0.00289653507862892
0.002896535078628848
0.002896535078628875
0.002896535078628906
0.002896535078628928
0.002896535078628921
0.002896535078628908
0.002896535078628886
0.002896535078628866
0.002896535078628821
0.002896535078628647
0.0028965350786283343
0.00289653507862799
0.002896535078627875
0.002896535078628132
0.002896535078628123
0.002896535078628175
0.002896535078628143
0.002896535078628051
0.002896535078628156
0.0028965350786281643
0.002896535078628072
0.002896535078628082
0.002896535078628059
0.00289653507862807
0.002896535078628079
0.002896535078628117
0.00289653507862814
0.002896535078628175
0.002896535078628299
0.00289653507862836
0.0028965350786285112
0.002896535078628562
0.002896535078628638
0.002896535078628587
0.00289653507862851
0.002896535078628379
0.002896535078628108
0.002896535078627669
0.002896535078627141
0.002896535078626398
0.002896535078625573
0.002896535078624762
0.002896535078625084
0.0028965350786255752
0.0028965350786255293
0.002896535078625478
0.002896535078625651
0.002896535078625738
0.0028965350786256706
0.002896535078625739
0.002896535078625659
0.002896535078625761
0.002896535078625659
0.0028965350786255353
0.002896535078625615
0.002896535078625639
0.0028965350786256472
0.002896535078625753
0.002896535078625726
0.0028965350786258463
0.002896535078625929
0.002896535078626068
0.002896535078626307
0.002896535078626604
0.002896535078626961
0.002896535078627316
0.0028965350786274127
0.002896535078626799
0.002896535078624627
0.002896535078619093
0.002896535078609536
0.002896535078592753
0.002896535078566573
0.0028965350785096497
0.0028965350783671682
0.0028965350781907533
0.002896535078010732
0.002896535077798928
0.00289653507756426
0.002896535077321333
0.002896535077124716
0.002896535077059502
0.0028965350771842672
0.002896535077242164
0.00289653507723512
0.002896535077245533
0.002896535077258352
0.002896535077262953
0.002896535077268309
0.002896535077277175
0.002896535077289809
0.0028965350773015957
0.002896535077314559
0.0028965350773306462
0.00289653507735151
0.002896535077375106
0.002896535077403528
0.0028965350774408406
0.0028965350774847846
0.0028965350775307193
0.002896535077586711
0.0028965350776517123
0.00289653507786399
0.002896535077838972
0.002896535078044028
0.002896535078310345
0.0028965350784670068
0.002896535078899071
0.00289653507938666
0.002896535079974436
0.0028965350806767582
0.00289653508160085
0.002896535083028414
0.00289653508536969
0.002896535087352123
0.002896535088953284
0.002896535088484651
0.002896535086499551
0.0028965350813090628
0.0028965350736087237
0.002896535062836729
0.0028965350546207463
0.002896535049136739
0.00289653504550102
0.002896535044184115
0.0028965350433508624
0.0028965350439613237
0.002896535045108613
0.002896535046575804
0.002896535048310619
0.002896535050287913
0.002896535052623924
0.002896535055459361
0.002896535058813696
0.002896535061352821
0.002896535063625709
0.002896535065121194
0.002896535066632979
0.002896535068078954
0.002896535069423168
0.0028965350711927388
0.0028965350730843988
0.002896535074053464
0.002896535074073495
0.002896535074170176
0.0028965350748445208
0.002896535074972045
0.002896535075749294
0.002896535076738105
0.002896535077729681
0.0028965350790227233
0.002896535080794275
0.002896535083377889
0.0028965350869988903
0.002896535092637381
0.00289653509606023
0.002896535103475889
0.00289653510727177
0.002896535110238155
0.002896535109135772
0.0028965351033032123
0.002896535093194169
0.0028965350805938523
0.002896535067889144
0.002896535056570353
0.00289653504811529
0.002896535044385635
0.0028965350410701343
0.0028965350398562017
0.002896535038485974
0.002896535037487366
0.002896535037001632
0.002896535036848425
0.002896535036469713
0.002896535036340219
0.002896535036291162
0.002896535036297943
0.0028965350363638794
0.002896535036472685
0.0028965350365943872
0.002896535036718846
0.002896535036843566
0.002896535036970865
0.00289653503710953
0.002896535037283811
0.0028965350374108223
0.0028965350375431934
0.002896535037669002
0.002896535037783957
0.002896535037903728
0.0028965350380420907
0.00289653503822188
0.0028965350384282597
0.0028965350386557192
0.002896535038910456
0.002896535039230094
0.002896535039676604
0.0028965350403666198
0.002896535041212152
0.002896535042306464
0.002896535043830049
0.002896535046027609
0.00289653504897739
0.002896535053068506
0.002896535060253268
0.002896535068292633
0.002896535082696223
0.002896535094830662
0.002896535098849668
0.002896535087132431
0.00289653506098593
0.0028965350283449527
0.0028965350015345563
0.002896534985098923
0.002896534979998487
0.00289653498081265
0.002896534982545599
0.002896534984541056
0.0028965349868731063
0.0028965349898348097
0.002896534993670377
0.002896534998105239
0.0028965350015548587
0.00289653500434615
0.002896535006852733
0.002896535009454543
0.002896535012138332
0.002896535014676254
0.002896535016781407
0.002896535018859088
0.002896535021072607
0.00289653502383217
0.0028965350270013213
0.0028965350306735032
0.002896535035326033
0.002896535041789266
0.002896535044203944
0.002896535046652915
0.0028965350483678323
0.002896535049567967
0.002896535051038758
0.0028965350521211047
0.002896535053175267
0.002896535054366949
0.002896535055750612
0.002896535057775409
0.002896535060336773
0.0028965350629804056
0.0028965350659388898
0.0028965350692069
0.002896535071399577
0.002896535072185506
0.002896535077937285
0.0028965350890203492
0.002896535106938257
0.002896535126378512
0.002896535150076339
0.002896535174330322
0.002896535190598195
0.002896535215892982
0.002896535240053
0.002896535251265348
0.002896535240775186
0.00289653520923393
0.002896535170567541
0.002896535122928071
0.002896535087592533
0.0028965350472270708
0.002896535023374722
0.002896535009252733
0.00289653499192746
0.002896534984836489
0.002896534981598169
0.002896534979623871
0.002896534979041705
0.002896534977763201
0.00289653497768781
0.002896534977840926
0.00289653497819003
0.002896534978380541
0.002896534979062974
0.0028965349794334862
0.002896534979977464
0.002896534980328132
0.002896534980809091
0.002896534981219681
0.002896534981854059
0.0028965349825486263
0.002896534983067729
0.002896534983631646
0.0028965349842994853
0.0028965349849413248
0.002896534985802873
0.002896534986775973
0.002896534988165497
0.002896534990110523
0.002896534992516691
0.002896534996022321
0.002896535001411891
0.002896535008206147
0.00289653501525059
0.00289653502247678
0.0028965350298497112
0.002896535037338386
0.002896535044548635
0.002896535050752764
0.002896535055679175
0.0028965350602833877
0.002896535064727715
0.002896535069351764
0.002896535074757515
0.00289653507857203
0.0028965350788962463
0.002896535081908621
0.002896535112299729
0.0028965351734480367
0.002896535267530599
0.002896535376321912
0.00289653552004981
0.0028965356301913093
0.002896535686798256
0.002896535799455191
0.0028965358752643597
0.002896535970156606
0.002896536041856807
0.002896536064458163
0.00289653604615058
0.0028965359806435347
0.002896535871704146
0.002896535753354656
0.002896535608987953
0.002896535466042864
0.002896535339564874
0.00289653520657865
0.0028965351041723418
0.0028965350226505863
0.002896534954393935
0.002896534892460425
0.00289653483650763
0.0028965347910473688
0.002896534757392379
0.002896534733899989
0.0028965347171284388
0.002896534703020894
0.002896534695135212
0.002896534690408904
0.002896534689755914
0.002896534690893646
0.002896534693648724
0.0028965346934112708
0.002896534694274989
0.002896534695833571
0.0028965346973824847
0.002896534699747656
0.0028965347015305217
0.0028965347031897847
0.002896534704663262
0.0028965347059801802
0.0028965347072757624
0.002896534708675424
0.00289653471043919
0.002896534712443823
0.002896534714976125
0.002896534717341259
0.002896534719703398
0.002896534722234664
0.002896534725075178
0.002896534728593208
0.0028965347338555723
0.002896534739851814
0.002896534747198979
0.002896534755446515
0.002896534765623046
0.0028965347793512863
0.002896534800156131
0.0028965348326403448
0.002896534876249668
0.002896534921768461
0.0028965349797325287
0.002896535030922517
0.002896535077035478
0.002896535089793715
0.002896535079266098
0.002896535031285372
0.0028965349640696267
0.002896534880970039
0.002896534792051072
0.002896534702473595
0.002896534619016505
0.0028965345543241977
0.00289653450454487
0.002896534474843283
0.002896534454725565
0.002896534439306237
0.002896534433416621
0.002896534433039777
0.002896534435986192
0.0028965344421159112
0.0028965344533052858
0.002896534474362908
0.002896534507617164
0.0028965345491199688
0.002896534596556069
0.002896534648139628
0.002896534659130283
0.00289653467250914
0.002896534677167329
0.0028965346847623016
0.00289653469145626
0.00289653469776307
0.002896534704326379
0.002896534712359264
0.002896534722808284
0.0028965347355374943
0.002896534751146488
0.002896534771789415
0.002896534802027332
0.002896534854725148
0.0028965349128656347
0.002896534977555352
0.00289653502141888
0.002896535047907316
0.00289653506920491
0.00289653508327589
0.002896535088804263
0.002896535130537732
0.002896535237633701
0.002896535420034795
0.0028965356902019073
0.002896536054186096
0.0028965364671514897
0.002896537027945885
0.002896537200788552
0.0028965374354910554
0.002896537621273953
0.002896537714913128
0.002896537722416771
0.0028965376693689342
0.00289653755864046
0.002896537429023646
0.002896537294613061
0.002896537154275636
0.002896537008772377
0.002896536868797855
0.002896536721388435
0.0028965365539054748
0.0028965363476989954
0.00289653611148144
0.0028965358264400522
0.002896535477860261
0.002896535072412084
0.002896534600881748
0.002896533985393415
0.0028965330511000658
0.002896531428968363
0.002896527769355232
0.002896516229380547
0.002896485542821356
0.002896442933283106
0.002896404340131216
0.0028963939535007442
0.0028964033894426327
0.00289642975652558
0.002896478455971602
0.0028965544301835138
0.002896628009788999
0.0028967067026529347
0.002896815872189902
0.0028969345792641777
0.002897132892014204
0.0028973195840770543
0.002897486592237233
0.002897640934011713
0.0028977720718844652
0.002897900443148614
0.002898020563289092
0.002898151894235297
0.0028982904964106196
0.0028983971286587673
0.002898491738692059
0.002898586370411568
0.0028986909294839453
0.00289880904021198
0.002898956104712824
0.0028991479291374496
0.00289937230764693
0.002899373010183357
0.002899375046903762
0.002899378371970823
0.0028993843558298813
0.0028993941450401618
0.002899411717915969
0.002899422119295825
0.0028994355706420697
0.002899443157226717
0.0028994516746071
0.002899466067430167
0.002899479506776515
0.002899495775638097
0.002899510469535236
0.002899521752226315
0.0028995293172292343
0.002899534643806821
0.0028995372653380876
0.0028995383928110186
0.00289953694051536
0.002899531904131328
0.002899523924382589
0.00289951569095807
0.002899507365036579
0.0028994988850223
0.0028994899281357747
0.002899478489232018
0.00289946657451327
0.002899454115515635
0.002899444251742809
0.002899435423562337
0.002899427781126664
0.002899420626204029
0.00289941365548616
0.002899406315484449
0.002899396107267567
0.00289938509345766
0.002899376945510413
0.002899368920236207
0.002899360315404856
0.002899350126716287
0.0028993375661195203
0.002899322978115943
0.002899304746789806
0.002899289264227664
0.0028992719997563677
0.002899254242871505
0.002899235379218579
0.002899216895401203
0.002899197063231969
0.002899174874489728
0.002899147979474971
0.00289911136684055
0.002899064277337731
0.002899018375954271
0.002898979153045418
0.002898944097273068
0.002898913256264713
0.002898887559868067
0.002898870177165786
0.002898863960075466
0.0028988724004002323
0.002898887398877232
0.002898906230492128
0.002898931623419975
0.002898959911273203
0.002899006043982839
0.002899069677575146
0.002899134519248556
0.002899199579390662
0.0028992641142867
0.002899327117078989
0.0028993879408135068
0.0028994441904251042
0.002899492534214649
0.002899502528066984
0.002899502592333113
0.002899502753017034
0.00289950388061472
0.00289950672340037
0.002899512679840829
0.002899523967110434
0.0028995496312181793
0.00289957223478697
0.002899596477344881
0.002899616169147397
0.00289963520404456
0.0028996419558586202
0.002899649159627351
0.002899662338029439
0.002899681974143175
0.002899700257975911
0.002899714027330705
0.002899724356203066
0.0028997314069407493
0.002899735752128599
0.002899739009769874
0.0028997410446438463
0.002899741736582286
0.002899740231802841
0.002899738391550116
0.002899735707310366
0.002899732088912464
0.002899727138377609
0.00289971990045529
0.002899711203852223
0.002899702708422493
0.002899694337914894
0.002899685680982636
0.0028996752512206007
0.002899668857881785
0.002899661668327278
0.0028996557019376388
0.002899650545522486
0.002899645392491187
0.002899639641995988
0.0028996305018707687
0.0028996230504715367
0.002899616859368494
0.002899610456518952
0.002899603411405127
0.0028995949018257787
0.002899583535955296
0.002899568887770354
0.0028995499977823402
0.0028995289288056927
0.002899510643484594
0.002899494295255504
0.002899477850353411
0.00289946025494521
0.002899439886485926
0.002899416108280468
0.002899391095332968
0.0028993643010655308
0.00289933211521261
0.002899305790312709
0.0028992768530932897
0.002899227155382233
0.002899214970237214
0.0028991956522335643
0.002899181496881661
0.00289917002610495
0.002899159049042028
0.002899148085801147
0.002899137759258824
0.002899126272027973
0.00289911193900561
0.0028990947323006408
0.002899074151124746
0.002899051487425914
0.002899034564337331
0.0028990204360500077
0.0028990041190308613
0.0028989891880825368
0.002898975837835226
0.002898961105278792
0.002898946770962775
0.0028989323063698283
0.002898913988994577
0.002898898019127584
0.002898883269898881
0.002898863405616346
0.00289884833817696
0.0028988315330309732
0.002898806998257406
0.002898780076151299
0.0028987593463232677
0.0028987424898015463
0.002898725803369484
0.0028987015638517978
0.0028986816880897897
0.002898665021474384
0.002898647547358203
0.002898628073842223
0.002898603839221376
0.0028985752609625858
0.002898550684813411
0.0028985285749986763
0.002898506087839921
0.00289848399803323
0.002898461107861806
0.0028984441286061978
0.002898429202009488
0.002898414379088708
0.0028983981429171637
0.002898375488689728
0.002898350513056606
0.002898331472059166
0.002898312817775041
0.002898292885196349
0.00289826946412327
0.002898240696073391
0.002898201927120544
0.002898146092063883
0.002898057544414558
0.002897934270577213
0.002897806449349545
0.0028976753020306073
0.002897557883882042
0.00289742194518931
0.0028973344516514043
0.002897246689007075
0.002897137138773548
0.00289700474585577
0.0028968898652737512
0.0028968115488737273
0.0028968113631555412
0.002896810992023729
0.0028968102511892717
0.002896809589185169
0.002896808464702512
0.002896807335143318
0.002896806312787154
0.002896805526542477
0.002896805134263744
0.0028968047425408463
0.002896804561366648
0.002896804318357209
0.002896803989084211
0.002896803718867983
0.002896803401126683
0.002896802950531613
0.002896802546928839
0.002896802239760419
0.0028968019478745038
0.002896801659796019
0.002896801394079497
0.002896801176033939
0.002896800987430918
0.002896800787901887
0.0028968005808432612
0.002896800357232514
0.002896800155062609
0.002896799944707078
0.002896799707758178
0.002896799418626451
0.002896799032137728
0.002896798512623425
0.0028967977567396063
0.002896797226031967
0.002896796846383627
0.002896796525758939
0.002896796229217252
0.0028967958984434
0.002896795628081952
0.002896795296904134
0.0028967950131249427
0.002896794757466614
0.002896794514793498
0.00289679428481799
0.002896794057517303
0.002896793814223993
0.0028967934999279263
0.002896793227254871
0.00289679296107935
0.0028967927024883392
0.002896792433884926
0.002896792132156283
0.002896791765058223
0.0028967913071923984
0.002896790686647072
0.0028967897848288043
0.002896788316137782
0.0028967854053704037
0.002896779683950587
0.002896771200507741
0.002896761035078096
0.002896748762909099
0.002896734344871891
0.002896718458595618
0.00289670204554659
0.002896686008627789
0.002896670008659793
0.002896653857359234
0.002896637569481455
0.0028966213089676807
0.00289660539352578
0.0028965902227685593
0.002896576225072367
0.002896563750362591
0.002896557006071996
0.002896556979653944
0.002896556926893457
0.002896556821739898
0.002896556745932573
0.002896556668550833
0.002896556578475712
0.002896556522195998
0.002896556466412736
0.00289655644067938
0.002896556409349521
0.002896556346835844
0.002896556264947712
0.002896556187820171
0.0028965561011020328
0.002896556004515022
0.0028965558777274748
0.002896555725403274
0.0028965555681618412
0.002896555397712474
0.002896555226490315
0.002896555046991078
0.0028965548547791238
0.00289655462742226
0.002896554419062398
0.0028965542406691846
0.002896554056016239
0.002896553842849724
0.002896553586456943
0.002896553297840431
0.0028965530425338797
0.002896552783567508
0.0028965525114565778
0.002896552208179469
0.002896552043348583
0.002896551863545855
0.002896551729145297
0.002896551633032937
0.0028965515531196658
0.0028965514814493043
0.00289655140758855
0.002896551349061769
0.0028965512849559987
0.00289655123595699
0.0028965511939321588
0.00289655115220873
0.002896551105815684
0.002896551049832537
0.0028965509919706266
0.0028965509405126768
0.002896550888870036
0.002896550832557101
0.002896550767177506
0.00289655069541259
0.002896550625759932
0.002896550553181051
0.0028965504737807853
0.002896550387746146
0.002896550295801583
0.002896550193893349
0.002896550075796198
0.002896549933515849
0.002896549765790195
0.0028965495357285457
0.002896549318928566
0.002896549078847689
0.002896548830352422
0.0028965485607328704
0.002896548276320795
0.002896547986119984
0.002896547700453772
0.002896547394000643
0.002896547081962003
0.002896546745099641
0.00289654634078995
0.002896545795258235
0.0028965449176449054
0.002896543524977417
0.0028965429250737773
0.002896542520082414
0.002896542301354567
0.002896542115916721
0.00289654193463747
0.002896541786379234
0.002896541644384504
0.002896541508213825
0.002896541362350543
0.002896541190822039
0.0028965409874614077
0.002896540721107308
0.0028965403076470757
0.002896539610247648
0.0028965390455186982
0.002896538531808866
0.002896538012887844
0.00289653743910052
0.0028965368618456377
0.002896536856706286
0.002896536853740507
0.0028965368509634108
0.002896536844972996
0.002896536835137557
0.002896536821584526
0.002896536801945248
0.002896536785629803
0.0028965367791809397
0.002896536769266437
0.0028965367582885647
0.0028965367432851477
0.002896536734633694
0.0028965367307408787
0.002896536725063744
0.0028965367239300152
0.002896536720593971
0.002896536716374524
0.002896536703987027
0.002896536683938623
0.002896536655980669
0.00289653662311607
0.002896536584052325
0.002896536536800654
0.002896536479990446
0.0028965364076660423
0.002896536311309145
0.002896536241230805
0.0028965361799500747
0.002896536105126282
0.0028965360512673514
0.002896536033890089
0.002896536015487593
0.002896536001486131
0.00289653598615279
0.002896535969671754
0.0028965359542458607
0.002896535938374612
0.002896535928255234
0.002896535919910887
0.002896535913447398
0.002896535907312814
0.00289653589994296
0.002896535889952387
0.0028965358767183247
0.0028965358636827833
0.002896535845798636
0.0028965358317444376
0.002896535819869645
0.002896535802520459
0.00289653578953276
0.002896535774328069
0.002896535751624187
0.002896535716109757
0.002896535677230861
0.002896535635430985
0.002896535590549033
0.002896535543146078
0.0028965354935411663
0.002896535442263622
0.002896535390240494
0.002896535338811927
0.002896535289070657
0.002896535242255541
0.002896535241978384
0.002896535241805844
0.002896535241655143
0.002896535241348679
0.0028965352407912853
0.002896535240066184
0.0028965352388593832
0.0028965352365581433
0.0028965352331284853
0.002896535232593826
0.002896535231714495
0.002896535231078337
0.002896535229833126
0.002896535227241966
0.002896535223989147
0.00289653522072165
0.00289653522070579
0.00289653521375986
0.002896535212465681
0.0028965352091695202
0.0028965352077287426
0.0028965352065270502
0.002896535206142187
0.002896535205656241
0.002896535206632333
0.002896535208056473
0.002896535210948589
0.002896535213764471
0.002896535217429343
0.002896535221368699
0.002896535224978201
0.002896535228527165
0.002896535230498822
0.002896535232093161
0.002896535233669941
0.002896535235720885
0.002896535236380809
0.002896535237529103
0.00289653523861297
0.002896535239712789
0.002896535241313113
0.002896535241960192
0.002896535242789771
0.0028965352432099778
0.00289653524345282
0.002896535244098344
0.00289653524357728
0.002896535243691391
0.002896535243479595
0.002896535243761206
0.00289653524326244
0.002896535243365921
0.0028965352429334078
0.002896535242897326
0.0028965352426571
0.0028965352420161038
0.002896535241944605
0.002896535241317293
0.0028965352410634444
0.002896535240270873
0.002896535239733222
0.002896535238497318
0.00289653523682129
0.0028965352339422852
0.002896535227678496
0.002896535219359197
0.0028965352100170554
0.002896535203544186
0.002896535198501082
0.002896535193683093
0.0028965351891625793
0.002896535183595314
0.0028965351770103573
0.002896535165046446
0.00289653515201284
0.00289653513925137
0.0028965351273426607
0.00289653511646066
0.002896535106611654
0.002896535098734617
0.002896535098694481
0.0028965350986210983
0.002896535098694517
0.002896535098364683
0.002896535098323462
0.00289653509827275
0.0028965350982372642
0.0028965350981922313
0.0028965350981340573
0.002896535098063252
0.002896535097986867
0.002896535097900135
0.002896535097794138
0.002896535097700085
0.002896535097597906
0.002896535097472167
0.0028965350973036083
0.0028965350970811743
0.002896535096825104
0.002896535096533211
0.002896535096200378
0.002896535095820628
0.002896535095386185
0.002896535094889343
0.002896535094325552
0.002896535093694417
0.002896535092992488
0.002896535092218105
0.002896535091372447
0.002896535090465265
0.002896535089479035
0.002896535088460337
0.002896535087402952
0.002896535086325682
0.002896535085245962
0.002896535084179561
0.002896535083323793
0.002896535082616278
0.002896535081993249
0.002896535081421669
0.002896535080877952
0.002896535080772868
0.00289653508077033
0.002896535080764952
0.002896535080753669
0.0028965350808398587
0.002896535080704324
0.00289653508071312
0.002896535080721309
0.002896535080720038
0.0028965350807177398
0.0028965350807124684
0.002896535080705322
0.0028965350806977657
0.002896535080688844
0.002896535080679849
0.002896535080668542
0.00289653508065227
0.0028965350806330723
0.00289653508060944
0.002896535080590156
0.002896535080568889
0.002896535080560501
0.002896535080560263
0.002896535080585358
0.002896535080633867
0.00289653508070803
0.002896535080807426
0.002896535080791157
0.002896535080538593
0.00289653507995883
0.0028965350789118952
0.0028965350770591837
0.00289653507478001
0.002896535072615326
0.002896535069101551
0.00289653506813368
0.002896535067309517
0.0028965350693560443
0.002896535073747331
0.002896535078657227
0.002896535080937782
0.002896535082534556
0.002896535083508889
0.002896535084178447
0.002896535084741483
0.002896535085100087
0.002896535085211851
0.002896535085238705
0.002896535085205409
0.00289653508512661
0.002896535085008163
0.002896535084835556
0.002896535084602816
0.0028965350843635617
0.002896535084228426
0.0028965350842538
0.0028965350844580152
0.002896535084866313
0.0028965350855301307
0.002896535086488917
0.002896535087816734
0.002896535089529064
0.002896535091446392
0.002896535092581355
0.0028965350921093943
0.00289653509009523
0.002896535086973994
0.0028965350834075287
0.0028965350800691852
0.002896535077483758
0.002896535077252313
0.002896535077281403
0.002896535077580852
0.002896535079103136
0.0028965350810372273
0.002896535082762927
0.002896535083431034
0.00289653508349223
0.002896535083406391
0.002896535083158915
0.002896535082397003
0.002896535081474905
0.002896535080480003
0.0028965350795042977
0.002896535078859544
0.0028965350783754368
0.0028965350778745033
0.002896535077207103
0.0028965350767318713
0.0028965350758102543
0.002896535075276402
0.0028965350748088687
0.002896535074385227
0.002896535074017138
0.002896535073747265
0.002896535073587838
0.0028965350734850626
0.0028965350733987337
0.002896535073285522
0.002896535073202439
0.002896535073137591
0.0028965350730723637
0.002896535073003376
0.0028965350729208967
0.002896535072808265
0.002896535072713629
0.002896535072635484
0.002896535072571561
0.002896535072473016
0.002896535072392597
0.002896535072383156
0.00289653507222213
0.0028965350721572927
0.0028965350721089737
0.002896535072031763
0.002896535071960017
0.0028965350718456423
0.0028965350717473897
0.002896535071644131
0.0028965350715315537
0.002896535071425814
0.002896535071288162
0.002896535071128569
0.0028965350709053957
0.002896535070601171
0.002896535070122541
0.00289653506929019
0.002896535068035165
0.002896535066410218
0.0028965350648578318
0.0028965350635863853
0.002896535062810701
0.0028965350627363057
0.00289653506350998
0.002896535065170633
0.00289653506760452
0.0028965350705453
0.0028965350736210697
0.002896535076417566
0.002896535078648707
0.00289653507865315
0.002896535078662087
0.00289653507867878
0.002896535078692929
0.002896535078705766
0.002896535078720395
0.002896535078737683
0.002896535078752887
0.002896535078756857
0.0028965350787634888
0.00289653507877492
0.00289653507878806
0.0028965350788014627
0.0028965350788166117
0.002896535078832701
0.002896535078852784
0.002896535078881256
0.002896535078915426
0.002896535078954312
0.002896535078998468
0.002896535079048552
0.002896535079105432
0.002896535079142991
0.002896535079178409
0.002896535079207344
0.002896535079229556
0.0028965350792491467
0.002896535079268038
0.002896535079288913
0.002896535079309519
0.0028965350793328046
0.002896535079352152
0.002896535079369844
0.002896535079386942
0.002896535079405844
0.002896535079427652
0.002896535079458375
0.002896535079511734
0.002896535079606882
0.002896535079760705
0.0028965350799443823
0.002896535080189677
0.002896535080649608
0.0028965350811442398
0.002896535082336994
0.00289653508392651
0.002896535086295097
0.0028965350899325393
0.002896535095174081
0.00289653510023528
0.00289653510534698
0.002896535108994619
0.002896535113371057
0.002896535119490927
0.002896535124610051
0.002896535129070103
0.002896535133017081
0.0028965351339139854
0.0028965351338836
0.002896535127497853
0.002896535113126221
0.002896535088360688
0.002896535059706717
0.002896535040655793
0.00289653502968248
0.002896535022855295
0.002896535020658711
0.002896535019094504
0.002896535020109974
0.002896535022308644
0.0028965350258765388
0.002896535030188732
0.002896535036712255
0.002896535046112278
0.0028965350551872393
0.002896535062964246
0.0028965350687850753
0.002896535072329431
0.0028965350737539973
0.0028965350736041137
0.00289653507263568
0.002896535071759493
0.002896535071580197
0.002896535071576524
0.002896535071533766
0.002896535070815292
0.002896535068940413
0.002896535064303835
0.002896535055426939
0.0028965350502344737
0.002896535044648217
0.002896535042326737
0.002896535039482592
0.002896535035443858
0.002896535028210131
0.0028965350243753177
0.002896535017217224
0.0028965350136784637
0.002896535007144865
0.002896535008290333
0.002896535007195789
0.002896535010849017
0.002896535014432071
0.002896535019874282
0.002896535025214829
0.002896535031474358
0.002896535035399137
0.002896535037417491
0.0028965350424990763
0.002896535047535222
0.0028965350486586812
0.002896535053530705
0.002896535054293756
0.0028965350602815562
0.002896535062226547
0.002896535066831691
0.0028965350732127262
0.002896535076393194
0.0028965350790127278
0.002896535080629169
0.002896535085276133
0.0028965350859136802
0.002896535087669572
0.002896535088929667
0.002896535091446664
0.002896535091816049
0.0028965350935365427
0.002896535094030228
0.0028965350956471248
0.0028965350963211112
0.002896535099393534
0.002896535098630763
0.0028965351001942062
0.0028965351006676647
0.002896535102201411
0.00289653510278405
0.002896535104698659
0.002896535105900082
0.002896535108433234
0.002896535109684113
0.002896535111371262
0.002896535112412464
0.00289653511329759
0.0028965351138934793
0.002896535114663961
0.0028965351142529
0.002896535114151112
0.0028965351138765497
0.002896535113038805
0.00289653511253838
0.002896535111887207
0.002896535111455994
0.002896535111774485
0.002896535113939748
0.002896535116453331
0.002896535118277708
0.0028965351198431692
0.002896535120432152
0.0028965351210533488
0.002896535121159003
0.002896535121298143
0.002896535120877273
0.002896535120678959
0.00289653512005362
0.002896535119625648
0.0028965351190333583
0.0028965351179079117
0.002896535116639003
0.0028965351147408522
0.002896535111850811
0.002896535108923098
0.002896535105984843
0.002896535103124596
0.002896535100276679
0.0028965350974038007
0.002896535094594547
0.002896535092319334
0.002896535090591166
0.0028965350892612572
0.002896535088188632
0.0028965350872347177
0.002896535086265933
0.002896535085216389
0.0028965350849824508
0.002896535084955986
0.002896535084753207
0.002896535084017935
0.00289653508249896
0.0028965350803264937
0.0028965350779130497
0.0028965350766964326
0.00289653507486551
0.002896535073589964
0.002896535074101331
0.002896535077014878
0.002896535081318477
0.002896535084820901
0.002896535087041727
0.002896535088077396
0.002896535088279303
0.002896535088132386
0.002896535087950364
0.00289653508774641
0.002896535087544612
0.002896535087315247
0.002896535087151643
0.00289653508710268
0.002896535087218869
0.002896535087588081
0.0028965350883108937
0.002896535089588149
0.002896535091637726
0.002896535093626404
0.002896535094600893
0.002896535094560696
0.002896535093873424
0.002896535092827775
0.002896535091593019
0.002896535090045146
0.002896535088112037
0.002896535085419206
0.002896535081612322
0.002896535078735853
0.002896535077824725
0.002896535077835428
0.0028965350780124563
0.002896535079541655
0.0028965350823111097
0.002896535085050308
0.002896535087543958
0.002896535088626303
0.002896535088405445
0.002896535088242831
0.002896535087826679
0.002896535087117761
0.002896535085815883
0.002896535084245607
0.002896535082593632
0.002896535080986713
0.0028965350794961913
0.002896535078530071
0.002896535076830205
0.002896535075919091
0.002896535075107628
0.002896535074444273
0.002896535073941725
0.002896535073562954
0.002896535073311037
0.00289653507312582
0.002896535072959749
0.002896535072795338
0.00289653507262676
0.002896535072392747
0.002896535072394195
0.002896535072086511
0.0028965350719955046
0.002896535071829858
0.002896535071694075
0.0028965350715070117
0.002896535071281521
0.0028965350711164313
0.002896535070953804
0.0028965350708156793
0.002896535070662899
0.002896535070613461
0.0028965350706132258
0.002896535070833601
0.002896535071111252
0.002896535071951031
0.002896535073211551
0.00289653507597736
0.002896535080574803
0.00289653508858224
0.002896535101172256
0.002896535116434019
0.002896535132134063
0.002896535144271978
0.002896535152263325
0.0028965351555476798
0.002896535148639092
0.002896535124531002
0.002896535095229264
0.0028965350639130433
0.002896535037675135
0.0028965350162044
0.0028965350003016437
0.0028965349921021557
0.002896534989380852
0.002896534986915284
0.0028965349863541378
0.002896534986008534
0.00289653498574931
0.002896534985873603
0.002896534986942278
0.002896534985195761
0.002896534985291074
0.002896534985428285
0.0028965349854548693
0.0028965349853779447
0.002896534985170652
0.002896534984792677
0.002896534983832582
0.002896534982186311
0.002896534977920886
0.002896534970963495
0.002896534961628258
0.002896534949320286
0.0028965349335350193
0.0028965349137723586
0.002896534901702594
0.0028965349084557317
0.002896534932112086
0.0028965349658088523
0.0028965349885718
0.002896535007245881
0.002896535012447745
0.002896535020454071
0.0028965350278128974
0.0028965350312741543
0.002896535034984129
0.0028965350411296296
0.0028965350431513163
0.002896535050116501
0.0028965350533674892
0.002896535056351329
0.002896535048155916
0.002896535029174264
0.002896535004202873
0.002896534982097358
0.0028965349702095343
0.002896534967640916
0.0028965349707950187
0.00289653497527341
0.00289653498053628
0.002896534985591759
0.002896534990855431
0.002896534997090685
0.002896535005306209
0.002896535017713791
0.002896535037128282
0.002896535050347949
0.002896535053528051
0.002896535055607193
0.002896535056898091
0.002896535057977797
0.00289653505885275
0.0028965350595423663
0.00289653506022905
0.00289653506102213
0.002896535061865288
0.002896535062714344
0.0028965350636561923
0.002896535065030985
0.0028965350662345847
0.002896535067409421
0.0028965350680390653
0.002896535067885514
0.002896535066503729
0.0028965350554450943
0.002896535040305626
0.002896535022579214
0.002896535020898469
0.002896535009122179
0.002896535004259262
0.0028965350040012078
0.002896535010189529
0.002896535021526182
0.0028965350365384498
0.002896535055085448
0.002896535070228506
0.002896535082225641
0.002896535092141586
0.002896535099815288
0.002896535106381789
0.00289653511093696
0.002896535114577009
0.002896535116542695
0.0028965351186977972
0.002896535119631156
0.0028965351206118447
0.0028965351219709303
0.002896535125379024
0.002896535129199517
0.002896535132218098
0.002896535131836049
0.0028965351299466854
0.00289653512339094
0.002896535116080248
0.00289653511099321
0.002896535106386172
0.002896535104170629
0.002896535100935057
0.002896535099457974
0.002896535100832887
0.0028965351001622973
0.002896535103724092
0.0028965351083845587
0.002896535113674351
0.002896535118055694
0.002896535121851607
0.002896535123391929
0.0028965351244106398
0.002896535124641923
0.002896535124852106
0.002896535124330025
0.002896535123626465
0.0028965351223002762
0.0028965351196669096
0.002896535115921646
0.002896535112364866
0.002896535108744973
0.002896535105351581
0.002896535101830815
0.00289653509809452
0.002896535093012442
0.002896535089221835
0.002896535087206447
0.00289653508680287
0.002896535087627614
0.002896535089041059
0.0028965350902967098
0.002896535090916843
0.0028965350909176952
0.002896535090919894
0.0028965350909248826
0.002896535090930987
0.0028965350909322743
0.002896535090913166
0.002896535090891547
0.002896535090846006
0.0028965350908355158
0.002896535090812875
0.002896535090715622
0.002896535090545292
0.0028965350902875743
0.002896535089574828
0.0028965350874787382
0.002896535084161466
0.002896535079013475
0.002896535071175564
0.002896535059541221
0.0028965350417495934
0.002896535028387469
0.002896535024861971
0.002896535034722828
0.002896535053208302
0.002896535074969853
0.002896535089624729
0.0028965350964793063
0.002896535100062576
0.002896535101706445
0.002896535102367658
0.002896535102251297
0.002896535102075074
0.00289653510190248
0.0028965351017564978
0.00289653510161423
0.002896535101440052
0.0028965351011875032
0.002896535100880681
0.002896535100528376
0.002896535100070386
0.0028965350995620682
0.00289653509934536
0.002896535098779403
0.002896535098757637
0.00289653509881169
0.002896535099242984
0.002896535099776053
0.002896535100698905
0.00289653510153867
0.002896535102583485
0.002896535103457725
0.0028965351044408522
0.002896535105572335
0.002896535106885426
0.002896535107883361
0.002896535108998299
0.00289653511007905
0.0028965351116191293
0.0028965351132133814
0.002896535114617254
0.002896535115725723
0.002896535116812631
0.002896535117946982
0.0028965351187952623
0.002896535119254145
0.0028965351199033342
0.002896535120385555
0.002896535120901351
0.002896535121585813
0.002896535122232251
0.002896535122703789
0.002896535123035779
0.00289653512338148
0.002896535123665166
0.002896535123932551
0.0028965351240489087
0.002896535123831976
0.002896535122338006
0.002896535117667912
0.0028965351108647818
0.002896535102922705
0.002896535094733045
0.002896535087208461
0.0028965350810129793
0.00289653507921125
0.002896535079297867
0.002896535080067571
0.002896535083754342
0.002896535088090029
0.002896535091602637
0.0028965350930399672
0.002896535092759452
0.00289653509208233
0.0028965350918702293
0.0028965350913521134
0.002896535089972494
0.002896535087760921
0.0028965350855464328
0.002896535083408543
0.002896535081836624
0.002896535080621931
0.002896535079512304
0.0028965350782945787
0.0028965350769897978
0.0028965350762904323
0.002896535075710715
0.002896535075179521
0.002896535074668931
0.0028965350741616738
0.0028965350736558653
0.0028965350733131117
0.002896535073137638
0.002896535072641134
0.002896535072177406
0.002896535071361888
0.002896535070015534
0.0028965350680121398
0.00289653506534547
0.002896535062127746
0.002896535058454379
0.0028965350547675087
0.00289653505170133
0.0028965350504607298
0.002896535050463634
0.0028965350507157038
0.002896535051493061
0.002896535052721246
0.002896535054892001
0.002896535059106602
0.0028965350661294353
0.0028965350726491987
0.002896535078215016
0.002896535080547709
0.002896535080556209
0.002896535080580457
0.002896535080723611
0.002896535080960657
0.0028965350812973478
0.0028965350815931762
0.002896535081741211
0.002896535081888154
0.002896535081989253
0.002896535082088958
0.002896535082230332
0.002896535082433476
0.002896535082549122
0.002896535082590631
0.002896535082591163
0.002896535082597986
0.002896535082678088
0.00289653508279363
0.002896535082880633
0.00289653508287883
0.002896535082690002
0.0028965350824298
0.002896535081931006
0.002896535081552473
0.002896535081212099
0.0028965350809022202
0.002896535080643338
0.002896535080464354
0.002896535080353567
0.002896535080312051
0.002896535080147795
0.002896535080163299
0.00289653508009364
0.002896535079970404
0.002896535079983374
0.00289653507987769
0.002896535079854978
0.002896535079800075
0.002896535079763637
0.002896535079747005
0.0028965350797495
0.002896535079712239
0.002896535079738825
0.002896535079714635
0.0028965350797319368
0.00289653507971078
0.0028965350797281993
0.002896535079736337
0.002896535079699196
0.002896535079729482
0.00289653507972128
0.002896535079728944
0.002896535079713446
0.0028965350797251366
0.002896535079714809
0.002896535079718752
0.002896535079703585
0.002896535079700863
0.002896535079664095
0.0028965350796141313
0.002896535079446152
0.002896535079109519
0.00289653507865364
0.002896535078117374
0.002896535077569749
0.002896535077104947
0.002896535076829142
0.002896535076844297
0.0028965350772141942
0.0028965350779342506
0.002896535078917488
0.0028965350800050993
0.002896535080999216
0.002896535081709659
0.0028965350819130362
0.0028965350819140307
0.002896535081915707
0.002896535081918585
0.002896535081920082
0.0028965350819212757
0.0028965350819227698
0.002896535081924526
0.002896535081925348
0.002896535081925987
0.002896535081927225
0.0028965350819286856
0.002896535081930269
0.0028965350819318628
0.0028965350819333373
0.002896535081934705
0.002896535081936376
0.002896535081938298
0.002896535081940888
0.002896535081943695
0.0028965350819465
0.0028965350819492477
0.002896535081951963
0.002896535081954591
0.002896535081956681
0.00289653508195587
0.00289653508193871
0.002896535081882879
0.002896535081695113
0.002896535081177276
0.002896535080235541
0.002896535080076717
0.002896535080075372
0.002896535080072644
0.00289653508007525
0.002896535080062318
0.00289653508005966
0.002896535080057515
0.0028965350800550763
0.002896535080053521
0.002896535080051819
0.002896535080049014
0.002896535080044894
0.002896535080040976
0.002896535080036483
0.002896535080031782
0.00289653508002551
0.002896535080017403
0.002896535080007913
0.002896535079996924
0.002896535079984714
0.002896535079974181
0.00289653507996509
0.002896535079956742
0.0028965350799486
0.002896535079940432
0.002896535079935211
0.002896535079929958
0.002896535079925622
0.002896535079921896
0.002896535079918109
0.002896535079914813
0.0028965350799135957
0.0028965350799161787
0.0028965350799256503
0.002896535079944483
0.002896535079978948
0.002896535080044493
0.002896535080195454
0.002896535080438408
0.0028965350808143058
0.0028965350814494557
0.002896535082331311
0.002896535083955862
0.002896535087122285
0.002896535092193779
0.002896535100776249
0.002896535114546101
0.002896535133242444
0.002896535152900168
0.002896535168278052
0.0028965351806040218
0.002896535187812603
0.002896535185554643
0.002896535165386222
0.0028965351331342918
0.002896535098483707
0.002896535069881772
0.002896535051105467
0.0028965350364734952
0.002896535030498739
0.002896535020054381
0.002896535013996497
0.002896535008369949
0.002896535005721528
0.002896535004040232
0.002896535002284573
0.002896535000795027
0.002896534999319581
0.002896534998186347
0.002896534998224642
0.002896534996746819
0.002896534996330501
0.002896534996161256
0.002896534998425129
0.0028965349957478953
0.002896534996872479
0.0028965349984340213
0.002896535000499302
0.002896535003304499
0.002896535007260516
0.002896535014420984
0.002896535021862576
0.002896535034035877
0.002896535046076867
0.002896535057279147
0.0028965350554864227
0.0028965350349029867
0.002896535002072827
0.002896534968184089
0.002896534945823957
0.002896534939261223
0.002896534941259796
0.002896534946135298
0.002896534951299806
0.002896534956901211
0.002896534964907042
0.0028965349791004492
0.00289653498445351
0.0028965349887054488
0.0028965349908046892
0.002896534992693869
0.002896534994420355
0.0028965349957137663
0.002896534997030829
0.002896534998445322
0.002896535000238084
0.00289653500263031
0.002896535005445135
0.002896535008621582
0.002896535012421495
0.002896535018131
0.00289653502649637
0.002896535034914536
0.002896535041381371
0.002896535046406523
0.002896535051318799
0.0028965350562189553
0.0028965350623224194
0.002896535062926803
0.00289653506320807
0.002896535065430093
0.002896535082656213
0.002896535108899907
0.002896535131376178
0.002896535164766435
0.002896535180520904
0.002896535201480083
0.002896535246148444
0.002896535284255276
0.00289653530201571
0.002896535285429957
0.002896535235081351
0.00289653516941534
0.002896535094126708
0.002896535021651556
0.00289653497846403
0.002896534955270515
0.0028965349503495778
0.002896534947903909
0.002896534948288626
0.002896534949970106
0.002896534951758649
0.00289653495377687
0.002896534955926063
0.002896534958504542
0.0028965349620786378
0.002896534967967592
0.002896534979246051
0.0028965349910195382
0.002896534998558654
0.0028965350049659747
0.002896535009694764
0.0028965350145606287
0.002896535019672765
0.002896535024996057
0.002896535030621269
0.002896535039546341
0.002896535050268463
0.0028965350608685073
0.0028965350698288298
0.002896535077318964
0.002896535078339251
0.002896535078437225
0.0028965350793333164
0.002896535089556142
0.002896535109450373
0.002896535143411522
0.00289653520183432
0.0028965352825153297
0.002896535342543585
0.002896535403163988
0.002896535421281531
0.002896535445217219
0.0028965355006397653
0.0028965355449815182
0.002896535558412487
0.002896535554043521
0.002896535509259252
0.0028965354223620112
0.00289653530233863
0.002896535194155478
0.002896535078615144
0.002896535001233044
0.00289653495055344
0.002896534914947647
0.002896534896810062
0.002896534888947125
0.002896534886250804
0.002896534887640373
0.002896534890594009
0.0028965348944457628
0.0028965348993055568
0.002896534906472923
0.002896534918616282
0.0028965349337851777
0.002896534948792282
0.002896534958723185
0.002896534966579799
0.002896534972358824
0.002896534977217124
0.002896534983201989
0.0028965349875050683
0.0028965349894057133
0.0028965349935455562
0.002896534997558101
0.0028965350028061563
0.002896535006958719
0.0028965350105813
0.0028965350103561808
0.0028965350056997133
0.0028965350042767703
0.0028965349961245896
0.002896534984158037
0.00289653497107912
0.002896534956892319
0.0028965349418969507
0.002896534931343072
0.002896534927468042
0.002896534929102153
0.002896534936201473
0.00289653494846669
0.002896534961937402
0.0028965349775464584
0.002896534994796032
0.0028965350174218973
0.002896535037425674
0.002896535050568767
0.002896535049958969
0.002896535043526887
0.0028965349747126982
0.002896534818958821
0.0028965345751506277
0.002896534255227995
0.0028965338897804453
0.002896533778378755
0.0028965337083060767
0.002896533695596525
0.002896533714825875
0.002896533724449515
0.002896533883712697
0.0028965341240780903
0.002896534480124195
0.002896534848047556
0.0028965351080304127
0.00289653526014063
0.002896535342639994
0.002896535400859832
0.002896535444636297
0.0028965354631248067
0.002896535468677361
0.002896535476048818
0.002896535474589281
0.002896535476363425
0.0028965354714514
0.002896535471253278
0.002896535465632051
0.002896535468607031
0.002896535465473824
0.0028965354695208467
0.002896535468454758
0.002896535469530025
0.002896535478316896
0.002896535473485519
0.0028965354785058742
0.0028965354864698687
0.002896535486302591
0.002896535488145635
0.0028965354986728
0.002896535500300309
0.002896535503922095
0.002896535510679968
0.002896535512879073
0.002896535519382806
0.002896535522500574
0.0028965355307006392
0.0028965355357545687
0.002896535542417992
0.0028965355461737907
0.0028965355455867112
0.00289653554317858
0.002896535539885997
0.002896535535514774
0.0028965355309941527
0.002896535525009247
0.0028965355186606656
0.002896535516258225
0.0028965355116912952
0.0028965355073399587
0.002896535502322343
0.002896535496190756
0.002896535491169831
0.0028965354827826992
0.002896535476464476
0.00289653546885103
0.002896535466644317
0.002896535465911979
0.002896535466721945
0.002896535467121233
0.002896535468762459
0.002896535469779069
0.002896535472021564
0.002896535471847112
0.002896535469474452
0.002896535464426381
0.002896535457008965
0.002896535449405995
0.002896535443675464
0.002896535437782564
0.002896535431124958
0.002896535424676378
0.002896535414337741
0.0028965353998342113
0.002896535379106914
0.0028965353569365823
0.00289653533351851
0.002896535309261984
0.0028965352843791647
0.0028965352593214393
0.002896535234353886
0.002896535209955723
0.002896535186499608
0.002896535164462756
0.00289653515057087
0.002896535141837804
0.002896535141751784
0.0028965351415806678
0.002896535141243502
0.002896535140990309
0.002896535140783559
0.002896535140684129
0.002896535140588298
0.002896535140520063
0.002896535140451085
0.002896535140345518
0.002896535140185186
0.002896535140033162
0.0028965351398888128
0.002896535139739029
0.002896535139576559
0.002896535139370233
0.002896535139121054
0.0028965351388086707
0.002896535138350157
0.002896535137757732
0.002896535136763365
0.002896535134375849
0.0028965351306854
0.002896535126341023
0.0028965351218966993
0.002896535118264949
0.002896535115170809
0.002896535112374443
0.002896535109363278
0.002896535105998885
0.0028965351018415027
0.0028965350961608527
0.0028965350909080888
0.002896535086554033
0.002896535086266138
0.0028965350862621827
0.002896535086254096
0.002896535086246256
0.002896535086262504
0.002896535086335175
0.002896535086570739
0.002896535087185393
0.00289653508895828
0.002896535089283839
0.002896535090048555
0.002896535091508458
0.002896535093951717
0.00289653509688908
0.0028965351012136863
0.0028965351098961057
0.0028965351219603047
0.0028965351409165527
0.002896535168257715
0.0028965352078208343
0.002896535258049367
0.002896535294593986
0.002896535306145358
0.002896535284973084
0.002896535244182111
0.002896535196415997
0.002896535135577533
0.002896535093217102
0.002896535059971333
0.002896535042225239
0.002896535020975615
0.002896535007408239
0.002896534994983054
0.002896534986563752
0.002896534979114106
0.002896534977695337
0.002896534975013521
0.002896534972603317
0.00289653497001551
0.0028965349687104193
0.002896534966828697
0.002896534965876894
0.002896534965252202
0.002896534964874285
0.002896534964897356
0.0028965349654586883
0.002896534966558558
0.00289653496831781
0.002896534971008564
0.002896534977290812
0.002896534979594189
0.002896534987112977
0.002896534997744344
0.0028965350138002947
0.002896535028683396
0.002896535046141953
0.002896535051665584
0.002896535052872612
0.002896535052539256
0.0028965350474168417
0.002896535048086169
0.002896535039500258
0.002896535031410898
0.0028965350237389192
0.002896535016349277
0.00289653499503318
0.002896534974956835
0.0028965349483760098
0.002896534924572495
0.0028965349084619286
0.0028965348990965933
0.002896534899434616
0.002896534902121023
0.00289653490714305
0.002896534911397834
0.0028965349154782298
0.002896534919716064
0.0028965349248751614
0.002896534932921011
0.0028965349440785012
0.0028965349640974842
0.002896534985636127
0.0028965350052127677
0.002896535017325564
0.002896535027898788
0.002896535036848342
0.0028965350432836653
0.002896535049570396
0.0028965350560868517
0.0028965350628629423
0.002896535067875453
0.002896535067871679
0.0028965350677255318
0.002896535065429953
0.0028965350587491457
0.002896535046377408
0.002896535022298754
0.002896534989251412
0.002896534966685189
0.002896534946427985
0.002896534952315319
0.002896534936077204
0.0028965349243472473
0.0028965349193736073
0.00289653491899537
0.0028965349323240293
0.002896534946687803
0.002896534976459448
0.002896535001515411
0.002896535033780029
0.0028965350498593194
0.002896535069513736
0.0028965350792001516
0.0028965350897631713
0.002896535100707641
0.002896535105259733
0.002896535105955081
0.002896535105705781
0.002896535102905929
0.0028965350989780167
0.002896535092850588
0.002896535091667771
0.002896535100434233
0.002896535115902578
0.0028965351390729368
0.002896535152792951
0.002896535158548213
0.0028965351646118797
0.002896535166832852
0.002896535169273925
0.002896535170766863
0.002896535171390215
0.00289653517158875
0.002896535171470586
0.0028965351710878327
0.0028965351704366626
0.0028965351694837057
0.002896535168274828
0.0028965351670401447
0.002896535165847703
0.002896535164611747
0.002896535162882428
0.002896535160659232
0.00289653515681783
0.002896535153137146
0.00289653514959879
0.002896535145914514
0.002896535141841292
0.002896535137087364
0.002896535131460111
0.0028965351249351
0.002896535117687129
0.002896535110052459
0.002896535102662132
0.0028965350958108822
0.002896535090940875
0.0028965350901092412
0.0028965350844818933
0.00289653505199171
0.002896535021840118
0.00289653499576819
0.002896534983466776
0.002896534973272227
0.002896534975177429
0.00289653498754953
0.002896535013666933
0.002896535040906082
0.0028965350650878813
0.002896535087284467
0.002896535105037863
0.00289653511747854
0.002896535127637581
0.0028965351368084907
0.002896535143664827
0.002896535148280093
0.002896535151632761
0.002896535152757092
0.002896535154266659
0.0028965351560264513
0.0028965351574280753
0.002896535159262736
0.002896535159639657
0.0028965351639481302
0.002896535168202036
0.002896535172760909
0.002896535175761041
0.002896535174432711
0.002896535173315121
0.002896535169169675
0.002896535166677013
0.002896535163342505
0.002896535162853815
0.002896535159876655
0.002896535159301915
0.002896535159002829
0.002896535159626321
0.002896535160766862
0.0028965351641359522
0.002896535167653451
0.002896535171310698
0.0028965351739623597
0.002896535175799582
0.00289653517604488
0.00289653517575631
0.002896535175253066
0.002896535174100725
0.002896535172841297
0.002896535170461519
0.0028965351677404153
0.0028965351655600557
0.00289653516327475
0.00289653516089033
0.0028965351585438083
0.002896535156133042
0.002896535153752667
0.002896535151208922
0.0028965351485190477
0.002896535146115734
0.00289653514371927
0.002896535141685753
0.002896535139426702
0.0028965351378309858
0.002896535136363149
0.002896535134967989
0.002896535133326709
0.002896535131524783
0.002896535129690258
0.002896535128139415
0.002896535126566506
0.002896535124936811
0.002896535123007547
0.002896535120763115
0.002896535117873247
0.0028965351140495333
0.002896535109311058
0.002896535104205901
0.002896535100364058
0.0028965350974214958
0.002896535095004277
0.0028965350944147863
0.002896535094403944
0.002896535094387775
0.002896535094360771
0.0028965350943323106
0.002896535094308087
0.002896535094287681
0.002896535094269872
0.002896535094251998
0.0028965350942406713
0.002896535094233046
0.002896535094225167
0.002896535094212329
0.002896535094196601
0.002896535094175078
0.00289653509415607
0.002896535094139285
0.002896535094117299
0.00289653509407884
0.0028965350939558227
0.002896535093848482
0.002896535093586404
0.002896535093158204
0.002896535092089899
0.002896535090242661
0.002896535087309358
0.002896535082894444
0.002896535076316716
0.002896535068317446
0.0028965350642999707
0.002896535064278465
0.002896535070550285
0.002896535080954295
0.002896535089342565
0.002896535095242514
0.002896535097133784
0.002896535098732994
0.0028965350998272597
0.002896535100325795
0.0028965351004565636
0.002896535100496709
0.002896535100470735
0.0028965351003909148
0.002896535100258221
0.002896535100049058
0.0028965350997827988
0.0028965350994756283
0.002896535099155048
0.002896535098905076
0.002896535098711203
0.00289653509855466
0.002896535098423796
0.002896535098307265
0.0028965350982443692
0.0028965350982257977
0.002896535098237986
0.002896535098270419
0.002896535098317951
0.00289653509837851
0.002896535098457196
0.002896535098569954
0.00289653509878664
0.002896535099059125
0.002896535099334361
0.002896535099735138
0.0028965351001029997
0.002896535100690986
0.002896535101444322
0.002896535102812198
0.002896535104366884
0.00289653510611265
0.00289653510813836
0.002896535110812794
0.002896535113533674
0.0028965351162434628
0.0028965351196244063
0.002896535122153724
0.002896535126493972
0.0028965351316523557
0.002896535134222925
0.0028965351369719763
0.002896535137559109
0.002896535136780582
0.002896535132838507
0.002896535125535217
0.0028965351148484073
0.002896535100564267
0.0028965350828917213
0.002896535065861584
0.002896535052154938
0.002896535044292518
0.002896535040656426
0.002896535039478293
0.002896535040363706
0.0028965350424627733
0.0028965350452358142
0.002896535049252884
0.00289653505435188
0.002896535061037639
0.002896535066813581
0.00289653507055769
0.002896535072365152
0.0028965350725968387
0.0028965350718348983
0.0028965350708136154
0.002896535070215517
0.002896535070218353
0.002896535069420606
0.002896535065435792
0.002896535050535803
0.002896535041185686
0.002896535033466822
0.0028965350326077043
0.002896535033915686
0.002896535042146755
0.002896535052998752
0.002896535061980342
0.002896535066651538
0.002896535066967208
0.002896535068796999
0.002896535071070349
0.002896535073933534
0.002896535076235047
0.002896535078484129
0.002896535081273196
0.002896535083312895
0.002896535085801915
0.002896535088117865
0.002896535090087656
0.00289653509200997
0.00289653509341662
0.002896535094702291
0.002896535095525423
0.002896535096065955
0.002896535096495357
0.002896535097162807
0.0028965350971650924
0.002896535097391275
0.0028965350974843418
0.002896535097500833
0.002896535097425354
0.002896535097182181
0.0028965350968626997
0.002896535096521905
0.002896535096146977
0.002896535095676605
0.0028965350955117188
0.0028965350947917513
0.0028965350945780568
0.0028965350941570303
0.0028965350938295192
0.002896535093337266
0.0028965350926457387
0.0028965350920004303
0.0028965350915371377
0.0028965350909551358
0.0028965350904151597
0.002896535089670277
0.002896535088810574
0.0028965350875552708
0.002896535085767918
0.002896535082995938
0.002896535080164745
0.002896535078404715
0.002896535077730955
0.002896535077627057
0.002896535078016866
0.002896535079020789
0.0028965350804259727
0.002896535081794359
0.002896535082560153
0.0028965350830613447
0.002896535084861094
0.002896535086432102
0.0028965350862636464
0.00289653508508905
0.002896535083425062
0.002896535081321791
0.002896535078423741
0.0028965350744083133
0.002896535070001592
0.0028965350658357127
0.002896535065396825
0.002896535065495957
0.00289653506809309
0.002896535072276559
0.002896535078219016
0.0028965350837562333
0.0028965350883056657
0.002896535091249451
0.002896535093488271
0.002896535095080431
0.002896535096906788
0.002896535097354286
0.002896535097970071
0.002896535098143571
0.002896535098504069
0.002896535098560761
0.00289653509865541
0.002896535098894241
0.00289653509868244
0.002896535098852449
0.002896535098925162
0.002896535099017771
0.0028965350991824548
0.002896535099349715
0.002896535099642267
0.002896535100091469
0.002896535100559666
0.002896535101031783
0.002896535101407245
0.00289653510164022
0.002896535101697018
0.002896535101634732
0.002896535100472678
0.002896535099119189
0.002896535097517603
0.002896535094864307
0.002896535091974298
0.002896535088587336
0.0028965350849759312
0.002896535082966425
0.002896535082184287
0.00289653508228007
0.0028965350831623047
0.002896535084289139
0.002896535086025565
0.00289653508801424
0.002896535090039667
0.00289653509122236
0.00289653509044321
0.002896535088035051
0.002896535084654315
0.002896535081154971
0.0028965350789433063
0.002896535078781955
0.002896535077969786
0.0028965350754605653
0.002896535074119457
0.0028965350740844
0.0028965350751296278
0.002896535076312969
0.002896535078753723
0.002896535083361554
0.002896535092643174
0.002896535102283321
0.002896535114834448
0.002896535133207272
0.00289653515612037
0.002896535170067428
0.002896535174572787
0.002896535164681148
0.002896535141483252
0.002896535108085609
0.002896535064338655
0.002896535034892692
0.002896535024107765
0.002896535023617411
0.002896535022434722
0.002896535025027112
0.002896535027877884
0.002896535031069255
0.002896535033673393
0.0028965350356291923
0.002896535036858429
0.0028965350377475243
0.002896535038398155
0.002896535038884318
0.002896535038890831
0.002896535038960998
0.002896535038931677
0.002896535038825345
0.002896535038674528
0.002896535038530546
0.0028965350383762392
0.002896535038208149
0.002896535038018758
0.002896535037874913
0.002896535037772239
0.0028965350377728
0.002896535037765466
0.002896535037932764
0.0028965350379298012
0.002896535038056998
0.0028965350382314952
0.002896535038449484
0.002896535038753018
0.00289653503907424
0.002896535039459769
0.0028965350398830413
0.00289653504044508
0.002896535041189226
0.002896535042275888
0.002896535043968205
0.002896535046930624
0.002896535052720026
0.0028965350599567067
0.00289653506497943
0.00289653506928629
0.002896535073727606
0.00289653507926745
0.002896535081519088
0.0028965350815522797
0.002896535081736456
0.002896535082006488
0.002896535080134069
0.0028965350757537323
0.002896535068922549
0.002896535058442713
0.002896535043869064
0.002896535033980468
0.002896535027190405
0.002896535019303021
0.0028965350226059818
0.0028965350167691824
0.002896535009651295
0.0028965350110487812
0.002896535003592754
0.0028965350064503663
0.002896535007346105
0.0028965350104475608
0.002896535017001464
0.002896535022458557
0.002896535029434407
0.002896535036356305
0.0028965350435050633
0.002896535049725917
0.002896535056114282
0.0028965350603477468
0.002896535064321398
0.002896535068156484
0.0028965350730738512
0.0028965350729507552
0.002896535077201113
0.0028965350794471203
0.002896535083124429
0.0028965350835851982
0.002896535087971875
0.002896535088403117
0.00289653509223912
0.002896535094976021
0.002896535099034795
0.0028965351024419377
0.002896535107660482
0.00289653511422621
0.002896535123278294
0.0028965351335773332
0.002896535145524087
0.002896535160265215
0.002896535172323171
0.002896535187692051
0.0028965352010463237
0.002896535218695968
0.0028965352391910597
0.00289653527375213
0.002896535298291979
0.0028965353257661
0.002896535349896229
0.002896535379752679
0.002896535404417339
0.002896535416936328
0.002896535387163045
0.002896535285480771
0.00289653516177375
0.0028965350815891608
0.002896535039414768
0.002896535017870757
0.0028965350142548777
0.002896535009292957
0.002896535019966979
0.002896535060493744
0.0028965351491131064
0.0028965353205052157
0.0028965353715044713
0.002896535506600465
0.002896535653830375
0.002896535888759974
0.002896536189195851
0.002896536603780208
0.002896537516149994
0.002896539148830485
0.00289654208167355
0.002896547782319266
0.002896560110013148
0.002896596966655507
0.002896633629795389
0.002896692022020165
0.0028967610211392027
0.00289683404993837
0.002896915170702162
0.002897005575776356
0.0028970859781175234
0.0028971367774309007
0.002897161122212846
0.002897163772417656
0.002897149846855069
0.002897125218778833
0.0028971073745524007
0.002897097009828106
0.002897092122342817
0.0028970911594819243
0.00289709310880467
0.002897097433065571
0.002897102287063291
0.002897103033880054
0.002897103463723139
0.0028971026482310673
0.0028971005619409062
0.0028970986719898868
0.002897096941727754
0.002897095256563697
0.00289709318920354
0.002897090639773454
0.002897087388385819
0.002897082524462644
0.002897075012199266
0.0028970631810883063
0.002897044181571905
0.002897015183145629
0.002896971528422852
0.0028969351029952163
0.002896905546845976
0.002896877018377247
0.002896839788068373
0.002896807802740785
0.002896783004419704
0.002896758550114923
0.002896732853444393
0.0028967029585434253
0.00289667468312269
0.002896652094170509
0.002896632285732607
0.002896611323708652
0.002896598700297261
0.002896586472728165
0.002896576258078531
0.002896567119622185
0.002896557693561977
0.002896546121842336
0.002896532856540919
0.002896524169908269
0.002896516450055028
0.002896508868031713
0.002896500814843675
0.0028964920128340893
0.00289648184351701
0.002896470336577044
0.0028964593781739944
0.002896458135462113
0.002896465106386969
0.002896476558772753
0.002896489622319117
0.0028965024841465787
0.002896506149836232
0.0028965062325424468
0.002896506384278337
0.00289650657741854
0.002896506778686739
0.002896506861874808
0.002896506983029256
0.002896507170856535
0.0028965074032135467
0.002896507633414866
0.00289650787247787
0.002896508142525705
0.002896508425677936
0.002896508776441272
0.002896509203079562
0.002896509676609429
0.002896510255369392
0.002896510947656406
0.0028965115684731063
0.002896512143992216
0.002896512732690482
0.002896513473230198
0.002896513933167135
0.002896514472084597
0.002896514946923078
0.002896515338246656
0.002896515699460857
0.002896516051338894
0.0028965164366052732
0.002896517045661717
0.002896517484295834
0.0028965178368450103
0.0028965181904474367
0.0028965185626878137
0.0028965190078312367
0.002896519547915834
0.002896520261438623
0.002896520798052099
0.002896521250007366
0.0028965216936364118
0.0028965221699366163
0.002896522724605636
0.002896523475359743
0.0028965240332715064
0.0028965245435369777
0.0028965250665601177
0.002896525638902145
0.0028965262931830043
0.002896527101691657
0.002896528152523262
0.002896529548729418
0.0028965308481939908
0.002896531976017088
0.002896532963333931
0.002896533065281794
0.002896533067642614
0.0028965330752429657
0.002896533100904403
0.002896533124346594
0.0028965331355779492
0.0028965331274021506
0.002896533097204322
0.002896533089913581
0.002896533070073341
0.002896533064243146
0.00289653305344961
0.002896533034716066
0.002896533007243033
0.002896532977580796
0.002896532958228563
0.002896532936825241
0.0028965329227536732
0.002896532898943465
0.002896532870682415
0.002896532834979319
0.0028965328122022697
0.0028965327807252803
0.002896532746705749
0.002896532702505593
0.002896532648868103
0.002896532576594015
0.002896532495467014
0.002896532446139314
0.002896532447513072
0.002896532481245526
0.002896532540597393
0.002896532611293232
0.0028965327029594617
0.00289653281964876
0.0028965329723604936
0.0028965330615296652
0.002896533145598979
0.0028965332127855892
0.0028965332766599638
0.002896533332322183
0.002896533389077987
0.002896533460236612
0.002896533582809762
0.002896533735470543
0.0028965338940038343
0.002896534057336607
0.0028965342364930136
0.002896534341910893
0.002896534424724334
0.0028965345058142456
0.0028965345657270282
0.002896534623333424
0.0028965347203816503
0.002896534830749931
0.002896534920540805
0.002896534934785213
0.0028965349353759777
0.0028965349382075317
0.002896534947078057
0.002896534950974748
0.002896534945164657
0.002896534933886693
0.00289653491372957
0.002896534885538227
0.002896534851304414
0.002896534740397225
0.002896534610468176
0.002896534468596406
0.002896534308054676
0.002896534171093413
0.002896534074709188
0.002896534007278144
0.0028965339484201993
0.0028965338761035332
0.002896533808672425
0.002896533723690519
0.0028965336394688977
0.0028965335474370303
0.002896533443057022
0.002896533326357806
0.002896533216292325
0.00289653312931815
0.002896533052810636
0.002896532969051735
0.002896532892056797
0.002896532808614704
0.00289653272551689
0.002896532638410815
0.0028965325356833413
0.002896532412944111
0.0028965322488077603
0.002896532074646056
0.0028965319394083228
0.002896531828737534
0.002896531728327634
0.002896531625082676
0.0028965315422025176
0.002896531443651359
0.002896531366708415
0.002896531301734008
0.002896531240396859
0.002896531180220754
0.0028965311146652867
0.0028965310215556058
0.0028965309386145732
0.002896530875580658
0.002896530814737004
0.002896530752754276
0.00289653068183204
0.002896530599478355
0.0028965304968575608
0.002896530366718374
0.002896530200809673
0.002896530012609732
0.00289652998806562
0.002896530173375946
0.002896530498751874
0.002896530934586447
0.002896531388996251
0.002896531479621125
0.0028965312492659177
0.00289652865074199
0.002896527180728296
0.002896522700263952
0.0028965201036756467
0.002896506589010315
0.0028965015153606228
0.0028964826686915033
0.0028964598977475288
0.002896425699606926
0.002896381892065859
0.0028963419341771
0.002896309954099403
0.002896280602913766
0.002896261837776708
0.002896243754718815
0.002896232310058111
0.002896218196523707
0.002896208309697599
0.002896200142904318
0.002896191007531859
0.002896178377656771
0.002896164067910414
0.002896155642540282
0.0028961522363614178
0.002896153411583054
0.002896159124884527
0.002896169572957632
0.002896185056487727
0.002896205595312683
0.002896231092546586
0.002896261311009267
0.002896295764076674
0.002896333698539612
0.002896374027306785
0.002896415379986268
0.002896456116434735
0.002896494465405466
0.00289652866785415
0.002896557210383513
0.002896578793628357
0.002896592981619499
0.002896599804682311
0.002896600122668634
0.002896595182147538
0.002896591863088447
0.0028965917267819957
0.0028965914494152823
0.002896591064259661
0.002896590920967398
0.002896590778687756
0.00289659063196649
0.002896590505205496
0.002896590353505177
0.002896590139220843
0.0028965899050303677
0.0028965896483598478
0.00289658937174759
0.002896589100141104
0.002896588786190639
0.002896588372005973
0.002896587802574031
0.002896587115851612
0.002896586309303139
0.00289658539406076
0.002896584353644906
0.002896583199629768
0.002896581897708717
0.002896580440651588
0.0028965787038501703
0.002896576595544666
0.002896573836907853
0.002896569716419287
0.002896562557490752
0.00289655372890904
0.002896545631068861
0.002896540257458508
0.00289654011988916
0.002896540111942204
0.002896540103203039
0.0028965401237036363
0.002896540171047249
0.002896540233017315
0.0028965402516726853
0.002896540284994339
0.002896540268242555
0.002896540162502956
0.002896540011914864
0.0028965398548342187
0.002896539718912361
0.002896539638153744
0.002896539596799169
0.002896539566175759
0.00289653951848588
0.002896539451886371
0.00289653942813129
0.002896539407811756
0.002896539378737172
0.0028965393508638467
0.0028965393245825653
0.002896539295525644
0.002896539266646395
0.00289653923610032
0.002896539217550662
0.00289653919822959
0.002896539181472597
0.00289653916557546
0.002896539147160088
0.002896539127161862
0.002896539107179474
0.002896539087490675
0.0028965390703737963
0.002896539054720007
0.002896539039011991
0.002896539020834749
0.002896538996324335
0.002896538977315753
0.002896538960593564
0.0028965389439473657
0.002896538926187202
0.00289653890767823
0.002896538892916317
0.002896538883576227
0.0028965388832054902
0.002896538892095087
0.0028965389051476232
0.002896538917463225
0.00289653892671892
0.0028965389258482762
0.002896538906448435
0.002896538852287416
0.002896538782379896
0.0028965387001552738
0.0028965386109650083
0.002896538518296419
0.002896538427989024
0.002896538348890937
0.0028965382819746994
0.002896538219198025
0.002896538158904145
0.002896538103820241
0.00289653804747405
0.0028965379844264213
0.002896537910154621
0.002896537821380362
0.002896537708010748
0.002896537553094018
0.0028965373943314722
0.002896537250514859
0.0028965370990998193
0.002896536961278195
0.0028965368406110074
0.002896536705307034
0.002896536553450793
0.002896536327384851
0.0028965360464121453
0.0028965357948842222
0.002896535587004045
0.002896535583920825
0.002896535588957033
0.002896535606300929
0.0028965356971970297
0.002896535878959662
0.0028965360341294123
0.00289653611173045
0.002896536176426203
0.002896536234225475
0.002896536220251879
0.00289653617599545
0.002896536131599421
0.0028965360912520154
0.0028965360268062962
0.002896535911773914
0.0028965357591879608
0.002896535578203364
0.002896535397592554
0.0028965352206376687
0.002896535050721008
0.002896534874320934
0.002896534690989498
0.002896534486979376
0.002896534244215862
0.002896533993997128
0.002896533827336159
0.002896533907673117
0.002896534620099594
0.002896537081859871
0.0028965418993600347
0.002896553233607362
0.002896564722647974
0.002896577381309455
0.002896595098926013
0.002896605300334594
0.002896605390893879
0.002896605567003403
0.00289660591305533
0.002896606310651913
0.002896606886952798
0.002896607777731315
0.002896607932874386
0.002896608533974534
0.002896609303908122
0.00289661029575497
0.0028966114256262043
0.002896612831391606
0.002896614073947132
0.002896615050700814
0.002896615922565021
0.002896616763548077
0.0028966174462664858
0.002896617971183099
0.002896618324946583
0.002896618570712087
0.002896618694274069
0.0028966186783235827
0.0028966185189784758
0.002896618220780849
0.002896617928884801
0.002896617378273781
0.002896616909276501
0.002896616394562293
0.002896615732975952
0.002896614963172236
0.0028966140085480868
0.002896612991595172
0.002896612248522829
0.002896611704020764
0.0028966112078473217
0.002896610542646929
0.002896610055733052
0.002896609674896631
0.002896609268385389
0.002896608739951585
0.002896607855664596
0.002896606876584487
0.002896605974519632
0.002896605101233061
0.002896604154914067
0.002896603429989414
0.002896602627766568
0.002896601967839725
0.002896601376507539
0.002896600780686967
0.002896600120298722
0.002896599170898824
0.002896598233005353
0.0028965974954077
0.002896596760884556
0.002896595975040906
0.002896595039944939
0.0028965938865914737
0.002896592314007197
0.0028965899939773798
0.002896586251994497
0.002896580659044903
0.00289657507059056
0.002896569579062269
0.0028965641838074097
0.002896558963295739
0.0028965541374555673
0.002896550661490521
0.0028965479537237508
0.002896545779828469
0.002896543849321264
0.002896543552855722
0.0028965435315849893
0.002896543465656949
0.002896543279482412
0.002896543059650937
0.002896542870773323
0.002896542832844423
0.002896542794933715
0.002896542804096586
0.002896542909614349
0.0028965430261074588
0.002896543109970635
0.002896543147885834
0.002896543145231863
0.0028965430863747642
0.002896543016483692
0.0028965429336806872
0.002896542839502457
0.0028965427182290108
0.002896542530722513
0.002896542377600447
0.002896542249512764
0.002896542076411328
0.002896541926969891
0.002896541799229051
0.002896541654890551
0.0028965414588839407
0.002896541147201341
0.002896540569068207
0.0028965398821622418
0.002896538934400077
0.0028965380641383233
0.002896537312306937
0.002896536663440855
0.002896536111224403
0.002896535760960799
0.0028965357598366
0.002896535755903162
0.002896535731588567
0.002896535680967775
0.002896535617228185
0.002896535596120566
0.0028965355631986388
0.0028965355503001978
0.0028965355346482133
0.002896535519814931
0.0028965355002063663
0.002896535518948236
0.0028965355556301
0.002896535607123561
0.0028965356609885243
0.002896535707049392
0.002896535744172807
0.002896535770038017
0.002896535786153036
0.002896535794455925
0.002896535796436305
0.0028965357923816672
0.002896535782561899
0.0028965357685942243
0.002896535757473078
0.002896535745363148
0.002896535735249914
0.002896535729937833
0.0028965357200646602
0.0028965357096469558
0.002896535695051736
0.002896535674707452
0.002896535636022527
0.002896535582710257
0.0028965355176013797
0.002896535436358094
0.0028965353631822312
0.002896535297186224
0.002896535240058895
0.0028965351913285363
0.002896535156738043
0.00289653515664027
0.002896535156091797
0.002896535151009177
0.002896535131136141
0.002896535093258561
0.0028965350740103248
0.002896535069157903
0.002896535054404624
0.002896535050190975
0.0028965350482992713
0.002896535041467876
0.002896535044103342
0.002896535056851965
0.0028965350852411587
0.002896535118024306
0.002896535141279419
0.002896535152700196
0.002896535165179924
0.002896535170176983
0.0028965351744514633
0.002896535178103374
0.002896535182880131
0.0028965351873766624
0.002896535183196596
0.002896535185380614
0.002896535186428214
0.002896535187317635
0.002896535187523958
0.002896535187460999
0.002896535183347268
0.0028965351761407482
0.0028965351637547363
0.0028965351501875074
0.002896535133869926
0.002896535112356859
0.002896535084096115
0.002896535035731796
0.002896534986536723
0.002896534958084698
0.002896534972333383
0.0028965350372765998
0.002896535109671609
0.002896535167193951
0.002896535204379901
0.002896535224065976
0.002896535231918585
0.002896535236719059
0.002896535241905336
0.002896535243157276
0.002896535244488544
0.002896535244401087
0.002896535244259819
0.002896535245005768
0.002896535244632896
0.002896535244026038
0.002896535243652221
0.002896535243434959
0.002896535243076764
0.002896535242795642
0.002896535242839312
0.002896535242087037
0.002896535241864454
0.00289653524119254
0.002896535240633246
0.002896535240349738
0.0028965352394887682
0.002896535238646086
0.002896535237277769
0.002896535235772202
0.002896535234725338
0.002896535233738099
0.002896535232967184
0.002896535231613957
0.002896535230371783
0.002896535229660122
0.002896535228733493
0.0028965352280363498
0.00289653522710928
0.002896535225987507
0.002896535224520665
0.002896535223651351
0.002896535222752674
0.002896535221386267
0.0028965352201547278
0.002896535218715876
0.0028965352166577473
0.00289653521379518
0.002896535209164797
0.002896535200484897
0.002896535190867763
0.002896535180789688
0.002896535169984584
0.002896535158518339
0.002896535146496334
0.002896535134275199
0.002896535122359086
0.002896535111313984
0.00289653510187126
0.002896535101380981
0.002896535102325791
0.002896535108223715
0.002896535125226159
0.002896535160139505
0.0028965351871513187
0.002896535209096788
0.00289653522150345
0.002896535229684469
0.002896535243834727
0.002896535244635463
0.002896535244029266
0.002896535227840817
0.002896535212047145
0.0028965351805544
0.002896535144262358
0.002896535107087937
0.0028965350839208277
0.0028965350708590287
0.002896535055726506
0.002896535048783975
0.002896535045438042
0.0028965350451590098
0.002896535046062522
0.002896535046260113
0.002896535046862151
0.0028965350472888508
0.002896535047674707
0.0028965350479129917
0.002896535048226114
0.0028965350483970732
0.0028965350486229668
0.002896535048905736
0.002896535049210116
0.002896535049472137
0.00289653504968761
0.002896535049855216
0.002896535049963031
0.002896535050044378
0.002896535050128783
0.002896535050256168
0.0028965350505946873
0.002896535051068101
0.00289653505176684
0.002896535052645827
0.002896535054441985
0.002896535057522786
0.002896535062846106
0.002896535071928429
0.00289653508801936
0.00289653511200352
0.002896535145051473
0.0028965351771543858
0.002896535207399113
0.0028965352341895133
0.002896535256943332
0.002896535263169209
0.002896535245166917
0.0028965352000704008
0.002896535142942032
0.002896535084060502
0.002896535027638356
0.0028965349807091997
0.0028965349454185877
0.002896534928623441
0.002896534917261794
0.002896534914504354
0.0028965349156068643
0.002896534918081809
0.002896534920989171
0.0028965349240790642
0.002896534927531455
0.002896534931652981
0.00289653493478719
0.00289653493734608
0.002896534941678117
0.002896534945700413
0.002896534949723173
0.002896534954602546
0.00289653496028533
0.002896534967712185
0.002896534978619446
0.002896534993982197
0.00289653500933601
0.002896535024208591
0.002896535038416525
0.0028965350517284427
0.002896535063641038
0.002896535073368821
0.002896535073600465
0.002896535075580931
0.002896535092547415
0.002896535125251375
0.00289653516657579
0.002896535215233185
0.002896535232421863
0.0028965352550477243
0.0028965352650335598
0.002896535265249744
0.0028965352804967226
0.002896535247729454
0.002896535168054625
0.002896535062418285
0.002896534959724593
0.00289653488891718
0.0028965348713411816
0.002896534874790849
0.0028965348969174068
0.002896534930703494
0.0028965349641322954
0.002896534986413934
0.002896535004429925
0.002896535023049952
0.0028965350406598843
0.002896535058178803
0.0028965350701863272
0.002896535077047105
0.002896535083050192
0.002896535087853585
0.002896535092735209
0.002896535097011826
0.002896535099300566
0.002896535104575708
0.002896535107656383
0.002896535111762466
0.0028965351166213267
0.002896535119103208
0.002896535121256115
0.002896535123101344
0.0028965351254120818
0.002896535126701413
0.0028965351280186608
0.002896535128748281
0.002896535129891445
0.0028965351302025297
0.002896535131212024
0.002896535132338996
0.0028965351329651038
0.002896535133450865
0.002896535134439951
0.002896535134751427
0.002896535135743787
0.0028965351361366007
0.002896535137557932
0.0028965351389909
0.0028965351411046393
0.002896535143816722
0.002896535146081034
0.002896535148121063
0.0028965351503146977
0.0028965351519411424
0.002896535154104433
0.00289653515523559
0.002896535156171406
0.002896535154739087
0.002896535152646095
0.0028965351476350817
0.00289653514030111
0.0028965351285611647
0.00289653511405906
0.002896535102320979
0.0028965350950136133
0.002896535090290195
0.002896535088457532
0.002896535087104476
0.002896535087118601
0.002896535087542057
0.002896535088242144
0.002896535089167481
0.0028965350897576197
0.002896535090205571
0.0028965350908117943
0.0028965350917277847
0.002896535092538731
0.002896535093169424
0.002896535093597137
0.002896535093824106
0.0028965350938610543
0.002896535093583748
0.0028965350907110632
0.002896535068694641
0.002896535032117554
0.00289653499675442
0.002896534980567162
0.0028965349747313604
0.0028965349687206368
0.002896534962947463
0.0028965349714053347
0.00289653499021851
0.002896535043691699
0.002896535096015039
0.002896535137646721
0.002896535154890724
0.002896535157389445
0.002896535148851777
0.00289653513892291
0.0028965351315383032
0.002896535127668666
0.002896535125848869
0.002896535124348454
0.0028965351224392
0.0028965351196572897
0.002896535116988491
0.002896535114891018
0.002896535113140799
0.002896535111508487
0.0028965351098758094
0.002896535108264135
0.002896535107270706
0.00289653510642546
0.0028965351058662173
0.002896535105228186
0.002896535104607917
0.002896535104183334
0.0028965351037833673
0.0028965351033726806
0.002896535102903339
0.0028965351024683858
0.002896535102116658
0.00289653510181231
0.002896535101442017
0.0028965351012864176
0.0028965351010157418
0.002896535100826676
0.002896535100674809
0.002896535100486724
0.0028965351002822
0.0028965351000677197
0.002896535099876611
0.0028965350996804856
0.002896535099501865
0.002896535099288896
0.0028965350990554383
0.002896535098755095
0.0028965350983751648
0.0028965350978311763
0.00289653509698447
0.002896535096110458
0.002896535095327244
0.002896535094621713
0.002896535093991857
0.0028965350934354608
0.002896535093088627
0.002896535092441589
0.0028965350887846133
0.002896535080804904
0.002896535072871132
0.002896535071275002
0.002896535070882502
0.002896535073113069
0.002896535080356541
0.002896535090006863
0.00289653509795403
0.0028965351032686493
0.002896535106510566
0.002896535108403204
0.002896535109219767
0.0028965351094722208
0.002896535107749888
0.002896535106299317
0.002896535104981475
0.002896535102319894
0.002896535099646512
0.002896535096165485
0.0028965350938475287
0.002896535092233623
0.002896535091800563
0.0028965350913727978
0.002896535089692095
0.002896535090102852
0.002896535089836688
0.0028965350892817513
0.002896535088427835
0.002896535086741149
0.002896535084879034
0.002896535083230158
0.002896535082410216
0.002896535082252999
0.0028965350846861314
0.002896535090316506
0.002896535096268699
0.002896535100121478
0.002896535102853013
0.002896535104911896
0.0028965351062259226
0.002896535107502477
0.002896535107877691
0.0028965351077437098
0.002896535107581659
0.002896535107569986
0.0028965351071918643
0.002896535106687301
0.0028965351059878418
0.0028965351048859792
0.0028965351036312173
0.002896535102309063
0.002896535100873782
0.0028965350992861127
0.002896535097666032
0.0028965350961119574
0.002896535094695242
0.002896535093469791
0.002896535093425283
0.002896535093665533
0.0028965350958756
0.002896535105859618
0.002896535128440895
0.002896535180714674
0.0028965352428382478
0.0028965352724262703
0.002896535289037907
0.002896535313213209
0.002896535320648781
0.0028965353317525573
0.002896535352104328
0.002896535365234988
0.002896535371112854
0.002896535349876511
0.002896535333957113
0.002896535307059318
0.002896535280686596
0.002896535267272083
0.002896535247561769
0.0028965352371464323
0.002896535224500514
0.002896535217609517
0.00289653520884944
0.002896535203146384
0.0028965351932403447
0.002896535190640405
0.002896535179284241
0.002896535166793761
0.002896535161171956
0.0028965351480284424
0.0028965351432468324
0.002896535114532284
0.002896535102136724
0.002896535069888234
0.002896535043786592
0.002896535028090615
0.00289653501285942
0.002896534996918661
0.002896534986743473
0.002896534980298618
0.002896534966714456
0.002896534958969446
0.002896534952401628
0.002896534946732105
0.002896534942055289
0.0028965349370803583
0.0028965349319081297
0.002896534927568105
0.002896534923166087
0.002896534919748286
0.002896534916113604
0.002896534914107036
0.002896534910909789
0.0028965349073159317
0.002896534904485892
0.002896534901592683
0.0028965348987837793
0.002896534897585366
0.00289653490050195
0.002896534906835674
0.002896534914258197
0.002896534922929159
0.0028965349326121803
0.00289653494348372
0.002896534955425397
0.002896534968486702
0.00289653498077138
0.0028965349917231963
0.002896535001791214
0.002896535011671485
0.002896535023498301
0.002896535034061992
0.002896535040800628
0.0028965350464527626
0.002896535051867479
0.0028965350572919863
0.0028965350630648563
0.002896535070359556
0.002896535077163774
0.002896535078681309
0.002896535078495171
0.0028965350765368376
0.0028965350534065743
0.002896534988236234
0.002896534873811593
0.002896534715616652
0.002896534548311273
0.002896534481147995
0.0028965344423876453
0.0028965344379697864
0.00289653440432472
0.0028965344107887607
0.002896534419417207
0.002896534472176417
0.002896534540582986
0.002896534622543224
0.00289653471033865
0.002896534782071896
0.0028965348687516527
0.0028965349341082067
0.002896534987532684
0.002896535024170383
0.002896535056280864
0.002896535084321023
0.002896535106196036
0.0028965351382145
0.002896535153796691
0.0028965351824687506
0.0028965351929042347
0.002896535207535446
0.002896535218727217
0.0028965352265551848
0.002896535229536971
0.002896535227964681
0.0028965352197656237
0.002896535204319471
0.002896535179487491
0.0028965351549361776
0.002896535118524371
0.00289653508192382
0.0028965350364409622
0.002896534992085849
0.002896534979770117
0.0028965350081526847
0.0028965350796654713
0.0028965351666549333
0.002896535257370809
0.002896535328632747
0.002896535368107331
0.002896535389799217
0.0028965354016352303
0.002896535406939501
0.0028965354101757527
0.002896535412495617
0.002896535414881575
0.002896535411051729
0.002896535414896454
0.0028965354161459497
0.00289653541472305
0.0028965354155355352
0.002896535415414013
0.0028965354155785087
0.002896535415004977
0.00289653541392436
0.002896535412646208
0.002896535410776497
0.002896535408938236
0.0028965354074039387
0.0028965354061138942
0.002896535403524267
0.002896535400213799
0.002896535394271122
0.002896535383026438
0.002896535370046385
0.002896535356316168
0.002896535341313592
0.0028965353248495912
0.00289653530668929
0.002896535286697124
0.0028965352650620092
0.0028965352418979288
0.002896535217594062
0.0028965351931215383
0.0028965351684056818
0.002896535145032673
0.002896535125060322
0.0028965351158201074
0.002896535118069549
0.002896535128213364
0.00289653515359096
0.002896535164067944
0.002896535172129408
0.002896535172978174
0.002896535171258095
0.002896535167945006
0.00289653514777971
0.002896535132588642
0.00289653511618026
0.002896535101196363
0.002896535091973182
0.002896535088568316
0.00289653508769991
0.0028965350879056368
0.002896535088316143
0.0028965350881143192
0.002896535087960355
0.0028965350876916708
0.00289653508746317
0.0028965350869408673
0.002896535086559738
0.002896535086817175
0.002896535085785382
0.002896535085631096
0.0028965350854323153
0.002896535085198154
0.00289653508499966
0.002896535084812222
0.002896535084498744
0.002896535084349188
0.002896535084107542
0.002896535083912286
0.00289653508360018
0.002896535083268657
0.002896535082936185
0.0028965350827201233
0.0028965350824517607
0.0028965350822155343
0.0028965350821135503
0.002896535081811221
0.002896535081693855
0.002896535081603896
0.002896535081416724
0.002896535081252613
0.002896535081136479
0.002896535080940563
0.002896535080805163
0.002896535080704717
0.002896535080534971
0.0028965350803910853
0.002896535080257993
0.002896535080061053
0.0028965350799172018
0.00289653507986149
0.002896535080259731
0.002896535081120439
0.0028965350822515792
0.002896535083455912
0.002896535084524837
0.002896535085302533
0.002896535085306923
0.002896535084995437
0.002896535084376689
0.0028965350803183544
0.002896535066483762
0.002896535032515891
0.002896535003597982
0.0028965349869002
0.002896534981407229
0.0028965349795258928
0.002896534976263005
0.0028965349837494943
0.002896535000801932
0.0028965350200344936
0.002896535037532248
0.002896535050829525
0.002896535067057363
0.002896535085934797
0.002896535100599835
0.002896535110087656
0.002896535119144897
0.002896535125670934
0.002896535133938992
0.002896535138814714
0.002896535143436816
0.002896535144171526
0.002896535143721959
0.002896535142217081
0.0028965351402634306
0.002896535138027257
0.002896535136009299
0.002896535134745789
0.002896535133550466
0.002896535132412475
0.002896535131232451
0.002896535129901235
0.002896535128184957
0.00289653512549498
0.002896535120802382
0.002896535112393022
0.002896535104224509
0.0028965350965056472
0.002896535089830566
0.002896535085541429
0.002896535085700883
0.002896535086902533
0.0028965350952993288
0.002896535109214202
0.0028965351202995993
0.0028965351343070342
0.002896535145933132
0.002896535159521522
0.002896535185300855
0.002896535212618308
0.00289653523422123
0.002896535243825845
0.0028965352352265644
0.0028965352021924733
0.002896535150945354
0.0028965351015860404
0.002896535060523034
0.002896535030941273
0.002896535017621924
0.002896535012088217
0.0028965350127046503
0.002896535014495585
0.002896535016666029
0.002896535018311498
0.002896535019229141
0.002896535020188391
0.00289653502103273
0.0028965350219820178
0.002896535022599938
0.002896535023190333
0.002896535023670674
0.002896535024059892
0.002896535024402833
0.002896535024722457
0.002896535025051328
0.002896535025452885
0.002896535025859393
0.002896535026306203
0.002896535026779742
0.00289653502725644
0.0028965350279347548
0.00289653502870697
0.002896535029854933
0.00289653503083596
0.002896535031821975
0.002896535032633602
0.002896535033227534
0.002896535033800572
0.002896535033630302
0.002896535032934239
0.00289653503142693
0.002896535029502904
0.0028965350267157533
0.0028965350235756982
0.002896535019669869
0.0028965350164677126
0.0028965350149359297
0.002896535014879868
0.0028965350161348252
0.002896535018105021
0.002896535021176065
0.002896535025353352
0.002896535031068591
0.002896535039080688
0.002896535048677197
0.002896535057441776
0.002896535065092625
0.002896535071468857
0.0028965350763804484
0.002896535076046839
0.0028965350732017003
0.002896535050553871
0.002896535017109052
0.002896534980595475
0.0028965349412005473
0.002896534908816061
0.002896534903810938
0.00289653488791693
0.002896534889322869
0.0028965349035779816
0.002896534936340426
0.0028965349827333397
0.002896535023183304
0.00289653505666293
0.00289653508659123
0.00289653511096411
0.002896535126534202
0.002896535139174225
0.002896535149429781
0.002896535156622272
0.002896535158787111
0.002896535156160943
0.0028965351487495747
0.002896535142395543
0.002896535136920697
0.002896535133594662
0.002896535131679311
0.002896535131390566
0.002896535131787214
0.002896535132620744
0.002896535133694789
0.002896535134689042
0.002896535135874794
0.002896535137189706
0.002896535138812105
0.0028965351404121927
0.0028965351394329053
0.002896535132154853
0.002896535120328298
0.002896535106553201
0.002896535093496318
0.0028965350831145387
0.002896535080941832
0.00289653508115809
0.0028965350828504027
0.002896535093840632
0.002896535113775168
0.002896535138674997
0.002896535168545246
0.002896535198140648
0.002896535222062014
0.002896535228553184
0.0028965352385791447
0.002896535253806585
0.0028965352769527437
0.002896535304259776
0.0028965353671062772
0.0028965354565425286
0.002896535577718241
0.0028965356839635737
0.002896535773483965
0.0028965358369214557
0.002896535851785723
0.002896535808794157
0.002896535700032793
0.002896535556326784
0.002896535378540727
0.002896535202407433
0.002896535056264602
0.002896534959214962
0.002896534878662219
0.002896534828674918
0.0028965347901622053
0.002896534770001906
0.002896534759155287
0.0028965347508898187
0.0028965347439051043
0.002896534739067873
0.0028965347353673843
0.002896534733810364
0.0028965347324861777
0.002896534731451212
0.00289653473107797
0.002896534730545928
0.002896534730374105
0.0028965347304213333
0.00289653473075268
0.002896534731850503
0.002896534733206425
0.002896534734942485
0.002896534736549775
0.002896534738237158
0.002896534739715812
0.002896534742577346
0.002896534744482099
0.002896534746369381
0.002896534746704928
0.002896534748841809
0.002896534750223197
0.0028965347520866686
0.002896534754057881
0.002896534755943293
0.002896534757708993
0.0028965347597005252
0.002896534761805956
0.002896534764519601
0.0028965347677633313
0.002896534772345376
0.002896534779035453
0.002896534790094634
0.0028965348094561237
0.002896534829678088
0.002896534850332457
0.002896534872538048
0.002896534888423404
0.002896534904223877
0.0028965349212572277
0.002896534943920605
0.002896534970289085
0.002896534996140265
0.00289653502044517
0.002896535042549041
0.00289653506196376
0.002896535064180926
0.002896535064636305
0.002896535068037196
0.0028965350835824712
0.002896535097398009
0.00289653511599581
0.0028965351272318522
0.002896535140171693
0.002896535162215532
0.002896535157856915
0.002896535147407198
0.002896535118050724
0.002896535081913906
0.0028965350552553953
0.002896535038485796
0.002896535029638385
0.002896535023525547
0.002896535025098363
0.002896535029718189
0.002896535034015593
0.00289653503770676
0.002896535041417635
0.002896535045826108
0.002896535051671382
0.002896535060577558
0.002896535073715361
0.002896535091918076
0.0028965351067602413
0.0028965351071398777
0.002896535104270069
0.00289653508093744
0.0028965349345534746
0.002896534703929777
0.002896534523155887
0.002896534479586824
0.002896534455591838
0.002896534441558094
0.002896534558427626
0.002896534755994335
0.002896534973415144
0.002896535150492824
0.002896535267705407
0.002896535342338408
0.002896535381450789
0.002896535398977948
0.002896535397540794
0.0028965353931596437
0.002896535383999258
0.0028965353734985992
0.002896535358749354
0.002896535336855435
0.002896535310719492
0.002896535280870353
0.002896535247060722
0.002896535204602026
0.00289653518013135
0.00289653516395695
0.002896535150675679
0.002896535141525353
0.002896535132779605
0.002896535119379206
0.002896535119311639
0.002896535119406617
0.002896535119643391
0.002896535120601378
0.002896535125866855
0.002896535142418087
0.00289653515683171
0.0028965351736632452
0.002896535195083904
0.002896535214190845
0.002896535228753642
0.002896535210815339
0.002896535169485407
0.002896535121876314
0.0028965350796971313
0.002896535062144396
0.002896535064022209
0.0028965350688594533
0.002896535074819538
0.002896535076736131
0.002896535077451396
0.002896535077099159
0.002896535076621495
0.002896535076011586
0.002896535075134266
0.002896535074028888
0.002896535073060417
0.002896535072325476
0.0028965350718561707
0.0028965350716771143
0.002896535071944987
0.0028965350726104537
0.002896535073612986
0.00289653507486268
0.002896535076362462
0.002896535078143444
0.0028965350799509933
0.002896535081723253
0.002896535083693994
0.002896535086648498
0.002896535088472722
0.002896535089955911
0.002896535091384935
0.002896535092810361
0.002896535094225143
0.0028965350955522493
0.002896535095574924
0.0028965350958246603
0.002896535099662157
0.002896535109438969
0.002896535125650082
0.002896535154659911
0.0028965352144807587
0.002896535252909764
0.002896535311424143
0.002896535336235241
0.002896535378063587
0.002896535455735318
0.002896535553627202
0.0028965356362297247
0.002896535694406453
0.002896535680889507
0.002896535605619865
0.00289653545369471
0.002896535294940245
0.002896535141799328
0.0028965350302742198
0.0028965349467697
0.002896534900560811
0.002896534878880148
0.002896534871334856
0.002896534867640634
0.00289653486226344
0.002896534855504439
0.002896534843597522
0.002896534827219631
0.002896534805830122
0.002896534773970387
0.002896534732223502
0.0028965347050189257
0.00289653470762198
0.002896534744008889
0.002896534807976791
0.002896534859829674
0.0028965349017734637
0.0028965349348178283
0.002896534962603507
0.002896534982260499
0.0028965349941135923
0.002896535000941983
0.0028965350054959526
0.002896535008139016
0.00289653501073353
0.002896535013475974
0.002896535016758638
0.002896535020597261
0.0028965350255
0.002896535032086479
0.002896535039305174
0.002896535047165776
0.0028965350558363538
0.002896535065860816
0.0028965350756461
0.002896535083497837
0.002896535091620591
0.002896535099886276
0.0028965351097246087
0.002896535118939033
0.002896535119452672
0.002896535111125648
0.002896535098884797
0.002896535087246737
0.002896535079275033
0.002896535078273104
0.002896535078142328
0.002896535076831529
0.002896535062813502
0.002896535034037315
0.002896534993190209
0.0028965349485411958
0.002896534924042043
0.002896534925156052
0.0028965349318315443
0.0028965349305776593
0.002896534929858525
0.002896534960040911
0.002896534980289767
0.002896535015220753
0.0028965350389182814
0.002896535065126394
0.00289653507831029
0.002896535092859859
0.002896535096191993
0.002896535106859088
0.002896535120306363
0.002896535137126156
0.002896535143532195
0.002896535145005003
0.0028965351408987094
0.002896535134694742
0.0028965351271062513
0.002896535116677117
0.002896535108760561
0.002896535102860652
0.002896535097005429
0.002896535091107152
0.0028965350843875083
0.002896535076666959
0.00289653506975772
0.002896535065063914
0.002896535061131744
0.002896535056756108
0.002896535051669146
0.002896535048280821
0.002896535045079871
0.002896535041764399
0.002896535037988604
0.0028965350348287037
0.002896535032260822
0.002896535029928376
0.002896535028308942
0.0028965350265997168
0.002896535025381895
0.002896535024477679
0.002896535023634489
0.002896535022847689
0.0028965350218251792
0.002896535021372007
0.002896535021152483
0.002896535021125573
0.002896535021277882
0.002896535021772742
0.002896535022838547
0.002896535025212125
0.002896535030726558
0.002896535038343419
0.0028965350459990674
0.002896535055262091
0.002896535066025862
0.0028965350745629613
0.002896535082645859
0.002896535092805515
0.002896535102716023
0.002896535104478491
0.002896535104473096
0.002896535104199232
0.00289653509948577
0.0028965350845162807
0.002896535060320441
0.002896535029461933
0.002896535010641583
0.002896535002185461
0.002896535004825926
0.002896534994305089
0.002896534987333237
0.002896534982731397
0.0028965349877270096
0.00289653496018296
0.002896534959477607
0.002896534966875797
0.00289653498520666
0.0028965350083991833
0.0028965350423957883
0.002896535080897917
0.002896535110835922
0.002896535132424268
0.002896535148468867
0.002896535160235054
0.002896535172257869
0.002896535181788892
0.002896535190841116
0.002896535197049624
0.002896535203144638
0.00289653520779698
0.0028965352127241534
0.0028965352160459502
0.00289653521865804
0.0028965352211924368
0.002896535222579263
0.0028965352235994467
0.002896535224154081
0.0028965352251707033
0.002896535225437279
0.0028965352261754967
0.002896535226588412
0.002896535227581804
0.002896535227602251
0.002896535228935251
0.0028965352283953608
0.002896535228998101
0.002896535228706842
0.002896535228986919
0.002896535228666704
0.0028965352288164168
0.002896535228593863
0.00289653522899385
0.002896535229594563
0.002896535229802494
0.0028965352308439
0.002896535232793908
0.002896535236810847
0.002896535244044585
0.002896535253981695
0.0028965352681400852
0.0028965352885941447
0.002896535311426258
0.002896535334107463
0.002896535354763317
0.002896535371808685
0.002896535380681985
0.002896535371562107
0.0028965353378547867
0.002896535292094192
0.00289653524039359
0.002896535189974171
0.002896535144589932
0.002896535108041598
0.002896535086997172
0.002896535072247981
0.0028965350672646127
0.002896535066708969
0.002896535067785677
0.002896535069404103
0.002896535070801922
0.002896535072228229
0.0028965350737749887
0.0028965350757337188
0.002896535078458008
0.002896535082575625
0.002896535086789808
0.002896535090893626
0.002896535094748814
0.0028965350981651154
0.002896535100996125
0.002896535102723765
0.002896535103585654
0.002896535104099771
0.002896535104103879
0.00289653510563045
0.00289653511219539
0.0028965351124136084
0.002896535122281944
0.002896535126288082
0.002896535124751481
0.002896535120654868
0.002896535110687842
0.002896535077948196
0.002896535060926299
0.002896535056273471
0.0028965350632788878
0.002896535077824141
0.002896535094596692
0.002896535108298421
0.002896535119917405
0.002896535126872413
0.002896535130227279
0.00289653513138319
0.0028965351312547063
0.0028965351303142477
0.002896535128782161
0.002896535127035797
0.002896535125229355
0.002896535123224917
0.0028965351210034473
0.002896535118414484
0.002896535115189587
0.002896535111478433
0.0028965351091695983
0.002896535108169515
0.002896535106654795
0.002896535105320397
0.002896535103779383
0.002896535102121462
0.002896535101808555
0.002896535100936991
0.0028965350959204283
0.002896535087574044
0.002896535078355323
0.002896535070785617
0.002896535064406485
0.0028965350605693087
0.002896535059613181
0.002896535064089107
0.0028965350709797243
0.0028965350789913378
0.002896535089821321
0.002896535104655892
0.002896535115663756
0.002896535125291921
0.002896535133245397
0.002896535139194295
0.00289653514432372
0.002896535148373014
0.002896535151572086
0.0028965351541009243
0.002896535155627186
0.002896535157482098
0.002896535157708412
0.002896535158645876
0.002896535159045565
0.002896535159534719
0.002896535160786466
0.002896535160884331
0.002896535161249139
0.00289653516202971
0.002896535162246767
0.002896535162993296
0.002896535164263129
0.002896535165596407
0.00289653516689676
0.002896535167852071
0.002896535168677832
0.0028965351689548328
0.002896535168095005
0.002896535166294394
0.002896535162995632
0.002896535158875582
0.002896535152509547
0.00289653514423807
0.0028965351333200217
0.00289653512204954
0.0028965351146040953
0.002896535109445155
0.00289653510708574
0.002896535104977468
0.0028965351041540517
0.002896535103571825
0.002896535103000707
0.002896535102198914
0.002896535101387391
0.0028965351007477704
0.002896535100125607
0.002896535099259894
0.002896535098233076
0.002896535097128115
0.002896535096152886
0.0028965350958925513
0.002896535098960352
0.002896535119454622
0.002896535219270278
0.002896535337671508
0.0028965353674528737
0.002896535408221311
0.0028965353815324493
0.002896535286180549
0.002896535174329346
0.002896535083997867
0.002896535039389331
0.0028965350323069583
0.002896535037394474
0.0028965350351560313
0.002896535020125026
0.0028965349938060293
0.002896534968555564
0.0028965349477651178
0.002896534936472963
0.002896534933547378
0.002896534937756673
0.0028965349460823076
0.002896534957608151
0.002896534973053482
0.00289653499083142
0.002896535006832172
0.002896535021420538
0.0028965350346883923
0.002896535046898299
0.002896535058006699
0.002896535068080258
0.002896535076997468
0.002896535084638149
0.002896535090944492
0.0028965350938951477
0.002896535091272853
0.002896535071381336
0.002896534953970288
0.002896534813733352
0.002896534719355096
0.0028965346808078694
0.002896534666255492
0.002896534650494473
0.002896534655483107
0.002896534664132507
0.002896534728710012
0.002896534878666621
0.002896535026941891
0.002896535134397148
0.002896535207770393
0.002896535249787962
0.002896535263417473
0.0028965352629088128
0.00289653526067995
0.002896535257866834
0.002896535255586314
0.002896535253030721
0.002896535251322688
0.0028965352500731974
0.002896535249094262
0.0028965352483034017
0.002896535247555125
0.002896535246600394
0.002896535245619357
0.002896535244861827
0.002896535244103074
0.0028965352435438747
0.002896535242261242
0.002896535240933927
0.0028965352391658707
0.002896535237922702
0.002896535236829383
0.002896535235933665
0.002896535235068241
0.002896535233971315
0.002896535233445418
0.002896535232571914
0.0028965352319485073
0.0028965352313684127
0.002896535230766781
0.002896535230092942
0.0028965352292193917
0.0028965352282011893
0.0028965352274735907
0.002896535226746476
0.0028965352259659
0.002896535225153528
0.002896535223909186
0.0028965352223628
0.002896535220184141
0.002896535216535608
0.002896535209660492
0.002896535200678119
0.002896535190737212
0.002896535178766027
0.002896535168330495
0.002896535155049239
0.002896535147141686
0.00289653514091123
0.002896535134003624
0.002896535126593321
0.002896535116022548
0.0028965351075250986
0.002896535106778374
0.002896535101014038
0.0028965350626518377
0.002896535012082715
0.002896534969408138
0.002896534953173864
0.002896534942077662
0.002896534930461482
0.002896534949187348
0.002896534989628901
0.002896535038332682
0.00289653508592536
0.00289653512333765
0.0028965351442958092
0.0028965351576898182
0.002896535164377701
0.0028965351700136893
0.002896535178980871
0.002896535183360624
0.0028965351875732378
0.002896535190503705
0.002896535193835547
0.0028965351962263962
0.00289653519800026
0.002896535199761917
0.002896535200581471
0.00289653520219559
0.002896535203275001
0.002896535204348838
0.002896535204535518
0.002896535204958674
0.0028965352048288093
0.002896535204971116
0.002896535203705163
0.002896535201940862
0.002896535199006635
0.002896535196008927
0.0028965351931654654
0.002896535190330412
0.002896535187814635
0.002896535189351799
0.0028965351930767278
0.002896535195898022
0.002896535201394187
0.002896535204621121
0.002896535208992157
0.002896535212203078
0.002896535215180386
0.00289653521602238
0.002896535217021465
0.002896535217269083
0.002896535217260686
0.0028965352166853957
0.002896535216104016
0.002896535215128163
0.002896535214093303
0.002896535212528746
0.002896535210774215
0.002896535207710038
0.002896535203382662
0.00289653519837888
0.002896535192816664
0.00289653518676046
0.00289653517984791
0.002896535173019798
0.002896535166703126
0.002896535160331318
0.0028965351522812093
0.002896535144838787
0.002896535139492162
0.002896535134410596
0.002896535129065374
0.002896535124325373
0.002896535119644695
0.002896535114530497
0.002896535108637895
0.002896535104990724
0.0028965351019133332
0.002896535099619305
0.002896535097480355
0.002896535097546566
0.002896535098301241
0.002896535106017388
0.00289653511913517
0.00289653515008261
0.0028965351903456637
0.0028965351988668358
0.002896535220044759
0.002896535232429476
0.002896535251810469
0.002896535254493564
0.0028965352471432898
0.002896535239537715
0.002896535214043467
0.00289653517863105
0.002896535146761752
0.002896535121627306
0.0028965351099930303
0.002896535089041044
0.0028965350764500217
0.002896535067279522
0.002896535062073025
0.002896535059942736
0.002896535055325153
0.002896535053224657
0.002896535051345106
0.002896535048955729
0.002896535047949427
0.002896535046091602
0.002896535045187586
0.002896535046199965
0.002896535044901668
0.002896535046395078
0.002896535047567436
0.002896535049325401
0.002896535051056168
0.002896535055557116
0.0028965350574429484
0.00289653506054102
0.0028965350635630858
0.00289653506684261
0.002896535070282846
0.002896535074871689
0.002896535078966989
0.002896535087256468
0.0028965350954199133
0.002896535102088917
0.002896535105726524
0.002896535114502689
0.002896535123154109
0.0028965351322464508
0.002896535141864762
0.002896535145810031
0.002896535131335511
0.002896535098398985
0.0028965350509102773
0.002896535005125216
0.002896534967404208
0.002896534940651061
0.00289653492699918
0.002896534918753604
0.002896534917468717
0.0028965349185271047
0.002896534920035511
0.0028965349218819988
0.002896534923889429
0.002896534927178928
0.002896534929958205
0.002896534932297684
0.00289653493488954
0.002896534937601418
0.00289653494099678
0.00289653494540928
0.002896534948857987
0.002896534951862886
0.00289653495445592
0.002896534956977756
0.002896534958825232
0.002896534960876123
0.002896534961113302
0.002896534960021132
0.002896534957824927
0.002896534954648457
0.002896534950739462
0.002896534946901654
0.0028965349454649412
0.002896534946111934
0.002896534949139609
0.0028965349540027276
0.0028965349603194083
0.002896534968393749
0.002896534978596406
0.002896534988118966
0.00289653499743537
0.002896535007479903
0.002896535019546652
0.002896535034630003
0.002896535050696158
0.002896535064587356
0.002896535070458488
0.0028965350718193317
0.002896535081681474
0.002896535141069269
0.002896535195170345
0.002896535253016763
0.002896535276120197
0.0028965353082585923
0.002896535318596836
0.0028965352735141167
0.002896535192862896
0.0028965351022124672
0.002896535015597235
0.002896534957126637
0.002896534934123628
0.002896534938639017
0.002896534956280999
0.0028965349745916557
0.002896534992064923
0.002896535008144577
0.0028965350228777323
0.002896535035446507
0.002896535045009681
0.00289653505290364
0.002896535059779993
0.002896535066063253
0.002896535071482337
0.0028965350763864948
0.002896535080634714
0.002896535084272661
0.002896535087493483
0.0028965350902419953
0.0028965350926368747
0.002896535094674186
0.0028965350963396372
0.0028965350974586948
0.002896535098159053
0.002896535098209211
0.0028965350985172274
0.002896535099005101
0.002896535095548808
0.002896535087074879
