0.002896784326212471
0.002896784325628174
0.002896784325809148
0.002896784326346616
0.002896784326480719
0.002896784354084013
0.002896784447472225
0.0028967846728618837
0.00289678483302718
0.002896785021515254
0.0028967852261190087
0.002896785430258083
0.002896785657817069
0.002896785945108749
0.002896786193007763
0.002896786647635908
0.0028967870118023907
0.002896787289419799
0.002896787502878534
0.0028967875905867827
0.002896787816500357
0.002896787966019626
0.002896788278389714
0.002896788503414923
0.002896788686498364
0.002896788772494038
0.00289678877774049
0.002896788711801604
0.002896788571177645
0.0028967884047625477
0.002896788234382411
0.002896788081572464
0.002896787943580185
0.002896787837818559
0.0028967877631468617
0.002896787705014234
0.002896787655424098
0.0028967876135247072
0.00289678756606752
0.002896787521903854
0.002896787467226882
0.002896787414443849
0.0028967873487531913
0.0028967872839416402
0.002896787228330806
0.002896787176420665
0.002896787123802485
0.002896787067730598
0.0028967870038866398
0.002896786924898764
0.00289678681067892
0.002896786693481965
0.0028967865686574897
0.002896786449258989
0.002896786329298256
0.00289678620195012
0.002896786060606736
0.002896785895463049
0.002896785689229665
0.002896785399379704
0.002896784842048276
0.002896784376987385
0.002896783911291077
0.0028967833771773076
0.002896782722362811
0.002896781760954731
0.002896780100246439
0.0028967781237800652
0.002896775965800159
0.002896773552761049
0.002896771067720176
0.002896767326540592
0.002896763029440095
0.002896751285402092
0.002896744929338228
0.002896737532755781
0.002896729067655518
0.0028967171337523617
0.002896704903230715
0.0028966760137003602
0.002896644313951929
0.002896607284097726
0.0028965636168731207
0.002896513071167053
0.002896462579621903
0.002896410272799159
0.0028963577242306906
0.002896310970813548
0.0028962860290277807
0.002896290069720654
0.002896327906167984
0.002896419833966317
0.0028965160525360172
0.002896603811629204
0.002896679692543357
0.0028967330729461633
0.0028967886658531083
0.0028968332913005463
0.00289687552758128
0.002896906611003806
0.0028969359144191587
0.002896957883467584
0.002896978635286048
0.002896994919244231
0.002897010318008539
0.002897022788561339
0.00289703461639838
0.002897044345361548
0.0028970536583772222
0.002897061246363376
0.002897068709363702
0.002897075488481858
0.002897081844862662
0.0028970893192905357
0.0028970963641753262
0.002897102876035952
0.0028971089980398723
0.002897114725913479
0.002897120130134893
0.0028971253062794037
0.002897130356274349
0.002897135410500829
0.002897140662431035
0.002897146470303414
0.002897153834375551
0.0028971612011507797
0.002897168863506081
0.00289717597199691
0.0028971831731601783
0.002897190944315862
0.0028971995706926243
0.002897209401518296
0.002897220874588588
0.002897234632649638
0.002897251670635525
0.0028972645493534053
0.002897273830069698
0.002897281854601347
0.002897289461403134
0.002897297486137563
0.0028973075646995406
0.0028973175327866147
0.002897327185855149
0.0028973367846402962
0.002897346921409651
0.002897358461949699
0.002897372245178174
0.002897384628956923
0.0028973971055791608
0.002897410726402756
0.002897426379333882
0.00289744613258945
0.002897471122869669
0.002897498278400741
0.002897526684001694
0.002897533381792218
0.0028975467569299393
0.002897556840550906
0.0028975642123508553
0.002897575014688312
0.002897582886576172
0.002897591524385362
0.0028976034075113067
0.0028976270891669193
0.0028976599236035937
0.002897701709776346
0.002897753785230353
0.002897816706533747
0.002897898545970458
0.00289797750444302
0.0028980570519729397
0.002898124096026539
0.002898184468188199
0.00289824295316891
0.002898302639911349
0.002898368234785319
0.002898451033289917
0.002898526748313577
0.0028986105442833157
0.002898686748428188
0.002898762215840742
0.002898842826389082
0.002898935395306427
0.002899042847621536
0.002899177182824755
0.0028993056795169653
0.002899398748320535
0.002899555276893174
0.002899755924272778
0.002899982027685564
0.002900174859243973
0.00290038242833152
0.002900546986639984
0.0029007045033076213
0.002900910740713045
0.0029011219726455587
0.002901388622790841
0.002901737532955688
0.002902202256285731
0.002902685637465087
0.0029030860282211603
0.002903406025713923
0.002903486427594682
0.002903487718959061
0.002903492336230882
0.002903515551399762
0.002903556415333887
0.0029035944667654312
0.0029036139730390723
0.002903634524644271
0.002903649920963689
0.0029036667910471887
0.0029036906241960542
0.002903719240999363
0.0029037464624330107
0.0029037647430773823
0.002903778884153171
0.00290378690130065
0.0029037968468949883
0.0029038011620856562
0.002903802971971163
0.0029037984871137
0.00290379315350197
0.002903782091060994
0.002903766229788883
0.0029037371325351413
0.002903701390664027
0.002903657938557347
0.002903610954094305
0.002903562273550805
0.00290347939458587
0.002903401921703507
0.002903297181206133
0.0029031796308082213
0.002903044937161361
0.002902884428992685
0.00290269080792017
0.002902450455687163
0.0029021404031355173
0.002901714848716284
0.002901091787100847
0.0029004255308316238
0.002900135786023339
0.002900135694056487
0.002900136257378277
0.002900143530647395
0.002900156031074315
0.002900166127042269
0.00290018013040728
0.002900186539823327
0.002900195951408934
0.002900208554747537
0.002900227288665435
0.002900244404704119
0.0029002592250843592
0.0029002717240057727
0.002900281548028639
0.002900286603560689
0.002900287428039499
0.002900282373320544
0.002900270777972684
0.002900252117211607
0.002900221094684535
0.002900177244439555
0.0029001231456210726
0.002900070795341987
0.002900021009866007
0.002899970644207096
0.002899914712299858
0.0028998579485187918
0.002899798376234487
0.002899748489970667
0.002899706369114132
0.002899668940891623
0.00289963443975613
0.0028996001203994777
0.002899561747264128
0.002899500747684009
0.002899453872016012
0.0028994157316872358
0.0028993770161760413
0.002899335673194415
0.00289928571386076
0.002899224250245891
0.002899148686116584
0.002899085687735886
0.002899020433632352
0.002898962358147194
0.002898906541184942
0.002898846944014796
0.002898776057404739
0.002898690175999383
0.002898605698026887
0.002898533782607886
0.0028984631165429138
0.002898388920738574
0.00289830469264979
0.0028982063590722858
0.002898083240193844
0.002897921514170612
0.002897706926515068
0.002897506832022642
0.002897326765079463
0.0028971716220682333
0.002897045635336318
0.00289697481815247
0.00289694016149572
0.002896939816565443
0.002896939095131231
0.002896937563554038
0.002896936326939607
0.002896934960343544
0.002896933466487905
0.0028969320797644416
0.002896931647917332
0.002896931114338587
0.00289693040215213
0.002896929467112691
0.002896928890169143
0.002896928415200301
0.0028969280249276958
0.002896927478018288
0.002896926895251042
0.00289692629551387
0.002896925536702211
0.002896924702593771
0.002896923739923017
0.002896922657448341
0.002896921421527577
0.002896919681461348
0.002896917762491138
0.002896916079919791
0.002896914390077099
0.002896912510244769
0.002896910299332505
0.0028969074673662163
0.002896903854630718
0.0028969011443303323
0.002896896295749369
0.002896890624023112
0.0028968842279802572
0.002896877251884034
0.002896869444823329
0.002896860575589173
0.00289685055426228
0.0028968393744044957
0.0028968270393730108
0.0028968135777583367
0.002896799129409999
0.00289678405978235
0.002896769155579294
0.002896760331781296
0.002896755925076659
0.002896754386314343
0.002896753850613408
0.002896753596705862
0.0028967533508194813
0.00289675332882056
0.002896753300975487
0.002896753271368709
0.002896753247656756
0.0028967532146187067
0.0028967531653183
0.002896753084541813
0.002896752986242249
0.002896752928392938
0.0028967528967064927
0.0028967528952218357
0.002896752920564551
0.00289675292874153
0.002896752930220371
0.002896752926998408
0.002896752808170444
0.002896752689294457
0.0028967524939861123
0.002896752310935197
0.002896752081604185
0.0028967519774719718
0.002896751900251709
0.0028967518923963802
0.002896751945973045
0.002896752000099223
0.0028967520952949037
0.00289675216379166
0.0028967522087799753
0.0028967522256055944
0.002896752220641327
0.002896752191134656
0.0028967521279672313
0.00289675202620186
0.002896751908462065
0.0028967517888566657
0.002896751659294426
0.002896751560949528
0.002896751504235379
0.002896751428625723
0.002896751381065743
0.0028967513345449533
0.002896751285852765
0.00289675122796778
0.002896751172899746
0.0028967511171394678
0.0028967510572868852
0.002896750992852116
0.002896750921585971
0.002896750839358625
0.002896750732870984
0.0028967506588111233
0.002896750590169321
0.002896750538161337
0.002896750497520121
0.002896750463590975
0.002896750434283737
0.0028967504074521983
0.002896750380398208
0.002896750341660137
0.002896750317436966
0.002896750299009127
0.002896750280931669
0.002896750262117258
0.002896750239701546
0.002896750212053023
0.0028967501746657307
0.002896750120646905
0.0028967500351768528
0.002896749881568675
0.0028967496132353957
0.002896749307228564
0.002896748971202926
0.002896748607191294
0.002896748223615424
0.0028967478265145203
0.0028967475197404532
0.002896747179586669
0.002896746946830706
0.0028967467543474933
0.0028967465280350197
0.0028967462064592
0.0028967459229048594
0.002896745696576685
0.0028967456309827782
0.0028967455621472897
0.002896745378924648
0.00289674514601697
0.0028967449464778216
0.0028967448083518934
0.002896744739088698
0.002896744762274156
0.002896744848843648
0.002896744925317528
0.0028967450504765323
0.002896745155126555
0.002896745272722377
0.002896745366396576
0.002896745424702998
0.002896745482452949
0.0028967454853502357
0.00289674548276076
0.002896745455145464
0.0028967454097111717
0.002896745359191267
0.0028967453126795177
0.002896745304233293
0.002896745300199215
0.0028967452932389098
0.002896745288395655
0.002896745285319492
0.00289674528273038
0.0028967452799840573
0.002896745277858938
0.002896745275734443
0.0028967452747130943
0.002896745273725044
0.0028967452728362888
0.002896745271687555
0.002896745271086326
0.002896745270132092
0.002896745268962335
0.002896745267457139
0.002896745265528397
0.002896745264210214
0.002896745263509854
0.00289674526337443
0.002896745263428801
0.0028967452625756752
0.002896745257769274
0.0028967452464505852
0.002896745227387104
0.0028967451997669027
0.002896745163058374
0.002896745116442559
0.002896745058686423
0.002896744988349334
0.00289674490404035
0.002896744803049091
0.002896744684051585
0.002896744544134683
0.002896744382036284
0.002896744194666108
0.002896744039163286
0.002896743916553228
0.002896743833648449
0.002896743735730123
0.00289674366648247
0.00289674359836793
0.002896743537567944
0.002896743463914262
0.002896743375402069
0.002896743271592239
0.002896743149153826
0.002896742985766389
0.002896742778636383
0.0028967426018600474
0.00289674243615533
0.002896742278580098
0.0028967421520696202
0.0028967421133513633
0.002896742130705347
0.002896742164702717
0.0028967421879342657
0.002896742198742591
0.002896742200901893
0.002896742196045154
0.0028967421833034153
0.002896742163807127
0.002896742139245287
0.00289674211529693
0.0028967420888653676
0.0028967420574888578
0.00289674198906773
0.0028967419141661508
0.002896741827258226
0.0028967417346177303
0.002896741635161799
0.002896741519351279
0.002896741373668864
0.002896741173478538
0.002896741102159848
0.00289674095014319
0.002896740674882714
0.002896740134783286
0.002896739300889584
0.0028967380307033178
0.002896735907315794
0.002896732267953834
0.002896726136192575
0.002896715772229318
0.002896698274909219
0.002896671258660099
0.002896643649027109
0.002896643397399158
0.002896672962914874
0.00289672755569502
0.002896827205393224
0.002896971648554075
0.002897048777661036
0.0028971229419559592
0.002897202100451157
0.002897286150092642
0.0028973935622638902
0.0028975004098365682
0.002897599600641003
0.002897693151892043
0.00289778660981239
0.0028978864451615666
0.002898002336527562
0.002898143421412663
0.0028983199978844507
0.0028985462548423158
0.0028988440445657008
0.002899186478487973
0.0028993876973540636
0.002899388943517823
0.002899392609712956
0.002899399056110494
0.002899411574876436
0.0028994300453025913
0.002899445379086706
0.00289946505471088
0.002899478486445714
0.0028994939219961213
0.0028995124472311258
0.002899541702921512
0.0028995735856575068
0.002899594321094076
0.002899617614545154
0.0028996344787519477
0.0028996480454372467
0.002899651832636094
0.002899648566573663
0.002899634352971085
0.002899617428894454
0.002899586919955034
0.002899556615436003
0.002899515881578526
0.002899457504438491
0.002899412783118842
0.00289935285422992
0.002899285535279485
0.002899211145013771
0.0028991901387884697
0.002899149642168425
0.002899111019378672
0.0028990698462745407
0.00289901546029668
0.002898965437711498
0.002898918071895432
0.002898865150791268
0.002898773175060278
0.002898673873866538
0.002898603329223186
0.0028985183968702343
0.002898444183108093
0.002898377073033768
0.002898294582435764
0.00289821554118297
0.002898144368089432
0.002898060121523193
0.002897996414045437
0.0028979323453818457
0.002897813773559954
0.002897680862009826
0.002897538978356737
0.002897391604429213
0.0028972640624762374
0.002897150542658115
0.002897054658518547
0.0028969991982443653
0.002896960986653786
0.00289692338200163
0.0028968974788348557
0.002896890142181188
0.002896889920021197
0.002896889467452203
0.0028968885586735803
0.002896887744147684
0.002896886753184336
0.002896886186578287
0.002896885932417272
0.002896885696647648
0.0028968855534970872
0.0028968854491688307
0.002896885244676807
0.00289688496905175
0.002896884448579049
0.002896883933784959
0.0028968833676416813
0.002896882756743958
0.00289688201132262
0.0028968813150470857
0.0028968805443585653
0.002896879657645196
0.00289687865366709
0.002896877677531282
0.0028968767097294792
0.002896875646877236
0.002896874760269231
0.002896873965552963
0.002896873156316876
0.0028968722322042758
0.002896870681559569
0.0028968694908949187
0.0028968684803529
0.002896867424067829
0.002896866262743236
0.002896864832868586
0.002896862910539247
0.002896860292938061
0.0028968560967099232
0.002896851945330449
0.00289684859873128
0.002896844962685484
0.0028968406454369638
0.002896837501089166
0.002896834288131184
0.002896830161569196
0.002896824472117679
0.002896814229129751
0.002896801822742328
0.00289678813962982
0.0028967758151138244
0.002896765912600182
0.002896758146267059
0.002896752299611395
0.0028967510481774277
0.002896751047764986
0.00289675103404721
0.002896750910863614
0.002896750682977351
0.002896750428462543
0.002896750323971923
0.002896750344721058
0.002896750340575377
0.002896750367409908
0.00289675036368003
0.0028967503863737798
0.002896750462405401
0.002896750578247487
0.00289675087607342
0.002896751196591868
0.002896751459367153
0.002896751651404801
0.002896751687461753
0.002896751657818257
0.002896751586542922
0.002896751423534627
0.002896751229341952
0.0028967510069077508
0.002896750768055185
0.0028967505179294203
0.002896750257961125
0.002896749971292613
0.0028967497927667933
0.002896749650007726
0.002896749495706476
0.002896749349938045
0.002896749225930203
0.002896749085424127
0.002896748912229566
0.002896748695405805
0.002896748602380149
0.002896748524886509
0.002896748471238296
0.002896748435030826
0.002896748406578719
0.0028967483797644297
0.002896748344578096
0.002896748303747125
0.002896748254352903
0.0028967482030819148
0.00289674814731273
0.0028967480847425847
0.002896748010104539
0.002896747924330777
0.0028967478714478382
0.002896747834564614
0.0028967478033171262
0.002896747765095497
0.002896747697423697
0.0028967476237451487
0.002896747550965514
0.002896747470643534
0.002896747381421159
0.0028967472732803912
0.0028967471527517144
0.0028967470399893663
0.002896746927617342
0.0028967468097389573
0.002896746682386986
0.002896746535548932
0.002896746368737658
0.002896746160214768
0.002896745920114888
0.00289674571884636
0.002896745554972852
0.002896745554698558
0.002896745554771019
0.002896745555100107
0.002896745556092977
0.0028967455572760288
0.002896745559006026
0.002896745561281956
0.002896745564374184
0.002896745570802902
0.002896745575405508
0.002896745576034185
0.00289674557634895
0.002896745579183573
0.002896745584511207
0.002896745617325822
0.002896745673624373
0.002896745753056096
0.002896745865831555
0.00289674604410597
0.0028967462893946623
0.002896746600582263
0.002896746988527215
0.002896747470740086
0.002896748092935734
0.0028967490602705343
0.002896750087622687
0.002896750894602015
0.002896751507911085
0.002896752168617164
0.00289675281859925
0.002896753372674839
0.002896753656532157
0.002896753731575571
0.002896753705346815
0.002896753595201169
0.00289675343805314
0.002896753302901255
0.0028967531629316297
0.002896753002655719
0.0028967527987416052
0.002896752516753414
0.002896752250015653
0.0028967519932103637
0.002896751726544173
0.0028967514438142327
0.002896751125073862
0.0028967507394839468
0.002896750180290719
0.002896749745085539
0.0028967492839476
0.002896748874292744
0.00289674850531668
0.002896748147631775
0.0028967477911968757
0.002896747415835701
0.002896746973385994
0.002896746565585919
0.0028967461372639237
0.0028967457775533603
0.002896745442489639
0.002896745103472493
0.002896744747477246
0.0028967443504012767
0.002896743910764787
0.002896743409368196
0.002896742845078002
0.002896742249533886
0.002896741817566971
0.00289674200280052
0.002896742633164154
0.002896743462341828
0.002896744282795792
0.002896744883961556
0.002896745310163562
0.002896745554874713
0.002896745637199826
0.0028967456025908466
0.002896745510118023
0.00289674541663448
0.002896745409328816
0.00289674539554664
0.0028967454013495344
0.002896745457121571
0.002896745579026775
0.00289674566703077
0.002896745771171508
0.002896745834007104
0.00289674590859697
0.002896746043179458
0.002896746181986309
0.00289674630258155
0.002896746384554237
0.0028967464130163633
0.0028967464160832243
0.0028967463996731613
0.0028967463675522607
0.002896746320810357
0.0028967462711815177
0.002896746214338408
0.002896746155251071
0.002896746091033013
0.0028967460229047197
0.0028967459500304662
0.002896745866691042
0.002896745787907603
0.0028967457147799198
0.002896745635348534
0.002896745559786348
0.0028967455059156723
0.0028967454549138727
0.002896745396562173
0.002896745327248701
0.002896745231692123
0.002896745158565911
0.0028967451342886323
0.002896745162813293
0.0028967452146421418
0.002896745261943248
0.002896745287680989
0.002896745295067154
0.002896745291292994
0.002896745272787343
0.002896745212960029
0.002896745092851979
0.0028967450468755608
0.002896744940619766
0.0028967448914141453
0.002896744841963099
0.0028967447750678213
0.002896744703685283
0.0028967446466527176
0.002896744605746175
0.002896744585537475
0.002896744586420265
0.002896744607265224
0.0028967446560500382
0.0028967447359988297
0.0028967448447877182
0.002896744964358632
0.00289674508633149
0.0028967452053758323
0.002896745313426297
0.002896745410640806
0.002896745489619224
0.002896745544751334
0.0028967455629645583
0.002896745508428712
0.002896745350912643
0.002896745224414561
0.002896745205561609
0.002896745244924727
0.00289674525579489
0.002896745267549521
0.0028967453074563378
0.002896745397720605
0.002896745492875179
0.002896745550033649
0.0028967455866019238
0.002896745598882746
0.002896745577553963
0.002896745558938359
0.002896745502319076
0.00289674535717234
0.0028967451684206373
0.002896744939293187
0.002896744525016701
0.002896743874217706
0.002896743061113561
0.002896742092934793
0.002896740965592256
0.002896739620623638
0.002896737769294036
0.002896736262631762
0.002896734676691598
0.0028967333540120812
0.002896732249113165
0.002896731382453221
0.002896730792304469
0.002896730442229682
0.0028967302648807572
0.002896730269825266
0.002896730234491158
0.00289673025352168
0.002896730305915058
0.0028967302813714276
0.002896730316198869
0.002896730590542784
0.002896731157168515
0.002896731990733985
0.0028967325707415603
0.002896733097848969
0.0028967335002536517
0.002896734075179309
0.002896734432212094
0.002896734749804176
0.00289673497846234
0.00289673522820918
0.002896735455180804
0.0028967357486119976
0.002896736072386003
0.002896736401612003
0.002896736700307228
0.0028967369693324013
0.0028967372632245332
0.0028967376334251118
0.002896738033293664
0.002896738590006583
0.002896739281054835
0.002896740296078388
0.002896741429164375
0.002896742493196792
0.002896743500359002
0.002896744461053175
0.002896745406289797
0.002896746135233101
0.002896746756918466
0.002896747141152165
0.0028967473703882638
0.0028967475580373757
0.002896747720697414
0.002896747868772317
0.0028967479251828803
0.00289674793295872
0.00289674789444987
0.002896747795967058
0.0028967476004321193
0.002896747229406027
0.0028967469009272737
0.0028967466032667442
0.002896746055855853
0.002896745550926556
0.0028967451829160582
0.002896744917225823
0.00289674474547519
0.0028967446285612097
0.0028967446085785037
0.002896744694808807
0.002896744857899854
0.0028967450342467656
0.0028967451868500073
0.002896745201672201
0.002896745236803082
0.002896745337445463
0.002896745508981757
0.0028967455919263027
0.002896745605634352
0.002896745579406876
0.002896745584229706
0.002896745630452257
0.002896745625733929
0.0028967456164003583
0.002896745600900804
0.002896745612902354
0.002896745671204296
0.002896745764530694
0.0028967458548660834
0.002896745989442012
0.002896746183297409
0.002896746446691855
0.002896746792135262
0.002896747142860383
0.00289674754770035
0.002896748003388241
0.002896748559813057
0.002896749140407969
0.0028967496153956477
0.002896749973079983
0.002896750319479768
0.002896750790212235
0.002896751222437388
0.002896751576163026
0.0028967519643798433
0.002896752347424889
0.0028967528491956342
0.002896753541580756
0.002896754435556694
0.0028967551051394032
0.002896755608655123
0.002896756001984651
0.0028967563363628936
0.002896756684431571
0.0028967569928083766
0.0028967571655311897
0.002896757226752343
0.002896757273186659
0.002896757342124383
0.002896757359003087
0.0028967573970727113
0.0028967574721692193
0.002896757528386989
0.002896757622623072
0.0028967576758323382
0.002896757730520792
0.0028967578190999812
0.0028967578739888533
0.0028967579484109472
0.00289675808102397
0.002896758149911641
0.002896758196296275
0.002896758083065462
0.002896757904340645
0.0028967576128835658
0.002896757223906444
0.0028967566472920822
0.002896756046987372
0.002896755624286248
0.002896755252866747
0.002896754910357068
0.002896754579025326
0.002896754229659475
0.002896753879677349
0.002896753459475597
0.002896753041502034
0.002896752674110886
0.002896752313144059
0.002896751931948966
0.002896751507532941
0.002896751002861622
0.002896750396654026
0.002896749645046525
0.002896748601456861
0.002896747156989735
0.002896745451128858
0.0028967437671841073
0.0028967427176279322
0.0028967422288800368
0.002896742236405653
0.002896742657159854
0.002896743354934828
0.002896744172265524
0.0028967449490264773
0.002896745561371312
0.002896745940889182
0.0028967460867522087
0.0028967460821873628
0.002896746043418793
0.002896745962477169
0.002896745891080816
0.002896745804710637
0.0028967457330391967
0.002896745655339909
0.0028967455421448638
0.0028967454545027853
0.0028967454554420877
0.00289674545876209
0.0028967454636938577
0.0028967454600836227
0.002896745448885244
0.002896745428741065
0.002896745397369678
0.00289674535931244
0.002896745318611884
0.002896745266904706
0.0028967452293035202
0.002896745209711502
0.002896745189658225
0.002896745176184203
0.002896745163408099
0.002896745137771906
0.002896745096911754
0.0028967450574522054
0.002896745012475227
0.0028967449716015073
0.002896744931730338
0.002896744891087326
0.002896744870720237
0.00289674487566285
0.002896744921751839
0.002896745008624427
0.002896745130954117
0.002896745278270235
0.0028967454449943418
0.002896745640293118
0.002896745792769746
0.002896745927369676
0.002896746014228024
0.002896746071489155
0.002896746105049855
0.002896746104491338
0.002896746053938231
0.002896745971552296
0.002896745881917307
0.002896745787901256
0.002896745720688372
0.002896745668867032
0.002896745637751518
0.002896745617710517
0.002896745606171301
0.002896745600118694
0.002896745592016543
0.002896745568675463
0.002896745528061068
0.002896745473713148
0.002896745409336495
0.00289674533575018
0.00289674527310117
0.002896745214841279
0.002896745182769461
0.002896745163742038
0.002896745152223366
0.002896745145951607
0.00289674514377699
0.0028967451463396817
0.002896745153964448
0.002896745161630911
0.002896745169919143
0.0028967451791222392
0.002896745189580629
0.002896745202444331
0.002896745217986156
0.0028967452374747482
0.002896745259512726
0.0028967452796538353
0.0028967452977959507
0.002896745311418233
0.002896745313089917
0.0028967452986342133
0.002896745274957856
0.0028967452489776823
0.002896745227292419
0.0028967452143164887
0.002896745212703779
0.002896745222346581
0.002896745240505685
0.00289674526259122
0.002896745283526793
0.0028967452969488
0.00289674530049587
0.002896745337208678
0.0028967455620164512
0.002896745824136759
0.0028967459959247078
0.0028967461621938
0.00289674623763381
0.0028967462991866867
0.002896746334587471
0.002896746318126296
0.002896746271058571
0.0028967462148368458
0.002896746143442767
0.00289674606011814
0.002896745998898338
0.002896745941809669
0.002896745883744648
0.002896745817009215
0.002896745730291804
0.002896745605845236
0.002896745427783937
0.002896745248336321
0.002896745080975111
0.002896745033827324
0.002896745191849574
0.002896745360814655
0.002896745341803787
0.002896745310822234
0.002896745309839839
0.002896745310971203
0.002896745339490003
0.00289674537231778
0.002896745401001854
0.002896745412670408
0.00289674541375855
0.002896745412619541
0.002896745405755744
0.002896745395967194
0.002896745372096792
0.002896745328872535
0.002896745296558517
0.002896745271834529
0.002896745252026575
0.002896745235749338
0.002896745222821952
0.002896745212105016
0.002896745202148229
0.002896745191481525
0.0028967451801337088
0.002896745168515689
0.002896745171176823
0.002896745200920668
0.002896745272304455
0.002896745342591158
0.00289674532496874
0.002896745271485574
0.002896745256719352
0.002896745208734365
0.002896745084469062
0.0028967450080256713
0.002896744926332432
0.002896744898862859
0.002896744872655124
0.0028967448537435838
0.002896744854229744
0.00289674486896872
0.00289674489378449
0.002896744926867095
0.002896744962272479
0.002896745003424964
0.0028967450513875744
0.002896745105629568
0.002896745173224806
0.002896745265538873
0.002896745340978081
0.002896745362806898
0.002896745319655494
0.002896745262542649
0.002896745255128902
0.002896745250778722
0.002896745243617633
0.0028967452552938412
0.0028967452870666773
0.0028967453243692507
0.002896745343559343
0.002896745360136295
0.002896745371569225
0.0028967453822180043
0.002896745392774706
0.00289674540388489
0.002896745415163466
0.00289674542567468
0.00289674543383918
0.002896745438401798
0.002896745440305354
0.002896745439271242
0.002896745434503344
0.002896745425342842
0.002896745408531784
0.002896745379228203
0.00289674532707705
0.002896745253524969
0.002896745197160087
0.002896745220978074
0.002896745280640464
0.00289674526908263
0.0028967452273593037
0.002896745133707446
0.002896745073522109
0.002896745004682052
0.002896744960589836
0.0028967449193342347
0.0028967448797192668
0.002896744853656118
0.002896744850909281
0.002896744866759903
0.0028967448930488832
0.002896744928555112
0.002896744977450527
0.0028967450290533973
0.002896745083919729
0.002896745145612097
0.002896745220698451
0.002896745319424054
0.002896745389496238
0.002896745398600383
0.002896745335087505
0.002896745262811401
0.002896745253458181
0.002896745258040703
0.002896745278464299
0.002896745364867105
0.002896745447534169
0.002896745492621757
0.002896745529813492
0.002896745534601538
0.002896745529051796
0.002896745500691484
0.0028967454507049
0.002896745399761364
0.0028967453519439267
0.002896745308838495
0.002896745275448111
0.002896745247773039
0.002896745220700315
0.0028967451922393673
0.002896745167348127
0.002896745145317161
0.002896745125943339
0.002896745108858127
0.002896745098367831
0.002896745105008662
0.0028967451596319752
0.002896745254471445
0.0028967453481752743
0.002896745335400894
0.0028967452732797
0.0028967452710010047
0.0028967452760627244
0.0028967452975030786
0.0028967453312185192
0.002896745353729002
0.0028967453768428183
0.002896745399732956
0.00289674541285789
0.0028967454142791913
0.0028967454083004642
0.002896745396680092
0.0028967453830925673
0.0028967453696378447
0.002896745354582845
0.002896745336767512
0.0028967453071587143
0.00289674527361963
0.0028967452441721843
0.002896745222283548
0.002896745230986939
0.0028967452665168768
0.0028967452798383197
0.002896745291425684
0.0028967453405380067
0.002896745442122698
0.002896745500103535
0.002896745556275295
0.002896745581163456
0.0028967455986879482
0.002896745610218681
0.002896745610993623
0.00289674560187053
0.002896745584143646
0.002896745559988126
0.002896745531192381
0.00289674549672425
0.0028967454562605077
0.002896745403361781
0.00289674532434167
0.002896745252047288
0.002896745202358215
0.002896745203155529
0.002896745253811909
0.002896745289993918
0.002896745287135507
0.002896745269229753
0.002896745213601762
0.002896745133946511
0.002896745036608553
0.0028967449525505277
0.0028967448593849162
0.002896744811805697
0.002896744766040413
0.0028967447208732818
0.002896744697795213
0.002896744701643466
0.002896744725229219
0.002896744758636152
0.002896744801407487
0.002896744853605695
0.002896744910284586
0.002896744976433849
0.00289674506099526
0.002896745161932467
0.00289674528725154
0.002896745395339013
0.002896745432643301
0.002896745354945515
0.002896745257002491
0.002896745246319171
0.002896745279420442
0.002896745337486177
0.002896745402107364
0.002896745415770363
0.002896745415655043
0.002896745404735528
0.002896745382900011
0.002896745360013823
0.002896745339066907
0.002896745318198384
0.002896745294224255
0.0028967452636278392
0.002896745232459481
0.0028967452118063113
0.00289674521508626
0.0028967452529062698
0.002896745286733987
0.0028967452831496253
0.00289674528159691
0.002896745285217379
0.002896745309898913
0.0028967453512168473
0.00289674539374385
0.002896745437428538
0.002896745455471307
0.00289674547600307
0.00289674550528195
0.002896745525916763
0.002896745534408601
0.002896745536472031
0.0028967455310961662
0.002896745518509867
0.002896745499988283
0.00289674547646441
0.002896745447126635
0.002896745407980249
0.0028967453482819008
0.00289674528312246
0.002896745230719197
0.002896745206043331
0.0028967452326622237
0.0028967452763592077
0.00289674528499682
0.002896745300400726
0.002896745344514022
0.002896745405209421
0.0028967454212909913
0.002896745422931472
0.002896745395440834
0.002896745356190359
0.002896745293975659
0.0028967452179412202
0.0028967451599947
0.002896745115126494
0.0028967450795560857
0.002896745050879234
0.002896745030968476
0.0028967450212929002
0.002896745021428483
0.002896745030564018
0.002896745046373848
0.002896745067777887
0.002896745094456621
0.002896745127357828
0.002896745171129326
0.0028967452299738447
0.002896745313853389
0.002896745374470347
0.002896745364074219
0.002896745289630434
0.002896745258028133
0.002896745260398216
0.0028967452587280802
0.0028967452392593966
0.002896745212689763
0.002896745178757792
0.002896745143000585
0.002896745100182853
0.0028967450523292877
0.0028967450129605823
0.002896744979671126
0.002896744954097377
0.002896744932755742
0.002896744914446391
0.002896744905195914
0.002896744910364567
0.0028967449314882252
0.002896744969014621
0.002896745022406781
0.002896745089747335
0.002896745161910313
0.00289674523165736
0.0028967452933114104
0.0028967453432936488
0.0028967453782952663
0.00289674539609742
0.00289674539435596
0.0028967453685942043
0.002896745312815748
0.002896745254093246
0.002896745249582059
0.0028967452223886622
0.002896745147505805
0.0028967450150684648
0.002896744945635144
0.002896744873857479
0.002896744849912577
0.002896744835698172
0.002896744829206485
0.002896744834205124
0.002896744843576622
0.002896744853280511
0.002896744862244816
0.002896744870259538
0.002896744877883813
0.002896744883796505
0.002896744888831157
0.002896744893155331
0.0028967448972928287
0.002896744902429911
0.002896744908901276
0.002896744918434723
0.002896744933619367
0.002896744957548044
0.002896744994052956
0.002896745047492428
0.002896745112506916
0.002896745183860599
0.002896745259497489
0.002896745338122123
0.002896745420360742
0.0028967455160136568
0.002896745553261321
0.00289674555892352
0.002896745546032032
0.002896745517895265
0.0028967454752827832
0.0028967454201755008
0.0028967453543962303
0.0028967453001574888
0.002896745290834823
0.002896745305684631
0.002896745346559122
0.002896745397409042
0.00289674539911974
0.002896745393769307
0.002896745380173044
0.002896745361705804
0.002896745347144015
0.002896745332763535
0.002896745315994285
0.002896745294685545
0.002896745270182821
0.002896745238329145
0.002896745189826707
0.002896745119673364
0.002896745033068691
0.0028967449284676462
0.002896744802000367
0.002896744639614079
0.002896744479448834
0.002896744349460122
0.002896744271307742
0.002896744186814899
0.002896744131853605
0.002896744052793548
0.0028967439879103293
0.002896743911520313
0.002896743812970296
0.002896743672498328
0.002896743526444921
0.0028967434858388503
0.002896743512470254
0.002896743543662321
0.002896743566084348
0.002896743574193286
0.002896743558359392
0.0028967435012891523
0.002896743424554188
0.002896743327339338
0.00289674320327225
0.0028967430494005308
0.002896742852969291
0.002896742601124682
0.0028967422827906168
0.002896741895106109
0.0028967413880043352
0.002896740707611914
0.0028967398302101022
0.002896739925609616
0.0028967535872326798
0.00289679873100935
0.002896894730171575
0.0028969919546954874
0.00289711022592893
0.002897229049027983
0.002897343624553908
0.002897491460235519
0.002897641520959357
0.00289771343898813
0.0028977143662668433
0.002897716051194758
0.002897717242638274
0.002897717620210607
0.0028977171804002787
0.002897716075162682
0.002897714515108426
0.002897711647187996
0.0028977082733607083
0.0028977019727407316
0.002897691894885084
0.002897678086808399
0.002897658580808322
0.0028976288103640803
0.0028975909293542197
0.002897550373347345
0.00289750770148195
0.002897465149287803
0.002897439185756055
0.0028974345021267017
0.002897451984340528
0.002897491394919538
0.002897542183718356
0.0028975911560524927
0.002897633382582919
0.002897672478891699
0.002897709688780222
0.002897760181335895
0.00289779722156744
0.002897829941795107
0.002897859180693688
0.0028978984566652988
0.002897935261625754
0.002897973739966891
0.002898014916610508
0.002898054163200789
0.002898088131490969
0.002898118484607848
0.002898146983871826
0.002898175687245578
0.002898207931742865
0.002898253146720607
0.002898289231469817
0.002898340047434437
0.002898393203878295
0.0028984483426572377
0.0028985107499585948
0.002898585049308251
0.0028986782677499667
0.002898773876507548
0.002898862912931015
0.002898942711929487
0.0028990182774524943
0.0028990917642364366
0.002899163385899227
0.002899217820987578
0.002899264836857827
0.00289930974337076
0.002899354679501183
0.002899398841237467
0.002899444311841274
0.0028994938051339733
0.0028995467704518037
0.002899605818991481
0.002899660765765233
0.002899706438017159
0.002899747053587242
0.0028997837415692257
0.002899820865032908
0.00289985842981511
0.002899905005754664
0.002899952552841862
0.0028999969247436
0.002900037929824626
0.002900080279327706
0.0029001274496323398
0.002900181631350936
0.002900243230374586
0.0029003094371483932
0.002900361692911751
0.002900409210434786
0.002900458073903928
0.002900515354110947
0.00290058382591165
0.002900654657444454
0.002900717672235031
0.002900782259271008
0.0029008533571959452
0.00290093935412942
0.002901041612056835
0.002901160637342026
0.002901313732834213
0.002901528070315705
0.002901591532884406
0.0029016639395183018
0.002901713429867755
0.002901751849086081
0.002901798287483278
0.002901832024000244
0.0029018666420281914
0.0029019101018291143
0.002901966114832991
0.002902053656151453
0.0029021726868102837
0.002902306754021262
0.002902466421277658
0.002902643836929405
0.002902757405385107
0.002902757972178304
0.002902754336156237
0.002902742460700597
0.00290271962176516
0.00290268895256769
0.002902644693606092
0.002902601172415852
0.0029025465197426866
0.002902490456544136
0.002902372092536085
0.002902248696827696
0.002902133152313832
0.002902057707759492
0.002902019349194178
0.002902012429888757
0.0029020323690011713
0.002902075462628431
0.002902131691056089
0.002902194967737499
0.002902291726970303
0.002902376307243819
0.0029024481336018828
0.002902524094639456
0.002902601273899508
0.002902708807072773
0.002902811185269445
0.002902902809467049
0.0029029932311733547
0.00290307008864116
0.002903171316494834
0.002903258400472937
0.002903327167255248
0.002903390294090936
0.002903451618399353
0.002903516487040221
0.002903596174743963
0.002903676888837251
0.002903760744213523
0.002903836620632742
0.002903913374016553
0.002903997105820847
0.0029040960935306516
0.002904215921134499
0.002904373202220032
0.002904592094375409
0.002904855150720471
0.002905227896564189
0.002905784692080405
0.00290646809406786
0.002907161650664476
0.002907860336260642
0.00290855880651648
0.002909248874131351
0.002909888317443337
0.002910412986562465
0.002910809248591604
0.002911161930453802
0.0029114853175553177
0.002911803973088044
0.002912151511268231
0.002912376462268022
0.002912376384939581
0.002912371174220766
0.002912316081172588
0.002912205505641537
0.0029120360268279242
0.002911801702247165
0.002911513206556443
0.002911252084870676
0.002911108006053179
0.0029108966718150173
0.002910649489868605
0.0029104268571493058
0.002910203061911852
0.00291003844704684
0.002909943050745117
0.002909907784881273
0.0029099187257212392
0.0029099609366626832
0.002910047822521126
0.002910139783730748
0.002910257075878594
0.002910389738367422
0.002910531714260007
0.0029106637414147533
0.00291080710274746
0.002910975877721121
0.002911160525807011
0.002911374939467311
0.002911590818630585
0.002911803993644943
0.002912031664697868
0.002912293300889318
0.002912608232905032
0.00291296080045432
0.002913268514746907
0.002913529670014096
0.002913723481849735
0.002913942872126868
0.0029141028032015513
0.002914265341019193
0.0029144129304039344
0.002914614073276095
0.002914756674574408
0.002914885761331701
0.0029149975307532863
0.0029150943773210408
0.0029151858912853223
0.002915279341967835
0.002915387643671782
0.002915497548162563
0.002915619691733916
0.0029157211994238377
0.002915813705310331
0.002915904964532807
0.002915998858764132
0.002916103671472949
0.002916239056386894
0.002916366511918356
0.002916496150628529
0.0029166143928052533
0.002916731755882407
0.002916857156651399
0.002916999278461537
0.002917171117642903
0.002917345031745834
0.002917504726000191
0.002917672654262864
0.002917877605167796
0.002918102624389015
0.0029183018297261132
0.0029184985698782148
0.002918706714485775
0.0029189384282735614
0.002919190619273791
0.002919466573810561
0.002919785658424279
0.0029201542031359728
0.002920544674275418
0.002920970930409796
0.00292135473576214
0.002921739141084271
0.00292225645602142
0.0029227386418059463
0.002923121557511478
0.002923517770588959
0.002923963408596309
0.002924533467978302
0.002925368870764789
0.0029264685293635207
0.0029276973790058483
0.002929018958139093
0.002930417805489458
0.0029307104044120507
0.002931073241299493
0.002931325610828543
0.002931535019547056
0.002931723450477742
0.00293190784182937
0.00293208292843825
0.002932276753020649
0.002932511678193644
0.002932791613708293
0.002933142696803281
0.002933618213838595
0.0029343373911004406
0.002935608015754207
0.002937006019453578
0.002938532951537625
0.00293953773877925
0.0029401240268555778
0.002940577756477277
0.002940863270527533
0.002940856750303419
0.002940803069132589
0.002940675758118213
0.002940473370071788
0.002940187295104577
0.002939827401457655
0.0029394089848193
0.002938813334821161
0.002938639481078013
0.0029384233475671278
0.00293825690468154
0.002938199880342769
0.0029382359144125123
0.0029383256522415263
0.002938479454502674
0.002938645496579459
0.002938817251035155
0.002939000435983766
0.0029391942074946343
0.002939382869376589
0.002939584398813748
0.002939813701656211
0.0029400940548333972
0.002940408682800157
0.002940773804696311
0.0029411911311859966
0.0029416281557900557
0.00294206805304223
0.002942542563999713
0.002943096511810786
0.0029437602368099108
0.002944635454509609
0.002945882055097698
0.0029472244642431717
0.002948255954093382
0.002949198192468797
0.0029498534713491057
0.002950467403975513
0.002951088072641882
0.002951838577404183
0.002952772545442467
0.002953595746941689
0.002954427358101381
0.00295556582168356
0.002956788806557054
0.002958802665191921
0.0029606614100964558
0.0029622911260462513
0.0029637684854749323
0.002965001284114353
0.0029661878976075507
0.002967279512678114
0.002968451845048915
0.0029696642363787663
0.002970578247518299
0.0029713747838683723
0.002972157373532275
0.002973004746585676
0.00297393868633796
0.0029750642680326372
0.0029764627977307222
0.002977977743304138
0.002978001605909731
0.002978121832514649
0.002978318996009167
0.002978571852744529
0.002978862358213735
0.0029792085786149647
0.00297938609223799
0.002979546256137717
0.0029796309148739783
0.002979691180841255
0.002979746228186684
0.002979738876574408
0.002979667163094209
0.0029795409063007967
0.002979390655723029
0.002979243090937742
0.002979084291067978
0.0029789370483846002
0.002978759776526385
0.0029785478548145458
0.002978298345415523
0.0029780676665672533
0.002977894247227314
0.002977756179726598
0.002977634407639134
0.002977509386720863
0.0029773492997717016
0.002977156581937539
0.0029769449850520053
0.002976760044730683
0.0029765944119059667
0.002976445552906993
0.0029763095210465188
0.0029761767056655937
0.002976033376654856
0.002975837233282782
0.002975632770511243
0.0029754806030980914
0.002975332217532939
0.0029751732539501983
0.002974991360718904
0.002974763167302556
0.002974505318406899
0.002974193352341634
0.002973932413518928
0.002973651583008752
0.002973374839950345
0.002973095602514015
0.002972837134946428
0.002972581673968315
0.002972314481378769
0.0029720187323673927
0.00297165272154997
0.002971222588117625
0.0029708220669458
0.002970473062289823
0.00297012588189708
0.002969757564769196
0.002969330875856745
0.0029688279665155953
0.002968189269299117
0.002967339462010045
0.002966592482138067
0.0029658602933153692
0.0029649079325581827
0.002963864123891863
0.002962183281005744
0.0029599305337842012
0.0029577289420681984
0.002955622349395856
0.002953640072035827
0.002951816985447378
0.002950174938435014
0.002948774512732876
0.002947679299606984
0.0029474743632352607
0.002947475452446425
0.002947492326354798
0.002947644574556916
0.002947902117182671
0.002948256904134322
0.002948689883680792
0.002949271200255716
0.0029496404090028658
0.0029499218045583578
0.002950116544333746
0.002950284836031391
0.0029503377912940367
0.002950398629857564
0.00295048406551464
0.002950586543538325
0.002950649139914063
0.0029506730786978868
0.002950671408792215
0.002950653396870292
0.00295062572631325
0.002950589998387492
0.002950542937755773
0.0029504642641901236
0.002950379581851311
0.0029503069911595713
0.002950230492577888
0.002950143853061168
0.002950038223879081
0.00294989655329085
0.0029497359629557457
0.002949583224537955
0.002949434754456268
0.002949281563201695
0.002949100949172734
0.002948984762085562
0.002948856166438647
0.002948750227131064
0.002948654309057718
0.002948562182998335
0.002948455542151485
0.002948286673561032
0.002948147173692844
0.0029480309964127777
0.002947907473903238
0.002947772262741383
0.0029476077399026458
0.002947385914910847
0.002947098027285386
0.002946726399195185
0.002946312163465544
0.00294595271284223
0.002945629942078936
0.002945302868197108
0.002944950006596787
0.00294453685449423
0.002944050280506725
0.002943539992337773
0.002943000749630106
0.0029423582656522593
0.002941834420705353
0.002941257640018577
0.002940263965603018
0.002940018373025867
0.0029396208622159167
0.0029393189847993022
0.0029390696120864747
0.0029388299406213508
0.0029385911676713377
0.002938367372264705
0.002938120236172357
0.0029378142219935533
0.002937450069734141
0.002937017924472408
0.002936537326890753
0.002936167472321023
0.002935850097158628
0.002935477378723022
0.0029351348100975843
0.002934829265235474
0.002934494202920524
0.002934171075301047
0.002933847978735631
0.002933443051661871
0.002933093748757265
0.002932774006089978
0.002932347341516497
0.0029320267874340857
0.002931672135802222
0.002931158779669076
0.002930601411550908
0.0029301761909775537
0.002929832820935218
0.002929494916024726
0.002929007551002343
0.002928610919926382
0.002928280407516705
0.00292793581131107
0.00292755431233827
0.00292708300764465
0.00292653224462851
0.002926063326218801
0.00292564596106276
0.002925227882460385
0.002924827973723181
0.0029244309652516646
0.0029241479595644637
0.00292390495811229
0.00292366692097409
0.002923408098764422
0.002923048177830862
0.002922651549974587
0.00292234886701456
0.002922051861422783
0.002921733986740558
0.0029213598062086377
0.002920899285001903
0.002920277301968281
0.0029193792130533538
0.002917951176812128
0.0029159625906052373
0.002913906058297464
0.002911810878012843
0.002909956461419448
0.002907846905967008
0.002906517645334632
0.002905212370351272
0.002903629297270067
0.002901797252496796
0.002900298927396982
0.002899343153540809
0.002899340999538677
0.002899336699739297
0.002899328133180227
0.002899320493763423
0.002899307546447599
0.0028992945729489792
0.002899282856584471
0.002899273852046694
0.002899269360734257
0.002899264873442088
0.0028992627940232682
0.0028992600004718897
0.002899256206112776
0.002899253081598862
0.0028992494064797917
0.0028992441855238463
0.002899239504189996
0.002899236243953812
0.002899232652958427
0.002899229384507618
0.002899226322038287
0.002899223810597135
0.0028992216397801663
0.002899219344796709
0.002899216955703397
0.002899214391353608
0.002899212071258886
0.00289920965696359
0.00289920693815104
0.002899203622339496
0.002899199192688849
0.002899193242306304
0.0028991845980383692
0.002899178532990604
0.0028991742047640118
0.0028991705488180257
0.002899167167706428
0.002899163398025775
0.0028991603169280043
0.002899156546371223
0.002899153316316464
0.002899150407126367
0.002899147646440632
0.002899145029502528
0.002899142445065609
0.002899139679465868
0.002899136107757736
0.002899133008896393
0.002899129976306327
0.002899127048585345
0.0028991240025419878
0.002899120578636691
0.00289911641270688
0.0028991112207609328
0.002899104188139119
0.002899093971374281
0.002899077362090184
0.002899044503112992
0.002898980192960043
0.002898885486530225
0.002898773048935381
0.002898638855914942
0.002898483478579117
0.002898315309601639
0.002898145168135286
0.002897982782678704
0.002897824910471429
0.00289767012791138
0.002897519188740671
0.0028973742616450002
0.002897238760152781
0.002897116416372086
0.0028970106591990827
0.002896923620282354
0.002896880598814385
0.002896880459428783
0.002896880209763299
0.0028968797555502957
0.002896879416812478
0.002896879065207311
0.002896878620066417
0.002896878344444906
0.002896878067639848
0.0028968779206129647
0.002896877729520208
0.002896877346661931
0.002896876866526617
0.0028968764396341403
0.0028968759797071172
0.0028968754865799523
0.002896874889545107
0.002896874221014172
0.00289687360428862
0.002896872976284488
0.002896872326100776
0.002896871526864169
0.002896870467322879
0.002896868945109403
0.002896867344370298
0.002896865890672221
0.002896864370210847
0.00289686256890349
0.002896860232362815
0.002896857052831575
0.002896853156091093
0.00289684690532145
0.002896834786854984
0.0028968066141743637
0.0028967769271779622
0.002896729261413151
0.002896680168335702
0.002896639678203808
0.002896605055972923
0.0028965758332226543
0.002896553126046528
0.002896545028784076
0.002896552777254883
0.002896573669169725
0.002896603581385102
0.002896642362089814
0.0028966939462157612
0.002896762278097085
0.002896835496786126
0.0028968988077892792
0.00289695967607917
0.002897016062071446
0.002897076170321732
0.002897128430139268
0.0028971748980607752
0.002897219370535599
0.002897263914910219
0.002897313338352333
0.002897364184171624
0.0028974222788053167
0.0028974888920418863
0.002897565316233873
0.002897651728259256
0.002897754531278033
0.002897838122392523
0.002897918073139489
0.0028979937523737898
0.002898075931977689
0.00289816766400129
0.0028982682806122768
0.00289837241959859
0.002898487260093825
0.002898606597905292
0.0028987375960290392
0.0028988979322823473
0.002899118819523391
0.002899483242731694
0.002900076753328908
0.002900334870867782
0.0029006807715977827
0.002900771575561085
0.002900847508365357
0.002900919966696351
0.0029009780048716853
0.002901032938190576
0.0029010852184228548
0.0029011407745809137
0.0029012053364475716
0.002901280643860137
0.0029013774114188817
0.002901524895419534
0.0029017733550250682
0.002901979736892877
0.0029021745960442187
0.0029023779215844258
0.002902606999434914
0.002902836054369005
0.002902838081847187
0.002902839277847533
0.002902840452111513
0.0029028434165156713
0.002902849718299875
0.002902860773835184
0.0029028805714765623
0.002902900238670467
0.002902908914363153
0.00290292326630781
0.002902947132228653
0.0029029735324218268
0.002902997231517851
0.0029030272839956884
0.002903052529353339
0.0029030724380349
0.002903087846593258
0.0029030978379046644
0.002903095126246175
0.002903068264811745
0.002903017521479786
0.002902945480510739
0.002902850323823291
0.002902731335162272
0.002902580751026756
0.002902387768144188
0.002902130483102303
0.002901945610637939
0.002901786174153106
0.0029015938455601883
0.002901454147076154
0.002901405627057689
0.002901348922085843
0.0029012956588045508
0.00290122710926911
0.002901142364398619
0.002901046516738908
0.002900939129947033
0.002900841076406755
0.0029007399273750377
0.002900627831278213
0.002900495693975655
0.002900351742419704
0.0029002152842592882
0.00290009348694303
0.0029000117894044867
0.002899963377482739
0.002899986626492725
0.002900026036958262
0.002900085184825624
0.002900127076604702
0.002900170939547789
0.0029002270521047754
0.002900294267321912
0.002900343704866101
0.0029003712325755423
0.002900374005525201
0.0029003504260575732
0.002900300674361275
0.002900226971292042
0.002900134090650796
0.0029000289400334753
0.0028999195084615428
0.002899813584997156
0.002899812942373106
0.002899812530538188
0.002899812170132372
0.002899811486349552
0.002899810656762986
0.00289981043152679
0.002899811404142102
0.0028998151452292696
0.002899822705810283
0.002899824003160533
0.002899824840520376
0.002899826850053322
0.002899830311917246
0.0028998373540209017
0.002899845227043652
0.002899855440790035
0.002899865199714022
0.0028998778033627187
0.00289989112766325
0.002899905153915896
0.0028999165978061
0.00289992299676416
0.002899926070596476
0.002899927369691538
0.002899926383790016
0.002899923555764624
0.002899918635659345
0.002899912429976679
0.0028999045822166642
0.002899894374298681
0.002899881325408447
0.002899867901172954
0.00289985665180304
0.002899846809158023
0.002899835962387808
0.002899825215722259
0.002899813222096635
0.002899801515411489
0.002899788783126284
0.0028997731352320678
0.002899753786168117
0.002899726222702242
0.002899700229924656
0.002899678977620542
0.002899660029930787
0.002899641519618417
0.002899619677524361
0.002899603919689038
0.00289958675176429
0.002899571668005535
0.0028995579729415738
0.002899544340278349
0.0028995298771938268
0.0028995121204599726
0.002899495682223073
0.002899477265080803
0.002899460286507261
0.002899443044453746
0.0028994240634430558
0.0028994014230770138
0.00289937382365733
0.002899337004816436
0.002899284449265583
0.0028992017778673622
0.002899049473782184
0.0028988670641699257
0.002898680695329758
0.002898558551233781
0.002898466542745277
0.00289837882459291
0.002898298163850024
0.002898200305086961
0.002898086631556632
0.0028978850022296212
0.00289767239508176
0.002897472118774862
0.002897293799384801
0.002897140227121681
0.002897011456183482
0.002896917978039481
0.0028969175589536847
0.00289691670637487
0.0028969156234475222
0.0028969144746106698
0.002896913491572894
0.002896912683724342
0.002896912239944183
0.002896911688179149
0.002896910981014381
0.002896910124865568
0.002896909210233809
0.0028969081859736372
0.0028969069581796297
0.002896905887134657
0.002896904741325717
0.0028969033536640184
0.002896901524169306
0.002896899159012005
0.002896896490239028
0.002896893502137531
0.002896890150375707
0.0028968863817536872
0.002896882124277009
0.002896877307551579
0.00289687189362918
0.002896865886706772
0.002896859265633234
0.002896852032834445
0.002896844228153221
0.0028968359304693252
0.0028968272623468012
0.0028968183846053218
0.002896809483784191
0.002896800755136296
0.002896792387074552
0.002896784541236324
0.0028967785966438333
0.0028967739623527162
0.0028967701305770447
0.002896766862034055
0.0028967640201038383
0.002896763513649421
0.00289676350523182
0.002896763496001186
0.002896763498213007
0.002896763504730387
0.002896763505634798
0.002896763501388702
0.002896763493235103
0.0028967634802609366
0.002896763461604175
0.002896763422572009
0.0028967633738909548
0.002896763325612724
0.0028967632665996383
0.002896763201977625
0.0028967631175413414
0.002896762986781213
0.002896762822713591
0.002896762597378857
0.002896762348396807
0.002896761874277737
0.0028967612650036252
0.002896760577821916
0.002896759780817353
0.002896758852475387
0.0028967575580246922
0.002896756833525371
0.002896756180819255
0.00289675569003375
0.002896755322713568
0.002896755014565909
0.002896754717582321
0.002896754507418107
0.0028967543778131307
0.002896754232668628
0.002896754152543314
0.002896754232507465
0.002896754591038629
0.002896755227833671
0.002896755785879637
0.002896756231652991
0.002896756551929482
0.002896756886464551
0.002896757189096921
0.002896757612936743
0.0028967580524326677
0.002896758340696518
0.002896758631026569
0.002896758878224122
0.002896759187720565
0.002896759507239828
0.002896759903835266
0.002896760390168725
0.002896760906420393
0.002896761325675032
0.002896761597629014
0.002896761741056798
0.002896761759162268
0.002896761639149218
0.002896761357095254
0.002896760865747902
0.0028967601049208
0.002896759009322073
0.002896757818736537
0.002896756881866641
0.002896756376426481
0.002896756282170406
0.002896756525578929
0.0028967570537836683
0.002896757863763698
0.002896757982854953
0.002896757980211136
0.00289675796321184
0.002896757898647005
0.002896757814753029
0.002896757707645841
0.002896757634897864
0.002896757617324656
0.002896757612812651
0.002896757613214168
0.002896757649961403
0.002896757725650968
0.0028967578702215322
0.002896758170487598
0.002896758609953982
0.00289675916476392
0.002896759865802423
0.002896760804569277
0.002896761675174518
0.002896762689795624
0.0028967635976331653
0.002896764471611595
0.002896765367036142
0.002896766272740232
0.002896766998890118
0.002896767369764339
0.002896767518079157
0.002896767575211937
0.002896767589476747
0.00289676758016625
0.002896767567890615
0.0028967675543627998
0.002896767536919503
0.002896767485738309
0.002896767383506232
0.002896767222829731
0.00289676701115576
0.0028967667457695393
0.00289676642089231
0.002896765967388398
0.0028967656438529258
0.002896765317436975
0.002896765039378559
0.002896764796745831
0.002896764564111823
0.0028967643228536588
0.002896764021888461
0.002896763750621949
0.002896763464727171
0.002896763233599236
0.002896762936915604
0.002896762644015808
0.002896762252621793
0.0028967617991368087
0.00289676118358888
0.00289676037851522
0.002896759323284424
0.002896758325847982
0.002896757731018965
0.002896757648405958
0.00289675783429079
0.002896758169983593
0.002896758500165312
0.002896758700777442
0.002896758699615552
0.00289675849112925
0.002896758128705925
0.002896757697224984
0.002896757282488201
0.0028967569350058977
0.002896756939344732
0.002896756956720054
0.002896757019062041
0.002896757085261078
0.002896757147630143
0.00289675721380364
0.0028967572853158758
0.002896757345765102
0.0028967573527018693
0.002896757356581452
0.002896757354809413
0.002896757352229581
0.002896757351494857
0.0028967573494021242
0.0028967573441972248
0.002896757333782382
0.002896757313460559
0.0028967572844007853
0.002896757247658806
0.002896757202952136
0.002896757148266028
0.0028967570734255324
0.002896757004586897
0.002896756894545029
0.002896756759501383
0.002896756613091272
0.002896756452527122
0.002896756279994249
0.002896756090638861
0.002896755925191626
0.0028967557870296433
0.002896755724378065
0.0028967557125583704
0.002896755742664292
0.0028967558059556
0.002896755894049023
0.002896756001446392
0.002896756128501779
0.002896756256705473
0.002896756363498493
0.002896756431708271
0.0028967564844739058
0.002896756535430821
0.002896756609564812
0.002896756757506877
0.0028967569291740753
0.002896757046171541
0.002896757108844769
0.002896757130483273
0.002896757128087256
0.002896757120116126
0.002896757110886637
0.002896757100597237
0.002896757086829396
0.00289675707393302
0.0028967570608566143
0.0028967570481693633
0.002896757034754535
0.002896757019554861
0.0028967570014505613
0.0028967569783906267
0.002896756950837291
0.002896756922208028
0.002896756899154668
0.002896756877880151
0.002896756856634418
0.002896756834496964
0.0028967568100913533
0.002896756783236695
0.002896756752279911
0.002896756717127741
0.002896756682857395
0.0028967566437514943
0.002896756601270805
0.0028967565699007753
0.002896756546709637
0.002896756528049259
0.0028967565109126263
0.002896756493191647
0.0028967564740370313
0.00289675645449476
0.002896756436359802
0.002896756429450213
0.002896756420503908
0.002896756388537306
0.0028967562929041587
0.00289675618952811
0.002896756041188288
0.0028967558420951067
0.002896755745343885
0.002896755653723973
0.002896755625997501
0.002896755600776109
0.00289675558277767
0.002896755603561127
0.0028967557118285982
0.002896755896130462
0.0028967561414182243
0.002896756429103456
0.0028967567898300307
0.002896757057103345
0.002896757186601996
0.0028967572598500224
0.002896757293224071
0.0028967572750133383
0.002896757160764974
0.002896756952781935
0.002896756722840517
0.002896756489709522
0.0028967561996902256
0.002896756023233458
0.002896755904926886
0.002896755798629246
0.002896755691502377
0.0028967555605782166
0.0028967553732210114
0.0028967551005831833
0.0028967548223319778
0.0028967545377637863
0.002896754237450558
0.002896753915489123
0.00289675351785393
0.002896753223972018
0.002896752917786593
0.0028967526607481097
0.002896752437448941
0.002896752227171275
0.002896752022983162
0.002896751807036198
0.002896751542965554
0.00289675131050198
0.002896751049651433
0.0028967508068506722
0.0028967505602644833
0.002896750289406748
0.002896749968822207
0.002896749584555653
0.002896749089432591
0.002896748433583867
0.00289674781816244
0.0028967473664118968
0.00289674707624754
0.002896746925064197
0.00289674688645406
0.002896746952328486
0.002896747152254001
0.002896747326064414
0.0028967475238836178
0.002896747760161775
0.002896747984138144
0.002896748283505613
0.0028967488015557027
0.0028967495169880046
0.002896750466878174
0.002896751162096129
0.002896751889435552
0.002896752477318823
0.002896753003179455
0.00289675348015145
0.002896753994087126
0.0028967546857195992
0.002896755320940469
0.002896755779751944
0.0028967561989704056
0.002896756629490551
0.002896757070433301
0.002896757561471472
0.002896758126281809
0.002896758773072233
0.002896759413485512
0.002896759712796234
0.002896759727488321
0.002896759488120543
0.002896759019751562
0.002896758338711548
0.002896757509738788
0.002896756787879741
0.0028967562760465696
0.002896756002444134
0.0028967559346655732
0.002896756002825936
0.002896756130259177
0.0028967562556225478
0.00289675627925722
0.002896756280952185
0.00289675628230207
0.002896756277803835
0.002896756267632374
0.002896756270595011
0.0028967563058393438
0.002896756338862082
0.0028967564111630883
0.002896756587813409
0.002896756715387331
0.002896756902485982
0.002896757026213233
0.0028967570885585687
0.002896757098623915
0.002896757056668105
0.002896756953501883
0.002896756835647645
0.002896756700358685
0.0028967565352123552
0.002896756328366329
0.0028967560287100663
0.002896755690494141
0.002896755324133833
0.002896754899532549
0.002896754375290762
0.002896753705795271
0.002896752708879437
0.002896751008161304
0.002896750064791296
0.00289676441187016
0.002896811527498546
0.002896920888875041
0.002897051713433089
0.002897178324846499
0.002897313337549827
0.002897456813866392
0.0028976318842742106
0.002897856404575381
0.002898021269910989
0.002898075619438886
0.002898075803282338
0.002898076197633223
0.002898077341316208
0.002898079424250675
0.0028980825020464623
0.002898088313542305
0.002898096381204567
0.002898105315220342
0.002898106603160025
0.002898111085332783
0.002898116336632072
0.002898124374357853
0.002898133298822719
0.002898142547372419
0.002898152112329781
0.0028981616437199383
0.0028981703769908537
0.002898177976716426
0.002898183033966144
0.002898184461333313
0.002898180894613822
0.002898171636843215
0.002898155505008244
0.00289813658461276
0.002898118650123042
0.00289810194206107
0.002898086057339942
0.002898069844175551
0.002898053511106872
0.002898043192782714
0.002898033116367982
0.0028980242372463193
0.002898015689313299
0.00289800548601814
0.0028979950904289187
0.002897984419642914
0.002897973658144603
0.002897964173847993
0.002897955374249799
0.002897946438017747
0.0028979360131104483
0.002897919984028211
0.0028979062197214242
0.002897893177289047
0.002897878092737755
0.002897858940732925
0.0028978308707645973
0.002897796273000814
0.0028977469660982098
0.002897683023930108
0.002897609913111642
0.00289754821490771
0.002897493206979545
0.002897442155192045
0.002897393890837399
0.002897352078318205
0.00289732915227649
0.002897333680462814
0.0028973535251247567
0.002897388222442929
0.002897434925305898
0.002897500764029191
0.002897568485785682
0.0028976240833543912
0.002897670418632971
0.002897711870730998
0.002897753356100546
0.002897804044425907
0.002897851672188896
0.002897917841560801
0.0028979817431694904
0.00289804613867721
0.002898117856189399
0.0028982047614382563
0.002898307047852598
0.0028984097725281172
0.002898497296393814
0.00289857776779832
0.002898654991411375
0.002898731045406845
0.002898782641860875
0.002898818545977466
0.0028988495597179528
0.002898879889076304
0.002898918261856877
0.0028989537428018523
0.002898984984255711
0.002899015188961114
0.0028990453397035104
0.002899067787045186
0.0028990877355747112
0.002899108015422537
0.0028991319602769986
0.002899156228700969
0.002899181058764733
0.0028992033250396982
0.00289922561726658
0.002899249344861394
0.002899276631993805
0.002899308611709232
0.0028993491188156082
0.002899401229165
0.002899448560429806
0.002899496420690623
0.002899548986206748
0.002899612550620815
0.002899677405051981
0.002899745773501437
0.002899824167905387
0.002899918676713896
0.002900013339117445
0.002900113058308148
0.002900231251014089
0.00290038745698214
0.00290063258380839
0.00290107503416448
0.002901449582420604
0.002901552140460565
0.002901630510195291
0.002901678777827407
0.002901724354773645
0.00290176542196702
0.002901800364762291
0.002901833936760551
0.002901871347381523
0.00290191438106231
0.002901967598904833
0.002902043557085162
0.002902187704813696
0.002902349886713438
0.002902526643834475
0.002902617729958886
0.0029026192540425413
0.0029026240111759472
0.002902648379338338
0.002902683080684278
0.0029027297985598876
0.0029027483368970564
0.002902776518446014
0.002902824808310834
0.002902868886937099
0.002902911052931874
0.002902948174616935
0.002902979531135603
0.002902999826588738
0.002902998941420879
0.0029029777376878047
0.002902936457260172
0.00290287499449473
0.002902792179017363
0.002902688058946125
0.0029025714286396538
0.002902453086862946
0.002902291003701714
0.002902152715724126
0.002902115129866912
0.002902063230725655
0.0029019959948617773
0.002901926656924778
0.002901834761992907
0.002901760208052849
0.002901684565628148
0.00290159645801172
0.002901486097091995
0.002901411513296632
0.002901340024598036
0.002901268866786399
0.00290118620193102
0.002901120140101048
0.002901049261013031
0.002900940139790195
0.0029007764301863612
0.0029006029503779794
0.002900425054960449
0.002900242657641442
0.0029000626683391667
0.0028999586554386337
0.002899903219305284
0.002899883554044622
0.002899870556201517
0.002899857087136988
0.0028998411009472052
0.002899812094113328
0.002899758368257954
0.002899683910050529
0.0028996055442985858
0.002899516566816503
0.002899424820305185
0.00289931556672563
0.002899178393615282
0.002898935614112033
0.002898655609053848
0.0028983621856861173
0.002898067152144007
0.002897784079590293
0.002897522171214451
0.0028973066521917703
0.002897160271962024
0.0028971599033263597
0.002897159171376462
0.002897157710198375
0.00289715580787853
0.002897153779670592
0.002897151113647898
0.002897149581243756
0.002897147961283873
0.0028971475180102732
0.002897146781248334
0.002897145243279612
0.002897143727128996
0.002897141700156605
0.0028971403864811
0.0028971389202091962
0.002897138115628297
0.002897137292356397
0.002897136597081098
0.0028971358711940803
0.00289713488985607
0.002897134058879553
0.002897133403699736
0.0028971326399030383
0.002897131853841689
0.002897130990996629
0.002897130357129413
0.002897129663584439
0.0028971290179560768
0.002897128173579008
0.002897126786614027
0.0028971255001218757
0.002897124373049415
0.002897123175696471
0.002897121839209003
0.00289712018282173
0.002897118050647874
0.002897115144213167
0.0028971118877613353
0.002897108079372179
0.002897103416820632
0.002897097941390733
0.002897092588358451
0.0028970871066985302
0.002897081175375647
0.002897074402943742
0.002897067254053588
0.002897059658681163
0.002897050673308958
0.002897039474351537
0.002897026406906983
0.0028970120259297137
0.0028969945325970853
0.0028969655448220348
0.002896927953672144
0.00289689491470186
0.002896863046658614
0.002896836392571177
0.002896825538864188
0.0028968519476311287
0.002896904552435904
0.002896965114306737
0.0028970322091049104
0.002897118356906705
0.002897173525701525
0.002897229666845507
0.0028972802572046342
0.002897328606842223
0.002897381548366882
0.0028974512847291757
0.0028975379163464422
0.002897599508311689
0.002897658241348775
0.002897720274734708
0.002897792039987658
0.00289787920801979
0.002897996111598257
0.002898164114865897
0.0028984358791061798
0.0028988323595494823
0.0028991829224038384
0.0028994832757494138
0.002899736724036335
0.002899942079810278
0.002900100360205964
0.002900144909115195
0.002900145190039398
0.002900146002275138
0.0029001502623133657
0.0029001584342541083
0.0029001734744135907
0.002900194681303641
0.0029002134699252853
0.002900231240234202
0.002900238185970694
0.002900247947340019
0.002900263690894946
0.0029002860556241253
0.002900305576113386
0.002900323970146435
0.002900338547109926
0.002900350172232681
0.002900360369306157
0.0029003713075300597
0.00290038105338804
0.0029003849654574312
0.002900386326009552
0.0029003848719299312
0.0029003799044695407
0.0029003676229687548
0.0029003380358817517
0.002900292648147936
0.002900234270911279
0.002900162692960376
0.002900077974221415
0.0028999803044794216
0.002899859299376417
0.0028997162050328077
0.0028995541651823022
0.002899374673570841
0.002899169767276821
0.00289893906957371
0.002898675801460596
0.002898456369094765
0.002898310933747788
0.0028982428975694212
0.0028981304628391998
0.0028980162600679
0.002897871387075202
0.002897662645838199
0.0028973935145461434
0.0028971833798690392
0.002897013687728475
0.002896939473596176
0.002896939187914334
0.002896938618241621
0.002896937512362034
0.00289693663832065
0.002896935745812366
0.002896935060089785
0.002896934718467481
0.002896934381280992
0.0028969341272716428
0.00289693387422774
0.0028969334612804123
0.00289693273680011
0.00289693192690331
0.002896931123744913
0.002896930219500051
0.00289692927762254
0.002896928396982416
0.002896927869527547
0.00289692755717527
0.002896927421214462
0.002896927407617433
0.002896927398482395
0.00289692749452366
0.002896927515577303
0.002896927489392479
0.002896927391459399
0.002896927164973087
0.002896926798802666
0.002896926305079396
0.00289692577503866
0.0028969251060853153
0.0028969244674714343
0.002896923811285385
0.00289692316942719
0.002896922477276458
0.002896921642325905
0.0028969206076004637
0.002896919139370708
0.0028969175950127263
0.002896916265605284
0.002896915031672242
0.002896913831588695
0.002896912374352991
0.002896911271000689
0.002896909820434734
0.002896908632647731
0.00289690760392847
0.002896906620673603
0.0028969056475755027
0.002896904584577529
0.002896903145189597
0.002896901599389023
0.002896900463131589
0.0028968993774991353
0.002896898237465692
0.002896896953756431
0.002896895368237877
0.0028968932756843787
0.002896890531011996
0.002896886414780996
0.002896879383593365
0.002896870732292348
0.002896862520041718
0.002896854495653542
0.002896846501177591
0.002896838421828402
0.002896830113495731
0.0028968215589405583
0.002896812851438264
0.002896804191482883
0.002896795861124176
0.002896788177656968
0.0028967814409303298
0.002896775883271068
0.002896773480873344
0.00289677347683973
0.002896773494270686
0.0028967736396141217
0.002896773814512173
0.002896773960166525
0.002896774073711909
0.002896774126048511
0.0028967741046139377
0.00289677404350937
0.002896773931121313
0.002896773800742724
0.002896773670488939
0.002896773546521784
0.0028967734477800587
0.002896773360315937
0.002896773268705614
0.002896773165313759
0.0028967730338424007
0.002896772891419624
0.002896772743880325
0.002896772588976537
0.002896772412190734
0.00289677220496004
0.00289677193689573
0.002896771527322501
0.002896770872063973
0.002896770134734352
0.002896769008038012
0.0028967674746040797
0.002896766179413643
0.002896766111240221
0.002896766124758469
0.0028967661634177783
0.0028967662109615298
0.002896766230187951
0.002896766221110265
0.002896766199828812
0.002896766171240738
0.002896766135810279
0.002896766086675202
0.0028967659970237773
0.002896765900543866
0.00289676582866497
0.002896765764200727
0.002896765703482039
0.002896765635667833
0.0028967655596124882
0.002896765482030618
0.002896765396832039
0.002896765291870979
0.002896765176239006
0.002896765043025936
0.0028967648853172982
0.002896764696276189
0.002896764481190966
0.0028967643611235738
0.0028967642607262587
0.002896764246372105
0.002896764255770821
0.002896764385867351
0.002896764527401748
0.002896764678473667
0.002896764756018775
0.0028967647247166127
0.002896764622247577
0.002896764485072532
0.002896764317703306
0.002896764088078404
0.00289676383556956
0.002896763561237805
0.002896763271228489
0.002896762955314955
0.0028967626128723802
0.0028967622790222903
0.002896761979736984
0.002896761541909488
0.002896760873347897
0.002896759822793823
0.0028967586611824848
0.00289675727320265
0.002896755449602943
0.002896752783630394
0.002896748238332136
0.0028967396276688893
0.002896728277430477
0.002896712565142555
0.002896692784946918
0.002896673202740937
0.002896654084359256
0.0028966351910336267
0.002896617591980251
0.0028966043696433737
0.00289661007820074
0.002896625068492818
0.002896647264712659
0.002896675125723612
0.002896712539201466
0.002896759893731341
0.002896805566108467
0.002896842550861874
0.00289687672065044
0.002896908034058031
0.0028969375061781207
0.002896962564972929
0.002896983423293841
0.002897004588835456
0.002897031092336582
0.0028970650997485574
0.002897102971937369
0.002897152932791822
0.0028972146195201647
0.002897288926213359
0.002897363157297175
0.0028974459696081587
0.002897542102028901
0.002897637604325949
0.0028977308383612253
0.0028978214023898476
0.002897920862754053
0.002898031892041401
0.00289814620656835
0.0028982679393218017
0.00289840326108524
0.0028985642547329207
0.0028987650028928233
0.002899060274266858
0.0028996183466775322
0.0028998351379109343
0.002900007549479974
0.0029000973306734
0.0029001771273906816
0.0029002555630985973
0.002900317102747441
0.002900378228475959
0.002900436329766921
0.002900499441735451
0.002900575545151379
0.002900665828745861
0.002900779711740605
0.002900934750354611
0.002901181299029915
0.0029015407566327
0.002901903299955143
0.002902191087423313
0.0029024229167441268
0.0029026561003381553
0.0029028905729568313
0.002903176835871743
0.002903204462450146
0.002903205804439268
0.002903206081046319
0.002903186127196356
0.002903145673750243
0.002903105177179317
0.00290305030489401
0.00290300828506573
0.0029029556551620457
0.002902854488680421
0.002902691699051258
0.002902524362257103
0.002902384949876882
0.002902304365898094
0.002902284925938938
0.002902318944003284
0.00290241160098016
0.0029025426427401638
0.002902679798583974
0.002902802523262356
0.00290294032243629
0.002903159464518204
0.0029033526563470306
0.002903536714239069
0.0029037312997888063
0.0029039465246989654
0.00290421219235644
0.0029045818449935363
0.0029051782395356873
0.002906277425068586
0.002907385435358494
0.002908081945694709
0.0029086704108785507
0.0029091037430723633
0.002909549150843216
0.002910016431398596
0.002910502421620908
0.002911015524831327
0.002911829017159346
0.0029128000464339098
0.002913735067275968
0.002914475833442444
0.002915025167570057
0.002915089666572582
0.0029150900749980112
0.002915089209441832
0.002915071695722955
0.002915037441080426
0.002914977009404931
0.002914867421163635
0.0029147280136472263
0.002914573219761358
0.002914447201437335
0.002914394326593042
0.002914328171404552
0.002914203528990089
0.002914065897326867
0.002913946808424857
0.002913850368782744
0.002913806075644172
0.0029138023513507272
0.002913846305236937
0.002913924925792117
0.002914039474141374
0.002914161775355724
0.002914301359527842
0.002914449044933763
0.002914604911579763
0.002914787208400286
0.002914991242993293
0.002915211143788844
0.0029154642164785118
0.002915777620873615
0.002916194774197627
0.002916831158341505
0.002917885840776387
0.002919143402469439
0.002920342197002192
0.0029211549999452443
0.002921710916604362
0.002922138143233502
0.002922512496111882
0.002922972014295595
0.002923309628078987
0.002923551740325389
0.0029237819334953057
0.002924049249432467
0.002924459282907306
0.002924740692237449
0.002925016588739403
0.002925285990773688
0.002925553402683246
0.002925824295906376
0.002926136987070857
0.002926467713021404
0.002926785150515329
0.002927094770062538
0.00292741260859473
0.00292770472149917
0.002927995474454954
0.002928269022372793
0.00292854199030008
0.002928820424639173
0.0029291048511624
0.002929417749084598
0.00292974575740545
0.002930156420499163
0.002930502371061259
0.002930718621783468
0.0029307210291522412
0.002930735178185917
0.002930838117142977
0.002931034030695437
0.0029313103666441962
0.002931672244102212
0.00293211065703617
0.002932297889892764
0.0029324664553646634
0.002932520436533956
0.002932584084818771
0.002932696538633425
0.002932837108785927
0.002932922612315248
0.002932974779171829
0.0029329775665103137
0.0029329293976241527
0.0029328342566275318
0.002932702782601456
0.002932512298354788
0.002932250242504587
0.002932031775155189
0.002931864918930396
0.0029317137271198633
0.002931565620787588
0.002931398751170807
0.002931237487443898
0.002931065359445243
0.0029308924370926607
0.0029307424858355177
0.0029306191637663227
0.002930523643939632
0.002930441455370144
0.002930358525972972
0.0029302595612652428
0.002930161885140941
0.0029300733150065014
0.002929982009251928
0.002929889951939067
0.00292979151745585
0.002929662813766983
0.002929538332278269
0.0029294144354604337
0.0029292934652843943
0.002929166637647939
0.002929019481725711
0.0029288401122371742
0.002928594161449178
0.0029282660671092
0.002927766360797742
0.00292709738116262
0.0029263537550377
0.002925883070914273
0.002925423294995263
0.002924966725366796
0.0029244268548853083
0.002923980056337691
0.002923478943573632
0.002923271667597802
0.002923034154663931
0.002922800111013986
0.0029225748074656927
0.0029223435235237022
0.002922124099009553
0.002921879063665238
0.002921576369082135
0.002921171407529721
0.002920813563384905
0.002920566258226392
0.002920378926927708
0.0029201213510290447
0.002919866777067519
0.002919539837142823
0.002918947547383404
0.002918293794999942
0.002917591796623423
0.002916838917335403
0.002916050467506714
0.002915483716070926
0.002915110883370984
0.00291474392571138
0.002914373587098436
0.002913991791748768
0.002913431089326757
0.002912627392998111
0.002911516138527351
0.002910313204151106
0.002909032784107613
0.002907682463980277
0.0029062839994279397
0.002904857034529639
0.00290343562292137
0.002902065231137964
0.002900792787522269
0.002899665846611387
0.00289900560280211
0.0028986173676837663
0.002898613701658885
0.002898606385204255
0.0028985918304987846
0.0028985805695199
0.002898570991879454
0.002898566223860967
0.002898561469668718
0.0028985579121973883
0.002898554238667417
0.00289854839010051
0.002898538738211116
0.0028985285610272
0.002898517829679505
0.002898505452403138
0.002898491012961394
0.002898472838305893
0.002898452848697483
0.002898431893690436
0.002898407307728609
0.0028983780665048304
0.002898339591912232
0.002898280872723908
0.002898198659610243
0.0028981056294200697
0.002897997755180194
0.0028978863756109158
0.002897771207622925
0.0028976546124030974
0.002897529832912854
0.002897400859991731
0.002897255332685297
0.002897081096535951
0.002896945034115825
0.0028968539961711807
0.002896849550857173
0.002896849481561163
0.00289684933564978
0.002896849056150366
0.002896848840674913
0.002896848632543088
0.0028968484316415836
0.00289684828021179
0.00289684829876982
0.002896848335062539
0.002896848462286539
0.002896848671363285
0.002896849012982065
0.0028968493863176232
0.002896849857843284
0.002896850437384006
0.0028968510340061197
0.002896851244992873
0.002896850685075243
0.0028968486074806127
0.002896842555024759
0.002896831414590923
0.002896812556779769
0.002896776951236184
0.002896721600351829
0.002896643061835702
0.002896491356787789
0.002896323289975074
0.002896146586567124
0.00289597546489111
0.0028958203466525503
0.002895679490822968
0.00289555078378461
0.002895527481876807
0.002895547165747825
0.0028955859780206822
0.002895638426241625
0.002895708245823853
0.0028958179314960177
0.002895941793801216
0.0028960414560152106
0.002896138367330047
0.002896238037300422
0.002896344894644543
0.002896468580032043
0.0028965774119978967
0.002896676221834149
0.002896775442950944
0.002896881182778588
0.002896993271464842
0.002897111587008859
0.002897241243480046
0.002897391043815683
0.002897552550517102
0.0028977291150237
0.002897932033116541
0.002898000292631503
0.002898132729326409
0.0028981571816920028
0.002898203565671387
0.002898246768658885
0.0028982872100959873
0.002898326745757458
0.002898366756668572
0.002898417618344366
0.0028984878046349437
0.002898576284222631
0.002898688665407028
0.002898830072742382
0.002899007328806965
0.002899230366939002
0.0028993883116797017
0.0028995919722864722
0.002899919905962527
0.00290019569240517
0.0029004659869488057
0.002900748330936514
0.002901090804815508
0.0029016213555457418
0.002902356174771665
0.002903690304154299
0.0029051659686814913
0.0029065452184486276
0.002907412333984961
0.002908178182190554
0.0029088364273860048
0.002909313051826646
0.002909775487662123
0.002910241991742988
0.0029107019421696803
0.0029110177070266253
0.002911018587202723
0.00291102069411497
0.002911028877660523
0.002911044659356339
0.002911070210796873
0.002911117443262088
0.002911186488983358
0.002911238502081184
0.0029112931748162298
0.0029113077322371907
0.002911331549662997
0.0029113705621404548
0.002911442564586074
0.0029114903252728873
0.002911533236353651
0.002911573211145528
0.002911607677926191
0.0029116328105932877
0.002911645827589648
0.002911648562579547
0.002911643579965151
0.0029116343654061053
0.002911620665362509
0.002911597930182442
0.0029115638486467343
0.002911536526843069
0.002911508462852031
0.0029114767282488467
0.00291143843025083
0.00291138792904713
0.002911333373302164
0.002911274642094049
0.002911201556755848
0.002911132178042332
0.002911082802493516
0.002911039325653386
0.002910997414105684
0.002910952625861503
0.0029108949405395592
0.002910839803889695
0.0029107829187659
0.0029107290230892557
0.002910673322937025
0.002910611473958544
0.002910537329299102
0.002910446395341653
0.0029103370379773203
0.002910224939231172
0.002910118512910299
0.002910007091820377
0.0029098473988078853
0.002909631599383623
0.0029092231278289808
0.0029087867289656092
0.0029083363842550927
0.002907866250621922
0.002907383028612684
0.002906888223732635
0.002906388957428287
0.002905896788224656
0.0029054252718994653
0.002904986947597368
0.002904602546124523
0.002904270890835062
0.002904045865223196
0.002904045420929841
0.002904047587479769
0.002904076635287104
0.002904111466007592
0.002904156834880833
0.002904178556484395
0.002904208146316433
0.002904247071903821
0.002904304326487201
0.002904344563785021
0.002904374419825695
0.0029043941657047262
0.002904400319441147
0.0029043859788241548
0.00290435505032119
0.002904306609090763
0.002904229586508846
0.002904128932878246
0.002904004482933813
0.002903856847227795
0.00290370842957272
0.002903559794535075
0.0029033902928769497
0.002903318029545653
0.0029032913723939778
0.002903241990743384
0.002903180865932182
0.002903112678460101
0.002903001731932817
0.002902919765465237
0.002902840572718235
0.0029027494895732227
0.002902637993327695
0.0029025578019099933
0.002902477005748273
0.002902404898523829
0.002902303156290806
0.002902231879162293
0.002902154760147296
0.002902047428838736
0.002901878607933867
0.002901685741144741
0.002901486181876666
0.002901278972814024
0.0029010671357144672
0.002900870298124579
0.002900773110849422
0.002900734024475403
0.002900702061012845
0.002900668455107297
0.002900632335831132
0.002900573472458011
0.0029005098361244708
0.002900457393414014
0.002900408453327107
0.0029003515923314276
0.002900296558077562
0.002900239012923254
0.0029001812552676668
0.0029001174487211937
0.002900048284731354
0.002899984088094829
0.002899918054576385
0.002899859833100726
0.00289979424117155
0.002899744215600224
0.002899699804758912
0.002899654164749641
0.002899600895753138
0.002899539118922535
0.002899474400068156
0.0028994168869959217
0.002899358001244153
0.002899293114963004
0.0028992145355711107
0.002899115944541074
0.002898981481323219
0.002898783493424733
0.002898499622880776
0.002898130579301972
0.00289779640618613
0.002897514400623469
0.002897293182276114
0.0028972440026564053
0.0028972434303954487
0.0028972422870958683
0.002897240025435136
0.002897237683741673
0.002897235811169799
0.0028972343234355447
0.0028972330483558032
0.002897231844428128
0.002897230996770156
0.002897230468184376
0.002897229849836545
0.002897228975947869
0.002897227727052329
0.002897226405230332
0.002897225309476652
0.002897224545833903
0.002897223467413381
0.0028972221144604507
0.002897220122256629
0.0028972187179637002
0.002897217357520531
0.00289721589810055
0.002897214232057397
0.002897212806131872
0.002897211519193596
0.002897210231118015
0.002897208717457883
0.002897206889066782
0.0028972053498127763
0.0028972039161417242
0.002897202432706393
0.002897200683561003
0.002897199283951559
0.002897198019631552
0.002897196820987855
0.002897195450502733
0.002897193708567134
0.002897191889220124
0.002897190056470663
0.002897188253949192
0.0028971863259091056
0.0028971841168481797
0.002897181401562315
0.002897177813548802
0.0028971735558535852
0.0028971686581880643
0.002897163240521365
0.002897158545599235
0.002897154379246633
0.002897150414641411
0.0028971463273401
0.002897141312702282
0.002897136687836165
0.002897132646052994
0.002897129283848877
0.0028971264173619
0.002897123930008883
0.0028971216920410346
0.002897119543032269
0.002897117234354115
0.00289711403732298
0.002897111105404669
0.002897108796656354
0.0028971065194273358
0.002897104322251599
0.00289710213591553
0.002897099659281384
0.0028970964531995617
0.002897093785800328
0.002897091489915202
0.0028970891412985838
0.0028970865911291358
0.0028970843314750647
0.0028970823441113363
0.00289708040988241
0.002897078311696028
0.002897075390762634
0.0028970722652403263
0.002897069830468493
0.002897067400074359
0.002897064746729051
0.002897061627474442
0.002897057876432963
0.002897054109653327
0.0028970502182475797
0.002897045974450374
0.002897041106662337
0.002897036123533567
0.002897030823686063
0.002897025716376379
0.00289702075222134
0.002897015538263533
0.002897009778224669
0.002897003031942062
0.002896994629409193
0.002896984255092174
0.002896969972657771
0.002896948448171296
0.002896924575071541
0.0028969015032608847
0.002896879487699826
0.002896858903618922
0.002896839993495819
0.0028968234452775568
0.002896809619900935
0.002896805368036127
0.002896805303116659
0.002896805189493693
0.00289680509077764
0.00289680504551485
0.002896805172810608
0.002896805202264875
0.0028968052761138632
0.002896805299681292
0.002896805252446935
0.002896805113723956
0.002896804891129786
0.0028968045912596708
0.002896804252642053
0.0028968038878266983
0.0028968034491591286
0.0028968030053835737
0.002896802588868342
0.00289680217267728
0.002896801696656123
0.002896801254895814
0.002896800756799066
0.0028968002877771837
0.002896799804932889
0.002896799279613237
0.002896798754042698
0.002896798300869819
0.002896797922195718
0.002896797558970137
0.002896797089084247
0.002896796652321679
0.00289679631263614
0.002896795969204468
0.002896795590246948
0.002896795119148115
0.002896794491356986
0.0028967939496855016
0.0028967934727169077
0.002896793006607335
0.0028967924811471707
0.00289679212168076
0.002896791730315253
0.002896791395991451
0.002896791094972061
0.002896790789484596
0.00289679045072142
0.0028967899346060972
0.0028967895548285987
0.002896789269158288
0.0028967890194580097
0.0028967888189255137
0.0028967887139851028
0.002896788900048577
0.002896790080636352
0.002896795204158039
0.002896820897307443
0.002896898550243384
0.002897017915436863
0.002897127838537458
0.002897239504751716
0.002897352101781934
0.002897483784412513
0.002897608423272875
0.002897712363067892
0.00289777228540037
0.002897772659546566
0.002897773228866621
0.002897773589989175
0.0028977737857903457
0.0028977738427827
0.002897773880868294
0.002897773932490206
0.0028977740235954738
0.002897774207088223
0.002897774578716468
0.002897774940672922
0.00289777526144321
0.002897775518301758
0.0028977754666075282
0.002897775780169958
0.00289777617220885
0.0028977775950043867
0.0028977799438969637
0.002897783287141987
0.002897787348573588
0.00289779209400103
0.002897799524149391
0.002897805329978581
0.002897811998328528
0.0028978180577739817
0.0028978234857830513
0.0028978285605641882
0.002897833428013272
0.002897838434038391
0.002897844310118895
0.002897850194001955
0.002897856548358385
0.002897862152029761
0.0028978677290840533
0.00289787377246157
0.002897880694079688
0.002897889297238101
0.00289789600241282
0.0028979031247945777
0.002897908820404802
0.002897913826418822
0.0028979189668096213
0.0028979251863035438
0.002897933580302051
0.002897940156543834
0.002897946293317964
0.002897952882454231
0.002897960351090397
0.002897969837305035
0.002897981334111134
0.002897992195596379
0.002898002754942787
0.002898013622307608
0.0028980253901056442
0.00289803880303901
0.002898054457514035
0.002898073857600813
0.002898099155263024
0.0028981323250431
0.002898162951206697
0.002898190114631408
0.0028982136257811727
0.002898232865618073
0.002898243985261804
0.00289824407602792
0.0028982444886365057
0.002898247055422055
0.002898251339152046
0.0028982561758504662
0.002898262966298168
0.002898266118125653
0.002898271864601311
0.0028982785450770952
0.002898288480880066
0.002898296712545323
0.002898304346318809
0.002898313180579403
0.002898320970826152
0.002898324984486068
0.002898327148598852
0.00289832796129873
0.002898327241196166
0.002898324785865063
0.002898318352900134
0.002898309096586525
0.002898299616932754
0.0028982887807776
0.002898275212836833
0.002898257850230674
0.0028982329008675352
0.002898196844006608
0.002898157219970098
0.002898116481680412
0.0028980812295553828
0.002898046668935392
0.002898009882165103
0.002897973789251001
0.002897943477550841
0.0028979187633040443
0.0028978951978388618
0.002897863958157889
0.002897834953741706
0.0028978119130612327
0.0028977884565868513
0.002897762797720209
0.002897731094738455
0.002897701570836368
0.002897675850053095
0.002897650736846852
0.002897618053214599
0.002897594099981968
0.00289757715537574
0.0028975616576831977
0.002897545873293635
0.002897526218652791
0.002897506888263542
0.002897487559365243
0.002897469372991273
0.002897450597029908
0.002897429805396235
0.002897404901562672
0.002897374236156428
0.002897333093049216
0.002897274179865034
0.002897181743004562
0.002897088416254749
0.002897032596463825
0.00289698832254166
0.002896944427120824
0.002896889631303694
0.0028968665011313947
0.0028968664699400982
0.002896866461692972
0.0028968665360345177
0.002896866648291221
0.0028968667233392684
0.002896866772023928
0.002896866798120266
0.002896866741123004
0.002896866662109897
0.002896866579491814
0.002896866486476872
0.002896866444101275
0.002896866321607027
0.002896866093535061
0.002896865780599088
0.002896865436232468
0.002896865028115954
0.002896864550814584
0.002896863978540245
0.0028968633568317173
0.002896862720955352
0.002896862047618632
0.002896861246424584
0.002896860595591968
0.0028968599148045
0.002896859401334235
0.002896859000196796
0.002896858696410454
0.0028968585088652112
0.0028968583974983402
0.002896858370294061
0.002896858359611614
0.002896858374581983
0.002896858353629588
0.002896858297181055
0.002896858223906546
0.002896858119559521
0.002896858042611031
0.0028968580088980372
0.002896858077616119
0.002896858074182696
0.002896857934301574
0.0028968577239026753
0.002896857473693733
0.002896857169713737
0.002896856974373918
0.0028968567013251787
0.002896856479630252
0.002896856303606092
0.002896856111916344
0.0028968559307389267
0.0028968556699668184
0.002896855342061915
0.002896855094002108
0.0028968548725243092
0.0028968546111249683
0.0028968543301773077
0.002896853936793029
0.002896853443788566
0.002896852815110208
0.002896851978657251
0.002896851180517457
0.002896850545542916
0.002896849927398336
0.002896849274658622
0.002896848544149304
0.002896847664240698
0.002896846591843773
0.0028968451848414537
0.002896843969271413
0.002896842952753955
0.002896842730730354
0.002896842284474214
0.002896841947838778
0.002896841581674707
0.0028968412820503343
0.002896841026848227
0.002896840703280466
0.0028968404214148318
0.0028968401522567687
0.002896839898779765
0.002896839629121453
0.002896839294490698
0.0028968391247782637
0.002896838946862277
0.002896838784396445
0.002896838639594244
0.002896838500167732
0.002896838309163531
0.002896838107640143
0.002896837921384972
0.002896837740675541
0.0028968375450586343
0.002896837329080573
0.00289683705234569
0.002896836807319439
0.002896836543949833
0.002896836275381072
0.002896835941208335
0.002896835530457073
0.002896835003806492
0.002896834372019135
0.002896834272177772
0.00289683399627248
0.0028968337981380167
0.00289683358340924
0.00289683338254627
0.002896833205912864
0.002896833006366832
0.002896832572703571
0.0028968319310305017
0.0028968311488322272
0.002896830163551682
0.002896828861144634
0.0028968269631564473
0.00289682392243001
0.002896818867154334
0.00289680970024945
0.0028968000460879917
0.002896790529271305
0.002896780536782153
0.002896767375907325
0.0028967586735759586
0.002896755989070942
0.002896759426073859
0.0028967717470822782
0.002896800253830519
0.0028968430920958983
0.002896889344031445
0.002896938827745207
0.002896999249557594
0.002897040781777291
0.002897084587293758
0.002897123755470228
0.002897161037257144
0.0028972018628388467
0.002897255645007671
0.0028973231578363627
0.002897371524691832
0.002897418030737271
0.002897467498546728
0.00289752519613173
0.002897596207452741
0.002897693252281633
0.002897837777525926
0.0028980832451438628
0.002898346082407235
0.002898579391732934
0.002898784119957243
0.002898958997246223
0.002899104721000492
0.002899141572735029
0.002899142131644887
0.0028991417909712508
0.0028991336806767983
0.0028991181155043973
0.002899107637534216
0.002899095155100956
0.002899074762757635
0.002899050507649539
0.002899029396121092
0.002899013260482191
0.002899004655517613
0.0028990058854901713
0.002899020396458199
0.002899049658245477
0.002899094823903487
0.002899157767067201
0.0028992385996280626
0.002899313022623447
0.002899381695150789
0.0028994499096896263
0.0028995296343654223
0.00289957577897431
0.0028996205948744217
0.002899655609419212
0.002899683187941424
0.002899707335321355
0.002899729420819492
0.002899753680834594
0.002899790198091645
0.002899815714937769
0.002899835820844617
0.00289985571723302
0.0028998764576136592
0.002899901072341275
0.002899930774891198
0.002899969922895904
0.002899999364123727
0.002900024214734427
0.002900048635178557
0.002900074862600282
0.002900105397283988
0.002900146648774351
0.002900177247724515
0.002900205195587519
0.002900233788187069
0.002900265018866451
0.0029003005901289567
0.002900344272443912
0.002900400379683338
0.00290047322351389
0.002900538440893457
0.002900592041041311
0.002900635631906446
0.002900639794087181
0.002900639921957664
0.002900640579869212
0.002900645820620415
0.002900657480584245
0.0029006753843228692
0.002900713114363387
0.002900765059572796
0.0029007845706496118
0.00290080513769353
0.0029008172647956637
0.002900827689520883
0.002900851840727746
0.002900891046771463
0.002900920389958705
0.002900942666603826
0.002900960099994669
0.002900972999180994
0.002900982535803066
0.002900983201758602
0.002900978155855793
0.002900969050599807
0.002900955642546146
0.002900938821375251
0.002900920452410012
0.002900899393666824
0.002900873412324419
0.002900833955644826
0.002900787503782512
0.00290075077841012
0.0029007141627754736
0.002900674640884219
0.0029006284696380938
0.002900571657517049
0.00290049558212665
0.002900385898876105
0.002900315146326711
0.002900242434991969
0.002900176500260462
0.002900107146915063
0.002900042048727964
0.002899971337698341
0.002899876207375652
0.0028996943846734922
0.002899435670903482
0.0028991318946672
0.002898790869829721
0.002898399602331296
0.002898165739442296
0.002897983070317652
0.0028978070028102248
0.002897679492807016
0.002897559497887722
0.002897364093760145
0.0028971545278325592
0.002896997863290673
0.002896975220924587
0.0028969747610443327
0.00289697382772226
0.002896972270086069
0.002896971021757465
0.002896970056114607
0.002896969121135046
0.002896968735829817
0.002896968227792525
0.002896967676639107
0.002896966647750545
0.002896965549112594
0.002896964471009904
0.002896963258932326
0.002896962060632144
0.002896961264040594
0.002896960751788249
0.002896960414122283
0.002896960171687613
0.002896960024359332
0.002896959886115692
0.002896959691896986
0.002896959476221035
0.00289695917408495
0.002896958740488605
0.002896958163281961
0.002896957535651147
0.0028969568861364962
0.002896956107915988
0.002896955379701673
0.002896954574862383
0.002896953805331889
0.0028969529873822297
0.002896952014727594
0.002896950842514596
0.0028969492250886467
0.002896947390174383
0.00289694582998884
0.002896944419449953
0.0028969430179020678
0.002896941457119701
0.002896940141131198
0.002896938499389377
0.002896937188435873
0.002896936054699968
0.002896934972021766
0.002896933893397789
0.0028969326952233312
0.00289693096121609
0.002896929381702016
0.002896928150491563
0.0028969269395468468
0.002896925663587751
0.002896924166773415
0.002896922356903753
0.002896919964507045
0.002896916612396405
0.0028969115045575336
0.002896902528447735
0.002896893271868225
0.002896884414818414
0.002896875630759443
0.002896866798050408
0.002896857735805498
0.002896848371255216
0.002896845854530527
0.0028968410828681627
0.002896840098816215
0.002896838792294337
0.0028968383881167858
0.002896837587792773
0.002896837423644523
0.0028968370966807933
0.0028968368820169797
0.00289683666225756
0.002896836423825245
0.002896836204043667
0.002896836011139605
0.002896835811724191
0.002896835667938869
0.002896835511665922
0.0028968354004442953
0.002896835244255904
0.002896835117916716
0.002896834998022249
0.002896834841766328
0.002896834564523815
0.002896834083746026
0.0028968335506362832
0.002896832959909752
0.002896832292107025
0.002896831539372232
0.002896830680258942
0.002896829695987038
0.0028968285792405827
0.0028968273182719897
0.002896825897792089
0.00289682430388122
0.0028968225239827733
0.002896820548524128
0.002896818372257993
0.0028968159962164852
0.002896813428889352
0.002896810688605464
0.002896807804947144
0.002896804819695069
0.00289680178746112
0.002896798774052663
0.0028967958540975463
0.0028967931067496607
0.0028967920827624467
0.0028967920721659577
0.00289679208997949
0.002896792156034466
0.002896792212034543
0.0028967921969179837
0.0028967921712594147
0.002896792126457997
0.002896792053848063
0.0028967919282460682
0.002896791783021119
0.0028967916284107498
0.00289679147480693
0.002896791338123633
0.002896791196398291
0.002896791031431095
0.002896790834281906
0.0028967906290291528
0.00289679041674684
0.002896790204259495
0.0028967899858321866
0.002896789763278768
0.002896789527997746
0.0028967892770868082
0.002896788989337464
0.002896788650306167
0.002896788215284861
0.002896787576397156
0.002896786488618358
0.002896785215721127
0.002896784185552927
0.0028967836116429633
0.0028967836014358738
0.002896783584985811
0.0028967835498053597
0.002896783516370975
0.002896783509651598
0.0028967835105243077
0.002896783527180942
0.002896783547975606
0.002896783558616894
0.002896783532209012
0.002896783490828111
0.002896783445446685
0.002896783392919088
0.002896783340917111
0.00289678329282856
0.0028967832412492367
0.002896783174004281
0.002896783086656912
0.0028967830284569282
0.002896782964757862
0.002896782874064832
0.002896782764152752
0.0028967826289260337
0.002896782437719648
0.0028967821892118208
0.002896781878635343
0.0028967816728078
0.002896781450970884
0.002896781257396273
0.002896781073468428
0.002896780899991732
0.002896780588148741
0.0028967802903987778
0.002896779896526393
0.002896779521519744
0.002896779227402555
0.002896778914876695
0.002896778658691825
0.002896778338645095
0.002896778175783096
0.002896778023235984
0.002896777936523578
0.0028967779502654966
0.002896778089440746
0.002896778329791423
0.0028967786288072567
0.002896778896523941
0.002896779141662426
0.002896779334228437
0.002896779505660007
0.00289677967644683
0.002896779866032653
0.0028967800925504892
0.00289678034083207
0.002896780541178145
0.0028967807349983533
0.0028967809390154312
0.002896781158323198
0.002896781400387138
0.00289678165167274
0.0028967819195058137
0.00289678221849978
0.002896782553102163
0.00289678286898467
0.0028967831726115557
0.0028967834712965
0.002896783774032549
0.0028967840738349433
0.0028967843709423002
0.002896784645887609
0.002896784795796336
0.002896784835251421
0.002896784797834667
0.002896784704556663
0.002896784583080477
0.0028967844246836297
0.002896784226742114
0.002896783919445439
0.002896783559950527
0.0028967833022135233
0.002896783172104394
0.002896783171354144
0.002896783076429357
0.00289678298922393
0.002896783044856013
0.002896783432118888
0.0028967838109375172
0.002896784118847983
0.002896784452779748
0.002896784790544736
0.002896784922670544
0.0028967848554222312
0.002896784658332318
0.002896784400890621
0.002896784092798823
0.002896783748323081
0.002896783409929406
0.0028967830698870497
0.002896782752936698
0.002896782448735467
0.002896782155317244
0.002896781846039847
0.0028967815196011878
0.002896781152248427
0.002896780713140982
0.0028967802738024554
0.002896780114160297
0.002896781238717535
0.002896788456676103
0.0028968217535381012
0.002896891885318888
0.002897020198645605
0.0028971101191292907
0.002897178760287741
0.002897247123045968
0.002897276360658797
0.002897276578038568
0.002897277002751513
0.002897279141666276
0.002897284672797047
0.002897293128942153
0.002897305240040577
0.0028973079939975184
0.0028973133625417938
0.002897320386103317
0.002897326918116217
0.002897332202565026
0.0028973360945123462
0.002897337747131909
0.002897337758745893
0.002897336747376154
0.002897334587192616
0.002897331590832818
0.002897327922923339
0.002897324016179874
0.0028973194204158187
0.002897314178253649
0.002897309172915639
0.002897305294677468
0.0028973052528831083
0.002897302336293909
0.002897293709284744
0.002897287212300389
0.00289728086743516
0.002897273640001117
0.0028972653547054243
0.00289725551108612
0.002897245114053863
0.002897237381423342
0.00289723153707214
0.002897225996615291
0.002897218068200481
0.002897211639168198
0.002897206178255359
0.002897200362949746
0.00289719375337774
0.002897185021676353
0.002897177122542177
0.002897170450308381
0.002897164216738056
0.002897157544615056
0.0028971524155807418
0.002897146825817563
0.002897142209528966
0.002897138088672934
0.002897133946022221
0.002897129370571005
0.002897122820820422
0.002897116391767699
0.002897111360958536
0.0028971063775146723
0.002897101070899728
0.002897094796102357
0.002897087109147763
0.002897076724650592
0.002897061604066234
0.002897037701647941
0.002897003065141073
0.002896969772822158
0.002896938375432608
0.002896908842026952
0.002896881574761995
0.002896857625399425
0.002896841252853073
0.00289682908644115
0.002896819741762917
0.002896811802103928
0.002896810624459574
0.002896810577522484
0.002896810484888068
0.002896810318761225
0.002896810161002613
0.002896810022794718
0.002896809966197129
0.002896809862380919
0.00289680972502967
0.002896809509110277
0.002896809311507664
0.002896809119101299
0.002896808906027656
0.0028968086201353427
0.002896808260594607
0.002896807958435386
0.002896807641843996
0.002896807280035339
0.002896806810441611
0.0028968060816242282
0.002896805489308568
0.002896804996650083
0.002896804334428159
0.002896803767036208
0.0028968032861299833
0.002896802747446543
0.002896802022713291
0.002896800884519267
0.002896798818581041
0.002896796443682481
0.0028967933145417468
0.002896790607456129
0.002896788416682356
0.0028967866560295893
0.002896785275750333
0.00289678448147186
0.002896784475240098
0.002896784448897621
0.002896784339292333
0.002896784167979513
0.002896783965493857
0.002896783871102568
0.00289678377201347
0.002896783711099091
0.002896783649782889
0.0028967835346623482
0.002896783347684274
0.0028967831882088678
0.002896783059058484
0.00289678295278182
0.00289678287554313
0.00289678283414769
0.002896782836969312
0.002896782891641824
0.00289678299894641
0.002896783155179567
0.002896783353543842
0.002896783586600205
0.0028967838282773256
0.002896784053184463
0.002896784177308918
0.002896784285739307
0.0028967843547009643
0.00289678438387265
0.002896784429180161
0.0028967844671126124
0.002896784505033566
0.002896784530828272
0.002896784517351474
0.002896784410235018
0.002896784207145286
0.0028967839290263034
0.002896783706190822
0.002896783552499705
0.0028967834604323958
0.002896783408204117
0.002896783383557263
0.002896783387264205
0.002896783398914934
0.002896783423589874
0.002896783457805202
0.002896783505755817
0.00289678353473033
0.002896783550941122
0.0028967835676284148
0.002896783572734797
0.0028967835761392418
0.002896783579594085
0.002896783580752068
0.002896783547123161
0.0028967834466052467
0.002896783220418534
0.002896782737522585
0.002896782048389294
0.0028967812159094537
0.0028967802403566762
0.002896779100269171
0.002896777667442697
0.00289677596475571
0.002896774171516773
0.002896772814828575
0.002896771717392467
0.002896770869136014
0.0028967702809187777
0.0028967699089319033
0.002896769694484332
0.002896769583805193
0.002896769652533589
0.002896769545691457
0.002896769532267365
0.002896769538087303
0.002896769620907567
0.002896770015197981
0.002896770623711116
0.0028967714146622297
0.002896771992135249
0.002896772531043028
0.002896773060337363
0.002896773469501139
0.0028967738627750828
0.002896774193416169
0.002896774534382176
0.0028967747963205533
0.002896775085287962
0.002896775425688143
0.0028967760203611093
0.002896776406459645
0.002896776733960988
0.002896777068985397
0.002896777425497092
0.002896777853398412
0.002896778402810355
0.002896779078162339
0.002896780031583588
0.002896780864246136
0.002896781446019176
0.002896781880354987
0.002896782278647465
0.002896782829865188
0.002896783262760561
0.002896783611370872
0.002896783960184297
0.0028967843245011333
0.002896784739567838
0.002896785234667206
0.002896785586387216
0.002896785792907342
0.0028967859325287402
0.002896786039645935
0.002896786146683874
0.002896786221475839
0.002896786267249674
0.002896786305836152
0.0028967863397267022
0.002896786371879076
0.002896786406138976
0.002896786430878815
0.002896786438452327
0.002896786436506514
0.002896786425786725
0.002896786402335138
0.002896786359086303
0.002896786278689949
0.002896786126206259
0.002896785818498903
0.002896785142224204
0.002896784408166333
0.002896783779608789
0.002896783315882647
0.002896783041475166
0.002896782936240692
0.002896782956460796
0.002896783047643746
0.00289678315977365
0.002896783257097989
0.0028967832621222198
0.00289678321945168
0.002896783098136002
0.00289678291955188
0.002896782713916666
0.002896782631215513
0.002896782613281365
0.002896782670509899
0.002896782697249501
0.002896782772427113
0.0028967828874150252
0.002896782966432942
0.002896783030948485
0.002896783069551102
0.002896783152465931
0.0028967831704205986
0.002896783190887545
0.002896783224721692
0.0028967832013618512
0.002896783186814156
0.002896783150729187
0.00289678307360332
0.002896782955958148
0.002896782811629441
0.002896782642988004
0.002896782445226091
0.002896782209016303
0.002896781932696287
0.002896781770241972
0.00289678162145796
0.002896781533239436
0.00289678151829141
0.002896781509293905
0.0028967815782638563
0.002896781577110182
0.002896781484914361
0.002896781259252569
0.002896780990979517
0.0028967807392646762
0.0028967805133087053
0.002896780293334523
0.0028967800032699527
0.002896779761548206
0.00289677956053435
0.0028967793642461427
0.002896779198537826
0.002896779123682715
0.002896779136911352
0.0028967791525484504
0.0028967791452021692
0.0028967790976908657
0.002896779024909661
0.0028967789449847563
0.002896778852944919
0.002896778748103405
0.002896778614053538
0.00289677842122443
0.002896778125233322
0.002896777816423192
0.00289677745302076
0.002896776974311685
0.0028967763059243763
0.002896775329301921
0.002896773860445676
0.00289677160395382
0.002896767741857439
0.002896761145668882
0.002896749819640976
0.002896727870212415
0.0028966893285926527
0.002896628488607182
0.002896553756828035
0.00289652089662987
0.0028965666835943102
0.002896650592487205
0.00289679986006879
0.002896957005497052
0.002897120752678621
0.002897315073838556
0.0028975348467330533
0.002897813361284152
0.002898208380872971
0.002898742017173134
0.0028992513978184802
0.002899722665599396
0.002900151164478556
0.0029005307671829002
0.002900848564231148
0.002901088230378207
0.0029010892530046102
0.002901093318665684
0.002901114682142335
0.002901154189576607
0.002901206187060941
0.002901267352494769
0.002901298653671052
0.002901329729698581
0.002901348483944373
0.002901363352147751
0.0029013920867828197
0.002901436275291082
0.00290146896459541
0.002901490919172738
0.0029015040104980482
0.002901505865720827
0.002901498164366612
0.002901483852466826
0.002901463701173708
0.002901430844465642
0.0029013925517309353
0.002901362736062665
0.002901332639312913
0.002901299593494639
0.0029012610849675482
0.002901214746604316
0.00290117484755085
0.0029011463954808996
0.002901122620012102
0.002901096469511093
0.0029010721532034328
0.002901047517006887
0.0029010233229098768
0.0029009971569256303
0.0029009653548618497
0.0029009263563079157
0.0029008803785219913
0.002900843838031598
0.002900813834067979
0.002900785703757098
0.002900755266280929
0.002900718446636063
0.002900688244174633
0.002900664858535781
0.002900643665153037
0.002900623241424865
0.002900601577138928
0.002900574474723929
0.002900547743080182
0.002900520938331356
0.0029004960234357
0.002900470427332942
0.00290044213792324
0.002900408072487069
0.002900366185961187
0.002900312558856122
0.002900257317212305
0.002900198909800613
0.0029001618692140337
0.002900124444409474
0.002900092031669354
0.0029000617623410477
0.002900028518131778
0.002899981674555502
0.002899933580173879
0.002899895429935805
0.002899857043152448
0.002899815042869491
0.0028997655349069697
0.002899700370995156
0.00289962082094242
0.002899545235234702
0.0028994741684846732
0.002899401723603926
0.002899324178004108
0.002899236075396622
0.002899134888154409
0.002899010520628173
0.002898851509527847
0.002898633119747577
0.002898485457441457
0.002898355158935216
0.002898195838769731
0.002897930059418564
0.002897670377851541
0.002897438286331644
0.002897241522094767
0.0028970822045896317
0.002897003169416766
0.002897002849209233
0.002897002215316038
0.002897000887684096
0.002896999527938968
0.0028969979693850246
0.002896997398257307
0.002896996834191656
0.002896996479660522
0.002896996151064809
0.0028969954885812352
0.002896994226038713
0.0028969926233212207
0.002896991000583956
0.0028969891518100008
0.0028969870050884034
0.002896984495537919
0.0028969815739916262
0.0028969783626774472
0.002896974969577006
0.002896971539664415
0.002896968228482731
0.00289696504277425
0.0028969618197808153
0.002896957565904446
0.002896953655114543
0.00289695065599267
0.002896947705379624
0.002896944556174804
0.002896940802204634
0.002896936179107345
0.002896932123243726
0.002896928984850308
0.002896926094827217
0.002896922573952211
0.002896918791855212
0.002896915961935965
0.0028969131370095752
0.0028969100595776427
0.002896906301370451
0.002896902548178664
0.002896899291446021
0.002896896194372224
0.002896892652347344
0.0028968903447312466
0.002896887963014297
0.0028968859010197207
0.002896884002521223
0.002896882003514163
0.00289687956399546
0.002896877271145623
0.00289687498518465
0.0028968728836263587
0.002896870757427242
0.002896868440877056
0.00289686570744763
0.002896862390513413
0.002896857985885614
0.002896851691677973
0.0028968416223458787
0.0028968308713689
0.002896820989662565
0.002896812027831308
0.00289680416506636
0.002896797531820467
0.002896793666713145
0.002896793629182314
0.002896793547281168
0.00289679344264925
0.002896793354979022
0.002896793324670951
0.002896793291386934
0.0028967932436097053
0.002896793162845944
0.002896793035566443
0.002896792898595395
0.002896792762860682
0.00289679262859081
0.002896792480860301
0.002896792272453247
0.0028967920396029997
0.002896791852352653
0.002896791659717515
0.0028967914350285042
0.002896791157816503
0.002896790740479556
0.0028967901556733
0.002896789503125166
0.002896788731927201
0.002896788185430193
0.002896787474564722
0.002896787051198515
0.002896786817053971
0.0028967866991020923
0.002896786677102945
0.002896786745443258
0.00289678698433859
0.0028967872269316302
0.002896787437995979
0.0028967876502112863
0.002896787870948656
0.002896788137330171
0.002896788539298873
0.002896788967327975
0.002896789373772944
0.0028967897690490383
0.0028967901536703002
0.002896790574817348
0.002896790997381904
0.002896791224198249
0.002896791360493584
0.00289679143354475
0.002896791441063258
0.002896791358712669
0.0028967911265452063
0.002896790669530691
0.002896789790992458
0.002896788720807399
0.002896787653894495
0.002896786664866857
0.0028967858179699576
0.00289678520632858
0.002896784812481693
0.002896784567408727
0.0028967844081373784
0.002896784404207571
0.002896784389663817
0.002896784347447344
0.0028967842885607937
0.00289678422801427
0.002896784146716764
0.002896784092304209
0.002896784080989027
0.002896784082021163
0.002896784091156104
0.0028967841231206867
0.002896784161931949
0.002896784256172717
0.002896784525221381
0.002896785026038494
0.0028967857293130017
0.002896786624585555
0.002896787726013063
0.002896789225534531
0.002896790486213887
0.002896791682452065
0.002896792769730248
0.002896793819896712
0.0028967948474174117
0.0028967956974987707
0.002896796145909257
0.002896796305877127
0.0028967963686647932
0.002896796436931808
0.002896796548972247
0.0028967966640909178
0.002896796799048881
0.002896796951169222
0.002896797133614054
0.00289679736259285
0.002896797592521903
0.002896797628829416
0.002896797482873356
0.002896797219025183
0.002896796865885927
0.002896796394631653
0.0028967959845705086
0.002896795455975377
0.0028967950248351532
0.002896794655665157
0.0028967943111771113
0.002896793983341793
0.00289679364735685
0.0028967932567581503
0.002896792889181411
0.0028967924852482943
0.0028967921318887213
0.002896791786090328
0.0028967914155012347
0.002896790998140629
0.002896790495347958
0.002896789850339118
0.002896789030683642
0.0028967878589722658
0.002896786011459252
0.002896783513437033
0.002896781648512715
0.002896780456887614
0.00289677989494017
0.002896779889374481
0.002896780338386412
0.002896781113469853
0.0028967820567848183
0.002896782905231979
0.002896783562034245
0.002896784056346889
0.002896784428279324
0.002896784724937096
0.002896784850252352
0.002896784854701172
0.002896784812539069
0.0028967847394087073
0.002896784639697319
0.00289678452321468
0.0028967843841853367
0.002896784275916415
0.002896784255888251
0.0028967842584692012
0.002896784261667919
0.0028967842339266423
0.0028967841586883558
0.002896784046432494
0.0028967838907458347
0.002896783699715843
0.00289678359698091
0.002896783490174506
0.0028967834479568058
0.002896783386974401
0.002896783286484844
0.00289678311589382
0.002896782953625641
0.002896782794777773
0.002896782588636923
0.00289678227046137
0.002896781807427426
0.002896781169143867
0.002896780380540144
0.00289677961052553
0.002896778852290168
0.002896778136144587
0.002896777445795583
0.00289677669601845
0.002896775672653353
0.0028967749785085493
0.002896774454721361
0.0028967740143508412
0.00289677371954308
0.00289677356184589
0.002896773618344658
0.002896773476395087
0.002896773381643804
0.002896773338919315
0.0028967731930923343
0.0028967730599652928
0.002896773045411155
0.002896773037455139
0.002896773212655216
0.0028967736505411917
0.0028967741403273218
0.002896774668064996
0.002896774960191887
0.0028967752362011653
0.002896775460600237
0.0028967757640751667
0.0028967760071543953
0.002896776264568199
0.0028967764675793648
0.002896776671309121
0.002896776930828123
0.002896777168287087
0.002896777450838992
0.002896777744645895
0.0028967780014329167
0.002896778256213744
0.002896778568423945
0.002896778861887287
0.0028967792478357037
0.002896779761612381
0.0028967803996609418
0.002896781322850286
0.002896782378737456
0.002896783167782517
0.0028967837753384983
0.002896784505118276
0.002896785074840709
0.00289678550982131
0.002896785946051633
0.0028967864317351972
0.002896787003460316
0.002896787542232701
0.002896787578635458
0.0028967871845911163
0.002896786475706519
0.002896785598371183
0.002896784706917812
0.002896783947294113
0.002896783420874783
0.002896783158119632
0.002896783129117625
0.002896783279658217
0.0028967835346900782
0.002896783806584524
0.002896784019473055
0.0028967840995456507
0.0028967840525929377
0.002896783890366596
0.0028967834611458923
0.002896783255518774
0.002896783090957492
0.002896783088641175
0.002896783108414417
0.002896783231613617
0.002896783479932655
0.002896783741846449
0.002896783996822111
0.0028967842794856
0.0028967844687524183
0.002896784581176943
0.002896784657001949
0.002896784659434626
0.002896784655544111
0.0028967846556147967
0.00289678467148846
0.0028967847000605468
0.002896784733940849
0.002896784766652313
0.002896784776361078
0.002896784765968198
0.002896784743285311
0.002896784708955649
0.0028967846659360462
0.0028967846201510008
0.002896784573937629
0.0028967845217773226
0.002896784492390438
0.002896784478317596
0.002896784469827916
0.002896784463527134
0.002896784455819642
0.002896784440603926
0.002896784419427644
0.002896784394113085
0.0028967843657359948
0.002896784334527091
0.0028967843180536922
0.002896784306551129
0.0028967843012088572
0.002896784299867566
0.002896784301068142
0.002896784305325641
0.002896784310901211
0.002896784317835106
0.002896784324263582
0.002896784330705148
0.002896784337327074
0.002896784344412246
0.00289678435177404
0.0028967843593375136
0.002896784365797297
0.0028967843666829946
0.002896784350145612
0.002896784319061544
0.002896784281915875
0.0028967842447704148
0.002896784212402503
0.00289678418714019
0.0028967841870022938
0.002896784256067187
0.002896784327857624
0.002896784468073231
0.0028967846152500223
0.002896784766250405
0.002896784873917004
0.00289678492485854
0.002896784929984847
0.002896784857958837
0.002896784729570422
0.0028967845972746992
0.0028967844206074993
0.002896784269864753
0.002896784149097939
0.002896784073335192
0.0028967839765426957
0.002896783891091001
0.002896783833148771
0.002896783803590755
0.002896783784441453
0.002896783772935123
0.002896783767520833
0.002896783769615545
0.002896783781483889
0.0028967837992339767
0.00289678382201242
0.0028967838495799923
0.002896783883951463
0.002896783930071446
0.0028967839747519914
0.002896784003615366
0.002896784028291745
0.002896784048427491
0.0028967840659541323
0.002896784082238098
0.002896784099063776
0.002896784118918987
0.002896784141556807
0.002896784160610913
0.0028967841630739032
0.002896784156972349
0.0028967841492226463
0.002896784145559571
0.0028967840941869242
0.0028967839448932843
0.0028967836005811803
0.002896783352855369
0.0028967832433239127
0.002896783225513805
0.002896783294542104
0.002896783440211053
0.002896783749444561
0.0028967840596325714
0.0028967843637525623
0.0028967845543118697
0.002896784745696887
0.0028967848674769873
0.00289678495200123
0.002896785008937824
0.0028967850124878847
0.002896785008956669
0.002896784988657333
0.002896784956222184
0.002896784908282336
0.002896784841902895
0.002896784740945381
0.0028967846389548932
0.0028967845425637777
0.002896784448962983
0.002896784357203326
0.002896784259786656
0.0028967842093911853
0.0028967841766202023
0.0028967841684747267
0.002896784178118855
0.002896784200593624
0.002896784231731236
0.002896784268638257
0.002896784310301069
0.002896784340473319
0.002896784360367462
0.0028967843685315494
0.002896784370084303
0.002896784367726211
0.002896784364460071
0.002896784368641968
0.0028967843867514884
0.00289678442269967
0.002896784453568322
0.002896784471484313
0.002896784477479473
0.002896784472445196
0.002896784453397656
0.002896784434770691
0.0028967844167274996
0.002896784398221704
0.002896784378798273
0.002896784355831897
0.002896784331068789
0.002896784311156104
0.0028967842935551987
0.002896784277200431
0.002896784261265511
0.002896784245903097
0.002896784230555919
0.00289678421546784
0.0028967842013257333
0.002896784191250638
0.002896784186144888
0.0028967841828641708
0.0028967841790198097
0.0028967841736838433
0.002896784208593951
0.002896784302112166
0.002896784479644247
0.0028967845863506463
0.002896784671579987
0.002896784754998537
0.002896784841567779
0.0028967848446304696
0.0028967848529609813
0.002896784928274317
0.002896784880074056
0.00289678489993175
0.0028967848340137412
0.002896784808311278
0.002896784693715908
0.002896784555866002
0.0028967843833540632
0.002896784229446333
0.002896784087509149
0.0028967839519595602
0.0028967838113997057
0.002896783674453033
0.002896783565230504
0.0028967834753540742
0.002896783411162711
0.002896783367072076
0.002896783325207956
0.002896783300064358
0.002896783278423625
0.002896783268350547
0.00289678326072507
0.002896783258908358
0.0028967832595567264
0.002896783263854869
0.0028967832735072533
0.002896783295581649
0.002896783348800303
0.002896783480201358
0.002896783661473092
0.002896783836359516
0.002896783985338552
0.002896784098974572
0.002896784178933146
0.0028967841945793057
0.002896784169039135
0.0028967840734657377
0.002896783738538352
0.002896783209988553
0.0028967825039521943
0.002896781671464674
0.002896781066210178
0.002896780798507032
0.002896780703129226
0.002896780576384008
0.002896780524735749
0.002896780563712654
0.002896780583293016
0.002896780812125394
0.0028967812544291303
0.002896781945538722
0.002896782645693332
0.0028967833429478012
0.0028967840959929483
0.002896784911750585
0.00289678563923647
0.0028967862196819447
0.002896786628135491
0.002896787045796637
0.002896787364815812
0.0028967877372617877
0.0028967881737979747
0.002896788758964043
0.002896789547918355
0.0028967907008306017
0.0028967915598013287
0.00289679224348506
0.002896792913078969
0.002896793555604214
0.002896794113167768
0.002896794416234485
0.002896794482016171
0.002896794432837426
0.002896794304775064
0.002896794153948992
0.00289679399022076
0.002896793826659746
0.002896793645024601
0.0028967934253509068
0.002896793144608579
0.002896792704796384
0.0028967922577678327
0.002896791806111065
0.0028967913121779342
0.002896790741381453
0.0028967898756279177
0.002896789172841989
0.002896788668832119
0.0028967882261499
0.002896787813657831
0.0028967873885881587
0.00289678686793447
0.0028967864062067823
0.0028967859650624343
0.00289678557056042
0.002896785185773228
0.002896784785053102
0.002896784338085531
0.0028967838393055712
0.00289678325301505
0.0028967825644150816
0.0028967817906964933
0.00289678121026338
0.0028967813141199204
0.002896781856766564
0.0028967826375657438
0.002896783211091987
0.002896783720039846
0.002896784158945752
0.002896784553076665
0.0028967847687507912
0.00289678477878062
0.002896784665370359
0.0028967845091476
0.002896784363774345
0.002896784347066117
0.002896784341334565
0.002896784355716006
0.002896784444703549
0.002896784512319376
0.002896784585138637
0.002896784635699908
0.002896784680716492
0.002896784712393719
0.002896784716490618
0.002896784695852678
0.002896784660868039
0.002896784614952131
0.0028967845712597313
0.002896784529470611
0.00289678448429931
0.002896784432269762
0.0028967843591338814
0.002896784265906775
0.002896784194231123
0.002896784155944403
0.0028967841496446963
0.0028967841652838
0.002896784187928738
0.002896784202564861
0.002896784196146654
0.002896784168572759
0.002896784144395687
0.0028967841437637022
0.00289678415976961
0.0028967841860666607
0.002896784174173914
0.0028967840958904357
0.0028967840112525877
0.002896783965459701
0.0028967838969446874
0.002896783790162672
0.002896783694922321
0.002896783639677789
0.002896783619108554
0.0028967836299369043
0.002896783664313763
0.002896783719755858
0.002896783785941153
0.002896783856725677
0.002896783925123209
0.002896783992561248
0.002896784060142753
0.00289678413055985
0.0028967842031370917
0.002896784253968182
0.002896784256527498
0.002896784224040908
0.002896784178473195
0.002896784137179068
0.0028967841260583516
0.0028967841237717033
0.0028967841235217513
0.0028967841235882953
0.0028967841235450708
0.00289678412354462
0.002896784123545067
0.002896784090531506
0.002896784052743228
0.00289678398609427
0.002896783845437826
0.002896783633620632
0.002896783511978298
0.0028967834501011473
0.002896783384714555
0.002896783292420517
0.002896783167892625
0.0028967830439324362
0.002896782943492773
0.0028967828605191387
0.002896782790291296
0.002896782745255922
0.0028967827331218272
0.002896782746075462
0.00289678279062636
0.002896782877733074
0.002896783002999714
0.002896783160954324
0.002896783344215989
0.002896783544875555
0.002896783756521237
0.0028967839731905854
0.0028967841608134436
0.002896784327583205
0.002896784481770194
0.002896784627259277
0.002896784767160027
0.0028967848315877088
0.002896784841844135
0.002896784802202786
0.002896784733085776
0.002896784634389855
0.0028967845277404042
0.0028967844240578777
0.002896784318077424
0.002896784191217621
0.002896784138735784
0.0028967841112205878
0.00289678409737977
0.002896784095519096
0.0028967841087525373
0.0028967841521828253
0.00289678415681588
0.0028967841717451657
0.002896784219339922
0.002896784265046692
0.0028967843024170978
0.00289678433704385
0.002896784374241222
0.0028967843944900837
0.002896784417052748
0.0028967844237813797
0.002896784429879463
0.002896784442872257
0.0028967844635140383
0.00289678448355021
0.002896784501214881
0.0028967845093955877
0.002896784508116414
0.002896784494133378
0.002896784468264154
0.0028967844249821488
0.002896784352164751
0.002896784232528538
0.002896784019871983
0.002896783671367586
0.002896783242891911
0.00289678276132737
0.0028967822152578464
0.0028967819844374723
0.002896781835654861
0.002896781788273367
0.002896781814856995
0.002896781911465668
0.0028967820968261162
0.002896782296248093
0.002896782478791764
0.002896782661243228
0.002896782874856303
0.002896782976838791
0.00289678308117565
0.0028967831787054857
0.002896783282334413
0.002896783407466484
0.002896783484365358
0.0028967835639040203
0.002896783641453073
0.0028967837250596564
0.0028967838222481632
0.002896783961042737
0.0028967840903996508
0.0028967842343679117
0.002896784373455843
0.0028967844991895403
0.0028967845823084717
0.0028967846268719813
0.002896784637444411
0.002896784614201891
0.002896784564413345
0.0028967845086871717
0.002896784438752185
0.0028967843558083653
0.002896784239802103
0.002896784093853428
0.002896783999484693
0.002896783986120516
0.00289678401616274
0.0028967840565233857
0.0028967840889061692
0.0028967840939936847
0.002896784081852392
0.002896784046144169
0.002896783976551109
0.002896783926622259
0.002896783889910855
0.002896783870759608
0.002896783873625798
0.0028967838840813563
0.00289678390493524
0.002896783922677148
0.002896783951476205
0.002896784027641069
0.0028967841458795427
0.002896784278630668
0.00289678433707641
0.002896784426980472
0.00289678452451123
0.002896784620161456
0.0028967847198888
0.0028967847821597978
0.002896784858930267
0.002896784937950058
0.002896785019570793
0.002896785127642623
0.0028967852840592217
0.0028967855031285347
0.002896785807763789
0.002896786299670025
0.002896786661127744
0.0028967869066244007
0.0028967870946311623
0.002896787225512276
0.002896787290259144
0.00289678720697712
0.002896786970816898
0.002896786693771356
0.002896786354817651
0.00289678594189019
0.002896785432278885
0.002896785093588619
0.0028967847843072393
0.002896784472570448
0.002896784110596313
0.002896783775958459
0.002896783456594116
0.0028967831067048797
0.002896782853964423
0.0028967825433279517
0.00289678231991986
0.002896782148097564
0.0028967820010656997
0.002896781870899881
0.002896781738245244
0.0028967817066621777
0.002896781718897321
0.002896781764860277
0.002896781846719476
0.0028967819830779252
0.002896782198126451
0.0028967825466508436
0.002896783106103821
0.002896783612137925
0.002896783944627388
0.0028967841969226053
0.0028967843528114427
0.0028967844004503013
0.002896784401783442
0.002896784365219497
0.002896784299797206
0.002896784283101579
0.0028967842805526223
0.002896784271441029
0.002896784245660392
0.00289678420507643
0.002896784154199966
0.002896784069735233
0.0028967840308965122
0.002896784010371315
0.002896783989182386
0.002896783968712552
0.0028967839523573948
0.002896783919515965
0.00289678385207722
0.002896783759041263
0.0028967836698673482
0.002896783578833757
0.002896783488533832
0.002896783404282875
0.0028967833333945893
0.002896783289432723
0.00289678329074123
0.00289678333341153
0.002896783407841623
0.002896783503735764
0.002896783616563582
0.002896783716414023
0.002896783787548923
0.002896783815715188
0.002896783812273993
0.002896783775110383
0.002896783692678713
0.002896783571362173
0.002896783436556027
0.002896783290118036
0.002896783092162079
0.002896782894684387
0.0028967827385466462
0.002896782574221073
0.002896782384816615
0.002896782190404371
0.002896782025205812
0.002896781869208304
0.002896781733004055
0.002896781474629671
0.002896781223424303
0.002896780835624213
0.002896780424258766
0.002896780043549848
0.0028967796875835473
0.002896779406157389
0.002896779051594034
0.002896778791054613
0.002896778628607908
0.0028967784800861783
0.0028967783894839404
0.002896778352548257
0.002896778481466428
0.002896778703365172
0.002896778927796755
0.0028967791411553994
0.0028967793729774553
0.002896779591667389
0.002896779763578141
0.002896779930700451
0.002896780101615893
0.0028967802963046
0.002896780531869056
0.00289678076018495
0.0028967809734264226
0.002896781158065851
0.002896781370175342
0.0028967815963773097
0.002896781846271226
0.002896782107408327
0.0028967823959109773
0.0028967827118858208
0.0028967830587978277
0.0028967833972487257
0.002896783726411687
0.0028967840530486184
0.002896784385984905
0.0028967847198818368
0.002896785055742593
0.002896785367854951
0.002896785578541363
0.0028967855449062102
0.0028967853263435358
0.002896784995601481
0.002896784619328276
0.002896784275383024
0.002896784064802221
0.00289678396602321
0.00289678391605527
0.002896783915799108
0.0028967838409139127
0.002896783742491486
0.002896783612295825
0.0028967833740971083
0.002896783255749881
0.002896783245867465
0.0028967832749430007
0.002896783374253559
0.002896783692510339
0.002896784026048396
0.002896784348520109
0.002896784617343743
0.002896784823018487
0.002896784896622498
0.002896784888950343
0.002896784815259165
0.002896784699941777
0.002896784570174849
0.002896784464882002
0.002896784369375427
0.002896784279163558
0.002896784196644986
0.002896784136296006
0.002896784097866514
0.002896784075089198
0.00289678406548624
0.002896784065926296
0.002896784075560193
0.002896784094418592
0.002896784110118337
0.002896784117914095
0.002896784130342285
0.002896784141446333
0.0028967841536438367
0.0028967841648295132
0.002896784166569938
0.002896784157431732
0.00289678409982805
0.002896784052674957
0.002896784029787403
0.0028967840500900817
0.0028967841128291188
0.002896784293403659
0.002896784530698165
0.0028967847235262067
0.002896784853097348
0.00289678491160266
0.002896784934012506
0.002896784921667943
0.002896784851955478
0.0028967847717889872
0.002896784673847948
0.0028967845731477327
0.0028967844694514013
0.002896784359496639
0.002896784280794992
0.002896784228168024
0.0028967841895566272
0.002896784190841675
0.002896784209133598
0.002896784241037736
0.0028967842793910224
0.002896784324908746
0.002896784381060423
0.002896784405327301
0.0028967844133028103
0.002896784413832702
0.002896784411341533
0.002896784410292247
0.002896784431504042
0.0028967844914085097
0.002896784528882892
0.002896784539979998
0.002896784538909668
0.002896784528690971
0.002896784507576466
0.002896784481531501
0.002896784460603905
0.002896784440521688
0.002896784419655817
0.0028967843966449017
0.002896784369132941
0.002896784339698227
0.002896784316163617
0.002896784294460626
0.00289678427470596
0.002896784255240444
0.0028967842365020154
0.002896784218087434
0.002896784200666179
0.0028967841859008493
0.002896784179748005
0.002896784179305581
0.002896784181472406
0.002896784186771621
0.00289678419379221
0.002896784198749512
0.002896784197559483
0.002896784195539951
0.002896784151961587
0.002896784061307788
0.0028967839256059964
0.002896783840653002
0.002896783864889742
0.002896783892647095
0.002896783907255312
0.002896783912404538
0.002896783919303644
0.0028967839489215897
0.002896784000984769
0.002896784073134116
0.00289678410109879
0.002896784159883929
0.002896784217649592
0.002896784277414539
0.002896784326818027
0.002896784371813856
0.002896784414546911
0.002896784447650027
0.002896784472930854
0.0028967844890304627
0.002896784492027903
0.002896784469700779
0.002896784411642683
0.002896784336739284
0.002896784261743768
0.002896784196324503
0.002896784151247813
0.002896784126098393
0.0028967841188137547
0.002896784123627901
0.002896784133937084
0.002896784143567298
0.002896784147213832
0.002896784162296493
0.002896784190580205
0.002896784189019618
0.002896784141239503
0.002896784089370892
0.00289678406038817
0.0028967840297347857
0.002896783990670372
0.002896783955105825
0.002896783889964253
0.002896783796913667
0.002896783695821511
0.002896783633576619
0.002896783604431091
0.002896783618832338
0.0028967837289514482
0.002896783931040795
0.002896784208699416
0.0028967845714642816
0.002896785061917825
0.002896785486727596
0.002896786020029251
0.002896786477046236
0.002896786843720882
0.0028967871077957637
0.002896787283080697
0.002896787417973789
0.0028967875632850176
0.002896787698784583
0.002896787798249572
0.00289678789642164
0.002896788001384628
0.0028967881231041167
0.002896788277168868
0.002896788440302091
0.002896788504877804
0.002896788499879885
0.0028967884464059642
0.0028967883501568002
0.00289678817781058
0.002896788045359019
0.002896787905223887
0.0028967877735291097
0.002896787651455282
0.0028967875251640412
0.002896787384389234
0.002896787180906595
0.00289678699445186
0.002896786849801307
0.002896786708401553
0.002896786560404208
0.0028967863886767706
0.002896786183182678
0.0028967859163801808
0.002896785552883392
0.0028967850244998703
0.002896784184529204
0.002896783407525968
0.002896782894889774
0.0028967826644268287
0.002896782731168462
0.002896783043387561
0.00289678331071753
0.002896783536708955
0.0028967837753369418
0.00289678399382063
0.0028967842169047597
0.002896784303011137
0.002896784313748064
0.00289678433293471
0.002896784325578589
0.002896784268682779
0.00289678418334176
0.0028967841374393333
0.002896784050610925
0.002896783958148976
0.002896783782991189
0.0028967836069440102
0.002896783445575843
0.0028967832900888093
0.002896783154443672
0.002896783078734058
0.002896783043634857
0.0028967830262810698
0.0028967830005342823
0.002896782884744075
0.0028967826661971128
0.002896782377641006
0.002896781979475874
0.002896781446039562
0.002896780803587224
0.002896780182404213
0.002896779618860889
0.002896779036004648
0.0028967781607197
0.002896777540365291
0.002896777076155226
0.00289677667106717
0.002896776375607258
0.00289677619890288
0.0028967761224227024
0.002896776147217129
0.002896776302422476
0.002896776495324495
0.0028967766054964718
0.002896776775940066
0.00289677700141949
0.00289677742315325
0.002896777976677974
0.002896778480419453
0.00289677895814308
0.002896779420904361
0.002896779903923779
0.0028967804707222358
0.002896780999085513
0.002896781502195407
0.0028967819687203524
0.00289678241637566
0.00289678287737466
0.002896783386697142
0.002896783831708186
0.002896784245922648
0.002896784656217857
0.0028967850847726817
0.002896785529310174
0.002896786007308015
0.002896786502601692
0.002896786955171314
0.0028967871390972316
0.00289678706991659
0.0028967867968450202
0.002896786360111985
0.002896785894892288
0.002896785472826991
0.0028967851154646836
0.002896784757786251
0.002896784513941537
0.002896784382638936
0.002896784284342676
0.00289678420289591
0.0028967841459502782
0.002896784102526652
0.002896784069159598
0.002896784055046276
0.002896784078782128
0.002896784159491602
0.002896784269000466
0.002896784354003597
0.002896784336325512
0.0028967842873776164
0.002896784201967241
0.002896784165208614
0.002896784166210603
0.0028967842601181253
0.0028967843243793557
0.0028967844953954372
0.002896784682338105
0.002896785102985034
0.002896785713769144
0.002896786466620477
0.0028967873928229682
0.002896788551420149
0.0028967904936475363
0.002896791885769189
0.002896792954188882
0.002896793991344722
0.002896795014536917
0.002896795983255384
0.00289679661210604
0.002896796866102707
0.002896796957975577
0.002896797021472556
0.0028967970894169842
0.002896797184767876
0.002896797297645191
0.002896797421243497
0.002896797573472079
0.0028967977813429188
0.002896797952940636
0.002896798072603695
0.002896797967353678
0.0028967977595246233
0.002896797401059632
0.002896796974278523
0.002896796287093119
0.002896795821923334
0.002896795293040236
0.0028967948594253983
0.002896794438785384
0.002896794050403751
0.002896793687768202
0.002896793221841461
0.002896792488933759
0.00289679196968673
0.00289679157936949
0.0028967911433021762
0.002896790715385658
0.002896790166380303
0.002896789524898434
0.002896788637688992
0.0028967875743379293
0.00289678648153756
0.0028967854106639653
0.002896784368478455
0.002896783484864486
0.0028967826728118393
0.0028967819127968947
0.0028967812094724743
0.002896780564748062
0.002896780084128854
0.002896779741400982
0.002896779498470075
0.0028967793174665
0.002896779175840652
0.0028967790454881
0.0028967789855799597
0.002896778970882983
0.00289677898218672
0.002896779020752366
0.002896779099093885
0.002896779248475028
0.002896779389775369
0.002896779558252335
0.0028967797244875593
0.0028967798842987062
0.002896780055021604
0.0028967802992178123
0.002896780524717606
0.002896780711149512
0.002896780904083174
0.002896781119195372
0.0028967813763204273
0.002896781703681288
0.002896782020664055
0.0028967823110254863
0.002896782593031347
0.0028967828752550604
0.002896783164599378
0.002896783457123864
0.002896783752068878
0.002896783961706493
0.002896784109633102
0.0028967842133454714
0.0028967842758678554
0.002896784285448736
0.00289678424578832
0.002896784197959166
0.00289678418051811
0.0028967840382447298
0.002896783653188909
0.00289678277241233
0.002896782290867563
0.002896781824399865
0.002896781782666754
0.002896781805013283
0.002896781900318219
0.002896782145760715
0.002896782419409917
0.002896782768830852
0.0028967832039675113
0.002896783692592689
0.0028967841905617334
0.0028967845679069948
0.002896784849447807
0.002896785007361538
0.002896785127226587
0.002896785211145904
0.002896785268500736
0.002896785286119763
0.002896785261151085
0.002896785198882775
0.002896785102813477
0.00289678497951639
0.00289678483816191
0.002896784691097453
0.002896784552391137
0.002896784435551628
0.0028967843474792462
0.002896784288763077
0.002896784255255451
0.002896784239764935
0.0028967842341788117
0.002896784231668599
0.002896784228531722
0.002896784209770058
0.002896784126199311
0.0028967838053232412
0.002896783340387437
0.002896783024523692
