0.0
0.001
0.003
0.006844245153136939
0.0099
0.009904915190198864
0.009911566263574657
0.009915326375475712
0.009919054645530894
0.009924001914983015
0.009930935595029581
0.009943600124818782
0.009958197222951087
0.009974168794732462
0.00998708439736623
0.01
0.01000491519019886
0.01001140471332999
0.01001707994344181
0.01002843040366545
0.01003942794665431
0.01005479069982434
0.01007229343574973
0.01008845277915387
0.0101102405104978
0.01012970640865113
0.01014650513938288
0.01016219035993986
0.01017766263787609
0.01019485705964019
0.01022142259950413
0.01024209123080934
0.01025887784599867
0.01027578576624792
0.01029370154006046
0.01031397899540599
0.01033524374708272
0.01035277965606493
0.01036600801374075
0.0103776584214824
0.01039080743101003
0.01040288494929052
0.01041544292888927
0.01042760302187935
0.01044047875904695
0.01045575288884188
0.01047390622742561
0.01049815397063233
0.01051922900313527
0.01053625806603288
0.01055097166381329
0.01056415655733532
0.01057674799930983
0.01058977917764982
0.01060496550564465
0.01062184626200699
0.010638052796714
0.01065118401492613
0.01066307619953427
0.01067443943190585
0.01068567554292986
0.01069736459729653
0.01071035637510507
0.01072719654032937
0.01074246382289324
0.0107581447757765
0.01077288222695202
0.01078790478790105
0.01080438160706539
0.01082391923531541
0.01084736806739559
0.01087788933686959
0.01091981181497357
0.01098228368961043
0.01108353319704419
0.01116418321401235
0.01125310393816996
0.01135439739319913
0.01143901529418228
0.01153438273883787
0.01172511762814906
0.01200852118245725
0.01232962628867498
0.01269145326707705
0.01309943920829563
0.01356258247830286
0.01406161939609303
0.01444939968982193
0.01494242318562676
0.01535873903558123
0.01574243233520229
0.01624999424307091
0.01723000105777735
0.01840713107667968
0.01978747463027188
0.0199
0.01990300352721808
0.01990898868069212
0.01991442757953787
0.01991880249905422
0.01992530482180527
0.01993445944943376
0.01994912146121862
0.019965151693394
0.01998419836191595
0.01999209918095797
0.02
0.02000300352721809
0.02000686999307674
0.0200115894939268
0.02002102849562691
0.0200373368475515
0.0200566878875003
0.02007797329050441
0.02010213361515573
0.02012783225017702
0.02015242727625464
0.02017378661495797
0.02019299557201134
0.02021141430139473
0.02023075123183939
0.02025530585401886
0.02027906116009301
0.02029829572000249
0.02031435550775772
0.0203280861573459
0.02034004597978202
0.02035091170707579
0.02036076951009457
0.02037015883332104
0.02037909020845129
0.020387722250456
0.02039617706882819
0.02040455086221873
0.02041295309249955
0.02042150595725818
0.02043036228317426
0.02043973999238301
0.02044999643834893
0.02046185313222867
0.02047751801587351
0.02049409371363705
0.02050941583973106
0.02052341297967818
0.02053678562560313
0.02054986095499502
0.0205626230217864
0.02057483730200472
0.02058634299822384
0.02059727166823691
0.02060804811566571
0.02061946697648395
0.02063358950902847
0.02065133832729953
0.02066482354619384
0.02067703511096073
0.02068967933547468
0.02070351266199939
0.02072030092313299
0.02073735350461412
0.02075338732369066
0.02076886731682201
0.02078394875301528
0.02079810116808863
0.02081186635565765
0.02082571424165329
0.02084010294609023
0.02085197540289727
0.02086259058796327
0.02087294488778065
0.02088388542920958
0.02089744575049707
0.02091513713391357
0.02092973259923735
0.02094312019352462
0.02095723783702131
0.02097311915254169
0.0209924120683928
0.02101797924012302
0.02105030616687232
0.02109346822854222
0.02113366239567374
0.02116785151684573
0.02120173996645381
0.02123764812771141
0.02127779295916408
0.02132561010315466
0.02138298827196497
0.02145218682041115
0.02152414247204861
0.02160705937340175
0.02171209017576815
0.02185816665161917
0.02209866761475239
0.02242827254496615
0.02280236803945709
0.02322919474972997
0.02372017269751472
0.02428993751512101
0.02495923660485995
0.02575245588874219
0.02670496745260476
0.02782871391068307
0.02916589841846484
0.0299
0.02990536125578771
0.02991608376736313
0.02993752879051396
0.02995681319423876
0.02997374458585695
0.02998687229292848
0.03
0.03000536125578771
0.03001152424340745
0.03002385021864694
0.03004003083767343
0.0300560620943321
0.03007477724317392
0.03009549576505498
0.03011808783916925
0.03014692424357174
0.03017863867585778
0.03021239001011373
0.03025168220889438
0.03029461597749362
0.03034640170863713
0.03040391414045711
0.03046994475178664
0.03052543521113965
0.03056768937556363
0.03060743405757793
0.03063738759890315
0.03066899504619913
0.03069756828577034
0.03072785252346695
0.03077029663948498
0.03082367744822697
0.03086742205579083
0.03091169710739235
0.03096232224682522
0.03102343755905607
0.0310835394560203
0.03114316574041171
0.03120899520934402
0.03127753437671685
0.0313357910760471
0.03138630313351392
0.03143356923481572
0.03148169274384054
0.03153892925568619
0.03159953709962052
0.03166035635367289
0.03171531893782004
0.03177142486695762
0.03183339492190222
0.03190654877427522
0.03199805048365233
0.03207626427317372
0.03213301332783895
0.03218385738617398
0.03223472440405691
0.03229292148695438
0.03236373087110829
0.03243231878452886
0.03249742853580499
0.03256535482479538
0.03262197658341755
0.03268552867663235
0.0327427424580263
0.03281495944788085
0.03289866048371625
0.03302130054309427
0.03310736378962559
0.03319302078629997
0.03328688333425933
0.03339469255676655
0.03353141095327611
0.03371428548458329
0.03397098088682178
0.03429555963419593
0.03471623808047599
0.03529711703390622
0.03613650508981884
0.03713056164701649
0.03828235921868193
0.03968648245361277
0.0399
0.03990566145957516
0.03991698437872548
0.03993246401714319
0.03994560462705426
0.03996502508459603
0.03998251254229801
0.03999125627114901
0.04
0.04000566145957516
0.04001242341765293
0.0400193944856336
0.04002926976847154
0.04003913723580623
0.04004824914120477
0.04005722503640591
0.04006699911798946
0.04008235913498699
0.04009321243843544
0.04010193231787352
0.04011070644831017
0.04011985824181427
0.04012965647310505
0.0401388529466497
0.04014604621972654
0.04015199959497962
0.04015801973099119
0.04016738499819401
0.04017452700500074
0.04018062014442115
0.0401870791267858
0.04019430079372634
0.04020336720504594
0.04021567924459644
0.04023428129387102
0.04024894748489975
0.04026006902507136
0.04026957481528767
0.0402782610414764
0.04028732526730148
0.04029999377863257
0.04031104155596204
0.04031910414116893
0.04032628199842542
0.04033294090886095
0.04033938973600779
0.04034607397473371
0.0403536608976779
0.04036521610302519
0.04037520992156012
0.0403832048059155
0.0403911951253287
0.04039971680853046
0.04040959107433661
0.04042196888133991
0.04043851995047412
0.04046056002819823
0.04048966724836094
0.04051694977039585
0.04054151874429037
0.04056383903213533
0.04058453338851273
0.04060514434981188
0.04062842028028705
0.04065379353628917
0.04068071930295017
0.04070369888394667
0.04072650489999739
0.04075119221586123
0.04077962671443396
0.04081353067950521
0.04084848200444623
0.04088580195692511
0.04091374745858814
0.04094409904685008
0.04097016345712359
0.04099402901062141
0.04101842926876228
0.04104576696757713
0.04108527117847895
0.0411258070455103
0.04115772593006303
0.04118951775367441
0.04122373043380689
0.0412645296015995
0.0413149894007426
0.04138372168882895
0.04148421452376469
0.04164066658660276
0.04181204940887208
0.04200603005496277
0.0422261477645772
0.04249201421318119
0.04282437871828974
0.04325392523742025
0.04375124951142889
0.04432591074566083
0.04499375848836442
0.04572589881329211
0.04664898952280585
0.04773686227248539
0.04899783714422278
0.0499
0.0499042941111219
0.04991288233336569
0.04992475882006103
0.0499365631919317
0.04994731591771672
0.04995904613315039
0.04997334119161333
0.04998605112999274
0.04999302556499637
0.05
0.0500042941111219
0.0500090070988503
0.05001707823757592
0.05002778428372363
0.0500392053699772
0.05005275379810041
0.05006660078380382
0.05008164351466098
0.05009656933464911
0.05011166021058224
0.05012723061206654
0.05014377617034287
0.05015734410356164
0.05016714892938191
0.05017478277770302
0.05018128350349482
0.05018727945293015
0.05019211426896467
0.05020178390103371
0.05020929910780338
0.05021564089158745
0.05022199476188714
0.05022731205073239
0.05023225504715123
0.05023729903200956
0.05024244327162812
0.05025157804672571
0.05025972756018264
0.05026767969572619
0.05027622878801977
0.05028551032775969
0.05029392122777167
0.05030245269795985
0.05031094408230069
0.05032449374195011
0.05033797177569924
0.05035359633262896
0.05037333732603157
0.05040010398523927
0.05044008155194814
0.05048620878070793
0.05053913923564
0.05059317246613354
0.05065488588280351
0.0507224604539444
0.05079737824855906
0.0508839155243441
0.05098732308441675
0.05111815993308908
0.05129549151190184
0.05156155247492008
0.05204125386169221
0.05291002487261477
0.0538979488720608
0.05498227415379844
0.05622756137006939
0.05770834960106354
0.0595688919200616
0.0599
0.05990423247165552
0.05991269741496656
0.05992962730158864
0.05994339623706432
0.05995465202647385
0.05996517920302644
0.05997630048733296
0.05998815024366648
0.05999407512183324
0.06
0.06000423247165552
0.06000850641125998
0.06001498070691157
0.060027498491045
0.06004002783556014
0.06005226177379283
0.06006440128367989
0.06007731981388458
0.06008958825465738
0.06010818520193862
0.06012961089419256
0.06014886840932972
0.06016809077555616
0.060186694965063
0.06020884501010628
0.0602310530772685
0.06025877721937879
0.06028880007329234
0.06032474403946347
0.06036752528962066
0.0604128792197754
0.06047045407100404
0.06054047502419892
0.06065255943469261
0.06073929396745867
0.06087519383430821
0.06102045989102386
0.06117147891623523
0.0612918628035667
0.06141525824218524
0.0615355041720811
0.06165493227677282
0.06177966418248453
0.06193933845818105
0.06225868700957411
0.06288894108176413
0.06376026340847595
0.0647546813316735
0.06587844717516853
0.0672380948359449
0.06891315134119438
0.0699
0.06990193292226869
0.06990579876680607
0.06991353045588082
0.06992252605660478
0.06993107875163423
0.06994022626714864
0.06995058134789495
0.0699607811667344
0.06996957541358956
0.06997817191675995
0.06998471044463324
0.06999057383389644
0.06999565457140089
0.07
0.0700019329222687
0.07000467124850028
0.07000819963569326
0.07001140210199025
0.07001545512950653
0.07002048319038705
0.07002727485335974
0.07003681877573004
0.07004455185470036
0.0700506791063438
0.07005639861388618
0.07006231301350972
0.07006907822234992
0.07007760891870785
0.07008926489053681
0.0701027769903128
0.07011401663919509
0.07012288624031666
0.07013026278744215
0.0701358371390175
0.07014074431038121
0.07014533440031405
0.07015112712845493
0.07015549638119076
0.07015938783623527
0.07016288138150838
0.07016633668084102
0.07016940498681662
0.07017352686234307
0.0701777779203016
0.07018204686970378
0.07018641229852991
0.07019076698025148
0.0701950162497113
0.0701990864940699
0.07020292293372682
0.07020650797435897
0.07020986100857647
0.0702130259231114
0.07021606158606031
0.07021904525312932
0.07022207537504709
0.0702252987578272
0.07022899880387164
0.07023420929900247
0.07023994041785367
0.07024433024715485
0.07024854875667251
0.07025295371022083
0.07025782220138302
0.07026305452351135
0.07026921595767863
0.07027373727814024
0.07027895082057335
0.07028307181546178
0.07028649055074919
0.07028971496045967
0.07029298045383615
0.07029660726945679
0.07030111096287768
0.07030562984107597
0.07030962308947654
0.07031369857541223
0.07031808373003046
0.07032316408539356
0.0703293015118133
0.07033488013896307
0.07034050139712145
0.07034661665595283
0.07035360947000156
0.07036233794767746
0.07036475970880499
0.07036960323106004
0.07037301105355548
0.07037590870459204
0.0703794646816639
0.07038239604298042
0.07038559898364694
0.07039035854312223
0.0703997609028231
0.0704105369525602
0.0704221295215586
0.07043501492277349
0.07044794502634176
0.07046114987336599
0.0704761362871502
0.07049755003362644
0.07052223392841156
0.07054197658833809
0.0705618522922502
0.07058268757552232
0.0706025230116652
0.07062485736828178
0.07064064782702761
0.07065592760459431
0.07067504322346405
0.07069413607376858
0.07073232177437765
0.07075589825081957
0.07077915578052113
0.07080785008030488
0.07083369122737004
0.07086165582396133
0.07089444534595499
0.07093435147922487
0.07098593275762287
0.07105361884497276
0.07114619578842422
0.0712804039419649
0.07149389547742008
0.07177771806522232
0.07212895060641533
0.07259702045735349
0.07330322882261121
0.07427552468614676
0.0754084933049071
0.07669630516786778
0.07824733592222198
0.07990000000000001
0.07990360895817902
0.07990785683328112
0.07991002137201574
0.07991218888717744
0.07991496971760775
0.07991876957438843
0.07992568252476957
0.07993584289373556
0.07994813719632791
0.07996124844319037
0.07997481158436821
0.07998937031771054
0.08
0.08000360895817901
0.08000903450530412
0.0800138627346012
0.08002005562633505
0.08002610727897451
0.08003167210548633
0.08003717780921737
0.08004315240295555
0.08005178212181904
0.08005906592141095
0.08006484237651015
0.08007053269132754
0.08007640113746695
0.08008233344052919
0.08008734619311268
0.08009129255243568
0.0800950021460222
0.0800998805898609
0.08010479061695101
0.08010873145518975
0.08011281237269638
0.08011738420715005
0.08012307009087777
0.08013100618214322
0.08014086349630684
0.08014835881904989
0.08015407773592326
0.0801588492096028
0.08016300731326055
0.0801669178953187
0.08017089785149238
0.08017534860065845
0.08018157667308674
0.08018800403740581
0.08019272325257722
0.08019699654239949
0.08020108324687364
0.08020502728484014
0.0802089374786518
0.08021289944521218
0.08021712652662517
0.08022224350138972
0.080226922614054
0.08023220808424116
0.08023698884520301
0.08024176200584504
0.08024696438817214
0.08025293198469463
0.0802603232724556
0.08026971105061928
0.08028261626288141
0.0803017726662769
0.08033420852653154
0.08036681560213456
0.08040581657713415
0.0804478512747686
0.08049006553685609
0.08053258580499863
0.08059524317853511
0.08067618213444104
0.08078173544776927
0.08093531288065148
0.08108747908509416
0.08119825746884689
0.0812870660467048
0.08138606431750584
0.08148026370482116
0.08155843412486051
0.08161507518812788
0.08170409944793218
0.08179839738091707
0.08188965156614482
0.081988151215018
0.08209436433865243
0.08222315672828594
0.08239440192702017
0.08264296351676453
0.08304984860766275
0.08364857312327695
0.08432794475001798
0.0851017732764643
0.08599774194674921
0.08705093317268375
0.08832757424134834
0.08984875148065817
0.08990000000000001
0.0899012875799621
0.08990386273988629
0.08990901305973467
0.08991491604848127
0.08992122652049303
0.08992966704782304
0.0899390328865122
0.08995109732028447
0.08996318009650221
0.08997587705768373
0.08999027309286112
0.09
0.09000128757996209
0.09000386273988628
0.09000833788067246
0.09001728816224482
0.09002502569597702
0.09003335440511907
0.09004300531480398
0.09005415488827008
0.09006715763485199
0.09008245116455321
0.09010087989708025
0.09012183493258419
0.09014226280579396
0.09016144935200962
0.09018025214609932
0.09019871132857936
0.09021918656282375
0.09024764662027009
0.09027071710210276
0.09028984757834997
0.0903090761289782
0.09032954436505244
0.09035379334036127
0.09037970656909693
0.09040043322590272
0.09041625964056715
0.09043106766940308
0.09044654062007712
0.09046527705818791
0.09048078284926343
0.09049663741572264
0.09051450483247543
0.09053655588873116
0.09056458155727459
0.09058747853305901
0.09060764362948602
0.09062891628200063
0.09064819630298787
0.09066711444213763
0.09068832069594032
0.09071061532553128
0.09073021120692358
0.0907460886145475
0.09076042346482976
0.09077415921194862
0.09078815133107325
0.09080378109422267
0.09082514225337673
0.09084965878838014
0.09086760614403346
0.09088473415975865
0.09090283043140211
0.09092318218999554
0.09094848755889201
0.09098057209017373
0.09100511330357777
0.09103113308466752
0.0910537016041187
0.09107407603401149
0.09109418233110939
0.09111527507037236
0.09114034023513837
0.09116707360036755
0.09119641528950226
0.09122215227963902
0.09124790566210181
0.09127584057904062
0.0913088755715509
0.09134885342537055
0.09140180116246746
0.09147636063639147
0.09156379065707458
0.09167501583355056
0.09179737354340273
0.09193041713273688
0.09209055852615465
0.09222361507548765
0.09237012117609786
0.09253617498178066
0.09269046372496674
0.09284198252933225
0.09300528933054886
0.09322090904680118
0.09347288830650291
0.09365823220233518
0.09383848089453062
0.09403351486595728
0.09426117871759238
0.09455649020254601
0.09483260245084912
0.09511738212270109
0.09545743190923466
0.09587296748852096
0.09624118384341779
0.09665516909723577
0.09703752794972231
0.09746612355048599
0.09798720258843047
0.09882714607355272
0.0999
0.09990195022077587
0.09990585066232761
0.0999136515454311
0.0999238423091184
0.09993933404229098
0.0999514605580278
0.09996145426036418
0.09997043294215216
0.09997883003102143
0.0999874057620404
0.0999937028810202
0.1
0.1000019502207759
0.1000046993340278
0.1000091106596908
0.100013842640077
0.1000186176662241
0.1000232963492829
0.1000283928788781
0.1000354304633131
0.1000431436984621
0.1000489301336727
0.1000543142067631
0.1000595665755622
0.1000645495740671
0.1000690530206982
0.1000730121678912
0.1000766419534564
0.1000802956431296
0.1000846864638067
0.1000884952922464
0.1000925718010692
0.1000963850276506
0.1001002814346137
0.1001045895975257
0.100109744461665
0.1001160082862181
0.1001224529145654
0.1001289007303613
0.1001348876818906
0.1001408332627009
0.1001476502520305
0.1001529458443674
0.1001591884169903
0.1001644114057131
0.1001689726865546
0.1001732849801017
0.100177493713775
0.10018194326758
0.1001874057693813
0.1001928065377297
0.1001982751561999
0.1002033072382216
0.100208449852394
0.1002141132114039
0.1002209067070625
0.1002292225984624
0.1002383110049622
0.1002477639970645
0.1002525339361818
0.1002572869552661
0.1002619999050071
0.1002681188412727
0.1002728412594428
0.1002778763953979
0.1002855328674415
0.1002985583036306
0.100321956060113
0.1003444081587741
0.1003624700750423
0.100378340693172
0.1003949615609116
0.1004123200109218
0.1004309175197454
0.1004478520133825
0.1004656784368249
0.1004860254808132
0.1005113689968022
0.1005442803665571
0.1005741671010952
0.1006010822476075
0.1006288784259439
0.100652929296766
0.1006730142530956
0.1006914798542991
0.1007119248034754
0.1007410799001242
0.1007615800435344
0.1007788966791186
0.1007954499174037
0.1008117788380592
0.1008297714555837
0.1008538337198935
0.1008841368644872
0.100905669111067
0.1009261809692813
0.1009480800607312
0.1009730087331658
0.1010044531942559
0.1010471910653859
0.1011055804723393
0.1011977677091019
0.101369547467858
0.1016210240141016
0.1019019866014155
0.1022188463849729
0.1025802702435649
0.1029954893141628
0.1034782433689324
0.1040428464240909
0.104705931144537
0.1054810059434037
0.1063818966959661
0.107428621544741
0.1086447607898672
0.1099
0.1099027112314888
0.1099081336944663
0.1099189786204212
0.1099297105074959
0.1099405846939045
0.1099547834463943
0.1099707485828721
0.1099853742914361
0.11
0.1100027112314887
0.1100081336944662
0.1100156087126227
0.1100280611615616
0.1100409438834297
0.1100547978201369
0.1100707276504456
0.1100891835908246
0.1101097304559474
0.1101280619553518
0.1101448363342967
0.1101613456239946
0.1101794651690698
0.1101986588989424
0.1102187249058183
0.1102358129004787
0.1102510596971557
0.1102647829704703
0.1102768333281994
0.1102876571102378
0.1102980253179263
0.1103091143154332
0.1103247581823938
0.1103394073013721
0.1103508755308948
0.1103622811678687
0.1103745467994785
0.1103888851956072
0.1104073494878273
0.1104252547385777
0.1104497279540456
0.110470937202635
0.1104912429799417
0.1105163259690461
0.1105427571681573
0.1105652117970249
0.1105868953819183
0.1106090679894802
0.1106327318808622
0.1106597487869907
0.1106952775634034
0.1107276513831218
0.1107610227087251
0.1107923772342213
0.1108243795412481
0.1108595822425439
0.1109014419419666
0.1109521820625872
0.1110189051077464
0.1111122513309872
0.1112431063711081
0.111342973047693
0.1114554564420658
0.1115682036630481
0.1116720052806103
0.1117900465589945
0.1118798686075805
0.1119582729229447
0.1120391402471295
0.1121188855783805
0.1121875246371085
0.1122514044230637
0.1122676774115925
0.11230022338865
0.1123106994629147
0.1123316516114441
0.1123443457892269
0.1123585869278851
0.1123717311894959
0.1123843371735895
0.1123968825778922
0.1124079912444885
0.1124205205284893
0.1124279570976197
0.1124360818336585
0.1124426467805299
0.1124494596826874
0.1124564165944081
0.1124636565688732
0.1124729768236408
0.1124887258900676
0.1125175621781016
0.1125497060013631
0.1125855180442758
0.1126264592970777
0.1126620363339484
0.1127146506811877
0.1127764116638575
0.1128485891299372
0.1129204567629831
0.1130026231268436
0.1130730623048625
0.1131381203804976
0.1132050043066937
0.1132811780709641
0.113373404102025
0.1134817462708554
0.1135721283812417
0.1136624144659393
0.1137611909026289
0.1138716008837488
0.1139968733387021
0.1141427424726676
0.1143131349809985
0.1145132005464142
0.114734579023825
0.11499117044251
0.1152914352667756
0.115667020769399
0.116168825712151
0.1168339442941469
0.1176050876604182
0.1185001217058774
0.1195507879484798
0.1199
0.1199050411784218
0.1199151235352655
0.1199352882489527
0.1199513358158233
0.1199674460524263
0.1199837230262132
0.12
0.1200050411784218
0.1200128869102636
0.1200230571194506
0.1200401959458563
0.1200571959214268
0.1200751265305379
0.1200955640040999
0.1201191568269781
0.1201442676158873
0.1201680447279122
0.1201921257755356
0.1202216434710977
0.120245941483775
0.1202704193377901
0.120293491277089
0.1203168345439281
0.1203420239517572
0.1203685232816076
0.1203925418696227
0.1204113855804113
0.1204274009661323
0.1204441302505313
0.1204684174916023
0.120487072926938
0.1205036297842395
0.1205211905902065
0.1205417109809142
0.1205645590139364
0.1205857874196473
0.1206057133994161
0.1206256880521366
0.1206483405178597
0.1206758366726742
0.120700628636529
0.1207221254453601
0.1207439852347329
0.1207677684923529
0.120794281474837
0.1208152495748715
0.1208338500300785
0.1208518199175713
0.1208702630577857
0.1208918229198641
0.1209272720704398
0.120953357067596
0.1209748372053084
0.1209947551448227
0.1210145356958943
0.121038005539674
0.1210756777996609
0.1211029985735995
0.1211278520293823
0.1211547376852943
0.1211856858525541
0.1212250953607608
0.12127339106115
0.1213260484583601
0.1213871928498069
0.1214448894351058
0.1215036925517529
0.1215676505868379
0.1216289107978338
0.121686969108071
0.1217490066561743
0.1217971795090034
0.1218575088064576
0.1219051061715837
0.1219465767248353
0.1219877872285735
0.1220315752796053
0.1220859856561835
0.1221391860292933
0.1221981248906415
0.122252444674549
0.1223076790564187
0.1223683108834142
0.1224403199954471
0.1225277429459406
0.1226434531041083
0.1228063521865334
0.1230562761520966
0.1235121265729886
0.1241165307200623
0.1247980447585443
0.1255767312718226
0.1264691523971894
0.1275172187867123
0.128745877458101
0.1299
0.1299028290893855
0.1299084872681565
0.1299198036256984
0.1299310792269094
0.1299400064551776
0.1299482284574741
0.1299562585254198
0.1299647931456441
0.1299753902136827
0.1299848868600997
0.12999160058247
0.129995800291235
0.13
0.1300028290893855
0.1300056554386475
0.1300102706256165
0.1300175873608969
0.1300245892928006
0.1300311757123465
0.1300384443108354
0.1300466502590125
0.1300550929577871
0.1300641912551484
0.1300736169213488
0.130084251058513
0.1300970782232043
0.130108977249204
0.1301201411218103
0.1301291730179291
0.1301394305245335
0.1301523006998157
0.1301619461903748
0.1301722773979801
0.1301855700135574
0.1302025990853889
0.1302219780845945
0.1302447992806728
0.1302726434952426
0.1303029757637084
0.1303260911105639
0.130345024443673
0.1303630737960226
0.1303719221438143
0.1303809903086419
0.1303891960563776
0.1303970635102269
0.1304040572105188
0.1304104472343517
0.1304166823213186
0.1304233899586116
0.1304287865751041
0.1304349288877782
0.1304393982085787
0.1304430287476573
0.1304464770912956
0.1304500456890231
0.1304543784551332
0.1304591899745682
0.1304634336978121
0.1304675705006342
0.1304719475739828
0.1304768864907132
0.1304828970961883
0.1304886614128845
0.130494339580194
0.1305004169438895
0.1305072577812304
0.1305156543337307
0.1305261163754124
0.1305404093167477
0.1305436138853353
0.1305474922254436
0.1305515240864283
0.1305546320008446
0.130558790055593
0.1305620553652554
0.1305654742512429
0.1305705417735116
0.1305793853110462
0.1305914189097522
0.1306055920694362
0.1306222859079598
0.1306432765860172
0.1306673967369751
0.1306943074201492
0.1307254112533662
0.1307584361706044
0.1307850101259558
0.1308090024300998
0.1308333016644441
0.130860491872386
0.1308966876789993
0.1309332833792655
0.1309736505031101
0.1310114615159531
0.1310483722644554
0.1310850298346697
0.1311311308477199
0.1311832199100438
0.1312463915198711
0.1313096383476687
0.1313538514719489
0.1313948405309106
0.1314768186488338
0.1315834461244011
0.1316732446180742
0.1317582225162022
0.1318499569965033
0.1319494269299866
0.1320807032538358
0.1322711919658098
0.1325871425144983
0.1332190436118753
0.1341767837662411
0.1352887191874545
0.1365124267850051
0.1379596008812703
0.1397553709393978
0.1399
0.139902797494644
0.139908392483932
0.1399195824625079
0.1399296667409387
0.139940765937496
0.1399544547155517
0.1399684419848069
0.1399841217795661
0.14
0.140002797494644
0.140008392483932
0.1400164481285884
0.1400291008949528
0.1400400668155155
0.1400520771867804
0.1400662702287921
0.1400832378565143
0.1401001302370956
0.1401180717406642
0.1401384876173327
0.1401570780048018
0.1401795071281842
0.1402065358440412
0.1402347685723017
0.1402652923044604
0.1402958520171083
0.1403301685010006
0.1403782144034752
0.1404147794624648
0.1404459627953783
0.1404779389531464
0.1405123980915483
0.1405464302184841
0.1405740469493664
0.1405963814442509
0.1406185659860274
0.1406538890272211
0.140679842629312
0.1407025473295188
0.1407270109835822
0.1407562086878689
0.1407929265522499
0.1408401717278542
0.1408787587004966
0.1409107805958068
0.1409403779423355
0.1409708622978718
0.1410011378707786
0.1410335667283846
0.1410582039733704
0.1410798043308336
0.1411007734220756
0.1411225408721961
0.1411485368991529
0.1411763713353195
0.1412067827153252
0.1412336742451481
0.1412607394181497
0.141290237684825
0.1413253062501056
0.1413680412541557
0.141425150046152
0.1415066097183678
0.1416350565969753
0.1417675387407375
0.1419705700998253
0.1421216874193263
0.1422644422768057
0.1424556930951087
0.1428221444294797
0.1433143179850182
0.1438764206054082
0.1445194622331133
0.1452595304793793
0.1461239823231579
0.1471515498686014
0.1484012543402439
0.149886897493824
0.1499
0.1499021466996206
0.1499064400988619
0.1499123997333757
0.1499198143058294
0.1499323727677462
0.1499433307365569
0.1499533480328797
0.1499631536779842
0.1499730024647393
0.1499838713934217
0.1499900453178955
0.1499967532113294
0.15
0.1500021466996206
0.1500047626703048
0.150008032265475
0.150011325225928
0.1500165804243416
0.15002168711427
0.1500256229463703
0.1500294484833319
0.1500334409707481
0.1500377568280054
0.1500420748461617
0.1500454848512408
0.1500481239769955
0.1500506558727977
0.1500542517912664
0.1500573646027116
0.1500599842869454
0.1500627559542713
0.1500658872037224
0.150069877008301
0.1500752767611394
0.1500835704688464
0.1500900666884329
0.1500948369666001
0.1500988453774367
0.1501024791505199
0.1501062549799856
0.150111445612956
0.150116359821171
0.1501199813111874
0.1501232413530585
0.1501262728865442
0.1501291265006811
0.1501319226258925
0.1501348154493109
0.1501381925067095
0.1501415743992374
0.1501453369100471
0.1501486360197972
0.1501519100914508
0.1501554606892347
0.1501595301646217
0.150164590023185
0.1501710455141118
0.1501799708295519
0.1501933269944365
0.1502076744441991
0.1502186293510507
0.1502269326620896
0.150233592966374
0.1502390180102084
0.1502437038042802
0.1502479573029344
0.1502519645282699
0.1502558603464894
0.1502597374735644
0.1502637636860652
0.1502680662030717
0.1502727933788538
0.1502782577885403
0.1502855266170131
0.1502952520572918
0.1503026621530225
0.1503095401081749
0.1503160025263023
0.1503211191853839
0.15032524958628
0.1503282875444551
0.1503321267585215
0.1503348877816476
0.1503375262673867
0.1503397689158922
0.1503424564326339
0.1503445340173605
0.1503469412074599
0.1503492484729792
0.1503515148318246
0.1503538557365738
0.1503563146741989
0.1503589695524657
0.1503619784169314
0.1503659263679569
0.1503691412284608
0.150372282385194
0.1503752031527199
0.1503781733748765
0.1503815236175862
0.1503855707381171
0.1503907008986247
0.1503973711998292
0.1504062159114666
0.1504182101942567
0.150429891603334
0.1504404946200815
0.1504504224990329
0.1504583897223241
0.1504648933005589
0.1504713099535716
0.1504802195481416
0.150488369202586
0.1504952179734856
0.1505025865014946
0.1505105150655607
0.1505178036329281
0.1505247986684242
0.1505318805183187
0.1505396038316434
0.1505496684819123
0.150559563526088
0.1505671070085646
0.1505737965521509
0.1505805263968945
0.1505881471217054
0.1505982564460108
0.1506101691534933
0.1506220360738998
0.1506328995590459
0.1506385649167596
0.1506450142934173
0.1506500722697124
0.1506553897955242
0.1506606361747795
0.1506657848576909
0.1506725604233885
0.1506817242620879
0.1506934717382173
0.1507084740196379
0.1507203824206344
0.1507317824166514
0.1507440213940422
0.1507564190291137
0.1507680318102748
0.1507815195145249
0.1507932671936204
0.150810812035439
0.1508287311903443
0.150844832402587
0.1508598698760726
0.1508747063409783
0.1508902548487035
0.1509076281508872
0.1509285030169031
0.1509541416086489
0.1509854555201986
0.1510182208264973
0.1510487409298125
0.1510793082440993
0.1511107920859197
0.1511440868301197
0.1511809784926313
0.1512200267909908
0.1512664811670794
0.1513171277601552
0.1513764053467823
0.1514318538023393
0.1514801355820016
0.1515328533551234
0.1515692732093649
0.1516041050656884
0.1516381685763576
0.1516790443461159
0.1517538387782847
0.1518086591010968
0.1518624092849597
0.1519183396941282
0.151985951909073
0.1520763104956281
0.1522169874954205
0.1524983414950054
0.1529491403135295
0.1534763568166252
0.1540371687343
0.1546081850950809
0.155198424026623
0.1557673488803505
0.15631979674506
0.1569005218162457
0.1575932807440813
0.1585985252796998
0.1599
0.1599016372561565
0.1599049117684695
0.1599114607930954
0.159919215684372
0.1599262280919201
0.1599326496731885
0.1599386134738798
0.1599441251798651
0.159949246616043
0.1599537147114906
0.1599582542667104
0.1599624984871216
0.1599666892166173
0.1599706639345042
0.1599744921402344
0.159978248105862
0.1599819694584385
0.1599856822996488
0.1599893904492029
0.1599930845591451
0.1599967639364064
0.16
0.1600011107529011
0.1600031133348243
0.1600054702014912
0.1600081815250771
0.1600124656563624
0.1600163137248627
0.1600193342465712
0.1600218441134389
0.1600236821871325
0.1600253561743091
0.160026965621668
0.1600287877747273
0.1600302728803892
0.1600321146823591
0.1600334795331629
0.1600351321748822
0.1600366783774305
0.1600381922771737
0.1600397683667099
0.1600414345742125
0.1600432399429937
0.1600452928084454
0.1600480536851683
0.1600501494448557
0.160052154191987
0.1600540546230325
0.1600560177464097
0.160058059847273
0.1600607235371263
0.160062824916274
0.1600645671340739
0.1600663577435686
0.160068887860993
0.1600709066125609
0.1600732173083325
0.1600754699326433
0.1600778195873301
0.160079840987082
0.1600823253253354
0.1600850581908934
0.1600877916077498
0.1600905223131608
0.1600932954115933
0.1600961324994007
0.160099020664041
0.1601019156737137
0.160104749823085
0.1601074458474936
0.1601099407484974
0.1601122100246982
0.160114275196708
0.1601161894137391
0.1601180207077472
0.1601198465252096
0.1601217652940075
0.1601239465411985
0.1601268060243879
0.1601305563546474
0.1601332664080843
0.1601358127407079
0.1601384740344775
0.1601413831793993
0.1601448277306026
0.1601490880351569
0.1601535786461893
0.1601575321209845
0.1601611280500392
0.1601644971940228
0.1601677222492295
0.1601707526855147
0.1601737099554318
0.1601767694048206
0.1601802704366153
0.1601845733168347
0.1601886114078561
0.1601923054510768
0.1601959871935064
0.1601999487943377
0.16020389803967
0.160206372334356
0.1602081810570259
0.160209992837632
0.1602117186666688
0.1602140257946103
0.1602157599659436
0.1602175890701034
0.1602201107824641
0.1602243231721878
0.1602283100746262
0.1602321001172616
0.1602358793737921
0.1602398010369235
0.1602440713741567
0.1602477141267852
0.1602511604841597
0.160256277302757
0.1602599337728597
0.1602637803527248
0.1602679291787527
0.160272145971266
0.1602768128988894
0.1602804227491386
0.1602834267796455
0.1602864818271372
0.1602895646107565
0.1602928604787439
0.1602965833066781
0.1603003837190027
0.1603069109423773
0.1603137325604524
0.160319259873561
0.1603255432085982
0.1603303534930608
0.1603356304404068
0.1603414314529365
0.1603467338039296
0.1603517566507784
0.1603566763763778
0.160361743708463
0.1603676039417987
0.1603748999558153
0.1603818069590735
0.1603877038865323
0.1603936507594416
0.1604000834200235
0.1604073591628504
0.1604166852305746
0.1604281780500482
0.1604375981447507
0.1604488319271262
0.1604568429953873
0.1604647027003236
0.1604704362376203
0.1604761260620051
0.1604808175238644
0.1604848651660829
0.1604884997397082
0.1604917482415135
0.1604946477948875
0.1604972230514682
0.160499522566937
0.1605015931235015
0.160503472928294
0.160505194394705
0.1605067854622157
0.1605082708492489
0.1605096737791738
0.1605110178322808
0.1605123294092149
0.1605136421330746
0.1605150063255595
0.1605165162684969
0.1605184398833571
0.1605202855635517
0.1605222424923615
0.1605240711675235
0.160525921744018
0.1605279214750991
0.1605301438638679
0.1605326801416764
0.1605356435100569
0.1605391996199513
0.1605436068516575
0.1605487314876178
0.1605533323619096
0.1605575605908887
0.1605616485134091
0.1605658171834904
0.1605705403927438
0.1605762804902964
0.1605822742215599
0.160587570706399
0.1605927894120926
0.1605984023233543
0.1606048396959107
0.1606125618957188
0.1606199698270545
0.1606232310646742
0.1606257518522773
0.160628690245564
0.1606307801629074
0.1606330912445218
0.1606353402944566
0.1606375284927557
0.1606402961458135
0.1606441564801159
0.1606514894986355
0.1606610561170492
0.1606729956605634
0.1606861019307965
0.1607004049320141
0.1607162920471609
0.1607342523496865
0.1607549232346397
0.1607797170828806
0.1608091587388366
0.1608423122679064
0.1608755650230951
0.1609106973586161
0.1609495841636946
0.160995672771141
0.1610513822082713
0.1611244107438899
0.1612268761686183
0.1613295926711138
0.1614136298253996
0.1615062834548759
0.1616220732909059
0.1617100532530967
0.1618037764434083
0.1619301793067678
0.1621164004344822
0.1624799917623348
0.1628995659937177
0.1633719211819688
0.1639151042548864
0.164541085092471
0.1652756257086082
0.1661533436563818
0.167195568869511
0.1684212289993757
0.1698527793612384
0.1699
0.1699018150053854
0.1699054450161562
0.1699127050376978
0.1699190626798085
0.1699247378884619
0.1699307426413888
0.1699384685509272
0.1699468026720538
0.1699528755413069
0.1699585804665658
0.1699646394620592
0.1699717962142945
0.1699815447970385
0.1699905701789329
0.1699989581054095
0.17
0.1700020837891809
0.1700035095757423
0.1700060215387613
0.1700110454647995
0.1700188770178729
0.1700266631450199
0.1700352319272007
0.1700448274910158
0.1700549818456149
0.1700647789188875
0.1700736066385757
0.1700817146496345
0.1700898044406001
0.1700993226046416
0.1701075388310941
0.1701166052839336
0.1701249655218712
0.1701334312756402
0.1701427758734863
0.1701536321153582
0.1701671196581635
0.1701818434402685
0.1701953198591517
0.1702080314714865
0.1702208646480885
0.1702361949414164
0.170245099704105
0.1702546858974618
0.170262813970252
0.170269971647517
0.1702773342002794
0.1702860422615778
0.1702950302405429
0.1703046498394203
0.170313491025711
0.1703226413813708
0.1703329299034145
0.1703452148347566
0.1703613625417106
0.1703819946713404
0.1704086847159736
0.1704390588988871
0.1704650398751571
0.1704884783400794
0.1705123934951683
0.1705384120427784
0.1705683895612283
0.1706050310484958
0.1706506377647259
0.1707084683209676
0.1707875017649512
0.170910371551787
0.17108484677181
0.1712842317459657
0.1715127139522362
0.1717768768906444
0.172083941153239
0.1724440587724148
0.1728679663245195
0.1733677713594761
0.1737718552299354
0.1738841618025808
0.1741087749478716
0.1741676088583843
0.1742852766794097
0.1743099412211166
0.1743533667585628
0.1743731535044912
0.1743959434449418
0.1744176350975985
0.1744408310852094
0.1744603309438564
0.1744770469467589
0.1744953821884666
0.1745173871772158
0.1745334682947479
0.1745450696701575
0.1745577573907157
0.1745704186963883
0.1745834892013506
0.1746007784427505
0.1746332483529162
0.1746775719692915
0.1747271389505623
0.1747832877271349
0.174847404249084
0.1749068188552945
0.1749488799267371
0.1750083299494297
0.1750537828768715
0.1750988484032082
0.175155471050558
0.1752687163452576
0.1754259521395493
0.1756036724830731
0.1756907348929163
0.1757273480195197
0.1758005742727264
0.1758196258629626
0.1758577290434349
0.1758673671480796
0.175886643357369
0.1758910831016513
0.1758999625902159
0.1759097395269647
0.1759167064082519
0.1759223423796322
0.1759275005118708
0.1759345185763727
0.1759408065009987
0.1759474481872424
0.1759510137204308
0.1759544166817016
0.1759585912841113
0.1759626060871423
0.1759662764284343
0.1759707447198265
0.1759777473348854
0.1759917525650031
0.1760124186169211
0.1760343630741446
0.1760585719486655
0.1760858904400129
0.1761170706365754
0.1761532647525047
0.1761955510856714
0.1762449835984391
0.176302491227535
0.1763694320875514
0.1764474008349466
0.1765378705260859
0.1766424321364179
0.1767634131022848
0.1769035176636511
0.1770658812769476
0.1772541324102625
0.1774724480503714
0.1777256697240344
0.178019446606712
0.178360420465818
0.1787564621091707
0.1792169137391976
0.1797525454698341
0.1799
0.1799033232700728
0.1799099698102183
0.1799232628905094
0.1799344976363386
0.1799445889685141
0.1799558090788571
0.179969552262707
0.1799847761313535
0.18
0.1800033232700728
0.1800099698102183
0.1800175873301103
0.180027359438546
0.1800385646197034
0.1800532834248821
0.1800705649689451
0.1800889967321015
0.1801110942027057
0.1801348878705852
0.1801647351830569
0.1801892458091624
0.1802088448923149
0.1802287439256989
0.180245714306352
0.1802647848504765
0.1802824664818597
0.1803012489518525
0.1803232593035841
0.1803445187163606
0.1803647636383578
0.1803864626195543
0.1804074679976441
0.1804304865162253
0.1804482060603805
0.1804636861996138
0.1804785502980066
0.1804936432575728
0.1805109304516495
0.1805385557555313
0.1805608693639807
0.1805793045518999
0.1805982549085983
0.1806188524397463
0.1806440709580928
0.1806761624247063
0.1807211127288356
0.1807893517440626
0.1809076434489503
0.1810832877595354
0.1812800776777861
0.1815019524741195
0.1817552494673876
0.1820460862767093
0.1823837059560645
0.1827774695746726
0.1831189049523223
0.1834624693232178
0.1838580108796081
0.1844073288811703
0.1851925419601507
0.1861262467224114
0.1872232428376715
0.1885010197386311
0.1899
0.1899020930574009
0.1899062791722025
0.1899146514018059
0.1899221432856829
0.1899308512711894
0.1899422884889479
0.1899531709462142
0.1899636480763045
0.1899752609566822
0.1899874706278724
0.1899940880188009
0.19
0.1900020930574008
0.1900047614036008
0.190009056781645
0.1900128960061644
0.1900169341469024
0.1900216409230831
0.1900264711319093
0.1900317753694571
0.1900363684698363
0.1900409358891805
0.1900459115037893
0.1900516669330247
0.1900589852312492
0.1900668094988889
0.1900736163935572
0.1900798867649257
0.1900858412014856
0.1900918889508545
0.1900992612266308
0.1901034172455247
0.190108028642873
0.190111900299385
0.1901152202194971
0.1901185317985661
0.190122226096536
0.1901282140039663
0.1901329073426264
0.1901368379111566
0.1901409323090215
0.1901454598065306
0.1901509894065435
0.1901584744719563
0.1901682001487885
0.1901786544005485
0.1901908651744047
0.1902080907248301
0.1902210589585044
0.1902321824408412
0.1902435565215834
0.1902558130087382
0.1902700075650402
0.1902874010145749
0.1903084949490765
0.1903347906224694
0.1903714783374957
0.1904286650835995
0.1904912932529562
0.1905583282377153
0.1906314892528722
0.1907115576014298
0.1907889777345642
0.190811603126946
0.1908376027499846
0.1908540566948514
0.1908705477306892
0.1908879499649299
0.1909091161438472
0.1909260337348752
0.1909432510018975
0.1909626805322011
0.1909792423074374
0.1909948875690783
0.1910122998714928
0.1910285958287819
0.191047610836082
0.1910674788332406
0.1910850367453917
0.1911052163423889
0.1911369139994691
0.1911687532533246
0.1911920312083684
0.1912298966602016
0.1912575368657665
0.1912840602571852
0.1913189675030326
0.1913782913605462
0.1914554024271239
0.1915433549541647
0.1916437115040196
0.191733290649875
0.1917581303254961
0.1918078096767381
0.1918198293179385
0.1918438686003391
0.1918492274522617
0.191859945156107
0.1918711931054059
0.1918793001468621
0.1918859020052359
0.1918939220560798
0.1919014198578669
0.1919092236634684
0.1919138596664141
0.1919190300881881
0.1919230599834188
0.1919273209124573
0.1919316762993811
0.1919361253492693
0.1919417917211951
0.1919509656741208
0.1919693135799722
0.1919902285250242
0.1920132012229707
0.1920392817988883
0.1920689804132366
0.1921033580742041
0.192143503803106
0.192163021232366
0.192184531053639
0.1922008022053198
0.19221363859603
0.1922282981769996
0.1922420510356539
0.1922558852873607
0.1922696966929759
0.1922848662193919
0.1923038369960016
0.1923275781816664
0.1923486444945105
0.1923664273160676
0.1923827096275753
0.1923990494796973
0.1924193817520668
0.1924336089841256
0.1924483029870019
0.1924613350949836
0.1924731510005185
0.1924847611073029
0.1924968009260537
0.1925107666742959
0.1925273546288589
0.1925443392014066
0.1925587372473696
0.1925730903726753
0.1925886305715226
0.1926065981666702
0.1926292991669318
0.1926586471043008
0.1927000850898994
0.192762093336991
0.1928205910744354
0.1928710438612335
0.1929189441057012
0.1929712804220016
0.1930113190708992
0.1930546291095678
0.1930912003651493
0.1931247154852202
0.1931593897536943
0.1931993130249363
0.1932672704548111
0.193318985918246
0.1933631303189469
0.1934095319706279
0.1934608399643423
0.1935251102885501
0.1936095846700341
0.1937017364868013
0.1938225066418766
0.193952097483512
0.1940520695135212
0.1941552197136016
0.1942693448483171
0.1943726734859404
0.1944789873116566
0.1945609449825928
0.1946612628692964
0.1947404984929891
0.1948113833380246
0.1948857051254052
0.1949752584391313
0.1950558403844644
0.1951579145172974
0.1951785473344733
0.195219812968825
0.1952284158267938
0.1952456215427314
0.195261617084995
0.19527483108556
0.19528746900761
0.1952993531817439
0.1953109818712736
0.1953251252609069
0.1953321572732125
0.1953389976908523
0.1953466099678126
0.1953547107943212
0.1953620175636044
0.1953704447428967
0.1953834875796028
0.1954071009730192
0.1954387175538395
0.1954739657602818
0.1955139260248776
0.1955596522866015
0.1956122527572556
0.1956734088111743
0.1957448011774282
0.1958275630614227
0.1959233944666108
0.1960344953454377
0.1961634025628954
0.1963130781775153
0.1964869705273497
0.1966890393962188
0.1969239228483114
0.1971970071444733
0.1975146180865323
0.1978842336182335
0.1983147047830509
0.1988167336130016
0.1994034178562715
0.1999
0.1999021463522341
0.1999064390567023
0.1999150244656386
0.1999244302348889
0.1999355728551959
0.1999447521118176
0.1999525460590419
0.1999597118431146
0.1999667393559703
0.1999735170777856
0.1999799795861905
0.1999876685984961
0.1999922701148735
0.1999968947813554
0.2
0.2000021463522341
0.2000042089701703
0.2000074462870026
0.200011943289608
0.2000188798119496
0.2000246717180745
0.2000302710830859
0.2000362270726103
0.2000428113993631
0.2000515147244873
0.2000584880276766
0.2000643820810656
0.2000703143369846
0.200076534021002
0.2000828839746217
0.2000882212709026
0.2000923593686868
0.2000962032475066
0.2001011858659318
0.2001063138824616
0.2001103958761885
0.2001146114984674
0.2001193324607379
0.2001251977495414
0.2001333976283611
0.2001450341259436
0.2001550052017738
0.2001624254259482
0.2001685813406764
0.2001741686950966
0.200179959121396
0.2001877824546805
0.2001949711824033
0.2002003049294135
0.2002050789525928
0.200209506605372
0.2002137292225177
0.2002180030049331
0.2002227022903186
0.2002291956975071
0.2002358974738415
0.2002409645006009
0.2002458893638129
0.2002511270284462
0.2002571226843123
0.2002646871968366
0.2002726413763453
0.2002815149745712
0.2002946544202338
0.200305146523331
0.2003138760700661
0.2003228006162224
0.2003327200542831
0.2003423270899286
0.2003510894214008
0.2003625202397303
0.2003752259697683
0.2003882895619813
0.2004012191757934
0.2004133257562059
0.2004253659285585
0.2004358640167088
0.2004452253962504
0.2004542393655847
0.2004635167502782
0.2004715620397872
0.2004790049588978
0.2004864699545085
0.2004947207388689
0.2005055357137325
0.2005170383771332
0.2005263445261323
0.2005354993481856
0.2005453531634762
0.2005567113952257
0.2005694746936185
0.2005836626109321
0.2005978787872116
0.2006036804165719
0.2006108878048075
0.2006163648958736
0.2006220314229486
0.2006276341401069
0.2006330723902907
0.2006402796240231
0.2006485133333767
0.2006564334310054
0.2006644197155506
0.2006733428148066
0.2006836531102894
0.2006941107148789
0.2007028603124913
0.2007115473876815
0.2007208924909426
0.2007319010390028
0.2007452864641347
0.2007601746724233
0.2007743310129038
0.2007887514876769
0.2008060153868821
0.2008179306876295
0.2008305844876286
0.2008416284163887
0.2008515891699261
0.2008615022749127
0.2008721102534971
0.2008855110188464
0.2008979289977528
0.2009109603140848
0.2009232794641084
0.2009360204055498
0.2009502321653023
0.2009675323687331
0.2009888577866477
0.2010180512793444
0.2010632617292601
0.2011324656809711
0.2012114281594488
0.201289639588264
0.2013710767496544
0.2014608558442163
0.2015702784764886
0.201757877808952
0.2019033210775186
0.2020266347254968
0.2021545290000786
0.2022931354609158
0.2024612251965038
0.2026728659927601
0.2029324927930601
0.2032232143993847
0.2035623968940107
0.2039621435428893
0.2044664792218773
0.2050560311581722
0.2056176099930542
0.2061599232949481
0.2067270097595633
0.207396548694793
0.2083542968285738
0.2098293763418637
0.2099
0.2099037048767634
0.2099111146302902
0.2099225961484611
0.2099340355563329
0.2099458708549727
0.2099601087654615
0.2099749164687912
0.2099874582343956
0.2099937291171978
0.21
0.2100037048767634
0.2100074994499813
0.2100136424867028
0.2100230359716654
0.210032606159505
0.2100414772182105
0.2100501887997211
0.2100597602926287
0.2100743915517582
0.2100850466594235
0.2100939707238508
0.2101031517321252
0.2101130976666994
0.2101252817378655
0.2101406832048479
0.2101604268952461
0.2101813758914018
0.2102048258345546
0.2102319697265145
0.2102641124397648
0.2103034967602472
0.2103548478724979
0.2104016126669797
0.2104285762721241
0.2104575739063355
0.2104780387092424
0.2104926136024026
0.2105052240989628
0.210517511485233
0.2105332887485975
0.2105432695948821
0.2105533753016828
0.2105623333119343
0.210570410727294
0.2105785627895302
0.2105876563537101
0.2106012534543368
0.2106136364700923
0.2106236431679512
0.2106338065629388
0.2106449477438063
0.2106584023991981
0.2106760063083183
0.2106975336274516
0.2107180616982059
0.2107406176380231
0.2107704585290163
0.2107995924251063
0.2108256491737069
0.2108520549761507
0.2108804847459222
0.2109129584996046
0.2109489214573665
0.2109888703682568
0.2110357248604102
0.2110909180198797
0.2111606224338306
0.2112396763358484
0.2113246407746531
0.2114095230096409
0.2114946070690778
0.2115802786593579
0.2116810819839477
0.2118032713905592
0.2119580077341118
0.2121578239656965
0.2124274145550183
0.212755048365578
0.2128494856919524
0.2130383603447012
0.2130718234229197
0.2131312258756182
0.2131873450561221
0.2132609967458759
0.2133133636769207
0.2133679052933599
0.2134413168873496
0.2135292508597095
0.2136475076383584
0.2138188064601822
0.2141111637389626
0.2146958782965234
0.2154855657915333
0.2164600219904143
0.2176837622276372
0.2191121171620077
0.2199
0.2199084518258768
0.2199253554776304
0.2199444587653799
0.2199622679864122
0.2199826209221886
0.22
0.2200084518258768
0.2200199582075802
0.220032449847697
0.2200470739783412
0.2200669144163105
0.2200834825095551
0.2200992384986428
0.2201159921221822
0.220136085593646
0.2201675265109151
0.2201930009906029
0.2202161250668182
0.2202408742496494
0.2202696008877404
0.220304878208131
0.2203537632811756
0.2204286469171516
0.2205663072605579
0.2208416279473706
0.2210421887586572
0.2212589813706599
0.2214427156846918
0.221620771895988
0.2217752810661846
0.2219498215365891
0.222143483856983
0.2223658866033106
0.2227150616894352
0.2232185273088513
0.2241881473664127
0.2253129779390456
0.2266256579986174
0.2282002793164603
0.2299
0.229902951691806
0.229908855075418
0.229920661842642
0.2299326459147358
0.2299443803184989
0.2299594076622879
0.2299743665851606
0.2299880431175171
0.23
0.230002951691806
0.230008855075418
0.2300168098814661
0.230028148639883
0.2300403940678135
0.2300520961330307
0.230062896135531
0.230072464455654
0.2300811656216797
0.2300897554929196
0.2300995496609194
0.2301087826341847
0.2301192414063869
0.2301285582022325
0.2301378927222092
0.2301481365358972
0.2301600220230706
0.2301751071125969
0.2301892148262704
0.2302026680723314
0.2302170222837489
0.2302350252667768
0.2302501080974448
0.2302612026118733
0.2302710179207814
0.2302803646603081
0.2302901284811401
0.2303020839160291
0.2303135770434745
0.2303263669159089
0.2303381199161234
0.2303500775518733
0.2303632460518958
0.2303789864592101
0.2303982161343108
0.2304239342553876
0.2304606514373027
0.2304911689493288
0.2305257976145985
0.2305631870734382
0.2305950549046965
0.2306325969845896
0.2307002612492344
0.230819727260294
0.2309782458152341
0.2311573265847193
0.2313612775567122
0.2315952992746494
0.2316887063825693
0.2317534332734401
0.2317996767476785
0.2318403480144647
0.2318822731430944
0.231915456501391
0.2319511860920155
0.2319819860539436
0.2320140895600889
0.2320451250942618
0.2320783172021429
0.2321172863324473
0.2321683063899771
0.2322348618261378
0.2323092034579672
0.2323782715853538
0.2324499934777173
0.2325081818437292
0.2325755692116936
0.2326406313216943
0.2326989545064597
0.2327713713831958
0.2328980263757345
0.233029815594601
0.233163800266526
0.233331386679185
0.2335517032261829
0.2338072292886113
0.2341018612136553
0.2344405552000159
0.2348297262447302
0.2352792808929494
0.2358008802777939
0.2364086761519428
0.2371207556277334
0.2379645605545327
0.2389590031843478
0.2399
0.2399040152338288
0.2399120457014863
0.2399281066368013
0.2399400014824278
0.2399537480275873
0.2399699248488205
0.2399848088074248
0.2399924044037124
0.24
0.2400040152338287
0.2400093561402075
0.2400180141578955
0.2400294830049331
0.240041041474597
0.2400527430057177
0.2400647221982136
0.2400777614048015
0.2400928218934072
0.2401113597868133
0.240135794310744
0.2401618895991877
0.2401901978713379
0.2402221852023114
0.2402589960679606
0.2403021759645924
0.2403532062479239
0.2404134584523431
0.2404843535914964
0.2405675357615053
0.2406650255210168
0.2407792879894853
0.2409132900917813
0.2410706432294354
0.2412551364105479
0.2414701513065041
0.2417205533700932
0.2420116124204411
0.2423491242254965
0.2427405752199535
0.2431907425350748
0.2437171464863976
0.2443075762898741
0.2449547324633535
0.24540078693451
0.2458669513960653
0.2462931841962749
0.246742104732303
0.2473700421431303
0.2481226855363318
0.2487299913026019
0.2493700590931216
0.2499
0.2499044787282752
0.2499134361848256
0.2499250405685315
0.249937271972978
0.2499472671579906
0.2499572380923218
0.2499683426303634
0.2499812511046848
0.2499912960128999
0.25
0.2500044787282752
0.2500106196248151
0.2500194396872515
0.2500308482621705
0.2500420931203976
0.2500536073698907
0.2500663943783806
0.2500816499807483
0.2501050123467881
0.2501308239513036
0.2501513821406838
0.2501706252158382
0.2501896469042525
0.2502116937213546
0.2502411038378343
0.2502624468830923
0.2502818184331012
0.2503022174518459
0.2503248546858866
0.2503502414178163
0.2503819282222781
0.2504193842264846
0.2504524808531925
0.2504842578305434
0.2505181949623055
0.250557859305531
0.2506061890862727
0.250667631724282
0.2507130113464897
0.2507500020943841
0.2507889725184371
0.2508242551550534
0.2508624635405577
0.2508996024158265
0.2509400606735681
0.2509599297628072
0.2509784701288644
0.2510010349946574
0.2510238986342221
0.2510433022935815
0.2510639936963545
0.2510886371229135
0.251118735045227
0.2511473502269705
0.2511678713301124
0.2511901121471561
0.2512123465062497
0.2512340371211195
0.2512540624326817
0.2512737191641252
0.2512949777564534
0.2513231437265804
0.2513582099040264
0.2513836780550276
0.2514084613223487
0.251431503635639
0.2514512290260933
0.2514727315971563
0.2514932592684468
0.2515154716790949
0.2515366476665091
0.2515594483850665
0.2515860961947964
0.2516213003167824
0.2516530376703607
0.2516798871966627
0.2517047032777873
0.2517300701507332
0.2517654896804173
0.2517927600016571
0.2518124856015641
0.2518303274989716
0.2518476085112131
0.251866309920663
0.2518909338259564
0.2519141210120359
0.2519372111239209
0.2519593819913822
0.2519825250115127
0.252008511447587
0.2520402539418433
0.2520796879343386
0.2521336613619667
0.2522127108546206
0.2523455124853333
0.2524978162186455
0.2526904000584169
0.2528435446330101
0.253006701874486
0.2532712020116014
0.2536467547746853
0.2540997167582036
0.2546215529674122
0.2552209684202427
0.2559126598962391
0.2567206566348332
0.2576755382329141
0.258731243852991
0.2598819890612641
0.2599
0.2599025304529074
0.2599075913587223
0.2599152753820052
0.259926187119638
0.2599350096090836
0.2599437448427164
0.2599533084793502
0.2599646931122881
0.2599748193296582
0.2599840880747026
0.2599942897635698
0.26
0.2600025304529074
0.2600052773493534
0.2600107711422452
0.2600191091478899
0.2600275949997596
0.2600376192778072
0.2600468885604713
0.260055299699378
0.2600633558059037
0.2600716440741017
0.2600804866487628
0.2600852191738526
0.2600899272090619
0.2600941185025153
0.2600981503533617
0.2601030568482145
0.2601085267724927
0.260113629089389
0.2601185160222474
0.2601238225154983
0.2601295944758357
0.2601351836266699
0.2601399666779242
0.260144278393307
0.2601485511925277
0.2601534060165645
0.2601577083008328
0.2601626161225282
0.2601672617582115
0.2601713680883602
0.260176194946407
0.2601822235757719
0.2601885385481506
0.2601973984638835
0.2602050814803166
0.2602115513708936
0.260216271031146
0.2602211959605178
0.2602258880834947
0.2602303576245675
0.2602353248659833
0.2602414487041437
0.2602471303147758
0.2602523819106086
0.2602574324706585
0.2602625068213534
0.260268164823978
0.2602746869190811
0.2602795853113489
0.2602822791966029
0.2602856025673431
0.2602880190872057
0.2602915126550394
0.2602941176426512
0.2602966675047425
0.2602998054699264
0.2603041442149531
0.2603099851457437
0.2603175609990545
0.2603268166379313
0.2603350654523304
0.2603429315535816
0.260351122167519
0.2603600937364467
0.2603707762156583
0.2603837523669573
0.2603973704288863
0.2604121865736342
0.2604275327415178
0.2604440935652743
0.2604627763917072
0.2604834921899016
0.2605058666073922
0.2605308442267012
0.2605603191353254
0.2605854825764335
0.2606050180189809
0.260622570959721
0.2606305520179873
0.2606389267965157
0.2606458098489742
0.2606517928016636
0.2606584929990754
0.2606638459812962
0.2606703061030047
0.2606759592075528
0.2606812096417316
0.2606863953070848
0.2606915498412135
0.2606968837283818
0.2607028483658084
0.26071128177169
0.2607195807988554
0.2607259523070224
0.2607321845535588
0.2607388113179572
0.2607464151761544
0.2607560118333793
0.2607684251937445
0.2607858552177753
0.2608100455055619
0.2608389748211014
0.260874606521162
0.2609023820496169
0.2609264502630067
0.2609507613075813
0.2609760238685857
0.2609971603619451
0.2610157032056552
0.2610388039116467
0.261066763082319
0.261092164517251
0.2611196376694307
0.2611544112404204
0.2612158690592092
0.2612985536271186
0.2613940895519903
0.2614536906445221
0.261475518299769
0.2614974063029915
0.2615130858848317
0.2615294441050188
0.2615449515304991
0.2615600128024932
0.261574739970504
0.26159190925777
0.2616138090508813
0.261642523332981
0.2616788008518877
0.2617249456765678
0.2617836919584207
0.2618589746582216
0.2619574335775331
0.2620870484876443
0.262206570442121
0.2623250863760785
0.262469056648196
0.2626258731871891
0.2627938021168568
0.2630491658274269
0.2633667428080151
0.2640018967691915
0.264778398959255
0.2656561237862607
0.2666697747612971
0.267840386709999
0.2692068241557449
0.2699
0.2699036414163588
0.2699109242490763
0.2699254899145114
0.2699365715135421
0.2699495865247712
0.2699653767167056
0.26998415345546
0.26999207672773
0.27
0.2700036414163588
0.2700079777945093
0.2700146201992506
0.2700279050087332
0.2700391527057324
0.2700489313600312
0.2700579802914425
0.2700664100729593
0.2700750937170745
0.2700859372621118
0.2700955081066596
0.2701051702078503
0.2701143880172991
0.2701239734611677
0.270134791625996
0.2701477272008084
0.270162032915845
0.2701754640856979
0.2701889066682369
0.2702046563141461
0.2702197521691101
0.2702321530885981
0.2702424435033539
0.2702518326728912
0.2702610705951488
0.2702711246154683
0.2702844504856647
0.2703016122166987
0.2703137356429403
0.270325301618163
0.2703376990948844
0.2703518705299975
0.2703700344782292
0.2703940309588764
0.2704289177130965
0.2704672490880308
0.2704973055759808
0.2705458863732734
0.2705799180807585
0.2706142775512957
0.2706594697239695
0.2707498540693171
0.2709030632112994
0.2710812501468798
0.2712853410499151
0.2715196460961742
0.2717887517734883
0.271847104737259
0.2718913034874376
0.2719362522658427
0.2719700687195622
0.2720045579139028
0.272039950807527
0.272071358971286
0.2721045515752575
0.2721429461582873
0.2721925343886205
0.2722509931726016
0.2723169518489861
0.2723864886705138
0.2724578319982972
0.272521498450272
0.2725798045331972
0.2726624396891044
0.2727226125706381
0.2727908065583726
0.2728913002957814
0.2730180299881816
0.2731774916821992
0.2733705507506637
0.2735913108327032
0.2738451718559975
0.2741376943956546
0.2744747033130436
0.2748642249346885
0.2753153759773076
0.2758392893992637
0.276449873451188
0.2771651183425098
0.2780126398748118
0.279011780303238
0.2799
0.2799039028427516
0.2799117085282548
0.2799273198992611
0.2799406518836396
0.2799547177288901
0.2799727579251033
0.2799863789625516
0.2799931894812758
0.28
0.2800039028427516
0.2800082627255743
0.2800169824912196
0.280032823752914
0.2800457282101928
0.2800596490855323
0.2800760919842957
0.2800957545812755
0.2801215361171608
0.2801486457428376
0.2801777276543699
0.2802125872563893
0.28025536980868
0.2802971330528806
0.2803368808603025
0.2803792469856788
0.2804377164017355
0.2804902163461432
0.280531911700972
0.2805736510411483
0.2806185400266982
0.2806726347647537
0.2807403041919315
0.2808205602146173
0.2809111114543413
0.2809359735697234
0.2809599378374304
0.2809861805677351
0.2810061584863593
0.2810348358514601
0.28105564463877
0.2810757168827686
0.2810994725719653
0.2811297643011325
0.2811503950160082
0.2811702105023244
0.2811931333193192
0.2812167779512956
0.2812378517261874
0.2812620868500338
0.2813020901911488
0.2813651211983239
0.2814365562238317
0.2815170374277516
0.2816009757601478
0.2816654609783817
0.2817114992947566
0.2817518259711636
0.2817983666653086
0.2818563236729481
0.2818994649471347
0.2819440741138483
0.2819948536430868
0.2820531483929055
0.282104040955866
0.2821508640419757
0.2822001313351289
0.2822394135735661
0.2822872480749073
0.2823249574873241
0.2823580183537206
0.2823911208261816
0.2824272486104276
0.2824770131493665
0.2825345165492676
0.2825781700751838
0.2826213404005594
0.2826682974350432
0.2827233793082923
0.2827958694948509
0.2828768271527197
0.2829670328386211
0.2830667520685223
0.2831560204383756
0.2832415652543513
0.2833401796218689
0.2834056713347139
0.2834767367066295
0.2835393780306489
0.2835981690266843
0.2836612844785488
0.2837394006482586
0.2838171981561897
0.2839022984707144
0.2839818401205211
0.2840642292639781
0.2841564293343786
0.2842689593634049
0.2844099578854916
0.2846080462954558
0.2848970299872824
0.2853972920953996
0.2861173980482204
0.2869895967390164
0.2879900390180507
0.2890830083396899
0.2899
0.2899035023246674
0.2899105069740022
0.2899245162726717
0.2899347381669666
0.2899457429350589
0.2899558341951675
0.2899650383692192
0.289974320099224
0.2899837249269467
0.2899918624634734
0.29
0.2900035023246674
0.2900079953398443
0.2900137765112453
0.290019897680778
0.2900282783234504
0.2900383175804774
0.2900461587925005
0.2900540550601394
0.2900628714904752
0.290073792207691
0.2900881379707432
0.2901029195270989
0.2901197176814558
0.2901394234737345
0.2901650660412088
0.2902021145998823
0.2902511576047113
0.2903078839767809
0.2903529982527265
0.2903860673336668
0.2904129081414723
0.2904366849223138
0.2904602019772206
0.2904877618116399
0.2905111176908284
0.2905383073458906
0.2905615507340062
0.2905820470137432
0.2906005840618171
0.2906171214204013
0.2906324868605662
0.2906479109993453
0.290665667725655
0.2906824111330759
0.2907014170241889
0.2907183057510447
0.2907351577621777
0.2907535687630015
0.290774805883403
0.2908014079554102
0.2908273272564696
0.2908526757872943
0.2908805899073884
0.2909102202818066
0.2909313418252936
0.2909476303989713
0.290962647227658
0.290978302714422
0.2909993733123958
0.2910247473206201
0.2910439782081048
0.2910631030367704
0.291084170195448
0.2911091154992936
0.2911426589402445
0.2911856372027398
0.2912360767956271
0.2912763458055796
0.2913151961131416
0.2913567421608952
0.2914041453029392
0.2914598689222712
0.2915256573996134
0.2915805651225682
0.2916228232587776
0.2916617285455196
0.291701562280069
0.2917493882380365
0.291804105743002
0.2918606960617903
0.291912412560717
0.2919661791174128
0.292026328280056
0.2921000198620332
0.2921935056461328
0.2923243396555329
0.2925227298302397
0.2927813811283592
0.2930760429563786
0.2934094856555771
0.2938100129380951
0.2943181146813913
0.2949906898191029
0.2957800690146176
0.29671321413881
0.2978108365682688
0.2991696461644594
0.2999
0.2999028883488065
0.2999086650464194
0.2999202184416452
0.2999304810245649
0.2999407945755068
0.2999534191343293
0.2999660205431958
0.299979146242113
0.2999895731210565
0.3
0.3000028883488065
0.3000073267580564
0.3000146215287544
0.3000223454861063
0.3000321567896138
0.3000422934779336
0.3000504264339688
0.3000573769912346
0.3000643010362965
0.3000724263180568
0.3000825335339906
0.3000925802611973
0.3001019091831431
0.3001118399908366
0.3001235048477802
0.3001330078806025
0.3001414795505365
0.3001499080598839
0.3001581363728119
0.3001657122519258
0.3001732596376085
0.3001808658914405
0.3001886528087636
0.3001955068177432
0.3002017136451576
0.3002076777998056
0.3002138743858551
0.3002219273413477
0.3002259207803366
0.3002300694052572
0.3002336868867468
0.3002368875710734
0.3002402312968306
0.3002440634471401
0.3002486743367272
0.3002528332776883
0.3002567045090072
0.3002607486524145
0.3002652122684842
0.3002705408124225
0.3002737116420068
0.3002760598235629
0.3002785699382501
0.3002806585286692
0.300283627120048
0.3002858808627167
0.3002881637938372
0.3002913473023081
0.3002964437644085
0.3003040812891837
0.3003139274592061
0.3003261613948385
0.3003386239636625
0.3003521317078631
0.3003654495526552
0.3003791342210473
0.3003939631228812
0.3004106631354362
0.3004306789677
0.3004549369530596
0.3004863936147757
0.3005296158218196
0.3005944350842879
0.3006776126197568
0.3007470745226401
0.3008184618569079
0.300918138135679
0.300991823101176
0.301065565058338
0.3011559109935855
0.3012739778382224
0.301448319220437
0.3016335055859511
0.3018297253078477
0.3020108733005091
0.302202547828301
0.3023973700968356
0.3026360963821596
0.3029410887898433
0.303461011146525
0.3045008558598883
0.3055992268858053
0.3068681414474939
0.3083936605131581
0.3099
0.3099028314015642
0.3099084942046925
0.3099198198109491
0.3099313582191693
0.3099451191607708
0.3099609839570141
0.3099790547776096
0.3099895273888048
0.3099947636944024
0.31
0.3100028314015641
0.3100056169941138
0.310011188179213
0.3100223305494115
0.3100332893479709
0.3100463599814163
0.3100621135284177
0.3100800983617
0.3101035957309707
0.3101278150587418
0.3101508193969075
0.3101766441034136
0.3102087334805256
0.3102515983675835
0.3103039372619487
0.3103651599405634
0.3104354991451426
0.3105156237646097
0.3106062877567308
0.3107093854332515
0.3108276901016878
0.3109618447648727
0.3111266298763322
0.3113185129463035
0.3115445962495932
0.3118087221554276
0.3121330640694439
0.3124139709439257
0.3126311000350566
0.3128437857869765
0.3130512182232452
0.3133110393568925
0.3136316176886673
0.3142727743522168
0.3152437364439565
0.3163361826383592
0.3176777943700381
0.31928750436556
0.3199
0.3199048783696448
0.3199146351089345
0.319934148587514
0.3199495085244424
0.3199670577642864
0.3199835288821432
0.3199917644410716
0.32
0.3200048783696449
0.320010096644911
0.3200173802836052
0.3200319475609934
0.3200488738132132
0.3200650252636309
0.3200785027238736
0.3200903098809492
0.3201018072160776
0.32011507087853
0.3201266772678427
0.3201393165248468
0.3201509797916611
0.3201626462415664
0.320175105041768
0.3201878824070034
0.3201988589167856
0.3202073825934337
0.3202151232225879
0.3202246627256975
0.3202356704094386
0.3202439921243325
0.3202524373235978
0.3202618512391804
0.3202734614254452
0.3202897634252019
0.3203117150726634
0.3203285872101801
0.3203417197455362
0.320353218508927
0.3203641418289586
0.320376501856511
0.3203854729073728
0.3203970322646149
0.3204069025551636
0.3204156283093085
0.3204239896516523
0.3204321552569961
0.3204406733205724
0.3204506536803688
0.3204609650090412
0.3204724572541027
0.320482417230597
0.320492275475625
0.3205029466558649
0.3205151670015069
0.3205303690910097
0.3205497790747098
0.3205766257043223
0.3206057788319908
0.32063169200474
0.3206548672897598
0.3206753291956277
0.3206935278081875
0.3207106462871599
0.3207283207220011
0.3207502775958551
0.3207697233070618
0.3207895115121022
0.3208083261449158
0.3208278403396768
0.3208497022785194
0.3208763014742251
0.3209076858045485
0.3209394175171209
0.320980953397422
0.3210147511215634
0.3210507761296086
0.321091114968852
0.3211266010417851
0.3211613085011212
0.3211976401035133
0.3212379364117725
0.3212883659088718
0.3213415543795957
0.3213997951709276
0.3214518125332598
0.3215039671508958
0.3215604725490745
0.3216268912291516
0.3217068635625708
0.3218117148819073
0.3219579890989862
0.3221817016726293
0.3225297576699209
0.3229275680470515
0.3233811710404011
0.3239055810797163
0.3245156121495206
0.3252357763560385
0.3260952921519777
0.327136286674587
0.3283838112456019
0.3296528763198155
0.3299
0.3299050321042585
0.3299150963127757
0.3299352247298099
0.3299505878154099
0.3299644956106462
0.3299802815623804
0.3299901407811902
0.33
0.3300050321042586
0.3300109759518104
0.3300225953907701
0.3300362193471582
0.3300502474990444
0.3300669703162064
0.3300835648569191
0.3301026154873399
0.3301278982290326
0.3301702680786948
0.3302283116372437
0.3302910349209268
0.3303603387077045
0.3304374753441781
0.3305227260192208
0.3306160247729371
0.3307171494033885
0.3308288801722427
0.3309641539662198
0.3310956948403929
0.3312256323389148
0.3313479935967706
0.3314745317665785
0.3316152406645986
0.3317615960269172
0.331882962725352
0.331984804092879
0.3320894746674273
0.332197000049913
0.3323116038921983
0.3324162060127505
0.332527172571312
0.3326550219715478
0.332785638393528
0.3329073353561339
0.333037924961972
0.3331206277121207
0.3332283042420836
0.3333198298259919
0.3334037696172497
0.3334941771124622
0.3336073172341257
0.3337197223415861
0.3338398076481498
0.3339552246579422
0.3340777185038055
0.334218179426469
0.3343937723933501
0.3346230731006435
0.3349585796896415
0.3355084433779332
0.3364795687945532
0.3376308816463425
0.338947133163921
0.3399
0.33990247702228
0.3399074310668402
0.3399173391559605
0.3399282483246271
0.3399386765279575
0.339951870791577
0.3399677055728316
0.339984344048337
0.34
0.3400024770222801
0.3400074310668402
0.3400147422342329
0.34002628478511
0.3400387498336389
0.3400523095271436
0.3400678008830313
0.3400822116589463
0.340095228355539
0.3401077690465813
0.3401209003542927
0.3401376406549299
0.340150867601947
0.3401644997779223
0.3401766451058622
0.3401874155485463
0.3401969798571038
0.3402053974052859
0.3402131625659496
0.3402210028565072
0.3402303407867985
0.3402383266521068
0.3402473556185293
0.3402557392529642
0.3402642544871978
0.3402736925335824
0.3402847010872298
0.3402975300025198
0.340315787945461
0.3403311617074841
0.3403459865011151
0.3403641860957753
0.3403925514080384
0.3404137423463149
0.3404307116801252
0.3404473216884775
0.3404640794540738
0.34048216731852
0.3405028713577909
0.3405297346747584
0.3405562969060951
0.3405804144373127
0.3406028636948501
0.3406248416817382
0.3406489284494778
0.3406793734964481
0.3407092457621133
0.3407337422820568
0.3407581933152646
0.3407846832420602
0.3408156376920509
0.3408516294479091
0.3408899383406927
0.3409297460555321
0.3409704762286119
0.3410001696020937
0.3410261052169883
0.3410517853340563
0.341079964555724
0.3411199691429367
0.3411636653349643
0.3411977268267985
0.3412316418905447
0.341268365077615
0.3413123703175844
0.3413673966051342
0.3414437043320744
0.341558223996239
0.3417264873210319
0.3419168147306485
0.3421270655221497
0.3423741122656144
0.3426812691702393
0.343073336513919
0.3435617294428694
0.3441265386161391
0.3447886729773618
0.3453687585708325
0.3458852743067006
0.3464912679683022
0.3475353467677831
0.3488905277912689
0.3499
0.3499029587195281
0.3499088761585843
0.3499207110366967
0.349930916719451
0.3499417980419218
0.3499550542605504
0.3499690130518513
0.3499853272215105
0.3499926636107553
0.35
0.3500029587195281
0.3500074970139425
0.3500155211409387
0.3500251239074654
0.3500346227443352
0.3500425264634222
0.3500501817140745
0.3500588916290901
0.3500719894210278
0.3500835532977317
0.3500940214716977
0.3501053764294009
0.350118732368282
0.3501364328461337
0.3501609382745059
0.35019265731808
0.3502270138314113
0.3502631668881536
0.3503024958100632
0.3503479447089123
0.3504011145111363
0.3504682222345921
0.3505305900544971
0.3505803782951901
0.350602971859878
0.3506284906605749
0.350647767280911
0.350662343443973
0.3506758145201941
0.3506899298363485
0.3507017739997354
0.3507161517051937
0.350727225135865
0.350736534171205
0.3507453657405778
0.3507543305207151
0.3507649586989773
0.3507759742214291
0.3507879489178791
0.3507987973842125
0.3508099209932393
0.3508223815402455
0.3508373603410235
0.3508566321190205
0.3508790132378413
0.3509042221436466
0.3509349367513319
0.350973349374533
0.3510016134029124
0.3510281942917712
0.3510562475114221
0.3510875326361996
0.3511232145487058
0.3511628828389243
0.3512028934560076
0.3512408095703463
0.3512769117534998
0.3513120408020946
0.3513509311025991
0.351395117835977
0.3514429737067416
0.3514955983578431
0.3515607719725966
0.3516544861514219
0.351741663496922
0.3518083043960195
0.3518755907634738
0.3519693238398838
0.3520595042971735
0.3521552722349204
0.3522994835141894
0.3524715317577864
0.3527601678620141
0.3531427814090593
0.3532362059202518
0.3533605918079841
0.3534190506448795
0.3534899117079438
0.3535476589269613
0.3536208180486343
0.3536798052007427
0.3537347075457371
0.3538119928000763
0.3539019852962079
0.3540222307351099
0.35419464075377
0.3544817416250962
0.3550559433677486
0.3561282368595706
0.3575827861153116
0.3592929396272317
0.3599
0.359902630918542
0.3599078927556261
0.3599184164297942
0.3599318569191526
0.3599482170062244
0.3599639376365678
0.3599824540978182
0.3599912270489091
0.3599999999999999
0.360002630918542
0.3600064322084198
0.3600140347881753
0.3600271182831385
0.3600466551933911
0.3600695080150879
0.3600924766246359
0.3601176619401387
0.3601456158092992
0.36017797168023
0.3602166169076794
0.3602629227693276
0.3603127275160197
0.3603716285914076
0.3604399215559513
0.3605197447494281
0.3606126322671368
0.3607194491408532
0.3608423994863605
0.3609847681964148
0.3611518658584679
0.3613450838101095
0.3615701913696365
0.3618363907216588
0.3621501056584446
0.362538717499684
0.3630229741028796
0.3636504257176338
0.3645127378279341
0.3658147055461193
0.3680731107406942
0.3699
0.3699016579976834
0.3699049739930501
0.3699116059837836
0.3699183333682317
0.3699255829129719
0.369935385243714
0.3699459211880651
0.3699596907035068
0.3699762457207663
0.3699881228603831
0.37
0.3700016579976834
0.3700049739930501
0.37001005619245
0.3700197584956983
0.370028389315552
0.3700376702922295
0.3700484151702929
0.3700608427365497
0.3700755659082695
0.3700930097494925
0.3701135954196177
0.3701378325360704
0.3701663217139823
0.3701997913021063
0.37023286151173
0.3702630200085488
0.3702929510872062
0.3703275915401844
0.3703739898111887
0.3704080682666727
0.3704384864050069
0.3704702047978022
0.3705039676781601
0.3705440227472337
0.3705839127120702
0.3706203093151221
0.3706638201266564
0.370709456821557
0.3707552643001774
0.3708051987057239
0.3708237152528515
0.3708485879960641
0.3708675658066606
0.3708852980774597
0.370900619852667
0.3709167124017879
0.3709324475682762
0.3709500307668505
0.3709722171887895
0.371002501581401
0.3710383559607652
0.3710744163729511
0.3711083447666813
0.3711329030521272
0.3711717354440616
0.3711998149133324
0.3712276914382463
0.3712633899795312
0.3713054882203877
0.371355021419243
0.3713993761219999
0.371437752721677
0.371474085633612
0.3715133515533501
0.3715398610149838
0.3715757273391802
0.3716052865571994
0.371631041151829
0.3716565397178453
0.3716832996857709
0.3717159669168383
0.3717323005323721
0.3717649677634395
0.371773248715678
0.3717898106201551
0.371800349940493
0.3718113593776102
0.3718228298777466
0.3718347497748878
0.3718448524667547
0.371854834344249
0.371866969723977
0.3718729775581486
0.3718788586166032
0.3718853129502914
0.3718924349640501
0.3718987033358613
0.3719058580104432
0.3719166810129168
0.3719356168349634
0.371963118305202
0.371993777840296
0.3720283730660751
0.3720679671364575
0.3721134474317236
0.3721662494812519
0.3722278570487091
0.3722996100464662
0.372382578234087
0.3724786906761472
0.3725901697149228
0.3727195775213503
0.3728698917979971
0.3730445615901015
0.3732475565271974
0.3734269171766633
0.3736014516892741
0.3738425578810191
0.3740565676789346
0.3742384278732076
0.3744311598849107
0.3745856218198761
0.3747414156757656
0.3748731822588895
0.3750008852167789
0.3751481546193963
0.3754011244589491
0.3755995298934685
0.3757746209467793
0.3759643098880912
0.3761824097111284
0.3764655577701391
0.3768790484720354
0.3775064615601286
0.3785917742197719
0.3798262306057597
0.3799
0.3799044893171212
0.3799134679513638
0.3799262674337768
0.379939895838959
0.3799605655918723
0.3799797825060952
0.38
0.3800044893171213
0.3800134679513638
0.3800221037068575
0.3800393752178449
0.380057174157239
0.3800706194668886
0.3800818828676352
0.3800922476737709
0.3801031647383454
0.3801157414101178
0.3801283942821707
0.3801388911349892
0.3801491990882116
0.3801600313134567
0.3801711732049612
0.3801807015840656
0.3801880245560491
0.3801946902470332
0.3802030546980933
0.3802122560015708
0.3802193885381669
0.3802267014455149
0.3802344313484108
0.380243495282951
0.3802519860702926
0.3802605380287305
0.3802688862514235
0.380277833293977
0.3802886005421596
0.3802997200547838
0.3803097321483203
0.3803194391434837
0.3803301207444896
0.3803450336116529
0.3803557341110485
0.3803641152452227
0.3803717915546511
0.3803789711415113
0.3803862273169153
0.3803943472896702
0.3804061142024281
0.3804172160288667
0.3804259618210244
0.3804346770814346
0.3804433134675771
0.3804518733447643
0.3804610477867553
0.3804724347124974
0.3804826043987273
0.3804935588932594
0.3805038213296649
0.3805143468778834
0.3805260432527567
0.3805401308698451
0.3805575067620101
0.3805809613513458
0.3806150051373381
0.3806700750932727
0.3807196099805378
0.3807624303487829
0.3808010611925291
0.3808366958362922
0.3808723682355422
0.3809134683573071
0.380954323796214
0.3809999918287862
0.3810404160013096
0.381081021049574
0.3811256445763129
0.3811776700286434
0.3812427247144625
0.381319259983106
0.3813737695448753
0.3814175116496356
0.3814591359647642
0.3815029886868179
0.3815604437286831
0.3816177326107269
0.3816745012708659
0.3817299301609456
0.3817890922826014
0.3818569980237366
0.3819419824664119
0.3820519122762716
0.3822090459926748
0.3824547746929026
0.3827670666685874
0.3831200331504558
0.3835389677557292
0.3840610086647867
0.3847041072447046
0.3854587587954718
0.3863545240890307
0.3874095286323666
0.3886861847452772
0.3899
0.3899032785013488
0.3899098355040465
0.3899229495094419
0.3899347093912005
0.3899472514467131
0.3899612262754197
0.3899778577380771
0.3899889288690386
0.39
0.3900032785013489
0.3900081309050861
0.3900141743687019
0.3900219579580099
0.390029824056821
0.3900374428798727
0.3900455013522702
0.3900562078049175
0.3900665894933042
0.3900745002261473
0.3900821229902593
0.390090074377271
0.3900985020264924
0.3901063136639982
0.3901123330188807
0.3901174257462141
0.3901229917684363
0.390128054327295
0.3901335865989125
0.3901389301901261
0.3901446265364916
0.390151440531503
0.3901596866368947
0.3901709726412931
0.3901827306837834
0.3901937909158486
0.3902031346180146
0.3902110116078891
0.3902183107318682
0.3902259728328344
0.3902334053549104
0.3902393079419861
0.3902445798642825
0.3902499405936662
0.3902558999264946
0.3902616827566805
0.3902673103600176
0.3902729793176197
0.3902791041717623
0.3902867280597824
0.3902935783533725
0.3902996495065288
0.3903055116004543
0.3903118144715024
0.3903191781968181
0.3903270666463397
0.3903335087268155
0.3903399919292295
0.390347128106457
0.3903530895647986
0.3903599001180035
0.3903713275866731
0.3903810463518557
0.3903906392908964
0.3904004462483886
0.3904075501879116
0.3904145482652817
0.39042167238178
0.3904285097087139
0.3904356850398865
0.3904426798136288
0.390449451688465
0.3904564127788366
0.3904643495471796
0.3904730401229003
0.3904806751650963
0.3904876725012878
0.390494516920898
0.390501756674757
0.3905108437379061
0.3905162905067828
0.3905201404473563
0.3905246134631313
0.3905280054889679
0.3905317079847441
0.3905353124515022
0.3905388727973008
0.3905433742628026
0.3905497169818205
0.3905578540716123
0.3905682563316326
0.3905797983367451
0.3905920318420004
0.3906053670605992
0.3906206759893106
0.3906385206755678
0.3906579332190216
0.3906794422651586
0.3907045595480186
0.3907338508249247
0.3907655988355813
0.3908013978391975
0.3908395732650981
0.3908802818853515
0.3909284729550286
0.3909879272792544
0.3910460479237901
0.3910915387639015
0.3911395104987185
0.3911863724708508
0.3912070911943539
0.3912290834246393
0.3912467544611114
0.3912609182572098
0.3912747162143933
0.3912905362358781
0.3913012506430938
0.3913140749883822
0.391324877264829
0.391334214527594
0.3913432712041717
0.3913527184292904
0.3913644019573128
0.3913753052493769
0.3913870520318838
0.3913981691333427
0.3914097700069231
0.3914229785228313
0.3914390669253488
0.3914599172608865
0.3914827662293908
0.3915087192842518
0.3915400522041175
0.3915690918226228
0.3915924015444982
0.3916185739158566
0.391640451949642
0.3916588611979449
0.3916785050565276
0.3917043325066724
0.3917296401945034
0.3917574350718657
0.3917851773378818
0.3918167719139509
0.3918555340722493
0.3919113952772807
0.3920015820884251
0.3920952895548952
0.392187459405151
0.3923113747350586
0.3924163172707043
0.3925139534914453
0.3926268726584692
0.3927728865731782
0.3930265829055499
0.3935339755702935
0.3938008244546781
0.3939743080025486
0.3940456397656563
0.3941883032918717
0.3942490213856213
0.3943098051007244
0.3943755657840722
0.3944459124231514
0.394505520675648
0.3945734301455184
0.394663203322217
0.3947769369422821
0.3949379460553213
0.3951988191395928
0.3957205653081356
0.3967640576452213
0.3981227033735678
0.3996449292609222
0.3999
0.3999032934732223
0.3999098804196669
0.3999230543125561
0.3999342843095369
0.3999451930732685
0.3999567582668916
0.3999666812886138
0.3999772853635217
0.3999886426817609
0.4
0.4000032934732223
0.4000081770703762
0.4000155171104315
0.4000230727574592
0.4000337452177494
0.4000451611791632
0.4000544390514565
0.4000639823546034
0.4000750083744251
0.4000883772542473
0.4001071056032175
0.4001273733994598
0.4001514353474186
0.4001834127225165
0.4002323159071221
0.4003071220896223
0.4003776680029257
0.4004481038684771
0.4005002484501323
0.4005477118688255
0.400591739002387
0.4006249740013083
0.4006607107750568
0.400716946801055
0.4007622577416571
0.4008104793736935
0.4008735851695213
0.4009518488987858
0.4010822406829063
0.4013430242511473
0.401746537664706
0.4024443747405878
0.4033505182915418
0.4043573467744909
0.4054847508650242
0.4068035733875909
0.40842170900089
0.4099
0.4099049711861474
0.4099149135584422
0.4099347983030318
0.4099505092889431
0.4099687089153929
0.4099843544576965
0.41
0.4100049711861474
0.4100130987033809
0.4100250223702059
0.4100401235030982
0.4100548555616342
0.4100723986026996
0.4100955549295379
0.4101222219959068
0.4101533645084265
0.4101869997584222
0.4102261242448046
0.4102720397803849
0.4103252560911387
0.4103875093980217
0.4104605265462837
0.410546216241191
0.41064668862664
0.4107641696217819
0.4109013221902744
0.4110603089572848
0.4112456812688243
0.4114642144761078
0.4116732588429191
0.4118552418804563
0.4120274577047008
0.4121956718945304
0.4123958634844688
0.4126396631163373
0.4130975717318379
0.4136943791728757
0.414408629563933
0.4152875090081881
0.4164240955136491
0.4179670386434959
0.4194772967717275
0.4199
0.4199025004353967
0.4199075013061902
0.4199175030477771
0.4199246149452594
0.419932229708798
0.4199409859489574
0.4199514574017211
0.419961603053923
0.4199665726817465
0.4199716417290767
0.4199759531506174
0.4199800980449352
0.419986337052723
0.4199916785082998
0.4199963289894905
0.42
0.4200025004353967
0.4200051605934231
0.4200100723057563
0.4200139670719314
0.420019225788795
0.4200240397321918
0.4200288661638837
0.4200335978123712
0.420038641761589
0.4200444616673611
0.420051712262879
0.4200615157526885
0.4200728966746592
0.420084315439598
0.4200967881798953
0.4201114350613338
0.420130702088039
0.4201560711433175
0.4201768873579135
0.420194891611776
0.4202060811413942
0.4202184096985642
0.4202272713152619
0.4202338267873514
0.420239583718013
0.4202451283363995
0.4202515466868194
0.4202558440760418
0.4202611342683547
0.4202655621074874
0.4202693444177372
0.4202729490710344
0.4202765775444166
0.4202807122321347
0.4202859370490592
0.420291067054209
0.4202953923276547
0.4202997426925275
0.4203044738535494
0.420310005387499
0.4203162746844255
0.4203224730658839
0.4203285699482578
0.4203344539881305
0.4203406746795924
0.4203471076342002
0.4203545358631843
0.4203634616033774
0.4203716633343274
0.420380288334205
0.4203891794333456
0.4203987883106302
0.4204099676765323
0.4204239730638458
0.4204397053383906
0.420453827052866
0.420467283144366
0.4204722261388177
0.4204773886205115
0.4204823374882304
0.4204880662862552
0.4204927809782798
0.4204979390770608
0.4205055545697696
0.4205181087776488
0.4205307446115622
0.4205439790979454
0.4205589303545854
0.4205745943351872
0.4205913633527231
0.4206102039442141
0.4206329081119792
0.4206596693322147
0.4206854259159035
0.4207121421768212
0.4207325636572339
0.4207503395380904
0.420767628713665
0.420785878465363
0.4208087331853588
0.4208383497489832
0.4208622072064294
0.4208842797276677
0.4209075978061768
0.4209337556413445
0.4209663256325044
0.4210080372019303
0.4210326540704343
0.4210594341708651
0.4210709280693616
0.4210844459617752
0.4210916330854305
0.4210989922487777
0.4211052666658134
0.4211102042476224
0.4211164889762729
0.4211222827992411
0.4211264509654115
0.4211302346624577
0.4211341260591718
0.4211387747804387
0.4211436052326178
0.4211482717447168
0.4211526320612484
0.4211572563373406
0.4211628182884537
0.4211690635648366
0.4211751739363156
0.4211803393554683
0.4211852763739729
0.4211907501493523
0.4211984842286899
0.421206720385085
0.4212136900606544
0.4212210177122213
0.4212231023001891
0.4212272714761248
0.4212304771779266
0.4212327763680815
0.4212352553311364
0.4212376494745988
0.4212402872459172
0.421243583156826
0.4212488494383126
0.4212582415914261
0.4212698358609538
0.4212840674119422
0.4212985119472074
0.4213139518860105
0.4213292080636417
0.421344171167192
0.4213552484284496
0.4213666257517161
0.4213756052241683
0.4213838264645383
0.4213914989755609
0.4213982094499356
0.4214044475841706
0.4214106805973057
0.4214177730570197
0.4214218093151592
0.4214271085905514
0.4214313704934166
0.4214348835089349
0.4214382958753455
0.421441860904527
0.4214461964034998
0.4214509839487725
0.421455177373967
0.4214592708869821
0.4214636037023222
0.4214684962272271
0.4214744562989864
0.4214801755296363
0.4214858009064004
0.4214918157196813
0.4214985798853917
0.4215068762903048
0.4215172105845912
0.4215204017204609
0.4215242708387263
0.4215270422862009
0.4215297708401073
0.4215327976910732
0.4215360396170377
0.4215389115751069
0.4215421034731454
0.4215466917682997
0.4215551734374586
0.4215661195788607
0.4215782202415834
0.4215921703742735
0.4216082703790301
0.4216280963795987
0.4216539665598197
0.4216905000200034
0.4217439566548047
0.4218325589051837
0.4219459707544264
0.4220922030227096
0.4222834188467278
0.4225357192945572
0.422874428230412
0.4233333453055241
0.4238609462003715
0.424468600445585
0.4251759949207498
0.42600800996305
0.4270068144152552
0.4282095946154557
0.4296457572632555
0.4299
0.4299041261234052
0.4299123783702157
0.4299228408660695
0.4299329301509436
0.4299440314669664
0.4299602067009208
0.4299763280527042
0.4299895873652275
0.43
0.4300041261234052
0.4300090487656096
0.4300182571941987
0.4300272339297141
0.4300354263473587
0.4300447258952627
0.4300549255800029
0.4300663050406477
0.4300767233867437
0.4300874477704186
0.4300996057309441
0.4301143877645756
0.4301302046476714
0.4301457306880936
0.4301617798677589
0.4301799582332115
0.4302022404358828
0.4302328478038835
0.4302835484645101
0.4303849497857632
0.4305354221657871
0.4307937662347564
0.4313104543726951
0.4323438306485725
0.4338277621408342
0.4359097075930278
0.4389541349938016
0.4399
0.4399052868620721
0.4399158605862162
0.4399240982632815
0.4399323806711362
0.4399420757049752
0.4399509890365715
0.4399606686052987
0.439969463426682
0.4399784411745923
0.4399888028594396
0.44
0.4400052868620721
0.4400117498540032
0.4400246758378653
0.4400351328620637
0.4400492085706984
0.4400649546944262
0.4400773049048678
0.4400901046235805
0.4401047998581867
0.4401233555089677
0.4401474852064867
0.4401835292648328
0.4402403779672014
0.4403304673457731
0.4405106461029165
0.4408710036172032
0.4415419734655058
0.4427665809757921
0.4443910147893514
0.4468643705735345
0.4499
0.4499033702228244
0.4499101106684733
0.449923591559771
0.449933226468912
0.4499442453352314
0.4499594821479531
0.4499707477377318
0.4499814108948259
0.4499907054474129
0.45
0.4500033702228244
0.4500075918146283
0.450016034998236
0.4500277415860131
0.4500408771960105
0.4500581928931385
0.4500762737472785
0.4500919990750686
0.4501087972008428
0.4501283392073839
0.450149899419741
0.4501705730607808
0.4501909231027241
0.4502130449588099
0.4502453791841405
0.4502708466006126
0.4502920961315269
0.450313844228663
0.4503371577972438
0.4503614881269022
0.4503821253334073
0.450397770846672
0.4504118500512478
0.4504291945808693
0.4504489485966812
0.4504640008286804
0.4504793494084907
0.4504965071176217
0.4505178266352219
0.450548012946571
0.4505789530290923
0.4506036187830194
0.4506247142206568
0.4506446093892516
0.4506664128854687
0.4506817906347804
0.4507019376261727
0.4507188755339598
0.4507337635905607
0.450748273012525
0.4507630246066306
0.450779788080264
0.4508059920714833
0.4508278804720366
0.4508458172117045
0.450864161584133
0.4508840530024196
0.4509083536557595
0.4509391017854481
0.4509821085766343
0.451047235939907
0.4511592086545743
0.4512984019558052
0.4514576794064913
0.4516409813164551
0.4517962154111221
0.4519376528882744
0.4520863370239069
0.4522758539325494
0.4525112232119327
0.4527153658062653
0.4529196779476244
0.4531483076461471
0.4534296613296194
0.4537731509741746
0.4541374767088814
0.4545553199442596
0.4550488494757102
0.4556798008910029
0.4565609816635769
0.4577583297284119
0.4592440511720948
0.4599
0.459905128607583
0.459915385822749
0.459935900253081
0.4599515556628979
0.4599702403355178
0.4599851201677589
0.46
0.460005128607583
0.4600118944763276
0.4600224617358443
0.4600341412878927
0.4600511330883371
0.4600703480269526
0.460086746808443
0.4601030094320499
0.4601206043149367
0.460141484829499
0.4601607547018656
0.4601786631540495
0.4601974493586619
0.4602206124765265
0.460250354501694
0.4602768737220331
0.4603024977634727
0.4603307772160285
0.4603638567596964
0.460406758188335
0.4604568522186301
0.4605046214770185
0.4605543598539183
0.4606093675018915
0.4606743022904533
0.460753396991957
0.4608582448799394
0.461008785525135
0.4612543616216399
0.4613313877039704
0.4614100667612435
0.4614448678330323
0.4614770611084277
0.4614997281757963
0.461527212371959
0.4615479857971907
0.4615654359907565
0.4615854992353685
0.4616024231119649
0.4616168367771726
0.4616327535284515
0.4616526772918264
0.461662814202089
0.4616724805127584
0.4616841316368538
0.4616956718954888
0.4617060589162351
0.4617187957197317
0.4617394117288357
0.4617728436424064
0.4618142698633541
0.4618607661123191
0.4619136280458487
0.4619741971642216
0.4620442810543334
0.4621257576086578
0.4621936214503475
0.4622600155993415
0.4623408400823765
0.4624057290905432
0.4624806268749028
0.462546606780152
0.4625929320326694
0.4626357769255201
0.4626818856468713
0.4627274037075533
0.4627695293981202
0.4628140537669464
0.4628646520937924
0.4629251190350513
0.4629735664229139
0.463009677923142
0.4630369988457435
0.4630585739432608
0.4630790366899707
0.4631102872117723
0.4631336093670602
0.4631542499005076
0.4631768384790328
0.4632022594989249
0.463225321259577
0.4632477663413809
0.4632731572214291
0.463289525379469
0.4633116169124381
0.463330384372649
0.4633468368533236
0.4633630051612668
0.4633796907533048
0.4633992870620788
0.4634205005338328
0.4634436374961023
0.4634639655449012
0.4634844810396139
0.4635069416579297
0.4635339137027295
0.4635671553255962
0.4636124420336486
0.4636789651882351
0.4637879110153948
0.4639809986965012
0.464196546058307
0.4644363800244654
0.4647095659998154
0.4650216015633106
0.4653833224835122
0.4658032903971014
0.4662904271922918
0.4668566823694852
0.4675174950555807
0.4682971370427192
0.4692076535998127
0.4699
0.4699078718473816
0.469923615542145
0.4699446919878676
0.469965257468882
0.469982628734441
0.47
0.4700078718473817
0.4700170197365314
0.4700307720855749
0.4700538117154969
0.4700745630743224
0.4700966222089451
0.470120634538603
0.4701404253814292
0.4701574457443101
0.4701733468860237
0.4701894409172674
0.4702088830718466
0.47022553929213
0.4702434964984117
0.4702592996423441
0.4702734864298355
0.4702862460206079
0.470297467472352
0.4703076893296068
0.4703177560823703
0.4703291037458234
0.4703403270944045
0.4703529667626424
0.4703639909859901
0.470374963799729
0.4703869325627404
0.4704007676645887
0.4704182031669449
0.4704354956517907
0.4704574225563092
0.4704784963878255
0.4704978799063971
0.4705210937594646
0.4705493797699901
0.4705718271345036
0.4705927992560767
0.4706140864239198
0.4706364260707586
0.4706614834887641
0.4706868277041782
0.4707076613710777
0.4707256195334295
0.4707425565898932
0.4707607872315407
0.4707755871755961
0.4707927578005015
0.4708061997737651
0.4708176068804075
0.4708285766469757
0.4708400406512715
0.4708533958169254
0.4708691304690664
0.470883466876969
0.4708970321509763
0.4709106682286032
0.4709224795882904
0.4709327790905255
0.4709420389240685
0.4709508190810512
0.4709600773484374
0.4709722398906379
0.4709863962587141
0.4709967413426586
0.4710067525226414
0.4710175538416806
0.471030175643732
0.4710443067889578
0.4710572871602743
0.4710695199854139
0.4710819678858596
0.4710959118672536
0.4711042926752264
0.4711130719218541
0.4711206152181428
0.4711274493579504
0.4711347231451896
0.4711441152068426
0.4711566564695241
0.4711655430276462
0.4711741722712406
0.4711836219914691
0.4711947404412526
0.4712098698098729
0.471229605404314
0.4712537312241493
0.4712846268825143
0.4713094102478076
0.4713313721056879
0.471353955952966
0.4713786095459775
0.4714072158212413
0.471442775000834
0.471487912525817
0.4715497889249887
0.4716297524779776
0.4717163809626255
0.4718252142248678
0.4719063579457861
0.4719967219752343
0.4721184525940786
0.4722331836432633
0.4723511747553911
0.4724390838601004
0.4725372141691794
0.4726569221381193
0.4727801884341144
0.4729202350175065
0.4731325745980382
0.4735572537591017
0.4741028063075195
0.4742186732761647
0.474450407213455
0.4745308337306349
0.4746114067442443
0.4747040525418161
0.4748012829819223
0.4748819587016828
0.4749731441819485
0.4750920523864102
0.4752479163920901
0.4754936053296757
0.4759738199442298
0.4767386588587369
0.4779526419741321
0.4794671394130622
0.4799
0.4799061543050683
0.4799184629152048
0.479943080135478
0.4799651440910905
0.4799825720455452
0.48
0.4800061543050683
0.4800157298019533
0.4800285362590572
0.4800512749432572
0.4800731718026438
0.4800963515219989
0.4801229845424387
0.4801537177123318
0.480189910754997
0.4802326398298584
0.4802829327286318
0.4803418774900283
0.4803986921755009
0.4804446999672642
0.4804873608393778
0.4805382600034377
0.4805779418925971
0.4806168472689002
0.4806542213183702
0.4806925510042526
0.4807349461693867
0.4807849691807147
0.4808500575649496
0.4809078513581436
0.4809611681638286
0.4810196912540606
0.4810798970171001
0.4811458473352574
0.481223777918025
0.4812520823853975
0.4812878005748165
0.4813156095350067
0.481341648088964
0.4813651742500425
0.4813895244096613
0.4814127633393238
0.4814380506757321
0.4814685054085557
0.4815071286859572
0.4815542578663707
0.4816090958345456
0.4816620001297272
0.4817177272795926
0.4817590685967486
0.4818038697435018
0.4818475262393145
0.4818915020406313
0.4819483417162139
0.4820503029871191
0.4821703920696493
0.48230659846063
0.4824625946961603
0.4826410894372417
0.4828476399515828
0.4830864646893168
0.483362750596468
0.483682415599429
0.4840522273790527
0.4844805930984803
0.4849777527049136
0.48555644906783
0.4862330953547302
0.487033061077033
0.4879706976174219
0.4890775783622716
0.4899
0.489907149134003
0.489921447402009
0.4899351731459246
0.4899485224339899
0.4899667230336003
0.4899833615168002
0.4899916807584
0.49
0.490007149134003
0.4900149914335908
0.4900244415382506
0.490034991307133
0.4900490709396346
0.4900677216869362
0.4900822660603157
0.4900960561705028
0.4901108990841815
0.4901275356516127
0.4901427123428854
0.4901552149416109
0.4901671161063267
0.4901800957884839
0.4901963814776776
0.490214193913863
0.4902303323168007
0.4902469121962815
0.4902655430948962
0.4902878686632223
0.4903174103002199
0.4903542868245833
0.4903868638333349
0.4904186305300057
0.4904525184326923
0.4904904088349589
0.4905359518634705
0.4905920641233233
0.4906668761009171
0.490774140790781
0.4909450133866711
0.4911385658305846
0.4913565190729532
0.491605685099598
0.4918913328856493
0.4922221703010025
0.4926078783498887
0.493058226730429
0.4935846366111812
0.4942008212607957
0.4949211515889835
0.4957683249030007
0.4967788156144473
0.4979708009574234
0.4994468169734597
0.4999
0.4999068211250065
0.4999204633750195
0.4999475340613384
0.4999685910803048
0.4999842955401524
0.5
0.5000068211250065
0.5000165067735209
0.5000274061073079
0.5000492047748818
0.5000725528633131
0.5000965713899869
0.5001240467119114
0.5001519081635549
0.500174813014285
0.5001951799043308
0.5002156194703544
0.5002408656757671
0.5002689450250635
0.5002907457792203
0.5003114884009792
0.5003335228373796
0.5003586305297664
0.5003903109341463
0.5004316085095686
0.5004840514864559
0.5005412060677004
0.5005545792736921
0.5005813256856755
0.500594303701593
0.5006060635634304
0.5006259584357533
0.5006407993953268
0.5006553651251797
0.5006724061540778
0.5006932802829281
0.5007067803500277
0.5007195806951011
0.5007357540736158
0.5007510754830274
0.500765030201995
0.500781912141483
0.5008081800317322
0.5008549706537773
0.5009076263545803
0.5009662922144738
0.5010331053278122
0.5011093817503472
0.501124283068181
0.5011540857038486
0.5011604641584061
0.5011732210675212
0.5011813316805601
0.5011895793609431
0.5011970619229105
0.5012043403545482
0.501212005864071
0.5012194287035217
0.5012252749122368
0.5012294615958307
0.5012335868042826
0.5012377810207552
0.5012429402847681
0.5012472125580352
0.5012519647901602
0.5012589902717605
0.5012704551637789
0.5012901103688006
0.5013118371502188
0.5013359418706752
0.5013633878310351
0.5013947814596285
0.501431239882497
0.50147386267694
0.5015224729785865
0.5015444446745627
0.5015674544631282
0.5015867507380255
0.501605233087414
0.5016246355326167
0.5016452790008042
0.5016644024293374
0.501685075462829
0.5017093179451352
0.5017417623325565
0.5017709827007812
0.5017955958783226
0.5018184201741782
0.5018420466310551
0.5018662845171558
0.5018917325666653
0.5019109476600293
0.5019277395730832
0.5019439063792648
0.5019605847285606
0.5019805260717223
0.502001049537696
0.5020236014266329
0.5020438658410745
0.5020644472139416
0.5020872208225229
0.502114027553996
0.5021485729800893
0.5021944592154
0.5022583299336174
0.5023243872694114
0.5023935702413139
0.5024620214360246
0.5025350426908882
0.5026370317204689
0.5027839703536826
0.5028345949194674
0.5028599072023597
0.5029105317681445
0.5029224670498924
0.5029463376133883
0.5029574962242739
0.5029694999239535
0.5029822672978856
0.5029952634253876
0.5030058661247919
0.5030167875437487
0.5030254703248314
0.503031894864667
0.5030381766379637
0.5030446172026373
0.5030524688598512
0.503058991930354
0.5030663064815468
0.5030772304913742
0.5030952664928444
0.503123711691559
0.5031554758010861
0.5031911526682721
0.5032319874155892
0.5032788261697526
0.5033331511069661
0.503396518759684
0.5034703350908024
0.5035557095274238
0.5036546182920624
0.5037693385053371
0.5039025015509434
0.5040571716108446
0.5042368995593466
0.5044457743722167
0.5046885900648875
0.5049709222182422
0.5052993263895795
0.505638105448999
0.5060185332287216
0.5064749046388161
0.5069861768105768
0.507614214152426
0.5084095775266805
0.5093494640742318
0.5099
0.5099115145589801
0.5099345436769402
0.5099693349095461
0.509984667454773
0.51
0.5100115145589801
0.5100225750549122
0.5100384543338295
0.5100629407537935
0.5100892205926216
0.5101157996439487
0.5101452715858359
0.5101827289183505
0.5102232892964671
0.5102640649568077
0.5103116873667924
0.5103653017971782
0.5104206194729087
0.510488311909385
0.5105452570482503
0.5106044188965702
0.51066000501045
0.5107062875862061
0.5107679666242203
0.5108187179156408
0.510870414533757
0.5109373710790642
0.51100531523095
0.5110597170609459
0.5111112762283054
0.5111794776535369
0.5112450861725366
0.5112981701398788
0.5113538641146231
0.5114169561327205
0.5114991196296622
0.5115781440103793
0.511646724378725
0.5117119049686769
0.5117838285391207
0.5118308949814148
0.5118891286215186
0.5119390742863675
0.5119843686407992
0.5120312084489514
0.51208437072637
0.5121658963047078
0.5122397845216227
0.5123004959626424
0.5123625856847724
0.512430407353593
0.5125128583851798
0.5126169277443133
0.5127621447874714
0.5129837917640216
0.513326681437616
0.513769937645283
0.5141433452941152
0.5145094444061163
0.5148608228263479
0.5152310467692518
0.5156602390612478
0.516099721759054
0.5166127852854103
0.5173182785133823
0.5180267391198391
0.5186863375857302
0.5194358371791251
0.5199
0.5199028680993756
0.5199086042981267
0.5199200766956289
0.5199319741153035
0.519946047086096
0.5199582263916086
0.5199689385169391
0.5199790513026695
0.5199878615356739
0.519993930767837
0.52
0.5200028680993756
0.5200061308451613
0.5200102802625812
0.5200168985549091
0.5200219589685248
0.5200267904863628
0.5200322453892772
0.520038405333419
0.520045896330145
0.5200521748666278
0.5200584941972445
0.5200654743217622
0.5200734818469521
0.5200804131052907
0.5200854992742465
0.5200900492463546
0.5200947311575417
0.5200997468139851
0.5201048595579547
0.520110884538609
0.5201167439454304
0.5201223756529451
0.5201280945964402
0.5201344153923861
0.5201421793788108
0.5201520497382862
0.5201662496521654
0.5201795454616637
0.5201896392143284
0.5201980875655522
0.520205895188242
0.5202142150909729
0.5202222654678054
0.5202312885436235
0.5202385231121083
0.5202449330084504
0.5202509852888866
0.5202568401907777
0.5202629237158856
0.5202700706545061
0.5202771355115249
0.520285048512671
0.5202920577071297
0.5202990797669923
0.5203067723059309
0.5203157123006644
0.5203269278176484
0.5203420096993269
0.5203626699434293
0.5203953970467985
0.520439510840547
0.5205076747803816
0.5206310790265967
0.5208256007563261
0.5209360580503091
0.521048001621292
0.5211531492358192
0.5213095854336499
0.52142269575269
0.5215280798055201
0.5216648109276371
0.5218423667170492
0.5221974782958735
0.5225909553681696
0.5229957132532034
0.5234132825845081
0.5237879977823496
0.5241796454624753
0.5246313776485332
0.525199506899416
0.5258149505136575
0.5265534525994127
0.5275143337354141
0.5288694425379655
0.5299
0.5299025217659399
0.5299075652978196
0.529917652361579
0.5299272711844267
0.5299356595102862
0.529944622196232
0.5299550169697845
0.5299655347390764
0.5299752459980993
0.529985930227545
0.5299929651137725
0.5299964825568863
0.53
0.5300025217659399
0.5300048312323185
0.5300094501650756
0.5300165179198468
0.5300245938825088
0.5300342417767867
0.5300449717115225
0.5300543986646881
0.5300612820895948
0.5300674240491332
0.5300740596901146
0.5300835718864886
0.5300946261767508
0.5301037879460788
0.5301129745318639
0.5301228418024039
0.5301339694282325
0.5301479220353352
0.5301663113449614
0.5301848104201307
0.5302034130641694
0.5302246566371656
0.5302497524546445
0.5302717409540563
0.5302899606387007
0.5303065570942423
0.5303215210066786
0.5303349172126611
0.5303473143618689
0.5303596313709859
0.5303736468534841
0.530387122927685
0.5304023755654934
0.5304158146397246
0.5304292191640153
0.5304438695005917
0.5304608220113399
0.5304821718645356
0.5305027343856269
0.5305225936358067
0.5305379302768367
0.5305502368989989
0.5305612832946399
0.5305724938852638
0.5305877014845611
0.530600677264962
0.5306097822124928
0.5306176173776413
0.5306248950775949
0.530632313655373
0.530641218588843
0.530650148487743
0.5306599594027989
0.5306688825986652
0.5306779750261409
0.5306880675568756
0.5306999974483528
0.5307149235261462
0.5307352479429133
0.5307589993205976
0.5307866941220958
0.5308208412677669
0.5308489467757741
0.5308741560636139
0.5308999788138091
0.5309279454133099
0.5309610799046329
0.5309971980961021
0.5310349363294146
0.5310652020862914
0.5310839721844804
0.5311036309706725
0.5311178639001636
0.5311301279274353
0.5311400687317721
0.5311484808533382
0.5311560903351472
0.5311638659976121
0.531170709292558
0.5311769444657093
0.5311830133534042
0.5311894518874922
0.5311951558498255
0.5312013981004438
0.5312057792537856
0.5312093177832397
0.5312126555722371
0.5312160993076458
0.5312202821583427
0.531224950647029
0.5312290478723046
0.531233042006517
0.5312372694482038
0.5312420388776508
0.5312478444529507
0.5312534368380734
0.5312589298401542
0.5312647985710572
0.5312684225681036
0.5312710278283964
0.5312738904795998
0.5312761993814471
0.5312786704093543
0.531281061870564
0.5312836143773703
0.5312867492501775
0.5312915214315597
0.5313010504160934
0.5313124353500411
0.5313239739219769
0.5313359853268939
0.5313487592771977
0.5313628524192996
0.5313789873939023
0.5313984601255688
0.5314221391567318
0.5314527769630145
0.5314945892308391
0.5315564031869717
0.5316574575864984
0.5317865006546607
0.5319528643741256
0.5321706417060683
0.5322357721778422
0.5323162599636743
0.5323536434783313
0.5324037537413304
0.5324408655796143
0.5324810343550626
0.5325183309923721
0.5325538339975042
0.5325984818196373
0.5326543535966927
0.5327255754277628
0.5328198383360153
0.5329473402035355
0.5331355162020394
0.5334301708154007
0.5339902208533307
0.5347330305541583
0.5355753838750993
0.5365537384128166
0.5376840128644143
0.5389953946511621
0.5398999999999999
0.5399016575976882
0.5399049727930646
0.5399116031838175
0.5399216436498059
0.5399318084115095
0.539942094415005
0.5399550985148587
0.539970717215758
0.5399823515893191
0.5399911757946596
0.5399955878973298
0.54
0.5400016575976883
0.540003680831141
0.5400077272980466
0.5400158202318577
0.5400261006573301
0.5400402017346303
0.5400560301825076
0.5400748127356539
0.5400946491943828
0.5401164766177997
0.540140508649269
0.5401670745097032
0.5401945735208133
0.5402213206293197
0.5402469680195436
0.5402709667175981
0.5402996711299441
0.5403307518575537
0.5403565421086056
0.5403829290463421
0.5404099925868658
0.5404395705627738
0.5404703441537909
0.5404966944597457
0.5405167922673081
0.5405347004604933
0.5405562712917898
0.5405824339433369
0.540601762708417
0.540621311751542
0.5406431356847841
0.5406705052657864
0.5407072920339363
0.5407443173076546
0.5407743082048797
0.5408003750173593
0.5408254587376792
0.5408543037480315
0.5408747864026187
0.5408978347122992
0.5409178664935037
0.5409359964734048
0.5409540892536543
0.5409733923235963
0.5409975640218945
0.5410198632150588
0.5410439416891771
0.5410666065626781
0.5410899997246761
0.5411161181059714
0.5411477686086524
0.5411871534490008
0.5412410202333345
0.5413205913353599
0.5414533257775993
0.5417130232534282
0.5420050839090014
0.5423300989946487
0.5427014700016586
0.5431263403816199
0.5436203029430249
0.5441994992101783
0.5448815798625067
0.5456887012193198
0.5466541066112844
0.5478426787368544
0.5487944348343533
0.549729624295032
0.5498999999999999
0.5499021971800199
0.5499065915400597
0.5499153802601394
0.5499246603095753
0.5499344296520053
0.5499434358520587
0.5499519367016505
0.5499604767026502
0.5499697590529754
0.549981529098139
0.5499907990175453
0.5499953995087727
0.55
0.55000219718002
0.5500045214267357
0.5500091699201672
0.5500159226293341
0.5500237210579839
0.5500325644211616
0.5500410464036393
0.550050268974611
0.550060944825093
0.5500751472886946
0.5500976011473471
0.5501241715397446
0.5501540552230768
0.5501879390964192
0.5502258350005913
0.5502688458725477
0.5503189247251571
0.5503769708006103
0.5504482386559975
0.550528214989763
0.5505470648269966
0.5505762993212656
0.5505973682797122
0.5506156739993846
0.5506318505729028
0.5506482036292651
0.5506643455949033
0.5506827187431063
0.5507065053360783
0.5507391895302169
0.5507775356498666
0.5508139139162774
0.550844223322678
0.5508691692729657
0.5508952244699172
0.5509209823696188
0.550948584247429
0.5509872377984049
0.5510456122817778
0.5511235834555467
0.5512123052734813
0.551313227824465
0.5514288349312158
0.5515616929747151
0.5516640687839053
0.5517384764062927
0.5518175600740742
0.5518950458657133
0.5519784701392397
0.552106483947309
0.5522232419797362
0.5523229985691627
0.552426755973314
0.5525415094348838
0.5526579046937334
0.5527621662627337
0.55287357501991
0.5529897904243666
0.5530987406084164
0.5532168133957044
0.5532909163800586
0.5533887705197145
0.5534716878265882
0.5535468434193448
0.5536263028290972
0.5537210357048512
0.5538273021102385
0.5539406409580655
0.5540435183585775
0.554150040960398
0.5542691187109156
0.5544150586663682
0.5546004079944856
0.5548685324191835
0.5552646127463108
0.555899421548092
0.5568590916477392
0.5579605152224729
0.5592313620012408
0.5599
0.5599016607341633
0.5599049822024899
0.559911625139143
0.5599196648419119
0.5599283682183763
0.559939030214952
0.5599479494350633
0.5599554151751335
0.5599621457015455
0.5599685977566448
0.5599752728826454
0.559980931971667
0.5599859803615718
0.5599910375598457
0.5599955187799228
0.56
0.5600016607341634
0.5600038758683272
0.5600069466149356
0.5600100769677155
0.5600138359001896
0.5600203648040604
0.5600250949596028
0.5600291373317184
0.5600334135626364
0.5600381619962022
0.560044171262918
0.5600521147151118
0.5600637383054204
0.5600825326098599
0.5601050963821793
0.5601308750545817
0.560159096630223
0.5601903168429816
0.5602258521405217
0.5602675154678646
0.5603192567258032
0.5603940163779586
0.5604939462713313
0.5606108325913367
0.5607465291009015
0.5609149632417954
0.5611636707903193
0.5615867421708356
0.5624328849318683
0.5637774982372731
0.5662740606264505
0.5691224710889373
0.5699
0.5699071297859758
0.5699213893579275
0.5699499085018308
0.5699723939009327
0.5699861969504664
0.5700000000000001
0.5700071297859759
0.5700156001064075
0.5700318856215302
0.5700522058453769
0.570073946536266
0.5700985103909916
0.5701292041596546
0.5701684059729563
0.5702173845492281
0.5702788676266358
0.5703437085732712
0.5704140626463304
0.5704989862771355
0.5706045274178154
0.5707283841697266
0.5708734993276662
0.5710430023505829
0.5712403396603928
0.5714691360871476
0.5717316454902959
0.5720275142142877
0.5723543899453859
0.572714632145373
0.5731291903479807
0.5736826563562079
0.574162871974647
0.5745558588772556
0.5749505620623744
0.5753756485807587
0.5758881860918317
0.5765276322132068
0.5771090861547071
0.5775615008122154
0.5779792204375025
0.5783017303290031
0.5786656583422641
0.5789621906198555
0.5792528178596957
0.5796129897405243
0.5799
0.5799034031672456
0.579910209501737
0.5799193840941279
0.579928274902866
0.5799374619893367
0.5799484830210221
0.5799594125788078
0.5799712413834919
0.5799846852370563
0.5799923426185281
0.5799961713092641
0.58
0.5800034031672456
0.5800064909612266
0.580011850819733
0.5800212320777491
0.5800307060138844
0.5800402723214678
0.5800518187268893
0.5800669829456973
0.5800806429243384
0.5800936360963385
0.5801083358549479
0.580125561477121
0.5801492638698507
0.5801875329122811
0.580264070997142
0.5803754766527663
0.5805551138195497
0.580808140541493
0.5810946448473118
0.5814225580846553
0.5818019368142879
0.5822436982198329
0.58276284650706
0.5833749899359832
0.5840977545608329
0.584910311306874
0.5858415115045243
0.5870370726662463
0.588400391167459
0.5894450079201152
0.5899
0.5899022056229963
0.589906616868989
0.5899154393609745
0.5899234542521482
0.5899310685245779
0.5899391366916078
0.589948212887499
0.5899588113809756
0.5899677962728707
0.5899769133211948
0.5899884189657673
0.5899942094828836
0.59
0.5900022056229963
0.5900048911770867
0.5900102622852673
0.5900181823894
0.5900261404434173
0.590036194189194
0.5900468001573279
0.5900600355611766
0.5900766785418106
0.5900961123691751
0.590118862767406
0.5901454955518904
0.5901767597521849
0.5902137014712793
0.5902576686900702
0.5903003216749698
0.590339148553704
0.5903772763704841
0.5904209947592004
0.5904484766287594
0.5904800715227417
0.5905068901227652
0.5905307187045012
0.5905551390661143
0.5905833357560246
0.5906313699387943
0.590665380962158
0.5906951681755739
0.5907269382266703
0.5907625947672135
0.5908085290874416
0.590848114935101
0.5908759785936989
0.5909007476694168
0.5909262342520788
0.5909590676627
0.5909929568268903
0.5910252584232316
0.5910577226067452
0.5910935789776854
0.5911359888137706
0.5911918110069994
0.5912614858859041
0.5913342039461567
0.5914028184489186
0.5914738935199442
0.5915520614215356
0.5916438948649235
0.5917540368378008
0.5918975009578963
0.5920972045051388
0.5924049370650427
0.5929283710912516
0.5935751625526063
0.5943131157055882
0.5951698666086421
0.5961827772214903
0.597392332125139
0.5989264232947985
0.5999
0.5999019395940108
0.5999058187820325
0.5999135771580759
0.5999212863667915
0.599929795050723
0.5999408171420957
0.599953287772762
0.5999677912574041
0.5999817998268878
0.5999908999134439
0.5999954499567219
0.599997724978361
0.6
0.6000019395940108
0.6000035636313784
0.6000068117061136
0.6000133078555839
0.6000212243725972
0.6000296000997526
0.6000391254078559
0.6000482796291261
0.6000574243236918
0.6000674461964292
0.6000805447996458
0.6000907259700021
0.6000997533291981
0.6001090563645228
0.6001189534755715
0.6001289117498473
0.6001368912689761
0.6001431067786839
0.600149138388047
0.6001583041825774
0.600165455297559
0.6001716573784555
0.6001783576463798
0.6001860618284451
0.6001961626984197
0.6002108145380095
0.600226151647865
0.600237829879815
0.600247367904769
0.6002560124771062
0.6002648407915312
0.6002770483276041
0.6002876988657915
0.6002955053105608
0.600302464401554
0.6003089319107472
0.6003152605947837
0.600322035102412
0.6003305158189962
0.600338147465039
0.6003461867704625
0.6003537493610716
0.6003615279600816
0.6003701823730971
0.6003806192125594
0.6003935066874624
0.6004109137252427
0.6004361228014782
0.6004769453869244
0.600557231729805
0.6006765018699141
0.6008102229520285
0.6009623116280257
0.601137466309687
0.6013407043107079
0.6015792341503904
0.6018571910756755
0.6021808345778707
0.6025579648335951
0.6029985140399516
0.6035140171105161
0.6041189086987374
0.6048311993629271
0.605674144208779
0.6066754299476526
0.6078735614176524
0.609323718407782
0.6099
0.6099038437273067
0.60991153118192
0.6099269060911466
0.6099390501857522
0.609950082626825
0.6099626156056972
0.6099771147813968
0.6099902298816223
0.61
0.6100038437273066
0.6100087339469387
0.6100185143862027
0.6100308763043639
0.610042814553741
0.6100564761157238
0.6100714251157369
0.6100905949924575
0.6101170537000482
0.6101480225055038
0.6101841037061825
0.6102262005098643
0.6102753563057441
0.6103276838755752
0.6103706379677805
0.6104063132215325
0.6104374761510013
0.6104659917066456
0.6104947520902841
0.6105248130119661
0.6105421358139211
0.6105593270201904
0.6105746731427121
0.6105896885426407
0.6106084315631364
0.6106272238217529
0.6106458514845186
0.6106643839611352
0.6106822003495794
0.6106978894525957
0.6107126776691372
0.6107282797223227
0.6107492321248021
0.6107716560202757
0.6107887286307697
0.610805626655985
0.6108240213889762
0.6108457513125305
0.6108679101849475
0.6108917528763432
0.6109163191491251
0.6109414134026322
0.6109610513292892
0.6109767442570364
0.6109905389760918
0.6110036508347977
0.6110179465101891
0.6110302294833857
0.6110430929178667
0.6110530639371539
0.6110616061161221
0.611069844042598
0.6110785105074231
0.6110894943118429
0.6111021495854926
0.6111129574189975
0.6111231193376404
0.6111338270477877
0.6111458425269382
0.6111607864990178
0.6111768564725645
0.6111926048454158
0.6112091335198638
0.611227303173487
0.6112477541915079
0.6112696660965135
0.6112939750797991
0.6113225917649704
0.6113565944346026
0.6114001428229713
0.611448344460232
0.6115011969257602
0.6115599781806703
0.6116251247321054
0.6116934859088985
0.6117151987017402
0.6117586242874236
0.6117749499068535
0.6117912449918493
0.6118098687634832
0.6118297070488105
0.6118464414729861
0.6118653827587186
0.6118929061225256
0.6119270535416083
0.6119714019440446
0.6120214116888546
0.6120830339031161
0.6121686796957311
0.6122867468873363
0.6124337655639623
0.6125933664443929
0.6127542264051995
0.6129369318990755
0.6131644538817426
0.6134860225331955
0.6139130401282923
0.6144326870645903
0.614993877373485
0.6155738655842931
0.6161365383576369
0.6166982186756976
0.617269402164302
0.6179470240651065
0.6188547687430247
0.6199
0.6199080851926805
0.6199242555780414
0.6199378028634597
0.6199517605779642
0.6199682889558413
0.6199841444779206
0.62
0.6200080851926805
0.6200189593467208
0.620028396378256
0.6200415015882894
0.6200535508543806
0.620064612010794
0.6200762789188832
0.6200912915911558
0.6201044955880447
0.6201161518460072
0.6201284962372319
0.6201422877815203
0.6201603623268529
0.620184121495503
0.6202014513429179
0.6202182288170012
0.6202363590401669
0.6202577993733053
0.6202846207769492
0.6203218705581496
0.6203779827532284
0.6204737859660169
0.620612000457171
0.6207753004189724
0.6209829221937814
0.6212660800903985
0.6216293449089343
0.6220782875446704
0.6226445198865238
0.6233709998181077
0.6243061579581787
0.6253320698672329
0.6264991948521015
0.6278696657183237
0.6295237505212871
0.6299
0.629903310243992
0.6299099307319761
0.6299231717079442
0.6299339995330655
0.6299467840448589
0.6299623326602535
0.6299797488009717
0.6299898744004859
0.63
0.630003310243992
0.6300088785681476
0.630017662072875
0.6300276065030519
0.6300377948831103
0.6300484120495407
0.6300593267983015
0.6300714157271773
0.630084536225609
0.6300968165657492
0.6301103522376753
0.630126287372568
0.6301446004651374
0.6301618693985633
0.6301808329868719
0.6302047963752743
0.6302363141220275
0.6302654599758903
0.6302867747907954
0.6303044360952412
0.6303131898543178
0.6303230367435342
0.6303306240858505
0.6303367205955261
0.6303428466285045
0.6303508460281521
0.630358452408363
0.6303641207791345
0.630369351153659
0.6303744182925675
0.6303794697426395
0.6303847768753237
0.6303908085747927
0.6303998443362262
0.630407708212059
0.6304139480104807
0.6304201696402543
0.63042681096186
0.6304345287304831
0.6304443332726252
0.6304571131000795
0.6304752505023503
0.6304935623172485
0.6305115010873287
0.6305325083799325
0.6305588953881983
0.6305841822446941
0.63060801799782
0.630632531974112
0.6306590803714165
0.6306878202942424
0.6307193497838125
0.6307561187609765
0.6307989166450049
0.6308486925310328
0.6309104207450142
0.630990860832459
0.6311034201819545
0.6311317793785881
0.6311451547677489
0.6311633357195652
0.6311822589247595
0.6311966283396142
0.6312194210504298
0.6312358354175996
0.6312515123210626
0.6312757028182755
0.631304150853383
0.6313413346416121
0.6313890822666859
0.6314501710468332
0.6315289141547307
0.6316291880892294
0.6317444273828041
0.6318750892624181
0.6320180936501759
0.63216700125113
0.6323433428061431
0.6325422415798411
0.6327799929757275
0.6330005117347264
0.6332182883159815
0.6334648929987696
0.6338355546405982
0.6342042628741488
0.6345204870434543
0.6348559529486704
0.6352479336407236
0.6357364729465351
0.6364475500929827
0.6376036871357479
0.6389657817200254
0.6399
0.6399018057223803
0.6399054171671409
0.639912640056662
0.6399204076612696
0.6399284333936459
0.6399389154959491
0.6399512479808062
0.6399641755300702
0.639976612033504
0.6399869470205884
0.6399934735102942
0.6399967367551471
0.64
0.6400018057223803
0.6400035517294241
0.6400070437435118
0.6400140277716871
0.6400234104770743
0.6400322822155261
0.6400400927089748
0.6400474745442999
0.6400553163224686
0.6400648681070537
0.6400734702792783
0.6400811506135663
0.6400885769431043
0.6400965945472132
0.6401061307330241
0.64011583161116
0.6401238495854281
0.6401318384849756
0.6401405164019729
0.6401506522224863
0.6401636830684291
0.6401771196473817
0.6401892658066332
0.6402007012004961
0.6402122251500073
0.6402231319977496
0.6402329409155907
0.6402418912122284
0.6402490828841878
0.6402555532998316
0.6402621441412366
0.6402700983024157
0.6402819874698449
0.6402904578782628
0.6402983233103772
0.6403068364861676
0.6403166258967709
0.6403296780628606
0.6403436209117449
0.6403564588296232
0.6403691917111487
0.6403837360702247
0.6404008777926674
0.64041373201865
0.6404241802123285
0.6404337342441595
0.6404428318415627
0.6404522866892962
0.6404635114889722
0.6404747588651618
0.6404872579599364
0.6404984135084613
0.640509657406195
0.6405220329053959
0.6405364921249156
0.6405549450259155
0.6405791956684496
0.6406143879735857
0.6406713880905344
0.6407664245452389
0.6408692427331932
0.6408872455125363
0.6409126512786457
0.640932544421607
0.6409550901329777
0.6409737314360623
0.640989592455605
0.6410068840458254
0.6410260573204191
0.6410452556908272
0.6410683001306193
0.6410882832341722
0.6411072860271506
0.6411285762370585
0.6411552095095212
0.6411774583841968
0.6412031959649921
0.6412233085464211
0.6412469311411841
0.6412684934201386
0.6412902566908564
0.6413185661272611
0.6413401378475823
0.6413557647695659
0.6413697352811942
0.6413861387550743
0.6414068488431643
0.6414219850229874
0.6414373811303115
0.6414546840374765
0.6414771907892334
0.6415013344355214
0.6415215484517328
0.6415394329723477
0.6415568324747583
0.6415766589541712
0.6415904579615039
0.6416071957583608
0.6416215502946699
0.6416342854908738
0.6416467416337119
0.6416595433611941
0.6416743507095328
0.6416924425860887
0.6417107029743785
0.6417262318862111
0.6417418546781736
0.6417588921555402
0.6417788342965927
0.6418044990482934
0.6418382930190776
0.6418877067814205
0.6419699458447685
0.6420513854673355
0.6421403170939002
0.6422109193603129
0.6422893246988562
0.6423665017751763
0.6424447514555661
0.6425458914295277
0.6426947796390505
0.6428384711738427
0.6430095752328107
0.6432499278911814
0.6435798925337074
0.6438876651542866
0.644237130951428
0.6445803700953868
0.6448677509884305
0.6451553994384792
0.6454716321691424
0.6457022526499482
0.645896130098224
0.646099383746311
0.6463661198122052
0.6467308578933874
0.6470046812621777
0.6472827734491451
0.6475974398128898
0.6479893196520048
0.6485246324357302
0.6493766111411449
0.6499
0.6499037891773769
0.6499113675321306
0.6499265242416381
0.6499382549088121
0.6499516074769808
0.6499676999062763
0.6499799614223729
0.6499894688267264
0.6499947344133632
0.65
0.6500037891773769
0.6500080375648762
0.6500130667100009
0.650019521891556
0.6500261722152945
0.6500328467347528
0.6500404776805493
0.6500464258424505
0.6500525286700953
0.6500576640323468
0.6500623417993726
0.6500671190694054
0.6500725423960017
0.6500810137053155
0.6500883760444172
0.6500944664187077
0.650100728309019
0.6501075661085721
0.6501159268263166
0.650126585921173
0.6501415735583699
0.6501613535965546
0.6501826590565586
0.6502029906647675
0.650218520903931
0.6502301094414173
0.650240578481245
0.6502518623811028
0.6502647768398203
0.6502772364122085
0.650290026431858
0.6503036261961234
0.6503173073632016
0.6503288939188292
0.6503391268469574
0.6503490100502002
0.6503598804654941
0.6503765630851172
0.6503893785572421
0.6504002810888485
0.6504115774133806
0.6504242379500543
0.6504388784442362
0.6504507416548037
0.6504645853092303
0.6504793259056474
0.6504925166493225
0.650505000895233
0.6505177559496556
0.6505327929787567
0.6505456153063249
0.6505558630356083
0.6505643757945062
0.6505721174372684
0.6505799013381024
0.6505888644986331
0.6506005579902907
0.6506117295984392
0.6506212736289089
0.6506309612977376
0.6506415459377016
0.6506539763202648
0.6506697482068009
0.6506846061639786
0.6506996338333074
0.6507158829312717
0.650734204214482
0.6507508885549755
0.650767022094571
0.6507836772048186
0.6508008044688485
0.6508085386057056
0.6508170817030706
0.6508244556195167
0.6508348161017021
0.6508423476793619
0.650850423373157
0.650861580950239
0.6508761491270187
0.6508945527166697
0.6509093863290212
0.6509234838397162
0.6509383196846784
0.6509548070576301
0.6509747199345752
0.6510002285680768
0.6510275684144461
0.6510560685214384
0.651086682875993
0.6511097445079095
0.6511329025314305
0.6511533217555655
0.6511724429656253
0.6511923199394059
0.651215416919683
0.651256115428937
0.6512851329685196
0.6513098524765984
0.6513358708464443
0.6513645349880763
0.6514004771851439
0.6514474026273045
0.6515149786942117
0.6516213952193076
0.6518028466601832
0.6520092673779787
0.6522428052838503
0.6525117790580673
0.6528222936151881
0.6531851630648762
0.6536115082303479
0.6541134355642683
0.6546609067579818
0.6552799763076186
0.6560489804010597
0.6566187784651306
0.6572065224332757
0.6579864112691217
0.6590964351027748
0.6599
0.6599028029256964
0.659908408777089
0.6599196204798743
0.6599294404775998
0.6599386771744876
0.6599491439031678
0.6599619487588618
0.6599733154303341
0.6599855282568534
0.66
0.6600028029256964
0.660008408777089
0.660019535362546
0.6600292846304274
0.6600402530255581
0.6600526253667903
0.6600643749110546
0.6600768131122969
0.6600931761481024
0.6601107124922283
0.6601268935146258
0.6601440009441092
0.6601576331432838
0.6601699109926565
0.6601771550012199
0.6601848943939748
0.6601909856396841
0.6601961190101749
0.6602015478383647
0.6602071698640267
0.6602131175886413
0.6602181005373617
0.6602228649310093
0.6602276690473541
0.6602325524375156
0.6602375995617888
0.6602429985617251
0.6602494543209891
0.6602552419680621
0.660261907178
0.6602678714214438
0.6602737797013282
0.6602801925178982
0.6602875097432703
0.6602965379280683
0.6603079572793845
0.6603236061113816
0.6603423815626769
0.660360226086386
0.66038017836584
0.6604042287595722
0.6604235086759473
0.6604438710037928
0.6604672238178592
0.660491981727829
0.6605195618182276
0.6605514451753209
0.6605856890662832
0.6606235839330142
0.6606680044851102
0.6606811379115903
0.6606971994643216
0.660706408821543
0.6607164891067941
0.6607257303663229
0.6607352083200639
0.6607444594480539
0.6607547394826997
0.6607676910485283
0.6607851345405066
0.6608071912834641
0.6608352409293549
0.6608707494892333
0.6609156437681318
0.6609726981076217
0.661045759367252
0.6611411120658093
0.6612661716909528
0.6614461970807016
0.6617203803148463
0.6620358663776731
0.6623271786687686
0.6626404770362923
0.6629411443602977
0.6632315407814678
0.6635542291729692
0.6639789887785161
0.6645437376561084
0.6649606825372714
0.6653972647192565
0.6658036012990358
0.6662412434878087
0.6668722733375632
0.6676102569197158
0.6682234690535716
0.6688751379006473
0.6696229067738638
0.6698999999999999
0.6699041959265662
0.6699125877796989
0.6699293714859641
0.6699499145974304
0.6699646751915
0.6699786825956575
0.6699893412978288
0.67
0.6700041959265663
0.6700096052208651
0.6700188709565369
0.6700301908538533
0.6700414250620146
0.670054576393923
0.6700698919343065
0.6700839323937297
0.6700984944119353
0.6701139678708232
0.670130979132492
0.6701508030708421
0.6701721196854844
0.6701984315596612
0.6702242851318008
0.6702475781981488
0.6702712947762546
0.6702969194011213
0.6703270567348176
0.6703631845798699
0.670410019609886
0.6704639773384664
0.6705183554066694
0.6705755418627795
0.6706313165292298
0.6706946755581246
0.6707555032385648
0.6708106516511859
0.6708779461984278
0.6710114521656196
0.6712443369417094
0.6715780904044825
0.6721422437545521
0.6729474614908852
0.6738768145880578
0.674935160697344
0.6761750680217874
0.6776615594147959
0.6795733816441214
0.6799
0.6799016666413527
0.6799049999240581
0.6799116664894689
0.6799188923094818
0.6799257234785204
0.679932740229586
0.6799403617366777
0.6799494510348312
0.6799578642470891
0.6799655424998867
0.679973952350767
0.679986194840767
0.6799930974203836
0.6799965487101918
0.6799982743550959
0.68
0.6800016666413528
0.6800029349887187
0.6800054716834505
0.6800093735934897
0.6800140520057201
0.6800189990499231
0.680024607242371
0.6800331303613104
0.6800391101168312
0.6800441795887153
0.6800494279618644
0.6800551587894968
0.6800622695585423
0.6800714195754362
0.680084330103503
0.6800975732925316
0.6801044953795466
0.6801121279696276
0.6801180348732356
0.6801233111179862
0.680131688283975
0.6801378555770018
0.6801432928017235
0.6801492452287267
0.6801565871023494
0.6801662203962514
0.6801767584688813
0.6801853596203231
0.680192751436745
0.680199750994313
0.6802072610963174
0.6802147971246897
0.6802230576144119
0.6802296195026449
0.6802354092268538
0.6802408240302464
0.680246006039081
0.6802513261721964
0.6802574630244469
0.6802640273638993
0.6802711357598543
0.6802772805855609
0.68028341951141
0.6802901188448253
0.6802979084570954
0.6803078210072765
0.6803207817158635
0.6803327033377775
0.6803431370865368
0.6803530586746841
0.6803633469515534
0.6803761392507377
0.6803884166801065
0.6804011336576026
0.6804133816480833
0.680426394106145
0.6804413915081361
0.6804597544047902
0.6804842172650104
0.6805159353492848
0.680559171081809
0.6805950095563582
0.68062678984699
0.6806593867354869
0.6806947698273799
0.680736172350725
0.680785663567937
0.6808495410065065
0.6808744614728498
0.6809016178331017
0.680919159761273
0.6809389080596026
0.6809555409837281
0.6809746894183576
0.6809959370003651
0.6810117769168498
0.6810280902969869
0.6810469858604014
0.6810718995752398
0.6810914605957893
0.6811104645720728
0.6811321013513882
0.681159173804595
0.681190260852242
0.6812134486634136
0.6812342956130181
0.6812604710785188
0.6812821370934624
0.6813017808729949
0.6813172576676476
0.6813314812774209
0.6813501131146462
0.6813695003071484
0.6813849553772732
0.6814010034880867
0.6814190825490443
0.6814420745826004
0.6814704680747157
0.6814943085720022
0.6815150119611996
0.6815350876655213
0.6815579812830828
0.6815740372097592
0.6815922084639785
0.6816079944497065
0.6816223544362628
0.6816368717806327
0.6816527114516168
0.6816737539630927
0.6817009659217017
0.6817202773708053
0.6817388177841294
0.6817587095718982
0.6817821513963896
0.6818113329436472
0.6818516830506114
0.6819119895955272
0.6820133307160954
0.6820889933093557
0.6821698984711947
0.6822404428440597
0.6823128866362643
0.6823863706763403
0.6824644811348056
0.6825768724259678
0.6827414974966282
0.6830224766137066
0.6833440075368737
0.6837106121186675
0.684134485648876
0.6846243426858059
0.6850543922702506
0.6854634365746006
0.6860206512024138
0.6864148911784561
0.6869116203735647
0.6876112784888955
0.6886939403868667
0.6898908065651962
0.6899
0.6899022029297783
0.6899066087893351
0.6899145375642837
0.6899224999910865
0.6899303455769336
0.6899393833372968
0.6899498747232274
0.6899599753411044
0.6899716277491392
0.6899895975746352
0.6900000000000001
0.6900022029297784
0.6900066087893352
0.6900144967424823
0.6900225479648606
0.6900319329125612
0.6900425944673838
0.6900558574139783
0.6900699782084257
0.6900808205432656
0.6900895443492238
0.6900972586541531
0.6901046506001507
0.6901127952495147
0.6901261147205601
0.6901356382729885
0.6901432731758195
0.6901504629073126
0.690156930072831
0.6901626469093033
0.6901677486253264
0.6901725657769853
0.6901776554230219
0.6901846954364326
0.6901914918089416
0.6901967561509256
0.6902019672533254
0.6902075674162033
0.690214097970845
0.6902221208252952
0.690231032383809
0.6902398959916185
0.6902479767122888
0.6902556396077613
0.6902634870643553
0.6902733964500372
0.6902786524105351
0.6902842006767789
0.6902889954195615
0.6902932393912479
0.6902976712102368
0.6903031203090758
0.6903084098998158
0.6903138392911509
0.6903190185864518
0.6903244818319325
0.6903307330735629
0.6903383378760648
0.6903484815129792
0.6903606231716755
0.6903747521975683
0.6903909571186535
0.6904112880578823
0.6904266482313938
0.6904411003808071
0.6904563994961475
0.6904732922839643
0.6904900722972058
0.6905060021503037
0.6905227074827687
0.6905455915103622
0.6905650298189253
0.6905789827617844
0.6905913510699684
0.6906029887142964
0.6906147660277399
0.6906281918954836
0.6906487494039452
0.6906665571023187
0.6906809748906547
0.6906955639274202
0.6907112627052928
0.6907302022048404
0.6907538171553499
0.6907861605142256
0.6908337231865209
0.6909113892665786
0.6910647541625746
0.6912487988648661
0.691385028549996
0.6915146436485066
0.6916633646119855
0.6917946352277888
0.6919306262347059
0.69208118710278
0.69224428267381
0.6924528966225795
0.6927332018092935
0.6932118360617443
0.6938021983899871
0.6944761316610142
0.6952548959358983
0.6961613944391277
0.6972344323894215
0.6985018229507288
0.6999
0.6999017124661993
0.6999051373985978
0.699911987263395
0.6999190407721344
0.6999270024540917
0.6999355067965679
0.6999439776406886
0.6999528139135205
0.6999626529250563
0.6999750813315387
0.6999840640864594
0.699991848720233
0.7000000000000001
0.7000017124661994
0.7000051373985979
0.7000107982194742
0.7000190396296432
0.7000267075543652
0.7000352755970725
0.70004509299754
0.7000559244847271
0.700069569751616
0.7000849213576298
0.7001028713317431
0.7001245825889735
0.7001535546149771
0.7001895371779174
0.7002311294294675
0.7002800696764995
0.7003359183916567
0.7003982941532768
0.7004696100865159
0.7005494076151804
0.7006388520948512
0.7007469823650158
0.7008818402916658
0.7010661391514424
0.7011731165717662
0.7012739783592682
0.7014069679628747
0.7015197692612586
0.7016267800279222
0.7017657309357489
0.7019252437459654
0.7020983157124912
0.7022492765168284
0.702417122154955
0.7027035541436945
0.7031474082869905
0.7039451243056981
0.7049226180821512
0.7060575474378713
0.70738231983493
0.7090494653338731
0.7099
0.7099018314976185
0.7099054944928557
0.7099128204833299
0.709920645667915
0.7099291335582797
0.7099400508782511
0.7099527342925149
0.7099676658700116
0.709986034842867
0.7099930174214335
0.71
0.7100018314976185
0.7100047695230135
0.7100105709107415
0.7100194624123616
0.7100275185860239
0.7100368101812699
0.7100483412288915
0.7100616949103802
0.710076984302059
0.7100956321369764
0.7101180004539636
0.7101445999044533
0.7101746155895211
0.7102080417608276
0.7102455520592416
0.7102883825892472
0.7103384907051665
0.7103926980059481
0.7104556488039203
0.7105356276536207
0.7106488082626815
0.7108322699784025
0.7111267388456602
0.7115258038119538
0.712052989723569
0.7127824579238292
0.7138953763788078
0.715977145615841
0.7192220358191442
0.7199
0.7199022987675615
0.7199068963026846
0.7199160913729307
0.7199251929396837
0.719934084918351
0.7199446186066881
0.719956374486912
0.7199683290627653
0.71998307052388
0.7199915352619399
0.7199999999999999
0.7200022987675615
0.720005886602769
0.720013062273184
0.7200221032770793
0.7200311459854065
0.7200388147350213
0.7200454814833349
0.7200517099811323
0.7200581276270268
0.7200662233033209
0.7200730366528614
0.7200799475494097
0.7200863390119541
0.7200924767900542
0.7200983918883029
0.7201037539808864
0.7201084660034528
0.7201127550299409
0.7201170041975155
0.7201219276351345
0.7201262512307023
0.7201312164238328
0.7201357336897122
0.7201402742928296
0.7201452672234073
0.7201510467522688
0.720158279066418
0.7201657329799687
0.7201732829807201
0.7201803223018554
0.7201873321957416
0.7201954514861614
0.7202014449322204
0.7202085675680711
0.7202145989189455
0.720219881316477
0.7202249114248782
0.7202298760246476
0.7202352219894388
0.7202421153147059
0.7202483231817108
0.7202545403546059
0.7202604815382158
0.7202666530224859
0.7202735652939302
0.7202819488626458
0.7202923484675118
0.7203063817452146
0.7203266465971127
0.7203588384104577
0.7203913982191991
0.7204246142541119
0.7204603556779101
0.7204999693479179
0.7205470028801764
0.720604085144014
0.7206785632506069
0.7207601043395984
0.7208253128290856
0.7208930584067371
0.7209601020051373
0.7210247179306334
0.7210950326187245
0.7211807785305009
0.7213023082859081
0.7214275318945937
0.7215658067025231
0.7217028354973
0.7218315483623954
0.7219854727142063
0.7221732171811375
0.7224819279592739
0.7229523412663139
0.7234936311343614
0.724114113322096
0.7248333957004048
0.7256735322097042
0.7266550817168792
0.7278056309585424
0.7291552120186174
0.7299
0.7299022987675615
0.7299068963026846
0.7299160913729307
0.7299252812224465
0.7299359724148897
0.7299489351971344
0.7299641423574684
0.7299832784457775
0.7299916392228887
0.7299999999999999
0.7300022987675615
0.7300058519491194
0.7300115582269532
0.7300201473698597
0.7300289002752391
0.7300370552471076
0.7300451868754155
0.7300544325789092
0.7300634461382259
0.730072841699075
0.7300812140708824
0.7300896367030337
0.7300988221273645
0.7301095156865944
0.7301210966047341
0.7301306842282498
0.730137414547694
0.7301430923755602
0.7301496549932175
0.7301582246267977
0.7301642933951525
0.7301703817338783
0.7301771745647538
0.7301855745905828
0.7301975624894734
0.7302112420304999
0.7302219752716952
0.7302308151787794
0.7302388561522575
0.7302469706863024
0.7302574739923099
0.7302650219497032
0.7302725530793523
0.7302793624875435
0.7302855762328913
0.7302915741862334
0.7302975867006483
0.7303041235619355
0.7303128392555852
0.7303229561944223
0.7303302903822443
0.7303373195687182
0.7303448107259243
0.7303533670813517
0.730364256782705
0.7303785284084428
0.7303990164977763
0.7304310794591343
0.7304893505393208
0.7305828540005832
0.7306878211533521
0.7308063681166217
0.73094246911681
0.7310994509535804
0.7312826881301904
0.7314975271603237
0.7316652663726202
0.73183878050656
0.7319801575412891
0.7321202790785454
0.7322602175535642
0.7324245081765793
0.732631972805491
0.7330192523696148
0.7335422552815437
0.7341340544707353
0.7348168718268451
0.7356083148194646
0.7365371898588031
0.737646303248478
0.7389948308189004
0.7399
0.7399029717725296
0.7399089153175888
0.7399208024077073
0.7399341431871985
0.7399466873330013
0.7399624660499005
0.7399823023158911
0.74
0.7400029717725296
0.7400089153175888
0.7400175549081794
0.7400279765928961
0.7400377193383044
0.740046353183018
0.7400544331690507
0.7400626546261674
0.7400727117127933
0.7400814685444814
0.7400904483733312
0.7400987009900072
0.7401066501860545
0.7401143500941268
0.7401213744861956
0.7401275674599513
0.7401331961536991
0.7401387453531774
0.7401451009501034
0.740150880092157
0.7401574824615484
0.7401634126661801
0.7401693532128295
0.7401758690205724
0.740183408158673
0.7401928715363869
0.7402023479515899
0.7402116875118323
0.7402207135361922
0.7402302700155238
0.7402419545347464
0.7402526293214273
0.7402604236663544
0.7402672163483253
0.7402735823760346
0.7402799742307258
0.740287218000496
0.7402982378674401
0.7403078976440518
0.7403157093227859
0.7403236058237043
0.7403321020593491
0.7403423386612095
0.7403550600844309
0.7403672697288572
0.7403789774325581
0.7403914913336395
0.740406342346621
0.7404242295249662
0.7404488004129701
0.7404753971796371
0.740496283686712
0.7405137229986343
0.7405298826777493
0.7405469350644864
0.7405622577724926
0.7405800676565074
0.7405941903607294
0.740606552501081
0.7406183972518254
0.7406302615574966
0.7406434619127665
0.7406621562269325
0.7406811988941069
0.7406959534429697
0.7407105476529383
0.7407262696661621
0.7407446067392645
0.7407680934956075
0.7408005958621915
0.740846095297087
0.7409059086476241
0.7409776390048767
0.7410679828792234
0.7411603878066975
0.741259168159088
0.7413593803507273
0.7414544362026371
0.7415681732972504
0.7417083857250496
0.7419367185052179
0.7422861450787327
0.7426852886107135
0.7430892584266697
0.7434416431025064
0.7438010489166386
0.7441441458888592
0.7445420059907941
0.7450213836346686
0.7458712974675972
0.7469149187214336
0.7481363499187712
0.7495790613365904
0.7499
0.7499029717725296
0.7499089153175889
0.7499208024077073
0.7499322971374736
0.7499473169567058
0.7499642054476727
0.7499831241261338
0.7499915620630668
0.7499999999999999
0.7500029717725295
0.7500067750090174
0.7500125413548238
0.7500204197021915
0.7500284741759247
0.7500362037791625
0.7500441707294215
0.75005397257441
0.7500622896508569
0.7500706971120266
0.7500786765381502
0.7500869127792146
0.7500961133025603
0.7501066625187987
0.7501173423247367
0.7501253887494768
0.7501312703800993
0.7501367335955897
0.7501444143891701
0.7501510169088164
0.750156626581458
0.7501626211454893
0.7501694737515692
0.7501783230859017
0.7501909194321469
0.7502034369597835
0.7502132360250642
0.7502214983770592
0.7502291337421368
0.7502371159132857
0.7502488086304598
0.7502580178287289
0.7502649167127543
0.7502711512177243
0.7502769176331173
0.7502825616045534
0.7502885543372041
0.7502958688763175
0.7503023160486577
0.7503096246519931
0.7503163637332961
0.7503231745562147
0.7503306868234595
0.7503394153795007
0.750350306332318
0.7503648701478686
0.7503807739220465
0.7503960599269903
0.7504118508681689
0.7504311353850033
0.750447848467064
0.7504651330282336
0.7504814863360559
0.7504984066344483
0.7505173696943743
0.7505404751920682
0.7505661322138213
0.7505908300842308
0.7506162703428864
0.7506462410414912
0.7506630936471864
0.7506799365846551
0.7506950460938139
0.7507094627188647
0.7507261251198782
0.750749006298955
0.7507697054967561
0.7507879546069355
0.7508071876977047
0.7508289792478761
0.7508558342281899
0.7508924857273722
0.7509396825212605
0.7509953381067566
0.7510411611191536
0.7510855594578543
0.7511328743435333
0.7511858743547406
0.7512500477177535
0.7513293051464586
0.7514350235568583
0.751585589056522
0.7517647163945176
0.7519009398193381
0.7520953287334426
0.7522514655922048
0.7524000169367621
0.752598278232646
0.7529705826891163
0.7534777017131358
0.7540590239353887
0.7547293197094643
0.7555049508519398
0.7564136838905788
0.757496530589761
0.7588059578582712
0.7599
0.7599064364805016
0.7599193094415048
0.7599364655976564
0.759953141237098
0.7599715391689105
0.7599857695844552
0.76
0.7600064364805016
0.7600143338296629
0.7600263723746974
0.7600481122483431
0.760066287227718
0.7600856910096789
0.7601082008816161
0.7601343390922894
0.7601655107166319
0.7602026061094861
0.7602465255325441
0.7602984766986208
0.7603375122785938
0.7603653061214806
0.7603877958298255
0.7604076339885982
0.7604272896673383
0.7604504568319435
0.7604697396248398
0.7604924757518073
0.7605118128832503
0.7605285703613546
0.7605434470104623
0.76055656614675
0.7605687865971282
0.7605812918260759
0.7605965579306109
0.7606100550019467
0.7606242136805312
0.7606375598516598
0.7606513197495145
0.7606666633939437
0.760685226226757
0.7607062799060706
0.7607299728060343
0.7607584371950864
0.7607821385095641
0.7608084209104276
0.7608468796329486
0.7608749561471542
0.7609002544113909
0.760925983704169
0.7609529464581816
0.7609838317771276
0.761024440931025
0.7610620713640074
0.7611017322672675
0.7611388314224226
0.7611766051232308
0.7612180785501115
0.7612672928206843
0.7613269073478912
0.7614053142955782
0.7615151668587509
0.7616844818718878
0.7619573099484891
0.7622695294793924
0.7626255902846332
0.7630377146526434
0.7635167879599135
0.7640808824987285
0.7647500713513505
0.7655486821897816
0.7665133434801183
0.7676715397820277
0.7690344337455337
0.7699
0.7699025482454601
0.7699076447363803
0.7699178377182206
0.7699281565002641
0.7699362734136693
0.769944053009837
0.7699520143101503
0.7699609708305906
0.7699714017088944
0.7699789783302532
0.769985795357337
0.7699934271778602
0.77
0.7700025482454601
0.7700057708073922
0.7700122159312563
0.7700205186306364
0.7700287013707363
0.770037544280979
0.7700474615321625
0.7700582488658461
0.77006958661598
0.770081915925322
0.7700944826026866
0.7701064650536661
0.7701181501451352
0.7701307667541654
0.7701490246344385
0.770164746747861
0.7701769000671375
0.7701881823091598
0.7701985720291988
0.7702079129022745
0.7702163374013995
0.7702242681119967
0.7702324734415977
0.7702428861712647
0.7702518414156125
0.7702606542567229
0.7702691400785733
0.7702779979911031
0.770287986039447
0.7703002030891457
0.7703148115454234
0.7703283193225018
0.7703413825038484
0.7703556026080406
0.770371433466648
0.7703853763706316
0.7703961113489775
0.7704056434832831
0.7704147687541951
0.7704242617750859
0.7704356765065832
0.7704471921930801
0.7704599253941623
0.7704713856042804
0.770482966464651
0.7704956484872286
0.7705107512380379
0.7705291855028432
0.7705538227628174
0.7705890307661333
0.7706338014753423
0.770681549614636
0.7707377689063436
0.770805369582228
0.7708796297304477
0.7709661750109131
0.7710667799304212
0.771173335938978
0.7713239118076061
0.7715147038933524
0.771705998026914
0.7719399664309701
0.7721501994895767
0.7723370164316373
0.7725597909357079
0.7729497278208637
0.7733125236066685
0.7736471244002368
0.7740211034834149
0.7742710858089333
0.7745271014110853
0.7747635721371051
0.7750233882854588
0.7754394915875951
0.7758342840340607
0.7762097312300184
0.7765973046784773
0.7770080216748837
0.7774946809277069
0.777884810659304
0.7781704828218644
0.7784410770167348
0.7787449858887412
0.7788932756626283
0.7790209473255639
0.7791761464368673
0.7792849884025962
0.7793972481061796
0.7795278857203959
0.7796412332587043
0.7797686871932681
0.7799
0.7799019179132941
0.7799057537398822
0.7799134253930585
0.7799217445720086
0.779930643095915
0.7799424444968764
0.7799554571554888
0.7799715067061894
0.7799857533530947
0.7799939657409074
0.78
0.7800019179132941
0.780004568637423
0.7800098700856807
0.7800204729821961
0.7800296327898969
0.7800394629113707
0.7800509305130252
0.7800645515456941
0.7800812789240336
0.7801010504938909
0.7801234971822498
0.7801480631206122
0.7801753130510586
0.7802009248888929
0.7802252601807558
0.7802514411497952
0.7802784189751016
0.7802975946841109
0.7803226977001124
0.7803440935764208
0.7803655608124279
0.7803945144274177
0.7804212648392044
0.7804520559293385
0.7804767539658755
0.7804950246402419
0.7805122188080076
0.7805359171373442
0.7805571550087024
0.7805750109759415
0.7805940155016826
0.7806157160788839
0.7806439908472873
0.7806815958455747
0.7807122923631796
0.7807377990385956
0.7807614989656241
0.7807861808247595
0.7808086667204273
0.7808342687606237
0.7808542624109616
0.7808717692499694
0.7808887420472808
0.7809062068451502
0.7809267563691251
0.7809493413032845
0.780973820866473
0.7809952459358382
0.7810168429601083
0.7810404428832719
0.781068704272313
0.7811035190294073
0.7811509524063756
0.7812111771915938
0.7812761323450521
0.7813565557752776
0.7814654286942615
0.7816447438404114
0.7819126691222661
0.7822163190890926
0.7825637217412921
0.782965088580008
0.7834294529914364
0.7839659247169727
0.7845905139737619
0.7853221716887584
0.7861901022430782
0.7870003424645472
0.7878055363100703
0.7887387462356236
0.7895695993926474
0.7899
0.7899025904075011
0.7899077712225032
0.7899181328525074
0.7899286875688699
0.7899386532112018
0.7899479738126802
0.7899569967602488
0.7899663645721735
0.7899771614747473
0.7899885807373737
0.7899942903686868
0.79
0.7900025904075011
0.7900055272239798
0.7900106602086762
0.7900175953178981
0.7900244485057843
0.7900308601771912
0.7900372961190366
0.7900448295619615
0.7900547630979465
0.7900618886334361
0.7900682372355969
0.790074861709462
0.7900821209498745
0.790090091326255
0.7900969817935293
0.7901018999004954
0.7901060532784369
0.7901108152110273
0.790115256485749
0.7901196098105348
0.7901239784989145
0.7901287765271653
0.790134657044186
0.7901420652191199
0.7901526688130139
0.7901627646095426
0.7901705250918699
0.7901770751657075
0.7901831807291565
0.7901897552852946
0.7901958661488061
0.7902029441777227
0.7902087179823777
0.7902138493387492
0.79021867964757
0.7902232908416111
0.7902279801982195
0.7902333001739318
0.7902422875187898
0.7902486454171178
0.7902539577362325
0.7902594899248685
0.7902655383266923
0.7902731048257358
0.790282926450084
0.7902970493276512
0.7903158069477532
0.7903342576994022
0.790353279806658
0.7903736793619911
0.7903843812944463
0.790395162112643
0.7904046781661753
0.7904137258237943
0.7904245913155595
0.7904367031113058
0.7904482966798215
0.7904592681990692
0.7904711063107643
0.7904826402950059
0.7904928487780605
0.7905025526293417
0.7905128401921911
0.7905266645335678
0.7905407042238624
0.7905517267944144
0.7905626937118067
0.7905746251429248
0.7905887185036714
0.7906033477943541
0.7906155305048471
0.7906285782904525
0.7906423012824821
0.7906538241176337
0.7906675090901946
0.790682531790306
0.7906957262647214
0.7907074251979885
0.7907185178641997
0.7907297362023823
0.7907424638135765
0.7907550362479546
0.7907644647261126
0.7907725670162358
0.7907802345212348
0.7907881387733103
0.7907977507990147
0.790809557507347
0.7908198919701288
0.7908292826788438
0.7908390452988513
0.7908498391020484
0.7908631020994416
0.7908784885558471
0.7908920391186358
0.7909034846160783
0.790914721385375
0.7909275677731371
0.7909442806017191
0.7909614077194781
0.7909756910050335
0.7909874565212315
0.7909988775325072
0.7910061036740582
0.7910130116521765
0.7910210605867997
0.7910290127940695
0.7910363092066263
0.7910445372195559
0.7910567250668288
0.7910719904385598
0.7910916928281941
0.791116139793125
0.7911448380830964
0.7911795137581853
0.7912255816401372
0.7912877402977094
0.7913496714046867
0.7914172312324086
0.791497373080248
0.7916023296660009
0.7917175875030785
0.7918543496317801
0.7920411753344132
0.7923481346079352
0.7927450162389671
0.7931996537708111
0.7937240018280312
0.7943325809537048
0.7949063022778918
0.795517978132598
0.7963436088425091
0.7969246590773974
0.7975201504641125
0.7983244504938662
0.7994721885584529
0.7998999999999999
0.7999039535684606
0.7999118607053818
0.799921182278363
0.7999306116167614
0.7999399017255892
0.7999506078723595
0.7999615287086517
0.7999724277646132
0.7999857123552891
0.7999928561776446
0.8
0.8000039535684607
0.800007837602548
0.8000141032285799
0.8000245491036873
0.8000351142604012
0.8000465319734041
0.8000572003033337
0.8000667174668242
0.8000761292484093
0.8000870978227477
0.8001004397910287
0.8001110707906627
0.800120681328566
0.800130670020544
0.8001417219233871
0.8001552925290148
0.8001724219646218
0.8001934376024118
0.8002158434377245
0.8002408778414503
0.8002698235170466
0.8003042342563715
0.8003465938907742
0.8004008766144817
0.8004631748539612
0.8005270486871711
0.8005721232586843
0.8006101336091186
0.8006520968051848
0.8006901607119344
0.8007274708552822
0.8007648746650501
0.8008064490263535
0.8008469010968082
0.8008847112449528
0.8009241350587106
0.8009453417054582
0.800975221379103
0.800996754827889
0.8010195043154099
0.8010437226756068
0.8010634191497438
0.8010844290866088
0.8011050527435029
0.8011222881700011
0.8011394040986163
0.8011601569634492
0.8011788999138364
0.8012000958488864
0.8012203174104283
0.801241364038975
0.801267311040735
0.8012998431524843
0.8013431293441211
0.8014009628453946
0.8014755373139972
0.8015629729206706
0.8016489397869729
0.8017461880069012
0.8018198171102527
0.8018963357534084
0.8019553034858069
0.8020066187688375
0.8020674370625891
0.8021406957823878
0.8021966197072246
0.8022539768623717
0.8023188371106371
0.8023897546157488
0.8024527458436388
0.8025128247321831
0.8025810194689486
0.8026267324466787
0.8026785349867024
0.8027235942061556
0.8027651769964764
0.8028089376253833
0.8028610939268652
0.802917717902387
0.8029787604523545
0.8030340036011152
0.8030909373810535
0.8031544392454137
0.8032323153070345
0.80333136990168
0.8034705861353265
0.803686641524215
0.8040355622493969
0.804595044691307
0.8052288208716346
0.8059435451590236
0.8067654220216993
0.8077214625039885
0.8087722078115177
0.8099
0.8099106882894963
0.809932064868489
0.8099660324342446
0.8099830162171223
0.81
0.8100106882894964
0.8100213537120718
0.810037355629273
0.8100616753219377
0.810086949794382
0.810114463932977
0.810146052434347
0.8101763282044774
0.8102044935856711
0.8102326812594892
0.8102609079386653
0.8102785943395433
0.810296532506027
0.8103122338079755
0.8103274275299994
0.8103457874866559
0.8103638902341901
0.8103818541843446
0.8104010164102909
0.8104194892698108
0.8104351125690555
0.8104491152492473
0.8104628788721013
0.8104785443904373
0.8105026221458618
0.810519818551723
0.8105350170410117
0.8105511366187867
0.8105693278496717
0.8105903337418643
0.8106124119699829
0.8106350468630776
0.8106556016592575
0.8106722410078979
0.8106864986890985
0.8106996021713679
0.8107129099060579
0.8107282317461251
0.8107384389404927
0.810748986084167
0.8107580749863289
0.8107662321776056
0.8107744804027719
0.8107837149418264
0.8107959540479838
0.8108085994669105
0.8108188677880472
0.81082910096958
0.8108401884828653
0.810853084473198
0.8108696284952686
0.8108853168863721
0.810901162995136
0.8109182852529234
0.8109375693131317
0.8109584894873446
0.8109813811712292
0.8110073486132388
0.8110384775414788
0.8110754538931011
0.8111129040056394
0.8111523475407647
0.8111994031445384
0.8112586274315348
0.8112995783743816
0.8113130044479138
0.8113314482935228
0.8113445926894766
0.8113573178718706
0.8113720736395625
0.8113867241609112
0.8114002806849905
0.8114156477848199
0.8114379973916425
0.8114657998534388
0.8115016606489612
0.8115473772661662
0.8116054274014941
0.811679756195594
0.8117675931886447
0.8118703459025375
0.8119986223384651
0.812129398903975
0.8122734467605845
0.8124470885904684
0.8126878065588833
0.8130550433345598
0.8136170511888263
0.8142650942916946
0.8148432688471956
0.8154491536394746
0.8160224663806146
0.8165757941980568
0.8171705958418801
0.8178878676163622
0.8189502532973174
0.8199
0.819903286481281
0.819909859443843
0.819923005368967
0.8199334572843169
0.819946024674176
0.8199605387322545
0.8199800617071763
0.8199900308535881
0.8199950154267941
0.8200000000000001
0.8200032864812811
0.8200068049153495
0.8200138417834864
0.820024885820871
0.8200346917714553
0.8200454598574056
0.8200586694008045
0.8200746391019929
0.8200900849947352
0.8201066778606394
0.820126500335199
0.8201480796814453
0.8201698552673872
0.8201936835019543
0.8202233821947704
0.8202563517065445
0.8202824836953401
0.8203035234572811
0.820314372122809
0.8203269531042111
0.8203362293615127
0.8203432761858797
0.8203499203581475
0.82035736623914
0.8203630706605789
0.820369755215054
0.8203756784918667
0.8203811393691097
0.8203864844380355
0.8203918057113564
0.8203974171921677
0.8204040560507391
0.820410631328937
0.8204180173489785
0.8204245071315326
0.8204309464204586
0.8204379340930986
0.8204459434079047
0.8204559267045833
0.8204686449618996
0.8204862845842715
0.8205043197772204
0.8205215583929685
0.8205405957167978
0.8205665060739747
0.8205923873743728
0.8206164370873987
0.8206409848073909
0.8206673480006547
0.8206971932219356
0.820730770971048
0.820765418507382
0.8208023802346894
0.8208468238093578
0.8209057287796458
0.8209826583437836
0.8210761289620782
0.8211743590080248
0.821283510604129
0.8213154880858909
0.8213433343808615
0.8213620961209802
0.8213830873401691
0.8214011318183669
0.8214198043997936
0.8214379621009092
0.8214581176744756
0.8214833345217772
0.8215164034007215
0.8215580851303044
0.8216112947841007
0.8216794935364659
0.8217682864377664
0.8218831267839254
0.8220467197596963
0.8222572080221059
0.8224481916951325
0.8226545019462084
0.822870616936581
0.8231249326824273
0.8234618357488213
0.8239134649062418
0.824816723221083
0.8259509903032378
0.8272704031758102
0.8288554232432402
0.8299
0.8299065563878234
0.8299196691634703
0.8299327668698915
0.8299462243497654
0.8299601912308577
0.829976977267924
0.829988488633962
0.8300000000000001
0.8300065563878235
0.8300133035331584
0.8300239576431673
0.8300398023372082
0.8300554267893714
0.8300714668834108
0.8300905768931436
0.8301168949503349
0.8301419879847931
0.8301651100581767
0.8301908678900957
0.8302205349747507
0.8302599619180066
0.8303188743343002
0.8303890742687347
0.8304743672252843
0.830583195362863
0.8306452862787944
0.8307065256569341
0.8307722324120964
0.8308400652667406
0.8309001462315287
0.830971364945407
0.8311078688902601
0.8313478800037315
0.8317012206128412
0.8317805443597616
0.831826058581017
0.8318589164669792
0.8318906908652708
0.8319266741090943
0.8319692970617721
0.8320006610732819
0.83203160730957
0.8320660003709346
0.8321077842779186
0.8321581706256499
0.8322124366271744
0.832276185782244
0.8323438872340265
0.8324153090342498
0.8324716858216958
0.832539876051885
0.8326030504563366
0.8326607319020723
0.8327329466140754
0.832862947913752
0.833016805075772
0.8331921127673926
0.8333930365387789
0.8336228822555045
0.8338887411316078
0.8341959442255341
0.8345514089156505
0.8349628490437419
0.8354398831041525
0.8359944496766422
0.8366417454478514
0.8374055078377295
0.8382963148499959
0.8393750264524475
0.8399
0.8399035612398492
0.8399106837195477
0.8399249286789446
0.8399366284438161
0.8399498003866275
0.8399660193437924
0.8399850221913362
0.84
0.8400035612398492
0.8400104812600762
0.8400199836477557
0.8400338684191663
0.8400461952091677
0.8400597669380809
0.8400758604526781
0.8400952871817222
0.8401164684887218
0.8401371817978354
0.8401560696965233
0.8401733954709274
0.8401904517984341
0.8402098563418714
0.8402274266591621
0.8402475589383881
0.8402655740075504
0.8402835911140213
0.8403033348773165
0.8403261606843189
0.8403545267704976
0.8403830455363617
0.840414168943958
0.8404474942176575
0.8404761020627398
0.8404984568813667
0.8405187622914421
0.8405389986361033
0.8405616468327844
0.8405949143178894
0.8406279408434914
0.8406543329324246
0.8406808739130984
0.8407095935923675
0.8407440281755938
0.8407871594522989
0.8408263944291519
0.8408695380789168
0.8409330497374764
0.8410267830285473
0.841214249610689
0.8414399244134338
0.8416934860149532
0.8419848109765304
0.8422319278486599
0.8424337262742352
0.8424869446067463
0.8425608908139115
0.8426170081447137
0.8426644671845516
0.8427192814294227
0.8427663623230226
0.8428126433003263
0.8428653965196632
0.8429294849493173
0.8430015519494298
0.843054925439787
0.8431100173893635
0.843136167957991
0.8431629342154663
0.843186149748582
0.8432094341499655
0.8432333837552255
0.8432589453458729
0.843282838049285
0.8433085769804919
0.8433386184143509
0.8433787527258761
0.8434127297005107
0.8434417872353981
0.8434694896730367
0.843499431865412
0.8435201988493255
0.8435476271994224
0.8435703382973812
0.8435902100301491
0.8436098195326673
0.8436302988390788
0.8436550285834652
0.8436799051782322
0.8437073242300526
0.8437322292128179
0.8437575788272688
0.8437856880987417
0.843818739023949
0.84386119147849
0.8439174072778527
0.8439997064253796
0.8441399211005391
0.8443630121436139
0.844646380176322
0.8449659470708938
0.8453296644394906
0.8457469842430667
0.8462303748883512
0.8467951449774962
0.8474560968175934
0.8482320808150906
0.8491484434695669
0.8499
0.8499029212838438
0.8499087638515315
0.8499204489869068
0.8499305098241979
0.8499435395504997
0.8499593926809227
0.8499806257990024
0.8499919459156617
0.8499959729578308
0.85
0.8500029212838438
0.850005981360616
0.8500114511053755
0.850016157081872
0.8500209995340653
0.8500263571294142
0.8500339237316364
0.8500403103524296
0.8500453885846426
0.85005043353695
0.8500557478037457
0.8500614313293043
0.850066541938853
0.8500703848192264
0.850073723858447
0.8500776742006558
0.8500826676818392
0.8500862791308964
0.8500899276732303
0.8500940106928889
0.8500990831485223
0.850106345826075
0.8501170688879486
0.8501252831922894
0.8501313776228924
0.8501365820641723
0.8501414375058713
0.850146832051863
0.8501512950877546
0.8501567699161572
0.8501614288320879
0.8501656128583046
0.8501695786005359
0.8501733399581652
0.8501770796777974
0.8501811319757532
0.8501865965513757
0.8501925393604235
0.8501969635579028
0.8502012561785298
0.850205847360893
0.8502111383857075
0.8502179081199447
0.8502268550553647
0.8502398191337468
0.8502590305511382
0.8502805695077359
0.8503017592943659
0.8503187188777016
0.8503339127428662
0.8503477283938454
0.8503599730550577
0.8503710102786389
0.8503815507224054
0.8503927581995789
0.8504058167516126
0.8504186303488959
0.8504303256973086
0.8504417373242728
0.8504539091577159
0.8504678166142305
0.850481704560875
0.8504956301688025
0.8505106673332603
0.8505277173402759
0.8505449911314021
0.8505650991945247
0.85057743972669
0.8505908640379639
0.8506020426547065
0.8506118739030333
0.8506220443328274
0.8506343622257734
0.8506490717934948
0.8506618007610373
0.8506740111505513
0.8506870950423514
0.8507021811189451
0.8507200077664626
0.8507453102738008
0.8507689166941127
0.8507882269228653
0.8508076976039501
0.8508287554359052
0.850854173313369
0.8508855317506165
0.8509195961037401
0.850957256060343
0.8510000768227846
0.8510516450237446
0.8511155720633323
0.8512017988774113
0.8513210915706438
0.8514564444099172
0.8516166737366052
0.8518166900605483
0.8520724322228055
0.8524135696175592
0.8528092805438445
0.8532673282382938
0.8538006549923015
0.8544246578389416
0.8551620128594531
0.8560455617059224
0.8567757457074555
0.8575235158836771
0.8583789708845908
0.8595273476543864
0.8599
0.8599057253087339
0.8599171759262016
0.8599400771611372
0.859963606307028
0.859981803153514
0.86
0.8600057253087339
0.8600136993604739
0.8600296285937848
0.8600499541823913
0.8600692444067048
0.860090743732426
0.8601141960459686
0.8601319179218168
0.86014598230285
0.8601583022971525
0.860169863537869
0.8601820513193044
0.8601979118536438
0.860209706300546
0.8602218760242488
0.8602324836381701
0.8602415356983503
0.8602495026777385
0.8602567070834184
0.8602637323345328
0.8602715214392237
0.8602844760980751
0.8602936842716935
0.8603013503960988
0.860309305951334
0.860317964366182
0.8603287153002288
0.8603425413773128
0.8603554983299443
0.8603690236915255
0.860385790549241
0.8604043246741938
0.8604202263446916
0.8604392301361939
0.8604554285181607
0.860470746912896
0.8604864734190648
0.8605029975335647
0.8605211378461701
0.8605425637142936
0.8605772222813725
0.8606041789930561
0.8606260424652802
0.8606481662219148
0.860671724691254
0.8606999613099754
0.8607347929274985
0.8607784368018525
0.8608303035035342
0.8608991600121452
0.8610036111751397
0.8611816059469901
0.8614364529316783
0.8617529627335989
0.8621150525978092
0.862532167129385
0.8630173967964573
0.8635873893660833
0.8642629762361491
0.8650692984639611
0.8660438082951393
0.867215486045646
0.8686268617976395
0.8699
0.8699028654549942
0.8699085963649825
0.8699200581849592
0.8699307020627316
0.86994149182249
0.8699560169982721
0.8699716132243587
0.8699858066121793
0.87
0.8700028654549942
0.8700085963649825
0.8700159606611081
0.8700306892533592
0.8700433765237984
0.8700569517233055
0.8700727239128342
0.8700909709639897
0.8701126253935266
0.8701372350378113
0.8701640753576515
0.8701953988266792
0.8702326068102285
0.870277174317831
0.870323045370836
0.8703686848158553
0.8704074854146018
0.8704416959706494
0.8704748431497212
0.8705021763447109
0.8705393403841378
0.8705684036089486
0.8706009950934539
0.8706453583551735
0.8706996694850752
0.8707576992851616
0.8708083108832333
0.8708180569991164
0.8708375492308826
0.8708524606093154
0.8708638733690988
0.8708754501039547
0.8708857449648355
0.8708963125064734
0.8709037334288741
0.8709121126768179
0.8709180845951859
0.8709266761833269
0.8709335542483234
0.8709400904478807
0.8709485504147005
0.8709630919800581
0.8709893805824246
0.8710188138913987
0.8710516727378086
0.8710892489190674
0.8711322638704243
0.871182063049718
0.871240114037219
0.8712918139425063
0.8713385412999644
0.8713861905556518
0.8714518239922044
0.8715014655677117
0.8715375496695611
0.8715706993486423
0.8716038334228471
0.8716421668260176
0.8717116549368011
0.8717604126970213
0.8718024985016017
0.8718471366228552
0.8718966737248856
0.8719595865295448
0.8720430562194524
0.8721671736935146
0.8723740883921977
0.8726510673671769
0.872962793594533
0.873316479265636
0.8737145302696779
0.8741674957127937
0.8747088249960737
0.8752421657335886
0.8756938206407181
0.8761506430703442
0.8766542526654157
0.8772537275108795
0.8779878365633838
0.8790524839538338
0.8799
0.8799021304844881
0.8799063914534642
0.8799149133914164
0.8799238704452483
0.8799399249787292
0.879956043462314
0.8799715477720383
0.8799857738860192
0.8799928869430096
0.8799964434715049
0.88
0.880002130484488
0.8800043044751874
0.8800086524565861
0.8800131514849587
0.8800179657535168
0.8800231034632195
0.8800292847940857
0.8800345731806367
0.8800399828799687
0.8800450352286593
0.8800501458574426
0.8800557113065042
0.8800617841720073
0.8800675789607602
0.8800719096619064
0.8800753233669638
0.8800787934448286
0.8800822592560822
0.8800860158510199
0.8800894851666863
0.8800931611036382
0.8800973850278416
0.8801026717740623
0.8801098431941902
0.8801200497426424
0.8801277641802118
0.8801336306535921
0.8801387358793054
0.8801435589404976
0.8801489809610303
0.8801556227760563
0.8801610051515328
0.8801654563951867
0.8801695531952098
0.8801733685897165
0.8801770515801826
0.8801808130302752
0.8801850631475197
0.8801919977047803
0.8801971305479789
0.8802013535247546
0.8802056898438055
0.8802103681101251
0.8802160913440062
0.8802233107482516
0.8802325190262749
0.880242020145535
0.8802522915418769
0.8802629950179699
0.8802741807418109
0.8802861080570364
0.8802970632998031
0.8803056959283669
0.8803134811630614
0.880321236082786
0.8803299428463727
0.8803401256519917
0.8803521163345062
0.8803620932698355
0.8803720541580508
0.8803829403444084
0.8803948128858009
0.8804084401924316
0.8804230299036203
0.8804391471225187
0.8804561191180623
0.8804745298080321
0.8804938240861669
0.8805177247165858
0.8805453337939644
0.8805667099137844
0.8805866973913453
0.8806078056761272
0.8806316769207497
0.880659252203027
0.8806852761113748
0.880704949402705
0.8807207093169858
0.8807345263615837
0.8807477398139573
0.8807624571109278
0.8807728922304603
0.8807853458512425
0.8807953806952215
0.88080394288461
0.8808122653757221
0.8808209905125862
0.8808318989172491
0.8808446055451188
0.8808555965609098
0.8808658427060264
0.8808765985389997
0.8808886214303391
0.8809035249957965
0.8809197449524218
0.8809355887027485
0.8809521707056466
0.8809703635555628
0.8809909427160868
0.8810129650503281
0.8810373667053877
0.8810660740770812
0.8810996308386698
0.8811234394415318
0.8811489165468025
0.8811680303929019
0.8811823846825129
0.8811949472088254
0.8812072479832126
0.8812226171024103
0.8812328497831154
0.8812434533016503
0.8812527197210824
0.8812609641441703
0.8812691082889084
0.8812778794863787
0.8812894830548196
0.8813039586852449
0.8813143690491183
0.8813243874999461
0.881335228493521
0.8813479237830771
0.881364368666608
0.8813859235111542
0.8814096227397044
0.8814387413230655
0.8814603632273177
0.8814825296015375
0.881500123668613
0.8815164274190371
0.8815342416811348
0.8815468798089705
0.8815577945488332
0.8815705359678901
0.881582475399279
0.8815932982463422
0.8816053670556361
0.8816183568870355
0.8816327205447774
0.8816479692377381
0.8816643228989298
0.8816830517006565
0.8817025242209777
0.8817234090436685
0.8817476339809931
0.8817729060168363
0.8818013710842307
0.8818371704441843
0.8818874386981851
0.8819665495639645
0.8820805525770927
0.8821761326792166
0.8822596146617109
0.8823542961460812
0.8824698010659395
0.8826559034632626
0.8830281082579088
0.8835498993057173
0.8836446290282212
0.88373709686816
0.8837889710356981
0.8838476189334648
0.8838989463401964
0.8839504069120294
0.883999919768095
0.8840558523886105
0.8841249643884701
0.8842101301196281
0.8843195597861959
0.8844714905878441
0.8847083023314805
0.885146367943972
0.8860224991689549
0.887218644800327
0.8885588620657028
0.8899
0.8899024065643831
0.8899072196931493
0.8899168459506818
0.8899273138929794
0.8899384915746441
0.8899521702076084
0.8899659717770607
0.8899814648474229
0.8899907324237115
0.8899953662118558
0.89
0.8900024065643831
0.8900047533485589
0.8900094469169104
0.8900167542543322
0.8900243364866802
0.8900313862398933
0.8900383055709512
0.8900459673771454
0.8900550387862515
0.8900633393478146
0.8900704900036875
0.8900777413194743
0.8900856388284983
0.8900951478374846
0.8901067095673095
0.8901208007403292
0.8901402541708207
0.8901655540764625
0.8901756414196211
0.8901866958625336
0.8901960322582168
0.8902049408987848
0.890213554180745
0.8902227948068342
0.8902316210993355
0.8902412225298124
0.8902531753650349
0.8902681376432496
0.8902839220596078
0.890297011584997
0.8903084820978653
0.8903195868207611
0.8903320935784929
0.890340990580335
0.8903525309327552
0.8903623807520843
0.8903710485921442
0.8903793417170047
0.8903874862215398
0.8903961823440638
0.8904071982428176
0.8904219588694098
0.8904323772339684
0.8904420078541311
0.8904523461134856
0.8904637577796547
0.8904770615678974
0.8904913948466114
0.8905086452488516
0.8905203187818781
0.8905326297664528
0.8905440896471105
0.8905609955783865
0.8905733039300231
0.8905866384861547
0.8906052126851495
0.8906344465200909
0.8906772146078893
0.8907159860364454
0.890754393683879
0.8907953134295833
0.890829262873979
0.8908534518195411
0.8908731513599594
0.8908937609277341
0.8909129192635128
0.8909335636012605
0.8909536468534217
0.8909755088966695
0.8910027622381533
0.8910302753038115
0.8910554067522537
0.8910806448032977
0.8911122536406879
0.8911322652474626
0.8911524093408509
0.891170700438834
0.8911880451119744
0.8912067073178039
0.8912298191616772
0.8912522794409019
0.8912770221383204
0.8913001266971211
0.8913239795520193
0.8913506072784549
0.8913830159152547
0.8914234202320875
0.8914792141844354
0.8915627697616137
0.8917124474097627
0.8919313874605851
0.8921968291492188
0.8924957534146999
0.8928350110046098
0.8932234695394197
0.8936726477236214
0.8937710507915286
0.8938531502341512
0.8939346353884509
0.8939938251052418
0.8940793940477559
0.89414816848904
0.8942041954155746
0.8942627176207532
0.8943278651810141
0.8944095523332061
0.8945225905406466
0.8946426689908457
0.8947623857493815
0.8948825040998508
0.895010087084779
0.8951217678468105
0.8952083881919614
0.8952846916435113
0.8953857654157414
0.8954652780001787
0.8955536854758138
0.8957100346300637
0.8959638811189695
0.8962483401446991
0.8965728219099911
0.8969464058390777
0.8973769215037374
0.8978790467551934
0.8984684851661952
0.899160336736762
0.8999
0.899903658798209
0.8999109763946269
0.8999256115874628
0.8999389812944214
0.8999524339032907
0.899968534234459
0.8999866029940288
0.8999933014970144
0.9
0.900003658798209
0.9000077031750496
0.9000157919287309
0.9000291177515867
0.9000416418605908
0.9000561976319772
0.9000733204424946
0.9000889450662577
0.9001043396820269
0.900122511432333
0.9001360983688621
0.9001495972175069
0.9001648473099869
0.9001776326997916
0.9001933329887566
0.9002187356091175
0.9002695408498392
0.9003302261146722
0.9003986640205119
0.9004771879149357
0.9005671182008956
0.9006709313484779
0.9007907174290485
0.9009285491157868
0.9010852207085367
0.9012661317491352
0.9014739233127644
0.9017280035354712
0.9020477777893631
0.9024889475214176
0.903214633645222
0.9042052983592003
0.9054130053260604
0.9068259231247067
0.9085341605201881
0.9099
0.9099016250461571
0.9099048751384713
0.9099113753230996
0.9099209517207847
0.9099302868350168
0.9099402669276491
0.9099539016752886
0.9099655768955904
0.9099754560532823
0.9099844789638546
0.9099932246492329
0.91
0.9100016250461571
0.9100048751384713
0.9100113753230996
0.9100178915848078
0.9100256315610613
0.9100319447650022
0.9100370425183484
0.9100419171242533
0.9100471301782408
0.9100541222705877
0.9100631616582044
0.9100698450868432
0.9100764402282876
0.910083660543037
0.9100923373597887
0.9101034497473053
0.9101193730345752
0.9101446590281003
0.9101730488328956
0.9102040773167445
0.9102402462916788
0.9102689384277308
0.9102955538074973
0.9103249883884448
0.9103538745860744
0.910381769798055
0.9104146104011468
0.9104606866004741
0.9105358327588684
0.9106494358043309
0.9107775153725723
0.9109052228190374
0.9110250237935814
0.9111490128457718
0.9112174762371443
0.9113151671261795
0.9113909137048972
0.9114528012982112
0.9115138645445935
0.9115805924498805
0.911687583757951
0.9117724255688524
0.9118435266473268
0.9119176986627394
0.9120000606233161
0.9121012599102469
0.9121862111489849
0.9122552290840157
0.912321491935634
0.9123927824070728
0.912489306450881
0.9125952167051807
0.9126867826243275
0.9127781389469459
0.9128779186302197
0.912998376855802
0.9131510574211437
0.9133638374941667
0.913682218131443
0.9141452452723163
0.9146715044717098
0.9152932134497119
0.9160652903690479
0.9170363483326487
0.9181883928808757
0.9196130646968741
0.9199
0.919903880397145
0.9199116411914349
0.9199271627800146
0.9199418655519771
0.919957281054164
0.9199762298277822
0.9199881149138911
0.9199940574569456
0.92
0.920003880397145
0.9200076772544639
0.9200152709691016
0.9200304583983772
0.9200450743852019
0.9200605826140097
0.9200786999650414
0.9200999701826195
0.9201253794552693
0.920155842106211
0.9201890657424884
0.9202234936976278
0.9202536299253331
0.9202839632972907
0.9203203993392897
0.9203578977372517
0.9203980713979208
0.9204405349648196
0.9204877045500811
0.9205283939176312
0.9205674996830846
0.9206091902709737
0.9206517005828475
0.9206885947624727
0.920717682714918
0.9207442998446672
0.9207775435712772
0.9208146165844178
0.920843186027614
0.9208724841816879
0.9209053407280086
0.9209464681746429
0.9210052683243973
0.9210545877628586
0.921095018977818
0.9211322287038665
0.9211706104533246
0.9212032815175791
0.9212417215949589
0.9212719102375988
0.9212984466205137
0.9213247179859277
0.921352735019024
0.9213886256749331
0.921422834592214
0.921457965925161
0.9214915493113819
0.9215267085918597
0.9215664059152684
0.9216151574471294
0.9216768534118043
0.9217628894285516
0.9218935418818888
0.9221218952425554
0.9225021143724862
0.9229288334270781
0.9234084253212858
0.9239575060770263
0.924590719879435
0.925333516430074
0.926214251753307
0.9272686491750767
0.9285434502192216
0.9299
0.9299042651775747
0.9299127955327243
0.9299298562430235
0.929944023965779
0.9299623576211599
0.9299848128374404
0.9299924064187202
0.93
0.9300042651775748
0.9300086303754256
0.9300152867730105
0.9300285995681803
0.9300430381339403
0.9300550954673182
0.9300657203935753
0.930075827272736
0.9300868342431353
0.9300982715410331
0.9301106081991948
0.9301211824804919
0.9301316387126353
0.9301428084355511
0.9301549447235248
0.9301666370181546
0.930175542470947
0.9301826441784886
0.9301898733957259
0.9301971243968483
0.9302049813228109
0.9302122174122458
0.930219881571771
0.9302286899922022
0.930239738826773
0.9302550259390294
0.9302729904401331
0.9302869004066582
0.9302981293546284
0.9303082341448837
0.9303183028992058
0.9303310698202919
0.93034028979893
0.9303496091504534
0.9303579822146563
0.9303656183357574
0.9303730344063237
0.9303805561238108
0.9303889139654044
0.9304009055244071
0.930412412759095
0.9304214022636332
0.9304303122480757
0.9304398721690289
0.9304509957085634
0.930465135810792
0.9304844643978635
0.9305110701894497
0.9305508761719394
0.9305923258863962
0.9306296314531891
0.9306591984597556
0.9306839675661726
0.9307102268601974
0.9307355099990425
0.9307628826879714
0.9307888780999746
0.9308165750559367
0.9308490757246998
0.9308837647903903
0.9309250124145202
0.930965079193325
0.9310061522707856
0.9310416627275109
0.9310725213760359
0.9311020089107461
0.9311337530008691
0.9311688867715506
0.9311969909150632
0.9312222790108747
0.931247243749785
0.9312739063945585
0.9313081733620087
0.9313553262409373
0.931389057544017
0.9314209829801425
0.9314553824561218
0.9314949285974098
0.931533742296068
0.9315677287655244
0.9316003377478942
0.9316346326590987
0.9316749594514386
0.9317248713290468
0.9317711878648924
0.9318140788291309
0.9318595045582048
0.9319103689508688
0.9319681326264094
0.9320331653415426
0.932107413458387
0.9321975578281106
0.9323060264021594
0.9324221472769342
0.9325505089726489
0.932701641205535
0.9328506716988986
0.9330039202032667
0.933184370021687
0.9334324943350717
0.9338034958371924
0.9344435837880781
0.9351855378011308
0.9360375151830366
0.9370415464250381
0.9382238177440018
0.9396606480888196
0.9399
0.9399019639908691
0.9399058919726074
0.9399137479360841
0.9399214345900379
0.9399303759744861
0.939938112653902
0.9399448978874658
0.9399513517597813
0.9399579482963492
0.9399642544165192
0.9399713798941303
0.9399758402320402
0.9399805042451811
0.9399846945208745
0.9399888027699981
0.9399926245612721
0.9399964594526684
0.9400000000000001
0.9400019639908692
0.94000418510272
0.9400064056307144
0.9400108466867031
0.940015095101678
0.9400190040181272
0.9400227166606326
0.9400255786756258
0.9400278447938978
0.9400301704535211
0.9400324811836719
0.9400349749151014
0.9400373095275513
0.94003980745842
0.9400427180638243
0.9400463832069651
0.9400514370755086
0.9400590456314962
0.9400645883939952
0.9400686477096699
0.9400721305552652
0.9400753848116964
0.9400790296837025
0.9400821079002136
0.9400858312059606
0.9400890344241715
0.9400919490849466
0.9400947194471941
0.9400973223220799
0.9400998449367383
0.9401024604155738
0.9401055937220425
0.9401083165031312
0.9401114151008617
0.9401142692893077
0.9401171554948762
0.9401203446089565
0.9401240675173406
0.9401287039266941
0.9401348212097875
0.9401434622696113
0.9401568944564674
0.940181687899263
0.940215660231353
0.9402474117775801
0.9402780034299145
0.9403105139033661
0.9403516694929391
0.9403909078529956
0.9404217401243943
0.9404483609007072
0.9404717966915581
0.9404927213670831
0.9405125198880624
0.9405329845864036
0.9405582072269778
0.9405815533519695
0.9406047634572093
0.9406266423311405
0.940649302200519
0.9406746202892173
0.9407001353593382
0.9407259800762084
0.9407556490340102
0.9407901488133819
0.9408220962334625
0.9408500599231372
0.9408749044547359
0.9408981716975229
0.940922025484737
0.9409496916849377
0.9409909473760836
0.9410266647049117
0.941057075324302
0.941088521796185
0.9411206822251201
0.9411478103884471
0.9411734519754762
0.9412009034773744
0.9412373611135658
0.9412829525915473
0.9413170882021382
0.9413511492779247
0.941388969885899
0.9414342623886808
0.941496198061098
0.9415756560111289
0.9416540780933186
0.9417284516192121
0.9418059385725166
0.9418913869351381
0.9419922969962399
0.9421137424840843
0.9422727091136089
0.9424952048185549
0.9428394506388518
0.9433172980151259
0.9438646307956712
0.9444941298039843
0.9452266527237212
0.9460902269766729
0.9469117147693122
0.9476185517008203
0.9479519321672569
0.9485952897661756
0.9492800784691137
0.9499
0.9499033587583765
0.9499100762751296
0.9499235113086357
0.9499348095068447
0.9499479044437785
0.9499635027759014
0.9499829119318076
0.9499914559659038
0.9500000000000001
0.9500033587583766
0.9500078275132507
0.9500145903856582
0.9500267604643226
0.9500377601413676
0.9500494305951604
0.950060396239077
0.950071100728838
0.9500834635018178
0.9500953293133942
0.9501075925091069
0.9501186520833991
0.9501298180842556
0.9501418836589944
0.9501548972933651
0.9501670264350286
0.9501761523579496
0.9501836085028827
0.9501914938246581
0.9501989146138698
0.9502069922056549
0.9502146854411548
0.9502228653152125
0.9502326558440981
0.9502444949704165
0.95026081741928
0.9502792772568189
0.9502936181967142
0.9503053485082879
0.9503159992119646
0.9503267710230772
0.9503410520880583
0.9503546118417175
0.9503642438783971
0.9503726947051775
0.9503805799665969
0.9503883007112126
0.950396613387044
0.9504070981618018
0.950416572862344
0.9504264915471314
0.9504358278003189
0.9504454233932407
0.9504560801153267
0.9504689021095959
0.9504846765727549
0.9505058482643944
0.9505296556954738
0.9505496267770621
0.9505698677569275
0.9505922087067401
0.9506196465031915
0.9506546803595752
0.9506986702804102
0.9507340282642883
0.9507631783758682
0.9507901477381311
0.950818355112483
0.9508415698910061
0.9508698661836991
0.950892396975317
0.9509121076634074
0.9509313809110489
0.9509513621736886
0.950975215991844
0.9510001157052765
0.9510274080239979
0.9510518324775945
0.9510766047680014
0.9511038437112566
0.9511365401748958
0.9511769216938324
0.9512318740009584
0.9513124541963079
0.9514450290629441
0.9517101787962166
0.9520271425463542
0.9523811088436895
0.9527845391985822
0.9532454682051436
0.9537804448073743
0.9544080076473445
0.9551479824889246
0.95602652841879
0.9570764579480528
0.958335326497643
0.9598651884019298
0.9599
0.9599044218584737
0.9599132655754211
0.9599278241865701
0.9599404578619152
0.9599559907813352
0.9599735010008479
0.9599979678533863
0.96
0.9600040642932273
0.9600076818994137
0.9600125399030625
0.9600222559103601
0.9600332586389955
0.9600450932023739
0.9600592697739506
0.9600774204414705
0.9600963942535505
0.9601185757364596
0.9601476412740507
0.9601846984271407
0.9602288180537228
0.9602795346955082
0.9603353944592308
0.9603976032702781
0.9604684208715287
0.960550623714324
0.9606502220915751
0.9607524760652031
0.9608547415422067
0.960972094580025
0.9610680668672985
0.9611757289912009
0.961263396296906
0.9613374041254312
0.9614049007031311
0.9614693470378148
0.9615377511868539
0.9616278986541066
0.9617342104297294
0.961811478344192
0.9618862145364089
0.9619665804762992
0.9620595917998954
0.9621807616407293
0.9622713646958431
0.962347045591623
0.9624227107646829
0.9625105036941809
0.9626338224375726
0.9627418264247212
0.9628428924149234
0.9629540606505317
0.9630835814793154
0.9632529200379474
0.9634453948787559
0.963640698194651
0.9638523465053509
0.9641008459068425
0.96439296647264
0.9647711993843525
0.9653028883128124
0.9661520537817387
0.9672080526765102
0.9684360673700171
0.9699
0.9699051008796638
0.9699153026389913
0.9699357061576463
0.9699522852150907
0.9699702383019561
0.9699851191509781
0.969992559575489
0.97
0.9700051008796637
0.9700104322048271
0.9700189220703789
0.9700359018014825
0.9700523197052371
0.970069543853719
0.9700888247958007
0.9701061374117022
0.9701209769723604
0.9701346673128086
0.9701484433631333
0.970164808521037
0.9701820465128846
0.970197572749019
0.9702110524357567
0.9702234548857656
0.9702347309880736
0.9702448195187737
0.9702540838894934
0.9702632016802437
0.9702734174439295
0.9702840426231495
0.9702955969669016
0.970305552042347
0.9703154576249965
0.9703262363900289
0.9703387062509266
0.970354420391457
0.9703700652396606
0.9703851404284608
0.9704009985928047
0.9704183523276098
0.9704364163230478
0.9704493506282801
0.9704604516331755
0.9704710411267156
0.9704818759273182
0.9704947143055743
0.9705130921949274
0.9705275788010663
0.9705401474761963
0.9705520442222012
0.9705635574032095
0.9705756620732255
0.970590188955341
0.9706049690930922
0.9706207491995872
0.97063496333006
0.9706493832132764
0.9706652272154287
0.9706842112532391
0.9707075706692853
0.9707391301857328
0.9707848548634254
0.9708588026603288
0.970944649207774
0.9710428326477796
0.971156596827431
0.9712965274914948
0.9714810493589399
0.9717370459964694
0.9720336321226406
0.9723758448979377
0.9726819455209901
0.9729792087197079
0.9732755818134285
0.9735693820843923
0.9738710750188277
0.97422949980451
0.9747422598204049
0.9755328622312427
0.9765771191157466
0.9777740591029338
0.9791494867627712
0.9799
0.9799029548452851
0.9799088645358554
0.9799206839169958
0.979932608962716
0.9799424322366383
0.9799521154334658
0.9799622734293532
0.9799740462717419
0.9799859182231985
0.9799929591115992
0.98
0.9800029548452851
0.980006536146745
0.9800136987496649
0.9800230118907223
0.9800325042934833
0.9800436363919882
0.9800547259769835
0.9800673268406211
0.9800810579512463
0.9800969289114663
0.9801157143245672
0.9801392930613125
0.9801697084628321
0.9802047138426961
0.98024460352057
0.9802928594159522
0.9803542016706966
0.9804307280109802
0.9805158469087971
0.980612152403207
0.9807227967559604
0.9808521771604668
0.9810102880076783
0.9812293522673448
0.9815598619697615
0.9821883151371031
0.9830146738404655
0.9841265156463189
0.9858294898089166
0.9878182850409173
0.9899
0.9899028487749051
0.9899085463247153
0.9899199414243356
0.9899338706831177
0.989947111084798
0.9899627862009952
0.9899825770280936
0.9899912885140467
0.9899999999999999
0.990002848774905
0.9900067021951914
0.9900144090357642
0.9900264533833071
0.9900401430896786
0.9900564667383872
0.990075073895221
0.9900954947424815
0.9901183191100177
0.9901446189328512
0.9901738940332605
0.9901992841059288
0.9902219905615105
0.9902439654462297
0.990267565737044
0.9903025183118458
0.9903310728864478
0.9903527982771669
0.9903721828926215
0.9903891878236548
0.9904043192641308
0.9904185849341303
0.9904332748929723
0.9904514948277141
0.9904675639926082
0.9904838956115727
0.9904994421662041
0.9905155936175292
0.9905337322510541
0.9905558651450573
0.9905795104087052
0.9906009408026654
0.9906202351349052
0.9906383454230431
0.9906568373025436
0.9906789245584056
0.9906954881120049
0.99070963453494
0.9907235754849572
0.9907390473626401
0.9907600154947713
0.9907800818092573
0.9907974183325269
0.9908155049939081
0.990835866346661
0.9908607373284402
0.9908945379509517
0.990927349857927
0.9909613700208065
0.991002990911139
0.9910418724914736
0.9910781022196689
0.991114845179711
0.9911540580651127
0.9911996076082079
0.9912643390429673
0.991338369779822
0.9913940955280757
0.9914481592229958
0.9915059373232419
0.9915719818588713
0.9916548388739513
0.9917666803592737
0.9919200330045066
0.9921658016138198
0.9925270918132668
0.9929400519740632
0.9934133860742358
0.9939621450597456
0.9944454427416329
0.9950732713142304
0.9955382927555004
0.9959972152635949
0.9966710391493759
0.9975511425321822
0.9989954179039362
0.9999
0.9999019350217603
0.9999058050652808
0.9999135451523219
0.999922614168777
0.999931972391968
0.9999414682233138
0.9999517133269478
0.9999593431986871
0.9999680084160143
0.9999750280324307
0.9999816301579375
0.999989419751436
0.999994709875718
0.999997354937859
1.0
