0.0
0.001
0.003
0.007
0.0099
0.009915389396437978
0.009946168189313933
0.009964407792009418
0.009983196207970361
0.01
0.01001010767728562
0.01002762074292643
0.0100408322549187
0.01005862144327037
0.01007459059666926
0.01009486055833062
0.01011860978878086
0.01014545469598467
0.01017002809020728
0.01019337869274069
0.01021885194301349
0.0102488900194794
0.01028775456664513
0.01034250281462294
0.01042226837621725
0.01052110721495661
0.01065520389568739
0.01082135849664317
0.01096808070731265
0.0111016813480593
0.0113310960262969
0.01159942046662091
0.01194403984110301
0.01235477738301614
0.01285613707029931
0.01347904099885911
0.01426112523958336
0.0152521741058818
0.01652118162687288
0.01816553784583803
0.0199
0.01991321881448813
0.01993965644346439
0.0199698282217322
0.0199849141108661
0.02
0.02001321881448813
0.02002618290465839
0.02003826663655564
0.02005648113289068
0.02007142603463673
0.02008475469355526
0.02009959110918142
0.02012251486871573
0.02014151688010276
0.02015753539910277
0.02017313491359859
0.02019048002004021
0.0202095086598058
0.02024283836959707
0.02025436052359584
0.02027216952288513
0.02029216284792273
0.02032443199389069
0.02036386465890116
0.02042802303512347
0.0204771995237744
0.02054799807082607
0.02061218854747251
0.02069060636128131
0.02078437647608796
0.02089368390946496
0.02101982224135417
0.02118087566375584
0.02138616848375367
0.02163920462955583
0.02197358660488285
0.02246502717220544
0.02335052252212436
0.02456536709593554
0.02608270842764423
0.02813787488450582
0.0299
0.02991059855930285
0.0299286887100676
0.02994042889221988
0.02995186193107871
0.0299679266211771
0.02998519589296896
0.03
0.0300068901653921
0.03001585575838141
0.03002383804636171
0.03003980262232231
0.03005431944569456
0.03006653213214885
0.03007932056206613
0.03009601942491635
0.03011240131169657
0.03012950025001344
0.03014585624797786
0.0301624846133427
0.03018130787867975
0.0302043000534547
0.03023624969302772
0.03027387153672771
0.03032755309037703
0.03039652604208567
0.03048332696754668
0.03059286368763778
0.03069340570998525
0.03082921670066555
0.03095286970405143
0.03108743359389617
0.0312183852488165
0.03134574915603861
0.03147809852471035
0.031629660669473
0.03180476088456442
0.0319844988896518
0.03213148232816724
0.03226942116224735
0.03241562199148705
0.03257588265784859
0.03275739671202035
0.03291943873634596
0.0330614211672593
0.03320584743310777
0.03341731400941392
0.03359162697619766
0.0337370889111775
0.03388041486481596
0.03400768539488313
0.03412882470213411
0.03425848224383439
0.03439110309542438
0.03453072914410782
0.03463658707237986
0.03473088252757014
0.03482510556276744
0.03492698885331395
0.03505568904159621
0.03519354305447395
0.0353426525289228
0.03547840484270618
0.03561589414693472
0.03576538718441205
0.03594069941668002
0.03615089894856523
0.03642322511200764
0.03680196026696497
0.03733409146436135
0.03814536077076828
0.03948499257473475
0.0399
0.03991394347157794
0.03994183041473384
0.03997091520736692
0.03998545760368346
0.04
0.04001394347157795
0.04002653203425061
0.04004432562150236
0.04006529818470801
0.04009383131019027
0.04013253415241818
0.0401651834844939
0.0401959121931933
0.040230673186487
0.04027665136397712
0.04033113629788036
0.04038163430572581
0.04042975088559799
0.04047914621636097
0.04053752052498956
0.04058849989636288
0.04064088147394934
0.04068460126781875
0.04072237915767136
0.04075642366996313
0.04078770840011241
0.04081817615390775
0.04085057671284163
0.04089192661440794
0.04092791303024995
0.04096404121597087
0.04099824905836165
0.04103330519198178
0.04107199043714203
0.04111824352397784
0.04117266009887874
0.04123924870930779
0.04127747671700886
0.04131630047423561
0.04135084406982841
0.04138328428328401
0.04141931084371026
0.04145569586975111
0.04148978086876842
0.04152432411610257
0.04156640549252234
0.04161160397983987
0.04165907485300639
0.04171585385409517
0.04177045195623803
0.04183400643794014
0.04190916053298931
0.04198948738317115
0.04208028322416184
0.04217785467510145
0.04228599815791039
0.04241221318695024
0.04256120700823931
0.04275007593926974
0.04300348096606702
0.04337319283954679
0.04387230835774968
0.04443642430202606
0.0450758819644126
0.04581296667928582
0.04665577174288271
0.04767486708554547
0.04882852230345649
0.04973506266169345
0.0499
0.04990579359493274
0.04991436188846714
0.04992149354538949
0.04992683342822878
0.04993439679166008
0.04994473419341782
0.04995736856942593
0.0499722879397354
0.0499861439698677
0.05
0.05000579359493274
0.05001271757700765
0.05001876169955115
0.05003084994463817
0.05004311048989604
0.05005621107219499
0.05006955888232103
0.05008316670075767
0.05009851590372292
0.05011442988561021
0.05013048220565441
0.05014894900666208
0.05016404745276775
0.05017772358517598
0.05019108222140092
0.05020493283832694
0.0502208572113799
0.05024051869913948
0.05026534612991841
0.05029282062608995
0.05032034452966259
0.05034979819392646
0.05038648758487909
0.05042701279345544
0.05045916571898418
0.05048870287049993
0.05051849637282053
0.05054911217672556
0.05057832860103011
0.05060241415583371
0.05062249304065482
0.05064217733799816
0.05066622220559818
0.05068703262375665
0.05070432181824584
0.05072475028785733
0.05073977066097639
0.05075069722787898
0.05076084132107115
0.05076808848753389
0.05077522674532938
0.05078075387191276
0.05078634235940738
0.05079093502824721
0.05079550928451906
0.05079934792770449
0.05080312387966304
0.05080653777253338
0.05080974829628281
0.05081349666415195
0.05081700255390156
0.05082023182465305
0.05082325516469405
0.05082607066739488
0.05082871535287126
0.05083123664109703
0.05083368275822808
0.05083611251075313
0.05083860803596459
0.05084130908430842
0.05084454238075262
0.05085001311538635
0.0508541666660582
0.05085762569598713
0.05086121186419584
0.05086505190710697
0.05086936084794441
0.05087432332843689
0.05088016178812594
0.0508860744638694
0.05089044090268446
0.05089410523341222
0.05089751288037145
0.05090095508628264
0.05090480315661961
0.05090943766351291
0.05091409622079149
0.05091834536147933
0.0509226875821466
0.05092737816968734
0.05093282659629629
0.05093904071641063
0.05094481530730088
0.05095072730747277
0.05095721526016181
0.05096471512921256
0.05097413745335221
0.05098619264164215
0.05099988203460239
0.05101392674810624
0.05102774382238554
0.05103108289490434
0.05103571579784234
0.05104053308628292
0.0510439758102652
0.05104765838575776
0.05105123883825578
0.05105517799501597
0.05106012000669789
0.05106808981399828
0.05108309727566845
0.05110244456674316
0.05112173986870626
0.05114121540153661
0.0511615392885788
0.05118422276561545
0.05121485909238974
0.05125239883986305
0.05127923004695954
0.05130457399721291
0.05133131338150114
0.05136118092125698
0.05139817207841769
0.05144484852909074
0.05150831544896803
0.05159991124472771
0.05174575950917314
0.05199310491199111
0.05230375850076602
0.0526643066672761
0.05306819872703256
0.05352312777207762
0.05404190182520173
0.05463955573873398
0.05533369651743032
0.05614529758850641
0.05710098270972309
0.05824568715023721
0.05958296879118703
0.0599
0.05990409294999513
0.05991227884998539
0.05992831599973917
0.05994022849933836
0.05995162652095197
0.05996256642231555
0.05997315718781345
0.05998436227739433
0.05999218113869716
0.06
0.06000409294999513
0.06000989967984333
0.06001597969526717
0.06002369266122755
0.06003205491936185
0.06004287050946439
0.06005424540111958
0.0600645592455452
0.06007435414540068
0.06008434227089183
0.06009603177554274
0.06010765102478714
0.06011959080392067
0.06013023731518449
0.06014087639501205
0.06015220570949475
0.06016453956711711
0.06017682860287907
0.06018649340344155
0.06019384547310688
0.06020063159873403
0.06020915755811972
0.06021855443713581
0.06022577838432766
0.06023307979316417
0.06024114459202718
0.06025104186421504
0.06026384949629765
0.06028081958052553
0.06029435113430811
0.06030508064781446
0.06031438380738811
0.06032287851969056
0.0603314469096279
0.06034154100222559
0.0603488262681354
0.06035822663895304
0.06036626356598412
0.06037349865669519
0.06038055355270878
0.06038744457963072
0.06039440538482052
0.06040179534764262
0.06041042765964431
0.06042077155480496
0.06043129078526041
0.06044011410153638
0.06044883041505998
0.06045817642181554
0.0604688509823274
0.06048210779515564
0.06049893335275832
0.060521988566949
0.06055591841958492
0.0606117441290602
0.06071926637851444
0.0608363510217356
0.06095799812088171
0.06109363336256606
0.06125202333811187
0.0614414042222414
0.06166934226576404
0.06193465298874465
0.06224058475944499
0.06232881835641835
0.06246976993866715
0.0626054637079047
0.0627492559786512
0.06298709503775754
0.06327746232325122
0.06359426967170344
0.06397062880775654
0.06427288478980643
0.06459329775276508
0.06522543013170368
0.06603265669998422
0.06701322162874133
0.06816656247415186
0.06953926446419308
0.0699
0.06990433060644187
0.0699129918193256
0.06993031424509306
0.06994269156365562
0.06995483904984305
0.06996987807630674
0.06998442599277546
0.07
0.07000433060644187
0.07001219329835817
0.07002789129964086
0.07004085798603679
0.07005554439983974
0.07007150245340946
0.07009121344526989
0.070119299815161
0.0701529654681833
0.0701989496874087
0.07024669809794458
0.07029668964768776
0.07035490845680605
0.07042805181068691
0.07052955179267413
0.07069439907119071
0.07102409362822387
0.07145237133214286
0.07199993247957734
0.07272580710156423
0.07374829855832368
0.07537998177031704
0.07864334819430377
0.07990000000000001
0.0799066409353792
0.07991992280613759
0.07993671092295417
0.07995274072698311
0.07997042816713404
0.07998521408356701
0.08
0.0800066409353792
0.08001455262714789
0.08002635442609407
0.08004350117333191
0.0800614340808621
0.0800803510576018
0.08010181456802265
0.08012653952935353
0.08015545768149533
0.08018941080161947
0.08022918606273338
0.08027568763461404
0.08032998155883754
0.0803933417138693
0.0804672817334891
0.08055357937105763
0.08065431349835993
0.08077190815636603
0.08090891902849875
0.0810685040534655
0.08125445569063522
0.0814711609454207
0.08172368560437404
0.0820178382704815
0.08236025659111264
0.08275857346057848
0.08322191822262569
0.08373860410942838
0.08418305065087077
0.08457586469733414
0.08495078271522753
0.08534343117823037
0.08584932797581486
0.0863163322510858
0.08677310876195714
0.08721819061771946
0.08765907531641164
0.08811844389697018
0.08870654811691618
0.08941543551832105
0.08990000000000001
0.08990298717438239
0.08990896152314715
0.08992091022067666
0.08993231974128306
0.08994505084468031
0.0899601745114018
0.08997752639831379
0.08998876319915688
0.09
0.09000298717438238
0.09000772849945753
0.09001721114960783
0.09002611346756922
0.09003677778069528
0.09005020017425884
0.09005851317563648
0.09006765000956941
0.09007546674198222
0.09008236908567858
0.09008931731002653
0.0900969854056736
0.09010781268663845
0.09011929656308874
0.09012830364651452
0.09013724143871243
0.09014692032546613
0.09015788361398833
0.09017090023087648
0.09017878370931479
0.09018769786638878
0.09019523858839677
0.09020193926869378
0.09020889543277177
0.0902171404411712
0.09023072206020394
0.09024042577208155
0.09024917553576801
0.09025859409509943
0.09026932384588936
0.0902827921747901
0.09029959740587304
0.09032253505159911
0.09034659563063709
0.09036755334357158
0.0903874964292715
0.09040818407119822
0.09043087262229471
0.09045586285669588
0.09048686211630921
0.09052268126049821
0.09055919392206727
0.09059573113648173
0.09063563076354302
0.0906834031987507
0.09073960838091548
0.09078672835432477
0.09082520022849938
0.0908570147388375
0.09088960281131508
0.09091971804816476
0.09097510185563297
0.09099792669563142
0.09102268964913846
0.09104730901753734
0.0910697917122817
0.09110040916270941
0.09112752356198743
0.09115936116824763
0.09117527997137773
0.09120711757763791
0.09125144855199402
0.09128607850947414
0.09132797576100984
0.09136955245729737
0.09141100676294661
0.0914682287512394
0.09152726879645923
0.09159712639621588
0.0916864045271775
0.09181051157080025
0.09200055340577419
0.09233191204919058
0.09299462933602337
0.09400178471947003
0.09505034282496387
0.09624227105367451
0.09765514465015868
0.09940485220800521
0.0999
0.09990574919152616
0.09991724757457847
0.09994024434068309
0.09995940552231777
0.0999810622431439
0.1
0.1000057491915262
0.1000161140668613
0.1000340680766569
0.1000511405099728
0.1000704359792719
0.1000919753892626
0.100112116404581
0.100136615125546
0.1001636174767435
0.1002004513754429
0.1002318075725977
0.1002683473731079
0.1003072136037619
0.1003564792027458
0.1004015831647343
0.1004512090015809
0.1005160973862478
0.1005864143608366
0.1006720970836405
0.1007740129103226
0.1009008965981881
0.1010308024103109
0.101225637212337
0.101437054041079
0.1017052453176657
0.1019403097809081
0.1021558695237601
0.1024198363494184
0.102923129660146
0.1039009845544388
0.10515100866834
0.1066563011612481
0.1085215993008137
0.1099
0.1099064855403487
0.1099194566210461
0.1099453987824409
0.1099682192341617
0.1099841096170808
0.11
0.1100064855403487
0.110013944181438
0.1100288614636165
0.1100477776636231
0.1100666818346798
0.1100867927290512
0.1101101889263907
0.1101371692136351
0.1101704995005797
0.1102013316486327
0.110234700201653
0.1102738949053076
0.1103235606263485
0.1103911072306064
0.110469229996065
0.1105581923973292
0.1106653810498075
0.1108038561383815
0.110991456815566
0.111200156204084
0.111456941673817
0.111809375257838
0.1123852782819341
0.1135370843301262
0.1154751604039639
0.1189424811933839
0.1199
0.1199160050321066
0.1199480150963199
0.12
0.1200160050321066
0.1200413802436791
0.1200671774313745
0.120104052800437
0.1201397952840859
0.1201798733357641
0.1202224155143966
0.1202722859307364
0.1203196114790058
0.1203802838205126
0.1204493088209291
0.1205275180685984
0.1206003460943066
0.1206753240307826
0.120761609484594
0.12086868600622
0.1210127983818034
0.1212229551123519
0.1215672033465892
0.1222556998150639
0.1236326927520133
0.1261218323024165
0.1298795381203985
0.1299
0.1299065898244342
0.1299156070591128
0.1299336415284699
0.1299538319731477
0.12997804241752
0.13
0.1300065898244342
0.1300161056267389
0.1300315349112293
0.1300499032864543
0.1300687540878766
0.1300898895227472
0.1301121642679897
0.1301323252610002
0.1301552331950506
0.1301758847186739
0.130203174304388
0.1302301490090325
0.1302618147510677
0.1302954182776015
0.1303314569576911
0.1303692823763442
0.1304070877708169
0.1304471806754321
0.1304922598094329
0.1305456473810408
0.1306126785057353
0.1307021276497261
0.1308316624757488
0.1310446855542813
0.1314707317113462
0.132043734910466
0.1327875074010757
0.1337743856636089
0.1351766762353868
0.1368752105184586
0.138783386880198
0.1399
0.1399050401535192
0.1399151204605575
0.1399352810746343
0.1399535017567074
0.1399728785875678
0.1399864392937839
0.139993219646892
0.14
0.1400050401535192
0.1400097659878546
0.1400192176565255
0.1400362993225364
0.1400536895342756
0.1400722475494035
0.1400929226521774
0.1401161292945712
0.1401391319807121
0.1401716713142143
0.1402027757457029
0.1402389649778857
0.1402801767274972
0.1403177550261842
0.140358865849487
0.1404109897029857
0.1404589327125554
0.1405234867968425
0.1405893278292279
0.1406719143549218
0.1407709259240967
0.1408890895151905
0.1410373753306302
0.1411985888741736
0.1413234576424095
0.1414527701957582
0.1415820702071532
0.1417124809156596
0.1419123527888278
0.1421777645863906
0.1427085881815163
0.1435512256872288
0.1445425060992591
0.1457440965664056
0.1471682190906851
0.1489203314498227
0.1499
0.1499151981136601
0.1499455943409803
0.1499727971704902
0.15
0.1500151981136601
0.1500314686864683
0.1500539049488978
0.1500818970385042
0.1501137875396236
0.1501492218639952
0.1501855773836266
0.1502278721136315
0.1502813399535395
0.1503428065720249
0.1504109888071691
0.1504897673551887
0.1505871643074781
0.1507169336030161
0.1509059388224572
0.1512170586593464
0.1518392983331248
0.1530837776806815
0.1553987388558247
0.1599
0.1599025289719664
0.159907586915899
0.1599177028037644
0.1599296154153025
0.1599420527259342
0.1599564751547811
0.1599746929127272
0.1599873464563636
0.16
0.1600025289719663
0.160007586915899
0.1600177028037644
0.1600292667407115
0.1600401651278853
0.1600508831828274
0.1600630871775975
0.1600759495328271
0.1600906342035279
0.1601043144810644
0.1601183667684161
0.1601359857375532
0.1601544030804255
0.1601743018591553
0.1601980810665666
0.160222319023685
0.1602435971905652
0.1602697485474375
0.1602970569248391
0.1603279681594172
0.1603611734670098
0.1603980004469617
0.1604408917545678
0.1604933554804154
0.1605621418110049
0.1606443105776174
0.1607122035119546
0.1607684288924098
0.1608180900882412
0.1608641511085149
0.1609107972900311
0.1609647852218671
0.1610227921289166
0.1610716504544145
0.1611132589363336
0.1611489402515517
0.1611803137515077
0.1612091877227801
0.1612374083951688
0.1612675354224895
0.161306115563535
0.1613396335407165
0.1613733738536374
0.1614052460654864
0.1614377621554035
0.1614734338283989
0.1615157729232804
0.1615662415249896
0.1616283927984381
0.1616879881008458
0.1617503187782347
0.1618126663980143
0.161870534977081
0.1619254937540271
0.1619816698952592
0.1620431348534832
0.1621175365293049
0.1622419612015643
0.162343163357576
0.162426920180618
0.1625117477329049
0.162601562771441
0.1627068256845543
0.1628336009727689
0.1629976409882767
0.16322140450145
0.1635497214898408
0.1639815997666249
0.1645504493949972
0.1652557104310465
0.166073988622084
0.1670401012617056
0.1681814023240232
0.1695968705713903
0.1699
0.1699106264764023
0.169931879429207
0.1699659397146035
0.1699829698573018
0.17
0.1700106264764023
0.1700207614979815
0.1700369121256143
0.1700547144235737
0.1700780565987933
0.1701009982655808
0.1701293473179984
0.1701650294521765
0.1702027804015558
0.1702436594517059
0.1702851580339669
0.1703293104375308
0.1703789894153549
0.1704381764011323
0.1705138727983344
0.1706201780148091
0.1707936039746759
0.1710039455117759
0.1712537224519518
0.1715643239043309
0.1719628505714989
0.1724801010454696
0.1731566975764232
0.1740532781717594
0.1752405754192624
0.1767228867476131
0.1785620053837817
0.1799
0.1799093058492471
0.1799279175477413
0.1799534550272346
0.1799779325957015
0.18
0.1800093058492471
0.1800238020754784
0.1800404521703103
0.1800621777496433
0.1800856180421993
0.1801088581671323
0.1801336622600886
0.180163050436704
0.1801966041682421
0.1802295640161876
0.180272684863916
0.1803166239162627
0.1803626994819165
0.1804097099974025
0.1804579330902921
0.1805151345369297
0.1805884629603962
0.1806450301214264
0.1806942164872175
0.1807437385624977
0.1807941960419799
0.1808415738511638
0.180880523466766
0.1809137279308786
0.1809473821010558
0.1809971530585701
0.1810384137718566
0.1810728363614904
0.1811087851226345
0.1811485789096488
0.1811977915942823
0.1812648575782323
0.1813319212667829
0.18138807364059
0.1814387905425634
0.1814901148609901
0.1815625429299684
0.1816148143793021
0.1816531615735506
0.1816887696049457
0.1817245607332199
0.1817666134814435
0.1818154948168894
0.1818675040051453
0.1819135264498392
0.1819601807759161
0.1820118316012664
0.182074067915029
0.1821515663202915
0.182257933357569
0.1824157136459144
0.1826799477354579
0.1830415892898778
0.1835201252881672
0.1840567800319239
0.1846599316275537
0.1853481437915732
0.1861424501379516
0.1870734366018746
0.1881877709548998
0.1894882707559246
0.1899
0.1899076709042368
0.1899230127127104
0.1899536963296577
0.1899774224556697
0.19
0.1900076709042368
0.1900187119515098
0.1900363790021661
0.1900584376767001
0.190078277066536
0.1900994775505836
0.1901240021781936
0.1901509899815936
0.1901831493117328
0.1902166065509125
0.1902526410712768
0.1902881569111125
0.1903285951966427
0.1903721948321271
0.1904257296157297
0.1904779415145446
0.1905302181394106
0.1905887390914435
0.1906600173011562
0.1907186245190695
0.1907670549145944
0.1908089124724895
0.1908455908261693
0.1908789840901219
0.1909110981659583
0.1909444159538907
0.1909841283471424
0.1910297653635214
0.1910692774817539
0.1911053966746335
0.1911419126315277
0.191181358169982
0.1912268706525354
0.1912832885427828
0.1913539486260366
0.1914223864267844
0.1914980005453778
0.191571416728495
0.1916351599827718
0.1916972455704699
0.1917625042543245
0.1918368025490566
0.1919369102707928
0.192034883163848
0.1921347170640252
0.1922292882122361
0.192326354142266
0.192432324825257
0.1925565400075092
0.1927054668965836
0.1928975416626131
0.1931601973324295
0.1935259819451642
0.1939887511245927
0.1943904930823827
0.1947716254254764
0.1951816968309475
0.1959638528478118
0.1970493495943896
0.1983333036985976
0.1998113893315719
0.1999
0.1999264669382542
0.1999648261404817
0.2
0.2000264669382542
0.2000575925270861
0.2000937190499907
0.2001441728596222
0.2002030418281517
0.2002740938505015
0.2003481475244748
0.2004328574462584
0.2005304331727775
0.2006440894489453
0.2007941764666636
0.2010149257214519
0.2012773497100531
0.2015490142044711
0.201863968755127
0.2022698735612694
0.2028936331744914
0.2041411524009353
0.2059436895063259
0.2089853948683646
0.2099
0.2099034427470224
0.2099103282410671
0.2099240992291565
0.2099356418218967
0.2099490444483484
0.2099649676463139
0.2099806756567647
0.2099903378283824
0.2099951689141912
0.21
0.2100034427470223
0.210006864852395
0.2100131175714647
0.2100245350464623
0.2100343957200333
0.2100444275589775
0.2100563373421321
0.2100685757676146
0.2100845249994546
0.2100987784310865
0.2101134418999197
0.2101298321887837
0.2101449004586095
0.2101601326447289
0.2101769863527194
0.2101979554109476
0.210227001026422
0.2102540597041993
0.2102782936701461
0.2103034483008946
0.21033113951192
0.2103639976783745
0.2104067695349899
0.2104565817000512
0.2105237212799692
0.2106059309578056
0.2107199804386967
0.2108147468713162
0.2109301829187911
0.2110120307254284
0.2111251187915061
0.2112124420341739
0.2112995023157599
0.211409948330687
0.2116308403605411
0.2120726244202494
0.2124951165550674
0.2130321901066576
0.213702867151103
0.2146331520781
0.2157540178554213
0.2171271253966609
0.2188177448081627
0.2199
0.2199089850540316
0.2199269551620947
0.2199487994815569
0.2199700866389218
0.2199850433194609
0.22
0.2200089850540316
0.2200188071944572
0.2200339624929189
0.2200556449649743
0.2200757937571719
0.2200978673286291
0.2201249287114885
0.2201563200540799
0.2201905393280192
0.2202307188950228
0.2202805335681789
0.2203324369028959
0.2203874514798817
0.2204479048836959
0.22051558968786
0.220592732888589
0.2206817393060473
0.2207678142589281
0.2208600837383929
0.2209949830924579
0.2210424193604644
0.2210661374944676
0.2210961515375715
0.2211060898200082
0.2211259663848815
0.2211370874559193
0.2211487480362809
0.2211608089791734
0.2211730726759956
0.2211834782798166
0.2211938715383556
0.2212065131374281
0.2212127477063078
0.221218760315845
0.2212257316757444
0.2212328776067549
0.2212393271129798
0.2212470335393548
0.2212588512077684
0.22128053110967
0.2213092573026422
0.2213412274925964
0.2213774777178067
0.2214189658275391
0.221466700294402
0.2215221851745739
0.2215869455704105
0.2216622052830826
0.2217492813435978
0.2218501895937352
0.2219672499548312
0.2221031538405012
0.2222610205207014
0.2224444695563799
0.2226576733950381
0.2229055255306419
0.2231402311006278
0.2234210718319322
0.2237680632533754
0.2242052657507337
0.2247179729712754
0.2253145421317836
0.2260097201960004
0.2268240894501633
0.2277875561608272
0.2289400105146659
0.2299
0.2299086061945781
0.2299164767866361
0.2299201432915347
0.2299238597223424
0.2299283896458893
0.2299346307765932
0.2299449174748409
0.229961469637896
0.229982455223797
0.23
0.2300042636472703
0.2300115877444285
0.2300175965263222
0.2300296140901096
0.2300491116492148
0.2300694606294739
0.230092529088657
0.2301122785432327
0.2301287696583251
0.2301435612916865
0.2301577095639562
0.230172798825288
0.2301931980050932
0.2302148739738203
0.2302309558971129
0.2302463488673927
0.230262541786076
0.230280433745519
0.230297936927798
0.2303118351590111
0.2303231984711235
0.2303347883217201
0.2303469384210042
0.2303597704059519
0.2303714342013679
0.2303837514878559
0.2303978524638083
0.2304155217127142
0.2304400009705759
0.2304599521099098
0.2304757119071729
0.2304892216638585
0.2305011932301491
0.2305125679476463
0.2305242907596777
0.2305378214601097
0.2305514063537316
0.2305666850959421
0.230578990807295
0.2305899598357763
0.2306004695790024
0.2306107501737402
0.230621286959707
0.2306327104173705
0.2306465496891801
0.2306603491382324
0.2306757645342576
0.2306893792724058
0.2307028508342725
0.2307173847478314
0.2307338939445191
0.2307541689587328
0.230779593155693
0.2308139384306925
0.2308636346831318
0.2309436339252037
0.2311001191376237
0.23129492977643
0.2315136539076345
0.2317643277000205
0.2319746966169504
0.2321304297795677
0.232253413190903
0.2323553408650535
0.2324440331211496
0.2325256239427751
0.2326045392840513
0.2326854836045001
0.2327687332301303
0.232861517352903
0.2329327622895198
0.2329892317739277
0.2330416176983863
0.2330953775947106
0.2331498736681945
0.2332035631563242
0.2332601287163706
0.2333268462021083
0.2334007912218149
0.2334749146308546
0.2335430558846013
0.2336082821304863
0.2336763506168924
0.2337638671185798
0.233841737776077
0.233897061809417
0.233946472521838
0.2339953718286789
0.2340490352507671
0.2341132694782752
0.2341910003793812
0.2342629791546723
0.2343310438048282
0.234402553040565
0.2344813922256026
0.2345694718561807
0.2346673377234761
0.2347804352319959
0.2349109932043077
0.2350639505429842
0.2352297957172748
0.2354188539804654
0.2356342060447839
0.2358955737831356
0.2362289682144733
0.2366885137518274
0.2373353812795124
0.2383994685870181
0.239649728183146
0.2399
0.2399106506153189
0.2399319518459567
0.2399550283432003
0.2399762456836264
0.24
0.2400106506153189
0.2400212843151834
0.2400327862279996
0.2400557900536321
0.2400801013109869
0.2401034733201324
0.2401237976890259
0.2401424614166089
0.2401619659713726
0.2401890771510422
0.2402138547881662
0.2402326877837847
0.2402508747528908
0.2402698184008558
0.2402904455186999
0.240311693418505
0.2403296262253046
0.2403436150857504
0.2403560521202497
0.2403697987796884
0.240382337087245
0.2403962338275195
0.2404092866874023
0.2404228547744169
0.2404380867137972
0.2404563926604588
0.2404804893611144
0.2405112140851633
0.2405416624462584
0.2405662486147458
0.2405875247885208
0.2406079551764826
0.2406312826314684
0.240647884016946
0.2406672586780237
0.2406840172805457
0.2406990566416627
0.240713876288585
0.2407293074923847
0.2407476123990751
0.2407664574687544
0.2407872450421974
0.2408057543807988
0.2408244456354985
0.2408449445628875
0.2408694856959603
0.2408996549755662
0.2409405615698625
0.2410001159646118
0.2410974318064968
0.2412893185334096
0.2415093380418889
0.2417513306886448
0.2420246028272066
0.2422985648772659
0.2425811933210416
0.2429056087566172
0.2433511961699107
0.243718974822355
0.2440314873305686
0.2443511729008246
0.2446991490165359
0.2450927025964376
0.2455301897899166
0.2461442715195751
0.2468960152077914
0.2474994948990865
0.2481437182138314
0.2488851110541924
0.2498421652537233
0.2499
0.2499075783598163
0.2499227350794487
0.2499481831170134
0.2499786791047594
0.25
0.2500075783598162
0.2500172114448352
0.2500364776148731
0.2500640906325249
0.2500917739644573
0.250121810575163
0.2501548841319036
0.2501952582774268
0.2502407558088816
0.2502917760924321
0.2503541458184964
0.2504369387468665
0.250528175393851
0.2506154491200989
0.2507124339802442
0.250796620428162
0.2508568977100699
0.2509134571325254
0.2509791801387596
0.2510474685055082
0.2511252480955824
0.2511930257253692
0.2512507697923083
0.2513088996449718
0.2513781219553266
0.2514598361003021
0.2515431109347472
0.2516219013413555
0.2517065957388126
0.2518072542333608
0.2519323113878039
0.2521001236859098
0.2523001083578966
0.2525479940471588
0.2528378807598599
0.2531702175614683
0.2535525226866361
0.2540219477713963
0.2546319280884708
0.2554871720821821
0.2565517632622179
0.2577679267350625
0.2591639690184142
0.2599
0.2599087005786746
0.2599261017360239
0.2599480459782473
0.2599697379164466
0.2599848689582233
0.26
0.2600087005786746
0.2600167726622834
0.2600281516820253
0.2600452219309692
0.2600609016234676
0.2600790200336801
0.2601013967270833
0.2601247272665265
0.2601436212249122
0.2601618964044236
0.2601827299084514
0.2602142353580373
0.2602426676738929
0.2602684348149022
0.2602973076542497
0.2603304518360515
0.2603749365832431
0.2604364993524773
0.2605158446924244
0.2606007594824215
0.2606931567844551
0.2607997363287794
0.2609234962225997
0.2610788771139652
0.2612685772472659
0.2614802285067716
0.2617195265585942
0.2619937421501297
0.2623170637839905
0.2627459757985334
0.2633443867940422
0.2643452458789739
0.2663469640488373
0.2694854141057698
0.2699
0.2699057963659959
0.2699173890979878
0.2699405745619717
0.2699596345280182
0.2699765361266723
0.2699882680633362
0.27
0.270005796365996
0.2700126792421694
0.2700233727421655
0.2700382544868362
0.2700531957032242
0.2700672466113049
0.2700820634037934
0.2700999674981295
0.270122633550932
0.2701445330213591
0.2701634278563619
0.2701801562609332
0.2701972277767274
0.2702185611030624
0.2702422662854527
0.2702662755019121
0.27029016361836
0.2703163586299271
0.2703484770329433
0.2703865446460958
0.2704236367948293
0.2704627776078655
0.2705067782825095
0.2705585417168658
0.2706241551758329
0.2706951546294357
0.270775950353302
0.2708766484616845
0.2710195901413862
0.271243098377875
0.2715155418633583
0.2717196059963395
0.2718950861336283
0.2720150320504461
0.2721324043836467
0.2722571785051499
0.2724586909414899
0.272634993164229
0.272815685195464
0.2730167917717783
0.2732817903630738
0.273689561734242
0.2745051044765784
0.2756265606174541
0.2769288499446404
0.2784743906536977
0.2799
0.2799123668276294
0.2799371004828882
0.2799685502414441
0.28
0.2800123668276294
0.280028322480841
0.2800484868118798
0.2800764067995845
0.2801018197504114
0.280130420022913
0.2801622191822455
0.2801999398144163
0.2802369585744099
0.2802801734567769
0.2803382342336336
0.2804016394924977
0.2804675717964081
0.2805477848975671
0.2806522976239307
0.2808008772388804
0.2810261573895489
0.2813681672378376
0.2818759894204735
0.2825434171292077
0.2834494213328694
0.2849003466119108
0.2868747577485746
0.2887071169014774
0.2899
0.2899093666108273
0.289928099832482
0.2899655662757914
0.2899827831378957
0.29
0.2900093666108273
0.2900188191640897
0.2900349769629789
0.290056197764826
0.2900789420884974
0.2901037201887834
0.2901316979569432
0.2901624160704394
0.2901986927397713
0.2902363677544048
0.290281252178251
0.290328108809519
0.2903819973796481
0.290447765190181
0.2905238281425284
0.2906220368504155
0.2907682318714115
0.2909478985071842
0.2911694298155769
0.291468927954989
0.2918078791861341
0.2922704748938437
0.2926375949684701
0.2930582823437348
0.2936163378446119
0.2946431364584605
0.2959862167495234
0.2985509505137778
0.2999
0.2999103187606859
0.2999309562820576
0.299972231324801
0.3
0.3000103187606858
0.3000236397922471
0.300043256830315
0.3000734219442938
0.3001064898734561
0.3001473160286367
0.3001931607103123
0.3002477614306276
0.3002946675323939
0.300361032064327
0.3004385540880347
0.3005296181948303
0.3006377189724971
0.3007639999596781
0.3009070617885821
0.3010707197343431
0.3012565709967978
0.3014735929157445
0.3017264486085543
0.3020217600739283
0.302378208785668
0.3027980489330868
0.3032915275148669
0.3039021274662038
0.304666023420935
0.305667103920425
0.3070688099647947
0.309249192380897
0.3099
0.3099096481389214
0.3099289444167642
0.3099675369724498
0.31
0.3100096481389214
0.3100236851944119
0.3100438334959159
0.3100751734686198
0.3101041559087021
0.310134519836459
0.3101729329347391
0.3102160059179428
0.3102605266125975
0.3103148727189174
0.3103872810415497
0.3104777104795781
0.3106041877819469
0.3107147846298722
0.3108111587850818
0.3109036971686178
0.3110017121877098
0.3111432002514892
0.311265507766629
0.3113618608128784
0.3114574683149939
0.311558630660295
0.3116780149314509
0.3118229837835395
0.3120138702647333
0.3122285123635049
0.3123861691999211
0.3125300208423293
0.312733416888558
0.3128969347162223
0.3130357985997659
0.3131860461443576
0.3133317287112813
0.313474154809667
0.3136523188775447
0.3137616839066514
0.3138704687728224
0.3139713458100457
0.3140712435368506
0.3141876767166762
0.3143761200361564
0.3145364657412721
0.3146720390653839
0.3148132258675907
0.3149687180612811
0.3151602824664541
0.3154071056992639
0.3157596158231253
0.3163098502958083
0.3170784090903948
0.317936313360343
0.3189911477652473
0.3199
0.3199046398220771
0.3199139194662313
0.3199324787545397
0.3199541379554737
0.3199779361527718
0.32
0.3200046398220771
0.3200139194662313
0.3200301380012751
0.32005040686541
0.3200736615049276
0.3200948650170032
0.3201128173236319
0.320129098806423
0.3201451602829138
0.3201634106659577
0.3201796805059741
0.3201989110593899
0.3202149571649507
0.3202291336241637
0.3202420287398744
0.3202535191181278
0.3202641265564618
0.3202746508002595
0.3202865119767223
0.3202987755021297
0.3203122014154563
0.3203237949680675
0.3203353267249143
0.3203478723132916
0.3203623685191452
0.3203805917822399
0.320398465024104
0.3204161236056743
0.3204355824787522
0.3204570088335997
0.3204738912194574
0.3204874555377539
0.3204999116109774
0.3205122157445867
0.3205258333998952
0.3205448509241573
0.3205658409387251
0.3205818430280045
0.3205975435435587
0.3206143706810728
0.3206343133298318
0.3206589319546917
0.320692576023923
0.3207397358634471
0.3207876281812422
0.3208425210238798
0.3209111569901647
0.3210042197019579
0.3211086520239373
0.3212317116246297
0.3213842053916159
0.3215752268682292
0.3218440332430443
0.3221618393450434
0.3225257294042155
0.3229448776394946
0.3234290106630317
0.323992886704735
0.3246543448281857
0.325435508155077
0.3263548338825477
0.3274236127797781
0.3286657633887387
0.3299
0.3299226521947154
0.3299679565841464
0.33
0.3300226521947155
0.3300417987445855
0.3300689190571738
0.3301076242078411
0.3301440677808741
0.330185078517981
0.3302362032572519
0.330291198270882
0.3303536855214128
0.3304329776036676
0.3305332043804516
0.3306615562067576
0.33081107752649
0.3310013732817508
0.3312777457199526
0.3316031467867956
0.3320295544358504
0.3326495438363044
0.3337718142114456
0.3359270799561856
0.338620794700589
0.3399
0.3399238830811775
0.3399619415405888
0.34
0.3400238830811776
0.3400499795215594
0.3400814491545577
0.3401269676726086
0.3401745606390085
0.3402283510626179
0.3402859439276665
0.3403572298409911
0.3404316552940062
0.3405198773832074
0.3406186217219369
0.3407409970952263
0.3409083581733226
0.3411367322315025
0.3414305888281063
0.3418088618607904
0.3423701460749891
0.3432201103591505
0.3448004875345061
0.3479612418852173
0.3499
0.3499025573427315
0.3499076720281944
0.3499179013991203
0.3499305801418832
0.3499477569998524
0.3499665776821415
0.3499856924822465
0.35
0.3500025573427315
0.3500076720281944
0.3500158895941076
0.3500308236377408
0.3500510437815751
0.3500733603903333
0.3500986470918326
0.3501203771182802
0.3501378687681883
0.3501534188796985
0.3501687699842909
0.3501870396263549
0.3502027576734622
0.350219665546417
0.3502354072404986
0.3502513791520542
0.3502684556891786
0.3502858512901809
0.3503006627171889
0.3503120798714721
0.3503223052983707
0.3503343993585646
0.3503456058021989
0.3503565258281031
0.3503674241109621
0.3503792709592443
0.3503936259385962
0.3504113919908868
0.3504361501423667
0.3504596246527865
0.3504780370424037
0.3504936777533404
0.3505081348179532
0.3505232656925007
0.3505458556314994
0.3505624322114298
0.3505747313647451
0.3505858962575112
0.3505963705515295
0.3506070292041834
0.3506190676869376
0.3506363776887587
0.3506534586156596
0.35066670693344
0.3506797202398864
0.3506935807687034
0.3507094924824007
0.3507295484470007
0.350755457593072
0.3507917925715973
0.3508210710370671
0.3508571218585771
0.3508903173022789
0.3509220177576539
0.3509501667705652
0.3509785754470028
0.3510030141931325
0.3510276729835273
0.3510541568399347
0.3510855402237383
0.3511138743419987
0.3511367080916233
0.3511580815187724
0.3511804943666086
0.3512037802858381
0.3512269419190441
0.3512518089315534
0.3512835341386846
0.3513235133881155
0.3513524409422897
0.3513793281547373
0.3514076614156832
0.3514394534106763
0.3514760590961817
0.351513065057208
0.3515546145760495
0.3516031798087298
0.3516381021060156
0.3516655845625198
0.3516909787170802
0.3517161561915414
0.3517443544771773
0.3517781011514198
0.3518188389188319
0.3518541831288898
0.3518878270497889
0.3519233211540634
0.3519627182064116
0.3520063196063026
0.3520552641573797
0.3521088421094101
0.3521709251928102
0.35224317748448
0.3523284407889962
0.3524185659537552
0.3524928872402333
0.3525585914939194
0.3526398035624804
0.3527590278513758
0.3528559274860105
0.3529625007531563
0.3530838433928996
0.3532508132235685
0.353517388847185
0.3538279141902926
0.3541753551496834
0.3545629855436019
0.3549874231181911
0.3554805628860797
0.3560562763973157
0.3567089873155083
0.3574685288874671
0.3583106095881067
0.3593040456823539
0.3599
0.3599056278614636
0.3599168835843907
0.359929466321633
0.3599432696348963
0.3599549321636357
0.3599655122585156
0.359974992474338
0.3599835382905199
0.359991455251262
0.359995727625631
0.36
0.3600021944312083
0.3600058246949404
0.3600099839373325
0.360014959862846
0.3600190639549157
0.3600222605779978
0.360025597757323
0.3600283077006335
0.3600310917482802
0.360033353614546
0.3600357460366998
0.3600379861398428
0.3600401227511507
0.3600422328836558
0.3600443380420897
0.3600464673435451
0.3600486518906937
0.360050937146219
0.3600534114390966
0.3600562945161607
0.360060854846609
0.3600645005714641
0.3600673221525219
0.3600701532270814
0.3600733133921515
0.3600772392268795
0.3600823204254079
0.3600887866878324
0.3600968095360167
0.3601049727255292
0.3601125926205159
0.360121053545245
0.360128148237418
0.3601334944953631
0.3601383062702279
0.3601436540796982
0.3601489552100993
0.3601543472139169
0.3601595873900437
0.3601653654616557
0.3601723569397248
0.3601793749187617
0.3601864273193897
0.3601934073047985
0.3602017120801281
0.3602119051020315
0.3602202399918448
0.3602281722631027
0.3602367155378392
0.3602467246284585
0.3602584514734205
0.360262111434845
0.3602669975577242
0.3602705605331158
0.3602739853788937
0.3602781117722809
0.3602820251800432
0.360285667711881
0.3602900491379338
0.3602958060644591
0.3603035903750106
0.3603135905432523
0.3603223109575157
0.3603332806313215
0.3603440850625454
0.3603542137415786
0.3603627299546073
0.3603725833358414
0.3603803237408981
0.3603890696896715
0.3603976420769461
0.3604060136699913
0.360414743394094
0.3604247681499116
0.3604355949004606
0.3604475311106013
0.3604577020709985
0.3604677835025837
0.3604787202166568
0.3604913439925285
0.3605071132223874
0.3605282066507383
0.360555520554688
0.3605899342940562
0.3606335992473578
0.3606726042813247
0.3607022927995415
0.3607275912028838
0.3607545734284665
0.3607745361255029
0.3607951912551712
0.3608138446755954
0.3608328116038098
0.3608558226479441
0.3608859813001337
0.3609171134075992
0.3609455507477974
0.360974738924483
0.3610077440380019
0.3610469908811923
0.3610758171607094
0.3611074158681757
0.3611392500150888
0.3611648678606464
0.3611891357649262
0.3612101430712433
0.3612287507294225
0.361246460465167
0.3612645345660536
0.3612826324665551
0.3613032141724152
0.3613210488623309
0.3613368984401637
0.3613509922723623
0.3613642321583361
0.3613777300047501
0.3613930763931401
0.3614164508448084
0.3614378434728366
0.3614553139461428
0.3614732648373617
0.3614934155347564
0.3615190281748564
0.3615453642391503
0.3615726922945969
0.3616035853527065
0.3616303706494446
0.361654962003443
0.3616848375469129
0.3617059050512765
0.361725198721498
0.3617469159954036
0.3617770370354493
0.3618045357811135
0.3618338556761758
0.3618649098652506
0.3618995833960177
0.3619451097916704
0.3620015653325971
0.3620602948131851
0.3621332773476833
0.362212032321487
0.3622876088035928
0.3623724951984904
0.3624712920779661
0.3625703619902186
0.362673212347712
0.3628160411457602
0.3629498806163554
0.363058143001833
0.3631720852667876
0.3633027099299481
0.3634744259560235
0.363737059486459
0.3642383569302755
0.3649889672868619
0.3657392643608107
0.3660069275483579
0.3662141158848141
0.3663464466593452
0.3664952233860721
0.36661445411694
0.3667673228577311
0.3668918665861716
0.3670062761630679
0.3671564176100772
0.3673372857624724
0.3676109145002668
0.3681478192259774
0.3688846149513587
0.3699
0.369902443310218
0.3699073299306541
0.3699171031715263
0.3699240210483544
0.3699301252469188
0.3699360638106376
0.3699416388423564
0.3699468484384109
0.3699521351014013
0.369956900436465
0.3699616987720725
0.3699662902927335
0.3699707169293435
0.3699750491893539
0.3699793024561799
0.3699834867192371
0.3699876042606969
0.3699916664811877
0.3699957139251206
0.3699978569625603
0.37
0.3700011676462123
0.3700030940436141
0.3700051811373503
0.3700079837013178
0.3700129321660059
0.3700180398244297
0.3700225549860314
0.3700269229415949
0.3700313194608068
0.3700360791883036
0.3700408693984263
0.3700450473607275
0.3700482099055251
0.3700511912242047
0.3700541756298006
0.3700565392245275
0.3700588304164675
0.3700610497565185
0.3700629943841917
0.3700649115325082
0.3700669333200381
0.3700693665030708
0.370071326159711
0.3700737686887559
0.3700761875919161
0.3700786545697373
0.3700808146355661
0.370083474194524
0.3700863207110578
0.3700891726130164
0.3700920166394802
0.3700948891202654
0.3700978108290465
0.370100767909955
0.3701037133068701
0.3701065747449135
0.3701092749234661
0.3701117608521619
0.3701140210925181
0.3701160811821259
0.3701179895384265
0.3701198046392641
0.3701215913301105
0.3701234270591662
0.3701254271407255
0.3701278213752244
0.3701316838905173
0.3701346479053689
0.3701371836135917
0.3701397615051318
0.37014248477491
0.370145608205218
0.3701493869739157
0.3701535997706147
0.3701574338127926
0.3701609688897604
0.3701643199655529
0.3701676023073672
0.3701707769991036
0.3701737919759721
0.3701767637791589
0.3701798765769048
0.3701835370947819
0.3701873272160007
0.370191186218232
0.3701948743262773
0.3701985665109492
0.3702025757054325
0.3702068544377185
0.3702106167623287
0.3702124376346553
0.3702141752139573
0.3702162322000223
0.3702181654499065
0.3702199220812272
0.370222002692235
0.3702245574517695
0.3702275724381539
0.3702319873798575
0.3702351456984112
0.3702378761503574
0.3702407020312371
0.3702437910636027
0.3702473932232205
0.3702510926852723
0.3702549918415463
0.3702593872430907
0.3702634859355937
0.3702671065159304
0.3702704529393424
0.3702737746199197
0.3702773543186855
0.3702801262326765
0.3702839179769931
0.3702871398986846
0.370290123803527
0.3702937418946454
0.3702983224073984
0.3703035643571077
0.3703098476401562
0.3703174014746076
0.3703264208207922
0.3703349345181939
0.370343924788304
0.3703521693502148
0.3703602998864129
0.3703688164914019
0.370376360971419
0.370383966369034
0.3703916347443111
0.3703993630233395
0.3704065221950577
0.3704129217126034
0.3704189208039687
0.3704249270797361
0.3704318224255064
0.3704357099900944
0.370440721546733
0.3704447738225971
0.3704481214094237
0.3704513744114792
0.3704547772231566
0.3704589157898087
0.370463511951282
0.3704675022837166
0.3704713956030187
0.3704755172393701
0.3704801691016353
0.370485801619566
0.3704880712555738
0.3704906795440892
0.3704928778591466
0.3704950890682632
0.3704972567367554
0.370499559684654
0.3705023784387954
0.370506659144027
0.3705136495509568
0.3705224097813654
0.3705342652983529
0.370546580126938
0.3705597205653404
0.3705731441725155
0.3705866037465796
0.3706008499541488
0.3706165580618708
0.3706350654044299
0.3706569659165921
0.3706847568434862
0.3707218517550805
0.3707750301031503
0.3708604570425831
0.3709789214187629
0.3711312724234731
0.3713295756423579
0.3715802838254361
0.3718679677239107
0.3721998708487228
0.3725852630244886
0.3730347543581037
0.3735616119687375
0.374180270222775
0.3749071776580397
0.3757618507608361
0.3767682483094544
0.3779597850789428
0.3793717353979958
0.3799
0.3799076272518105
0.3799228817554317
0.3799304488630193
0.3799390524440416
0.3799482547856139
0.3799579990589232
0.379969406737811
0.3799822610601991
0.3799911305300995
0.38
0.3800030009314608
0.380008450677301
0.3800143944035499
0.3800240315404022
0.3800323127391637
0.3800407208713132
0.3800488858952296
0.3800561753493935
0.3800616665761785
0.3800690942476793
0.3800743569198237
0.3800800267332841
0.3800845138693334
0.3800900314654821
0.3800940806926514
0.3800990659158928
0.3801040539629433
0.3801089858314547
0.3801137566481045
0.3801183074400625
0.380122562648208
0.3801264099262744
0.3801297705498999
0.3801326449053533
0.3801350938451384
0.380137199117924
0.380139038234328
0.3801406757146311
0.3801421628250512
0.3801435406438974
0.3801448440558276
0.380146105817912
0.3801473613496887
0.3801486562116173
0.3801500621203909
0.3801517323185814
0.3801541907533177
0.3801565721525487
0.380158501355046
0.380160395973856
0.3801623739285258
0.3801645314331905
0.3801669936107442
0.3801698876297578
0.3801733949516227
0.3801777955735525
0.380183224149523
0.3801895321755154
0.3801951812772102
0.38020159617268
0.3802065572418674
0.3802107266158832
0.3802145971589648
0.3802183564194602
0.3802223611219158
0.3802273169503206
0.3802328978100664
0.3802351822508455
0.3802370656379939
0.3802390969442742
0.3802406825167154
0.3802430871695138
0.3802447983354419
0.3802466032744076
0.3802488838523886
0.3802522858740134
0.3802576415746542
0.3802633652172068
0.3802694875352824
0.3802762544715508
0.3802839828350937
0.3802932882278667
0.3803048916997761
0.380320834372482
0.3803416906309169
0.3803610615888681
0.3803796884170529
0.3803988349894483
0.3804193957284192
0.3804400133873206
0.3804588561811233
0.3804770233704919
0.3804959689150497
0.3805187258407731
0.3805405328695661
0.3805648072564612
0.3805870949255752
0.3806098440432468
0.3806349900231157
0.380665330005421
0.3807007397566083
0.3807327334423427
0.3807678403109332
0.3808029094258639
0.3808403547909141
0.3808755535928517
0.380910699417923
0.3809480336241498
0.3809903418413599
0.3810456864870247
0.3811131106428247
0.3811695922524507
0.3812216563669562
0.3812756695175133
0.3813350254849655
0.3814065424833993
0.3814950312970978
0.3816133075110948
0.3817822868879989
0.382050845137836
0.3825346693805224
0.3830863738979602
0.3837105387464554
0.3844327786604511
0.3852756003049592
0.3862864428214062
0.3875065449499576
0.389058697489693
0.3899
0.3899078839727325
0.3899236519181976
0.3899320490029431
0.3899411868108942
0.389951375487306
0.3899635579091325
0.3899781954907164
0.3899890977453582
0.39
0.3900047796102876
0.3900132650104171
0.3900211442998819
0.3900321060350574
0.3900431152727383
0.3900551447536497
0.3900689668375321
0.3900827486162332
0.3900994443777243
0.3901196095813842
0.3901382452394755
0.3901517353977563
0.3901688601598827
0.3901814026198798
0.3901957446640385
0.3902064943361433
0.3902184356310107
0.3902269087484049
0.3902360774819469
0.3902436202583787
0.3902498706550568
0.3902552089254219
0.3902597245055129
0.390263581131766
0.3902669263524713
0.3902698641349093
0.3902724505214211
0.390274740018697
0.3902767874647854
0.3902786370240683
0.3902803243974109
0.3902818794858085
0.3902833281401513
0.3902846940620976
0.3902860007523088
0.3902872740587482
0.3902885461222421
0.3902898634950318
0.390291309419358
0.3902930964295844
0.3902950374488874
0.3902970912014768
0.3902989360470191
0.3903007818614913
0.3903027572489213
0.390304934134691
0.3903074041915024
0.3903102754746294
0.3903137040700768
0.3903179312558289
0.3903225345009588
0.3903263567892828
0.3903297122643791
0.3903328509116114
0.3903359599885385
0.3903393749694869
0.3903440049502289
0.390349516452564
0.3903535780059377
0.3903575099997099
0.3903617424192078
0.3903666179983208
0.3903729230866071
0.3903811094800403
0.3903835761787785
0.3903885095762549
0.390390320226047
0.3903923005081008
0.3903941952870134
0.3903969051635494
0.3903988173883723
0.3904008538235758
0.3904034944746013
0.3904076590492083
0.3904144118050991
0.3904221039504872
0.3904308410242531
0.3904409558226346
0.3904532542252209
0.3904692897937063
0.3904902630706147
0.3905118740247536
0.390533341805404
0.3905556054781267
0.3905796229028216
0.3906067072623864
0.3906391637162549
0.3906787379879145
0.3907304246217161
0.3908023356462668
0.3909127580143288
0.3911170815391033
0.3915257285886522
0.3922658270925946
0.3935406258255749
0.3951191929818185
0.3971618242806864
0.3999
0.3999058439147634
0.3999175317442901
0.3999301186256545
0.3999414734523637
0.3999584809756387
0.3999725433336092
0.3999850358661752
0.3999925179330877
0.4
0.4000058439147634
0.4000116925840856
0.4000221587003384
0.4000332400281226
0.4000476077118855
0.4000652465235022
0.4000795664646014
0.4000941620229309
0.4001111209878372
0.4001343525933319
0.4001741046092651
0.4002190553119029
0.4002696105228881
0.4003275579073991
0.4003949628330705
0.4004735477001257
0.4005656382802985
0.4006653006865267
0.400775816881926
0.400899645511757
0.4010493454382086
0.4012379915972794
0.4015004560657727
0.4019336806619789
0.4028001298543913
0.4041132049582272
0.4065367153837629
0.4099
0.4099115167225799
0.4099345501677396
0.4099672750838698
0.4099836375419349
0.41
0.4100115167225799
0.4100233153553678
0.4100402601474789
0.4100591453711708
0.4100819236352653
0.4101021846565071
0.4101231128743364
0.4101484480713073
0.410184538090006
0.410254177470055
0.4103335511783355
0.4104143184729742
0.4104966448551985
0.4105772703754451
0.4106556210065991
0.4107350925325803
0.410825171393491
0.4109123787799075
0.4110075977307547
0.4110919306049796
0.4111762606885461
0.4112650887003513
0.4113495964731722
0.4114200523417433
0.4114806653800802
0.4115438014814739
0.4116093312064329
0.4116793380387703
0.4117427836379637
0.4118094078276857
0.4118852868325766
0.4119800425524748
0.4120781958312593
0.4121636522769444
0.412244289800026
0.4123342686582827
0.412394415585588
0.4124634079132241
0.4125234566721273
0.4125792722522574
0.4126387354744116
0.4127110858938811
0.4127864105827687
0.4128680527428243
0.4129435177060021
0.4130217280570442
0.4131093403231255
0.4132163125949717
0.4133517525718133
0.4135416289034455
0.413832491515293
0.4143457235557588
0.4150879952439402
0.4159273945624948
0.4168818677690696
0.4179893256016901
0.4193115438756426
0.4199
0.4199049908557861
0.4199149725673584
0.4199286988794356
0.4199423686123943
0.4199548279229821
0.4199683942073594
0.4199849796452496
0.42
0.4200049908557861
0.420013116327576
0.4200271769434242
0.4200407598897183
0.420054800365482
0.4200721370294891
0.4200922401266759
0.4201119413884076
0.4201334903281352
0.4201551411203662
0.4201793704964694
0.4202143786569125
0.4202532365240916
0.4202851495654664
0.4203184269434391
0.4203573725452541
0.4204050302538602
0.4204743483778729
0.4205956950745267
0.4208383884678342
0.4211792666056384
0.4217985870148653
0.4230372278333191
0.4255145094702267
0.4296827497599096
0.4299
0.4299083303673328
0.4299249911019983
0.4299478505775223
0.4299673400817894
0.4299837839940396
0.43
0.4300083303673328
0.4300178571566402
0.4300296058370023
0.4300434663682683
0.4300592256601606
0.4300770901722933
0.430096391390228
0.4301150439172274
0.4301353487474232
0.4301606943989821
0.4301968315905492
0.4302650968872802
0.4303838170361058
0.4305397940780432
0.4308517481619179
0.4314756563296674
0.4327234726651664
0.4352191053361643
0.4399
0.4399100940692567
0.43993028220777
0.4399559524473042
0.4399810600998954
0.44
0.4400100940692567
0.4400236033896141
0.4400420179428069
0.4400669876469299
0.4400888779431583
0.4401145109802971
0.4401479638514404
0.4401828016703453
0.4402254271238126
0.4402857339240482
0.4404063475245194
0.4405923801089486
0.4408837213456154
0.441466403818949
0.4426317687656162
0.4449624986589505
0.4496239584456193
0.4499
0.4499051889242077
0.4499155667726231
0.4499363224694539
0.4499520454308247
0.4499686905443463
0.4499843452721731
0.45
0.4500051889242077
0.4500125507694791
0.4500219973988801
0.4500353977091573
0.4500529942272105
0.4500701122231974
0.4500885491693345
0.450108439544367
0.4501319907298678
0.4501610626482191
0.4501954552898401
0.4502358709867863
0.4502831446071186
0.4503383439162769
0.4504028873044987
0.4504785027430668
0.450567357635017
0.4506722844884475
0.4507954299586802
0.4509380763668953
0.4510717238979564
0.4511875833186114
0.4512986162622949
0.4514276079264538
0.4515144386940148
0.4516056596875047
0.4516873781367974
0.4517655182821018
0.4518506945255082
0.4519588020835674
0.4520634542558689
0.4521774032371656
0.4522852902514912
0.4523972179373892
0.452522479004729
0.452673577013271
0.4528625357103284
0.4531200435883183
0.4534993731434383
0.4541324136509607
0.4552889709174404
0.4570015710082549
0.4599
0.4599109523786507
0.4599328571359522
0.4599664285679761
0.459983214283988
0.46
0.4600109523786508
0.4600247199024814
0.4600420504779347
0.4600630376731131
0.4600883705180963
0.4601094238886141
0.4601323074330267
0.4601617743832941
0.4602148518510541
0.4602911939688495
0.4603914121452925
0.4605641294290925
0.4607728426605011
0.4610218137745638
0.4613305429447712
0.4616920047868356
0.4621629293551021
0.4627286503199929
0.4634080088822994
0.4643640757289051
0.4661080514948566
0.4695960030267597
0.4699
0.4699041470069565
0.4699124410208697
0.4699234490108139
0.4699338952533105
0.4699463753470431
0.4699647731802196
0.4699778223349351
0.469990522618579
0.47
0.4700041470069566
0.4700091312624951
0.4700174634813285
0.4700276054756657
0.4700401813613245
0.4700559788927593
0.470070723878104
0.4700853557764483
0.4701011746655314
0.4701191550145934
0.4701413280831457
0.4701612816424964
0.4701791754147238
0.4701971011397681
0.4702169460346329
0.4702446393699349
0.4702775107321104
0.4703029367022605
0.4703284147617837
0.4703564078957909
0.4703903604027818
0.4704257165907206
0.47046764653282
0.4705223913205777
0.4706104706087709
0.4707310309295223
0.4708685222848082
0.4710258404386836
0.4711956183710607
0.4713679141658551
0.4715469351928237
0.4717392800601569
0.4719537579236581
0.4722020728189238
0.4724947626835313
0.4727796207202623
0.4730816768209832
0.4734585004440363
0.4739368852677133
0.4743842005410463
0.4748186804248373
0.4753004414125198
0.475878589110599
0.4765841029967929
0.477389118032626
0.478384326422391
0.4797030651107915
0.4799
0.4799041004078842
0.4799123012236527
0.479922515825628
0.4799322251376624
0.4799449981897183
0.4799578853781168
0.4799711402874931
0.4799851924518697
0.4799925962259348
0.48
0.4800041004078842
0.4800087153551019
0.4800179452495372
0.4800256448671077
0.4800382692779124
0.4800499438993012
0.4800594203430129
0.4800691637531775
0.4800798238681915
0.4800927914415983
0.4801093464408894
0.4801215693044945
0.4801308014500482
0.4801392753148124
0.4801479543150793
0.4801589767600025
0.4801739573899759
0.4801853685300389
0.4801963954257513
0.4802084814791153
0.4802225715530912
0.4802413516147257
0.4802647930668884
0.4802960755035919
0.4803224418277707
0.4803464561666419
0.4803712571545805
0.4803982376705589
0.4804299677701768
0.4804676577384792
0.4805157372154198
0.4805769975296815
0.4806568627019831
0.4807739341688752
0.4809731636192917
0.4810301765087482
0.4810544421500218
0.4810768728733347
0.4810948535284382
0.4811147506787525
0.481130920984819
0.4811469736584335
0.4811648490382279
0.4811786302853253
0.4811918030114437
0.4812072111010159
0.4812195481410639
0.4812289348912651
0.4812380221822407
0.4812474856794729
0.4812586473635181
0.4812680988249216
0.481278817368811
0.4812951478982325
0.481322669961373
0.4813598564404089
0.4814014919619493
0.4814485985231819
0.481502457303815
0.481564590789804
0.4816367715804519
0.4816692134824127
0.4817044577021258
0.4817345670385146
0.48176810833875
0.4818072938091951
0.4818357985657724
0.4818640668676813
0.4818957529596001
0.4819340661572319
0.4819826707667648
0.4820434472140036
0.4821055154248882
0.4821678088914004
0.4822279579782148
0.4822767530499791
0.482328201970334
0.4823783377339727
0.4824318995575381
0.4825117717860899
0.4826296360742071
0.4827728631406574
0.4829358514223664
0.4830198740309098
0.483060962765445
0.4831179160302842
0.483134630640547
0.4831680598610725
0.4831758011466589
0.4831912837178318
0.4831948326625822
0.4832019305520829
0.4832103485717338
0.4832173895187838
0.4832227388358252
0.4832293296274471
0.4832362660240114
0.4832429154562852
0.4832467787514417
0.4832508910496183
0.4832543762182108
0.4832561188025071
0.4832594066440797
0.4832629893751166
0.4832678702426136
0.4832748591942458
0.4832883006025236
0.4833067974178337
0.4833268554677626
0.483349298220554
0.4833747870073031
0.4834040778945626
0.4834382028808585
0.4834781594634443
0.4835249260105029
0.4835791469655352
0.4836420454681526
0.4837150053745178
0.4837997302668146
0.4838982235487895
0.4840127513903644
0.4841451895323192
0.4842984331733524
0.4844758584066474
0.4846813883822488
0.4849196044379508
0.4851958097284896
0.4855162094415101
0.4858881048002099
0.4863202057821622
0.4868230705983678
0.4871999570736876
0.4875082175837964
0.487825500279625
0.4882326929392258
0.4888271960292068
0.4892667801560578
0.4897150962289724
0.4899
0.4899079344627562
0.4899238033882686
0.4899426884589293
0.4899607719015117
0.4899799058807907
0.4899899529403953
0.49
0.4900079344627562
0.4900160139118669
0.4900283417347436
0.4900418319026574
0.490056792744802
0.4900700746473702
0.4900839059692765
0.490099523594507
0.4901135004806546
0.4901273953376335
0.4901429638404653
0.490164686022579
0.4901903686397508
0.4902104466161268
0.4902307215540761
0.4902531552095824
0.4902802784692608
0.4903168709864201
0.4903676211750053
0.4904425648290187
0.4905253872651238
0.4906255377233934
0.4907638339224245
0.4908930953451143
0.4910097117557416
0.4911345074849556
0.4912654570912535
0.4914089355015216
0.4915825085796054
0.4917930653880561
0.492078141974622
0.4924387694372919
0.4925056631603451
0.4926394506064513
0.4926728094267361
0.4927395270673058
0.4927531625695134
0.4927804335739286
0.4927856767845833
0.4927961632058926
0.4928062014746414
0.4928133338311916
0.4928187414550763
0.4928243745842515
0.4928318788079918
0.4928383691836198
0.4928426400930327
0.4928474000723328
0.4928509279221322
0.4928546884084538
0.4928585352932632
0.4928624225245455
0.4928673721689243
0.4928754216036142
0.492891520472994
0.4929126176124396
0.4929351554199639
0.4929602304943763
0.4929885493916372
0.4930210037262971
0.4930587391903594
0.4931028425916544
0.4931540704320309
0.4932136385191219
0.493282954038844
0.4933636555118724
0.4934575980903758
0.4935662069808184
0.493691878469623
0.4938374166752771
0.494006063608584
0.4942015967392969
0.4944283630985564
0.49469140186563
0.4949965994978728
0.4953508878980867
0.4957624928622552
0.4962411494103403
0.4967978497805204
0.4974434099472471
0.4980742716486069
0.4986350535677289
0.4991789103374005
0.499799097655973
0.4999
0.4999087541806603
0.499926262541981
0.499947843340464
0.4999700492784838
0.4999850246392419
0.5
0.5000087541806604
0.5000194918563747
0.500034795356124
0.5000531511384604
0.5000727115543719
0.5000940564846955
0.500118869175296
0.5001434798355949
0.5001718280362634
0.5002090372411072
0.5002578031446031
0.5003113280349032
0.5003698054694171
0.5004342182543132
0.5005053665837655
0.500571486965764
0.5006349450462398
0.5006993465007377
0.5007499830537943
0.5008227935501377
0.5008593709686081
0.5008819898307906
0.5009075705155844
0.5009278522543863
0.5009529577790575
0.5009741695767108
0.5009938971481137
0.5010164564582513
0.5010397664817412
0.5010602671786252
0.5010803591810044
0.5010993271240806
0.5011283381383568
0.5011497364281159
0.5011713138110869
0.501198121545553
0.501232271968587
0.5012735837116782
0.5013115411260389
0.501349028873035
0.5013905799857562
0.501440012414532
0.5015080048822912
0.5015653323349778
0.5015827316228851
0.5016175301986998
0.5016268460475842
0.5016454777453531
0.501650256115871
0.5016598128569069
0.5016709339836768
0.5016791430201117
0.501685914759463
0.5016932995434519
0.5017008803844112
0.5017084470503538
0.5017137999996503
0.5017179875580723
0.5017220264364797
0.501726395440946
0.5017312083024701
0.5017354732303464
0.5017403172828467
0.5017475604566547
0.5017599491966318
0.5017759925705891
0.5017915547467473
0.5018052699748426
0.5018122435492545
0.5018192576367032
0.5018253074452802
0.501831665415454
0.5018377045838817
0.5018442184127158
0.5018505023422635
0.5018572556863924
0.5018655110524639
0.501875577734858
0.501886715477361
0.5018959057062556
0.5019037447962911
0.5019110204019099
0.5019184100684152
0.5019276119328766
0.5019345245412866
0.5019417777672032
0.5019482032303796
0.5019540005827978
0.5019595167761461
0.5019648824117088
0.5019703903351261
0.5019766554409761
0.5019865349908511
0.5019945217060278
0.5020010023866595
0.5020075585287115
0.5020145899748625
0.502022845751588
0.5020334213242954
0.502047253235792
0.5020669646793126
0.5020976283862175
0.502155722843642
0.5022407291936463
0.502343975612397
0.5024607022166943
0.5025937082328172
0.502675380619772
0.5027642941577197
0.502837299337944
0.5029266115020095
0.5030004669586262
0.5030685264782292
0.5031548262250676
0.5032498248723488
0.5033236211542961
0.5034008287514495
0.5034886627865153
0.5035718592458599
0.5036493767566582
0.5037325053724921
0.5037862501918113
0.5038584954513651
0.5039186032592412
0.5039722526876409
0.5040279680287002
0.5040923120413495
0.5042066007911733
0.5042888651335551
0.5043602959924043
0.5044364639529723
0.5045217740034564
0.5046317995887524
0.5047802567727497
0.5050138822440449
0.5054327994283221
0.5061331985697219
0.5069272550056915
0.5078294707624358
0.5088790261516094
0.5099
0.5099068298121587
0.5099204894364762
0.5099371114475598
0.5099533577373497
0.5099708902609124
0.5099854451304562
0.51
0.5100068298121587
0.510016602232167
0.5100316292694979
0.5100490350935082
0.5100681240281317
0.5100878376366619
0.5101122319214908
0.5101433550909524
0.5101796402708269
0.5102134883018887
0.5102459829807546
0.5102793997971594
0.510311380187575
0.5103352812411273
0.5103541421296299
0.5103721671928899
0.5103931933458324
0.5104140823831408
0.5104352870987886
0.5104579740731999
0.5104776710951943
0.5104945824775183
0.5105103824699825
0.5105267890295482
0.5105484027952609
0.5105728725653467
0.5105911097498315
0.510609028033742
0.5106285248563985
0.51065149124117
0.5106747684729804
0.5107003912860745
0.510727805061181
0.5107546567742648
0.5107765075386151
0.5107935659135063
0.5108079846047212
0.5108213271655444
0.510835245627844
0.5108487793297309
0.5108632093202253
0.5108736316411783
0.5108823957826545
0.5108907690934912
0.5108994921757626
0.5109104916304736
0.510923211754049
0.5109342256707525
0.5109445593005953
0.5109554379466068
0.5109676340193059
0.5109827857845387
0.5109989884623294
0.5110149077216849
0.5110316533216539
0.5110500955491285
0.511070755578397
0.5110929384034933
0.5111176063352492
0.5111466953607279
0.5111801426068803
0.5112126631330496
0.5112498871686031
0.5112964508542092
0.511358605696751
0.5114242629967096
0.511491193502172
0.5115726192680657
0.5116656248761566
0.5116893522231759
0.5117179272529433
0.5117364959009908
0.511755460617608
0.5117749976449761
0.5117995755041956
0.5118185414091263
0.5118391431356183
0.5118696472336955
0.5119068475017102
0.5119553264505602
0.5120178309386385
0.5120983060462522
0.5122041418856392
0.5123456162381449
0.5125449623262164
0.5127374320223647
0.5129326615754051
0.513157805144047
0.5134536992771055
0.5138695539400527
0.5144838450636398
0.51504071116681
0.5157056098789967
0.5164006700240126
0.516959828227125
0.5176011020012007
0.51837222837012
0.5196320962971469
0.5199
0.519911542996546
0.5199346289896378
0.5199596176080298
0.5199832632755946
0.52
0.520011542996546
0.5200254170803092
0.5200421214458879
0.5200668553569441
0.5200930385766853
0.5201213116235497
0.5201595110594918
0.520222407011147
0.5203412738702188
0.5204894402171646
0.5206779076833463
0.5209295072162561
0.5212827825128955
0.521780961199768
0.5225409643400113
0.5240064845222472
0.5268965734337567
0.5299
0.5299110847033952
0.5299332541101855
0.5299550955197923
0.5299758980921816
0.5299879490460908
0.53
0.5300110847033952
0.5300223914134755
0.5300353477115639
0.5300586248835205
0.5300824523818953
0.5301056064911476
0.530134070181395
0.5301695263321724
0.5302094308462615
0.5302540953819336
0.5303040986306634
0.5303632945213157
0.5304325297088711
0.5305222456352341
0.5306451133267479
0.530809403979147
0.5309375943137696
0.5310650030252031
0.5311836589717222
0.5313660821325584
0.53149642647007
0.5316168018755191
0.5317729489311958
0.5319745753587292
0.532377828213796
0.5329927486440218
0.5338582606491753
0.534895219146468
0.5361142495768124
0.5375191979583268
0.5392506091817538
0.5398999999999999
0.5399094863848899
0.5399284591546698
0.5399517202080292
0.5399739727913389
0.54
0.54000948638489
0.5400212100197707
0.540040941598165
0.5400634363490515
0.540084746361767
0.5401113621738629
0.5401394956130127
0.5401724794674728
0.5402186122583181
0.5402754532955847
0.540340947772149
0.5404164056199895
0.540504821330181
0.5406063571861968
0.5407262739865127
0.5408757506752871
0.5409800135476551
0.5410966246410035
0.5411892000384068
0.5412354877371084
0.541317648058943
0.5414064594292365
0.5415360065754439
0.5417203142783539
0.5420889296841739
0.542646975607558
0.5433327949303945
0.5441719796937364
0.545128704430603
0.5459196686993862
0.5466142065461285
0.5472933807496907
0.548000124842365
0.5491318410517945
0.5498999999999999
0.5499128556755207
0.5499385670265623
0.5499692835132812
0.5499846417566406
0.55
0.5500128556755208
0.5500278674364112
0.5500454297029018
0.5500680768826011
0.5500924101076643
0.5501159098522477
0.5501440550916461
0.5501739879886887
0.5501982936825112
0.5502243141770875
0.5502540741494603
0.55029071498375
0.5502987040066978
0.5503146820525933
0.5503266592318508
0.5503373909784405
0.5503490671335635
0.5503594677230987
0.550371142421795
0.5503883004257608
0.5504097055915342
0.5504373941840529
0.5504726689331962
0.5505172423516894
0.5505738493389493
0.5506462024404778
0.5507371156505201
0.5508353610044723
0.5509236115876837
0.5510209267877055
0.5511199155436285
0.5512108006400523
0.551315512327909
0.5514433182827856
0.5516407118896316
0.5520354991033236
0.5526437796887111
0.553162584448272
0.5536551305053629
0.5540901812608994
0.5545550094184457
0.5550273426947615
0.5556111890129364
0.5563635987591268
0.5576655680172198
0.5593667333261289
0.5599
0.5599111793410056
0.559933538023017
0.5599667690115085
0.5599833845057542
0.56
0.5600111793410057
0.5600245977243442
0.560042254900623
0.5600680134940988
0.5600977928581765
0.5601258930537056
0.5601591272255089
0.5602061462527218
0.5602861662283467
0.5603837020687995
0.5605037886434904
0.5606497524289049
0.5608501941900444
0.5611559278001019
0.561545874919214
0.5620362498973132
0.5626639353736088
0.5634746196132707
0.5645396567573948
0.5659724175961317
0.5679176661790855
0.5699
0.5699089270649099
0.5699267811947298
0.5699485994552742
0.5699697011120585
0.5699848505560292
0.5700000000000001
0.57000892706491
0.5700186970050647
0.5700351084941122
0.57005653214691
0.5700760939688666
0.570098528320599
0.5701265369996937
0.5701562654883412
0.5701891441084
0.5702318306454013
0.5702787554835201
0.5703288098838405
0.5703835668884116
0.5704409777111152
0.5705076034299522
0.5705756828227876
0.5706421054321824
0.5707157897627543
0.5708143544318115
0.5708952226010734
0.5709202783769033
0.5709430505203206
0.5709671302213031
0.5709871572749086
0.5710150983892118
0.5710354746588129
0.5710555027807246
0.5710792361923335
0.5711095533048053
0.5711301830363555
0.5711500490931927
0.5711727973881822
0.5711966513150398
0.5712176754980335
0.571241820848765
0.5712815730920096
0.5713445885155833
0.5714160456005939
0.5714965445895305
0.5715812753360054
0.5716825490908325
0.5718012319648657
0.5718924333049356
0.5719657691975115
0.5720405145499337
0.5721156389369918
0.5721982675896833
0.5722789350571582
0.572350417592892
0.5724284807600546
0.5725029357419206
0.5725830361655201
0.5726601114477509
0.5727443533509631
0.5728401492282323
0.5729251361218435
0.5730064945297808
0.5731018065704387
0.5731644631482045
0.573230306900648
0.5732891458566941
0.573345277811647
0.5734071196604589
0.5734899691201086
0.5735969719518818
0.5736750214206867
0.573751457143797
0.5738348695751896
0.5739354022781571
0.5740629172084861
0.574247041674457
0.5745569561655056
0.5750380092761959
0.5757942312265992
0.5766535380640552
0.5776305290097042
0.5786869716093158
0.5798286117899923
0.5799
0.579910109741511
0.5799303292245331
0.5799578509242088
0.5799820140378045
0.58
0.580010109741511
0.5800240011735057
0.5800418535795349
0.5800657577068883
0.5800907879975876
0.5801207624742588
0.5801624152352715
0.580209498050036
0.5802614466725561
0.5803262642587407
0.5804122417279238
0.580512756192841
0.5806301290057666
0.5807673932644004
0.5809280800067779
0.5811010230992444
0.5812467168576326
0.5813737807471285
0.5815030183962869
0.5816199571276449
0.581715437015582
0.5818026410046785
0.5818924934799987
0.582007623929835
0.5821543362559242
0.5822597521873506
0.5823628552250116
0.5824763155751423
0.5826127658958553
0.5827286483637674
0.5828266696214185
0.5829243956036462
0.5830366709352859
0.5831719522118666
0.5833111900912503
0.5834433316087461
0.5835836854244599
0.583742264888052
0.5839271027339087
0.5841465099345537
0.5844115403489013
0.584721232612169
0.585086624476166
0.5855242183264682
0.5860912871994953
0.5868863606157693
0.588076751918477
0.5895290898376385
0.5899
0.5899144095969081
0.5899432287907244
0.589972145211966
0.5899860726059829
0.59
0.5900144095969081
0.590027788547518
0.5900416625727201
0.5900694106231241
0.5901020369966361
0.5901350332964914
0.5901653336376169
0.5901929863622132
0.5902209752599851
0.5902560524439595
0.590285790991633
0.5903149863642856
0.5903431719980073
0.5903726852535451
0.5904045646665987
0.5904345119316406
0.5904582216919221
0.5904786532826909
0.5905016105314659
0.5905232581646475
0.5905450780041546
0.5905667431847816
0.5905905061332626
0.590619783725845
0.5906568151020107
0.5907026735821316
0.5907394137945262
0.5907696856800766
0.5907976993489206
0.5908271064184225
0.5908499711448133
0.5908790066016704
0.5909023700117121
0.5909227860619702
0.5909428098781737
0.5909635962194928
0.5909884704031703
0.5910142159311673
0.5910424645501444
0.5910678550951902
0.5910936476305674
0.5911220560486263
0.5911561927751109
0.5911983805495986
0.5912559234072502
0.5913404854583658
0.5914813653972859
0.5917631252751261
0.5921165321858536
0.5925115239542768
0.5929633406908521
0.5934835410808468
0.5940912626487743
0.5948081817637837
0.5956603630124009
0.5966792072422552
0.5979075603090215
0.5994008526213789
0.5999
0.5999079885788418
0.5999239657365253
0.5999559200518924
0.599979137804055
0.6
0.6000079885788417
0.6000196754900319
0.6000368090560413
0.6000564937036258
0.6000787678667009
0.6001034368148919
0.6001346621021402
0.6001772333678763
0.6002268758558386
0.6002842071118183
0.6003516999883884
0.6004306079075349
0.6005232964291642
0.6006324019972853
0.6007608499175103
0.6009120823274603
0.6010901086107499
0.6012987586005017
0.6015424007069223
0.6018274802168355
0.6021615357187342
0.6025533959688689
0.6030134203396772
0.603553782853863
0.6041433912473602
0.6047315305123636
0.6053394754156162
0.6060195162139534
0.6069896217889358
0.6079306954223526
0.608661794561077
0.6093824843681613
0.6099
0.6099046948383924
0.6099140845151771
0.6099328638687467
0.6099463014890165
0.6099610933425575
0.6099773738220144
0.6099886869110072
0.61
0.6100046948383924
0.6100106842511471
0.6100226630766566
0.6100367390702005
0.6100522933136708
0.610069127195887
0.6100909858898421
0.6101177192582996
0.6101496745891669
0.6101769031555286
0.6102003467774538
0.6102221997303946
0.610244484300385
0.6102752596650595
0.6102910554549167
0.6103067198435714
0.6103210900292487
0.6103345417701274
0.6103493258137651
0.6103690866031042
0.6103935201130929
0.6104113668032278
0.6104286554772107
0.610447327888916
0.6104688826783172
0.6104920372934936
0.6105097534477556
0.6105284377636451
0.610543583924314
0.6105570846890074
0.6105710393459696
0.6105878658320455
0.6106062089386917
0.6106245431933378
0.6106419854357082
0.610660451053575
0.6106815401061058
0.6107071059569038
0.6107408657416671
0.6107830588540346
0.6108294627768388
0.6108694945970257
0.6109089199642654
0.6109509930187443
0.6109980218999557
0.6110542947048282
0.6111227841194156
0.6112122245974129
0.6113364049094581
0.6115122386532287
0.6117744861952491
0.6122404119303577
0.6128682462933864
0.6135819666358379
0.6144053936000535
0.6153739910823658
0.6165191627719587
0.6179606518439745
0.6197997705632482
0.6199
0.6199114220673133
0.6199342662019399
0.6199567869409974
0.6199783934704988
0.6199891967352493
0.62
0.6200114220673133
0.6200212099931108
0.6200336882430197
0.620055000100827
0.6200757468546143
0.6200929200619392
0.6201105055849087
0.620131791854969
0.6201628850932736
0.6201882978911157
0.6202130912421205
0.6202417793463888
0.6202759559777645
0.6203247635877841
0.6203883123178479
0.6204700587204722
0.6205839857851143
0.6207653463970801
0.6210714722764177
0.62147107593013
0.6219812528973783
0.6226384452737979
0.623489857322591
0.6246053069000879
0.6260811937471608
0.6280601068285224
0.6299
0.6299036719314114
0.6299110157942341
0.6299257035198796
0.6299396570404345
0.6299502970973191
0.6299609720419774
0.6299725886132965
0.629987151250907
0.6299935756254536
0.63
0.6300036719314114
0.6300076925473495
0.6300154708416524
0.6300251910509247
0.6300355254596853
0.6300475288596608
0.6300593841157804
0.6300722942558171
0.6300886179016495
0.630112660206352
0.6301371543181002
0.6301656211315676
0.6301965388688054
0.6302327568015477
0.6302775631063774
0.6303420698395196
0.6304504727468542
0.6306253054195491
0.6309271353842705
0.6311458658227201
0.6313843250499618
0.631588110897058
0.6318165299024219
0.632056511551768
0.6322566127775568
0.6324898453848303
0.6327734580888302
0.6330383891153583
0.6333503626999417
0.6337303530297644
0.6343132971501941
0.6353962993438443
0.6366787167832068
0.6381788302190254
0.6399
0.6399060641745332
0.6399181925235996
0.6399424492217324
0.6399605335884799
0.6399817974636355
0.64
0.6400060641745332
0.6400155290340221
0.6400329314489303
0.6400502307050933
0.6400671702043016
0.640087922065016
0.6401117778345415
0.64013835368035
0.6401726767993241
0.6402266301772696
0.6403329815273927
0.6404735430736
0.6407096768265761
0.6411143869761508
0.6416686082064367
0.6424510033159959
0.6437023891387064
0.6462051607841273
0.6499
0.6499050677387294
0.649915203216188
0.6499354741711053
0.6499504413916706
0.6499675103782073
0.6499858355834609
0.6499929177917305
0.65
0.6500050677387293
0.6500100204257191
0.6500191263471067
0.6500345164061024
0.6500506334893671
0.650068026228177
0.650089286078065
0.6501154844698999
0.6501465035960873
0.6501813497119374
0.6502199937239926
0.650265147512966
0.650326068530454
0.6504147840609187
0.6505891615428927
0.650802901266881
0.651077030653895
0.651436927441981
0.6520029227495411
0.6531349133646612
0.6553988945949015
0.658415862675986
0.6599
0.6599045789523463
0.6599137368570389
0.6599320526664241
0.6599530042879175
0.6599725782242805
0.6599862891121402
0.65999314455607
0.66
0.6600045789523463
0.6600088105125046
0.6600172736328211
0.660032244511493
0.6600525790383606
0.6600737624806665
0.6600975649505341
0.6601235065389852
0.6601544909730716
0.660190184901077
0.6602309519787191
0.6602767239651621
0.6603284463658288
0.6603929423007855
0.6604677281196164
0.6605512216735758
0.6606527984851894
0.6607467242047333
0.6608287547273474
0.6609046586709373
0.6609810699767635
0.6610543766638692
0.6611153113506056
0.6611612159395559
0.6612035003595856
0.6612510924817614
0.6613006194304858
0.6613464043724013
0.6613860521088771
0.6614230278329809
0.6614615330856135
0.6615116189517036
0.6615721726023477
0.6616164014772046
0.6616597397644882
0.6617071643046374
0.6617636841955415
0.6618175426829334
0.6618805731110531
0.6619338564727987
0.6619762062531781
0.6620161999702453
0.6620584684055396
0.6621091451636627
0.6621732029774976
0.6622281532992013
0.6622812875440024
0.6623390730763552
0.6624036045104617
0.6624786988007172
0.662563013747327
0.6626638440225843
0.6627865553676255
0.6629228057432558
0.6630707249350742
0.6631910379897232
0.6632882035339277
0.6633720828049859
0.6634516735674509
0.6635334800608796
0.6636050839575964
0.6636570418862864
0.663704747649872
0.6637569196102392
0.6638078451285191
0.6638638640156429
0.6639243127047855
0.6639913961349362
0.66406149509803
0.6641313233636641
0.6642082098849961
0.6642898494855424
0.6643846993349412
0.6645006700195729
0.6646017681239484
0.6647031412489265
0.6648061108692295
0.6649223094324502
0.6650718961858392
0.6652167932230423
0.6653759293690764
0.6655585816859406
0.6657791920709856
0.6660873210558533
0.6665539001859765
0.6672213529409374
0.6680204302389748
0.6687481437959094
0.669502884216535
0.6698999999999999
0.6699176929075499
0.6699530787226498
0.6699765393613248
0.67
0.67001769290755
0.6700345667418437
0.6700570797514604
0.6700973255460589
0.6701348158366975
0.670181255341576
0.6702343733224893
0.67029528122884
0.6703666900199531
0.6704504209155304
0.6705438413895486
0.6706294390516183
0.6707235598953465
0.670836796154334
0.6709882214976073
0.6711231934838561
0.6712229270139889
0.6713030011667214
0.6713724796760318
0.6714384062016794
0.6715098762712227
0.6715811486630531
0.6716596221878853
0.6717168321936344
0.6717634169292664
0.6718052486224461
0.6718448790246304
0.6718871500222748
0.6719430510116947
0.672009911067705
0.6720581119149456
0.6721043037450006
0.6721536771556126
0.6722101467890977
0.6722824128804344
0.6723674564305029
0.6724465905657983
0.6725448962356043
0.6726275093142904
0.6727045687894879
0.6727854367383465
0.6728779076677927
0.6730086047994873
0.6731707152455321
0.6732926967591516
0.6734118093508035
0.6735397618949753
0.6736889787687137
0.6738722291374312
0.6741187075507631
0.6744771532105585
0.6750712328996336
0.6758224399672255
0.6766855476271819
0.6776979312194782
0.6788878534602609
0.6799
0.6799033232281015
0.6799099696843047
0.6799232625967111
0.6799347282192434
0.6799477910352723
0.6799638857231054
0.6799813855789819
0.679990692789491
0.68
0.6800033232281016
0.6800079091113566
0.6800161300940882
0.6800296463820458
0.6800410424004238
0.6800537066939515
0.6800694450113108
0.6800901088386371
0.6801097344960354
0.6801280292133913
0.6801469510413568
0.6801663521527408
0.6801877034965736
0.680207286169135
0.6802253316428821
0.6802437501624297
0.6802629983246704
0.6802813238291826
0.6802959753638601
0.6803080478495755
0.6803202962553425
0.680334362089975
0.6803484829033536
0.6803609790630814
0.6803740846982053
0.6803889181803817
0.6804073539413585
0.6804326688479212
0.6804638110500525
0.6804881598961032
0.6805078110074093
0.6805255360625067
0.6805432753295113
0.6805666988388924
0.6805881199199275
0.6806032729477649
0.6806166031371368
0.6806292214080434
0.680642028037235
0.6806567904746188
0.6806807707414066
0.6806996006957308
0.6807151797398613
0.6807311946385909
0.680748548917804
0.6807697792971331
0.6807966253885678
0.6808339308393103
0.6808758195217468
0.6809156117981024
0.6809580936688909
0.680980082031613
0.6810027280170967
0.6810246166152492
0.6810544984607558
0.6810762104236238
0.6810972933863262
0.6811217139832848
0.6811464784929879
0.6811717640892373
0.6811996971510457
0.6812218873252128
0.681246168845654
0.6812698157495434
0.6812919062661034
0.6813123556224123
0.6813326045925989
0.6813548422492363
0.6813858780184986
0.6814190622914256
0.6814448119178789
0.6814704857130528
0.6814985380338874
0.6815317645717227
0.6815769253728682
0.6816372426732357
0.6817326759917332
0.6818478978535001
0.6819332618708003
0.6820061583877081
0.6820835481374075
0.6821586139417986
0.6822417322967153
0.6823685326183743
0.6825070923313346
0.6826596584452483
0.6828398031291503
0.6831085674938081
0.6834606820878135
0.683866940391091
0.6843348168530236
0.6848749853455446
0.6855024404496667
0.686235601876779
0.6870992357175911
0.6881201442380609
0.6892299339346228
0.6899
0.6899109186965847
0.6899327560897542
0.6899680599141461
0.6899840299570731
0.6900000000000001
0.6900109186965848
0.6900215581038344
0.6900391372856409
0.6900714800384896
0.6900982651093259
0.6901264836370588
0.6901590500496073
0.6901966542132834
0.6902413093637827
0.690294244573958
0.6903566336599329
0.6904299373919075
0.6905159026282262
0.6906045953583483
0.6906895080783054
0.6907613780876704
0.6908208772426025
0.6908790215852774
0.6909446491210708
0.6910102595967194
0.6910667152036759
0.6911144282566332
0.6911581694522799
0.6912029266604302
0.6912593399047249
0.6913113700236491
0.6913625430836762
0.6914124909798853
0.6914659434278906
0.6915282884497302
0.6916049732671042
0.6916727155810048
0.691736538118002
0.6917889360711413
0.6918376283578066
0.6918897159970737
0.6919525980602023
0.6920323604522569
0.692100072953096
0.6921660342053224
0.6922378624941442
0.6923192240004115
0.6924133173928911
0.6925205533275448
0.6926507911939447
0.6928075935097007
0.6929798835729655
0.6931751390793053
0.6934095037747721
0.6936984326764636
0.6940356786399866
0.6943812485962473
0.6947690675178442
0.6953756588931379
0.6958290841185689
0.6962247755113792
0.6966347027544721
0.6970875495173569
0.697644240651811
0.6982754883122961
0.6991216253667984
0.6999
0.6999056527884397
0.6999169583653193
0.6999395695190784
0.699959309112282
0.6999830923200255
0.7000000000000001
0.7000056527884398
0.700013172944578
0.7000233842228898
0.7000394972068933
0.7000621721691873
0.7000786087830808
0.7000927803721682
0.7001069060869571
0.7001223949699615
0.7001420620611823
0.7001636111965936
0.700183053233619
0.7002027432513406
0.7002198437797851
0.7002352062978363
0.7002513094392551
0.7002718753619925
0.700295837306617
0.7003177480757002
0.7003395127105575
0.7003567704262975
0.7003718718832548
0.7003901166236883
0.7004122016603478
0.7004285232095452
0.700445181655835
0.7004639060575135
0.7004875134340697
0.700522084171219
0.7005528989579668
0.7005773269773923
0.7005987616547752
0.7006194143301646
0.7006436662492244
0.7006610887874336
0.7006799973707292
0.7006965663870114
0.7007116109067536
0.7007265563378924
0.7007423971339573
0.7007618989858151
0.7007796517230293
0.7007996296127723
0.7008182122905547
0.7008372135001554
0.7008583014844068
0.7008836859329852
0.7009150196435551
0.7009575403626054
0.7010198395824951
0.7011143203808589
0.701239084732965
0.7013660580282581
0.7014954044721861
0.7016088978783163
0.7017283368508349
0.7018705266148471
0.701986061066342
0.7021189501024057
0.7023591075777149
0.702767551094571
0.7032828586508402
0.7038855138915157
0.7045781084261531
0.7053814526175025
0.7063290977953147
0.7074656046865573
0.7088303056556841
0.7099
0.7099054701116615
0.7099164103349845
0.7099382907816306
0.7099545925748748
0.7099675972121814
0.709981052856167
0.7099905264280835
0.71
0.7100054701116615
0.710012647558241
0.7100225854549549
0.7100337841096634
0.7100466458533586
0.710061617771621
0.710075444379888
0.7100901903468579
0.7101080035880254
0.7101309694833151
0.7101547218838169
0.7101767636223192
0.7101990078010332
0.7102254520286732
0.7102475604794983
0.7102712510027551
0.7102932610917524
0.7103152212869533
0.7103382763322983
0.7103605503677426
0.7103786485667843
0.7103933841562082
0.7104079244281891
0.71042942189096
0.7104470889227515
0.7104620995844964
0.710478055910145
0.7104961054530652
0.7105191123733038
0.7105517568443809
0.7105858382528385
0.7106126814926281
0.7106352419153338
0.7106561636693874
0.7106783581457439
0.7106963577176663
0.7107187735925065
0.710736781747389
0.710752492437511
0.7107676965096107
0.7107830884368986
0.7108004956340289
0.7108266253062373
0.7108503053024886
0.7108693350825408
0.7108885163483986
0.7109091709297976
0.7109340430988059
0.7109650655142871
0.7110076567641084
0.7110705622468722
0.7111741737337517
0.7113813967075108
0.711561961689287
0.7116932537948576
0.7118172022146954
0.7118925222217124
0.7119760386169851
0.7120453978580108
0.7121111591685776
0.7121904483579046
0.712282483104125
0.7123673260639437
0.7124478441483542
0.7125346488129989
0.7126195949690001
0.7126829536807185
0.7127410019786321
0.7128025504275469
0.7128819852504107
0.7129779170588721
0.713058823037821
0.7131379679483356
0.7132240301608556
0.713326940257128
0.7134562936602722
0.7136347521763792
0.7138982608456883
0.7142373957713787
0.7146305059942286
0.715086862698984
0.7156254818282054
0.7163051402847846
0.7172277276737448
0.7184322041073313
0.7198946502967986
0.7199
0.7199106994064028
0.71992700654182
0.7199442557436062
0.7199777002434348
0.72
0.7200208896465018
0.7200412187637816
0.7200673298954835
0.7201143001561074
0.7201585574052513
0.7202065986818194
0.7202643715037975
0.7203368307428409
0.7204144231846963
0.7205043497246647
0.7206215625042272
0.7207937978285142
0.7209934828661769
0.7212277800847293
0.7215061465316679
0.7218149025325379
0.722165572961541
0.7225765686377528
0.7230616661062503
0.7236540262919195
0.7243905761311846
0.725293042102206
0.7264773937055075
0.7280746543605763
0.7299
0.7299044123302483
0.7299132369907448
0.729930886311738
0.7299449295301901
0.7299599402584808
0.7299809145777694
0.73
0.7300044123302483
0.730012665496602
0.7300205918382394
0.7300324101136771
0.7300435116457782
0.7300530570314071
0.730062110598233
0.7300716202037565
0.7300846360862845
0.7300960464354106
0.7301049395854053
0.7301135528276602
0.7301221452515426
0.7301300553710478
0.7301365143199874
0.7301422041177081
0.7301485323567568
0.730154345340602
0.7301606943550265
0.7301668047737532
0.7301732916645765
0.7301810164122432
0.7301903199344817
0.730202955991984
0.7302217238717867
0.730237362782186
0.7302488368945385
0.7302583888713549
0.7302671286334544
0.7302764670342844
0.7302850829267197
0.7302950663971896
0.7303031320520165
0.7303102608872561
0.730317010377759
0.7303235517397503
0.7303303589201139
0.7303383594613609
0.7303463267083914
0.7303552433336206
0.7303631135849642
0.7303709791916329
0.7303795766915662
0.7303895347997886
0.7304019873812273
0.7304186713899796
0.7304413224560097
0.7304768474822364
0.7305359586837054
0.7305967643451089
0.7306629815970757
0.7307631056877688
0.7308389588860532
0.7309011251157799
0.7309626173296134
0.7310233702240551
0.7310778385412886
0.7311227416452819
0.7311641262378359
0.7312136209364786
0.731259269327925
0.7313037297885918
0.7313480810933032
0.7313962878175756
0.7314550037067272
0.7315277085074926
0.7316057074738562
0.7316716512052007
0.7317309382964403
0.7317915281525921
0.7318471679712472
0.731908320024361
0.7319550601330151
0.7319965278293477
0.7320383903325274
0.7320852748619702
0.732155990847766
0.7322227138328582
0.7322772668372987
0.7323330029217462
0.7323939450618743
0.7324683453330952
0.732563214916389
0.7326976043656009
0.7329065874860726
0.7332810847864423
0.7338377416330432
0.734459823499667
0.7351615937785765
0.7359663511130851
0.7369021267280332
0.7380140194343143
0.7393609591717506
0.7399
0.7399021238735838
0.7399063716207513
0.7399148671150865
0.7399268914901205
0.7399359899538588
0.7399439257925894
0.7399514891574139
0.7399589997259524
0.7399671069076273
0.7399772741350364
0.7399852459543447
0.7399911083319438
0.739995554165972
0.74
0.7400021238735838
0.7400044343035098
0.7400086744949037
0.7400151407635148
0.7400222546767012
0.7400284259435884
0.7400345067859623
0.7400412841749198
0.7400510508648034
0.7400609417577777
0.7400692126205464
0.7400778348144752
0.7400875250520881
0.7400995715839215
0.7401160521071096
0.7401414820710011
0.7401829029834809
0.7402614588085864
0.7403506918258156
0.740451313191538
0.7405676310199593
0.7407022679927344
0.74083049849122
0.7409467727502793
0.7410608665673952
0.7411690433900819
0.7412438428593607
0.7413179764677085
0.7413842930897598
0.7414520901974675
0.74152826383574
0.7415919836479624
0.741647845382471
0.7417025819499451
0.7417636597198091
0.7418363293563871
0.741908969886403
0.741972790592911
0.7420390194611179
0.742113729627931
0.7422055193208689
0.7422852329357024
0.7423530491286124
0.7424122183323826
0.7424703894649094
0.7425371382844498
0.7426201391274527
0.7427083359713399
0.7427862171936845
0.7428674141611326
0.7429587814133853
0.7430632818411443
0.7431821464556553
0.7433256287557204
0.7435001786584282
0.743693200645528
0.7439166521817416
0.7441764924969789
0.7445035911500141
0.7449440359606996
0.7455926218956315
0.7465067296920671
0.7474352237152456
0.7484901405618962
0.7496109979977937
0.7499
0.7499045749411614
0.7499137248234841
0.7499320245881295
0.7499459259713228
0.7499622257864168
0.7499800527418562
0.75
0.7500045749411614
0.750013724823484
0.7500252279149963
0.7500390641585147
0.7500553975310909
0.7500749442795586
0.7501055518773608
0.7501341003317796
0.7501590596142437
0.7501832946739289
0.7502098156300884
0.7502362589621735
0.7502654618873201
0.7502907028981307
0.7503158279237285
0.7503432380464499
0.7503737544099023
0.750402064110387
0.7504236866951907
0.750442122243186
0.7504629881357431
0.7504825354742578
0.7505019748538229
0.750521468376672
0.7505429972182465
0.7505697347032677
0.7506038676161005
0.750643111875103
0.7506746553540342
0.7507011027731867
0.750725865420854
0.7507524603800786
0.7507716147009674
0.7507967470668039
0.7508175227245096
0.7508357246250857
0.7508535636140226
0.7508719470652475
0.7508935157812915
0.7509173899608191
0.7509431348704318
0.7509656404687846
0.7509883472311162
0.7510131890184135
0.7510429938091364
0.751079771815127
0.7511298517488152
0.751203472358514
0.7513248339409984
0.751567557105967
0.7518703455527356
0.7520986585422011
0.7522673136922673
0.7523516412673004
0.7525141590151888
0.7526888211483828
0.7529279109165204
0.7533141131437375
0.7539405805103487
0.7546832937840017
0.7555398602224048
0.7565365711808734
0.7577130131802924
0.7591222717351
0.7599
0.7599042963322024
0.759912888996607
0.7599300743254164
0.7599427594795372
0.7599554500650464
0.7599715010183308
0.7599865915567724
0.76
0.7600042963322023
0.7600105539816298
0.7600229661152156
0.7600359918131239
0.7600500979733662
0.7600655129354034
0.7600841694494309
0.7601124142933006
0.7601393200470009
0.7601635891164681
0.7601868078706049
0.760210913926105
0.7602342125407447
0.760252283098174
0.7602658862193631
0.7602783474274559
0.7602920725374297
0.7603070865429193
0.7603217630223199
0.7603371149638432
0.7603536722684954
0.7603681046557249
0.7603804892817629
0.7603919969351093
0.7604038522346521
0.7604191718229351
0.7604374393039053
0.7604506905028747
0.7604635703705572
0.760477536505316
0.7604933052956252
0.7605102736981068
0.7605261083308756
0.7605408518492753
0.7605559314390272
0.7605694507723751
0.7605821543551852
0.7605952513204476
0.7606100372888811
0.7606236741608674
0.7606340467850164
0.7606426522065842
0.7606505761047478
0.7606585877373092
0.7606679860078367
0.7606799885392121
0.7606910883361613
0.7607008191729333
0.7607107932530319
0.7607217602935481
0.7607347303098141
0.7607506909679222
0.7607658563593069
0.7607813022670687
0.760798059371531
0.760817036138276
0.7608374437276164
0.7608596933987163
0.7608855578888551
0.7609156088504444
0.7609533219776791
0.7609647610550653
0.7609876392098377
0.7609967629091708
0.7610060567670519
0.761016207019387
0.7610281394138538
0.7610376143482112
0.7610480525102261
0.7610637666318646
0.7610831854243774
0.7611084312468065
0.7611406285476162
0.7611813037763974
0.7612328986383977
0.7612986603687953
0.7613839337941843
0.7614671386966796
0.7615556949685526
0.7616500444416899
0.7617653974155189
0.7619120775864147
0.7621459425503537
0.7625342343142849
0.7629796626618539
0.7634872052899881
0.7639483472031692
0.7643742866776456
0.7649162063657429
0.7653419839654
0.7657770973012819
0.7662925784283463
0.7668665241660796
0.7675999207907386
0.7685789675593581
0.7699
0.7699028944685897
0.7699086834057691
0.7699202612801279
0.7699306757232389
0.7699422923325637
0.7699573624262713
0.769973173721889
0.7699865868609446
0.7699932934304723
0.7699966467152362
0.77
0.7700028944685897
0.7700054512763469
0.7700105648918613
0.77002079212289
0.7700309383029533
0.7700417925443397
0.7700543302453656
0.7700698475478277
0.7700898098285934
0.7701116319590534
0.7701317491276451
0.7701516964533502
0.7701747316063974
0.7701970217654504
0.7702195929041621
0.7702400665167687
0.7702609167948408
0.7702838889506021
0.7703114945280597
0.7703455684516755
0.770391506489827
0.7704416124517776
0.7704795298012995
0.7705198639709125
0.7705510487333347
0.7705842542768987
0.7706179440806016
0.7706530761445257
0.770699410864866
0.7707515992663906
0.7707956466075259
0.7708379434601456
0.7708942652235676
0.7709307017032576
0.7709528805612735
0.7709773102398171
0.7709975316763903
0.7710241906178518
0.7710454966582875
0.7710651685463353
0.7710867245870994
0.7711118269207947
0.7711341076579343
0.7711546930585328
0.7711739385857931
0.7712027756339681
0.7712240140824538
0.7712463147313815
0.7712751714543017
0.7712984582054925
0.7713187153692352
0.7713382547822648
0.7713583937290216
0.771382727860007
0.7714067164942527
0.7714331106164263
0.7714574762471174
0.7714825823097512
0.7715107732344486
0.7715443972996519
0.7715890922847386
0.7716482627243841
0.7717407150943102
0.7718132882911096
0.7718887018795836
0.7719572912177757
0.7720305650652542
0.7721019259669861
0.772179122541128
0.7722916504644997
0.7724282412908398
0.7726428749139685
0.772804009190512
0.7729576367796259
0.7731568914881499
0.7735170611861262
0.7739482727680252
0.7744448020422449
0.7750174630060248
0.7756758402292478
0.7764423771246525
0.7773455348839714
0.7783678312123937
0.7794812389675447
0.7799
0.7799054715137945
0.7799164145413835
0.7799383005965614
0.7799544973399093
0.7799675026689429
0.7799810172572331
0.7799905086286165
0.78
0.7800054715137945
0.7800126661607332
0.7800227711532609
0.7800341192830382
0.7800470439907369
0.7800621458545778
0.7800760608563247
0.7800910005927161
0.7801089889031946
0.7801337120893566
0.7801672080917165
0.7801940370480592
0.7802154825549517
0.7802344140278911
0.780252318637258
0.7802717226407782
0.7803014108369942
0.7803245721844815
0.780342364116492
0.7803583699719523
0.7803724577287849
0.7803850794865408
0.780397006162196
0.7804092430870665
0.780424145778527
0.7804372195320783
0.7804510797905972
0.7804640854067973
0.7804774282599942
0.7804922405515673
0.7805100792241478
0.780531024403283
0.7805510808307107
0.7805716327769706
0.7805952627905224
0.7806189459911698
0.7806361438284513
0.7806508001114233
0.7806647404382568
0.7806791083735865
0.780696389746316
0.7807149294698829
0.7807347241466898
0.7807525152154999
0.7807706160441326
0.780790503607749
0.780814057932412
0.7808431782607345
0.780882593634611
0.7809395012810086
0.7810290460794826
0.7811253314144335
0.7812289820956471
0.7813480165252809
0.7814846846622678
0.7816549455270734
0.7818804101727566
0.7821922938623637
0.7825543712740723
0.7829728679464751
0.7834593862820097
0.7840274044032123
0.7846970887061008
0.785493111080414
0.7864398209845302
0.7875688267961514
0.7885097385308155
0.7894038461761005
0.7899
0.7899114887100808
0.7899344661302422
0.7899672330651211
0.7899836165325606
0.79
0.7900114887100808
0.7900234558753405
0.790040996776523
0.7900684132963662
0.7900938767025814
0.7901215506706996
0.7901555212816467
0.7901967764350056
0.7902399519286245
0.7902888294574174
0.7903531541403223
0.7904298685705781
0.7905159080863455
0.7906114305188899
0.790719650473203
0.7908480203252382
0.7910224370055201
0.7912267210515694
0.7914746995229046
0.7917759337292958
0.7921531501038487
0.7925775884683501
0.7928774669903347
0.7932914507577271
0.7935937004808487
0.7939053426865986
0.7943596200301499
0.7950251502117619
0.7961525672251185
0.7975182265716741
0.7992155384243159
0.7998999999999999
0.7999035367563019
0.7999106102689058
0.7999247572941135
0.7999355936853458
0.7999466858602052
0.7999606202577738
0.7999740993089852
0.7999870496544926
0.8
0.800003536756302
0.8000090707177308
0.8000172333703072
0.8000261810976218
0.8000375258562352
0.8000497915958609
0.8000588841803277
0.8000672318300687
0.8000762560785213
0.8000888405305028
0.8001030868545268
0.8001147267175619
0.8001268446819959
0.8001405906775259
0.8001577817819526
0.8001817675119804
0.8002131375690507
0.8002527322740407
0.8002936567778655
0.8003370245429233
0.8003847844090665
0.8004405587935762
0.8005039978755797
0.8005575616470112
0.8006036782693351
0.8006464810106647
0.8006893515804784
0.8007398124956914
0.80078106876605
0.8008281338063918
0.8008677543949916
0.8009018456893989
0.8009325398460562
0.8009605475445204
0.800987748296133
0.8010169577593906
0.8010564364942778
0.8010985197963414
0.8011300212080195
0.8011605719152293
0.801193147143715
0.8012305062648919
0.8012762793160224
0.8013247540737595
0.8013761057626162
0.8014096153999387
0.8014430398723617
0.8014726175972928
0.8015009499502669
0.8015330297901634
0.8015831766716008
0.8016267507956961
0.8016635903935161
0.8017022657174869
0.8017456574127474
0.8017988983806935
0.8018711544744381
0.8019626720399964
0.8020457835741164
0.8021269541481855
0.8022130794337885
0.8023089693586957
0.8024231509890637
0.8025618476906605
0.8027437854849719
0.8029987957252361
0.8033939676301933
0.8039406234195116
0.8045673132524807
0.8052895802419221
0.8061332469841863
0.8071386271262422
0.8083464653595915
0.8098225642557504
0.8099
0.8099044077427853
0.8099132232283559
0.8099308541994972
0.8099454404918249
0.8099628468834839
0.8099830828392469
0.8099915414196235
0.81
0.8100044077427854
0.8100094755548024
0.8100196111788365
0.810033882653262
0.8100474700378851
0.8100636994055694
0.8100839980507908
0.8101056535597686
0.8101258692830412
0.8101470275517464
0.8101728377250096
0.8102005174836284
0.81023130647826
0.8102620721804362
0.8102974626769772
0.810338994430131
0.8103817032246938
0.8104301732390629
0.8104865808103507
0.810558405660841
0.8106584343844877
0.8107976774756074
0.8109650297499087
0.8111694634756188
0.8114300713218998
0.8117802769677844
0.8122955800095848
0.8129443210907359
0.8137624424739209
0.8147996288036935
0.8161202238321652
0.817806968273635
0.8199
0.8199178995128175
0.8199536985384525
0.8200000000000001
0.8200178995128176
0.820037915464952
0.820067206951407
0.8201027078323118
0.820141330630732
0.8201827058457715
0.820234226726183
0.8203001203822277
0.8203656190782104
0.8204439541020583
0.8205499851292661
0.8206942908578447
0.8208836488607075
0.8211215949575394
0.8214565081633521
0.8219865567268745
0.8230466538539192
0.8239533752537072
0.8249728321142621
0.8260212215733175
0.8268497840010802
0.8277965943468174
0.8289260298672767
0.8299
0.829906082045991
0.8299182461379732
0.8299425743219374
0.8299608566064995
0.8299809834833306
0.8300000000000001
0.8300060820459911
0.8300155635805013
0.8300303540836167
0.8300470446780744
0.8300644737099524
0.8300841997909636
0.8301072031763418
0.8301344980815661
0.8301691901910373
0.8302071574518575
0.8302490478596646
0.8302961541656583
0.8303543887654276
0.830429837050093
0.8305187161794819
0.8306182264949076
0.8307313901807056
0.8308555843549243
0.8310018665181731
0.8311788571493582
0.8313655621600236
0.8315549663023166
0.8317399831154506
0.8319487850993761
0.8322061057609412
0.8326142569708682
0.8334305593907222
0.8345946616812413
0.8360018512738149
0.8377320442686552
0.8398785838666776
0.8399
0.8399031301781672
0.8399093905345016
0.8399219112471705
0.8399366514792402
0.8399518518130238
0.8399676236689493
0.839984932786392
0.84
0.8400031301781672
0.8400093905345016
0.8400179666462102
0.8400273038939311
0.840039496968241
0.8400528573851731
0.8400636891870545
0.8400734103586724
0.8400836217531932
0.8400964439783954
0.8401097833567063
0.8401235103010606
0.8401376204922482
0.8401533724680891
0.8401728670288409
0.8401930255973143
0.8402137471254151
0.8402365930419037
0.8402631698140209
0.8402950556085653
0.8403343458825442
0.840372722463635
0.8404132681490452
0.8404689749944839
0.8405217105781208
0.8405621695930575
0.8406020985168232
0.840644733633266
0.8406935476479906
0.8407417474094491
0.8407797786165794
0.8408113272061395
0.8408443627527991
0.8408756912291512
0.8409098260246949
0.8409420110505107
0.840976158461923
0.8410172243362781
0.8410669140213372
0.8411300862934069
0.8411827263959998
0.841227563501329
0.8412704955622673
0.8413186498822133
0.8413517915251328
0.8413899434245913
0.8414229831862573
0.8414531235671283
0.8414840302225579
0.8415185768331991
0.8415690028580707
0.8416188630597152
0.8416586884775379
0.8416987358295385
0.8417421243535075
0.8417945015105384
0.8418604296049592
0.8419526528530741
0.8420931344153046
0.8423381792672943
0.842571405571083
0.842816421462925
0.8431046021920061
0.8434870889135154
0.8440460646086574
0.8444791632481097
0.8449238728145152
0.8454333174929619
0.8461478124110345
0.8472594762453327
0.848597574461205
0.8499
0.8499036379336309
0.8499109138008927
0.8499254655354163
0.8499433318131435
0.8499644302080788
0.8499854209143152
0.8499927104571576
0.8499963552285787
0.85
0.8500036379336309
0.8500072758672618
0.8500145517345236
0.8500291034690471
0.8500462328549502
0.8500611784001344
0.8500739755482882
0.8500855563488173
0.8500969091961563
0.8501098095947898
0.8501225746933149
0.850136361763992
0.8501480880059296
0.85015892195603
0.8501690825904096
0.850178221275969
0.8501864084896067
0.8501940694131714
0.8502019060079302
0.8502115427156035
0.8502199767668377
0.8502286320740763
0.8502368245244198
0.850245280548785
0.8502547111646575
0.8502661137760008
0.8502797439894549
0.8502929185935497
0.8503055393982532
0.850318936633342
0.8503343560492909
0.8503489453704063
0.850359642409835
0.8503689617476832
0.8503778154940365
0.8503868792821723
0.8503975388196963
0.8504095354060303
0.8504223412709595
0.8504334734701604
0.850444654302342
0.8504568077966017
0.850471257567746
0.8504888876493718
0.8505124471090224
0.8505460305989355
0.8505937064628825
0.8506371070921958
0.8506764698389644
0.8507146393502799
0.8507542884346404
0.8508041226577465
0.8508392385669626
0.8508772340058373
0.8509095707486406
0.8509368327090415
0.8509613908361062
0.8509844111524526
0.8510079185984225
0.8510359199869701
0.8510607482835395
0.8510891037035112
0.8511150627931472
0.8511412171279956
0.8511699998153145
0.8512033375180452
0.8512451127045542
0.8512872796896565
0.8513456865731533
0.8513945994650677
0.8514429185018141
0.8514928399586987
0.8515387723893597
0.8515850702788464
0.8516351179349797
0.8516940690779771
0.8517825836465815
0.8518714991728027
0.8519418804802845
0.8520115125671817
0.8520855250948501
0.8521720766512567
0.8522769757889144
0.8524154008851946
0.8526098515132773
0.8529091075289392
0.853386248038971
0.853932555286562
0.8545562432397877
0.8552758889619816
0.8558881111052075
0.856581760321867
0.8573908730060504
0.8586082235691822
0.8599
0.8599060773120693
0.8599182319362078
0.8599425411844848
0.8599614732641706
0.8599836828375131
0.8599918414187566
0.86
0.8600060773120692
0.8600121679206502
0.8600233989699448
0.8600386146007172
0.8600555618021883
0.8600751828900702
0.8600999388526471
0.8601222205054246
0.8601450053999214
0.8601686439590641
0.8601963512876597
0.8602403074795356
0.8602809791666461
0.8603168552456437
0.8603561526501401
0.8604004443516838
0.8604574543817533
0.8605400580098795
0.860659713158651
0.8607640445764408
0.8608783159957761
0.8609636354617073
0.8610043060101502
0.8610856352955172
0.8611704165529311
0.8612853937907184
0.8614518296561124
0.8616907926574726
0.8619565697095947
0.8622935439367435
0.8627524417230589
0.8635235570804572
0.8645423232890196
0.8657632135383971
0.8672083857871141
0.868983330393571
0.8699
0.8699048159271888
0.8699144477815665
0.8699337114903217
0.8699501108679728
0.8699703683063836
0.8699851841531918
0.87
0.8700048159271888
0.8700113598518544
0.8700219294969245
0.870036215286601
0.8700489490486735
0.8700622398568576
0.8700782180115566
0.8700974094776253
0.8701150701727902
0.8701335388928337
0.8701555605368213
0.8701834270028554
0.8702093870950705
0.8702332560830838
0.8702574309221184
0.8702864095644762
0.8703114749127475
0.8703372511691908
0.8703613420230277
0.8703855526035394
0.8704108393149574
0.8704346786179727
0.870453712262463
0.8704695323426077
0.8704857400254193
0.8705035359007501
0.870521922421138
0.8705383753212088
0.870555623741806
0.8705751745275164
0.87059943014646
0.8706326523517544
0.8706705280481922
0.870700554398897
0.8707255279677126
0.8707486299558834
0.8707729301769583
0.8707931231213851
0.8708177078579992
0.8708373235272315
0.8708544674854891
0.8708711202595302
0.8708881582151529
0.8709078956240387
0.8709420043541181
0.8709664929603322
0.8709871331906724
0.8710087051542295
0.8710323347527803
0.8710618541374044
0.871100129027068
0.8711550783029642
0.871241312702214
0.8713699331992333
0.8715390501734313
0.8717862742936967
0.8720913868404101
0.8724349538050522
0.8728257512825777
0.8732736762718127
0.8737913978101836
0.8743952893123292
0.8751035155262556
0.8759386271914376
0.8769293767162172
0.8781168157339421
0.8795525061289061
0.8799
0.8799056246182507
0.8799168738547521
0.879939372327755
0.8799616806487962
0.879983822385867
0.8799919111929335
0.88
0.8800056246182507
0.8800107403036109
0.8800209716743314
0.8800375942450148
0.880061953818291
0.8800892009377841
0.880115641514101
0.8801435616969482
0.88017714604925
0.8802169059005631
0.8802590733699963
0.8803079886068302
0.8803692066558494
0.8804425438847062
0.8805332931704479
0.8806442725302551
0.880774103890195
0.8809250784438938
0.8811004327850325
0.881151481301552
0.881253578334591
0.8812772012659541
0.8812890127316357
0.881312635662999
0.8813251288179604
0.8813395889089397
0.8813523994539214
0.881364668744055
0.881377488968593
0.8813882660388414
0.8814001249047656
0.8814074477193653
0.881415561781351
0.8814218838178689
0.8814286013334061
0.8814354745363826
0.8814424400860827
0.8814512717170027
0.8814658399146985
0.8814935841344211
0.8815245638474224
0.8815590138795723
0.8815984021462743
0.881643418186792
0.8816955080976175
0.8817562218060684
0.8818271463727778
0.881909232109091
0.8820042819046429
0.8821144852159443
0.8822423661167956
0.8823908658279149
0.8825634070035179
0.8827639108991981
0.8829969756991211
0.8832679419937904
0.8835830810637533
0.8839498047531213
0.8843768805140971
0.8848749012551782
0.8854568181207474
0.8861388263544467
0.8869417634200991
0.8878931122619831
0.8890304157263049
0.8899
0.8899212911824816
0.8899638735474449
0.89
0.8900212911824816
0.8900383187809486
0.8900557688859022
0.8900790974403417
0.890109879661925
0.8901387596242692
0.8901701442213776
0.890201572143976
0.8902330249850461
0.8902637946397822
0.8902875279528798
0.8903095405504202
0.8903332770782572
0.8903650852759077
0.8904061490845366
0.8904370510437226
0.8904678980823149
0.8905019916044982
0.8905433626653305
0.8905972849769802
0.8906765956150444
0.8908098888832987
0.8910764754198073
0.8916096484928244
0.8925201676577608
0.8943412059876334
0.8971546656647578
0.8999
0.8999168618109706
0.8999505854329118
0.9
0.9000168618109706
0.900035463869168
0.9000590460347239
0.9001026525943272
0.90014326707694
0.9001855464274501
0.9002342165754428
0.9002906878263294
0.900356008848849
0.9004327527758487
0.9005290953055046
0.9006425491365767
0.9007697120137236
0.9009120032101424
0.9010752951594021
0.901261854306581
0.9014896380329628
0.9017735533801584
0.9021593336393613
0.9027669157601796
0.9039820800018163
0.906012091022551
0.9088588245089638
0.9099
0.9099045668625496
0.9099137005876488
0.909931968037847
0.9099518710451524
0.9099697708291314
0.9099877656962889
0.91
0.9100045668625496
0.9100101672513032
0.9100213680288105
0.9100388367220887
0.9100540661281132
0.910071473523445
0.9100920121598646
0.9101149890589981
0.9101368954525629
0.9101608322628313
0.9101812682576119
0.9101989573035457
0.9102155915239187
0.9102325024693065
0.9102527463231207
0.9102693289391934
0.9102883716855672
0.9103049821591475
0.9103198825612971
0.9103335000693595
0.9103456069191482
0.91035662885166
0.9103673130510632
0.9103788368280691
0.9103952816101982
0.9104103477911357
0.9104221568084383
0.9104338717766711
0.9104463995768408
0.9104609366027773
0.9104794048879872
0.9104984710476514
0.9105163284982966
0.9105339557316577
0.9105535082550679
0.9105658994426642
0.910580847748738
0.9105928910452357
0.9106031651937104
0.9106134350560605
0.9106248925667341
0.9106434746726684
0.9106583860728448
0.9106709690859122
0.9106841540863088
0.9106988381098332
0.9107168717995021
0.9107414123184437
0.9107732433810057
0.9108165746625086
0.9108544551702333
0.9108867064150241
0.9109190295500068
0.9109536206276051
0.9109928544129764
0.9110322299985659
0.9110750343579108
0.9111273005607128
0.9111996650095169
0.9113193112674464
0.9114854061221276
0.9117396661474573
0.9120455678433399
0.9123935917363929
0.912794911963654
0.9132602839629015
0.9138055468350006
0.914449631500466
0.9152150652713487
0.9161355999362052
0.9172340534398558
0.9185436963787791
0.91960754458163
0.9199
0.9199106982182426
0.9199320946547276
0.9199660473273639
0.9199830236636819
0.92
0.9200106982182426
0.9200221548411531
0.9200433619756564
0.9200731811210974
0.92010408499208
0.9201407443996872
0.9201831620556821
0.9202301226954821
0.9202827822317926
0.92034376768263
0.9204012051716707
0.9204631603000296
0.9205446501706355
0.9206440316897451
0.9207313938627192
0.9208240971602317
0.9209358676073552
0.9210779351211745
0.9212710172174685
0.9215078671293886
0.9217842173002102
0.922108400720047
0.9225112859572856
0.9230450929445468
0.9238189735018776
0.9251183734688435
0.9267140513682554
0.9286486845845826
0.9299
0.9299561562064586
0.93
0.9300331596229447
0.9300648834739708
0.9301081465112483
0.9301760382168947
0.9302424993986904
0.9303184888939072
0.9304079460225687
0.9305324864318861
0.9306769542034127
0.9308508094613501
0.9310541388760547
0.9313361748016389
0.9317960571220172
0.9327158217627738
0.9340877429916309
0.9358802666918623
0.9372130300533353
0.9385769310752053
0.9399
0.939906847718749
0.9399205431562471
0.9399479340312432
0.9399679953804824
0.9399839976902412
0.9400000000000001
0.9400068477187491
0.9400152385146842
0.9400265851059514
0.9400401692114329
0.9400564030695482
0.940075484446915
0.9400929279671432
0.9401085237629673
0.9401247849092021
0.9401455702096432
0.9401748490452503
0.9401974876330501
0.9402209453552481
0.9402471360951247
0.9402803328261767
0.9403290209524631
0.9403927047510857
0.9404619851035387
0.940537497488561
0.94062449002019
0.9407253833936227
0.9408518529376537
0.9410202652448352
0.9412186329286094
0.9414548586454932
0.9417578701626288
0.9421914773968462
0.9429626317912726
0.9445049405801255
0.9465614900289655
0.9491435178125077
0.9499
0.9499052381650862
0.9499157144952587
0.9499366671556037
0.9499561128315192
0.9499759414616263
0.9499879707308132
0.9499939853654067
0.9500000000000001
0.9500052381650863
0.950010334025893
0.9500189818025995
0.9500337126770145
0.9500470266589826
0.9500619258959799
0.950081254414707
0.950101446733354
0.9501175899396043
0.9501331173438988
0.9501507329397507
0.9501712081826497
0.9501937069564371
0.9502159097526983
0.9502396205946444
0.9502681236551397
0.9503007812782489
0.9503337733390181
0.9503697465646173
0.9504115605071105
0.9504614442726622
0.9505265845645026
0.9506187331702473
0.9507545795937459
0.9509264914855904
0.9511330139134447
0.9513871890847568
0.9517365884358657
0.9522358380470172
0.9530680878592672
0.9544932926729686
0.9557070674040796
0.9568202311271036
0.958177075955347
0.9591430784907852
0.9599
0.9599092748911555
0.9599278246734666
0.9599649242380888
0.9599824621190444
0.96
0.9600092748911555
0.9600192631326742
0.9600392396157115
0.9600668423545605
0.9600977708903643
0.9601331016867876
0.9601730089958846
0.9602155737923971
0.9602672070442393
0.9603318844146752
0.960404262738914
0.9604804789842764
0.9605690332939117
0.9606782277672795
0.9608303809885412
0.961072448215911
0.9613999831632674
0.9618719012029396
0.9626323777516391
0.9641533308490381
0.9663010317154139
0.9693057773702282
0.9699
0.969904814878115
0.969914444634345
0.9699337041468049
0.9699507626410858
0.9699688688697788
0.9699844344348894
0.9699922172174447
0.97
0.970004814878115
0.9700098286069724
0.9700198560646872
0.9700375502932922
0.9700539747312674
0.9700718385164866
0.9700925534030126
0.9701184296220005
0.9701492492729781
0.9701818480666257
0.9702164831386755
0.9702570613182595
0.9703058256658276
0.9703580987954643
0.9704209069111859
0.9705039780172214
0.9706031411248534
0.9707180685756099
0.9708505498357911
0.9710014615297223
0.9711743269616844
0.9713729022067588
0.9716006970793323
0.9718580053045314
0.9720720221222201
0.9722874336066496
0.9725542228512224
0.9727567368923457
0.9730023205626075
0.9733844503613533
0.9740678119199013
0.9747334279011455
0.9753903557539403
0.9762185537819221
0.9768027464231963
0.977462694556944
0.9784029139246656
0.9799
0.9799058640877637
0.9799175922632911
0.9799410486143459
0.9799598493422481
0.9799762551726917
0.9799881275863458
0.98
0.9800058640877637
0.9800129513653754
0.9800246688539261
0.9800392272333128
0.9800549820369612
0.9800706845163335
0.9800852047972339
0.9800998268900748
0.9801163644222106
0.9801391817832106
0.9801640168093275
0.980184505606076
0.9802039217242391
0.980220616918619
0.9802370770941695
0.9802567765354577
0.9802810480436902
0.9803051098148476
0.9803279548200279
0.9803527552221307
0.980381422759373
0.9804180792496103
0.9804570493091638
0.9804954496039834
0.9805362336750431
0.9805819669565214
0.9806362196016037
0.9807026160112923
0.9807904881583359
0.9809158658848992
0.9810984518054354
0.9813811362387883
0.9816527689970828
0.9818614300903348
0.9820810826606007
0.9823681622760073
0.9825792396570368
0.9828031857603963
0.9831090506146317
0.9835635205066549
0.9844724602907011
0.9856022645402398
0.9866996838595671
0.9881888461176216
0.9892522777516092
0.9899
0.9899129073405636
0.9899387220216908
0.9899693610108453
0.9899846805054227
0.99
0.9900129073405636
0.9900253676413706
0.990041960463306
0.9900687820494709
0.9900946464978617
0.9901247456410501
0.9901601146167782
0.9901986554479031
0.9902474715939856
0.9903095641909418
0.9903841477556243
0.9904707514600469
0.9905712913691155
0.9906843862531997
0.9908270283879111
0.9910242186436913
0.9913541839882103
0.9917819792393643
0.9923094281594166
0.9929661782684847
0.9937897999948023
0.9946142533917507
0.9953240033799937
0.9962116313643977
0.9968567314998378
0.9975842953111048
0.9986423611304645
0.9999
0.9999036130813304
0.999910839243991
0.9999252915693124
0.9999393124154511
0.9999512572260313
0.9999639812851083
0.9999787133644401
0.99998935668222
1.0
