0.0
0.001
0.003
0.007
0.0099
0.009903243678491281
0.009909731035473842
0.009922705749438964
0.009934977841085936
0.00994504729774324
0.009954944944308285
0.009966461536528389
0.009981143807585713
0.009991799322994195
0.01
0.01000324367849128
0.01000705846365697
0.01001468803398836
0.01002459626600564
0.01003807139820715
0.01005202234233141
0.01006829330643954
0.01008741277591156
0.01010661069431605
0.01012530285028064
0.01014894294060911
0.01016809201066762
0.01019728381013293
0.01022235658443072
0.01025307504348942
0.01029354420419583
0.0103267269473213
0.01036179389969127
0.01040904665982709
0.01047117230356684
0.01054197525209892
0.01062008749629443
0.01070884645350186
0.01081485447173772
0.01094628596325725
0.01111313265790141
0.01133092401108165
0.01162813287887472
0.01181162655294797
0.01198466492356648
0.01219155484414628
0.01235838208825141
0.01252819054152392
0.01273228251516314
0.01298548634018255
0.01337001955739744
0.01413908599182723
0.01517073424565899
0.01635872725623716
0.01777304894192266
0.01948219554363259
0.0199
0.01990603917048693
0.01991811751146079
0.0199286270800833
0.01993982694861512
0.01995216405771857
0.01996550219214102
0.01998282306779129
0.01999141153389564
0.02
0.02000603917048693
0.02001364761650183
0.02002252451659766
0.0200319934223746
0.02004403005240454
0.02006087661427312
0.02007458795927943
0.02008725800831884
0.02010049830181304
0.0201151299719527
0.02013263171867058
0.02015337770668224
0.0201723753145028
0.02019295122926526
0.02020786556690415
0.0202251865954036
0.02024272751970168
0.02026367199150396
0.02028384326940823
0.02031029702315296
0.02033388527491415
0.02035989384054008
0.02039174452287577
0.02043251303850003
0.02049050909503539
0.02057904874302664
0.02070896611244297
0.02091169445903682
0.02127623564740238
0.02174867134196249
0.02237044873306098
0.02319828619499703
0.02432728476124681
0.02568362734215628
0.02699341821047155
0.0279416511525899
0.02883870169687719
0.02985572990610161
0.0299
0.02990949394439559
0.02992848183318677
0.02994804529432988
0.02996764955489292
0.02998735965902131
0.03
0.03000949394439559
0.03001910133624409
0.0300291996929686
0.03004616066042113
0.0300654048245512
0.03008749943521886
0.03010832092024871
0.03013289330292242
0.03016101944080619
0.03019267033301741
0.0302319836413049
0.03028160280713139
0.03033924963003302
0.03040605242796794
0.03048346077974966
0.03057323948620735
0.03064793726120879
0.03070402458245129
0.0307481731653142
0.03078438125006134
0.03081558933647405
0.03084391514637341
0.03087070254666588
0.03089696929653359
0.03092369048679482
0.03095215820436038
0.03098503285152194
0.03103576590324934
0.03107450164099343
0.03110261831187337
0.03112723243721584
0.03114945436855681
0.03117082917767273
0.03119303202151563
0.03121832433682164
0.03125579580575612
0.0312905865171529
0.0313179084909994
0.03134480429301709
0.03137327243026555
0.03140542376446429
0.03143786629230577
0.03147273039600435
0.03151641749581556
0.03154680074203748
0.0315771006277381
0.03160436298408138
0.03162978667523138
0.03165583307313299
0.03168442869280703
0.03172041930025091
0.03174894825006352
0.03178770457807973
0.03182388886986705
0.03185978836566668
0.03189873184142017
0.03194389493128861
0.0319969873564814
0.03205982521217534
0.03213984547392852
0.03224999386327854
0.0324232436906054
0.03261026982227994
0.03282039959083941
0.03305666466371717
0.03333699849118205
0.03360424703644697
0.03387169061364213
0.0342309095551452
0.0346951506204534
0.03508039656803504
0.03551480229744699
0.03600595628462518
0.03671295501798151
0.03788430910647791
0.03924740560641644
0.0399
0.03993105049734513
0.03996552524867257
0.04
0.04003105049734514
0.04006263043541994
0.04009605851480124
0.04015133203652765
0.04021828791574625
0.04028853183488243
0.04037035567132222
0.04046167110782126
0.04056239967559189
0.04068268526456139
0.04082553861683706
0.04097470424136112
0.04114568701418625
0.04135335998456248
0.04162344145670697
0.04195837271755412
0.04236135862835747
0.04285877424891038
0.04349964176113547
0.04438294633368422
0.04573579220759645
0.04807019854301531
0.0499
0.04990676846920317
0.0499203054076095
0.04993665703919289
0.04995469611263561
0.04997023372959376
0.04998646490724912
0.05
0.05000676846920317
0.05001640152426948
0.05002730436739748
0.05004506501258402
0.05005878614128909
0.05007565120223677
0.05009360919751117
0.0501202237577139
0.05014843548338686
0.05017056474274276
0.0501953179193233
0.05023266215716957
0.05026236149903393
0.0503056381507918
0.05035757329529292
0.05041691810720775
0.05048685376744837
0.05057243871093547
0.05067907282348583
0.05079475485849752
0.05087674475598762
0.05098979567277615
0.05107864825863958
0.0511663543021386
0.05127802412667512
0.0514959768422095
0.051723259871888
0.05205394243512566
0.05228951897010657
0.05254025410141116
0.05289578980612986
0.05333862474075737
0.05383217633687197
0.054390434292631
0.05481337883089426
0.05524451223871089
0.05591516217001121
0.05682132597572555
0.05822951605238263
0.0599
0.05990773229190205
0.05992319687570614
0.05994231793845228
0.05996193734881386
0.05997993045739951
0.05998996522869975
0.06
0.06000773229190205
0.06001669386036873
0.06002860552666488
0.06004430763930031
0.06006163698418221
0.0600813051056958
0.06010281692469296
0.06012435757628975
0.06014915568311131
0.0601786051497763
0.06020959448979935
0.06024526663604575
0.06028977759930034
0.06032101852303111
0.06035196383045136
0.06037675165962927
0.06039626926417568
0.06041850721874664
0.06043171651819468
0.06044643613234819
0.06046021366735195
0.060476083647495
0.06049098934981953
0.0605208007544686
0.06054067374135418
0.06055996679694326
0.06058367343984365
0.06060617972805925
0.0606327682674347
0.06066706878941901
0.06071277116555267
0.06077366510782464
0.06085550400717075
0.0609611379152504
0.06108266200323811
0.06122893077893771
0.06139353170838364
0.06157363154827343
0.06178085908326041
0.06202032140832098
0.06231485342353057
0.06269577399167896
0.06322081700112202
0.06401491044900931
0.06516543929283121
0.06646129517666179
0.06805133913884971
0.0699
0.06991276095218853
0.06993828285656557
0.06996914142828278
0.0699845707141414
0.07
0.07001276095218853
0.0700265089688359
0.0700416350182876
0.07006239471417712
0.07008124332182207
0.0701044042867471
0.07012327489848208
0.07015108498076546
0.0701793619245852
0.07021565830182992
0.07024323217388082
0.07028546962966202
0.07032146254730647
0.07036264595660838
0.07041452626362626
0.07047927072874965
0.07056227824804762
0.07067341259219337
0.07083407229313572
0.07100210533913572
0.07115089147899821
0.0713104191980509
0.07148347445563304
0.07161160264642985
0.07170141495925572
0.07182837699055143
0.0720024348220727
0.07214488196865276
0.07229826717864675
0.07246469971793365
0.07266405860494993
0.07293011866503614
0.07331724904247415
0.07395342819622762
0.07480631680870957
0.07544618656806303
0.07591527531133016
0.07644367219119692
0.07721404840957925
0.07788276650301582
0.07860087690488453
0.07967785055325284
0.07990000000000001
0.07990910694400798
0.0799273208320239
0.07994777092585503
0.0799665132859796
0.0799832566429898
0.08
0.08000910694400797
0.08002077519060752
0.0800313836898223
0.08005260068825185
0.08006567788153711
0.08007885122591143
0.08009405508280049
0.08011154474528231
0.08013459419783439
0.08015506502642326
0.08017341132432915
0.08019153656787123
0.08021168925485155
0.08024038682975934
0.08026228753318851
0.080280815034703
0.08029960856992262
0.08031953823339895
0.08034114113776582
0.08036160570624472
0.08037756470002984
0.08039061030904242
0.08040362916359861
0.08042326921412515
0.08043881306918745
0.08045199928476783
0.08046594510666927
0.08048155683358771
0.08050119392559979
0.08052839701454756
0.08055940829644764
0.08058420829310499
0.08060478350836467
0.08062343957963995
0.08064199388731824
0.0806648989059699
0.08068110170634095
0.08069801594030533
0.08071298748412593
0.08072658930985066
0.08073996926258573
0.08075378684349906
0.0807694919404212
0.08079297480458314
0.08081419023563009
0.08083102891486842
0.08084777122756334
0.08086561316440394
0.0808861991148924
0.08091191641449981
0.0809462743051515
0.08099181140366357
0.08106061372899871
0.08117785524483226
0.08137653816843207
0.08159867020681884
0.0818464579956148
0.08212829638410456
0.08244978048341417
0.08282136467474271
0.08325340242820298
0.0837568087179054
0.08434426201424854
0.08503099983373567
0.08583361683496073
0.08677819928842505
0.0878782551620069
0.08922029075230524
0.08990000000000001
0.08990368211650578
0.08991104634951731
0.08992577481554039
0.08993872446144002
0.08995054217619522
0.08996387002624229
0.08998044661228906
0.08999022330614453
0.09
0.09000368211650576
0.09000840048412975
0.09001783721937773
0.09003043872800498
0.0900427215966017
0.0900569397448541
0.09006957061345947
0.09008068826963077
0.09009128317681932
0.09010217560947593
0.09011543934458954
0.0901269669602536
0.09013912944145765
0.09015002365964679
0.09016026735706778
0.09017008903753292
0.09017913008361797
0.09018725581847253
0.09019468509184159
0.09020187406351865
0.09020958169624836
0.09022021119309488
0.09023106982827023
0.09023928804074526
0.09024725155888087
0.0902556810039506
0.09026525493600727
0.0902772303519945
0.09029030096462591
0.09030243891627494
0.09031428960270059
0.0903270801459334
0.09034218110382555
0.09035573507751375
0.0903658176489132
0.0903745508528383
0.09038284972433773
0.09039092849314685
0.09040014211312779
0.09041242059284549
0.0904225608821881
0.09043074250424757
0.09043839016739222
0.0904459677514969
0.09045417831146207
0.09046425837837366
0.09047895754831149
0.09049554278462575
0.09050920453396027
0.09052283401179276
0.09053609488749818
0.09055119028199712
0.09056800495918728
0.09058736373110936
0.09061054321783218
0.09063458356088525
0.09066944525540688
0.09071308681694437
0.09078217918067143
0.09083734776126964
0.09092496142021106
0.09099197951969035
0.09107331079815824
0.09114884523009391
0.09122676005244841
0.09131828573912242
0.09143244535651297
0.09158306111197277
0.09179175223380429
0.09209925380617599
0.09245064576271117
0.09285022394893118
0.09330932967674893
0.0938391291321144
0.09445767000488373
0.09518589228119759
0.09604277238230298
0.09629199128468713
0.0967044797706168
0.09710929376443919
0.09752552277720176
0.0983071072028133
0.09985882672344384
0.0999
0.09990865874673342
0.09992597624020026
0.09993857109815697
0.0999521616213629
0.09996473371178499
0.09997565043497889
0.09998676023784683
0.09999776003123864
0.1
0.1000044799375227
0.1000101258670014
0.1000147457797157
0.1000219810401668
0.1000323899255939
0.1000476610532985
0.100062569222597
0.1000751205765596
0.1000872963479933
0.1000999421671917
0.1001138217406521
0.1001303991248663
0.1001518545120628
0.1001747484214974
0.1001942087165328
0.1002105765014785
0.10022312198674
0.1002341470356212
0.1002443981638825
0.1002579532556569
0.1002677492885378
0.1002759616903339
0.1002833497942309
0.1002899429571818
0.1002958509536978
0.1003039388673912
0.1003096190296732
0.1003157319840391
0.1003214272076899
0.1003263726800449
0.1003307331756487
0.1003345800005651
0.1003380009081594
0.1003410912826748
0.1003439273165951
0.1003465734435018
0.1003490883183532
0.1003515302500801
0.1003539659057637
0.1003564853826722
0.1003592387615461
0.1003625736637117
0.1003683543778781
0.1003726506617421
0.1003762412010562
0.1003799404872155
0.1003838425158354
0.1003881980176349
0.100393229630863
0.100399193890853
0.1004064849595314
0.1004116646836484
0.1004155800899686
0.1004190420179657
0.1004223314187261
0.1004258248810944
0.1004301378704476
0.1004347329852585
0.1004389750760527
0.100443113757411
0.1004474763342147
0.1004523740999415
0.1004582757459667
0.1004640982897521
0.1004697850406918
0.100475824915822
0.1004825762342372
0.1004907977691907
0.1005009389620048
0.1005146410764534
0.100528215897766
0.1005318330454941
0.1005390673409502
0.1005423524083655
0.1005454991834096
0.1005495704830066
0.1005533409865112
0.1005567527792966
0.1005608585354531
0.1005672318680907
0.1005796944522349
0.1005948089484445
0.1006135033025669
0.1006369247319671
0.1006656011102731
0.1007036523415501
0.1007630498216905
0.1008469733973871
0.1009762520040335
0.1011471303391824
0.101369406863659
0.1016606396088549
0.1020491046637696
0.1025878006889656
0.1033839552959449
0.10452028891712
0.105943501174114
0.1076995089537838
0.1098316469035466
0.1099
0.1099043524831897
0.1099130574495691
0.1099290965198808
0.1099445454836034
0.1099615815678805
0.1099811318839042
0.11
0.1100043524831897
0.1100130574495691
0.1100240733260262
0.1100388048571244
0.1100521187541738
0.1100719679065479
0.1100937069266531
0.1101179681833772
0.110141038560595
0.1101661983963143
0.1101934005055501
0.1102189713497538
0.1102445097930971
0.110273820287426
0.110305685765523
0.1103357464196022
0.1103620460246728
0.1103884001723696
0.1104167573723805
0.1104501176261105
0.110485032653767
0.1105135349456851
0.1105354113352179
0.1105553462760078
0.1105797522161813
0.1106079722070153
0.1106291496852832
0.1106504850669128
0.1106741269784816
0.1107030804575094
0.1107433383772685
0.1107835552884618
0.1108163867001244
0.1108449413791364
0.1108718783703199
0.1109008112591253
0.110923132695726
0.1109519976327714
0.1109751652122141
0.1109952432485615
0.1110147119570334
0.1110343674077557
0.1110563006351222
0.1110864425267411
0.1111211355884476
0.1111467412890802
0.1111713357734726
0.1111974564700667
0.1112270447122253
0.1112641289602518
0.1113117243897692
0.111377939694906
0.1114771758541128
0.1116433325383282
0.1119236963326374
0.1122387578341094
0.1125919837436865
0.1129956256208177
0.1134587715305001
0.1139977639470277
0.1146295839509111
0.1153698970745531
0.1162209190889837
0.1172584268557496
0.1184846244442049
0.1199
0.1199047526994116
0.1199142580982347
0.119933268895881
0.1199496893949594
0.1199672091775912
0.1199836045887956
0.1199918022943978
0.12
0.1200047526994116
0.1200099446841209
0.1200195503225454
0.1200355241283749
0.1200501319389503
0.1200667480573624
0.1200859388665251
0.1201083838359272
0.1201330581468544
0.1201615517207743
0.1201937954876388
0.1202284648394602
0.1202644713066126
0.1203131261815243
0.1203497147461644
0.1203989614550914
0.1204603617302742
0.1205344806318681
0.1206214233180946
0.120739663580718
0.1208271202820802
0.1209888986831787
0.1211963285154333
0.1214216843650404
0.1216881487165184
0.1220181271276536
0.1224352282324699
0.1227597616946101
0.123159177778719
0.1234988439350685
0.1238008430362867
0.124180369606864
0.1249394227480186
0.1261223507646126
0.1274555100930655
0.1290761671022737
0.1299
0.1299029869044906
0.1299089607134717
0.1299209083314339
0.1299346679988442
0.1299475357270188
0.1299615710132787
0.1299780792189228
0.1299890396094614
0.13
0.1300029869044906
0.1300076360028336
0.1300169341995197
0.1300298800198859
0.1300426014627181
0.130057985441356
0.130074592769328
0.1300898227933852
0.1301029354842845
0.130114876890837
0.1301266190286911
0.1301396826088059
0.1301543251711202
0.1301695913318922
0.1301818696516855
0.1301930260469511
0.1302033847910174
0.1302127219962585
0.1302211553350403
0.130229040510919
0.1302369809088144
0.1302461959905787
0.1302545335966224
0.1302641079970775
0.1302726584368478
0.1302811397565361
0.1302903481268655
0.13030085246422
0.1303138070003352
0.1303276977645245
0.1303409100045693
0.1303539817364603
0.1303685611880984
0.1303866239171208
0.1303999178217952
0.1304102934864758
0.1304197289188731
0.1304287543388686
0.130438257879851
0.1304497252074514
0.1304613369101601
0.1304742250221694
0.1304857010055167
0.1304971682635631
0.1305096380452594
0.1305239496973194
0.1305415738562508
0.1305620044087063
0.1305917162258821
0.1306144926339046
0.1306335616883172
0.130655082096769
0.130673992340659
0.1307067355205029
0.1307441677517928
0.1307729671215224
0.1308046226037132
0.1308340182926357
0.1308642167367245
0.1308989929006003
0.1309414321904487
0.1309961048416898
0.1310700041177786
0.1311727054489317
0.1313253802681628
0.1315569950851361
0.1318194486745956
0.1321163351624939
0.1324564623013894
0.1328475960910535
0.1333022863315363
0.1338338041948798
0.1343667631958292
0.1350872551509635
0.1359110394282986
0.1369028655500685
0.1378073580408403
0.138677803167359
0.1396311358592123
0.1399
0.1399087061637076
0.1399261184911228
0.1399499627201892
0.1399729786302449
0.1399864893151224
0.14
0.1400087061637076
0.1400173050690819
0.1400300764213663
0.1400512716962854
0.1400698003414797
0.1400929139700693
0.1401205312872022
0.1401521275111832
0.1401832197278798
0.1402159981825775
0.1402531839775058
0.1402940867220643
0.1403404605732551
0.1403924371025339
0.1404461036594506
0.140505220455166
0.1405773785337057
0.140673696703366
0.1408205672325278
0.1409401208952118
0.1410687147088576
0.141173701512413
0.141304676657688
0.1414132407051353
0.1415243843990945
0.1417164038539265
0.1419666002726647
0.142466993110141
0.1431984614372417
0.1441660244507892
0.1452873654821961
0.1465933818635596
0.1481799840299746
0.1499
0.149906245378687
0.1499187361360611
0.1499437176508093
0.1499616854257109
0.149983274650066
0.15
0.150006245378687
0.1500148180374793
0.1500290590269119
0.1500471274722235
0.1500632925481813
0.1500848025610473
0.150107464565043
0.1501339041094904
0.150159640573071
0.1501897112879459
0.1502245586503338
0.1502610061337728
0.1503043285643888
0.1503593679865718
0.1504248164685101
0.1505019132638655
0.1505907789809692
0.1506553341470306
0.1507804055414154
0.1509471974378238
0.1511474757977913
0.1513897143721102
0.151684961792673
0.1520534329645235
0.1525289947966755
0.153136287721186
0.1538029737772093
0.1543820702173484
0.1546716184374179
0.1551326475055161
0.1556314649610113
0.1563198085742565
0.1572964535699262
0.1588795508650038
0.1599
0.1599062283151189
0.1599186849453566
0.1599435982058321
0.1599631276511601
0.1599838597836748
0.1599919298918374
0.16
0.1600062283151189
0.1600125820442736
0.1600226774386263
0.1600403980576824
0.1600591518361622
0.1600787930376358
0.1601013048279029
0.1601278122955683
0.1601584574624291
0.1601933064787528
0.1602244844847703
0.1602524397122586
0.1602798556547713
0.1603104230600186
0.1603394424882462
0.1603727634325397
0.1604015339366479
0.1604296815790683
0.1604599123898198
0.1604940643365218
0.1605292833423151
0.160558531275012
0.160581565363952
0.1606029730151729
0.1606298962343982
0.1606592917283029
0.160681921039982
0.1607048989316446
0.1607303920977545
0.1607617055188637
0.1608051345052228
0.16084912790067
0.1608849558906481
0.1609159684238219
0.1609451327793153
0.1609763157114497
0.1609911483942555
0.1610208137598671
0.1610273800064613
0.1610405124996497
0.1610550791365511
0.1610659453190319
0.1610767742433197
0.1610884860692646
0.1610984170910435
0.1611096083502942
0.1611162771577673
0.1611236977652329
0.1611295579038836
0.1611357789648534
0.1611421403545384
0.1611486132383788
0.1611568034262678
0.16117015951845
0.1611962693274223
0.1612232963106493
0.1612502016879552
0.1612788403396353
0.1613102174926381
0.161347423355419
0.1613922711969263
0.1614509614941292
0.1615208267169192
0.1616009599569272
0.1616931443485159
0.1617993758674525
0.1619223019572558
0.1620649815410274
0.1622307707233394
0.1624234943477391
0.1626475201147688
0.1629079619727894
0.1632107949812185
0.1635630750210851
0.1639731931719444
0.1644511745177664
0.1650092658931006
0.1656626757798005
0.1664307919973143
0.167339047904928
0.1684218624903346
0.1697374815243692
0.1699
0.1699125062255095
0.1699375186765286
0.1699630032017936
0.1699815016008968
0.17
0.1700125062255095
0.1700235014194849
0.1700366507813988
0.170056699219101
0.1700737891285276
0.1700931057818537
0.1701171177752464
0.1701426504247659
0.1701662694066617
0.1701922903265149
0.1702241166236272
0.1702657403984375
0.1703329185205233
0.1704015996745504
0.1704729551839969
0.1705487975725024
0.1706298789638138
0.1707192144970579
0.1708174948707654
0.1709326831500851
0.1710730869246089
0.1712537726483732
0.1715021306578491
0.171837718396822
0.1722207376495595
0.17265809655974
0.1732119779184844
0.1739944803399221
0.1753865718246521
0.1773212130962011
0.1798069177693656
0.1799
0.179903834662453
0.1799115039873589
0.1799241979884193
0.179933939632144
0.1799431484722549
0.1799522592016145
0.1799614985725162
0.1799730674318777
0.1799800412232569
0.1799872118718142
0.1799936645993009
0.1799968322996504
0.18
0.180003834662453
0.1800070704864567
0.1800109307385959
0.1800171154718489
0.1800268611725279
0.1800349003263211
0.1800427078468838
0.1800495599459136
0.1800560674966921
0.1800631794272051
0.1800728007725113
0.1800849843000736
0.1800941352045553
0.1801032230265567
0.1801132078166219
0.18012524253456
0.1801407385170739
0.1801630945011497
0.1801991409546363
0.1802453841460294
0.1802919309332824
0.1803323575770575
0.1803688395122491
0.1804042187010498
0.1804425428025657
0.1804856955251315
0.180532109350448
0.1805663719873187
0.1805950771586464
0.1806204387843013
0.1806433213320129
0.1806655861193244
0.1806895011533805
0.180721465367645
0.1807570218851568
0.1807831427682184
0.1808082081205274
0.1808348130664563
0.180865047190948
0.1809020861197832
0.1809408961411421
0.1809824913924444
0.1810138111514006
0.1810464143644396
0.1810747264693041
0.1811009320789122
0.1811279182898759
0.1811585340004667
0.1812045175925107
0.1812478409231064
0.1812827754678199
0.1813179670970863
0.1813558632354958
0.1814012340422408
0.1814573252556098
0.1815334691112662
0.1816435751928812
0.1818154282467146
0.1820095209177916
0.1822219926312723
0.1824692061993241
0.1827722971851146
0.183150072881065
0.1836364879113973
0.1842013967773297
0.1848570674997141
0.1856238405862583
0.1865331376376967
0.1876111952498748
0.188867083029852
0.1899
0.1899059346288783
0.1899178038866348
0.1899415424021479
0.1899648490205658
0.1899824245102829
0.1899912122551415
0.19
0.1900059346288783
0.190011407051905
0.1900223518979585
0.1900426313903363
0.1900641947289848
0.1900885946622962
0.1901193873181028
0.1901522574522244
0.1901866724090479
0.1902282691999848
0.1902792265060379
0.1903324334126554
0.1903856461321678
0.190447084066781
0.1905260942244665
0.1906258138493858
0.1907384220777164
0.1908651128476312
0.1910071103365429
0.1911647198997752
0.1913164305968214
0.1915000681084796
0.1917307899001142
0.1919991622901498
0.1922820996696948
0.1925956161868261
0.1929955959607927
0.1935653142746541
0.1945199247859988
0.1961413917155116
0.1981122426298754
0.1999
0.1999131322043436
0.1999393966130308
0.1999696983065154
0.2
0.2000131322043436
0.2000295393988595
0.2000531637930094
0.2000876108676697
0.200121776332205
0.2001578998379092
0.2001996375200679
0.2002440320602197
0.200291878345417
0.2003487403015604
0.2004141826974344
0.2004843450907979
0.2005579779803127
0.2006462392803774
0.2007423139110389
0.2008501498770869
0.2009830654835843
0.2011626776893081
0.201414842564021
0.2017428321578958
0.2021559629595867
0.2027446789231084
0.2035949882449582
0.204761133228767
0.2062065428404209
0.2079906403368969
0.2099
0.2099029329890382
0.2099087989671147
0.2099205309232676
0.209931336240575
0.209942382122804
0.2099539276092067
0.2099664693243716
0.209981487632569
0.2099907438162845
0.21
0.2100029329890382
0.2100069960466228
0.2100151221617919
0.2100245309663281
0.2100350791334753
0.2100451478597904
0.2100545042119814
0.2100645779601983
0.2100764043524903
0.2100888988633378
0.210102235396918
0.2101159174338499
0.2101319091969395
0.2101503800868048
0.2101687518346137
0.2101884159805354
0.210211357368792
0.2102384489467879
0.210267034672603
0.2102947205063026
0.2103248518906602
0.2103613535954532
0.2104054234332753
0.2104474077626761
0.2104901941993908
0.2105307023166532
0.2105637076755212
0.2105922951347772
0.2106219501613499
0.2106493174067892
0.2106843601336681
0.2107234526162343
0.2107607607099125
0.2107997255181977
0.210841309809086
0.2108850477778331
0.2109351535778991
0.2109959114714382
0.2110731052138867
0.2111537998650803
0.2112351795337337
0.2113241159463967
0.2114006045013286
0.2114578410880036
0.2115093415208853
0.2115695740065984
0.2116425810794859
0.2117466235425853
0.211819716064375
0.2119093548971993
0.211993973107077
0.2120863553772616
0.212201229458534
0.2123541750063445
0.2125747141022679
0.2128806652656449
0.2132427103807353
0.2136439688470254
0.2141192554219634
0.2147322184257993
0.2152827929870932
0.2156882226205532
0.2160319341747667
0.2163990554807505
0.2166439193532543
0.2168964967784086
0.2171295531323925
0.2173717443725763
0.2176878457678541
0.2180220005101724
0.2183527227074902
0.2186798574056883
0.2190349747916839
0.219459939101616
0.2199
0.2199048620236771
0.2199145860710313
0.2199340341657396
0.2199503171475286
0.2199673387040933
0.2199815001755846
0.2199907500877923
0.22
0.2200048620236771
0.2200103035653942
0.2200187945767399
0.2200281486588161
0.2200373750366088
0.2200463367861221
0.2200557129132404
0.2200667911818885
0.2200764187594585
0.2200835489626539
0.2200899447652779
0.2200962416402181
0.2201031208109937
0.220112365444544
0.2201246864252774
0.2201334384586832
0.2201417968821462
0.2201507211749401
0.2201610919491367
0.2201737481441167
0.2201907131857607
0.2202149136382522
0.2202525497891558
0.220299204488918
0.2203564640763175
0.2204026217254375
0.2204446791143684
0.2205287938922303
0.2206685857938331
0.2208008845131345
0.2209699692267585
0.2211524971017597
0.2214137428833059
0.221745444770373
0.2221970522847896
0.2228741956838397
0.2240695495864378
0.2263125259449273
0.2291793736263104
0.2299
0.2299056347237994
0.229916904171398
0.2299394430665953
0.2299562750163572
0.229973522770112
0.229986761385056
0.23
0.2300056347237993
0.2300130887230173
0.230023949166799
0.2300417969689682
0.2300590260872824
0.23007719246342
0.2300979389135541
0.2301218302034356
0.2301499268423755
0.2301747323810647
0.2301961712645131
0.2302161019953363
0.2302361060031383
0.2302595536414318
0.2302851288198448
0.2303081926501807
0.2303276955864633
0.2303453590503737
0.2303613205303911
0.2303756994933155
0.2303890602322086
0.2304022889959375
0.2304169846752772
0.2304407796931489
0.230458253640092
0.2304725622872905
0.2304871915244965
0.2305028768321658
0.2305219655538892
0.2305446025453315
0.2305665755709508
0.2305893984008565
0.2306191793131245
0.2306373556603074
0.2306555582969696
0.2306719599121069
0.2306871062831387
0.2307027599417677
0.2307204890212819
0.230746644662819
0.2307717335226803
0.2307916540129949
0.2308115076848012
0.2308327310003996
0.2308579105407042
0.2308887064750062
0.230929902541061
0.2309884040785889
0.2310787387411672
0.2311830698191813
0.2312958638228277
0.2314247108593823
0.2315719343747464
0.2317529063024562
0.2319887557512061
0.2323069057193165
0.2326747930138579
0.2330721652703427
0.2335588741601491
0.2341088432520532
0.2347714785896905
0.2355565373320415
0.2364904763388267
0.2375785548185839
0.2388446944217883
0.2399
0.2399072230964586
0.2399216692893759
0.2399505616752105
0.239975241777947
0.24
0.2400072230964586
0.2400183527834392
0.2400361652476223
0.2400591300700011
0.2400832697504828
0.2401086265275491
0.2401377653472624
0.240171797225018
0.2402103768452754
0.2402487248653182
0.2402937322730011
0.2403543993961248
0.2404221286919835
0.2405014579627328
0.2405599669232804
0.2406580690073753
0.2407522363633585
0.2408848163971826
0.2410714744172958
0.241274037460782
0.2415439805848721
0.2418833468652265
0.2423378175763737
0.2429336743553802
0.243731274091136
0.2448605308716691
0.2460248598592813
0.2471266889283125
0.2482265590623238
0.2491178888680295
0.2499
0.2499115720576771
0.2499347161730313
0.2499673580865157
0.25
0.2500115720576771
0.2500265717417163
0.2500482385541972
0.2500764139283502
0.2501110633268439
0.2501447555660085
0.2501829908577856
0.2502251914800727
0.2502774967159055
0.2503305097430102
0.2503904167803511
0.2504582875081779
0.2505365194015233
0.2506353798901669
0.2507578306505969
0.2507982354384836
0.250872859869279
0.2509495343670905
0.2510363974731647
0.2511902294267228
0.2514978933338389
0.2520628258674358
0.2530192513689623
0.2541395742403184
0.2556273201553209
0.2575147465111986
0.2599
0.259923888700814
0.259961944350407
0.26
0.260023888700814
0.2600472782400896
0.2600792766179686
0.2601257398893744
0.2601752003103591
0.2602274714881392
0.2602892081594823
0.2603607001198674
0.2604474652622558
0.2605391601505435
0.2606477949976469
0.2608045841601316
0.2610024851819985
0.2612555492883902
0.261581402305497
0.2619447507295997
0.2623605099136033
0.2628992076443027
0.263695429146927
0.2652878721521755
0.2675886668043681
0.2699
0.2699070788284303
0.2699212364852909
0.269937904847554
0.2699536807657135
0.2699766158554309
0.27
0.2700070788284303
0.2700186419783263
0.2700283257670766
0.2700458841470288
0.2700667054940303
0.2700849367414619
0.2700999639180269
0.2701131989622177
0.2701260293405854
0.2701407153727479
0.2701542491669873
0.2701690635127846
0.2701823969887287
0.270195642365848
0.2702098094719266
0.2702250649942763
0.2702396890947041
0.2702510588742508
0.2702601708178279
0.270269186778011
0.2702829536455089
0.2702936380066246
0.2703028071732285
0.2703126009254483
0.2703236867329112
0.2703378666767297
0.2703576328639338
0.2703800362557169
0.270397624955836
0.2704120208967458
0.2704249848315781
0.2704378312623554
0.2704535836686542
0.2704651247764963
0.2704772611701512
0.2704879962691601
0.2704977245399324
0.2705071692151071
0.2705167095371711
0.270527165904158
0.270541030763795
0.2705580777065751
0.2705701208541955
0.2705815097628571
0.2705935793170136
0.2706071920198576
0.2706243050846958
0.2706463606105106
0.270677240621895
0.2707237155979617
0.2708025647999933
0.2709500386280897
0.271115131952485
0.271298919086826
0.2715086568776262
0.2717482530281256
0.2720258660625524
0.2723495039023817
0.2727274338720508
0.27316899859262
0.273685148954886
0.2742892505763802
0.2749979688073592
0.2758257563544427
0.2768041263011971
0.2779417960998028
0.2790361947087608
0.2799
0.2799123164689273
0.279936949406782
0.279968474703391
0.2799842373516955
0.28
0.2800123164689274
0.2800243221745176
0.2800405710932852
0.2800630894759646
0.2800875973585598
0.2801151489470339
0.2801442689393935
0.2801774284177846
0.280221256478513
0.2802696079824565
0.2803230989799876
0.280385552729118
0.2804688584117436
0.2805876034543378
0.2808068958506998
0.281245480643424
0.2818520324419519
0.2824887531572373
0.2830945644777746
0.2837583388888223
0.284477458958929
0.2855945109299564
0.2876493179768341
0.2896577382898488
0.2899
0.2899072215433643
0.2899216646300929
0.2899488510144516
0.2899680976467068
0.2899872353440952
0.29
0.2900072215433643
0.2900153522090904
0.2900294579224518
0.290048187705441
0.2900670744459993
0.2900883223077451
0.2901113048514756
0.2901402144669751
0.2901782892601436
0.2902234969182638
0.2902597131866598
0.2902955736562595
0.2903241273563738
0.290360105961611
0.2903991599767232
0.2904398699445748
0.290479749368502
0.290526663108603
0.2905703134919925
0.2906196075392361
0.2906782219232179
0.2907509390707337
0.2908455304698987
0.2909764042219055
0.2911555449217953
0.2913565597027954
0.2915820144090798
0.2918375800371445
0.292136365964813
0.2924992928601977
0.2929943720313272
0.2937033567347679
0.2949314276052024
0.2969232780232999
0.2992887325436634
0.2999
0.2999072645233559
0.2999217935700676
0.2999508516634911
0.2999732050591494
0.2999866025295747
0.3
0.3000072645233559
0.3000174980950023
0.3000311648829232
0.3000525464743388
0.3000714888796182
0.3000955825187004
0.3001245024956776
0.3001563058816122
0.3001928589050562
0.3002345171185545
0.3002808748407977
0.3003322208335221
0.3003904515540876
0.3004459270152294
0.3004964934608657
0.3005781393361914
0.3006537974997864
0.3007233957158156
0.3007951686269416
0.3008855042775452
0.3009343687891132
0.3009854864268154
0.3010298140206081
0.3010687587826464
0.301108177520619
0.3011526940517726
0.3012276936951062
0.3012823141269581
0.3013279621206496
0.3013753455135098
0.3014268782404299
0.3014909221284393
0.3015718726149159
0.3016342057490987
0.3016825426080897
0.3017275975034876
0.3017736932897521
0.3018291695481626
0.3019195979609183
0.3019865406237579
0.3020464527609237
0.3021103485457289
0.3021816440346279
0.3022710768775244
0.3023875288441649
0.3025545639425624
0.3028156719822114
0.3031349332450412
0.3034909460239476
0.3039085921391781
0.3044204355265043
0.3050886542641686
0.3059110163836789
0.3068864929016541
0.3080390468010136
0.3090764262575021
0.3099
0.3099185550841919
0.3099556652525756
0.31
0.3100185550841918
0.3100411852925414
0.3100718480343985
0.3101108862649463
0.3101531004640438
0.3101984991673764
0.3102538720883788
0.3103141561777636
0.3103829876129593
0.3104678754874967
0.3105682588354529
0.3107015096843891
0.3109237297087125
0.3111804306923309
0.311466553189318
0.3118482793293459
0.3123631548894317
0.3130371917576695
0.3139369703225073
0.3152428916080892
0.3174555442632538
0.3199
0.3199031593603085
0.3199094780809256
0.3199221155221597
0.3199335174005947
0.319945180200627
0.3199585458206049
0.3199752667474162
0.3199876333737081
0.32
0.3200031593603085
0.3200083346891754
0.3200154283657309
0.3200244011246797
0.32003587151315
0.3200502441681348
0.320065203330701
0.3200827884999401
0.3200964591881724
0.320107966387524
0.3201189945276161
0.3201303341163324
0.3201430417806801
0.3201586896220875
0.3201829133203707
0.3202078189043804
0.3202282916847901
0.3202481429608746
0.3202681815332427
0.3202891856683696
0.3203126658481525
0.3203375681074654
0.3203688203321123
0.3204160249276158
0.3204722205685006
0.3205211854735296
0.3205693510223309
0.3206078437803886
0.3206384990128425
0.3206442177740306
0.3206556552964068
0.3206667824414025
0.3206746401772562
0.3206821234511313
0.3206888244190447
0.3206950910434954
0.3207016388681016
0.3207100456163227
0.3207143154855432
0.3207187132436332
0.3207225736713274
0.3207260399098449
0.3207296923579824
0.3207339858423882
0.320738867531855
0.3207433254961224
0.3207475770097317
0.3207520381517178
0.3207570179614934
0.3207630118299215
0.3207689122906118
0.3207746811518549
0.3207808201319527
0.3207876998486011
0.320796103174323
0.3208065111580408
0.3208206342363943
0.3208343191068285
0.3208489696836438
0.3208519023365813
0.3208571584425818
0.3208611481429936
0.320866440118229
0.3208702655717849
0.320874017013357
0.3208790458048936
0.3208866492764226
0.3209010330040801
0.3209187494103451
0.3209405207409987
0.3209671433296131
0.3210004302665603
0.3210483163156697
0.3211145334585406
0.3212154310675536
0.3213703078190908
0.3215328029036563
0.3216960363927892
0.3218568603822229
0.3220641602326517
0.3222163309814401
0.3223305288922451
0.3224785839315022
0.3226075008453816
0.3227346613547333
0.3228965270590741
0.32307735844747
0.3233024294866161
0.3235656486774441
0.3238256152127712
0.3240513636711485
0.3242764509439805
0.3245258851377692
0.3247311286232631
0.3249056520567337
0.3250674580852739
0.3252312329801766
0.3254437744095848
0.3256383854527609
0.3257748584899947
0.3258975614610781
0.3260207524531239
0.3261584261902372
0.3263514568723102
0.3266012491381703
0.3267845726892494
0.3269612477223851
0.3271503968844939
0.3273675676004787
0.3276280689821102
0.3279679258085996
0.3284369920830803
0.3291345994083947
0.3299
0.3299067898673935
0.3299203696021805
0.3299475290717545
0.3299683151393822
0.3299841575696911
0.33
0.3300067898673935
0.3300148075863857
0.3300286902096056
0.3300482839063818
0.3300648633123951
0.3300879747621132
0.3301122778278521
0.330138249708748
0.3301761483161511
0.3302143556622946
0.3302437578205366
0.3302764943774574
0.3303152215339497
0.3303535118964038
0.3303947010640906
0.3304492498154297
0.3304899045318721
0.3305275029371826
0.3305597286630183
0.3305872303612644
0.330611997344964
0.3306354658732497
0.3306597263251692
0.3306893366354081
0.3307153335415203
0.3307435682669371
0.3307698929707758
0.3307967003143005
0.3308262397940345
0.3308615306867317
0.3309042156630297
0.3309474956795134
0.3310084504144407
0.331060169630032
0.3311094598944018
0.3311584125917468
0.3312049126029255
0.3312529389377711
0.3313062897909929
0.3313725729740978
0.33144741633724
0.3315279226925176
0.331599079690203
0.331670428180166
0.3317474819357481
0.3318377211525669
0.3319462001591106
0.3320877661344813
0.3322840802034281
0.3325052319511963
0.3328129789702516
0.3330289081774417
0.3332709106763577
0.3336113473964553
0.3341465629264638
0.334784729240399
0.3355164926814835
0.336343112004455
0.3373226712964628
0.3384382630474704
0.3397120814646497
0.3399
0.339912692191234
0.3399380765737022
0.3399690382868511
0.3399845191434255
0.34
0.3400126921912341
0.3400253751716449
0.3400432043401265
0.3400695373658278
0.3400911734900192
0.3401220740011862
0.340163090955289
0.3402016814960432
0.34023877901122
0.3402816726687627
0.340330210520783
0.340385018912042
0.3404484796635879
0.3405166734000929
0.3405955018647387
0.340666076699881
0.3407372423133273
0.3408220635974462
0.3409355165299396
0.3410438996148466
0.341145991991551
0.3412598021666746
0.3413944396570697
0.341568707321662
0.3417758996491722
0.342034779444528
0.3423399920259251
0.3426839837820299
0.3430949776632152
0.3436084355074839
0.3442898240459988
0.3452733609412898
0.3468980305386372
0.3494128840048784
0.3499
0.3499054527412926
0.3499163582238778
0.3499381691890482
0.349956600037725
0.3499769213514876
0.35
0.3500054527412926
0.3500159760079621
0.3500267592412147
0.3500434976831375
0.3500616793546129
0.3500823129395236
0.3501029276363111
0.3501254235960418
0.3501482452290234
0.3501681012855636
0.3501866536370729
0.3502060749040019
0.3502320390500168
0.3502581649740746
0.3502779009192263
0.3502968183868664
0.3503165214917888
0.3503373924070122
0.3503571132728306
0.3503727395267821
0.3503859172002216
0.3503997087451066
0.3504134519196218
0.3504284397040834
0.3504421345208316
0.3504564491632206
0.3504726738599523
0.3504926240903393
0.3505195320820328
0.3505530883464074
0.350579655303512
0.3506011741448333
0.350620502262824
0.3506395115007179
0.350662743184783
0.3506792618256317
0.3506965579193732
0.3507118631276903
0.350725792954665
0.350739550398271
0.3507538785796624
0.3507705402037348
0.3507908133603648
0.350811310199623
0.3508286012549738
0.350845822064845
0.3508644131976025
0.3508858535215311
0.3509125568389875
0.3509481886203703
0.3509956722486356
0.3510682856990882
0.3511952082659367
0.3514134521668688
0.3516574527191189
0.3519299789360721
0.3522406790353698
0.3525961648347188
0.3530086462959198
0.3534904078972212
0.3540546011948692
0.3547166027919734
0.3554952841193496
0.3564148505694925
0.3575072318677209
0.3588152622474141
0.3599
0.3599276142328067
0.3599638071164033
0.36
0.3600276142328067
0.3600486526620413
0.3600777260874483
0.3601234043694029
0.3601661893841752
0.3602129933961268
0.3602703226947889
0.360336472917602
0.3604079939296972
0.3604912239904873
0.3606005716895166
0.360748536585661
0.360929406055744
0.361164543100405
0.361470372277983
0.3618566254491244
0.3622434522070396
0.362639009781178
0.3631022118338902
0.363459987049002
0.3638335415875199
0.3645806506645557
0.365537318752764
0.3666418606715121
0.3678527144425402
0.3691460947847395
0.3699
0.3699046996756462
0.3699140990269386
0.3699328977295234
0.3699485703156085
0.3699620387255408
0.3699765923172346
0.3699882961586173
0.37
0.3700046996756462
0.3700109158377459
0.3700233481619452
0.3700366284071106
0.370050123555735
0.370066473491802
0.3700824036001745
0.3701002748259403
0.3701231433867881
0.3701506142890879
0.3701760103515114
0.3701981451582145
0.3702186157174236
0.3702390119244692
0.3702623543699394
0.3702841391393089
0.3703086475046602
0.3703290584093128
0.3703471558945587
0.3703636435184417
0.3703784093548563
0.3703920281337612
0.3704053734627518
0.3704198731716801
0.3704407042535718
0.3704596434049565
0.3704744816426205
0.3704891720192596
0.3705043958058739
0.3705172091182931
0.3705304673421552
0.3705434665817773
0.3705572914553942
0.3705743287542516
0.3705985284222726
0.3706252241961391
0.3706501142264283
0.3706687794806841
0.3706849944772099
0.3707004784742913
0.3707165044025705
0.3707355317318025
0.3707570312464039
0.3707801043928783
0.3708001912821918
0.37082030905105
0.3708420772660734
0.3708677714739971
0.3708987954370249
0.3709396630705638
0.3709967501456544
0.3710832822584825
0.3711882776495651
0.3712610495855017
0.3713323079977989
0.3714010083926429
0.3714818122314654
0.3716173115150363
0.3717141068186592
0.3718431011558847
0.3719576370955954
0.3721005373740395
0.3723075010536711
0.3724139630969428
0.3725247223604297
0.3726452715245345
0.3727815302902351
0.373000590007717
0.3731811064658525
0.3734273306781094
0.3736203177152928
0.3738305380298613
0.3741047455482279
0.3744884957099491
0.3752559960333915
0.3762320206323482
0.3773273188834903
0.3785796339776434
0.3799
0.3799062040442597
0.3799186121327791
0.379943428309818
0.3799627382767993
0.3799844455882544
0.38
0.3800062040442597
0.3800161270193588
0.3800330070668385
0.3800523709908513
0.3800707525222826
0.3800924421574631
0.3801198726723291
0.3801488810102178
0.3801828357340333
0.3802279712837795
0.3802838470537231
0.3803437046905422
0.3803984403174183
0.3804800205448047
0.3805446263301306
0.3806520590402287
0.3807788082165841
0.3809219964942576
0.3810863683796938
0.381273919679839
0.3814866303503133
0.3817333949482243
0.3820180316855503
0.3823502599464952
0.3827371012155026
0.3831897539701585
0.3837180629127528
0.383880045222708
0.384117979404157
0.3843390934980339
0.3845633683421353
0.3849814094650503
0.3858174917108801
0.3867640565117158
0.3872373389121336
0.3880550661449585
0.3888783161315985
0.3898918957118499
0.3899
0.3899056970873583
0.389912658228874
0.3899248188819891
0.3899420372643086
0.3899590219758125
0.3899795866934921
0.39
0.3900056970873584
0.3900154042898851
0.3900285818815673
0.3900483154750904
0.3900678811372514
0.3900888792547109
0.3901129503917464
0.3901409304402666
0.3901741509977799
0.3902138804879359
0.390257819773677
0.3902979785202417
0.3903358894164912
0.3903756868622223
0.390428655706349
0.3904819205511712
0.3905224014452395
0.3905615741754641
0.3906030552158015
0.3906476403282542
0.3906909082529981
0.390726333265796
0.3907567094373897
0.3907886737724124
0.3908199295256097
0.3908541242683513
0.3908855075537188
0.3908937274133037
0.3909101671324736
0.3909254696598204
0.3909362608542548
0.3909467859156414
0.3909582735049124
0.3909681466406862
0.3909794201954776
0.390985717803186
0.3909925136341653
0.3909983310145367
0.3910042923806405
0.3910103796539915
0.3910167855200137
0.3910250019219014
0.3910386216669914
0.3910645684302568
0.391093466912583
0.3911255699117545
0.3911622632336064
0.391204251183535
0.3912472880240684
0.3913001214449053
0.3913348835239382
0.3913713246094043
0.391403595356096
0.3914332985006386
0.3914638226174449
0.3914978980919126
0.3915457578862989
0.3915980962169641
0.3916381366968836
0.3916773196822952
0.3917191455717703
0.3917683831125903
0.3918286654034349
0.3919097967159519
0.3920264945941799
0.3922016074866346
0.3924099375953631
0.392628773285269
0.3928132106550615
0.393009505611295
0.3933539588395855
0.3937653762239359
0.3942446742968287
0.3948001044810486
0.3954403148325795
0.3961871142231987
0.3970674672151763
0.3981158838084683
0.3993893655407471
0.3999
0.3999037879893535
0.3999113639680605
0.399921699247053
0.3999317944115035
0.3999421935527627
0.3999535162142627
0.399965501653902
0.3999769016277492
0.399985916431773
0.3999942973061862
0.4
0.4000037879893535
0.400007614237852
0.4000132306650268
0.4000229336200236
0.4000307781711011
0.4000379407007883
0.4000457577832336
0.4000561593273033
0.4000692330133865
0.4000793011106192
0.4000895219628733
0.4001009915632042
0.4001151822015407
0.4001343081341052
0.4001566986252605
0.400179976827842
0.4002070952010164
0.4002382705811425
0.400270121661241
0.4002990497278245
0.4003230504563097
0.4003522586936608
0.4003836702909517
0.4004090884585952
0.4004371373974933
0.4004749172375315
0.4005323831483299
0.4006437095548895
0.4007824558164495
0.4009381372327472
0.4011161021574157
0.4012706618135836
0.4013944608094464
0.4015449128821381
0.4016562788651341
0.4017390500980308
0.4018349623373519
0.4019805141224065
0.402097483104995
0.4022207183596607
0.4023919947106777
0.4025545502741041
0.4027200090029087
0.4029020749420834
0.4030995186734666
0.4032625549501889
0.4034176627215135
0.4035880135080448
0.40382528629553
0.4041025711476299
0.4043234805924195
0.4045508217067186
0.4048050107823009
0.405066535282272
0.4053803190111868
0.4058358888675664
0.406475314207382
0.4073501124112152
0.4083509432450204
0.4093587918022355
0.4099
0.4099033652986249
0.4099100958958746
0.4099235570903741
0.4099392681807222
0.4099549364822815
0.4099736103927307
0.4099868051963653
0.4099934025981827
0.41
0.4100033652986249
0.4100069267818737
0.41001318504253
0.4100211038838343
0.4100304804567564
0.410040102090808
0.4100479309356921
0.41005507191347
0.4100622959219306
0.4100705320316307
0.4100824905787989
0.4100936706155087
0.410103185611706
0.4101130286227394
0.4101238900409435
0.4101343048640191
0.4101428393974925
0.4101508132722087
0.410159043632601
0.4101686737471328
0.4101859909095662
0.4101984596303714
0.4102092342609523
0.4102206517713158
0.4102332695326585
0.4102489292671134
0.4102700416461179
0.4102968054806752
0.410328294162947
0.4103654090717067
0.4104116891097753
0.4104601753543795
0.4105092400076928
0.4105613106422932
0.4106184905453342
0.410685344285343
0.4107644114245729
0.4108643332617709
0.410997361198761
0.4111061839747653
0.4112064676895779
0.4113737319975804
0.4115311961658182
0.4117411185613934
0.411975314980495
0.4122040658595607
0.4124517110255965
0.4127453287865586
0.4131312463354175
0.4136959899296073
0.4146480731177338
0.416552239493987
0.4182320582301624
0.4199
0.4199084358942018
0.4199253076826056
0.419959051259413
0.419982804572425
0.42
0.4200084358942018
0.4200179349362475
0.4200305061960551
0.4200496350552603
0.4200701306962746
0.4200925815554065
0.4201196810428833
0.4201485101191874
0.4201833835308456
0.4202198858363596
0.4202650987577359
0.420310544249427
0.4203593666099394
0.4204187365694042
0.4204988542113751
0.4206048783446006
0.4207493422481453
0.4208591615297744
0.4209927301816148
0.4211028640135541
0.4212544535659413
0.4213709224096927
0.4214876265676286
0.4216337970786968
0.4219261381008332
0.4224312346521472
0.423040629868212
0.4237765881356804
0.4247122810436587
0.4259385674728013
0.4274639181895597
0.4293864145522258
0.4299
0.429911733403365
0.4299352002100951
0.4299676001050475
0.4299838000525238
0.43
0.430011733403365
0.4300252545869031
0.4300445572616395
0.4300745313085581
0.4301030602260918
0.4301385088192953
0.4301763639168405
0.4302197613412357
0.43027272240251
0.4303322949778288
0.4303984182077563
0.4304746468504212
0.4305726369422537
0.4306959741592585
0.4308555988495578
0.4310518080655256
0.4313001073174872
0.4316313711423984
0.4321122678703267
0.4325670268341397
0.4330393487146397
0.4334489659873461
0.4339874359889803
0.4343817962185034
0.4348232452109191
0.4354612816094728
0.4365279382013115
0.438016251169092
0.4398554537688354
0.4399
0.4399067404727103
0.439920221418131
0.4399420236678496
0.4399623721928095
0.4399848550235275
0.44
0.4400067404727103
0.4400143883647443
0.4400278757202995
0.4400437245780889
0.4400625766817284
0.4400797412719768
0.4400977050832817
0.4401195792337488
0.4401465239409721
0.4401714524096142
0.4401972091760797
0.4402276289995848
0.4402655108691407
0.44032270979583
0.4403894071136914
0.4404629738041312
0.440548791588447
0.4406539744575151
0.4407842824350505
0.4409648534244371
0.4412277177186394
0.4416367181336586
0.4422531102796137
0.4430470416979592
0.4440781673626123
0.4454558537023126
0.4473991023697692
0.4499
0.4499036437367742
0.4499109312103226
0.4499255061574193
0.4499414031908637
0.4499593083505345
0.4499791622664445
0.45
0.4500036437367742
0.4500109312103226
0.4500234811958162
0.4500404893424845
0.4500582018509472
0.4500789077327156
0.4501012140143277
0.4501238609116939
0.4501510354675653
0.4501806337571794
0.4502156070688552
0.4502507370656684
0.4502886171037243
0.4503280302997265
0.4503654059941704
0.4504033254354563
0.4504487850269904
0.4504877771304818
0.4505293280611503
0.450567824915951
0.4506067976348176
0.4506495411335912
0.4507000945077698
0.4507512242896832
0.4507922146735206
0.4508248366127302
0.4508561707456727
0.4508999171787358
0.4509382742786683
0.4509702641712123
0.4510040022565519
0.4510420901878583
0.4510905313633747
0.4511534529767632
0.4512060974301538
0.4512508443702729
0.4512929824659103
0.4513376450734568
0.4513697230221529
0.4514123886300514
0.4514469537693966
0.4514771015448625
0.4515069686753164
0.4515383114817967
0.4515761834447005
0.4516155371892369
0.4516587301264524
0.4516975332896276
0.4517367615228071
0.45177965638665
0.4518306602855434
0.4518928120704089
0.4519756943698664
0.4520936515052545
0.4522779245288408
0.4526104212632768
0.4530392446972125
0.4535197374146232
0.4540663385846846
0.4546933858992819
0.4554223675392021
0.4562810947422964
0.4573012924225626
0.4585225089460515
0.4599
0.4599051237315103
0.459915371194531
0.4599358661205724
0.459951529983647
0.4599657714159229
0.4599819184215685
0.46
0.4600051237315104
0.4600141043267332
0.4600281961657797
0.4600431792885364
0.4600585508814003
0.4600758040429581
0.4600935871960193
0.4601105703618212
0.4601261824226359
0.4601414618609369
0.4601581604919374
0.4601833352712807
0.4602033920265537
0.4602188631802436
0.4602330048452219
0.4602457182619369
0.4602571352813284
0.4602676414179161
0.4602778142738532
0.4602886966098349
0.4603035644528149
0.4603186167214401
0.4603300044748811
0.4603410729136968
0.4603528261501322
0.4603662579266855
0.4603831801024224
0.4604006917603229
0.460417626113141
0.4604356025023589
0.4604551418688637
0.4604750162337062
0.4604894171641416
0.4605018307206222
0.4605136761812325
0.4605257764175358
0.4605398801993798
0.460563929024696
0.4605817280674408
0.4605966105426007
0.4606119998069895
0.4606286408540042
0.4606489681419557
0.4606745057557773
0.4607094590634667
0.4607604676003993
0.4608362807375065
0.4609170690188495
0.4610034894725327
0.4611019641231833
0.4612137253302306
0.4613508151659007
0.461528376080811
0.4617743464142712
0.4620698289992181
0.4624093607932138
0.4626911754992577
0.4629430922906053
0.4631170775767761
0.4632974883887055
0.4634703658276242
0.4636614814263981
0.4640003624788718
0.4642686291231508
0.4645096981788333
0.4648861313744926
0.4652059891177052
0.4656668773281484
0.4664426253197622
0.4676514675961005
0.469029107526605
0.4699
0.4699026260553796
0.4699078781661388
0.4699183823876572
0.4699275109753319
0.469941106625647
0.4699578715541529
0.4699732547886487
0.4699860392415938
0.4699930196207969
0.47
0.4700026260553796
0.4700058282002405
0.4700112780909375
0.4700206935945412
0.4700305284900354
0.4700415636757724
0.4700538567989882
0.4700682867328554
0.4700814149935614
0.4700954654546639
0.470112457898676
0.4701319476740805
0.4701614080485761
0.4701940267145612
0.4702312092172816
0.4702734796524528
0.470324492315464
0.4703885106541721
0.4704670792874078
0.4705570003253121
0.4706222075633885
0.4706681734981371
0.4707097892851252
0.4707424932459477
0.4707778487375678
0.4708087346657089
0.4708398971222277
0.4708792227529033
0.4709267989143625
0.4709745954648885
0.4710208029163314
0.4710703372622459
0.4711276121781153
0.4711997167756433
0.4712987095759242
0.4714568165421851
0.4716275642179971
0.4717530897231971
0.471869473356505
0.4719880088619094
0.4721156159911251
0.4722663882531411
0.4724034872653061
0.4725202148950929
0.4726357130487802
0.4727957784329622
0.4729402306284136
0.4730593234428005
0.4731843968909488
0.4733005479573
0.4734037193836713
0.4735024233577199
0.473605361775823
0.4737411788333627
0.4738653871623698
0.4739525513141604
0.4740303168853499
0.4741069641226592
0.4741894639712134
0.4742934013338737
0.4744064281433218
0.4745284146962488
0.4746386403740158
0.4747498366516676
0.4748702341911768
0.4750110345717982
0.4751789869514802
0.4753955135460009
0.4756891528609359
0.4761282836194893
0.476760629063689
0.4779048132532848
0.479242455386491
0.4799
0.4799097624681971
0.4799292874045912
0.4799683372773794
0.48
0.480009762468197
0.4800235708651363
0.480044225150101
0.4800739491536289
0.4801029735456325
0.4801378799554741
0.4801772474212146
0.4802285197328068
0.4802890548060436
0.4803515512708356
0.4804442427995345
0.4805403900515023
0.4806272459594417
0.4807120550899605
0.4808037766697362
0.480937530631192
0.4810354512461173
0.4811066009254591
0.4811679243466276
0.4812223525691137
0.481274935392812
0.4813320984125598
0.4814109666331791
0.4814931092362471
0.4815557146490687
0.4816170310655463
0.4816826573402959
0.4817583681834285
0.4818552692749546
0.4819434295246907
0.4820102683039799
0.4820711024055218
0.4821343499297572
0.4822152170544524
0.482319111887081
0.4824031636637583
0.4824860455615372
0.4825781344827955
0.4826869199074539
0.4828299153990143
0.4829906154550149
0.4831504206982882
0.4833200674648006
0.4835123261741668
0.4837386299026571
0.4840188686742084
0.4843955189506824
0.4849515126554622
0.485673157284513
0.4865028173099668
0.487446227965856
0.4885751590085909
0.4898863928755002
0.4899
0.4899045705918052
0.4899106298305735
0.4899227483081102
0.4899408946537641
0.4899612262387104
0.4899819024008758
0.49
0.4900045705918052
0.4900121266554484
0.4900272387827347
0.490046379197804
0.490067466431401
0.4900898529537331
0.4901136146253691
0.4901418673841484
0.490175122725301
0.4902113071102735
0.4902423228772332
0.4902731069825793
0.4903093473806627
0.4903502000488595
0.4903971302065552
0.490441865829675
0.4904925374635662
0.490549815849696
0.490613454604089
0.4906817373547183
0.4907604988821794
0.4908541641181682
0.4909757146610955
0.4911236658735567
0.4913232077554774
0.4916200339693994
0.4920479718584311
0.4927671025131266
0.4933643868327585
0.4937924749727299
0.4940065190427156
0.4943731215303229
0.4947731632355562
0.495349809055556
0.4962643847093484
0.4976243829968126
0.4992328729577601
0.4999
0.499903925472878
0.4999117764186341
0.4999274783101462
0.4999442332907021
0.4999645111079323
0.4999822555539661
0.5
0.5000039254728781
0.5000117764186343
0.5000254058358384
0.5000414860902648
0.5000611171680476
0.500080488089525
0.5000998242275879
0.5001227752390561
0.5001476393057682
0.5001770197528553
0.5002064945012505
0.5002384209156532
0.5002751529412098
0.5003150828294057
0.5003605883757544
0.5004183712857998
0.5004805706907111
0.5005530373031077
0.5006491353205412
0.5007669804742781
0.5008951065704885
0.5010270026739228
0.501157587570627
0.5013024031952447
0.5014618993359088
0.501622986255676
0.5017588964545179
0.5018932679251119
0.5020378809454923
0.502204013511225
0.5024096843991984
0.5026812909094415
0.5030284432740675
0.5034567387100292
0.5040042953306876
0.5043989986707774
0.5047462335909784
0.5050320599063952
0.505297483794142
0.5056214362467921
0.505860441998848
0.506047063952254
0.506233737203615
0.506453872662271
0.5067090654150666
0.5069747505111054
0.5072259842639869
0.5074935667294874
0.5078086214440146
0.5081919337393951
0.5087169740781621
0.5095033999554855
0.5099
0.5099086320032072
0.5099258960096217
0.5099486428860588
0.5099714364368638
0.509985718218432
0.51
0.5100086320032072
0.5100162575606279
0.5100273510050131
0.5100399267932868
0.5100534314295899
0.5100669615915804
0.510080871505975
0.5100958949255586
0.5101084195917023
0.5101185007368343
0.5101279908755111
0.5101378865653168
0.5101499675479556
0.5101628001904378
0.510176648475356
0.5101894019170895
0.5102025410844733
0.5102171261114724
0.5102346726189957
0.5102565137372512
0.510286200700808
0.5103296653226218
0.5104010614364706
0.5105364496747803
0.5107137945022778
0.5109658023850645
0.5113877246668272
0.5121330643802745
0.5130636409219644
0.5142234781262407
0.5157014901547387
0.5176417052415733
0.519102665978828
0.5199
0.5199039683059969
0.5199119049179908
0.5199277781419784
0.5199405647291835
0.519952340798601
0.519964242487544
0.5199767425897894
0.5199902854054194
0.52
0.5200039683059969
0.5200089721250174
0.5200189052769455
0.5200290421155668
0.5200401795542384
0.5200532474106953
0.5200656814485973
0.5200788114420976
0.5200945245298106
0.5201143992719705
0.5201394031258727
0.5201694633189761
0.5202011312861642
0.5202383613184522
0.5202793621669484
0.5203125860014749
0.5203377777265698
0.5203585009197152
0.5203790687281664
0.5204070164312513
0.5204290008936747
0.520444853830005
0.5204593678531895
0.5204739764378513
0.5204961481166804
0.520525116427989
0.5205514561192623
0.5205728415090664
0.5205964232415201
0.5206200287794713
0.5206459418451364
0.5206771843222511
0.5207172306731668
0.5207725558280119
0.520853775278852
0.5209833256461277
0.5211631134925518
0.5213126699922608
0.5214342554870793
0.521556302482013
0.521638745095151
0.521729196118981
0.5218112942925209
0.521900386754559
0.5219933130533633
0.5221089940590595
0.5222224668493348
0.5223655109790667
0.5224855192498291
0.5226323876531951
0.5227983886429822
0.5230155423513465
0.5233330757838759
0.5238517729097387
0.5248891671614644
0.5261206402431283
0.5275713733072763
0.5293389607817531
0.5299
0.5299055095468598
0.5299165286405793
0.5299385668280182
0.5299598146607757
0.5299800723284962
0.53
0.5300055095468598
0.5300156329603927
0.5300281500757894
0.5300488146762982
0.5300711832292141
0.5300948191393826
0.5301217691089151
0.5301525614683978
0.5301817450450047
0.5302057605527218
0.5302267949438129
0.5302468017461281
0.5302681049769844
0.5302980637399903
0.5303255896385088
0.5303459527441644
0.5303639199439257
0.5303798715770995
0.5303940766059189
0.5304073837457014
0.530420806451842
0.5304363760283299
0.5304507258897084
0.530467080168051
0.5304817225286285
0.5304963514426599
0.5305123497937304
0.5305307985185682
0.5305538993212386
0.5305762556802547
0.5305989610274383
0.5306269884891959
0.5306529511958956
0.530672070471003
0.5306884189015083
0.5307038788184735
0.5307198409318022
0.530738973568286
0.530759486783922
0.5307818103105133
0.5308017321059979
0.5308218894559684
0.5308439414005863
0.5308702216573341
0.5309023571978279
0.5309453896819362
0.5309977329593951
0.5310410123380179
0.5310792718351967
0.5311209545833857
0.5311612405991326
0.5312052713330183
0.5312461484390015
0.5312891154230824
0.5313381322784122
0.5313989872893788
0.5314662059742764
0.5315223798912306
0.5315706701667565
0.5316152671936567
0.5316599973399515
0.5317148353101576
0.5317517768871426
0.5317907471868305
0.5318250839822726
0.5318564760150661
0.5318883905463009
0.5319226856602974
0.5319635078643995
0.5320330652856949
0.5320859022920972
0.5321298199573794
0.532174674286642
0.5322224441583638
0.532279420472089
0.5323490138920776
0.5324407680834703
0.5325683753786226
0.5327588126621727
0.5330756305779085
0.5336033826592066
0.5341942660484349
0.5348562785495105
0.535614123905979
0.5364904639950293
0.5375266435194205
0.5387825821542824
0.5398999999999999
0.5399091848746607
0.5399275546239821
0.5399599250351608
0.5399799625175804
0.5399899812587903
0.54
0.5400091848746608
0.5400169397769489
0.5400263965809806
0.5400411017258447
0.5400575274008822
0.5400702286679956
0.5400824781825075
0.5400960048585405
0.540115033283499
0.5401369111183979
0.5401546723084795
0.5401729209836084
0.5401940061478725
0.5402191783158661
0.5402542181303005
0.5402680862102772
0.5402958223702307
0.5403512946901375
0.5404374569316801
0.5405511586022992
0.5407057479401584
0.540904355081417
0.5410821773579386
0.541345112469216
0.5415681662453304
0.541788079384417
0.5420815949205661
0.5424094105590277
0.5428974785046059
0.543516713202615
0.5441310417793463
0.5448273471295902
0.5456829311027898
0.5468435722049698
0.5487607114145788
0.5498999999999999
0.5499017780294932
0.5499053340884799
0.5499124462064531
0.5499211938004268
0.5499296632709897
0.5499403260002285
0.5499529244227234
0.549967325269075
0.5499862713146989
0.5499931356573495
0.55
0.5500017780294933
0.550004658820208
0.550010163835977
0.550021173867515
0.5500315875659413
0.5500426780866102
0.5500531980212461
0.550062586813089
0.5500718316315567
0.5500823673661562
0.550091915959589
0.5501027462684666
0.5501123795679309
0.5501219293819198
0.5501322884146653
0.5501439179566046
0.5501559566629258
0.5501656612762262
0.5501728787526335
0.5501793885297689
0.5501875085572419
0.5501963883851759
0.5502032734736572
0.5502103165796197
0.5502181820167089
0.5502279140008405
0.5502415145616533
0.5502584054129579
0.5502715876071342
0.550282140577005
0.5502915087037347
0.5503005494841393
0.5503109383316622
0.5503183990153534
0.5503280039819184
0.550336279610103
0.5503436188050219
0.5503506326024395
0.5503574193374423
0.5503643655213134
0.5503721871125624
0.5503838562117623
0.5503941038703537
0.5504022513083886
0.5504103769088341
0.5504190521110609
0.5504291193513227
0.5504417712133187
0.5504587723202986
0.5504815606601098
0.5505164915924471
0.5505544853182676
0.550587293871786
0.5506126400178479
0.5506341078176913
0.5506570501288235
0.550678861402983
0.5507026209989972
0.5507250947336563
0.5507488008832885
0.5507770186986941
0.5508106909030404
0.5508561655397187
0.5508934938663873
0.5509237824065164
0.5509506527623702
0.5509758985946052
0.5510026916694896
0.5510422587252027
0.5510712109675551
0.5510923557989201
0.5511114713660255
0.5511297315205655
0.5511486599019881
0.551170190404197
0.5511992746756479
0.5512257367916346
0.5512518040712281
0.5512766815657493
0.5513022689301599
0.5513305028134222
0.5513641328012361
0.5514047239298554
0.5514575667107396
0.5515302520293544
0.5516380944067033
0.5517772751944066
0.5519338214537124
0.5520646920878853
0.5522174484706426
0.5524323153394367
0.5527444189817288
0.5532077311775159
0.55373748512638
0.5543389491093491
0.5550306248942602
0.5558330773592135
0.5567799745142918
0.5579126494012172
0.5592897343669339
0.5599
0.5599062241093081
0.5599186723279245
0.5599328319760308
0.559947846418305
0.5599611258443331
0.5599743276909045
0.5599877244504818
0.56
0.5600062241093082
0.5600138206077555
0.5600226092743559
0.5600337595041782
0.5600442758350429
0.5600563888377706
0.5600712867343572
0.5600865997891123
0.560100689010668
0.5601161976690536
0.560134077676561
0.560157683183276
0.5601867277701015
0.560214940085058
0.5602457666774451
0.5602770866936981
0.5603129003262544
0.560355927599813
0.5604095255043023
0.5604660167933312
0.5605247836082328
0.5605925958168888
0.5606737447793776
0.5607833333907768
0.5609501126971939
0.5612343784798591
0.5617846133455789
0.5626930134238781
0.5645098135804765
0.5677841975145436
0.5699
0.5699048489763872
0.5699145469291615
0.5699271814078357
0.5699394436057004
0.5699521646581002
0.5699660183643055
0.5699793015982192
0.569991130677331
0.5700000000000001
0.5700048489763873
0.5700105057250126
0.5700184552974279
0.570031689713795
0.5700414794004127
0.5700512243476555
0.5700634121880767
0.5700801940279335
0.5700936363302488
0.5701068420942271
0.5701220755076143
0.5701400567712521
0.5701653245970554
0.5702070093672931
0.5702720911412865
0.5703482219155389
0.5704364257193468
0.5705391402065609
0.5706657831973694
0.5708054482633869
0.5709553844530206
0.5711230910189137
0.571313889777725
0.5715476835904677
0.5718497673413612
0.572288270928258
0.5730917591920439
0.5746987357196158
0.5770332687180216
0.5799
0.5799039221714354
0.5799117665143062
0.5799274552000478
0.5799407110414476
0.5799528574402658
0.5799667233657955
0.5799828848195523
0.5799914424097761
0.58
0.5800039221714354
0.5800085506908329
0.580017807729628
0.5800297930830489
0.5800419528971581
0.5800572165326235
0.5800726079384358
0.5800910367660663
0.5801065410990498
0.5801196520377216
0.5801318240200827
0.5801440254197174
0.5801583625248989
0.5801700643229184
0.5801841863696279
0.5801964400724078
0.5802075012586634
0.5802177461425962
0.5802268966754623
0.58023518958356
0.5802431408419373
0.5802515560859517
0.5802628192783285
0.5802748055981654
0.5802837434262661
0.5802924003929613
0.5803016226400258
0.5803121871988898
0.5803255587331304
0.5803398497520862
0.5803532547605166
0.5803667600015741
0.5803826643835727
0.5803941137283042
0.5804066354272934
0.580417359255911
0.5804269165265235
0.5804362868081294
0.5804460430487038
0.5804575784185844
0.5804697749714726
0.5804831869100556
0.5804949725028246
0.580506777490369
0.5805196004250482
0.580534779750276
0.5805531607629865
0.580577486975609
0.5806116282827244
0.580663745677944
0.5807252638154108
0.5807899356475662
0.5808599047611113
0.580940044587254
0.5810325587278038
0.5811479435835457
0.581300072736855
0.5815156807411559
0.5817808882901755
0.582005536129661
0.5821956379322166
0.5823365939751075
0.5824711038202581
0.5826099813311415
0.5828168672228611
0.5830049336834356
0.5832112879087222
0.5834468334267707
0.5837836878732396
0.5843462633163699
0.5851768800234578
0.5861192602384567
0.5871898718657037
0.5884189734066161
0.5898365032914459
0.5899
0.5899042571077692
0.5899127713233075
0.5899295900396532
0.5899478572248521
0.589966337519941
0.5899831687599705
0.5899915843799852
0.59
0.5900042571077692
0.5900086382400505
0.590017400504613
0.5900349250337382
0.5900541296529423
0.5900741487760172
0.5900969652212039
0.5901235622341321
0.5901548743142786
0.5901941490643969
0.5902389856310649
0.5902878371667034
0.5903412457858822
0.5904056374791287
0.5904848816738533
0.5905795753575049
0.5906884788649365
0.590813728969062
0.5909577101225929
0.5911235613129496
0.5913128174040202
0.5915325662493317
0.5917858505523781
0.5919680022628077
0.5921393578833272
0.5923358569259036
0.592507444672037
0.5927028399504994
0.5930656335732601
0.593659195194435
0.5943979661064533
0.5952984998076261
0.596446586816576
0.597896311079922
0.5996944664746755
0.5999
0.5999080790870662
0.5999242372611987
0.5999503351492065
0.5999772170454211
0.5999886085227105
0.6
0.6000080790870662
0.6000180771415972
0.6000314078155667
0.6000557099320408
0.6000754042683224
0.6000929727234107
0.6001107802987177
0.6001306431327225
0.6001578472570441
0.6001860650334836
0.6002113856218363
0.600233565816438
0.6002545761895075
0.6002776136337674
0.6003107931506702
0.6003469596294512
0.6003767785059059
0.6004076915211408
0.6004435794496936
0.6004866769464577
0.6005470100876018
0.6006214342137199
0.6007139647995502
0.6008175102818837
0.6009284979983511
0.6010513517328221
0.6011950635773137
0.6013660772599128
0.6015850184964306
0.6018833252515776
0.6023279508359102
0.6031022073817016
0.6041270704927872
0.6054304938618087
0.6070835644389743
0.6091542215417305
0.6099
0.609906952367013
0.6099208571010389
0.6099486665690909
0.6099745602770376
0.61
0.610006952367013
0.6100200748387803
0.6100385927018188
0.6100654625562332
0.6100908218441825
0.6101187576232089
0.610151024783056
0.6101912184680546
0.6102405852365312
0.6102925437972345
0.6103503289909464
0.6104190943015302
0.6104991389588785
0.6105857384690686
0.6106759099851772
0.6107634639901693
0.6108556388377027
0.610978721984224
0.6111045320017933
0.6111982274694828
0.6112886849332668
0.6113844761996319
0.6114937744873797
0.6116302201644797
0.6118122001903532
0.6120073857623898
0.6121468929837434
0.6122701560846502
0.6124268501833682
0.6125791774282809
0.6127009924594407
0.6128291391678952
0.6129719660885713
0.6131033261924919
0.6132397456179374
0.6133417665125998
0.6134694976933324
0.6135710660847055
0.6136618312865564
0.6137567714116458
0.6138690959262527
0.6140000697829681
0.6141384409630535
0.6142631529899214
0.6143922091766572
0.6145361203690378
0.6147116460423049
0.6149342158403297
0.6152466703427736
0.6157386352947107
0.616511000120518
0.6176278661651471
0.6189185446797707
0.6199
0.6199037493725928
0.6199112481177785
0.6199262456081499
0.6199398990043504
0.6199543563740675
0.6199685883137762
0.6199811272315298
0.6199924410847827
0.62
0.6200037493725928
0.620008243095887
0.6200168056575485
0.6200251537000542
0.6200353803008439
0.6200457410295489
0.6200557189817738
0.6200634509325432
0.620070449123754
0.6200776461422525
0.620086160905618
0.6200967047127421
0.6201072239667806
0.6201166701378268
0.6201264605627104
0.6201373339458419
0.6201505381284781
0.6201672283504022
0.6201903511225398
0.6202251506027318
0.6202851299765593
0.6204050887242143
0.6206450062195243
0.6211128036631818
0.6220483985504967
0.6239195883251264
0.6270139590549929
0.6299
0.6299036475816673
0.6299109427450018
0.6299255330716709
0.6299372225751391
0.6299475615669305
0.6299590451350566
0.6299729932827433
0.6299853815956725
0.6299926907978363
0.63
0.6300036475816673
0.6300078633966683
0.6300162950266702
0.6300269150743583
0.6300378266991143
0.6300512359318403
0.6300647118620618
0.6300809013628148
0.6301035109016576
0.6301316855196605
0.6301644899107872
0.63020260951306
0.6302469074708751
0.6302985900705198
0.630359119518022
0.6304301132717347
0.6305134121803369
0.6306111491738308
0.6306899685010409
0.6307490082902283
0.630795593750376
0.6308334712153852
0.6308656244600465
0.6308940932567021
0.6309200428610188
0.6309442249760817
0.6309671489566802
0.6309891848424409
0.6310106411380709
0.6310318039470464
0.6310529660185764
0.6310744583678931
0.6310966975919989
0.6311202823674202
0.6311418487598744
0.631159206592373
0.6311746750564273
0.6311887041153835
0.6312022181177944
0.631216566455487
0.6312346074773024
0.6312547538549
0.6312731367808284
0.6312907622874991
0.6313072042036348
0.631323101499217
0.6313396906151786
0.6313593098377354
0.6313850101144804
0.6314069204235708
0.6314259979187588
0.6314454806731358
0.6314667272981986
0.6314902498215861
0.6315126376798091
0.6315345886802914
0.6315542814924516
0.6315690819806739
0.6315822283386112
0.6315945057629244
0.6316094357466178
0.6316209041957609
0.6316311688173017
0.6316403886033501
0.6316494626015475
0.6316575036760655
0.6316727538406584
0.6316847780599648
0.6316962504023806
0.6317087640386544
0.6317225311343849
0.6317382153641653
0.6317549278003747
0.6317694983882823
0.6317823627564306
0.6317942283635883
0.6318056588721179
0.6318175101934788
0.6318316049739657
0.6318417274463349
0.6318535520331056
0.6318633837055757
0.6318718922275729
0.6318801358302155
0.631888608653038
0.631898427000298
0.6319105124327403
0.6319232538654109
0.6319340618582862
0.6319448534070524
0.6319565706221529
0.6319701340100196
0.6319874012722664
0.6320037391340044
0.632020254993156
0.6320381076556075
0.6320582136836017
0.6320799637340451
0.6321036680729262
0.6321311831239723
0.63216309854614
0.6321990025729245
0.6322344164423028
0.6322754076335434
0.6323229084266293
0.6323636103753382
0.6324024451140065
0.632445203070651
0.6324969122162828
0.6325561347825395
0.6326297735391678
0.6327119691963723
0.6327960227148327
0.6328832946045088
0.6329866547437228
0.6331200001567876
0.6333113244340622
0.6333467192276864
0.6334172454374226
0.6334672542190211
0.6335058245366626
0.6335521624554209
0.6335899403461049
0.6336318386735452
0.6336898772606891
0.6337621588762377
0.6338575874552363
0.6339925262796352
0.6341217629346126
0.6342418258188561
0.6344138688391725
0.6346155422749788
0.6348821145229611
0.6351624930958026
0.6353881034776779
0.6357656021482594
0.6360609866786404
0.6364338925744409
0.6369963387638008
0.637526759275433
0.6381096147874943
0.6388131388449325
0.6397955030304058
0.6399
0.6399023547603031
0.6399070642809093
0.6399164833221216
0.6399267448343354
0.6399377818826251
0.6399512589450757
0.6399637746158706
0.6399745104054975
0.6399836685889476
0.6399914624626747
0.6399957312313374
0.64
0.6400023547603031
0.6400049953624601
0.6400087169360715
0.6400129531909551
0.6400183002011001
0.6400241799335629
0.6400293114167239
0.6400346158536081
0.6400395620424161
0.6400443955892393
0.6400494834534771
0.6400547092406075
0.6400604152762204
0.6400660450266932
0.6400711624788588
0.6400761022386287
0.6400811206375192
0.6400864617157181
0.6400924569237952
0.640099658069587
0.6401073777896198
0.64011532376832
0.640123791984543
0.6401331236365918
0.6401416419436261
0.6401513313865638
0.6401613269831772
0.6401719509562819
0.6401825020275943
0.6401916584048709
0.6401986708593782
0.6402071031674564
0.640213263507173
0.6402192012981806
0.6402254102964966
0.6402301784380288
0.6402345513705319
0.640238443842047
0.6402452954473916
0.6402508106383191
0.6402561837609457
0.6402620293440092
0.6402683505611627
0.6402749479235148
0.6402807487464799
0.6402856421677013
0.6402900392284536
0.6402943002719755
0.6402989362396815
0.6403056910830618
0.6403116951315933
0.640316378052633
0.640320861828055
0.6403253318582998
0.6403299132494569
0.6403346787843925
0.6403396691646387
0.6403451245123722
0.640351948687246
0.6403579277491418
0.64036443100506
0.6403704518333362
0.6403765222298572
0.6403831797086962
0.6403908581004227
0.6404003871252729
0.6404125129001369
0.6404292442227328
0.6404471058481642
0.6404639636895262
0.6404823645053352
0.640499442260714
0.6405160710416508
0.6405364973795381
0.6405598509229882
0.64057841743065
0.6405970996368312
0.6406181583137586
0.640644611283411
0.6406788060379341
0.6407168965618748
0.640760980062571
0.6408098018681789
0.6408659396451386
0.6409394323300805
0.6409602818939056
0.6410019810215558
0.6410152142507048
0.6410293157600667
0.6410433336007569
0.6410597356810361
0.6410732703127184
0.6410883150820592
0.6411102240877242
0.6411371563527022
0.6411718964171158
0.6412162578524706
0.641267725409838
0.6413267179474823
0.6414156506831641
0.641502193701641
0.6415786374633868
0.6416662623261268
0.6417621142685959
0.6419022512220031
0.6421362443805441
0.6426042306976261
0.643310695272052
0.644251743881988
0.6453373846042806
0.6465415411384425
0.6479746986374124
0.6497603202247956
0.6499
0.6499079153800426
0.6499237461401276
0.6499527598124762
0.6499746594756628
0.6499873297378314
0.65
0.6500079153800425
0.6500165545889135
0.6500293695139567
0.6500497821342378
0.6500713497279491
0.650097749754707
0.6501271814246151
0.6501574414846283
0.650189757193223
0.6502287822968316
0.6502839286956101
0.6503942214931673
0.6505257860965081
0.6506942209557689
0.6509173086744523
0.651274073322989
0.6519585438911923
0.653327485027599
0.6557352291490226
0.6591462586384896
0.6599
0.6599367806637927
0.66
0.6600367806637927
0.6600650041539347
0.6600942369230965
0.6601275636741725
0.6601678329642708
0.6602067558893351
0.6602494924588904
0.6603035549973401
0.6603885885628232
0.6605422458187479
0.6607235196501686
0.6609591288396703
0.6612915975976328
0.661834560559506
0.6629204864832523
0.665092338330745
0.6692769484945936
0.6698999999999999
0.6699068077242893
0.6699204231728682
0.6699476540700258
0.6699701147982025
0.6699850573991013
0.6699925286995507
0.67
0.6700068077242894
0.670013015021477
0.6700232911393864
0.670040473517952
0.6700606738061821
0.6700813932828593
0.6701057358269519
0.6701400656271145
0.6701999597632353
0.6702769636620752
0.6703954073090911
0.6706322946031228
0.6709829224483489
0.6714032348643942
0.6722438596964849
0.673779861684703
0.6768518656611393
0.6799
0.6799064236943924
0.6799192710831772
0.6799295396932934
0.6799404040687302
0.6799520969250142
0.6799650421077261
0.679978573121731
0.6799892865608655
0.68
0.6800064236943925
0.680014512136423
0.6800224339948674
0.6800318884169275
0.6800416588216105
0.6800515423104573
0.680062318156372
0.6800753822150779
0.6800876685179137
0.6801002832147788
0.6801144851304183
0.680131427745365
0.6801479541449852
0.6801668638642817
0.6801875822680288
0.6802096364990236
0.6802374167676348
0.6802694906578846
0.6803075164393679
0.6803539662937078
0.6804126909193607
0.6804910198557687
0.680603918364365
0.6807893029665245
0.6811600721708436
0.6819016105794818
0.6830298021612793
0.6846124220829576
0.686358504387437
0.6893491279749344
0.6899
0.6899086137724829
0.6899258413174488
0.6899353009593626
0.6899456553460915
0.6899567438760874
0.6899698352103176
0.6899816294342459
0.689990814717123
0.6900000000000001
0.6900075063617211
0.6900163506383492
0.6900269008435979
0.6900368516048501
0.6900490664982493
0.6900682593155577
0.690082988258653
0.6900955713700654
0.6901092061993674
0.6901231107676787
0.6901396432448169
0.6901601379983586
0.6901865899303221
0.6902226414548257
0.6902761825170878
0.6903316580500563
0.6904118116949217
0.6904981378472292
0.6906198416305913
0.6907751326266176
0.6909919247930537
0.6913314846779641
0.6920005319862844
0.6932310717066772
0.6949056262805873
0.6976227742672763
0.6999
0.6999203190895666
0.6999609572687
0.7000000000000001
0.7000203190895667
0.7000400201154862
0.7000588935402849
0.7000855559670421
0.7001179678961692
0.7001451531956047
0.7001738018043109
0.7002067936971691
0.7002481113835101
0.700306689696405
0.7004006854586882
0.7005173013036052
0.7006560843161728
0.700848719954582
0.701070209492991
0.7014069209788988
0.7018624024396739
0.7025869640954632
0.7040275725082077
0.7066637608143445
0.7099
0.7099091913883143
0.709927574164943
0.7099518425606415
0.7099745281860655
0.7099872640930327
0.71
0.7100091913883143
0.7100187766978121
0.7100329971653881
0.7100543221767132
0.7100765888175594
0.710098619256221
0.710125707159159
0.710157098435807
0.7101932510991849
0.7102367190824871
0.7102923824777261
0.7103748719971784
0.7105143596454974
0.7106975389453255
0.7109215841770105
0.711208570430081
0.7115885894180565
0.7120942807683084
0.7127463982451787
0.7135794113390136
0.7147441269705134
0.7163939795753578
0.7191847908366974
0.7199
0.7199135378229885
0.7199406134689655
0.7199703067344827
0.72
0.7200135378229885
0.7200331942377485
0.7200523107595435
0.720071473027358
0.7200965711459119
0.7201248697615985
0.7201519835466017
0.7201822866662593
0.7202166633877951
0.7202615297731648
0.7203306378756757
0.7204688540806976
0.7206409885881221
0.7208382845956808
0.721050102514068
0.7212675871731841
0.7214972305798282
0.7218327542314075
0.7225010107466391
0.7235098035746514
0.7249590945727399
0.7272344208541848
0.7299
0.7299102195874743
0.7299306587624228
0.7299516683720304
0.7299709648192164
0.7299854824096081
0.73
0.7300102195874743
0.730020513691635
0.730034859963699
0.7300527083453173
0.7300734670982955
0.7300988778901872
0.7301222511414386
0.7301466174462847
0.7301744615234136
0.730206501556751
0.7302436406260271
0.7302896524083698
0.7303523272228002
0.7304526774996777
0.7305826035064937
0.7307419375266149
0.7309394903285598
0.7312079871902504
0.7315720773971092
0.7320809885561733
0.7328363430502494
0.7334494080442812
0.7340732530513634
0.7346540494921762
0.7351327946026471
0.7356820127848018
0.7367087297436258
0.7382727517528251
0.7399
0.7399075814543116
0.7399227443629347
0.739953070180181
0.7399787248762947
0.74
0.7400075814543116
0.7400204065466272
0.7400410452526685
0.7400629721716996
0.7400873571439536
0.740117724976644
0.7401517469051064
0.7401977498972855
0.7402806680269688
0.740434789067379
0.7406491103156408
0.7410777528121645
0.7419350378052118
0.7436496077913063
0.7470787477634954
0.7499
0.7499057304652
0.7499171913956001
0.7499401132564002
0.7499572922164328
0.7499780195245676
0.75
0.7500057304652
0.7500153308105713
0.750029622185449
0.7500461158075201
0.7500626408672035
0.750082730575184
0.7501099337380202
0.7501383051935732
0.7501711802066292
0.7502085554755836
0.7502501338279233
0.7502971968392391
0.7503514351347631
0.7504146280004984
0.7504894508293455
0.7505783317763596
0.7506905771237072
0.7508369114704992
0.7510455401411998
0.7513933572707391
0.7520889915298176
0.7533228156350291
0.7556552549339947
0.7595796452802903
0.7599
0.7599098480343462
0.7599295441030387
0.7599625262907097
0.7599812631453549
0.76
0.7600098480343462
0.7600228351426699
0.7600366739953928
0.760059419697743
0.7600856376683391
0.760115064532299
0.7601554889373988
0.7601985264311751
0.7602491088999941
0.7602996325260342
0.7603466762857581
0.7603982121340185
0.7604469677056839
0.7605012501542592
0.7605483447568931
0.7605949422010362
0.7606455378291292
0.7607036884488441
0.7607757168807154
0.7608712406144781
0.7609412134392526
0.7609969922781605
0.7610504350489142
0.7611066896517825
0.7611797840880491
0.7612535995583758
0.7613279531186827
0.7614001924676878
0.76147716650883
0.7615655986648496
0.7616756842709302
0.7618252237097948
0.7620279729409304
0.7623374680537404
0.7627598840852831
0.7632418273847696
0.7637956236846071
0.7644382377072002
0.7651917834177268
0.766093448749269
0.7671672488337559
0.7685151351215955
0.7699
0.7699051238699545
0.7699153716098633
0.769926074236851
0.7699366887295175
0.7699490202685072
0.7699629316439975
0.7699796235582116
0.77
0.7700051238699545
0.7700140338351179
0.7700220736715393
0.7700332170740084
0.7700441383323792
0.7700537698671539
0.7700617431707824
0.7700689377309594
0.770077511087211
0.7700875771827944
0.7700949785018434
0.7701025005105707
0.7701109161834178
0.7701215302631015
0.770136744902102
0.770151339343984
0.7701633616968158
0.7701740822968093
0.7701845046849746
0.7701964292234915
0.7702048712661764
0.7702156235095199
0.7702249123036848
0.7702331609476586
0.7702410814020189
0.7702488496530857
0.7702570326011052
0.770266934203912
0.7702759330178204
0.7702861481093838
0.770295482427601
0.7703048984740172
0.7703152229157366
0.7703274730756119
0.7703423589307798
0.7703620998193781
0.7703900031815671
0.7704332898952151
0.7705118070513985
0.7706595910797346
0.7708218369221882
0.7710005230793192
0.7712033759374706
0.7714344047875892
0.7717020357285567
0.772014525762765
0.7723802852703655
0.7728088785617893
0.7733113719860331
0.7739012128922773
0.7745951215718105
0.775414282218673
0.7763861280799997
0.7775469008144347
0.7789455721841197
0.7799
0.7799066518654328
0.7799199555962985
0.7799465630580297
0.779965864261029
0.7799829321305145
0.78
0.7800066518654328
0.7800162486809511
0.7800299007828121
0.7800486540872541
0.780066551964146
0.7800880329274796
0.7801169439897928
0.7801465721701775
0.7801775376182304
0.7802145400233587
0.780256448413916
0.7803058942590309
0.7803652744818887
0.7804341339304912
0.7805135971307018
0.7806058161312617
0.7807131007946355
0.7808387344033979
0.7809863465938763
0.7811710305619948
0.7814052506033888
0.7817230453384173
0.7822035709949251
0.7828922671102375
0.783782286441938
0.784896766680577
0.786243866898994
0.7878255794083728
0.7896222682372309
0.7899
0.7899079294276364
0.7899237882829092
0.7899436140948249
0.7899617775425246
0.7899832104048419
0.79
0.7900079294276364
0.7900188986172189
0.7900317904397527
0.7900462708138448
0.7900610054202276
0.7900764803285739
0.7900931338372933
0.7901112853580394
0.7901305812354783
0.7901520036179209
0.7901750262323733
0.7901996169929324
0.7902255895246632
0.7902557380035525
0.7902917681615386
0.7903394965560397
0.7904086874151747
0.7904747888713476
0.7905102169525675
0.7905405323535374
0.7905743276638998
0.7905997547243235
0.7906384145922433
0.7906656682030035
0.790693772192531
0.7907333976415998
0.7907809205043507
0.7908429009805775
0.7909246379232545
0.7910310415166697
0.7911818232888912
0.7913988193887393
0.7917468734752824
0.7924429816483685
0.7934001798718323
0.7941162162267427
0.794938189546508
0.7956213147089279
0.7962585514054716
0.7970039345841248
0.7979892545525044
0.7997101796330285
0.7998999999999999
0.7999087451007161
0.7999262353021483
0.79995133469049
0.7999743929527731
0.7999871964763865
0.8
0.8000087451007162
0.800018146773643
0.8000357473467046
0.8000611052697634
0.8000833161037233
0.8001072792486837
0.8001348448924893
0.8001671496434576
0.8002061516792408
0.8002537689525541
0.8003095309640907
0.8003714510593326
0.8004412134150259
0.8005210048581359
0.8006132726645891
0.8007281967122888
0.8008788618360267
0.8011027452684798
0.8015381478276581
0.802387579535309
0.8036103104063719
0.8058072987359869
0.8096452551525096
0.8099
0.8099049727773943
0.8099149183321829
0.8099348094417601
0.8099504940818069
0.8099675317430196
0.8099859896694325
0.81
0.8100049727773944
0.8100130846559485
0.8100221235162792
0.8100402012369408
0.8100554917171551
0.8100708505588989
0.8100870300870582
0.8101026676504577
0.8101171557539371
0.8101307040799685
0.8101442325688275
0.8101598394508622
0.8101736274464012
0.8101895112780975
0.8102038075949428
0.8102180865283319
0.8102337114273532
0.8102517062060245
0.810274128335491
0.8102964337373934
0.8103190550532674
0.8103443651094648
0.8103640984259649
0.8103839579885571
0.8104010208386485
0.8104166174339598
0.8104323447352939
0.8104496550705075
0.8104732092642092
0.8105013488569811
0.8105220743050483
0.8105421335161965
0.8105635777436007
0.8105887649395991
0.8106196962590235
0.8106615115378685
0.8107218338167184
0.8108173305929198
0.810977558837682
0.8111596955044071
0.8113659614168341
0.8115805577537107
0.811748936967964
0.8119138385399144
0.8120779441081358
0.8122383398897988
0.8124914507505403
0.8128041701360004
0.8133392951283613
0.813966384053731
0.8146848227624989
0.8155235955187615
0.8165159033686034
0.8177010725506345
0.8192001362029334
0.8199
0.8199055883115541
0.8199167649346625
0.8199323760920595
0.8199469511691082
0.8199602614816519
0.8199729758876656
0.8199859970499924
0.8200000000000001
0.8200055883115542
0.8200132777414432
0.8200221109905443
0.8200318986802863
0.8200435492502659
0.8200573042172841
0.8200706066414422
0.8200833845998458
0.8200978064603057
0.8201150156616703
0.8201390279572718
0.8201679630095984
0.8201967296004918
0.8202335125727761
0.8202767554743654
0.8203271969192306
0.8203882714722892
0.8204608743017104
0.8205310827975272
0.8205838468299181
0.8206293723959862
0.820678317485061
0.8207295281221947
0.8207730501182893
0.8208122783199853
0.8208521257607982
0.8208953088946437
0.8209460506896604
0.8210150984394337
0.8210815233544402
0.8211475971955593
0.8212096673717142
0.8212730193421246
0.8213423683829304
0.8214244010933054
0.8215232196412909
0.8216516410205085
0.821790121865702
0.8219400772472819
0.8221080405956076
0.8223059774094076
0.8225451636177542
0.8228459250661136
0.8231727972749071
0.82354736855352
0.823837670371841
0.8241367073895511
0.8242898092517824
0.8245048339529385
0.8245955913446583
0.8246839260234322
0.8247790169191743
0.8249024066155806
0.8250072577322229
0.8250996050448643
0.825195008028851
0.8252977721053494
0.8254166115318647
0.8255694947709459
0.8257653395224894
0.8259773515062221
0.8261721825590995
0.8263684710305395
0.8265788635829538
0.8268110678414645
0.8270607110079214
0.8272730051170032
0.8275057545323596
0.827875410590163
0.8283044272125037
0.8287995237134335
0.8293704456460462
0.8299
0.8299058743389746
0.8299176230169237
0.8299328741518658
0.8299477340073764
0.8299632102428767
0.8299822850348734
0.8300000000000001
0.8300058743389747
0.8300156139062955
0.8300300194987711
0.8300456850874386
0.8300633008796249
0.830081949875547
0.8301048144018565
0.8301321304536213
0.8301610190969271
0.8301906313051015
0.8302238562294667
0.8302621181628842
0.8303105745537339
0.830371312763232
0.8304387530149155
0.8305169179069928
0.8306079556324282
0.8307211439359258
0.8308707747398428
0.8310851077756016
0.8314089026568693
0.831899335293787
0.8327936973955817
0.8345318647423076
0.8366109917264232
0.838918408683119
0.8399
0.8399066878901854
0.8399200636705563
0.839946815231298
0.8399717337531253
0.84
0.8400066878901854
0.8400200636705563
0.8400407933865017
0.8400636682906001
0.8400915982139345
0.8401238100903601
0.8401641186484665
0.8402082269419255
0.8402587569370732
0.8403148871239301
0.8403776360505679
0.840453563072601
0.8405471669937573
0.8406612674901478
0.8407998863914967
0.8409671233402439
0.8411717485566644
0.8414437488442914
0.8418138732940308
0.8423682122706843
0.8433476768328814
0.8453066059572756
0.8490368044606658
0.8499
0.8499073168668622
0.8499219506005865
0.8499410130789288
0.8499590428886566
0.849980551342003
0.85
0.8500073168668622
0.8500189697577973
0.850037740276469
0.8500571358958449
0.8500782568938031
0.8501035521850419
0.8501333947102607
0.8501735734487752
0.8502147702605793
0.8502594526308432
0.8503055662766265
0.8503588428010926
0.850426331642896
0.8505071263906951
0.8506073492573831
0.8507419185469005
0.8509135229857877
0.8511315419831162
0.8514488603665278
0.8519834758651671
0.8530527068624457
0.8550812318890986
0.8578066409170565
0.8599
0.8599114872318879
0.8599344616956638
0.8599672308478319
0.86
0.8600114872318879
0.8600309044004154
0.8600566232061628
0.8600895526370832
0.8601242050314051
0.8601712084878901
0.8602263671520116
0.8602870515964033
0.8603537868551541
0.8604286868335671
0.8605200454390839
0.860636953166533
0.8607827838425125
0.8609601949446848
0.861180691104807
0.8614664610095454
0.8618627601128331
0.8624573761956285
0.8636466083612191
0.8660250726924004
0.8699
0.8699081961658298
0.8699245884974894
0.8699573731608087
0.8699805188607426
0.87
0.8700081961658298
0.8700187896268099
0.8700325989898778
0.870050011859262
0.8700660500620333
0.8700841147776478
0.8701024438192448
0.8701257694943052
0.870148323744899
0.8701718797835624
0.8701989333807967
0.8702279761419884
0.8702625217705745
0.8703019260623542
0.8703387320195611
0.8703757710294403
0.8704200751435935
0.8704734489852061
0.8705142360769891
0.8705517293198144
0.8705910858140719
0.8706351764972748
0.8706670342334585
0.8706903236441494
0.8707095940526425
0.8707271128138835
0.8707461688103205
0.8707589017738616
0.870775788212751
0.8707896250900782
0.8708014168928326
0.8708128962981776
0.8708249190854295
0.8708401266050446
0.8708546922647736
0.870869448096015
0.8708836711760624
0.8708988291186227
0.8709165334615584
0.8709390571632384
0.8709635819987009
0.8709895207957383
0.871018691428462
0.8710530760382243
0.8710884853033425
0.8711189833868049
0.8711495148849349
0.8711824307432264
0.8712197548312857
0.8712604716695043
0.8713078724012395
0.8713627402976951
0.8714309827582517
0.8715151773842739
0.8716250463617399
0.8717680026228259
0.8718974898003553
0.8720450155409923
0.8722350240213858
0.8723744898434652
0.8725187784356941
0.8727115896743403
0.8729918550020759
0.8735523856575471
0.8742143982546152
0.8745503813665396
0.8747765660163964
0.874917960596431
0.8750369578250131
0.8751643757536306
0.875263851211001
0.8753990356686494
0.8755038470233193
0.8756018903825146
0.8757336265014111
0.8758918655179111
0.8761287725201103
0.8765971034621054
0.8772924162851433
0.8783051919218735
0.8799
0.8799128501511428
0.8799385504534285
0.8799692752267143
0.88
0.8800128501511428
0.8800288675835115
0.8800487662254355
0.8800807306346276
0.8801155129656907
0.8801548735940751
0.8801997198666626
0.8802514489405032
0.8803114072764167
0.8803709411644707
0.8804414637404524
0.8805173270108797
0.8805730078273826
0.8806241212286398
0.880676953495066
0.8807359785285896
0.880811860190721
0.8809306154283936
0.8810233145225899
0.8811044942985569
0.8811883017879453
0.8812788138498503
0.8813873950640603
0.8815210213081318
0.8816919713472762
0.8818780634336719
0.8820838317967332
0.8823237648602991
0.8826065546892494
0.8829655687872462
0.8834510297247882
0.8841091756961778
0.8848709706547823
0.8857512455235109
0.8867740528745538
0.8879659296266984
0.8893628137729848
0.8899
0.8899040697892195
0.8899122093676586
0.8899284885245367
0.8899421708806118
0.8899584789598299
0.8899770024645182
0.889988501232259
0.89
0.8900040697892195
0.8900097583517912
0.8900191235714575
0.89003340511695
0.8900465652409084
0.8900623414844477
0.8900822687993832
0.8901045892318059
0.8901276085833197
0.8901491115634057
0.8901709116878909
0.8901976825335626
0.8902265267460469
0.8902498899051128
0.8902718661983869
0.8902949870297416
0.8903210765504544
0.890353554570908
0.8903951845846191
0.8904463320335362
0.8905003631564434
0.8905631857182126
0.8906407258361153
0.8907498018371737
0.8909171774484643
0.8910655014881288
0.891114720486629
0.891144939229959
0.8911679049061645
0.8911933361518718
0.8912141772505949
0.8912391318565878
0.8912660702431601
0.8912862007705684
0.8913067387843722
0.8913264919490986
0.8913491112875075
0.8913873659940684
0.8914188020332647
0.8914494820554743
0.8914851788340138
0.8915301629925404
0.8915624972254831
0.8916046764460684
0.8916419989628872
0.8916766795320205
0.8917199776906478
0.8917940259467924
0.891891272582782
0.8920021972709883
0.8921287178404294
0.8922734261062798
0.8924402521723648
0.8926340282350866
0.8928580029805928
0.8931172053484417
0.8934170918228022
0.893763903827246
0.894165453675643
0.8946311359360138
0.8951725173954543
0.8958042494746906
0.896545767017175
0.8974257738377281
0.8984685890738945
0.8996177126166652
0.8999
0.8999118295057221
0.8999354885171663
0.8999703692668303
0.8999851846334151
0.9
0.9000118295057221
0.9000246878581907
0.9000409389124068
0.9000680732653179
0.9000959041979497
0.9001263322795647
0.9001608415201222
0.9002017640201115
0.9002524977898649
0.9003016209927215
0.9003553636173006
0.9004225501662438
0.9005017765582202
0.9005991391767858
0.9007328738542648
0.9009433744109422
0.9013643755242969
0.9021430032428172
0.9034243510077629
0.9053566851624119
0.9075034290471162
0.9099
0.9099182170044656
0.9099546510133968
0.9099773255066984
0.91
0.9100182170044656
0.9100319786053913
0.9100529222186323
0.9100823518351809
0.9101093063025801
0.9101361068168408
0.9101669933101229
0.9102037222165398
0.9102468246793435
0.9102967829571592
0.9103608769550692
0.9104271987848228
0.9105027181538347
0.9105944668553563
0.9107215523967491
0.910950246552892
0.911386774960283
0.9119536160042063
0.913087298092053
0.9153546622677464
0.9191980109477815
0.9199
0.9199055031280284
0.9199165093840852
0.9199385218961987
0.9199564030747529
0.9199763583217305
0.9199881791608653
0.92
0.9200055031280284
0.9200117609486934
0.9200231913309285
0.9200396380230965
0.9200533551174753
0.9200663231170135
0.9200801423633731
0.9200948266505626
0.9201106541167219
0.9201296847221629
0.9201484014120936
0.9201689257324335
0.9201927563217553
0.9202166475563912
0.9202435723168975
0.9202766065966997
0.9203205364007444
0.9203862749688844
0.9204918012829738
0.9205414336062273
0.9205881108260914
0.9206361155899082
0.9206661320939121
0.9206981564190868
0.9207226615070216
0.9207413958362661
0.9207581171137825
0.9207748035327036
0.920796935845773
0.9208097161558246
0.9208225588169408
0.9208340450648581
0.9208445176864531
0.9208554597871332
0.9208685936462849
0.9208816705582238
0.9208959231022433
0.9209090992500171
0.9209227754418432
0.9209383463730477
0.9209575284395358
0.9209805967076665
0.9210043219923931
0.9210285107926321
0.9210578413532046
0.9210969531062588
0.9211271284805914
0.9211557999468434
0.9211862803193551
0.9212203468958222
0.9212582894630897
0.921300760869632
0.9213509601566016
0.9214106016507116
0.9214866181163319
0.9215822617798859
0.9217006288341771
0.9218097795941907
0.9219397833167363
0.9220877074820529
0.9222044916493826
0.9223283186171581
0.9224935210551124
0.9227380137226789
0.923226999057812
0.923912178292344
0.9240419532273731
0.9242159541017124
0.9242942666471035
0.9243893320428611
0.9244677057048492
0.9245648918155942
0.9246443813290379
0.9247178903409484
0.9248183356665589
0.9249359759483041
0.9250985867795581
0.9253599488054797
0.9258524279700832
0.9266244883913002
0.9279213811912265
0.9299
0.9299084532724652
0.9299253598173957
0.929944042262514
0.9299640631149728
0.9299813236518352
0.9299906618259176
0.93
0.9300084532724653
0.9300170258264914
0.9300273397273553
0.9300434748928169
0.9300601384747237
0.9300781873743847
0.9301003060978507
0.9301274973323089
0.9301549829782114
0.9301851599174118
0.9302198081284532
0.9302605040237342
0.9303091404537253
0.9303673031605317
0.9304366697824877
0.9305199677838154
0.9306171686616077
0.9307276314014657
0.9308535386384408
0.9309957143480645
0.9311581213017616
0.9313459947322911
0.9315629725372095
0.9318303963409832
0.9321691220923096
0.9326370793803878
0.9333843550766663
0.9348789064692233
0.9375782991708128
0.9399
0.9399032038923013
0.939909611676904
0.9399224272461094
0.9399340342505313
0.9399463496648426
0.9399622592348936
0.939979453655786
0.939989726827893
0.9400000000000001
0.9400032038923014
0.9400078823028887
0.9400149358922675
0.9400290430710251
0.9400411988467403
0.9400536759706789
0.9400673192401668
0.940081008954119
0.9400924940245142
0.9401034238062921
0.9401150391300941
0.9401265826501839
0.9401373131409807
0.9401482336490266
0.9401610802713413
0.9401735542057151
0.9401855853575561
0.9401982905245855
0.9402124186572764
0.9402275324345786
0.9402423855648868
0.9402586865182663
0.9402777601308463
0.94029422764258
0.9403070495114343
0.9403185493466469
0.9403294584491125
0.9403405266330866
0.9403530288435402
0.940364719381444
0.9403758039430532
0.9403872947576581
0.940400376298065
0.9404141525087701
0.9404294344296636
0.9404433263962506
0.9404576375441046
0.9404736742165183
0.9404927185226419
0.9405176193443181
0.9405490671059886
0.9405914476851193
0.9406337176630654
0.9406692195242548
0.940704237547033
0.9407414522801592
0.9407833135548349
0.9408335755911708
0.940895275929769
0.9409217145582808
0.9409479827254594
0.940966408374282
0.9409859265482325
0.9410032053036821
0.9410229378492215
0.9410433722117747
0.9410598940726154
0.941077105554747
0.9410971479475889
0.9411231845846662
0.9411540243719139
0.9411885613639023
0.9412261946235632
0.9412612890214269
0.9412871591119886
0.9413206907880436
0.941338078787737
0.941355647997477
0.9413709594535149
0.9413860074305813
0.9414027883891789
0.9414202161418933
0.9414358015943448
0.9414522689783876
0.9414710929201018
0.9414954029290916
0.9415235248505414
0.9415470834598216
0.9415676798131563
0.9415876356532406
0.9416103512540581
0.9416261478245688
0.9416443778209638
0.9416601223054889
0.941674328601305
0.9416885888652617
0.9417039584219018
0.9417237278920043
0.9417423130680774
0.9417611887004875
0.9417792345334087
0.9417980878133606
0.9418193322095783
0.9418454020357419
0.9418781298600158
0.9419235518697092
0.9419915928235205
0.9421076402179911
0.9423104256463672
0.9425372172485408
0.942789933036561
0.9430769527972649
0.9434034199175936
0.9437797426757034
0.9442162855041648
0.9447241334107905
0.9453166340865858
0.9460106715986063
0.9468323730361046
0.9477982132840322
0.9488771820394275
0.9499
0.9499028867514738
0.9499086602544216
0.949920207260317
0.9499308606652147
0.9499416696128277
0.9499561359990958
0.9499717316743737
0.9499854141875962
0.9499927070937981
0.9499963535468992
0.9500000000000001
0.9500028867514739
0.9500055419549548
0.9500102541430435
0.950018712426981
0.9500269463075522
0.9500339974616183
0.9500404495904547
0.9500468297709955
0.9500543753563102
0.9500611947371046
0.9500682176214641
0.9500747418468872
0.9500814121399753
0.9500887825664144
0.9500975945270376
0.9501075615862917
0.950117604940281
0.9501248360314802
0.950132275743804
0.9501381718253703
0.9501437158782035
0.9501522085924272
0.9501587683291652
0.950164419412488
0.9501704902035676
0.9501777559014404
0.9501868774317968
0.9501986642670698
0.9502096057306771
0.9502192370014167
0.9502275689275654
0.9502353123573479
0.9502434965824536
0.9502554572101815
0.9502648717564666
0.9502719072013619
0.9502782503662749
0.9502841086369292
0.9502898377230092
0.9502959196863539
0.9503028146206927
0.9503093451361794
0.9503157838127051
0.9503225486562233
0.9503294076842481
0.9503368909158247
0.9503440112528737
0.9503508834020139
0.9503581644043342
0.9503663272744789
0.9503762394162751
0.9503871933810558
0.9503989367222825
0.9504097798105604
0.9504200539356616
0.9504305516008315
0.9504434981270871
0.9504506246862308
0.9504582487943517
0.9504647947485645
0.9504705675808635
0.9504765142112657
0.9504835297284838
0.9504907137273985
0.9504985151251123
0.9505056341784243
0.9505129516607662
0.9505211323934182
0.9505308276448037
0.9505434898668742
0.9505595824541673
0.9505793449638419
0.9506038822440133
0.9506215934016269
0.950635454084162
0.9506492908371041
0.9506621427672594
0.9506715081904166
0.9506795376142669
0.9506875240069093
0.950694416617836
0.9507006954382415
0.9507068428902437
0.9507134516289162
0.9507187717801301
0.9507248501483534
0.9507292644614777
0.9507328409400565
0.9507362286986156
0.950739725209974
0.9507439379837332
0.9507486851399088
0.9507528620120084
0.9507569115538477
0.9507611905590039
0.9507660030590089
0.950771843605723
0.9507775407691628
0.9507831175879483
0.9507890559008012
0.9507957102167508
0.9508038407137613
0.95080913677998
0.9508125017752562
0.9508153716605392
0.9508182631435144
0.9508210235306956
0.9508244703303066
0.9508272400843453
0.9508302251149161
0.9508344999268394
0.9508420796215382
0.9508526254728975
0.9508640665146731
0.9508766424333785
0.9508908035824525
0.9509075640216093
0.9509277896084786
0.9509530674253645
0.9509766921648876
0.950995233757608
0.9510198317955258
0.9510418382330034
0.9510606941979104
0.951081632868933
0.9511073284997081
0.951137020283736
0.9511602110887827
0.9511803203157266
0.9512014676339634
0.9512218543869484
0.9512443061796368
0.951278098756582
0.9513220500188836
0.9513640903705924
0.9514067771523465
0.9514525572444988
0.951503688066418
0.9515651034106284
0.9516404539295592
0.9517401635348476
0.9518142956127092
0.9518926826171863
0.9519617842322211
0.9520352097731833
0.9521069723308744
0.9521844539791988
0.9522977252025487
0.9524577691918996
0.9526462600300458
0.9528003071625875
0.9529658055011361
0.953222820341764
0.9535380418735543
0.9539689761479216
0.9544694252363051
0.9550436680274339
0.9557083486521287
0.9564807932902114
0.9573897054140331
0.9584316849739728
0.9595696415498883
0.9599
0.9599058568820608
0.9599175706461823
0.9599409981744255
0.959958135257967
0.9599764884973606
0.9599882442486802
0.96
0.9600058568820607
0.960012694123603
0.9600263686066876
0.9600427700448629
0.9600608611653785
0.9600810112262907
0.9601024714957188
0.9601251937885941
0.9601534276204308
0.9601854069140278
0.9602205578912268
0.9602552664809215
0.9602928836785055
0.9603386503701025
0.9604005476577169
0.9604997336942257
0.9606362877775604
0.9608028217975917
0.9610137482492869
0.9612999546692607
0.9617365309598398
0.9624553262736966
0.9635227386879986
0.9652923605240338
0.9674985242196857
0.9699684598755058
0.9728101784198648
0.9761756283896323
0.980338494777777
0.9855784155771787
0.9908697030019802
0.9961017657411797
1.0
