0.0
0.001
0.003
0.007
0.0099
0.00990115585856376
0.009903467575691279
0.009905700556124164
0.009907822024488276
0.00991107263228497
0.009915978770382248
0.009922359317597761
0.009929612365129249
0.009936725841460967
0.009944896143399546
0.009956265221383168
0.009966376645625774
0.009974944268540386
0.009982416684256883
0.00998900517458789
0.009994931277227786
0.01
0.01000115585856376
0.01000346757569128
0.01000716721384139
0.01001409918295981
0.01001972482305686
0.01002607560789896
0.01003243388989579
0.01003829975954322
0.01004422260927346
0.01005100117554166
0.01005749370083358
0.01006486983764154
0.01007130883190939
0.01007765298427669
0.01008450396611155
0.01009230253894006
0.01010191666790227
0.01011408276045686
0.01013070988482952
0.01015116384749323
0.01017563263331608
0.01018678725334478
0.01019913894891694
0.01020927308816666
0.01021855454335632
0.01022865025130432
0.01023901983289466
0.01024834061508671
0.01025827919520917
0.01027044055438006
0.01028470403495084
0.01029670789081622
0.0103069257663381
0.01031610914819955
0.01032468432806153
0.01033326071035842
0.01034264112276515
0.0103550647015058
0.01036477019586323
0.01037451373788024
0.01038331425634974
0.01039144360041798
0.01039935180892501
0.01040720226163033
0.01041529260281191
0.01042419594243858
0.01043563030034034
0.01044989442200423
0.0104606291663286
0.01047052353517521
0.01048086233256728
0.01049229597842554
0.01050403592279542
0.01051605302300036
0.01052902770334192
0.01054434647107445
0.01055509972779876
0.01056447885673027
0.01057140151308538
0.0105768399490553
0.010581493770116
0.01058542994233799
0.01058922935444338
0.01059263228531734
0.01059608685465689
0.01059948840470648
0.01060293437976846
0.01060648735507112
0.01061024138973692
0.01061431086051387
0.01061884268276152
0.01062402254684072
0.01063012649491054
0.01063815473967444
0.01064817927845671
0.01065550947240299
0.01066219655626862
0.01066924382002288
0.01067584689932943
0.01068129611596452
0.01068582910797013
0.01068916824558115
0.01069226715940529
0.01069520169818168
0.01069831353137037
0.01070091892084528
0.01070397255869856
0.01070635037272812
0.0107090989374477
0.01071172004234024
0.01071428796009474
0.01071693296158562
0.0107196999895566
0.0107226640240426
0.01072596337900517
0.01073003173846887
0.01073355905894964
0.01073740695720836
0.01074080569618391
0.01074409813443285
0.01074769554201195
0.01075193541681323
0.01075724551856562
0.01076409040333349
0.01077307673903216
0.01078316711689675
0.0107939876569935
0.0108048008720023
0.01081493028878903
0.01082473484291857
0.01083445184682822
0.01084237142930333
0.01084971482558401
0.01085825692916151
0.01086854725512635
0.01087686435695528
0.01088444614634173
0.01089166432358302
0.01089881737543561
0.0109066069952204
0.01091661414469895
0.01092633843169646
0.01093454185534808
0.01094224084372745
0.0109501581857459
0.01095926939186241
0.01097138680080455
0.01098604042097033
0.01099915065431055
0.01101146853958191
0.01102402998104347
0.01103690992476534
0.01104946649505622
0.01105563875177623
0.01106211069411184
0.01106815453103482
0.01107601864340729
0.01108215446942004
0.0110885565132614
0.01109774505821915
0.01110952981025681
0.01112098327826215
0.011132215507944
0.01114401702234764
0.01115727666871759
0.01117280196197142
0.01118646411433494
0.01120339864647063
0.01121769686181062
0.01123331065741096
0.01124954981084026
0.01126591616775564
0.01128407031873097
0.01130581092004762
0.01132748861519267
0.01134736358705009
0.01136971748372675
0.01139341579074999
0.01142078495478731
0.01145340867882168
0.01149548042919421
0.01155351392726442
0.01163934821057081
0.01176002076637592
0.01189575079189062
0.01201860763774697
0.012119107150492
0.01221510605344805
0.01232644341199118
0.0124466401963391
0.01254743865185168
0.01265199407248192
0.01275903530886419
0.01285110412812639
0.01293439407117721
0.0130150017797511
0.01310051945130349
0.01322203255474457
0.01331791257371907
0.01338786881165715
0.01345191914717065
0.01351487196357178
0.01358327858239453
0.01366902616279869
0.01376186406305482
0.01386224681991555
0.01395263043896025
0.0140435153047278
0.01414166898557026
0.01425627693291925
0.01439251200548338
0.01456767460674248
0.01480424213791435
0.01515632520105645
0.01566580928660326
0.0163655523596294
0.01719795086323291
0.01823366367271981
0.01935577077159096
0.0199
0.01990354121907311
0.01991062365721935
0.01992478853351181
0.01993498562745438
0.01994415507448195
0.01995316811572747
0.0199617201873892
0.01996937474228582
0.01997747101020378
0.0199853479422894
0.01999200594620796
0.01999600297310398
0.02
0.02000227229624688
0.02000603714956295
0.02000992984179398
0.02001523074424868
0.02002147254814197
0.0200270166922406
0.0200325895965271
0.02003849525631229
0.02004447379681094
0.02005083067219175
0.02005791327778188
0.02006396078864309
0.02006941867806847
0.02007469736709816
0.02008017222522345
0.02008608581079661
0.02009217288985766
0.02009930627794215
0.02010771847187548
0.02011614185642596
0.02012452444309173
0.02013293321921981
0.02014015295841349
0.02014657858769812
0.02015262610069055
0.02015862523609664
0.02016457465236915
0.02016975210622338
0.02017475959783539
0.02018068659949044
0.02018750921749556
0.02019272685291536
0.02019744502762875
0.02020214090239485
0.02020689390630804
0.02021180986664755
0.02021696415855934
0.02022269177245756
0.02022961224230217
0.02023778068094468
0.02024390134734421
0.02024970449081098
0.02025584062678238
0.02026273295504367
0.02027067372526423
0.02028007256447118
0.02029121519436585
0.02030530361724361
0.02031843486202349
0.02033085723289295
0.020343798129491
0.02036005299805815
0.0203779441559577
0.02039201791637277
0.02040546315943703
0.02041979065403374
0.02043619775587287
0.02045706796892997
0.02047834741308565
0.02050490838649373
0.02052784221924199
0.02055192750106881
0.02057348770051448
0.02059408946498487
0.02061722979251618
0.02062706986445666
0.02064006916564901
0.02064942806506269
0.02066180817589772
0.02067169014013524
0.02068083214139509
0.02069413389286719
0.02071057414187479
0.02073196404492147
0.02075941453244207
0.0207942571279258
0.02083750970238944
0.02087582092601559
0.0209134690419493
0.02095369466056471
0.02099797254750811
0.02105007882326506
0.02111467512446838
0.02119826173766088
0.02131428508912916
0.02149897128998095
0.02173667525013174
0.02200297121627645
0.02230357176911365
0.0226447573640754
0.02303495640601375
0.02348496622064514
0.02400622865607925
0.02461215925812662
0.02531971413302072
0.02615482775443176
0.02711491417613915
0.02821761488597394
0.02948487627499735
0.0299
0.02990239302674426
0.02990717908023277
0.02991286224009397
0.0299187176519783
0.02992453706661862
0.02993086764624452
0.02993764313795722
0.02994563673864356
0.0299521041524805
0.02995824208475409
0.02996463629082052
0.02997060470957873
0.02997661980211038
0.02998313391750061
0.02999082085288749
0.03
0.03000239302674425
0.03000625041802984
0.03001231289630961
0.03002178973602509
0.03003224104282683
0.03004260471166367
0.03005264454589704
0.03006159538601404
0.03006943095226722
0.03007668536164302
0.03008411512437968
0.03009348520221182
0.03010163425345752
0.03010966253220445
0.03011740521972009
0.03012552456846674
0.03013472118378847
0.03014607157958244
0.03015986609765338
0.03017233652703354
0.03018371246338434
0.03019476545555174
0.03020655781452855
0.03022031916070031
0.03023019571045666
0.03023739197356475
0.03024378152635211
0.03025012650364547
0.03025785102364761
0.03026827704124043
0.03027635553092878
0.03028396899087149
0.03029219828399286
0.03030173291183958
0.03031271017328774
0.03032456256593877
0.03033086558472379
0.03033603023929745
0.03034112503072157
0.03034581689373798
0.03035195321736641
0.03035674998985521
0.03036185487794855
0.03036962100567157
0.03038280839483926
0.03040324512357546
0.03042393510287761
0.03044522493277837
0.03046832648182351
0.03049399291071534
0.03052461606362206
0.03055980135024796
0.03060160277138981
0.03065254172471557
0.03069315435902042
0.03073829231238497
0.03078208883372711
0.03082587554770433
0.03088282429531919
0.03090315150017761
0.03092613804760183
0.03094281022048167
0.03095921527187898
0.0309760921275987
0.03099171591271876
0.03100820372611466
0.03102365213648484
0.03104033012878301
0.03106045485016066
0.03108752427318731
0.03112042966741843
0.03115732771856312
0.03119371544976276
0.03122053729103108
0.03124725137643092
0.03127875550589693
0.03130533102221918
0.0313354213321396
0.03138104367483896
0.03145310396643006
0.03153628001106864
0.03163070224049913
0.03173880033524067
0.03186290093931273
0.03193275807671313
0.03198548308782179
0.0320451182757754
0.0320881882477934
0.03213525635466098
0.03217541789685016
0.0322149461299974
0.03225485008665223
0.03229990279741964
0.03235642801504237
0.03243853296652126
0.03253304110171652
0.03261692288758891
0.03268568393391792
0.03278372776409165
0.03285428824398048
0.03293095996334588
0.033003625577444
0.03307674765312873
0.03314659736844072
0.03324207038495212
0.03331710874466112
0.03339838577340146
0.03352865397413098
0.0337152754915591
0.03390396061882515
0.03407450749403674
0.03424033592500356
0.03443156126319231
0.03455727060176268
0.03469114409568182
0.03481006175464749
0.03492294050550439
0.03504554213497901
0.03519935384603971
0.03535450642867589
0.03552424121371106
0.03568206143065301
0.0358439530927482
0.03602269000531676
0.03623545428294902
0.03649574566901245
0.036841715811777
0.03734372969264305
0.03806455947000976
0.03917842090068648
0.0399
0.03990276295289802
0.03990828885869406
0.03991934067028614
0.03992970506046893
0.03994005624581364
0.03995368050214143
0.03996865140322308
0.03998603056422297
0.04
0.04000276295289802
0.04000828885869406
0.04001439700051052
0.04002207499311765
0.04002942563663294
0.04003613707316638
0.04004288411378321
0.04005082224174223
0.04005753821186964
0.04006455058836918
0.04007109221506175
0.0400776848139917
0.04008479400881714
0.04009226432919761
0.04009885662585746
0.04010385280050492
0.04010818508029006
0.04011316263221217
0.0401178054356772
0.0401224239142654
0.04012701532948092
0.04013201575399464
0.04013808496144822
0.04014564363551
0.040156253262635
0.04016908658545015
0.04017869842053771
0.04018622635571022
0.0401928956249225
0.04019943300552015
0.04020745801158875
0.04021365190759395
0.0402200840475981
0.04022583755379838
0.04023108342294161
0.04023609647796289
0.04024101626511179
0.04024618841784208
0.04025250150254313
0.04025804575255167
0.04026421783262046
0.04026995104133411
0.04027578623845765
0.04028223334159485
0.04028994488574866
0.04029938225900313
0.04031200608858885
0.04033010106776674
0.04035880560477954
0.04040317533255435
0.04045549379595492
0.04051489421061127
0.04058663733057467
0.04068207710224213
0.0408107672975751
0.04095934959624811
0.04113048371112202
0.04132844757507962
0.04155789457163888
0.04181616768498597
0.04206941150416203
0.0422639025053618
0.04243148516792009
0.04267316782621728
0.04284825301009752
0.04305532534574279
0.04335370838278369
0.04363735210312839
0.04392992341685523
0.04425250647996245
0.04460955498722749
0.04497577105122617
0.04541273875225235
0.04614537966249116
0.04671650560316553
0.04725317157481462
0.04786718747093704
0.04860941214137805
0.04966645796597025
0.0499
0.04990629215402882
0.04991887646208647
0.04994404507820176
0.04996818928827247
0.04998409464413624
0.05
0.05000629215402883
0.05001369132399303
0.05002848966392143
0.05004986248652236
0.05007715005131341
0.05010789439028437
0.05014419951189147
0.05018367211952321
0.05022724564486088
0.05027697896878933
0.05033461620747581
0.0504020592802176
0.05048136830668606
0.05055719817442075
0.05062726701978847
0.05070941029791826
0.05075899652503496
0.05080800150218098
0.05085435860887293
0.05090417102018744
0.05097114990069414
0.05104426993361683
0.05110685607023802
0.05115815873124289
0.05120605655948756
0.05125875444102986
0.05134043898248911
0.05141592015140276
0.05148149961890582
0.0515516010821383
0.05163422399607039
0.05173665618901748
0.05187855141905671
0.05204419004336486
0.05224671954053602
0.05249549999280997
0.05277347052741539
0.05309983481306729
0.05348965610828625
0.05399021985666129
0.05468235690757758
0.05569629003960243
0.05686209913063053
0.05819737075071801
0.05974063413385131
0.0599
0.0599019538099703
0.0599058614299109
0.05991367666979209
0.05992133130742134
0.05993169764527147
0.0599440752363217
0.05996029022323818
0.05997247679270681
0.05997973356441359
0.05998558398064675
0.05999171605425328
0.05999626226816663
0.05999813113408331
0.06
0.06000128260006782
0.06000314405797973
0.06000516923992066
0.06000824862711282
0.06001182939156801
0.06001536059347297
0.06001872599270362
0.0600221302806073
0.06002555280176969
0.06002856682505492
0.06003094718788078
0.06003308667415684
0.060035621829852
0.06003799923412596
0.06004031915316682
0.0600426404010815
0.06004518843568529
0.06004822330935161
0.06005212442612972
0.06005757017650491
0.06006609624697878
0.06007038390056622
0.0600747173506813
0.06007846148692417
0.06008166345363263
0.06008493907674765
0.06008896353184453
0.0600922102050262
0.06009560725145544
0.06009866921284567
0.060101502844676
0.06010420045562822
0.06010676053567426
0.06010926530483578
0.06011189454608885
0.06011512705359194
0.06011798694962757
0.06012100923453804
0.06012383704722797
0.06012672473309422
0.06012992589123202
0.06013367816211727
0.06013821912975812
0.06014359092744413
0.06015003198783607
0.06015597875640792
0.06016130561764529
0.06016689509257345
0.06017330700759083
0.06017991983300037
0.0601855724212172
0.06019056998375671
0.06019534815397694
0.06020046671382601
0.06020593494730037
0.06021105528975135
0.06021637278188005
0.06022159825430532
0.06022648313458184
0.06023270169167397
0.06024039192438743
0.06024802572656125
0.0602573167791571
0.06026301816302838
0.06026864601223673
0.06027401880244579
0.0602823492503733
0.06028822095312639
0.06029372370432478
0.06030011417863095
0.0603062561084407
0.06031233692082724
0.06031811743516455
0.06032374099182167
0.0603285574366192
0.06033294294118673
0.06033742327838832
0.06034253013280712
0.06034958862951376
0.06035631772001834
0.06035954991588462
0.06036335718793576
0.06036625269958928
0.06036931836816062
0.06037229755494701
0.06037524196086164
0.06037888257105032
0.06038401709290001
0.06039067077536717
0.06039764958964326
0.06040513421459381
0.06041345218139221
0.06042311391418116
0.06043497807134568
0.06044552409644166
0.06045422626022253
0.06046252721410882
0.06047143362257865
0.06048279495712846
0.06050024785597944
0.06051374977552337
0.06052649294931661
0.06053963682198342
0.06055366853869593
0.06057014220804893
0.0605911465086207
0.06061358687399217
0.060638185832934
0.06066606213426128
0.06069737819771544
0.06072256922040899
0.0607440821652695
0.06075421192672397
0.0607652989802667
0.06077399069762351
0.06078103370720395
0.06078810984368237
0.06079709070221741
0.06080630557744338
0.06081283322490744
0.06081860672130345
0.06082407274330465
0.06082942563000279
0.0608351051055027
0.06084188824242109
0.06084854764615329
0.06085602244542668
0.06086264413532702
0.06086923432269308
0.06087640073316095
0.06088462790723032
0.06089489709934219
0.06090797183718644
0.0609260439828976
0.06095048511654038
0.06098074402400621
0.06101754247871094
0.06104469683459887
0.06106888551297995
0.06109340841539126
0.06112019388574406
0.06113943705646581
0.06115838446796833
0.06118470878617795
0.06121216905140683
0.06123723345401789
0.06126609751286995
0.06130481092932718
0.06135353032336598
0.06139045132115559
0.06142361431325218
0.06146474936620983
0.061529139474675
0.06157897752766492
0.0616303263720468
0.06169345898372944
0.06176826831902145
0.06188292766244135
0.06190385200999536
0.0619395450685951
0.06196621399783747
0.06199674818394207
0.06202070545291517
0.06204348635380778
0.06207530732567389
0.06211573470188517
0.06216792056030583
0.06223592648346235
0.06232491425043504
0.06244010884475576
0.0626037587006636
0.06284373092037329
0.06324683486966899
0.06387945708492725
0.06460028713762193
0.06542668632928195
0.06638465846679442
0.06749529482521277
0.06879611582123635
0.0699
0.06990338643209718
0.06991015929629152
0.06991892246770112
0.06992764045407365
0.06993632301531605
0.06994544045408048
0.06995507559163959
0.0699654300932445
0.06997593851540751
0.0699862796103366
0.0699931398051683
0.07
0.07000338643209718
0.07000806233560952
0.07001296201780746
0.07001899605829486
0.07002548345100355
0.07003149405036414
0.0700376673128263
0.07004418340703347
0.07005128521269871
0.07005891809105717
0.0700670264669781
0.07007534536709076
0.07008332444243649
0.0700915113102382
0.07010110192268486
0.07010863054607663
0.07011490279305674
0.07012082138620211
0.07012671605195137
0.07013311196869353
0.0701399414364439
0.07014603089073894
0.07015137789414554
0.07015635533855384
0.07016146941804136
0.0701680481338902
0.07017573256610879
0.07018126686208452
0.07018659413007752
0.07019230777260077
0.07019889606607059
0.07020699728907645
0.07021584650411523
0.07022623494880535
0.07023523979837158
0.07024509806902278
0.07025729625307921
0.07026641595658518
0.07027383714979817
0.0702813043114352
0.07028974887548324
0.07030061473930375
0.07031207567778747
0.07032404694659869
0.0703361958787921
0.07034904041261629
0.07036323769882816
0.07037931484611787
0.07039786963545142
0.0704138437142788
0.0704282356571976
0.07044089667915063
0.0704533134744149
0.07046524822251297
0.07047770290153552
0.07048717519822148
0.07049564728851626
0.07050468984025546
0.07051641055199839
0.07052948433744236
0.07054363843178159
0.07055679262142281
0.0705701775301778
0.07058458821109082
0.07060147611733775
0.07062209361098709
0.07064866727554217
0.07068548639798879
0.07073849780332143
0.07082464551786556
0.07096922629669843
0.07113214698947963
0.07131525605981101
0.071524734714663
0.0717648939002633
0.0720435017925117
0.07236826504698242
0.07271007545068232
0.07299363181232503
0.07321983169565313
0.07339837914630072
0.0734848471872815
0.07356537553626596
0.07361957959393865
0.07367192297971456
0.07372550005502551
0.07376718506151973
0.07379668124928711
0.07382167383836857
0.07384143315587474
0.07386030766278497
0.07387432410457812
0.0738846140821519
0.07389415051329198
0.0739018670379905
0.07390913887321099
0.07391545825939756
0.07392144177214913
0.07392722397897397
0.07393265174926685
0.07393860098668696
0.07394329762036646
0.07394843479747625
0.07395323122910961
0.07395767106139368
0.07396187582932609
0.07396586021968438
0.07396967501655459
0.07397338931243706
0.07397708441325077
0.07398087749863876
0.073984977665627
0.07398991630626696
0.07399588617178139
0.07400135555316645
0.0740062643452731
0.07401126897142349
0.07401675587543255
0.07402299420942995
0.0740302097114213
0.07403736588391274
0.074045088732242
0.07405197598316658
0.07405802829847034
0.07406364500760985
0.07406919924518189
0.07407547451809408
0.0740849881557002
0.07409378974074207
0.07410122865414484
0.07410869179856494
0.07411676378032449
0.07412622409345446
0.07413871563541316
0.07415516984381726
0.07417437112796103
0.0741953896934015
0.07421744713190466
0.07424143831905593
0.0742685736898749
0.0743011851994705
0.07431123090891638
0.07433132232780813
0.07433786629072268
0.07434478432681779
0.07435178140745788
0.07436081067051808
0.07436756900213512
0.07437474179998975
0.07438254701704317
0.07438923952077967
0.07439603559725763
0.07440296875467725
0.074410276989467
0.07441935668927471
0.07443275202467989
0.07445808296270191
0.07448344531271303
0.07451266255032667
0.07455190291724224
0.07461675919348648
0.07471360773283546
0.07487415430350777
0.0751952474448524
0.07577613060029299
0.07652373897782082
0.07755922906991568
0.07890589461210755
0.07990000000000001
0.07990184458202484
0.07990553374607451
0.07991291207417384
0.07991872635897762
0.07992422783723435
0.07993039569040485
0.07993878662977615
0.07994577485971403
0.07995142620373924
0.07995699923922331
0.07996303847967869
0.07997060193096578
0.0799803832767912
0.07998817449503295
0.07999366573687407
0.07999683286843703
0.08
0.08000184458202483
0.08000376122364498
0.08000627732226752
0.08000971148075328
0.0800154909213285
0.08001979411628787
0.0800239416715721
0.08002843953780524
0.08003351030734124
0.08003933045717275
0.08004304156354744
0.08004687202731334
0.0800498785147749
0.08005263305080845
0.08005673373536101
0.08006010303392029
0.0800629799737105
0.0800660798220312
0.08006965270746572
0.08007429967339752
0.08008105685667478
0.0800872833962589
0.08009207360068597
0.08009608686409526
0.0800997145230754
0.08010335219098075
0.08010775486218576
0.08011126335920295
0.08011516513525194
0.08011862738182213
0.0801217984971262
0.08012482107821679
0.08012768517023598
0.08013047646329254
0.08013336703732657
0.08013667852386502
0.080142282342209
0.08014626272663347
0.08014955229952421
0.08015294189102906
0.08015659482191802
0.08016107146643754
0.08016671261987146
0.08017447401355166
0.08018588761276735
0.08020441115094605
0.08024020118790873
0.08028492022376903
0.0803309917719603
0.08038036983732917
0.08043431955423679
0.08049403409545149
0.08056080326458498
0.08063554789496957
0.08064874509671746
0.08066735276952132
0.08068150451098324
0.0806943595847582
0.08070665652119637
0.08071730358484086
0.08072925558492533
0.08074472069125918
0.08075244595155483
0.08076003218709232
0.08076825218004524
0.0807776346098662
0.08078570603694239
0.08079485376925907
0.08080858290222014
0.0808320893956802
0.08086400041881685
0.08089891215690741
0.08091661948746863
0.08093464081859289
0.08095139756918283
0.08096854569635212
0.0809857895290433
0.08100123113710819
0.0810178470323258
0.08103702011412164
0.08105525178014618
0.08107420352209904
0.08109372331342235
0.08110977218416386
0.08112105648498813
0.08112962954904149
0.08113794355157469
0.08114891127641384
0.08115864798279682
0.08116738318663641
0.08117673271912111
0.0811864945541989
0.08119569222945272
0.0812040182104075
0.08121202687937876
0.08122028125490569
0.08122981709862659
0.08124384843353635
0.08125584150375689
0.08126599966758662
0.08127645822303961
0.08128789210585712
0.08129906229996725
0.08131038428835892
0.0813237727374093
0.08133332353059773
0.08134471433277904
0.08135452138525469
0.08136317413300728
0.08137143384788204
0.08137956236017493
0.08138822025134404
0.08139903364053958
0.08140874642586869
0.08141910125611786
0.08142880505533562
0.08143874133327436
0.08144980301002504
0.08146279745202344
0.08147936290907676
0.0815009126072916
0.08153193657389617
0.0815829075386047
0.08166272628425705
0.0817636209053412
0.08189585811978212
0.08205131590012542
0.0821296178169504
0.08220332914621394
0.0823046140583206
0.082386703827037
0.08246705944788338
0.08257391522937156
0.08271767627960758
0.08288168504143588
0.0831073003649304
0.0832722030282544
0.08344146377668472
0.08357926451599643
0.08370288339262837
0.08385831788569673
0.08403282674912152
0.08416787328051506
0.08430392925283535
0.08443418404109197
0.08458571171890274
0.08468402370830673
0.08478407352518433
0.08487538217045766
0.08496593620953388
0.0850730797276316
0.08520543002727582
0.0853412904516964
0.08546273562775476
0.08558964451909302
0.08573267331700261
0.08591357013773611
0.08614748884034815
0.08649140027326309
0.087090376207479
0.08800684435608282
0.0891565849207057
0.08990000000000001
0.08990516875161934
0.08991550625485802
0.08992936952098565
0.08994322546238666
0.08995600914706461
0.08997003204340148
0.0899870731065665
0.09
0.09000516875161933
0.09001130595325779
0.09002171533849906
0.0900352415270735
0.0900487884381926
0.09006388741134531
0.0900795836708841
0.09009879084053064
0.09012411379509234
0.09015400977140013
0.09018894285855852
0.09022966543390704
0.0902737749560145
0.09031768684882747
0.09036105085660259
0.09040318156017693
0.09043350381990896
0.09045849600844603
0.09048341404238824
0.09051236115570756
0.09054044665662259
0.09057009147558792
0.09059725287690938
0.09062027231874865
0.09064129586700055
0.09066243013224472
0.09068758150560563
0.09071284760974044
0.09073804719527188
0.0907615390190242
0.09078604122784849
0.09081377169372103
0.09084726931698882
0.0908790093975687
0.09091621021353517
0.0909519666667797
0.09098389212792213
0.09100953368818308
0.09103290770112081
0.09105669032453731
0.0910843657717973
0.09111873380827233
0.09115316164652992
0.09118348525454077
0.09121472886420937
0.09124736568622371
0.09127270752267333
0.0912930061103029
0.09131062596357299
0.0913271037735228
0.09134518312569805
0.0913567320297593
0.09137066625024731
0.09138208672018143
0.0913919983559303
0.09140199014706255
0.0914131613576892
0.09142688883479079
0.09144116423132015
0.09145364692034767
0.09146619297957406
0.09147991131059623
0.09149592664184446
0.09151410086694879
0.09152737411872297
0.09153905880648179
0.09155120137016656
0.09156648494182401
0.09158718309354388
0.09160296701869355
0.091617955182149
0.09163226752185412
0.0916471605005238
0.09166499589816099
0.09167994784416891
0.09169123714161811
0.09170135121902724
0.09171116772382529
0.0917217770937572
0.09173601386413278
0.09175373218165772
0.09176658644994196
0.09177902101307298
0.09179244046901315
0.09180795833549062
0.09182788651765172
0.09185560538303311
0.09189454541572217
0.09195342662665061
0.09201907971625742
0.09209564096060319
0.09218341303536294
0.09227640265141773
0.09237388561808293
0.09246739291683528
0.09256329102401671
0.09267661224532764
0.09282955165949995
0.09308774037622701
0.0933937118937069
0.09375112961404064
0.09395528154476414
0.09409607766371596
0.0941919698855313
0.0943069258141413
0.0943885764640128
0.09447273795291176
0.09456204116711477
0.09463709768241968
0.09472145928982388
0.09483091957392353
0.09497329968520615
0.0951919622002691
0.09562410414536657
0.0961456694044266
0.09670411705229127
0.09723598776689148
0.09782469924112568
0.0985405840931245
0.0995907048574349
0.0999
0.09990278008529996
0.09990834025589987
0.09991946059709969
0.09992978992773392
0.09994039130401204
0.09995441244893785
0.09996966009789622
0.09998746030218886
0.09999373015109443
0.09999686507554723
0.1
0.1000027800853
0.1000051909368631
0.1000100126399892
0.1000174419305662
0.1000254798499816
0.1000331855877711
0.1000408886439221
0.1000495315769685
0.1000603721496498
0.1000694398539549
0.1000773120669606
0.1000853461671021
0.1000940758475462
0.1001040078191721
0.1001160637630918
0.1001294293747246
0.1001419412422006
0.1001542172067838
0.1001675896004323
0.1001783291876209
0.1001868482127288
0.1001956975333315
0.1002076589204202
0.1002167926210513
0.1002254407846412
0.1002349645406578
0.1002437243889287
0.1002517332369723
0.1002595989689615
0.1002682629142519
0.1002782726721131
0.1002884320769381
0.1002969885498852
0.1003055384277629
0.1003148375255514
0.1003256839931773
0.1003395099040334
0.100352810174399
0.1003631304728858
0.1003722330673446
0.1003807006772923
0.1003889479999198
0.1003976864035588
0.1004083881608216
0.1004192216369962
0.1004276818122028
0.1004350622913817
0.1004421927464696
0.100449942146258
0.1004614081573062
0.1004721305404147
0.1004808841198463
0.1004898803441915
0.1004998515206483
0.1005119310460799
0.1005283290488158
0.100549774994461
0.1005694462358774
0.1005864557682485
0.1006022000857063
0.1006173406411618
0.1006328559511274
0.1006504933063984
0.1006754183761178
0.1006989724985654
0.1007180208035044
0.100737089844342
0.1007576693130136
0.1007817228894097
0.1008126061989619
0.1008534085059269
0.1009127763541895
0.1010030780660681
0.1011316963420395
0.1011651299419128
0.1011984873275787
0.1012350420940736
0.1012610166328141
0.1012958481529403
0.1013239317883557
0.1013491078203255
0.1013775467567165
0.1014066769241503
0.1014430663956157
0.1014759885851919
0.101509734192472
0.1015400398750327
0.1015716578764581
0.1016023514543624
0.1016355461457559
0.1016856719352097
0.1017599214505646
0.1018539882703833
0.1019604572782032
0.1020804547899575
0.1021734257269917
0.1022473126509199
0.1023220503532342
0.1023974205367542
0.1024804108141364
0.1026066839041874
0.1027632296140621
0.1029105653462139
0.1030872134031523
0.1033391955689314
0.103683651934684
0.1040885682507666
0.1045547655387048
0.1050928135694401
0.1057165916278777
0.1064442883666221
0.1073007399490307
0.1083174637280991
0.1094530002159155
0.1099
0.1099026251393389
0.1099078754180167
0.1099183759753724
0.1099278245137277
0.1099363378064133
0.1099456350813543
0.1099566692534835
0.1099672028798024
0.1099774528376966
0.1099893302957835
0.11
0.1100026251393389
0.1100078754180167
0.110016009992319
0.1100249359880129
0.1100347788520058
0.1100461246621301
0.1100584713402957
0.1100697419972867
0.1100802051509237
0.1100904414471309
0.1101016166357969
0.1101085997589834
0.1101160002083623
0.1101219547633083
0.1101271475590166
0.1101326080257231
0.1101397863110467
0.1101465133559548
0.1101528988286749
0.1101593799222961
0.1101666180385795
0.1101743376984448
0.1101808853794082
0.1101865658092054
0.1101919104826124
0.1101975110678353
0.1102032058778444
0.1102090564667389
0.1102150968690551
0.110220438461259
0.1102261690835151
0.1102330457838646
0.1102415500485
0.11024979996397
0.1102598203290361
0.1102691054578231
0.1102762794701477
0.1102821823909585
0.1102897134580384
0.1102967424903803
0.1103028427480215
0.1103100314620249
0.1103168814202378
0.1103232654611185
0.1103295481805993
0.1103360873253276
0.1103437380556891
0.1103507977153757
0.1103574918014274
0.1103641730169365
0.1103692745071977
0.1103725066380002
0.1103759575581196
0.1103789919851586
0.1103827609848034
0.1103859797164035
0.1103892726119066
0.1103935844355296
0.1103995918623393
0.1104072917107296
0.110416259802616
0.1104269671595354
0.1104393348437514
0.1104519628385824
0.1104653020110354
0.1104798983242596
0.1104968448514625
0.110516100464295
0.1105301892084564
0.1105422362109347
0.1105535262064329
0.1105645326674392
0.1105763231645203
0.1105910355640395
0.1106043047016918
0.1106188042477835
0.1106323571229473
0.1106462180324005
0.1106615656782479
0.1106799760474533
0.1107025625749531
0.1107189818159434
0.1107309766038722
0.1107409667104947
0.1107501430746415
0.1107603486581501
0.1107675898848051
0.1107770649994672
0.1107850867769888
0.1107920470601703
0.1107986635595655
0.1108051795911254
0.1108122343051801
0.1108215549507848
0.1108332114244742
0.1108414799439384
0.1108493582741386
0.1108577910966434
0.1108674248084205
0.1108799508362653
0.1108960894481597
0.1109147787674053
0.1109368246924017
0.1109683000465593
0.1109962127441435
0.1110220099255412
0.1110405954505887
0.1110555967525995
0.1110699256830547
0.1110853321910229
0.1111021952219553
0.1111181547279369
0.1111318934025885
0.1111457201668958
0.1111605001896436
0.1111762790408874
0.1111917480440366
0.1112057887052391
0.1112187986333268
0.1112320094106523
0.1112483778919791
0.1112624162083694
0.1112764125610128
0.1112898210433836
0.1113037913008607
0.111319531468354
0.1113387469661736
0.111362709735672
0.1113788673835501
0.1113954162753431
0.1114099802219217
0.1114237369119785
0.1114391159134898
0.1114615486360719
0.1114836271559286
0.111502109089858
0.1115214325549484
0.1115432461843472
0.1115699820174318
0.1116062807156569
0.1116521036571127
0.1116922653164694
0.111731897844187
0.1117744830062775
0.1118225266165273
0.1118807600559157
0.1119533111929194
0.1120514318660885
0.1121979724265739
0.1124080693064389
0.1125814212623126
0.1126118356265858
0.1126692802378823
0.112712918014488
0.1127673036250312
0.1128065985557577
0.112847503799705
0.1129035699355002
0.1129710303068027
0.1130594574766822
0.1131827452209246
0.1133564482013054
0.1135485761190115
0.1138207737167464
0.1142396271579625
0.1148446217304171
0.1155409766001587
0.1163438099144347
0.1172884845622114
0.1183996906300978
0.1197909651737216
0.1199
0.119902445587639
0.1199073367629169
0.1199171191134728
0.1199262672816735
0.1199365040134096
0.1199478809828408
0.1199597439911797
0.119972894127404
0.1199888012202535
0.12
0.120002445587639
0.1200073367629169
0.1200149388678245
0.1200256119595361
0.1200353176518347
0.1200460387059501
0.1200591891345816
0.1200758311665789
0.1200986831621929
0.120114569738311
0.1201317429512856
0.1201453859089315
0.1201576646154636
0.1201753743445567
0.1201893692737537
0.1202013248004673
0.1202142412307913
0.1202300344851125
0.1202503286351973
0.1202695592472001
0.1202863098092861
0.120302124560077
0.1203187886026401
0.1203440119194518
0.120361727131256
0.120374912753368
0.1203869626401248
0.120398350903586
0.1204102200079921
0.1204243931868936
0.1204389968549074
0.1204551433873153
0.1204694403916368
0.120483782171436
0.120499401598988
0.1205179132560471
0.120540444733426
0.1205704340938234
0.1206130219097771
0.1206795366498871
0.1208020313081422
0.1209559247412008
0.1211311610838881
0.1213328146549358
0.1215713697404759
0.1218468213141911
0.1221668234693696
0.1225398618955642
0.1229751377603265
0.1234829751580071
0.1240258573524799
0.1246312498713105
0.1252523715820009
0.1257617864809658
0.126302661341178
0.1272047551298412
0.1285110907740956
0.1299
0.1299056543928463
0.129916963178539
0.1299286034594538
0.1299402035895087
0.1299543344158949
0.1299724803752862
0.13
0.1300056543928463
0.130014951925086
0.1300248934918009
0.130037116101585
0.1300475935300135
0.1300571192388873
0.1300665974633047
0.1300770786564779
0.1300894754778207
0.1301019725863892
0.1301125608133527
0.1301232267069048
0.1301349139328425
0.1301486836615819
0.1301642831836538
0.1301793321049115
0.1301947316808258
0.1302164321607639
0.1302337110236121
0.1302459255284915
0.1302568055537558
0.1302672346865389
0.1302784489566933
0.1302934753265085
0.1303125710722205
0.1303263130224944
0.1303395805413543
0.1303539020548617
0.1303704481063182
0.1303917011432115
0.1304212562977592
0.1304628504074551
0.1305318999103899
0.1306121253836962
0.1307091966851944
0.1308403994755564
0.1309893458947737
0.1311957450505058
0.1314356278637074
0.1317128442217713
0.1320359284344472
0.1324125776903905
0.1328543569066093
0.1333744158201812
0.133951681906517
0.1341004602187668
0.1342627459891982
0.1343586890733418
0.1344694850705198
0.1345589110774578
0.1346399773394538
0.1347281102367434
0.1347928359138791
0.1348583170347928
0.134939020948582
0.1350252677237544
0.1351205204976177
0.1352295516668061
0.135355160578624
0.135504197765025
0.1356830047588219
0.1358543042672676
0.1360273613028247
0.1362117816270962
0.1364056567490558
0.1366261492963424
0.136803686706647
0.1370089262608831
0.1373278117147124
0.1377041115241592
0.1381386212982922
0.1386385680535855
0.1392138583594817
0.1398832394053725
0.1399
0.1399056676353064
0.139913143711951
0.1399280958652403
0.1399448387940932
0.1399612057438005
0.1399824716639328
0.14
0.1400056676353064
0.1400144321558484
0.1400284861126117
0.1400479022744343
0.1400642767906204
0.140082333247386
0.1401037893829988
0.1401302616391357
0.1401611569804428
0.1401944198933904
0.1402312004145456
0.140275000575435
0.1403136505389432
0.1403517695626015
0.1403878264819938
0.1404144909441349
0.1404488321411814
0.1404784236218719
0.1405094590319636
0.1405465346615682
0.1405886781156975
0.1406410596293992
0.1407132670390796
0.1407754653802842
0.1408286382861906
0.140882558357634
0.14094065325583
0.1410101589486629
0.1410932364392204
0.1411809146014043
0.1412098181621591
0.1412404810971257
0.141263101678928
0.1412867488298436
0.1413097689507302
0.1413317743827648
0.1413551182376895
0.1413769150806811
0.1414009793539637
0.1414308039279117
0.1414704842411539
0.1414969270189046
0.1415227615810706
0.1415502052354073
0.1415809464201862
0.1416075500078316
0.1416374187880218
0.1416871512862905
0.1417626936515035
0.1418315191619442
0.1418901491881246
0.1419492230625347
0.1420130723481035
0.1420880471419314
0.1421812667636639
0.1422504457671904
0.1423405502350889
0.142420113835172
0.1424961192189982
0.1425910841779006
0.1426930917082512
0.1428112214344357
0.1429750126758554
0.1431880539733511
0.1433448254724043
0.1434986525336353
0.1436663904708939
0.1438661823777107
0.1441221011021812
0.1444906915966163
0.1450583837099322
0.145710750932634
0.1464540695962584
0.1473129910590983
0.1483159921231098
0.1494308528359005
0.1499
0.1499052819873498
0.1499158459620493
0.1499369739114485
0.1499522908944983
0.1499647811860915
0.1499778988501538
0.1499889494250769
0.15
0.1500052819873498
0.1500126144679468
0.1500219898821589
0.1500334807948895
0.1500462113536772
0.1500604856978082
0.1500742737132728
0.1500891364511288
0.1501076492986651
0.1501257616077944
0.1501444960890462
0.1501682773511656
0.1501879972596119
0.1502074342301211
0.1502260920605512
0.1502452520695292
0.1502651173373914
0.1502829078373464
0.1502968528045666
0.1503092470800602
0.1503239417036134
0.1503429884753523
0.1503565777263469
0.150370229654558
0.1503854665548245
0.1504002610914593
0.1504137887454191
0.1504268429544229
0.1504406241273611
0.1504541223121707
0.1504685382008359
0.15047881446457
0.150487386518256
0.1504955203365255
0.1505039079475069
0.1505142603430855
0.1505266763997491
0.1505375162499961
0.1505475093754022
0.150557955365597
0.1505695705892691
0.1505838997249911
0.1505975505733897
0.150610514474489
0.1506224172036844
0.1506331454805514
0.1506439918079732
0.1506566744185913
0.1506737084814603
0.1506897364573866
0.1507041408959016
0.1507194231621091
0.1507335371938746
0.1507460899825755
0.1507589443073941
0.1507742153471527
0.1508009732119607
0.1508202276164878
0.1508378057691596
0.1508569843314059
0.1508795511159656
0.1509083452507368
0.1509501431381571
0.1510123707365967
0.1510233747758997
0.1510432951218286
0.1510588736552604
0.1510775801256029
0.1510918291598388
0.1511057332694557
0.151125196107269
0.1511496030074749
0.1511815954039099
0.1512229121057698
0.1512756642237784
0.1513430670301661
0.1514304433602014
0.1515427489223646
0.1516630419419209
0.1517888648969468
0.151936501433673
0.1521345144113849
0.1524180225762984
0.1528955089329222
0.1534444372121124
0.154067474436388
0.1546408887302994
0.15527257833983
0.1560278893455021
0.1566026769607184
0.1572079328562473
0.1580216085402689
0.1592137954025747
0.1599
0.1599036312775933
0.1599108938327798
0.1599254189431528
0.1599359931095448
0.1599469231975158
0.1599580736148945
0.1599696709273625
0.1599831578491676
0.1599915789245838
0.16
0.1600036312775933
0.1600078649650579
0.1600125810655373
0.1600169201564809
0.1600215947055636
0.1600272548776025
0.1600323752086675
0.1600377556609348
0.1600427117980601
0.1600477501497301
0.1600533032402653
0.1600599379362842
0.1600677588890199
0.1600743909628957
0.1600809251085094
0.1600860653942849
0.1600901000334939
0.1600943755070752
0.1600982461087294
0.1601024541756166
0.1601065493070799
0.16011097940046
0.160116378594245
0.1601230823122676
0.1601326314835048
0.1601414612492346
0.1601483704441206
0.1601543088165612
0.1601598942431759
0.1601659541166785
0.1601716535023302
0.1601782210503528
0.1601835697298181
0.160188325219229
0.1601927945386904
0.1601970370321038
0.1602012948665662
0.1602059832049688
0.1602126586562369
0.1602190200434281
0.1602239884788241
0.1602289189486053
0.1602342170694152
0.1602404031784473
0.1602483655857766
0.1602589396847832
0.1602743822063739
0.1602993756321369
0.1603329499130746
0.1603659314220366
0.1603995363003101
0.1604355638155556
0.1604757390866889
0.1605238623876745
0.1605828236879961
0.1606607548826097
0.1607547441991358
0.160857114762348
0.1608890504524937
0.1609210881429473
0.1609403038837069
0.1609643988570014
0.1609841818586979
0.1610083844794363
0.1610312173457433
0.1610504576285938
0.1610714672433907
0.1610972770744622
0.1611316994893288
0.1611569118466988
0.1611778570989656
0.1611997105859788
0.1612210220454008
0.1612444966543645
0.1612801236517998
0.161336467660275
0.1614056680681878
0.1614836853035791
0.1615724473116851
0.1616736948017203
0.1617895905300756
0.1618910400330376
0.1619631919476029
0.162039720480176
0.1621171445326667
0.1621980192758258
0.1623178340762745
0.1624932388478984
0.1627462988380217
0.1630370570857088
0.1633702413708215
0.1637548946317774
0.164200078952471
0.164719761203868
0.1653292213602669
0.1660428834419589
0.1668827310367305
0.1678696212588114
0.1689418740015183
0.1699
0.1699036312775933
0.1699108938327798
0.1699254189431528
0.1699365621092423
0.1699461662356255
0.1699563467603779
0.1699679620223155
0.1699795697119454
0.1699897960684087
0.17
0.1700036312775933
0.170009270051672
0.1700169915946335
0.1700275823283303
0.170038218174964
0.1700500147581621
0.1700623998760064
0.1700764395510489
0.1700894931790645
0.1701017792876945
0.1701142222959295
0.17012726565175
0.1701347785276003
0.1701425391813389
0.1701492400374461
0.1701554775767593
0.1701625793484456
0.1701708768837666
0.1701786896430816
0.1701863581818444
0.170194464920313
0.1702033133366995
0.1702117832568725
0.1702190016348161
0.1702254797262356
0.1702318329553315
0.1702390438311573
0.1702469212352974
0.1702539300023966
0.1702608332940272
0.1702679205587023
0.1702746221961123
0.1702827579514296
0.1702926186219269
0.1703030236746391
0.1703140344276793
0.1703245917179038
0.1703355784074362
0.1703437668113979
0.1703512697370307
0.1703613283189725
0.1703693359976466
0.1703769686739553
0.1703844045285582
0.170391885669346
0.1703994876452159
0.1704066111250649
0.1704136486164617
0.1704212238410591
0.1704300188116549
0.1704392601744597
0.1704483822295894
0.1704569635139065
0.170461788165003
0.1704675780256475
0.1704716546991596
0.1704771327807788
0.1704815619316828
0.1704857006847014
0.1704908478678957
0.1704982943764564
0.1705079031236699
0.1705200587101748
0.1705337902944977
0.1705497872210875
0.1705670101782872
0.1705843078180009
0.170602890977479
0.1706237182474443
0.1706468466776937
0.1706700735586769
0.1706912526395263
0.1707109047635749
0.1707310516190446
0.1707572294397052
0.1707853249215461
0.170806075193407
0.170826213536957
0.1708477684723583
0.1708726874827347
0.1709049215873609
0.1709320089883425
0.1709567660724405
0.1709823799789675
0.1710121454049842
0.1710646792865168
0.171104901298479
0.1711404403470536
0.1711787286986292
0.1712233423879085
0.1712643494415398
0.1713039899408977
0.1713540202874237
0.1714018413990637
0.1714381722063479
0.1714675925089175
0.171493471013748
0.1715189897237024
0.1715522797222339
0.1715712053407594
0.1715902123692103
0.1716073344966396
0.171623284185175
0.1716406487533184
0.1716639026046135
0.1716920349368449
0.1717130555483043
0.1717338242606739
0.1717570164453246
0.1717861519060511
0.1718167364332213
0.1718483626371639
0.1718840044689198
0.1719135822288254
0.171942318617277
0.1719695944541555
0.1719920487564258
0.1720181899844609
0.1720524244729743
0.1720839132824663
0.172116467525384
0.172156575224895
0.1722128436614093
0.1722789922862522
0.1723604691523317
0.1724645165160998
0.1725936077132056
0.1727698869518751
0.1729792477337706
0.1731623149544661
0.173365927000947
0.1736409919678725
0.1738373048754005
0.1740393875746927
0.1743131185447722
0.1747127550847247
0.1755120281646297
0.1765896799339761
0.1771261391836708
0.1774828578759268
0.1777000503752658
0.1779650705259329
0.1781517900503169
0.1783396602167163
0.1785427353836585
0.1787096343307532
0.1788968427145939
0.1791431725057867
0.1795219765570578
0.1799
0.1799021603078988
0.1799064809236964
0.1799151221552915
0.179923747058116
0.1799326398523856
0.179944290553753
0.179957956952374
0.1799712390859859
0.1799820583221525
0.1799919232136305
0.18
0.1800021603078988
0.1800055726726549
0.1800111256799297
0.1800188450373224
0.1800267787683797
0.1800344068075554
0.1800423330804057
0.1800524024260078
0.1800617567257917
0.1800699255082017
0.1800773924441513
0.1800847253108945
0.1800931249207351
0.1801044279652148
0.1801131697078504
0.1801209208250534
0.1801290047095008
0.1801379514836121
0.1801491120658847
0.180163081086137
0.1801757304966786
0.1801872459675032
0.1801984084437016
0.1802102255447591
0.180222060396114
0.1802324727046615
0.1802400550214267
0.1802465538914341
0.1802529092908897
0.1802601510658363
0.1802703681036334
0.1802789807439283
0.1802866436401356
0.1802947425618262
0.1803038992324562
0.1803152101868915
0.1803306239040258
0.180346587075772
0.1803607407724663
0.180374184967294
0.1803884219508721
0.1804061722618924
0.1804217683396591
0.1804334631601818
0.1804438287672633
0.1804535661207367
0.1804633531623616
0.1804743940915975
0.1804910269641831
0.1805057404858616
0.1805176034652616
0.1805296035615565
0.180542611477521
0.1805580364449312
0.1805781944708856
0.1806054009546331
0.1806462320188732
0.1807146500608183
0.180816282972953
0.180838866260318
0.1808611493547248
0.1808839421352889
0.1809006041493474
0.1809180384242169
0.1809356398554244
0.1809512596760549
0.1809683086889894
0.1809890705378697
0.181009308860762
0.1810284412439493
0.1810543126881699
0.1810748924164119
0.181094039581475
0.1811158762416857
0.1811378321069174
0.1811642766747316
0.1811901369299485
0.1812100279705558
0.1812367178144457
0.1812585756472727
0.1812809141142228
0.1813114185423819
0.1813690825653345
0.1814087385053685
0.1814508001711825
0.1814819792507444
0.1815039615510287
0.1815251921365449
0.1815557034236847
0.1815804006457396
0.1816021831744516
0.1816260912185506
0.1816542829878831
0.1816887850665495
0.1817181393996969
0.1817438150978287
0.1817687935326277
0.1817970217101941
0.181816435175568
0.1818399691429042
0.1818601376770465
0.1818780945029742
0.1818958495906751
0.1819144745551915
0.1819370471947319
0.1819589471941346
0.1819832930956272
0.1820055563312639
0.1820282312244498
0.1820534143273037
0.1820830405893709
0.1821210873848778
0.1821714919390708
0.1822429003007514
0.1823083505418286
0.1823851107885586
0.1824813839756079
0.182632310535237
0.1827733930030593
0.1829330434750157
0.183126963717483
0.1834325621338644
0.1838275053444647
0.1842802167972973
0.1848056154615487
0.1854218529719733
0.1861404929566259
0.1869250716287284
0.1876562271879309
0.1883464716455847
0.1890904702552168
0.1898798573918204
0.1899
0.1899026515592512
0.1899079546777537
0.1899169532860381
0.1899271637138471
0.1899372943816805
0.1899502855532935
0.1899645967716996
0.1899783158850248
0.1899887258387213
0.1899968107657091
0.19
0.1900026515592512
0.1900050046896857
0.1900082015053412
0.1900127805706715
0.1900180400777197
0.1900238226220215
0.1900285695180696
0.1900327615985739
0.1900368188900748
0.1900411133656305
0.1900466646276823
0.1900519114207494
0.1900571016341254
0.1900621414826484
0.1900674856069816
0.1900735897119429
0.1900800114230842
0.1900865000940676
0.1900940665103319
0.1900984932155673
0.1901035765916006
0.1901078513462122
0.1901116138823919
0.1901155171596493
0.1901202124486465
0.1901273390672392
0.190132476663764
0.1901371748002149
0.1901423122444939
0.1901483056520499
0.1901546328999856
0.1901630269505182
0.1901745035729956
0.1901881751586607
0.1902004146571846
0.190211803797892
0.1902223067140617
0.1902315309894509
0.190239616570026
0.1902470809483669
0.1902546875483715
0.1902641534326713
0.1902724767439089
0.1902807976055545
0.1902887839187075
0.190297140309084
0.1903065926829178
0.1903182167758607
0.1903307370230101
0.1903444517953046
0.1903615137811091
0.1903754236583217
0.1903908032449176
0.1904137001714625
0.1904341526343417
0.1904506456785468
0.1904666533777312
0.1904828613520747
0.1905000865391625
0.190519412665948
0.1905434462586063
0.1905655952857563
0.1905907847787612
0.1906135294017237
0.1906362282451865
0.1906610016809404
0.1906895088588581
0.1907247770444576
0.1907715382178695
0.1908340079782879
0.1909270305729283
0.1910141466567611
0.1911170993401837
0.1912370031699128
0.1913305305544565
0.1914298221853343
0.1915612751464176
0.1917526602771383
0.1920611067595287
0.1924187930453834
0.1928271760007133
0.1932986430140119
0.1938449260282549
0.1944862892244327
0.1952464934432195
0.1961500291166605
0.1972085510594918
0.1984477350282065
0.199898293266307
0.1999
0.1999034134673861
0.1999063015955539
0.1999109953793479
0.1999203829469361
0.1999315779683415
0.1999442396049453
0.1999608472653338
0.1999792046664653
0.1999990193577731
0.2
0.2000019612844538
0.2000048494126216
0.200009906256134
0.2000200199431588
0.2000325113741825
0.2000456222455902
0.2000605307380881
0.2000777679763964
0.2000980902059108
0.2001226087663665
0.2001484026422524
0.2001781728968099
0.2002155026564821
0.2002575881260607
0.2003043417054637
0.2003610622775325
0.2004063597366395
0.2004632951119218
0.2005148162883703
0.2005624830553338
0.2006198947772912
0.200671311665868
0.2007246091457994
0.2007767771428341
0.2008325331650823
0.2009187409613706
0.2010416789455664
0.2010712580288911
0.2010860475705534
0.2011156266538781
0.2011227579333927
0.2011370204924218
0.2011519571249483
0.2011632531116673
0.2011744216383541
0.2011861018901984
0.2011963770955826
0.2012081252198512
0.2012149026801893
0.2012223361834446
0.2012284123582687
0.2012347226934333
0.2012411640047778
0.2012478789860077
0.2012564890870625
0.2012708279737165
0.2012978110336415
0.2013278804006295
0.20136131357368
0.2013995254601491
0.2014432312513404
0.2014938017632067
0.2015527354709432
0.2016215695912847
0.2017013748636217
0.2017937684583852
0.2019008819376653
0.2020251717846976
0.2021695053082538
0.2023371918991342
0.2025320772282229
0.2027586024890342
0.2030219785056956
0.2033282843534079
0.2036846896629416
0.2040997180668104
0.2045835616386964
0.2051486889726928
0.2058106152730463
0.206589165732192
0.2075104133025629
0.2086097306953638
0.2099
0.209904089857184
0.2099122695715521
0.2099286290002882
0.2099433216379643
0.2099541825985522
0.2099644669422311
0.2099749194211417
0.2099868834556126
0.21
0.210004089857184
0.2100108069869467
0.2100187375110487
0.210027633859153
0.210038153027953
0.210048340309605
0.2100581073004094
0.2100690906956151
0.2100820919279714
0.2101001106120452
0.2101273022854256
0.21015893135418
0.2101953541751928
0.2102370190531908
0.2102778196759219
0.2103252222118901
0.2103751190647202
0.2104256706702786
0.2104727715784246
0.2105174011243159
0.2105676871069623
0.2106165985488389
0.2106631029786678
0.2107159495372586
0.2107735054922016
0.210838202057986
0.2108960430351407
0.2109407021834941
0.2109798738762194
0.2110252290241817
0.2110677717682981
0.2111093431924403
0.2111512253177024
0.2111975188256645
0.2112551400187728
0.2113226773716307
0.2113832063747874
0.2114373204214204
0.211487939466092
0.2115419473156596
0.2115785053915191
0.211627634275672
0.2116681846475834
0.2117039286245543
0.2117399803678346
0.2117790905779737
0.2118308691191439
0.2119003969425387
0.2119492988526674
0.2119963020868383
0.2120468449313742
0.2121064156329009
0.2121688795102616
0.2122317956208204
0.2123010727356145
0.2123930907061299
0.2124957958497464
0.2125837934189848
0.2126705261258155
0.212765140033245
0.2128790854435613
0.2130220148879927
0.2132238880362556
0.2135362489299049
0.2139780385920262
0.2144809119414179
0.2150786120150183
0.2158259616116802
0.216754886717789
0.2178513177331645
0.2192114408938741
0.2199
0.2199014350472423
0.2199043051417269
0.219910045330696
0.2199163830374219
0.2199248357870882
0.2199348376570899
0.2199479168180612
0.21995781550729
0.2199643124011717
0.2199694531360732
0.2199746905943519
0.2199787219813056
0.2199821123573396
0.2199853697824745
0.2199889217709869
0.2199943983263801
0.21999719916319
0.22
0.2200014350472423
0.2200029702277954
0.220004989157611
0.2200069009679322
0.2200085243962188
0.2200102152036993
0.220012953515407
0.2200149670385541
0.2200167249226193
0.2200186286610979
0.2200208242047227
0.2200236967559601
0.2200278759093133
0.2200322369753913
0.2200368220331714
0.2200406750151503
0.2200436483110443
0.2200462168338159
0.2200486983546994
0.2200515313409436
0.2200546590292856
0.220057361319285
0.2200597726643228
0.2200620318837272
0.220064160190009
0.2200661715851485
0.2200681105533702
0.2200700925116597
0.2200723983642957
0.2200757697378349
0.2200782218183853
0.2200803618892696
0.2200825882361901
0.2200850370224413
0.2200880102198179
0.2200913373269412
0.220094417951055
0.2200971114381052
0.2200996238439985
0.220102219922624
0.2201046094429955
0.2201074342202911
0.2201102844068196
0.2201126370832727
0.2201153990670566
0.2201185211688714
0.2201222432263117
0.220126108193162
0.220129871552877
0.2201326912183928
0.2201351688766801
0.2201383300569842
0.2201411167912476
0.2201436783142295
0.2201468352566326
0.2201508444517183
0.2201556670167946
0.2201594255272261
0.2201627797764628
0.2201658915887877
0.2201690655535909
0.2201721412948403
0.2201735388550072
0.2201749589098186
0.2201763696797424
0.2201779287659792
0.2201793402679073
0.2201808384207375
0.2201826504189806
0.2201850840132708
0.2201884556524334
0.2201919278553964
0.2201955201196602
0.2201994429390382
0.2202036153538895
0.2202081199520388
0.2202124734216953
0.2202163458020501
0.2202201164290399
0.2202241961250621
0.2202292990276777
0.2202363501999747
0.2202425873968815
0.2202482855446705
0.2202541196608357
0.2202603588263852
0.2202675325419325
0.220276047132056
0.2202857280893004
0.2202936767446291
0.2202996460193068
0.2203046609612709
0.2203094523619918
0.2203155554348051
0.2203220154826231
0.2203267844421016
0.2203313034841433
0.2203358628045008
0.2203405365162653
0.2203454080570727
0.2203503728238968
0.2203547422408217
0.2203588626273897
0.2203631065867963
0.2203678395342574
0.2203734364449103
0.2203791118264458
0.2203851584294736
0.220391483414925
0.2203976369915197
0.2204040553164094
0.2204110697564909
0.2204190665140983
0.2204285104235928
0.2204401810640755
0.2204552046315519
0.2204666757105016
0.22047864397737
0.2204877647802415
0.2204946852344181
0.2205006592771216
0.2205062993000778
0.2205125250658584
0.2205168801897875
0.2205226464436404
0.2205272745812213
0.2205311464967593
0.2205348026323293
0.2205384294675016
0.2205424918956672
0.2205477159717903
0.2205531137118249
0.2205575113420734
0.2205618790798579
0.2205666001808833
0.2205714665697639
0.2205761886869525
0.2205810752276002
0.2205867404553945
0.2205920517953875
0.2205973491215138
0.2206017796693592
0.2206058582588283
0.220609936001343
0.2206142928851052
0.2206194104391669
0.2206246264397913
0.2206294319883206
0.2206341116096603
0.2206390686739292
0.220644865076969
0.2206515362779054
0.2206587353059097
0.2206661078170088
0.220673149771487
0.2206803784740551
0.220688240806544
0.2206971604213012
0.2207079941969854
0.2207214446879222
0.2207391521312836
0.2207434123832271
0.2207491804483032
0.2207551660306847
0.2207596320184092
0.2207661727680862
0.2207710304103325
0.22077603584977
0.2207835272993248
0.2207960795741338
0.2208119419234846
0.2208237627115317
0.2208356582893473
0.2208499636005323
0.2208685660614029
0.2208867467259858
0.2209049384112931
0.2209264133777021
0.2209563781776779
0.2210163077776293
0.221084362426184
0.2211836027219378
0.2213820833134455
0.2216449116569948
0.2219411415451051
0.222280639813123
0.2226716406564521
0.2231225474393453
0.2236478772354649
0.2242631131251157
0.2249865148883524
0.225841094476734
0.226857137565171
0.2280651880626095
0.2294830572512284
0.2299
0.2299016061302104
0.229904818390631
0.2299112429114723
0.2299163901039259
0.2299209501071575
0.2299254911502487
0.229930103566449
0.2299352450364868
0.2299419891152749
0.2299487847820972
0.2299535717003926
0.2299573830962785
0.2299607602045996
0.2299639620307906
0.2299673554167747
0.2299715494780122
0.2299777716446108
0.2299823677932685
0.2299864631886621
0.2299904793367781
0.2299941599029809
0.2299970799514905
0.23
0.2300016061302103
0.2300034767951944
0.2300062504924391
0.2300099771832534
0.2300151531681292
0.2300211147104816
0.2300271468172939
0.2300324381773211
0.2300375903787766
0.2300430750635757
0.2300493190725685
0.2300570569028036
0.230066912485406
0.2300773672677436
0.2300870636379197
0.2300963671628226
0.2301050567586186
0.2301139595135741
0.2301252521648921
0.2301352109138599
0.2301446801067231
0.2301538289041945
0.2301634619472256
0.2301744982069953
0.2301881091359015
0.2302013625932828
0.2302130091442637
0.2302236496507544
0.2302339039710743
0.2302450688184643
0.230252325641147
0.2302608891100295
0.2302676371397858
0.2302733393946677
0.2302790476344558
0.2302855665883184
0.2302964196131972
0.230304118526545
0.2303109653274577
0.2303183414620325
0.2303268076691795
0.2303377557417046
0.2303519533208401
0.2303665117474736
0.2303809855782093
0.2303964501745536
0.2304138311826399
0.2304306228806532
0.230446640746846
0.2304600684762807
0.2304733397369848
0.2304864708186314
0.2304961726517561
0.2305041804085042
0.2305124185825382
0.2305194855929297
0.2305258307726557
0.2305319670074171
0.2305383889050513
0.2305468614175956
0.2305509392150159
0.2305551061854194
0.2305587898751936
0.2305620946716579
0.2305655931207304
0.2305697271729992
0.2305744721971295
0.230578692546984
0.2305827257403426
0.2305869683633406
0.2305917045182615
0.2305974117886646
0.2306031394882143
0.2306086963435153
0.2306145702032245
0.230621116879487
0.2306290692877885
0.2306341340152972
0.2306374304894485
0.2306402465236831
0.2306430595785154
0.2306458097480718
0.2306490885546276
0.2306518140010641
0.2306547824258381
0.2306590207735543
0.2306666385139875
0.2306771731624239
0.2306881630910314
0.2306988954643649
0.2307099974517636
0.2307209154856836
0.2307312996103387
0.2307429147858726
0.2307578676773549
0.2307659845428162
0.2307746207765409
0.2307821777727699
0.2307939181967078
0.2308021699220899
0.2308097773658545
0.2308160090848647
0.2308216512021673
0.2308291827017137
0.2308364551675939
0.2308424207538629
0.2308487814846409
0.2308561010626376
0.2308659714777605
0.2308762532563936
0.2308847675228711
0.2308922765016121
0.2308995273146434
0.2309075817544831
0.2309139978496786
0.2309220767612506
0.2309288277258114
0.2309347596479122
0.2309403484623147
0.2309456898803191
0.2309511461920357
0.230957405496396
0.2309644021875404
0.2309717629582725
0.2309780681122036
0.2309843719036436
0.230991243812226
0.2309992466381794
0.2310095268181589
0.2310229754717027
0.2310432062972006
0.231074022599956
0.2311009476092177
0.2311223301867381
0.2311409983621114
0.2311603766198957
0.2311815529073296
0.2312006883775981
0.2312196304870145
0.2312407453822607
0.2312576381478496
0.2312710304167268
0.231282885410323
0.2312945352258853
0.2313090989360753
0.2313184542177494
0.2313280460473874
0.2313365362811852
0.2313442514836128
0.2313521036842215
0.2313609558125247
0.2313747627238583
0.2313863764518523
0.2313959454463072
0.2314057822594294
0.2314165749480777
0.2314296028670981
0.2314473033280169
0.2314712541000997
0.231505803320265
0.231557432004098
0.2316326207491768
0.2317165158917788
0.2318107283592531
0.2319179926910561
0.2320403389721272
0.2321808016254133
0.2322823665878709
0.23235962573779
0.2324422643219254
0.2325227180306677
0.2326113448872581
0.2327477231641362
0.2328990729749085
0.2330993966882693
0.2333457604503666
0.2336691546280323
0.2339505490573879
0.2342229652894926
0.2345583206140655
0.2350131373075986
0.2356728628107669
0.236450301498121
0.2373505667019441
0.2383791048705113
0.2394916967960182
0.2399
0.2399019036791467
0.23990571103744
0.2399133257540268
0.2399215700530543
0.2399302505137699
0.2399417234337284
0.239954488159741
0.2399706185922452
0.2399853092961226
0.2399938245551574
0.2399969122775787
0.24
0.2400019036791467
0.2400036552213629
0.2400071583057953
0.2400141644746601
0.2400231125682774
0.2400323294544746
0.2400427571751332
0.2400548284657388
0.2400691862662023
0.2400863135472241
0.2401063296086204
0.2401280736824841
0.2401511767280286
0.2401766699976574
0.2402048464971495
0.240236175935558
0.2402730929114615
0.2403208110848236
0.2403772801492557
0.2404466769480873
0.2405444757361677
0.2407032858807029
0.2410006845797222
0.241399232491659
0.2419476398202125
0.2423404390410723
0.2426484942140218
0.2429784248395421
0.2433056279225902
0.2436206114531984
0.2440097146208037
0.2445076386632493
0.2450399205357877
0.2455711743161763
0.2461863700114204
0.2469652448277907
0.2481525563267257
0.2499
0.2499041253994772
0.2499123761984317
0.2499288777963406
0.2499417460248785
0.2499555396326511
0.2499737978597405
0.2499868989298702
0.25
0.2500041253994773
0.2500107872892322
0.2500186041513854
0.2500342378756919
0.2500488959104202
0.2500621662051861
0.2500739696043137
0.2500850214702728
0.2500969766407923
0.2501120095957598
0.2501257574328559
0.2501372813535571
0.2501488949899632
0.2501614549473225
0.2501752029533716
0.2501852201449062
0.2501926458000955
0.2501993298207316
0.2502062793830249
0.2502151689547989
0.2502236325438184
0.2502314468039107
0.2502393183729381
0.2502479408009535
0.2502569631525418
0.2502647737435764
0.2502718126549903
0.2502787445291995
0.2502865703226063
0.2502956270556184
0.2503034619852545
0.2503109991746688
0.2503187527408266
0.2503259737098382
0.2503344578989172
0.2503447753984945
0.2503568579588861
0.2503687946416547
0.2503787401963212
0.2503874556323246
0.2503955393239036
0.2504033201032739
0.250411290500097
0.2504194390611875
0.2504281867487919
0.2504364397965422
0.2504444548868388
0.2504522613350995
0.2504595031545994
0.2504666517195385
0.250474373691253
0.2504844087663395
0.2504941339931031
0.2505032236844819
0.2505119561073286
0.2505211367118852
0.2505315078857398
0.2505359992515026
0.2505410417678555
0.2505453922298717
0.2505514348861402
0.2505559796224577
0.250560535810017
0.250566911450979
0.2505753928650055
0.2505865023607999
0.2506007634263128
0.2506170222675489
0.250635544643518
0.2506567360328095
0.2506823876799829
0.2507103586720267
0.2507413216751543
0.2507783354482884
0.2508218059093268
0.2508781010058696
0.2509577255529366
0.2510390802412911
0.2511253863992879
0.2512093084109961
0.2512737194945688
0.2513294264963179
0.2513777296802419
0.2514203303950704
0.2514692986254716
0.2515263182961804
0.2515854000978797
0.2516418794304085
0.2516955797914369
0.2517521978837445
0.2518162327922588
0.2518957935684271
0.2519968429479557
0.2520883302428332
0.2521890382579557
0.2522851403093146
0.2523768577211816
0.2524744867653889
0.2525508316089553
0.2526209358624315
0.252697111436257
0.2528043810636614
0.252920185635543
0.2530170507574416
0.2531201406446467
0.2532151959163504
0.253315484898707
0.2534018052407232
0.2534828183908797
0.2535922854558891
0.2537114645624783
0.2538226492194367
0.253954923511805
0.2540996528073604
0.2542150726573613
0.2543048871352857
0.2543843893946832
0.2544642049873905
0.2545610515219117
0.2546181788647648
0.2546846046372178
0.2547389472310587
0.2547841241760493
0.2548278561687213
0.2548752335459503
0.2549478220769928
0.2550095931521989
0.255060425785517
0.2551129856961776
0.2551717574730419
0.255221769910123
0.2552736694788821
0.2553144256420998
0.2553512089973284
0.2553908027195532
0.2554458466435464
0.2555068586225084
0.2555563710918533
0.2556078436068402
0.255666318016015
0.2557389934644485
0.2558349951288791
0.2559335910201382
0.2560271791408071
0.2561256223366275
0.2562352673164399
0.2563645159848131
0.2565310846216465
0.2567478334888377
0.2570600982347391
0.2575579738124936
0.2581307204541076
0.2587862807989203
0.2595483737066297
0.2599
0.2599051034396198
0.2599153103188593
0.2599357240773385
0.2599537218709596
0.259972869585633
0.2599864347928165
0.26
0.2600051034396198
0.2600118320149583
0.260021020464556
0.2600368025300994
0.2600562397118652
0.2600742542871987
0.2600923423389658
0.2601102087076271
0.2601274684307927
0.2601466057057599
0.2601726319600306
0.2601936420487223
0.2602114965948142
0.2602294791873368
0.2602479525076009
0.2602652332818576
0.2602789497658122
0.2602907068006689
0.260303749800859
0.2603201867744593
0.2603331919198484
0.2603457887016764
0.2603596487415694
0.2603766123463676
0.2603985956454445
0.260429988291498
0.2604545187227566
0.2604736953164865
0.2604907178717265
0.2605072587186396
0.2605274108077768
0.2605418675055888
0.2605569046189402
0.2605702532152416
0.2605824314918275
0.2605944723414608
0.2606071043877066
0.2606221817707279
0.2606371084959907
0.2606537414495687
0.2606686462342437
0.2606836586978235
0.260700085814964
0.260719643016002
0.2607435144343584
0.2607754915766969
0.2608212951263818
0.2608761582066381
0.2609167634132409
0.2609485696655288
0.2609793913779024
0.2610239301457547
0.261060906581572
0.2610928435890462
0.2611274613335956
0.2611676354178197
0.2612175257816725
0.2612605952767094
0.2612988419796711
0.2613368659196569
0.2613828468571749
0.2614135149223087
0.2614451416223192
0.2614733512965114
0.2614995836509463
0.2615268818151755
0.2615584560199694
0.2616124630726785
0.2616524519861131
0.2616862495600922
0.261721602338541
0.2617603203343355
0.2617960224349523
0.2618297049444001
0.2618807233427674
0.2619169785103737
0.2619492290056988
0.2619854649412542
0.2620291817476618
0.2620900852347468
0.2621609964892413
0.2622230988142809
0.2622734360410447
0.262325464256664
0.2623757780139132
0.262429057734894
0.2625131224829416
0.2626318490500683
0.2627061604379397
0.2627839302801664
0.2628553979670902
0.2629570240139628
0.2630327349650585
0.2631176035112517
0.2632421518257437
0.2634532187684935
0.2637157673703043
0.2640163497294982
0.2643630675749026
0.2647626784335425
0.2652265708549293
0.2657688407771082
0.2664046608104655
0.2671499486264154
0.268028323749048
0.2690713586219536
0.2699
0.2699019155409709
0.2699057466229127
0.2699134087867963
0.2699218256830471
0.2699371764599655
0.2699540597221521
0.2699740051333217
0.2699870025666609
0.2699935012833304
0.27
0.2700019155409709
0.2700051251696989
0.2700093809629046
0.2700133260879438
0.2700178890567618
0.2700225217967015
0.2700272682258584
0.2700316689852187
0.2700361159565127
0.2700408558524727
0.2700456609865954
0.2700498968830509
0.2700531347102281
0.2700560297369954
0.2700595867262768
0.2700630349668668
0.2700661063568722
0.2700690843657614
0.2700722537455639
0.2700765109399988
0.2700805882985755
0.2700838017457516
0.2700869871012902
0.2700904117892925
0.2700944084587645
0.2700991930141391
0.2701046307681595
0.2701093820105848
0.2701137222042554
0.2701181089262371
0.2701227768566085
0.270127413949704
0.2701320779278191
0.2701361163849244
0.2701398359457712
0.2701433455937424
0.2701463036201694
0.2701489258655539
0.2701514903130214
0.2701543257971643
0.2701587560516657
0.2701624129038549
0.2701654475328835
0.2701685914145801
0.2701719549658069
0.2701761942671838
0.2701803431068926
0.2701849291635168
0.2701917643811432
0.270200160213712
0.270209773939846
0.2702231112728474
0.2702336966057041
0.270242618566207
0.2702516705105789
0.270261404212027
0.2702721739941656
0.2702852564362779
0.270302029431935
0.2703193293238776
0.2703354130196218
0.2703526505950644
0.270373108208428
0.2703993492605631
0.2704381233185798
0.2705079848324239
0.2705643078431575
0.2706078322043923
0.270645548814386
0.2706779502282506
0.2707069077630089
0.2707348315604555
0.2707648820116573
0.270807704349313
0.2708476858417953
0.2708792864831233
0.270911010452312
0.2709454337528808
0.270986244033546
0.2710398253754916
0.2710916413558882
0.2711461491626653
0.2712161791461669
0.2712721540660237
0.2713276964447389
0.2713836677402758
0.2714432829848977
0.2715145904909791
0.2716287958182028
0.2717209246190409
0.2718043471166736
0.2718901233550868
0.2719831071322514
0.2720957032207116
0.2722362863687543
0.2724296128441606
0.2727185918732469
0.2731758006325771
0.2737004066113178
0.2742993864809643
0.2749939515911453
0.2758067365565245
0.2767810694054311
0.2779515962432326
0.2793266872031347
0.2799
0.2799076960730522
0.2799230882191567
0.2799421966690756
0.2799608898118154
0.2799811498924417
0.28
0.2800076960730523
0.280017935658304
0.280029382134152
0.2800426858398555
0.2800605221794255
0.2800808604986179
0.2800987706303894
0.28011709955445
0.2801353025941758
0.2801549947079564
0.2801807721567368
0.2802101457258027
0.2802388906941212
0.280267117322829
0.2802985834817783
0.2803350061303436
0.2803824093749425
0.2804507400186683
0.2805357612232831
0.2805993869710654
0.2806510688442138
0.2806895465838831
0.2807279909523566
0.2807639531884481
0.2808101744565601
0.280877194669836
0.2809305250407279
0.2809857226614848
0.2810544272074836
0.281137504091358
0.2812703270819205
0.2814185968242376
0.2815374960113015
0.2816354030556239
0.2817221354252195
0.2818093515354148
0.2818775812024428
0.2819517360851483
0.2820114214105219
0.2820665072923373
0.2821273639235223
0.2822202964045967
0.2823069051532083
0.2823820158240922
0.28246525467012
0.2825516137172845
0.2826414170520473
0.2827363407254498
0.2828428343666368
0.2829803485745347
0.2831073399728701
0.2831953262242264
0.2832544747448399
0.2833178823583382
0.2833685979599016
0.2834250013552267
0.2834768426954819
0.2835209139494507
0.283569543399097
0.283635962333383
0.2836949992361776
0.283757616233091
0.2838406245979434
0.2839783087570051
0.2842491073527513
0.2845453518928931
0.2849011131841454
0.2853615860110799
0.285967763952609
0.2865408305218622
0.2872771587717366
0.2879750539026211
0.2885749349134286
0.28922897661744
0.2899
0.2899016154239762
0.2899048462719288
0.2899113079678338
0.289919006277895
0.2899267695666095
0.2899367105828707
0.2899484599949345
0.2899618316993453
0.2899779304909782
0.2899889652454891
0.2899944826227445
0.2899999999999999
0.2900016154239762
0.2900039930243869
0.2900087482252083
0.2900182586268512
0.2900278359802804
0.2900380300206569
0.2900497514014865
0.2900632737900833
0.2900760575350881
0.2900879103796465
0.2901000914009368
0.2901146696683931
0.2901283134366214
0.2901410756858891
0.2901532659078012
0.2901660313898984
0.2901739978827975
0.2901825204607508
0.2901896832162247
0.2901961444380592
0.2902031243758761
0.2902122196449842
0.2902203744912772
0.2902274320974709
0.2902341122082072
0.2902410616721376
0.2902501768600026
0.2902607238360156
0.290268512617843
0.290276127966575
0.2902844077157837
0.2902941990636155
0.290303331501862
0.290313947548231
0.290323924452505
0.2903337229170976
0.2903449705717244
0.2903528189906415
0.2903625975570938
0.2903707729218145
0.2903778512825381
0.2903846552083603
0.2903915243883092
0.2903993266955767
0.2904084370875579
0.2904184671674546
0.2904268444856349
0.2904351719294316
0.2904442320830746
0.2904541615639503
0.2904649818838105
0.2904767674293786
0.290489204712923
0.2905027812765064
0.2905174910286148
0.2905302767303893
0.2905396389406691
0.2905476758755422
0.2905552993041892
0.2905633213865762
0.2905735816362868
0.2905855009541245
0.2905954429770606
0.2906048245289272
0.290614736121895
0.2906258820354006
0.2906398013437504
0.2906548976537048
0.290669620708947
0.2906850119538317
0.2907018736476104
0.2907209820463547
0.2907413548683409
0.2907638672352709
0.2907693985646887
0.2907804612235244
0.2907886702993004
0.290797394663813
0.2908058212108097
0.2908133046862405
0.2908223222781455
0.2908353688595995
0.2908519072601557
0.2908732447754322
0.2909003280631592
0.2909072488491971
0.2909210904212728
0.2909364037293963
0.290947152214541
0.2909576969966733
0.290969938321581
0.2909797948204587
0.2909907592545035
0.2909973848327073
0.2910047983039121
0.2910105912558846
0.2910167646522225
0.2910230823822023
0.291029470610168
0.2910375315263597
0.2910506217114301
0.2910764130137239
0.2911051993254979
0.291137134154612
0.2911733720855005
0.291203694938702
0.2912319718178066
0.2912622784646485
0.2913020460730469
0.2913475584327228
0.2913886766459068
0.2914304761272465
0.29147739162771
0.2915334251732847
0.291596028400916
0.2916522361620423
0.2917066366999713
0.2917646263797425
0.2918367618955375
0.2919404542986456
0.292019707287523
0.292094306101374
0.2921751863532201
0.2922711298662208
0.2923912812995748
0.2925617324427481
0.2928238139688599
0.2931576942250916
0.2935363820356288
0.2939626938046949
0.2944578175087602
0.2949990641264557
0.2954401460304567
0.2959044078669785
0.2965318977953889
0.2972401292913503
0.2978961886068158
0.2986382580803867
0.2995431974082163
0.2999
0.2999051244225336
0.2999153732676008
0.2999347953840201
0.2999495213519647
0.2999671398338558
0.2999853537518076
0.2999926768759038
0.3
0.3000051244225336
0.3000102918189045
0.3000172607060295
0.3000294535981102
0.3000441041332749
0.3000562760385614
0.3000667152561243
0.3000765056934451
0.3000868518884086
0.3001009313104444
0.3001134077388565
0.3001235725229602
0.3001337962472692
0.3001447987748279
0.3001573247129206
0.3001696379690904
0.3001787824837627
0.300185858760275
0.3001929951575881
0.3002000705289877
0.3002077134363983
0.3002148507854769
0.3002224446550259
0.3002315735333582
0.3002426806804458
0.3002583037463599
0.3002735345543764
0.3002854194437385
0.3002954890223202
0.300304856293654
0.3003148075741274
0.3003248965406336
0.3003358324255542
0.3003444318806254
0.3003520119217144
0.3003591505037924
0.3003660846690229
0.3003733591005356
0.3003820500314707
0.300390275855555
0.3003995530861789
0.3004079091769681
0.3004163038361962
0.3004255207401066
0.3004362150431752
0.3004495844736596
0.3004675332015096
0.3004914888246962
0.3005133779296953
0.3005304205051871
0.3005474814610855
0.3005624126725296
0.3005784132655071
0.30059000164033
0.3006006994784827
0.3006144410803898
0.3006319484866215
0.3006457192355129
0.3006567736972318
0.3006666071154701
0.3006761187007307
0.3006871891100736
0.3006951395514523
0.3007046429119002
0.3007127861569301
0.3007199108060238
0.30072667104157
0.3007333322549907
0.300740535157304
0.3007501075470232
0.3007615204982318
0.3007697639919997
0.3007776753709204
0.3007861438885486
0.3007958641853781
0.300808448728425
0.3008250159138838
0.3008493211609603
0.3008815271135432
0.3009264886482269
0.3009970576919466
0.3010764774332143
0.3011657914059923
0.3012679517882871
0.3013851718816447
0.3014313888614423
0.3014722455546033
0.3015023933087494
0.3015344587437642
0.3015637587680933
0.3016036418841495
0.3016351538778129
0.3016631126238705
0.3016942710615931
0.3017319892945435
0.3017805057828575
0.3018379461160793
0.3018866373303081
0.301927551355465
0.3019690076587567
0.3020096240108139
0.3020531720643376
0.3021211197908209
0.3022196812350788
0.3023364878045829
0.3024677817923578
0.302560184322045
0.3026379525767376
0.3027199613506423
0.3027983715406689
0.3028868728083464
0.3030279861915106
0.3031601274587882
0.303259659871014
0.3033478823985794
0.3034471846934507
0.3035414902340079
0.3036349671356659
0.3037289566189054
0.3038335263735609
0.303935333422516
0.3040328149099988
0.3041454032399886
0.3042198474829446
0.3042994036585074
0.3043701033909362
0.3044375655077558
0.3045122604024302
0.3046139057723801
0.3047388610908036
0.304832733474807
0.3049256350368618
0.3050274761214353
0.3051506538320446
0.3053075682405449
0.305533887106059
0.3058993787419778
0.3066303620138153
0.3075272454424072
0.3085401185656059
0.309706803516436
0.3099
0.3099013137473437
0.3099039412420311
0.3099091962314058
0.3099142593167844
0.3099230623265453
0.3099336942171925
0.3099453055492214
0.3099496142448597
0.3099538980338222
0.3099568448737706
0.3099598775853042
0.3099624397930629
0.309964681079817
0.309966927696974
0.3099695528688002
0.3099717376698046
0.3099742491942056
0.3099765483386138
0.3099787469676302
0.3099807835899755
0.309982311399537
0.3099834763890514
0.3099846075234426
0.3099863253007141
0.3099876931577494
0.309988883073181
0.3099901712071688
0.3099916645062655
0.3099936240640979
0.3099965239412428
0.3099982619706214
0.31
0.3100013137473437
0.3100027369804397
0.3100044416180883
0.310005754317616
0.3100070717360497
0.3100085358752471
0.3100107598209507
0.3100125087765512
0.3100138869228466
0.3100151892236502
0.310016410995314
0.3100175576456192
0.3100186402676043
0.310019701086149
0.310020845034014
0.3100224479845368
0.31002399448424
0.310025196634174
0.3100263849614073
0.3100276590011714
0.3100291421180275
0.3100310132193319
0.3100332486012369
0.3100353671913133
0.3100374880306493
0.3100399398440824
0.3100420771286542
0.3100445463218494
0.3100467754014945
0.3100490067293676
0.3100514560181722
0.3100542967268896
0.310057812804972
0.3100613017212785
0.3100660371548009
0.3100699975843024
0.3100735894664998
0.3100769277785983
0.3100801243312546
0.3100834938194407
0.3100879741965116
0.3100902231397504
0.3100925979526423
0.3100946328168641
0.3100963787792196
0.3100981399171998
0.3101001611144587
0.3101023116369503
0.3101046316418353
0.3101066938438304
0.3101087932125449
0.3101111232972945
0.3101138949448129
0.3101174378988303
0.3101222079395939
0.3101263984056031
0.3101302087374382
0.3101341409890514
0.3101384506618421
0.3101435359256269
0.3101478260676804
0.3101516599780921
0.3101554119321041
0.3101590376573621
0.3101627926284936
0.3101682832981096
0.3101745196489976
0.3101813484953311
0.3101880016753081
0.3101940145177237
0.3101990631826305
0.3102036068037848
0.3102079134851326
0.3102122501259526
0.3102170984328342
0.3102226273201099
0.3102291930700451
0.3102305145937277
0.310233157641093
0.310234230213611
0.3102353302426938
0.3102365462513629
0.3102378893757785
0.3102390637212086
0.3102403154869479
0.310241942881829
0.3102445064357329
0.3102483874320863
0.3102536412889744
0.3102576286237417
0.3102611568292259
0.3102647913911765
0.3102687167031804
0.3102732866889076
0.3102791002486621
0.3102849215777199
0.3102905804896178
0.3102965354836659
0.3103031098493737
0.3103109885624435
0.3103205812550561
0.3103333273311293
0.3103477957395922
0.3103624548380711
0.3103772867387721
0.3103914753681586
0.3104060697629535
0.3104198553084618
0.3104337089148724
0.3104501147136838
0.3104603219515088
0.3104719460736196
0.3104817708140644
0.3104903494458165
0.3104988917961796
0.3105081762344299
0.3105207494640683
0.310533915846171
0.310544763359533
0.3105553694441619
0.3105667308501881
0.3105797797488229
0.31059284478673
0.3106020360303631
0.3106090621625971
0.3106152776168312
0.3106217334829239
0.3106276876468143
0.3106345135705876
0.3106402345802677
0.3106455245269064
0.3106507179412946
0.3106558703603172
0.3106612086690928
0.3106671757518182
0.3106755646774035
0.3106839532840542
0.3106903591873481
0.3106966069008251
0.3107032452444608
0.3107108479584174
0.3107204350109088
0.310732817413115
0.3107501755174147
0.3107745936869716
0.3108040320946025
0.3108396323829227
0.3108673551047755
0.3108915589144068
0.3109160680147715
0.3109401134996617
0.3109654508558643
0.3109865106751679
0.3110052931547321
0.3110233298725881
0.3110462886345891
0.3110737383437153
0.3110965830254881
0.3111222801588564
0.3111568033003643
0.3112234509153454
0.3113131496137619
0.3114339625084677
0.3114719676940387
0.3115075084668382
0.3115271259926629
0.311546083686625
0.3115651938266455
0.3115824132703499
0.3115995201448975
0.311615849357216
0.3116354579740892
0.3116603569945021
0.3116928126800915
0.3117338217813252
0.3117861353141034
0.3118530176847638
0.3119399242215692
0.31200244635713
0.3120757988525922
0.312127201014812
0.3121751469070695
0.3122297303705502
0.3122757695954655
0.3123268087889579
0.3123956433520119
0.3124812565314844
0.3125968328852443
0.3127601230970382
0.3130284965695924
0.3135244759841561
0.3142175302728253
0.3149980469079652
0.3158891154183938
0.3169161888989853
0.3181088201090498
0.3195061979093247
0.3199
0.3199015651647695
0.3199046954943085
0.3199109561533865
0.319917754727938
0.319926099448091
0.3199358327713651
0.3199488096839023
0.3199638114702094
0.3199766660847213
0.3199897341319959
0.319994867065998
0.32
0.3200015651647695
0.3200037978643601
0.3200082632635411
0.3200154681250868
0.3200222663662194
0.3200304628830059
0.3200414087113039
0.3200525156277181
0.3200657765836296
0.3200844096820664
0.3201070235030175
0.3201329020368501
0.3201609064085637
0.3201922446978038
0.3202289045607065
0.3202714728420343
0.320320928754215
0.3203796759988266
0.3204528496920833
0.3205406138502175
0.3206443910695037
0.3207683826701689
0.3207924114513609
0.3208262991046488
0.3208520799868023
0.3208747077622825
0.3208976492178645
0.3209188233993761
0.3209426766800581
0.3209732260069639
0.3209977161739197
0.3210241724519171
0.3210465772079408
0.321066336850988
0.3210853705186721
0.3211086910147466
0.321128246179206
0.3211458857156884
0.3211651456482325
0.3211881763720981
0.3212196477996551
0.3212603266357408
0.3213015102163786
0.3213424670018553
0.3213741247644537
0.3214049390669
0.3214419119980454
0.3214728145069957
0.3215076239918718
0.321561519061063
0.3216441363594732
0.321739381268102
0.3218475496758904
0.321971228698147
0.3221127239005543
0.3222236765813688
0.3223014103976823
0.322340277305839
0.3224144108784542
0.3224948049432135
0.3226119283083668
0.322785160052983
0.3230745656875946
0.3234043349461733
0.3237796829346362
0.3242138988492873
0.3247123089916543
0.3252889312085135
0.3259620581360022
0.3267576182626148
0.3276900574628047
0.3287542909011226
0.3299
0.3299025086494455
0.3299075259483367
0.3299175605461189
0.3299259817780036
0.329935345333312
0.3299471124678079
0.3299605576790191
0.3299790017094438
0.3299895008547219
0.3299947504273609
0.33
0.3300025086494456
0.3300056249194513
0.3300110686578019
0.3300151347033802
0.3300209280919116
0.3300257705263785
0.3300304894992345
0.3300350805666148
0.330039826128374
0.3300450569030708
0.3300506972319046
0.3300556643337791
0.3300592606396869
0.3300622754576508
0.3300656913134688
0.3300688865441098
0.330072063118548
0.3300752359810754
0.3300787135053512
0.3300829649289662
0.3300883106087581
0.3300959389828396
0.3301038964627079
0.3301098837757999
0.3301147302535068
0.3301190842406938
0.3301234470516213
0.3301289631282748
0.3301332524600059
0.3301375911402403
0.3301415222012927
0.3301451361779566
0.3301485714222481
0.3301518775780071
0.3301552205734593
0.3301589638351732
0.3301648392185195
0.3301694417453738
0.3301731920201017
0.3301770126374944
0.3301811220515257
0.3301861110432268
0.3301923539175962
0.3302009022817234
0.3302134014408644
0.3302336437142441
0.3302726944713711
0.3303336793439543
0.3304023639862265
0.3304805835845264
0.3305706196695617
0.3306747379277183
0.330796330041139
0.3309385532424843
0.3311048027911341
0.3312722306780199
0.3314442678867204
0.3315772341269013
0.3316922544501825
0.3318120115924093
0.3319158139370412
0.3320041147866709
0.3320886047548285
0.3321803042511692
0.3323196319829657
0.3324390834414388
0.3325381202152515
0.3326413677652517
0.3327569667006722
0.3329016288080489
0.3330073758067603
0.3330985125539572
0.3331923132111321
0.3333017249450902
0.3334279016413231
0.3335589616044041
0.3336833992999462
0.3338172104571878
0.3339686193841719
0.3341436075928852
0.3343530473499873
0.3346043097474247
0.334894459413406
0.3352350302134322
0.3356400078197914
0.3361593292565393
0.3368774737828156
0.3379883674651736
0.3394028611180357
0.3399
0.3399046066940357
0.339913820082107
0.3399322468582497
0.3399463993768297
0.3399627353288437
0.3399817235499197
0.34
0.3400046066940357
0.3400125992984864
0.3400251550711981
0.3400401097051848
0.3400539940523613
0.3400699289620943
0.3400894675892859
0.3401114907834171
0.3401361837203554
0.3401655423354229
0.3402003616118318
0.3402373018304596
0.3402738838668248
0.3403092050770619
0.3403448794552613
0.3403840849227646
0.3404273356033342
0.3404665123931076
0.340502565853003
0.340540024678519
0.3405816471955526
0.3406305609014278
0.3406753945434685
0.3407093482317977
0.3407384982538627
0.3407653258573713
0.3407859028920111
0.340802847401261
0.3408182630978803
0.3408338944711483
0.3408545812581599
0.3408696968790675
0.3408803808397105
0.3408898928975351
0.3408992036333151
0.3409099144386701
0.3409231297017786
0.3409362734874791
0.3409478238266682
0.3409596578655779
0.3409727307775202
0.3409881872930738
0.3410055957357696
0.3410226158977408
0.341040419681755
0.3410598808077147
0.3410768177064405
0.3410931568508771
0.3411093214261641
0.3411246730173852
0.341138788094324
0.3411519425904074
0.3411651280754429
0.3411805886306003
0.341194339483166
0.3412094543650576
0.3412233702565539
0.3412375282992604
0.3412532387547093
0.3412716833366734
0.3412953702351893
0.3413185489870011
0.3413373243560958
0.3413537407478415
0.3413697744356435
0.3413873416324136
0.3414117000699167
0.341440650672457
0.341462875944836
0.341485055332132
0.3415093497398693
0.3415387003849458
0.3415762318446052
0.3416298861519687
0.3417095064547787
0.3418055184194234
0.3419135211397673
0.3420417827530896
0.342197697267714
0.3424193192011117
0.3428036404600227
0.342888560187589
0.3430583996427216
0.3430939332303963
0.3431591192906618
0.3432184470791105
0.3432842661323784
0.3433428847308633
0.3433956977751865
0.343459972143143
0.3435424769619194
0.3436486599934446
0.3437978567200365
0.3440310018770181
0.3444444524312405
0.3449789364259697
0.3456275871419322
0.3463469288918318
0.3469008274155725
0.3475164859998292
0.3482380929858803
0.3491936367485407
0.3499
0.349903107555784
0.3499093226673521
0.3499217528904882
0.3499313860853883
0.3499423810878028
0.3499535942207104
0.3499651359083854
0.3499781572843361
0.349989078642168
0.349994539321084
0.349997269660542
0.35
0.3500017355578741
0.3500040685593007
0.3500069817080941
0.3500105396432441
0.3500151884246076
0.350019881288573
0.3500240939073368
0.3500283805940836
0.3500330567957601
0.3500384790892281
0.3500449051381659
0.3500513771060842
0.3500560175927265
0.3500593903842253
0.3500627096808889
0.3500661610901889
0.3500697124056498
0.3500729744251199
0.3500764783138188
0.3500805812397129
0.3500858278791827
0.3500932421872182
0.3501012004266969
0.3501073374945369
0.3501123967407744
0.350117035116417
0.3501218292682356
0.3501286120676758
0.3501344606776215
0.3501388514264288
0.3501428183118436
0.3501464743169087
0.3501499553110952
0.3501534979530833
0.3501575080699037
0.3501642892786997
0.3501690560984438
0.3501730322144951
0.3501771693612715
0.3501816870673392
0.3501873343838591
0.3501946505857074
0.3502051489723718
0.3502191789625349
0.3502326131501768
0.350244769743953
0.3502555312872405
0.3502651311765247
0.3502743219225589
0.3502842585001328
0.3502992129303749
0.3503115505041127
0.3503215642219293
0.3503317657770713
0.350342806442748
0.3503563091171642
0.3503733119476032
0.3503890120477777
0.3504040187916483
0.3504188963044067
0.3504355367328572
0.350445817022313
0.3504579826375306
0.350467899250302
0.3504764257040782
0.3504850578388974
0.3504950190105275
0.3505059786851197
0.3505175351361559
0.3505280192455499
0.350538923873042
0.3505512516454123
0.3505661412178906
0.3505860588063656
0.3506117510292612
0.3506472145396922
0.3506829376823816
0.3507111685603689
0.3507387169320119
0.3507680177551469
0.350800986651934
0.3508411919053974
0.350891051806115
0.3509567131512724
0.3510340420809379
0.3510813420941462
0.3511116127210666
0.3511378746943435
0.3511661509424391
0.3511903032522581
0.3512189107999819
0.3512456007799707
0.351268960484526
0.351294748185684
0.3513263161406934
0.3513662482592679
0.3513968640170395
0.3514281186866502
0.351456694375235
0.3514975050817822
0.3515273301009681
0.3515608351483349
0.3516046744018422
0.3516366553595868
0.3516598257105994
0.3516809226056785
0.3517072299006404
0.351735084320763
0.3517574283366444
0.351780951231541
0.3518078468120252
0.3518437940833949
0.3518759823718176
0.3519034153990953
0.3519291988148605
0.3519563929108577
0.3519794105634236
0.3520069177153668
0.3520285688403214
0.3520474020365469
0.3520657040005762
0.3520845852014217
0.3521069974432279
0.3521307247920599
0.3521566657772079
0.3521797426605475
0.3522031092941931
0.3522289043384843
0.3522591899398427
0.352298119838716
0.3523497703661934
0.3524256456365288
0.3525548234699447
0.3526940662551978
0.3528593152154697
0.3530860996220403
0.3533840983125851
0.3537475469501546
0.3541662450811135
0.3546491222794924
0.3550624057145665
0.355495742553845
0.3562081049757361
0.3570600150823061
0.3580765797395455
0.3591956976485832
0.3599
0.359904063483974
0.3599121904519221
0.3599284443878182
0.3599422499138725
0.3599571655836353
0.3599766707536883
0.3599883353768442
0.36
0.360004063483974
0.3600110119750863
0.3600230036176417
0.3600384043406782
0.3600524413707175
0.3600662757886039
0.3600780514706051
0.360088488686235
0.3600987679460336
0.3601104137282873
0.3601220617591511
0.3601344649218119
0.3601450959034632
0.3601550063953731
0.360164335194542
0.3601727085463618
0.3601801695677448
0.3601871349692295
0.3601943019837595
0.3602034009329739
0.3602112441840631
0.3602189250130829
0.3602263595364688
0.3602341679760568
0.3602430363971887
0.3602539695766198
0.3602656839268572
0.3602774987265736
0.3602889786547487
0.3603013496976471
0.3603158052724881
0.3603282707942985
0.3603377417973404
0.360346148573227
0.3603541740924351
0.3603625428524152
0.3603727534406847
0.3603825645641759
0.3603934325714694
0.3604034354238293
0.3604136494692544
0.3604249505254741
0.3604385330931421
0.3604552849166845
0.3604779445107995
0.3605108464486728
0.3605621832856959
0.3606160768059088
0.3606731456526714
0.3607362048998501
0.360809705235025
0.3608976344181397
0.361011531273606
0.3611694969017597
0.3613745777409905
0.3615289344706227
0.3616695797924591
0.3618280733132235
0.3619744920212147
0.3621225618885057
0.3622985124683979
0.3625506956118519
0.3629470092382861
0.3634908915432346
0.3641131479921404
0.3648048209646731
0.3656346844012127
0.3666263507866009
0.3677871679950371
0.3691492142025635
0.3699
0.3699019673449027
0.3699059020347081
0.369913771414319
0.3699229367918053
0.3699312128495891
0.3699405044894228
0.3699520355085605
0.369962908252808
0.3699716468294873
0.3699787671101001
0.3699849050809853
0.3699906688066536
0.3699953344033268
0.3699976672016634
0.37
0.3700019673449027
0.3700035524392611
0.3700065386707484
0.3700098446831365
0.3700132055338005
0.3700171357757148
0.3700238128779829
0.370028522827669
0.3700325954493136
0.3700369299753407
0.3700416823616781
0.3700465602608718
0.3700525374610613
0.3700559280574462
0.37005954507943
0.3700626851097339
0.3700655416090772
0.3700686267024408
0.3700727296477004
0.3700777722822955
0.3700815415204779
0.3700852753190305
0.3700893935565959
0.370094317600974
0.3701007647201043
0.3701088868645642
0.3701185889361314
0.3701311145828024
0.3701412011503673
0.3701501252704051
0.3701593028795385
0.3701693187785112
0.3701806757474237
0.3701920877427372
0.3702048244453299
0.3702239604938357
0.3702435774957822
0.3702606120783126
0.3702785812506943
0.370299554952899
0.370325819416147
0.370364720521533
0.3704350737612119
0.3705106979895141
0.3705640345896156
0.3706163137434551
0.3706707859965197
0.3707228470487058
0.3707755627330359
0.370831164915796
0.3708959110211846
0.370981025571359
0.3710996319008441
0.3712539503178448
0.371471207862533
0.3718474721044346
0.3724918128326395
0.373363899005325
0.3743159750545136
0.3751332196961179
0.3758122380449796
0.376582830356346
0.3772103241194338
0.3778737323542679
0.379200548823936
0.3799
0.3799021405824656
0.3799064217473968
0.3799149840772593
0.3799233121618939
0.3799330167101366
0.3799450787701312
0.3799595458569292
0.3799794575696783
0.3799897287848392
0.3799948643924196
0.38
0.3800021405824656
0.3800047889583871
0.3800085303875602
0.3800122775241915
0.3800165681154469
0.3800208264567466
0.3800247738768743
0.3800288376753553
0.3800332258668452
0.3800378391478058
0.3800418239162774
0.3800447891086245
0.3800473892870382
0.3800505222481794
0.3800542703285031
0.3800570639190581
0.3800599025700305
0.3800630905674376
0.3800670195327823
0.3800724756379112
0.3800809703880124
0.380087569443582
0.3800924209509027
0.380096534935073
0.3801003276219005
0.3801044286923705
0.3801085653399217
0.3801131332708734
0.3801168623538282
0.3801202288194414
0.3801233993875545
0.3801263853408358
0.3801293098564748
0.3801323800399902
0.380136145851897
0.3801394722008989
0.3801430292509303
0.3801463507457832
0.3801497439582296
0.380153497375335
0.3801579909710584
0.3801634888999462
0.3801708221461483
0.3801812602495067
0.3801976745560816
0.3802282577347828
0.3802894240921852
0.3803619021882392
0.3804416172146014
0.3805321107972061
0.3806354267823732
0.3807552295995564
0.3808955085003015
0.3810602620582801
0.3812539328847536
0.3814815484988973
0.3817489980913324
0.3820632713281751
0.3824326931622348
0.3828669834349036
0.3833744675215554
0.383968769140287
0.3846670236450093
0.3854902055165016
0.3864674989139317
0.3876403261632519
0.3890577755051586
0.3899
0.3899024998341502
0.3899074995024505
0.3899174988390512
0.3899269942223427
0.3899370353549463
0.3899501817205823
0.3899646710103245
0.3899818693044568
0.39
0.3900024998341502
0.3900074995024506
0.3900148322098801
0.3900291165402247
0.3900403267599554
0.3900523610903366
0.3900663590810912
0.3900826277673936
0.390102218983845
0.3901258591991304
0.3901545429467077
0.3901872142923016
0.3902237139381002
0.3902647885036143
0.3903099676363903
0.390354334965963
0.3903974638388495
0.3904417987127729
0.3904950422794277
0.390541755589249
0.390588652351651
0.3906332000157702
0.3906794111437392
0.3907287150508554
0.3907737064551636
0.3908092220771126
0.3908401843562266
0.3908751199983045
0.3909079831339198
0.3909413620373625
0.3909743040617279
0.3910101450244918
0.3910539597955904
0.3911084859177609
0.3911684760960146
0.3912180885099202
0.3912612308563951
0.391303191607024
0.3913528321645234
0.3913866563544868
0.3914220731546176
0.3914535323379628
0.3914828144614312
0.391513333939238
0.3915485717881124
0.3916082719531332
0.3916533032523574
0.3916913957946375
0.3917311761695579
0.3917748245654469
0.3918291678032109
0.3918995706087697
0.3920008494416187
0.3921609948065139
0.3924589901521787
0.3928963475203395
0.3933857082058213
0.3939393282155643
0.3945745469601605
0.3953112347918428
0.3961815431772929
0.3972220787678019
0.3984800213204586
0.3999
0.3999044580091474
0.3999133740274421
0.3999312060640317
0.3999423002225185
0.399953107672626
0.3999638539515524
0.3999747512921664
0.3999859553943542
0.3999929776971771
0.4
0.4000044580091474
0.4000098263231934
0.4000171312550638
0.4000250981338424
0.4000356322008209
0.4000457864761833
0.4000537310250333
0.4000605647180521
0.4000672716230456
0.4000748267445576
0.4000869230870632
0.4000974059058982
0.4001063579559422
0.4001157785697569
0.4001262888013465
0.4001393400772137
0.4001571577895515
0.4001821412967944
0.4002243682275766
0.4002664185354499
0.4003027192729104
0.4003363833531279
0.4003699788841381
0.4004092449808984
0.4004589694670471
0.4004945115214865
0.400522861666928
0.4005476039203305
0.4005694227250584
0.4005903204018018
0.4006127275332765
0.4006436533450375
0.4006748182023447
0.4006988522834893
0.4007226407164569
0.4007483183932316
0.4007784056724705
0.4008121033141984
0.4008493833595038
0.4008898831393733
0.4009272028261207
0.4009559266376362
0.4009813316047268
0.4010064286770631
0.4010343024876757
0.4010752845652328
0.4011124343987936
0.4011450942579112
0.4011783591610267
0.4012145721819679
0.4012531765945365
0.4012874360858811
0.4013205697607248
0.4013567296679372
0.401406960288909
0.4014625374719052
0.4015066191680227
0.4015516705203074
0.4016021061090393
0.4016633147545694
0.4017471593374826
0.4018521286328738
0.4019463390988849
0.4020410537247826
0.402143449009796
0.4022603796518426
0.402403725230071
0.4025848780927634
0.402834852656844
0.4032125668985387
0.4037549396405931
0.4043777493647955
0.4050941807965915
0.4059300823010264
0.4069236609035689
0.408114424806344
0.4095289484683764
0.4099
0.4099039530792193
0.409911859237658
0.4099276715545355
0.4099400082607253
0.4099533387597493
0.4099704504978189
0.4099852252489095
0.41
0.4100039530792194
0.4100105220398433
0.4100167402701259
0.4100235380453978
0.4100305484235161
0.4100378986333649
0.4100473743582004
0.410057652408085
0.4100651598965604
0.4100722388233836
0.4100796052725695
0.4100873278396866
0.4100943797255873
0.4100997829016935
0.4101044294658678
0.4101097090112246
0.4101146403480284
0.4101196218111583
0.4101245577194731
0.4101299302216135
0.4101364578820301
0.4101445878134504
0.410156059994352
0.4101691104125809
0.4101788837487537
0.4101866192826346
0.4101934862842537
0.4102002397990179
0.4102085218827424
0.4102149069817988
0.410221577090573
0.4102275298096915
0.4102329516624306
0.4102381339878926
0.4102432114913541
0.4102485170881248
0.4102548577785739
0.4102606855351647
0.4102672627116161
0.410273222570894
0.4102792112475118
0.4102857857727714
0.4102934019684559
0.4103028863154012
0.4103155421390818
0.4103325795183054
0.4103590492534672
0.4104075212077876
0.4104727688280852
0.4105312555462327
0.410583752506919
0.4106330773802559
0.4106831013662567
0.4107321615392515
0.4107729943499144
0.4108028124017198
0.4108294703890816
0.41085800843808
0.4108900746783189
0.4109221525120222
0.4109548789903544
0.4109828563015187
0.4110078390932225
0.4110324154739675
0.4110600486033113
0.4111000627773063
0.4111318866241199
0.4111595454778169
0.4111885299617971
0.4112209866543983
0.4112598950419964
0.4112970049550294
0.4113437925763623
0.4113853422446875
0.4114185518596556
0.4114468997459646
0.4114738439923315
0.4115026140802645
0.4115371471513328
0.4115801245022783
0.4116169598195504
0.411652200009411
0.4116900955142933
0.411732444555736
0.411780906341542
0.4118348818691876
0.4118961672879893
0.4119701310209302
0.4120609708426571
0.4121562178604241
0.4122295467150231
0.4122859278882451
0.4123319202637562
0.4123719328587978
0.4124117018138431
0.4124553721544784
0.4124881170666955
0.4125127318996962
0.4125356869422508
0.4125606648840918
0.412586960535255
0.4126141481637833
0.4126431830270039
0.4126733721527148
0.412707714540679
0.4127414990034459
0.4127758096873448
0.4128095349960322
0.4128492598391297
0.4128923766641941
0.4129398696157388
0.4129900799970804
0.4130546192866953
0.4131246804669134
0.4131948560732934
0.4132650821810802
0.4133408123291062
0.413430282317365
0.4135324505855451
0.4136338116248386
0.4137478343355627
0.4138816954356125
0.4140463598056961
0.4142891701567839
0.4146715674753059
0.415012495597984
0.4153747086461951
0.4158229281652411
0.4161795922324209
0.416537504451282
0.4170042851711669
0.4176066040054787
0.4183443652411982
0.4191430183854459
0.4197731560893382
0.4199
0.4199030254039852
0.4199090762119555
0.4199207593291984
0.4199311462664338
0.4199419303190118
0.4199520792842209
0.4199617865328381
0.4199718248597479
0.4199832013978325
0.4199916006989163
0.42
0.4200030254039852
0.4200077315391695
0.4200128154867757
0.4200180045913045
0.4200234672648531
0.420029486061533
0.4200386248060346
0.4200458755706823
0.4200517053100438
0.4200576073257678
0.420063943062983
0.4200716175199216
0.4200812515114567
0.4200944963069891
0.4201128468323918
0.4201230965363802
0.4201341918814048
0.4201461315306244
0.4201546293102414
0.4201623035107177
0.420172615194417
0.4201819443810731
0.4201897086646881
0.4201980624414978
0.4202077428217149
0.4202207341371982
0.4202357179087646
0.4202480927994375
0.4202587717906936
0.4202689148877179
0.4202797970669334
0.4202899749480169
0.420301610277379
0.4203108688534151
0.4203189815793886
0.420326636496647
0.4203340816921246
0.4203419331679374
0.4203514813483269
0.4203601227214556
0.4203698447841777
0.4203787950217573
0.4203878736555225
0.4203979213381636
0.4204096672906611
0.4204244443966129
0.4204444852649652
0.4204717792522379
0.4205155922474275
0.4205979057052998
0.4206183467442848
0.4206565290575074
0.4206834338911452
0.4207067440170127
0.4207364232322977
0.4207581560558597
0.4207810577892162
0.420809133241661
0.4208463445674246
0.4208754864678435
0.4208984398313796
0.4209099165131477
0.4209318961180943
0.4209559546031725
0.4209886007368936
0.4210398772578925
0.4211109691763174
0.4211908703496028
0.4212812137774207
0.421384132152667
0.4214804466984967
0.4215811247618853
0.421653317597242
0.4217510948498486
0.4218313107075618
0.4219115749224434
0.422021319787963
0.4222331501529291
0.4224913286620439
0.4227853649187048
0.4230219305427946
0.4232339138831117
0.4235408588490754
0.4237613637928092
0.4240206859366382
0.4243969482790111
0.4250565790581191
0.4258358365517335
0.4267289829671525
0.4277657621691699
0.4289881932149449
0.4299
0.4299109623436265
0.4299328870308796
0.429952679534691
0.4299713639447474
0.4299856819723737
0.43
0.4300109623436265
0.4300219523569019
0.4300323510231144
0.4300531483555394
0.4300734148580223
0.4300899553902913
0.4301047533521528
0.4301190685389001
0.430135519278326
0.4301490008285354
0.4301639936129996
0.4301777423131466
0.4301909935657397
0.4302037023950218
0.4302144172995306
0.4302234863385374
0.4302327509188432
0.4302481416948629
0.4302590810690456
0.4302687248623104
0.4302791666260338
0.4302916065965873
0.4303074662742669
0.4303312070299758
0.4303584539262882
0.430378498387016
0.4303942114307809
0.4304081814051656
0.4304221928918097
0.4304416919964806
0.4304577478966907
0.4304695293467473
0.4304801078915084
0.4304901023131261
0.4305003258538361
0.4305122648842672
0.4305257625764463
0.4305400271515135
0.4305523789932366
0.4305648181983506
0.4305783963849782
0.4305946682719426
0.4306147887995238
0.4306421971604136
0.4306823768689885
0.4307484174673196
0.4308804986639818
0.4311446610573061
0.4315336727123454
0.4319208588791486
0.4323371706477208
0.4328025349494358
0.4333331266112774
0.4339543793686017
0.4346901344254151
0.4355665218815985
0.4366142718073117
0.4378752280253017
0.4394060122104747
0.4399
0.4399045949260547
0.439913784778164
0.4399321644823825
0.4399472545390476
0.4399649368306095
0.4399856175030746
0.4399928087515373
0.44
0.4400045949260546
0.4400094330944153
0.4400191094311366
0.4400334625087406
0.4400471817439016
0.4400633002705066
0.4400842485556773
0.4401060278799708
0.4401322793339092
0.4401685377923665
0.4402211664726177
0.4402822550048289
0.4403527002487466
0.4404344092920917
0.4405294024550213
0.4406406958452659
0.4407715454332811
0.4409255915580738
0.4411071227430254
0.4413212469749714
0.4415693994694354
0.4418571487608333
0.442190685388365
0.4425775517130132
0.4430219654778658
0.4435426799417791
0.4441502255509922
0.4448980434080736
0.445839134442177
0.4471260139154734
0.4491563466331995
0.4499
0.4499039321112454
0.4499117963337363
0.4499275247787181
0.4499407382259631
0.4499543564060625
0.4499727040290353
0.4499863520145176
0.4499931760072589
0.45
0.4500039321112455
0.4500083277053741
0.4500171188936315
0.4500334655090992
0.4500481690420596
0.4500637993642929
0.4500773942710537
0.4500883612688439
0.4500980637708159
0.4501073775458459
0.4501174166986475
0.4501317812841111
0.4501446042972668
0.4501541943890647
0.4501626895619211
0.4501701413966536
0.4501766433676392
0.4501826059431137
0.4501885289486388
0.4501953462056252
0.4502016409939876
0.450208793953241
0.4502152274314599
0.4502216960034877
0.4502288092672627
0.4502370788098772
0.4502475360506275
0.4502583814170157
0.4502689434258765
0.4502787222046179
0.4502881883638213
0.4502983728563049
0.4503051068065283
0.4503143239693814
0.4503212600205316
0.4503268663767952
0.450332266742362
0.4503379666501463
0.4503458178189211
0.4503543663983753
0.4503610179245598
0.4503669143656014
0.4503741386770782
0.4503823702140373
0.4503902059593835
0.4503996753832556
0.4504157970731373
0.4504312777733143
0.4504449554282902
0.4504572129717317
0.4504684413880124
0.4504797307027345
0.4504933144173172
0.4505063039862184
0.4505191399263788
0.4505311698243465
0.4505436626968433
0.4505576644275497
0.4505748023608535
0.4505931993652231
0.4506154064700548
0.4506385366968998
0.4506594600957366
0.4506832207043093
0.4507190160881485
0.4507449156649845
0.4507680212934331
0.4507914545597044
0.4508158865634452
0.4508436345699311
0.4508793859510145
0.4509116426071887
0.4509480668258608
0.4509817869271537
0.451015842475905
0.4510531432461805
0.4510972947237074
0.4511507058230438
0.4512211798093608
0.4513204382547307
0.4514746397400696
0.451710378365053
0.4519791058566884
0.4522502155920078
0.4525009717863788
0.4528604811595355
0.4531385175068127
0.4534025650131754
0.4537058171164226
0.454112212981126
0.4548364114117092
0.455722780375635
0.4567504748512164
0.4579369623701195
0.459306393962753
0.4599
0.4599025838092903
0.459907751427871
0.4599180866650325
0.4599279456652771
0.4599370204871275
0.4599468052417335
0.4599582056900791
0.4599697693280402
0.459980593092987
0.4599902965464935
0.46
0.4600025838092904
0.4600069221058209
0.460011782838498
0.4600166407767395
0.460022420774007
0.4600309147136016
0.4600383359401804
0.4600441815956888
0.4600499900712113
0.4600561909902835
0.4600631641984773
0.4600703849171351
0.460075932437319
0.4600800467472058
0.4600839547904677
0.4600899195920599
0.460094485242572
0.4600984885497553
0.4601028192048407
0.4601080147421239
0.460114602242329
0.4601245173061624
0.4601336618620653
0.4601406181323904
0.4601464607860459
0.460151825704563
0.4601574369217419
0.4601656286833535
0.4601722638423181
0.460177273990734
0.46018181928731
0.4601860094814732
0.4601900357430085
0.4601941679598505
0.4601988677208661
0.4602067813660939
0.4602123925543161
0.4602170454957647
0.4602218568517779
0.4602270691234591
0.4602335048463941
0.460241705340817
0.4602531673685801
0.4602703793143306
0.4602994838512677
0.4603576929251419
0.4604418998617614
0.4605347919938197
0.4606391975097841
0.4607581042260204
0.4608947082004012
0.4610256950377909
0.461140692658024
0.4612876025332646
0.4614233186252559
0.4615432225686742
0.4616872741255434
0.4618626958393634
0.4621723373576255
0.4625849873454189
0.4630578300569321
0.4636014812195781
0.4642293190201083
0.4649628940865277
0.4658319888692458
0.4668730853707745
0.4681344960378686
0.4696935004039238
0.4699
0.4699039401746018
0.4699118205238054
0.4699275812222127
0.4699405687446526
0.4699544372883938
0.4699698544826684
0.4699873473472062
0.47
0.4700039401746018
0.4700090146008086
0.4700186113153413
0.4700322028199959
0.4700455237697244
0.4700599450116618
0.4700764760735467
0.4700955209960601
0.4701176039367023
0.4701394364673645
0.4701638809933152
0.470195628703103
0.4702341920403494
0.4702773845661819
0.4703298867818369
0.470394001414298
0.4704791141780817
0.4705827915908573
0.4707039166443693
0.4708461121710477
0.471012581200785
0.4712041773775481
0.4713763188045952
0.4715075432847917
0.4716105621651157
0.4716966101279209
0.4717766700118627
0.4718587844674202
0.4719333671245018
0.4719864052424416
0.4720345966440077
0.4720825388692583
0.472125815383009
0.4721676792726354
0.4722120106205916
0.4722729554950237
0.4723002099936122
0.4723286321747845
0.4723533840520087
0.4723750164258793
0.4723980358485471
0.4724285447652243
0.4724633613463479
0.4724895836763674
0.4725154851971002
0.4725438756616837
0.47257109920288
0.4725984542701931
0.4726320573992961
0.4726627375302455
0.472684586487819
0.4727032423916823
0.4727212140657722
0.4727407827901572
0.4727692885885983
0.4727977732749604
0.4728207312695984
0.4728440482180808
0.4728697696219169
0.4729008665181053
0.4729424171302128
0.4730026744677211
0.4731022840778351
0.4732075985337537
0.4733183361174163
0.4734546648225726
0.4735133817040221
0.4735746453657189
0.4736306050829148
0.4736859950727875
0.4737379166354567
0.4737961531293164
0.4738660769307126
0.4739354527805594
0.4740165768242995
0.4741555500809985
0.4743681875335348
0.4746245712742693
0.4748849906074522
0.4751361288159028
0.4753961080622945
0.4757143100957444
0.4760789593236632
0.4764407852970127
0.4767722479003153
0.4771537470395273
0.4774883005193626
0.4778242211882078
0.4782059445367941
0.4786889261728139
0.4793918686732009
0.4799
0.4799023396107556
0.4799070188322669
0.4799163772752894
0.4799288538502438
0.4799382636637707
0.4799467318825618
0.4799550036984138
0.4799634916762931
0.4799733971623761
0.4799801945154892
0.479987732127741
0.4799943448596542
0.48
0.4800023396107556
0.4800050545071357
0.4800104842998957
0.4800179729143752
0.4800258406016514
0.4800335694014504
0.4800409257480601
0.4800481838684287
0.4800545571138785
0.4800597013316034
0.4800650506887549
0.4800721026901959
0.4800775617953377
0.4800827257348346
0.4800887420802868
0.4800970460593777
0.4801046685418793
0.480111895383137
0.4801201321501943
0.4801298394755318
0.4801432945570257
0.4801545372496961
0.4801657708644372
0.4801764165577518
0.4801872886567499
0.4801993194292812
0.4802127548027326
0.4802301194926157
0.4802457659824631
0.4802606882303683
0.4802790023717918
0.4802995334954745
0.4803221804772047
0.4803439022475068
0.4803639753446193
0.4803848615694402
0.4804059654784432
0.4804283186201297
0.48045511091369
0.4804894901454066
0.4805190471515775
0.4805516014017107
0.480577529431324
0.4806053078973845
0.4806322379857516
0.4806600743061794
0.4806963287537448
0.480739534612881
0.4807839254560235
0.4808324016969252
0.4808782598173653
0.4809287740206155
0.481002779305673
0.4811147009616879
0.4812487732621316
0.4814005398712735
0.4814763297239358
0.4815510111106984
0.4816352712669744
0.4817223801781529
0.4818002672645485
0.4818911971143574
0.4820478607824693
0.4823335075388689
0.4826542377852484
0.4830206417898495
0.4834449531595993
0.4839349078264146
0.4845080106216188
0.4851779156873762
0.4859681274401079
0.4868918711289119
0.4879472831627518
0.488808683334347
0.4897091888020807
0.4899
0.4899019443721669
0.4899058331165007
0.4899136106051682
0.4899207638470111
0.4899287963814713
0.4899388533925685
0.4899506015436166
0.48996606198264
0.4899839804576731
0.4899919902288365
0.4899959951144183
0.4899979975572091
0.49
0.4900019443721669
0.4900035556913171
0.4900067783296175
0.4900131382716232
0.4900212851794098
0.490029608795052
0.4900390263151692
0.4900495587168896
0.4900588470111203
0.4900675723162535
0.4900768680304071
0.4900901493907159
0.4901016208390154
0.4901107625542277
0.4901199393721682
0.490129725249656
0.4901403789591571
0.4901503408020453
0.4901576984845502
0.4901636850994075
0.4901701109406304
0.490175985710914
0.4901823789574133
0.4901885818283448
0.490195246301167
0.4902032923673835
0.4902131363325665
0.4902268807424806
0.490241111388227
0.4902521084108967
0.4902612242173496
0.4902695643366075
0.4902781461919534
0.490290091756019
0.4903004318096186
0.490308022387075
0.4903147941841474
0.4903210775161582
0.4903272027130925
0.4903336960585673
0.4903415924195589
0.4903486862656921
0.4903567004263768
0.4903640556565299
0.4903714824839426
0.4903796684127436
0.4903891811409049
0.4904010573282735
0.4904169536090222
0.4904384285335308
0.4904719999513044
0.4905339467501919
0.490639581507414
0.4907587730159024
0.4908936766067267
0.4910479338666529
0.4912246872955594
0.4914298394202532
0.4916692651991809
0.4918833264008836
0.492036734976711
0.4921134392646246
0.4922579321025564
0.4924131548164886
0.4926414327413612
0.4929679444540629
0.4934946505641015
0.4940965488919756
0.4947833308646358
0.4955807605225669
0.4965139281994464
0.4976277938124835
0.4989901118925012
0.4999
0.4999088840174342
0.4999266520523025
0.4999484110334744
0.4999695914789193
0.4999847957394596
0.5
0.5000088840174342
0.500020724109536
0.5000355431426917
0.5000578196454473
0.5000814124175922
0.5001058969716451
0.5001350194457389
0.5001735286079974
0.5002156095797508
0.5002592850768856
0.5003031412697767
0.5003462398943894
0.5003839429224402
0.5004169907889505
0.5004474020188312
0.5004774741796219
0.5005091185323132
0.500527746197299
0.5005471008997652
0.5005638241217486
0.5005794780781881
0.5005974687353063
0.5006174702576721
0.5006370794023487
0.5006565102384264
0.5006761673787479
0.5006932356584962
0.5007088864918474
0.5007247604924522
0.5007437223743141
0.5007695312501493
0.5007884745431433
0.5008059271703039
0.5008245500299711
0.5008458257299221
0.5008689413100756
0.5008940913524704
0.5009198226435735
0.5009457424927528
0.5009734440398956
0.5009941524787966
0.5010103166173824
0.5010243884809176
0.5010376403895894
0.5010520423883847
0.501062989057276
0.5010760926917247
0.5010863393156326
0.5010950004427545
0.5011033609692164
0.5011120586810623
0.5011228144657897
0.5011355144789156
0.5011466431409017
0.5011569354612444
0.5011677038672218
0.5011796993352136
0.5011945208659023
0.5012108272980962
0.5012267182481732
0.5012433130649389
0.5012614935951584
0.5012772903508182
0.5012923295206695
0.5013069525445442
0.5013205976922942
0.5013330393088979
0.5013446567121865
0.5013563940668141
0.5013704348651901
0.5013825832891525
0.5013957717555668
0.5014081103610999
0.5014207570350471
0.5014348100535106
0.5014517711704535
0.5014728354068196
0.5014934402159791
0.5015119920078954
0.5015271503737269
0.5015411460113138
0.501555596320451
0.5015728494768483
0.5016019611838206
0.5016227233183688
0.5016413731772247
0.5016614126844605
0.5016840771390448
0.5017130486461675
0.5017536028170418
0.5018115855730081
0.5018977839717813
0.5019157832977937
0.5019517819498186
0.5019773148680521
0.5019992252187176
0.5020224827338654
0.5020436638449934
0.5020675409637655
0.5021015056327217
0.5021438163775602
0.5021989235255209
0.5022701991035493
0.5023632531957901
0.5024841469962991
0.5026398874825101
0.502820699736371
0.503007232976919
0.5032122628037056
0.5034564240389288
0.5037911878063506
0.5042901286615998
0.5048769295818558
0.5054355395217364
0.5062991599321441
0.5069226375712674
0.5074787717738839
0.5081869454022835
0.5090772068108846
0.5099
0.5099043917740087
0.5099131753220261
0.5099307424180608
0.509944143882918
0.5099564372457469
0.5099678134125231
0.5099784533475977
0.5099894710151816
0.51
0.5100043917740087
0.5100108299998766
0.5100179194038271
0.5100304899743404
0.5100412938563885
0.5100530285739461
0.5100670259987996
0.5100817541443228
0.5100981135949418
0.5101147695326312
0.5101325444220587
0.5101455308161196
0.510156856467757
0.510171298341484
0.5101852016425614
0.5101965035811147
0.5102082992724708
0.5102222744488604
0.5102407682658281
0.5102617865585458
0.5102794872815632
0.5102951014320732
0.5103103018946133
0.5103275061218795
0.5103393640489157
0.5103546034370162
0.5103677039153054
0.510379304509663
0.5103905527318889
0.5104018340005291
0.5104142521824792
0.5104312877386683
0.5104500484314358
0.5104641247946635
0.5104778419017576
0.5104925609795812
0.5105095735921794
0.5105312322513967
0.5105492999266853
0.5105630739137558
0.510574630720095
0.5105852216649344
0.5105965281851533
0.510606018440501
0.5106177095966214
0.5106269255524752
0.5106347394455645
0.5106420804946821
0.5106493253921097
0.5106573502181369
0.5106689170337051
0.510680264062595
0.5106891988758988
0.5106981121757104
0.510707772740953
0.5107191974889136
0.5107337521908982
0.5107541895767653
0.5107733800234855
0.510792402007665
0.5108146163724775
0.5108447177786747
0.5108713587577921
0.5108966170723493
0.51092301067125
0.5109517815929673
0.5109852869860778
0.5110217482257561
0.5110625404513542
0.5111106879233298
0.5111680305327527
0.5112346140920675
0.5113186517688236
0.5114073924725338
0.5114797955520026
0.5115565149570501
0.5116573925064205
0.5118044027841694
0.5120984233396672
0.5124943270839006
0.5125769302068555
0.5126601822862609
0.5127040537916158
0.5127597252020525
0.5128027791302591
0.5128570898068734
0.5129019969786509
0.512943190134797
0.5130026328612616
0.5130715096197249
0.5131603493653417
0.5132828692272703
0.5134592090803334
0.5137397520725911
0.5143008380571067
0.5151972619187141
0.5162133031152354
0.5173786811204107
0.5187465770783475
0.5199
0.5199021513595483
0.5199064540786449
0.519915059516838
0.5199243694762387
0.5199336812348195
0.5199455759926864
0.5199595602211747
0.5199742926724026
0.5199885424707062
0.5199942712353531
0.52
0.5200021513595483
0.5200047780676134
0.5200100314837435
0.5200205383160037
0.5200311418680788
0.5200426007135805
0.5200537056300916
0.5200635719904644
0.5200724148460713
0.5200808324243373
0.5200898220150451
0.520102862754561
0.5201143403517013
0.5201235204358146
0.5201327995951428
0.520142880872744
0.5201548845457596
0.5201694004289852
0.5201829140909633
0.520196079020163
0.5202107614844806
0.52022584674633
0.5202391201055109
0.5202496441902881
0.5202590368961855
0.520268130370822
0.5202778168963587
0.5202902534960818
0.520301886957883
0.5203136232559937
0.5203248825272239
0.5203366859075306
0.5203501067350286
0.5203663186974771
0.5203883267163052
0.5204187505963797
0.5204606195309162
0.5205027494556088
0.5205308876366086
0.5205589886809456
0.52058603272417
0.5206209554347754
0.5206486710268134
0.5206804510075344
0.5207291992669016
0.520815170999679
0.5208359371562313
0.520877469469336
0.5208933175199304
0.520909438548277
0.520926910948952
0.5209431736936969
0.5209589240738879
0.5209745097561139
0.5209919816533525
0.5210132910581592
0.5210330695482795
0.5210511010319181
0.5210656185537084
0.521075879507575
0.5210844438150197
0.5210937514420688
0.5211027275772845
0.5211118870691507
0.5211210058679152
0.5211311537565185
0.5211418826392892
0.5211522305563377
0.5211632972504198
0.5211742238456851
0.521186053422914
0.5211949306739309
0.5212025716445288
0.5212098627075418
0.5212172803067688
0.5212259230404295
0.521236226840395
0.5212468203998186
0.5212559426687644
0.5212651469405842
0.5212752243324451
0.5212870451329685
0.5213023132596653
0.5213224065348936
0.5213485901006671
0.5213860860445446
0.5214424684385318
0.5215138290616648
0.521593699316929
0.5216842105664263
0.5217874102471791
0.5219057103445996
0.5220209246143163
0.5220993608480825
0.5221839216849125
0.5222560761373886
0.5223333541139906
0.5224076316494467
0.5224887431152015
0.5226104602826043
0.5227981778417191
0.5230818768593621
0.5234072040692763
0.5237797808317688
0.5242101246858799
0.524708525447518
0.5252917554234433
0.52597813936502
0.5267890149724268
0.527748495147956
0.5288061432544005
0.5299
0.5299038129800444
0.5299114389401332
0.5299266908603106
0.529939491613925
0.5299524071985559
0.5299671028737778
0.5299853553134206
0.5299926776567103
0.53
0.5300038129800444
0.5300086723960797
0.5300151429185439
0.5300219220517308
0.5300310062628945
0.530036802952628
0.5300427028632367
0.5300478284979283
0.5300525919507244
0.5300582296654622
0.5300657325829257
0.5300719389652239
0.5300778900235554
0.5300844226816099
0.5300924405087281
0.5300998039856255
0.530105904220068
0.5301114863414653
0.5301168650933743
0.5301224226434553
0.5301288965606671
0.5301347890328625
0.5301405899887435
0.5301473397791862
0.530154024236848
0.5301601420837282
0.530166432482157
0.5301734682343513
0.5301822327200304
0.5301936052669374
0.5302059857796458
0.5302157938616643
0.530224882268483
0.5302341923262395
0.5302426215892878
0.5302510782423031
0.5302612025523261
0.5302689182185153
0.530277415481278
0.5302848690451984
0.5302915885220696
0.5302980158944921
0.5303043307600461
0.5303109909723023
0.5303191296985392
0.5303288210817895
0.530336939113817
0.5303443469672176
0.5303520584373516
0.5303605963277666
0.5303683749605358
0.53037576729973
0.5303833128353586
0.5303918309705534
0.5304030845785728
0.5304141814458894
0.5304233442267849
0.5304325335907827
0.5304425065437159
0.5304541508133415
0.5304691160668736
0.5304833500781729
0.5304915654390095
0.5304971827798899
0.5305033503889349
0.5305083766590216
0.530515401442758
0.5305207855672626
0.5305262484413185
0.530534018755136
0.5305441735309674
0.5305574289873785
0.5305744087067634
0.5305958382493099
0.5306198119700077
0.5306451403377437
0.5306733649834162
0.5307073514551887
0.5307435149524619
0.5307835443527762
0.5308307058743427
0.530888009205147
0.5309628120649699
0.531052068747651
0.5311540092494096
0.5312575149418373
0.5313458025508778
0.5314264185350535
0.5314955603817917
0.5315591210543951
0.5316405804297806
0.5317237805152243
0.5318158552814133
0.5319460155332609
0.5321364992256833
0.532517466610528
0.5330204010370483
0.5335852419091063
0.5342144417144128
0.5347793679945461
0.5355565658849674
0.5361745784595737
0.5367533544856837
0.5374137133896496
0.5382903544834241
0.5398192387251128
0.5398999999999999
0.5399033773125133
0.5399101319375399
0.5399230496318895
0.5399346039842993
0.5399454087882369
0.5399576098591199
0.539972542924783
0.5399859146188861
0.54
0.5400033773125134
0.54001013193754
0.5400236411875933
0.5400350531978155
0.5400475896780946
0.5400617099874515
0.5400777983155451
0.5401003159615156
0.5401260618689104
0.5401540627151031
0.5401862433216247
0.5402209299944191
0.5402586331628317
0.5403040726516571
0.5403426198011221
0.540374635117942
0.5403889220827672
0.5404044666078879
0.5404166847003831
0.5404264894489093
0.5404361429681946
0.5404475190262387
0.5404557103472493
0.540464718185356
0.5404724953197114
0.5404793691143052
0.5404860087145591
0.540492820404915
0.5405007558992685
0.5405093536486678
0.5405186889187167
0.5405268346558358
0.5405350101738005
0.5405439636156609
0.5405543713833874
0.5405677973529021
0.540584826485878
0.5406037997465598
0.540622461943289
0.5406437751707238
0.5406717052686625
0.5406986281537367
0.5407235023530115
0.5407489335873337
0.5407763734602177
0.5408077005713473
0.54084254579094
0.5408810385675072
0.5409259515605794
0.5409784648869407
0.5410442555626769
0.5411286545304996
0.5411909324350708
0.541254459887709
0.5413366966294277
0.5414509320363995
0.5415940450552038
0.5417608657373759
0.5419544350585956
0.5420734239022259
0.5421214099800934
0.5421874461142081
0.5422230115590467
0.5422636191889241
0.5422978063685924
0.5423462563237528
0.5423821238199753
0.5424164174825732
0.542467229441855
0.5425265740034739
0.5426047770611686
0.5427089468885252
0.5428523855595089
0.5430636965949331
0.5434078917644009
0.5440641113011796
0.5449593818673261
0.5463370456690363
0.5479775661284276
0.5498999999999999
0.5499019936980868
0.5499059810942605
0.5499139558866079
0.549922106209768
0.549930525550656
0.5499415036941669
0.5499540620654262
0.549967159540447
0.5499787546084466
0.5499887144863496
0.5499943572431748
0.5499971786215874
0.55
0.5500019936980869
0.550003775383594
0.5500073387546083
0.5500144654966368
0.5500242549730004
0.5500340462458055
0.5500444712261284
0.5500547609324379
0.5500639133382796
0.5500722356881748
0.5500797440760634
0.5500870764211158
0.5500954224057624
0.5501046921024897
0.5501135119003259
0.5501213410860533
0.5501293403468122
0.5501381693643896
0.55014861793312
0.5501621184183133
0.5501748210720373
0.5501861438992787
0.5501967501706954
0.5502072459226311
0.550219397232021
0.5502262341467304
0.5502341436704802
0.5502407177354683
0.5502464042675094
0.5502522574537129
0.5502593131459297
0.550269471495185
0.5502768937447406
0.5502837860841325
0.5502913950571428
0.5503003866497065
0.5503124424491191
0.550325265567162
0.5503388340226137
0.5503538507809859
0.5503676335985132
0.5503810958191286
0.5503961574152177
0.5504114616283136
0.5504266512447924
0.5504442978737203
0.5504635162462741
0.5504811901091359
0.550498796155473
0.5505196262017643
0.5505344220918121
0.5505509425066842
0.5505652991191822
0.5505781694626929
0.5505907909597293
0.5506039239911741
0.5506196002589406
0.5506351770767147
0.5506523134857118
0.550667831480541
0.5506836334710657
0.5507011759821373
0.550721903519225
0.5507433867508309
0.5507639931986731
0.5507852318574687
0.5508109853619274
0.5508335606635516
0.5508574145485721
0.5508799170330458
0.5509004285216323
0.5509171007257005
0.5509372274420913
0.5509580342663675
0.5509739501154894
0.550990609084825
0.5510079568088629
0.5510302253843468
0.5510515471322737
0.551069624874498
0.5510892428265902
0.5511127295608009
0.5511436752761455
0.5511676697166591
0.5511867700420149
0.5512076289086406
0.5512277331604301
0.5512489795173773
0.5512773352566395
0.5513249919535314
0.5513824276429172
0.5514534350125049
0.5515303603237495
0.551593894818624
0.5516558661304448
0.5517223334261144
0.5517987149045492
0.5518575568791263
0.5519009613345599
0.551940778280208
0.5519923412493644
0.5520433434281554
0.552085314429617
0.5521300873542788
0.5521816818039735
0.5522396016652551
0.5522904095526263
0.5523376512234539
0.55238843181932
0.5524217608496442
0.5524668524931087
0.552504228128084
0.5525372968747964
0.552571043648205
0.5526085691212369
0.552662895674007
0.5527183154228897
0.55276255208253
0.5528073041505589
0.5528560308762671
0.5529153338900795
0.5529903797371135
0.5530969634718484
0.5532677894904378
0.5536094415276164
0.5540338702554766
0.5545483241131598
0.5551371710083585
0.5556849971504125
0.5564519230542774
0.5570079035513599
0.5575675240848088
0.5583815783390376
0.5594741336169786
0.5599
0.5599030695995268
0.5599092087985806
0.5599214871966882
0.5599325339856418
0.5599515984193196
0.5599779502444314
0.5599889751222158
0.5599944875611079
0.56
0.560003069599527
0.5600065041738934
0.5600121872837968
0.560018209289476
0.5600245903177786
0.5600313918984672
0.5600397397544261
0.5600469594475891
0.5600542011261164
0.5600610370249378
0.5600680188354716
0.5600756224418506
0.5600836366446751
0.560090485276986
0.5600955606252453
0.5601000399171914
0.5601055461859522
0.5601117528312523
0.5601165258202674
0.5601214325065537
0.5601269525337277
0.5601338684809648
0.5601437469234263
0.5601564037729375
0.5601659718468484
0.5601734235514408
0.5601799800574044
0.5601863023209646
0.560193721305337
0.5601994426355867
0.5602060120159456
0.5602117837797835
0.5602169971889467
0.5602219621117537
0.560226756856427
0.5602316567622304
0.560237238873105
0.5602438630836435
0.5602505664444073
0.5602562027491494
0.5602618191965939
0.5602679017855335
0.5602749603476305
0.5602838286954261
0.5602946844631157
0.5603052721148476
0.5603164918932763
0.560329165249134
0.5603447689672435
0.5603645951072214
0.5603877522552704
0.5604080664494717
0.5604246039866482
0.5604393092940294
0.5604538184929823
0.5604694680254393
0.5604862228189603
0.5604999751264793
0.5605116401631903
0.5605224441190215
0.5605329274222259
0.5605439179418945
0.5605570249029306
0.5605762455660651
0.5605908079308357
0.5606035812579682
0.5606168900622193
0.5606315253329964
0.5606496219502398
0.5606726578793783
0.560704838519651
0.5607334990117103
0.560755642489166
0.5607750722954572
0.5607936128156656
0.5608131846027616
0.5608378385254983
0.5608705600409365
0.5608961860405453
0.5609201430556147
0.560945718685828
0.5609747682692903
0.5610116119301736
0.561060079804644
0.5611307197354188
0.5612445523251381
0.5613734746782587
0.5615137606732322
0.5616758401989997
0.5618642740687367
0.5621019928997569
0.5624233308853035
0.5628291872954503
0.5633007084306483
0.5638488095705873
0.5644892833059839
0.5652443158413123
0.5661493215698199
0.5672271067038823
0.568494918575944
0.5699
0.5699015169266872
0.5699045507800617
0.5699106184868108
0.5699177707697495
0.5699247668675468
0.5699313526148506
0.5699377964807383
0.5699444504324443
0.5699519558101427
0.5699579564392037
0.5699642879467494
0.5699698296291306
0.5699754210898917
0.5699824884034925
0.5699879892473131
0.5699923697301306
0.5699963294665825
0.5700000000000001
0.5700015169266873
0.5700034387128415
0.5700057720092178
0.5700093800639642
0.5700135081001445
0.5700173753939425
0.5700212320963919
0.5700250122750452
0.5700288638124302
0.5700317844336172
0.5700341449015442
0.5700365705512571
0.5700385250929074
0.5700402798036955
0.5700421014313373
0.5700444071202064
0.5700470801856846
0.5700492214513423
0.5700513022837731
0.5700535773381542
0.5700562707868975
0.5700589989953074
0.570061580309
0.5700638263768404
0.5700658928683373
0.5700680092297852
0.5700700072156658
0.5700720011928572
0.5700744024134089
0.5700763922231449
0.5700784014647564
0.5700808886769356
0.570083809319924
0.570086938131141
0.5700895724845405
0.5700926349818598
0.5700948240138257
0.5700968651506227
0.5700998258340211
0.570102021917417
0.5701041551280891
0.5701068387106077
0.5701095256897701
0.5701121869631371
0.5701150094778913
0.5701185154038931
0.5701216366820444
0.5701242906122251
0.5701259085505097
0.570127038721872
0.5701281490476776
0.5701292896012782
0.5701305179248785
0.5701316505553942
0.5701328823258311
0.5701343567192949
0.5701362910528592
0.5701390233903469
0.5701419487726435
0.570144792094106
0.5701477598740268
0.5701510219142846
0.57015447666986
0.570158242342954
0.570162537747462
0.5701670056993545
0.5701712182194475
0.570174582329162
0.5701776541162428
0.570180819238117
0.570184515047037
0.5701899931283172
0.5701959963422657
0.5702008839861633
0.5702056191103804
0.570210491244929
0.5702157687906443
0.5702208117243293
0.5702277359354728
0.5702336135337032
0.570238094124092
0.5702435710465048
0.5702479439288046
0.5702530096024052
0.5702569530436271
0.5702617301654997
0.5702665797131672
0.5702709440932705
0.5702748458008419
0.5702787038586475
0.5702828312667586
0.5702865929654457
0.5702898387699816
0.570292634309527
0.570295045943431
0.5702971541268789
0.5702990359739172
0.5703007538962905
0.5703023594742145
0.570303898180742
0.5703054147031397
0.5703069610531252
0.5703086107909012
0.570310500308386
0.5703130480173312
0.5703154985508705
0.5703179226911337
0.570320209651169
0.5703225141902665
0.5703249756157207
0.5703277122456808
0.5703308727760585
0.5703346465078156
0.5703393073181728
0.5703444976479219
0.5703485372789008
0.5703520084031763
0.570355188917248
0.5703581970576543
0.5703612537424482
0.5703646681154156
0.5703682297252051
0.5703717698727051
0.5703755284178822
0.5703792380072814
0.5703831197740735
0.5703874414662375
0.570391596769874
0.5703958065907448
0.5704004033582656
0.5704056887454287
0.5704080135409793
0.5704101518591725
0.5704123732509933
0.5704141898610856
0.5704168025740662
0.5704187670759059
0.5704207819383345
0.5704235624504486
0.5704271971957773
0.5704310432681777
0.570435356706894
0.5704398867646975
0.5704436627044329
0.5704470632357658
0.5704503657886606
0.5704537807135094
0.5704574685283373
0.5704608776859973
0.5704640176640426
0.5704671051778218
0.5704703792865625
0.5704741315891287
0.5704791214772248
0.5704845067040525
0.5704898543836582
0.5704939366297892
0.5704989542982319
0.5705036163042112
0.5705081256067508
0.5705135624186841
0.5705176868646488
0.570521137080962
0.5705246786703593
0.5705281958793448
0.5705320119872346
0.5705367416150336
0.5705439891207249
0.570551949607809
0.5705593849588564
0.5705667529039967
0.5705745583212086
0.5705829501483651
0.5705917192751567
0.5706013260054891
0.5706111767498102
0.5706212466815428
0.5706323251925349
0.5706455818066165
0.570661800366536
0.5706837489360879
0.5707159362460241
0.5707601804631054
0.570823213607351
0.570876669088796
0.5709162537142232
0.5709536984243605
0.5709916216776898
0.5710333111618532
0.5710824991767107
0.5711427306269445
0.5712186110463201
0.571318161666006
0.5714579188832348
0.5716564977864013
0.5718848954497157
0.5721472671600115
0.5724512063791565
0.5728046601950251
0.5732191494101508
0.5737071992964639
0.5742832665153081
0.5749652949129654
0.575776787131131
0.5767542808054741
0.5779278239653902
0.5793586894692446
0.5799
0.5799025692100581
0.5799077076301744
0.579917984470407
0.5799262797827971
0.5799344309345218
0.5799429303251779
0.5799526160374039
0.5799617567280605
0.5799706233565248
0.5799791442744051
0.5799866490164631
0.5799937623524389
0.58
0.5800025692100581
0.5800056406905034
0.5800113426762196
0.5800195980512851
0.5800284748848612
0.5800388935480911
0.5800496357363522
0.580060549275062
0.5800723403033674
0.5800853422977919
0.580100358869482
0.5801188812688087
0.580142271275341
0.5801728463966345
0.5802089284162334
0.5802505553616112
0.5802987560858003
0.5803546428497955
0.580419619834972
0.5804953375795102
0.580583058937734
0.5806852282254353
0.5808046716226333
0.580945991108913
0.5811132813502181
0.5813242219524288
0.5815780779167801
0.5818782949720385
0.5822341894602863
0.5826752766452857
0.5832337118130382
0.5839807120868765
0.5850613047923845
0.5868605217414625
0.5888084271162333
0.5899
0.5899019897164622
0.5899059691493868
0.5899139280152358
0.589920687541827
0.589928685152349
0.5899380002125794
0.5899497183122366
0.5899612008183491
0.5899710795262944
0.5899809943115569
0.5899883758303982
0.5899942077134572
0.5899971038567287
0.59
0.5900019897164622
0.5900043179402537
0.5900074955533819
0.5900124103265852
0.5900200634508556
0.5900261382045202
0.5900320794409388
0.5900385712603663
0.5900460470675881
0.590053323278387
0.5900599171591434
0.590066132449965
0.5900723470293852
0.5900795825448684
0.5900835527798163
0.5900880585343955
0.5900918182221171
0.5900950840071457
0.5900984796142035
0.5901026857786754
0.5901067641841172
0.5901108662295842
0.590114862328203
0.5901191800848634
0.590124284575476
0.5901308436990201
0.5901376364390153
0.5901444262137527
0.5901517486995527
0.5901604362681275
0.5901692747426462
0.5901769897586089
0.5901846541373759
0.5901929017543657
0.590201917833519
0.5902126095722717
0.5902232177920278
0.5902345393561209
0.590247771805298
0.5902646421315058
0.5902836965907851
0.5903020751728313
0.5903210105052348
0.5903416144096644
0.5903643779496316
0.5903865701885486
0.5904066850594832
0.5904361677108785
0.5904576421725447
0.5904824337534011
0.5905158192778309
0.5905825903266905
0.5906546585678113
0.5907127492805666
0.5907327020119146
0.5907502952141059
0.5907640919366628
0.5907791770271372
0.5907923122659126
0.5908079271695001
0.5908232862124935
0.5908349959924125
0.5908472615476806
0.5908625038791346
0.5908715496430844
0.5908814700439294
0.5908895452689624
0.5908979678849139
0.590906574994656
0.5909154761088978
0.5909268384415852
0.5909457048864059
0.5909777388245578
0.5910136487135667
0.5910538122581884
0.5910996520213525
0.5911521717922005
0.5911742815437272
0.5911968171509061
0.5912185946771188
0.5912403067534354
0.5912620035258249
0.5912818582418141
0.5913031303117647
0.5913283314538492
0.591361955140272
0.5914024445969521
0.5914429223860209
0.5914816177363776
0.5915157502752798
0.5915445751437457
0.5915711981508106
0.5916014570620325
0.5916330540041128
0.5916606815402331
0.5916883890353102
0.5917184533405392
0.5917456245689371
0.5917718426249742
0.5918003812463457
0.5918320434928355
0.5918586201861068
0.5918782353244345
0.5918952648664938
0.5919117564863479
0.5919302335120037
0.5919345159780491
0.59194308091014
0.5919540576931234
0.5919622431896278
0.5919690832991946
0.5919762991539302
0.5919839457807955
0.5919913890441835
0.5919971203141057
0.5920013041125289
0.592005408699838
0.5920096291719198
0.5920147078855319
0.5920189734710303
0.5920237397511936
0.5920307899995568
0.5920396906457966
0.5920467473871424
0.5920520295894649
0.5920566800171865
0.592061994744252
0.5920670769870265
0.5920720420497224
0.592077068816937
0.5920826717265782
0.5920898055232886
0.5920989799630124
0.5921066682208369
0.5921130580547284
0.592118912310992
0.5921247869537972
0.5921320820734155
0.5921376451791411
0.5921434105781491
0.592148546943561
0.5921531851413685
0.5921575726433409
0.5921618375973142
0.592166282071518
0.5921716361794518
0.5921763922395693
0.5921817722182319
0.5921867210702887
0.5921917309718339
0.5921972704995876
0.5922037313519032
0.5922119289471226
0.5922225830297732
0.5922378495482915
0.592262654100797
0.5923033045268611
0.5923705916437657
0.5924462742665563
0.5925313171900536
0.5926286899351543
0.5927404910833199
0.5928703626934222
0.5930219041156832
0.5931006394998549
0.5931763140992591
0.5932682164801211
0.5933539298292346
0.5934334720890023
0.5935335482025712
0.593709468886533
0.5940109211572532
0.5943547246319997
0.5947493642489837
0.5952072314736675
0.5957387097218144
0.5963636468916732
0.597103688702342
0.5979837032452282
0.5990325333855814
0.5999
0.5999026569275179
0.5999079707825536
0.5999185984926252
0.5999288486460734
0.5999389616908547
0.5999506114872523
0.5999647734924033
0.5999779918621861
0.5999889959310931
0.6
0.6000026569275179
0.6000079707825536
0.6000149489134282
0.6000228319915322
0.6000299372557998
0.6000361361394664
0.600041908860175
0.6000477914352148
0.6000550702276679
0.6000613183098399
0.6000677077070345
0.6000736514620048
0.6000794459287394
0.6000851301965687
0.6000903273881614
0.6000948559339808
0.6000989127745139
0.600102868060819
0.600107360038745
0.6001114883172635
0.600116187957393
0.6001204078373414
0.6001246507734227
0.6001293212071176
0.6001347584462107
0.6001416298559615
0.6001481109307147
0.6001550115222238
0.6001615316691393
0.6001680755882335
0.6001759435338414
0.6001815779357766
0.6001878702009782
0.6001933163636282
0.6001981371721562
0.6002027622829293
0.6002074098287701
0.6002125860274485
0.6002202068903494
0.6002271907254692
0.6002327605979991
0.6002383581526693
0.6002443840659352
0.6002516417882447
0.6002606886178768
0.6002731043701355
0.600291368553636
0.6003211462194612
0.6003513978978142
0.6003821281842988
0.6004151624205272
0.6004517945611544
0.6004954533697175
0.6005487162847601
0.600618944982209
0.6006818736072509
0.6007358204569052
0.6008032092526786
0.6008680888085786
0.6009253102819957
0.600988859207766
0.6010767469524072
0.6012157667329243
0.6014464009040931
0.6017115742185025
0.6019434930858522
0.6021381149077885
0.6023315641199518
0.6025162950672165
0.6027487725283295
0.6030285845447179
0.6035882085774946
0.6042724852156203
0.6050511965125808
0.6059514795258685
0.60699052968648
0.6082021689793699
0.6096238302690938
0.6099
0.6099055824754496
0.6099167474263487
0.609939077328147
0.6099550067170406
0.6099731602427603
0.6099865801213802
0.6099932900606901
0.61
0.6100055824754496
0.6100119128514843
0.6100208198415857
0.6100351365502285
0.6100488084728364
0.610065037217884
0.610083997587533
0.6101052365612667
0.610133104108898
0.6101663370411432
0.6102051354761603
0.6102505132920419
0.6103035109667792
0.6103655798925534
0.6104384263002554
0.6105233569556259
0.610617708066319
0.6106969703931373
0.6107647649902306
0.6108277555162778
0.6108919578293787
0.6109725564063554
0.6110286192008574
0.6110887221353012
0.6111398640670298
0.6111830980377198
0.6112227907956715
0.6112615142817059
0.6113043220186549
0.611372985543606
0.6114255284403544
0.6114692308548189
0.6115145680191082
0.6115642497882072
0.6116264281043534
0.6117067481796469
0.611778274831401
0.6118679229150066
0.6119519624471497
0.6120282080281145
0.6121048530542611
0.6121885218388884
0.6122933082215329
0.612414998121451
0.6125400705558026
0.61265514338607
0.6127746954415271
0.6129080656060388
0.6130702624199599
0.6132761906640406
0.61356479541031
0.6140124563841571
0.6146498734715293
0.6153833258588329
0.6162310486419774
0.6172312977369536
0.6184163462418636
0.6198718260122191
0.6199
0.619901599219163
0.619904797657489
0.6199108531365684
0.6199176227139278
0.6199267632398677
0.61993764688228
0.6199514640050537
0.6199676536108374
0.6199733405585884
0.619980982174737
0.6199845906400906
0.619988251896505
0.6199915999044254
0.6199946807456674
0.6199981501550386
0.62
0.620001599219163
0.6200029853850253
0.6200045592843021
0.6200074109676706
0.6200108918980722
0.620013889855527
0.620016377072234
0.6200183300025014
0.6200201020153903
0.6200223323742272
0.6200248309615465
0.620026760304656
0.6200287349416427
0.6200309515885483
0.6200336781811232
0.6200374190880595
0.6200411396116097
0.6200441012618477
0.6200468851017974
0.6200504137503698
0.6200539193278434
0.6200568920252665
0.6200596295169148
0.6200624013022861
0.6200657715327069
0.6200693254451991
0.6200722406419877
0.6200748119596425
0.6200772193297056
0.6200794755607381
0.6200816207719673
0.620083738857164
0.6200860142808332
0.6200890693007565
0.6200920609455763
0.6200944924121795
0.6200968565762367
0.6200993680380305
0.6201022523974797
0.6201058289747569
0.6201094251246346
0.6201126015747861
0.620115578401209
0.6201186531902343
0.6201217493025573
0.6201246089505746
0.6201279975510496
0.6201310993628444
0.6201339078146437
0.62013708312814
0.6201404091549514
0.620143711570094
0.620146959911458
0.620150342958317
0.6201539161334008
0.6201571105627476
0.6201599973480526
0.6201635692190792
0.6201668931559957
0.6201699342462702
0.6201734684068729
0.6201779496568975
0.6201841823992336
0.6201890307392306
0.62019315191236
0.620196939317735
0.6202004676587706
0.6202040017894376
0.6202059561903577
0.6202076322726069
0.6202092371154972
0.6202108968831748
0.6202126440503588
0.6202143091551481
0.6202160733078159
0.6202182527644762
0.6202213109983916
0.6202253787140338
0.6202302541375612
0.6202353189931147
0.6202407801639483
0.6202469291388572
0.6202526934718687
0.6202580075262245
0.6202635460571311
0.6202704226571771
0.6202793314230175
0.6202876192244438
0.620295493887933
0.6203038947032192
0.6203131625722165
0.6203198393009093
0.6203250616879815
0.6203299770188024
0.6203356494813584
0.6203404504595708
0.6203454609464489
0.6203501306952057
0.620354753188818
0.6203595161259515
0.6203644055797427
0.6203694453502951
0.6203748388528818
0.6203813838291139
0.6203868991140563
0.620393268245522
0.6203990915233717
0.6204049012032515
0.6204112433844853
0.6204185059062606
0.6204274667790116
0.6204388144952812
0.6204508191385374
0.6204652149379989
0.6204789784249579
0.620493470871872
0.6205106158480216
0.6205304821543214
0.620555613169491
0.6205791971644382
0.6206026609637122
0.6206276332526218
0.6206510164321393
0.6206771614019104
0.6206970386293594
0.6207051983947371
0.6207132174763025
0.6207221141571251
0.6207305581639758
0.6207383433130736
0.6207480889671014
0.6207613247619154
0.6207782093700621
0.6207999211872258
0.6208275187925473
0.6208493764522076
0.6208690017536673
0.6208917648715168
0.6209319375972586
0.6209624745481059
0.6209916204311595
0.6210266053344551
0.6210656848446178
0.6211204480461454
0.6212113168518465
0.6213235108540219
0.6213740989669057
0.6214319459421056
0.6214551987271203
0.6214828796300897
0.6214970161085646
0.6215120371741482
0.6215245062424379
0.6215340230003759
0.6215422674284281
0.6215502399695759
0.6215591151935831
0.6215653837642098
0.62157013390679
0.6215746047205597
0.621579444495623
0.6215847180781067
0.6215903618960413
0.621595906852271
0.6216015132678313
0.6216076820421649
0.6216146408102392
0.6216214386732347
0.621628170494754
0.6216346190799834
0.62164147526877
0.6216488165352978
0.6216568901703731
0.6216662284186883
0.6216751252833352
0.6216846495953792
0.6216955069746518
0.6217068595788783
0.6217196326335475
0.6217351557750874
0.621754797525337
0.6217758230140501
0.621797856513637
0.6218219032141635
0.6218490951012589
0.6218632722591656
0.6218694884536637
0.62188192084266
0.6218908473837205
0.6218971072358427
0.6219035727779424
0.6219100877218946
0.6219171516156969
0.6219260760689994
0.62194026610715
0.6219605265095759
0.6219818597453558
0.6220094299218272
0.6220463219806387
0.6220818641244806
0.6221259212350151
0.6221891452257139
0.6222601590687606
0.6223478505187034
0.6224559015708417
0.6225830599153481
0.622751421355007
0.6230088939628673
0.6235238391785878
0.6241914946502656
0.624940540677533
0.6257998941242836
0.6267992145258519
0.6279964898623681
0.6294118912105727
0.6299
0.629902057062319
0.6299061711869571
0.6299143994362333
0.6299227135204362
0.6299319092095013
0.6299423789480678
0.6299557065216141
0.6299673519804275
0.6299779832448199
0.6299896351501427
0.6299948175750714
0.63
0.630002057062319
0.6300053425769517
0.6300107846509245
0.6300180608245209
0.6300245769142329
0.6300307959207084
0.6300371361512452
0.6300443292153807
0.6300515122978496
0.6300595602453821
0.6300666091691375
0.6300736629134045
0.6300813934644331
0.6300903929632239
0.6301017101251308
0.6301130421248123
0.6301237809959837
0.6301349817721025
0.6301498180097118
0.6301620537155073
0.6301712451448805
0.630179311132793
0.6301868649198565
0.6301945916825018
0.6302036598917459
0.6302137116967121
0.6302245300952297
0.6302339826357812
0.6302435100437015
0.6302539167728306
0.6302663395762733
0.6302816355476436
0.6303022543338088
0.630331982771785
0.6303794255897569
0.630443070497097
0.6305184748331023
0.63060314840917
0.6306278863763992
0.6306773623108577
0.630691540744617
0.630707043183692
0.6307231722164282
0.6307348589272116
0.6307476460560563
0.6307604079498255
0.6307710325085295
0.6307827483239171
0.6307975426367664
0.6308055266917156
0.6308139419730433
0.6308215507667978
0.6308292417990098
0.6308370735847052
0.6308454085422401
0.6308568815188293
0.6308738378932688
0.6309040392599414
0.6309380283069839
0.6309596290866382
0.6309839782483976
0.6310023221928822
0.6310204222694926
0.6310422830242178
0.631058950157453
0.6310752819342498
0.6310937003715519
0.6311098466217743
0.6311269723853437
0.6311507437706413
0.6311804608256232
0.6312048664106457
0.6312311525752151
0.6312562449759163
0.631280929021306
0.6313135150601078
0.6313389104139099
0.6313669545988072
0.6314083997542607
0.6314750441624025
0.631555916920465
0.6316476027263872
0.6317522745313748
0.6318722324942125
0.632011028700177
0.6321089022118176
0.6322136565928105
0.6323203481481066
0.6324153134780806
0.6325313073639341
0.6327632951356413
0.6330686155324935
0.6333057494320495
0.6334875466167234
0.6336492496799068
0.6338294218967379
0.633947508072141
0.6340665415435401
0.6341768221593566
0.6342897380493847
0.6344315487002572
0.6345784741325725
0.6347355515581073
0.6348864601467883
0.635047618626433
0.6352340023294288
0.6354731105461955
0.6357888010994057
0.6362618572760954
0.637039156271892
0.6379679230097024
0.6390894042113525
0.6399
0.6399021060647778
0.6399063181943334
0.6399147424534446
0.6399242234191662
0.6399333763396058
0.6399450971672408
0.6399589183274499
0.6399746144226652
0.6399873072113327
0.6399936536056663
0.64
0.6400021060647778
0.6400049235511484
0.6400105585238894
0.6400218284693716
0.6400328821730878
0.6400445949261162
0.6400565252626828
0.6400675294428225
0.6400780383115554
0.640088937063867
0.6401024846204871
0.6401182031145457
0.6401301619992894
0.6401416216519853
0.6401538405783902
0.6401677686391981
0.6401848814688342
0.6402010831691965
0.6402169662545334
0.6402352698107046
0.6402547584646442
0.6402693909879736
0.6402812309342685
0.6402919787928284
0.6403025972220603
0.6403147229278909
0.6403270121294212
0.6403403597628398
0.6403536480234276
0.6403671224219013
0.6403821693175142
0.640399936075561
0.6404163828758933
0.6404317229070736
0.6404469143451714
0.6404621199222846
0.6404803852932501
0.6405001341193481
0.640514164122217
0.6405257588828962
0.6405364179287448
0.6405468236247702
0.6405583473921812
0.6405750728761187
0.640591177030749
0.6406039781660515
0.640616855962342
0.6406308941169104
0.6406475605214976
0.6406698666036126
0.6406968509147629
0.6407191367609749
0.640736356226246
0.6407517852980782
0.6407672384471692
0.6407858023384821
0.6408059552466728
0.6408261176928057
0.6408451946982068
0.6408655167533214
0.6408889331627177
0.6409177553716248
0.6409567203432941
0.6409977326524716
0.6410377987660462
0.6410854651748376
0.6411302956139002
0.6411739810063958
0.6412198639298741
0.6412712246335585
0.6413375981656316
0.641419429142974
0.6414877647236581
0.641552828315904
0.6416209986628858
0.6416968814591507
0.6417899748274676
0.6419076730661207
0.6420708075405704
0.6423171993314916
0.642516826693299
0.6427151413530987
0.6429565200263255
0.6431537268471321
0.6433758968268191
0.6438202367861929
0.6444311794698605
0.6451352252133924
0.6459436602579278
0.6468768687250457
0.647972775011955
0.64929695300379
0.6499
0.649901475980101
0.6499044279403028
0.6499103318607065
0.6499168183159219
0.6499286897142065
0.6499440716435972
0.6499621327716899
0.6499675168901855
0.6499745177130425
0.6499781616899727
0.6499817536856226
0.6499851633942663
0.6499885198615913
0.6499927052994436
0.6499963526497219
0.65
0.6500014759801009
0.6500031837568939
0.6500054207278917
0.6500091488949616
0.6500121390639876
0.6500142556198004
0.6500160587166575
0.65001801939685
0.6500198581734231
0.650021778375148
0.6500236627476751
0.6500257173095932
0.6500281502881422
0.6500312555010812
0.6500355825775742
0.6500411997201867
0.6500454636616847
0.6500486813503312
0.6500514506777295
0.6500540649269164
0.6500569955172801
0.6500612503074531
0.6500642688122313
0.6500667616894853
0.6500691030019885
0.6500712628195074
0.6500733158925637
0.6500753481022029
0.6500775242010607
0.6500804011098822
0.6500836643561136
0.6500860349612352
0.6500883073823227
0.6500907257554925
0.650093493483925
0.6500969604629248
0.6501015723512155
0.6501081132802347
0.6501165769803197
0.6501233549671482
0.6501288967808494
0.6501339274012764
0.6501389251077843
0.6501450408593324
0.6501498531613241
0.6501549147649784
0.6501594423847883
0.6501635824588051
0.6501675183981216
0.6501713084334111
0.6501751477189488
0.65017945693758
0.6501862558853072
0.6501915531711104
0.6501958796344275
0.6502002959491565
0.6502050538714967
0.6502108442441398
0.6502181144829138
0.6502281131193112
0.6502428266261739
0.6502669103748088
0.6503144790643806
0.6503764089677165
0.6504571965822711
0.6505549210886384
0.6506662357973747
0.6507946019145532
0.6509437669045666
0.6511181356662955
0.6513228600385363
0.6515635244000787
0.6518461164063258
0.6521758056425998
0.6525610085418537
0.6530118979769339
0.6535408233698315
0.6541610900892254
0.6548880365339377
0.6557457038865234
0.6567731051696636
0.6579892367479363
0.6595010595223014
0.6599
0.659902143118518
0.659906429355554
0.6599150018296259
0.6599233250986012
0.6599332637003563
0.6599451865834393
0.6599595942440067
0.6599740859885925
0.6599831538780784
0.6599891880912901
0.6599955978466002
0.66
0.660002143118518
0.6600048095000962
0.6600081361022788
0.6600119094146158
0.6600178072985141
0.6600220613010871
0.6600260092825505
0.6600302236859936
0.660034846665991
0.6600398209938106
0.6600439494307488
0.6600469095974835
0.6600495024062959
0.6600526948360921
0.6600562333738043
0.6600589740125042
0.6600617951640695
0.660064978195619
0.6600689326851648
0.6600744243172558
0.6600821400518149
0.6600877286569955
0.660091646080355
0.6600950215302238
0.6600982901369943
0.6601022279656277
0.6601068138884695
0.6601108195322675
0.6601145233482075
0.6601179123359655
0.6601210686529395
0.6601240563210482
0.6601269443000539
0.6601299014095383
0.6601333318820478
0.6601369424612391
0.660140674737781
0.6601439645695683
0.6601472605606529
0.660150881875326
0.6601544732433441
0.6601579560445655
0.6601623386198694
0.6601674375620735
0.6601728963889294
0.660180740053298
0.6601846406100264
0.6601884804860483
0.6601922930784649
0.6601962706240988
0.6602000833078031
0.6602039752994341
0.6602085863555107
0.6602148037498737
0.6602210387878712
0.6602262805149972
0.6602309952240569
0.6602353806537342
0.6602396529920374
0.6602441936987209
0.6602477733008432
0.6602498696297316
0.66025222896458
0.6602541747585312
0.6602571146290116
0.6602592164827961
0.660261352149633
0.6602639616492154
0.6602675845327288
0.6602724998446918
0.6602788106801979
0.660285731730851
0.6602928419816128
0.6602997677286495
0.6603073142175802
0.6603166885606133
0.6603263629212032
0.660335283762839
0.6603444275300416
0.6603544061181136
0.6603659303505811
0.6603802940068882
0.660396218124684
0.66041039955018
0.6604234630907269
0.6604313118274634
0.6604399147446244
0.6604465029550185
0.6604518435246436
0.6604572294075525
0.6604645257187746
0.660471052286155
0.6604761114699552
0.6604809531165742
0.6604857589598956
0.6604906474557776
0.6604957448800141
0.660501279728019
0.6605081798332811
0.6605141502834841
0.6605205417405137
0.6605264791973143
0.6605324858738167
0.6605390649213293
0.6605468487611507
0.6605562158802064
0.6605684433581656
0.6605853625480953
0.6606090498008398
0.660629691296982
0.6606510610908106
0.6606810374299541
0.6607034012422441
0.6607252867317471
0.6607494999906612
0.6607729632471481
0.6607995658250075
0.6608185642068687
0.6608368705609275
0.6608609389472775
0.6608868552640739
0.660911238914282
0.6609376297771233
0.6609700988762105
0.6609974763722967
0.6610087931937655
0.6610242061793765
0.6610346372225331
0.6610450007397106
0.6610560464272133
0.6610694371164522
0.6610802279961343
0.6610922287795156
0.6611099169724964
0.6611316479129543
0.66115967357201
0.6611953975889686
0.6612406008538754
0.6612886483970406
0.6613326681735756
0.6613817500798851
0.6614538014311464
0.6615190528537355
0.661584545120681
0.661665770515215
0.6617667420349669
0.6619261043149668
0.6622448288749666
0.6626779039277723
0.6631625519634021
0.6637128699749976
0.6643433881024798
0.6650755173404546
0.6659390092552974
0.6669686875161712
0.6682098664908137
0.6696822534958721
0.6698999999999999
0.6699034232045114
0.6699102696135342
0.6699239624315798
0.6699361678818592
0.6699507090553153
0.6699677578469877
0.6699838789234939
0.669991939461747
0.6699959697308735
0.67
0.6700034232045115
0.6700064453797225
0.6700124897301447
0.6700236989931607
0.6700348570622697
0.6700477227572281
0.6700644352609163
0.670082215854184
0.670103649772733
0.6701336173860974
0.6701861673164833
0.6702621117021623
0.6703519831972847
0.6704671751492317
0.6706326069935211
0.6709235165677702
0.6715053357162682
0.6725296241864293
0.6745782011267513
0.6775792038921271
0.6799
0.6799038931647866
0.6799116794943599
0.6799272521535066
0.6799411694380992
0.6799554829234226
0.6799744800197501
0.6799872400098751
0.6799936200049376
0.68
0.6800038931647867
0.6800080229191421
0.6800162824278528
0.6800319201620729
0.6800452165095054
0.6800594921154499
0.6800763224910901
0.6800964186527637
0.6801196536266167
0.6801460805687028
0.6801756114330041
0.6802105772811223
0.6802540554050991
0.6803128933972833
0.6804019234073461
0.6804761779257055
0.6805142373755955
0.6805407428857043
0.6805599831529633
0.6805813259489798
0.6805968210946759
0.6806077167596135
0.680616226347601
0.6806232776825433
0.6806298735410428
0.6806377889664137
0.680642363374689
0.6806471012798548
0.680651280623783
0.6806551261833509
0.6806592364896745
0.6806644219649101
0.6806697903529556
0.6806748397835356
0.6806796433778909
0.6806847007081933
0.6806904086322957
0.6806970503931459
0.6807035392812626
0.6807099962960844
0.680716088402729
0.6807223880004234
0.6807293228156529
0.6807367456268124
0.6807458983985297
0.6807543371398885
0.6807630936953077
0.6807731214071582
0.680783699501156
0.6807953788921121
0.6808093461458681
0.6808267602287805
0.6808474537845802
0.6808686323316218
0.6808910904937724
0.680915828847594
0.6809231211103259
0.6809311237876453
0.6809366106503312
0.6809422472593912
0.6809479306987092
0.6809554669425497
0.6809611370815901
0.6809672071874392
0.6809762818687684
0.6809918876144684
0.6810106787911051
0.6810302260498518
0.6810557966311466
0.6810930189725335
0.6811259809622985
0.6811665968859089
0.6812235711703296
0.6813314420428804
0.6814779752782353
0.68173096783042
0.6822369529347894
0.6832489231435281
0.6850450704914666
0.6872079227542414
0.6899
0.6899017629861767
0.6899052889585301
0.6899123409032369
0.6899199202534372
0.689927758346701
0.6899367548537965
0.689948186455468
0.6899577284266409
0.6899664367689171
0.6899756806507696
0.6899865799456106
0.6899932899728054
0.6900000000000001
0.6900017629861768
0.6900045873239673
0.6900091085929088
0.6900143326411724
0.6900188958176345
0.6900231744576838
0.690027516732079
0.690032638246833
0.6900370796584662
0.6900421028276614
0.6900467689829377
0.6900515323045333
0.690056839046977
0.6900630510089215
0.6900710125505101
0.6900781526694996
0.6900845384873503
0.6900905658866191
0.6900966777659114
0.6901040847596712
0.6901090755159534
0.6901147758059902
0.6901195374803383
0.6901235513317491
0.6901273248348616
0.6901311331649818
0.6901355999137203
0.6901401162268139
0.690145022083613
0.6901494630066467
0.6901540031847223
0.6901590679483357
0.6901651124876952
0.6901728045866499
0.6901834917855431
0.6901974644217587
0.6902113476148113
0.6902255442802011
0.6902409379777299
0.6902584029807877
0.6902795923532363
0.690303140912088
0.6903203397541291
0.6903368705489353
0.6903572637771299
0.6903739585452496
0.6903934016788338
0.6904094066015354
0.6904229408683813
0.690436084633461
0.6904504056208389
0.6904701235911272
0.6904901870617066
0.6905067006825721
0.6905236368284441
0.6905425075188012
0.6905653418650487
0.6905961371461772
0.6906363310967011
0.6906467129377104
0.6906670698239328
0.690682327646642
0.6906940316485152
0.6907071201585657
0.6907186859244289
0.6907293334022384
0.6907417813158372
0.6907580384618726
0.6907658803534877
0.6907733182177646
0.6907827305880657
0.6907915996185786
0.6907997774151815
0.6908098213096798
0.6908258095359985
0.6908554379234049
0.6908889176197924
0.6909088527889078
0.6909317028059547
0.690949466229185
0.6909675189821056
0.690983688961209
0.690999786644008
0.6910156167876109
0.6910334083933468
0.6910475048086447
0.6910604569358888
0.6910771227021645
0.6910949366673816
0.691109136642526
0.6911242759147348
0.6911420061212824
0.6911595435272996
0.691174086495438
0.6911870184319509
0.6911997759106184
0.6912149356542617
0.691226275993473
0.6912382143765495
0.6912485578228638
0.6912577925796312
0.691266731909938
0.6912759433209061
0.6912868114420495
0.6912976335519747
0.691309640681312
0.6913204306164492
0.6913313824369518
0.6913435183174129
0.6913578318592865
0.6913764278196256
0.691398966758433
0.6914165975100046
0.6914341547660569
0.6914534785923591
0.6914771192737289
0.6915075396378458
0.6915375164104136
0.691562989669659
0.6915864132574163
0.6916107392338792
0.6916330044346375
0.6916579188958027
0.6916771793762603
0.6916941457875503
0.6917109063664766
0.6917288019576748
0.6917517634032593
0.6917736959337452
0.6917962429943839
0.691817795107127
0.6918403507160994
0.6918658129749716
0.6918969970706872
0.6919364935043659
0.6919913403701415
0.6920705652414112
0.6921476529903404
0.6922151486932244
0.6923053131109477
0.6923804312881064
0.6924585763643976
0.6925757845649961
0.6927202657633645
0.6928513917944716
0.6929863395532058
0.6931346045687853
0.6933106631156356
0.6935301312785402
0.6938249378118246
0.6940774293557797
0.6943504952732098
0.6947812924585164
0.6953851822892277
0.6961472193496911
0.6970316940690482
0.6980306118887432
0.6991095115743999
0.6999
0.6999016842328788
0.6999050526986365
0.6999117896301518
0.699919384561823
0.6999307151412221
0.6999419496538126
0.6999526345820654
0.6999633080622959
0.6999743884387106
0.6999806757344156
0.6999879646856219
0.6999934721203478
0.699996736060174
0.7000000000000001
0.7000016842328789
0.7000040956715227
0.7000067208064928
0.700011130137814
0.7000158579237551
0.7000199838043181
0.7000242608149571
0.7000289412685246
0.7000341235324988
0.7000390995279625
0.7000426744235264
0.7000454062674833
0.700048177253806
0.7000506952523017
0.7000532047384265
0.7000559099011198
0.7000588100374016
0.7000620632474421
0.7000650481794679
0.7000681704215985
0.7000717492835951
0.7000754365829589
0.7000791584225853
0.7000823363349159
0.7000851535122384
0.7000879067194671
0.7000910121035601
0.7000947223517876
0.7000977618925567
0.7001005828462754
0.7001036183861057
0.7001064130095712
0.7001092669032759
0.700112621808249
0.7001158750643415
0.7001189631934772
0.7001219157513353
0.700124827596537
0.7001279740485109
0.7001323009459167
0.7001357537251439
0.7001385752861975
0.7001417844424528
0.7001451897630142
0.7001481570095189
0.70015155460349
0.700155492786984
0.7001591521632194
0.7001625850072956
0.7001659043370053
0.7001692821513424
0.7001731653795362
0.7001775296621843
0.7001802464075264
0.7001819945601891
0.7001839305823372
0.7001855143172484
0.7001877289412314
0.700189431701348
0.7001911582163278
0.7001932776066477
0.7001961213362056
0.7002000681970211
0.700205168073378
0.7002111303582278
0.7002172763693603
0.7002224833211779
0.7002274199905135
0.7002328436961733
0.7002404314190711
0.7002489609211412
0.7002564014659828
0.7002638488857557
0.7002719342908031
0.7002812251248022
0.7002906764280419
0.7003005745083237
0.7003115471926921
0.7003226727155888
0.700332205283823
0.7003424450008897
0.7003488581750189
0.7003554929572382
0.7003609384525258
0.7003657033273075
0.7003709386934152
0.7003755291155722
0.7003809135646176
0.7003856476473274
0.7003902187084253
0.7003949091777774
0.700399716357244
0.700404661030002
0.7004098403831708
0.7004156979929771
0.700424816413949
0.7004319763623353
0.7004377377234707
0.7004435479668691
0.7004497320058073
0.7004571409644842
0.7004662658301921
0.700477724042446
0.7004906619949942
0.7005036372245508
0.7005161440129196
0.7005289796059327
0.700544069356822
0.7005642670879259
0.7005810552518629
0.7005951246602343
0.7006096955881382
0.7006296479434062
0.7006508797506222
0.7006710511226583
0.7006854555853318
0.7006930593504676
0.7006998230313467
0.7007064624146125
0.7007132401159785
0.7007206074449972
0.7007271061590734
0.7007344949866514
0.7007453779731897
0.7007589139162071
0.7007763196018647
0.700798439044297
0.7008232590014615
0.7008501536459155
0.7008799765288086
0.7009165183772282
0.7009632599090194
0.7010302739203768
0.7011294967766256
0.7012639901945882
0.7013058729497513
0.7013896384600776
0.7014108567986559
0.7014532934758124
0.7014611431241149
0.7014768424207198
0.7014916032755927
0.7015050593253723
0.7015180481873231
0.7015293056605861
0.7015410111541415
0.7015499228784507
0.7015596822102943
0.7015665231956372
0.7015757709263406
0.7015836211304379
0.7015910092869224
0.7016005008083123
0.7016169835690962
0.7016460750174126
0.7016786687638272
0.7017151227265943
0.7017568145123749
0.7018045273314852
0.7018597921436686
0.7019242306028408
0.7019993901815157
0.7020863275878008
0.7021870451302912
0.7023038552339879
0.7024394315328147
0.7025968983349183
0.7027798752425736
0.7029925296401943
0.7031413641811489
0.7033045952546837
0.7033640384463894
0.7034409243816258
0.7034701874459193
0.7035067478835101
0.7035245357646223
0.7035440751249917
0.7035601927996954
0.7035721331673384
0.7035824372188354
0.7035919916345048
0.703598023328197
0.7036043662623199
0.7036099464915038
0.7036155764474764
0.7036213269384451
0.7036275599962583
0.7036347235095333
0.7036416940473982
0.7036492092390083
0.7036567312005673
0.7036638914742707
0.7036708483166095
0.7036780243805497
0.7036859299722509
0.7036966958958701
0.7037063542116497
0.7037158924434238
0.7037261657396591
0.7037371628772493
0.703750227114647
0.7037667835741881
0.7037876298409742
0.7038089627615706
0.7038314562583823
0.7038560967109292
0.7038848000240823
0.703918680462848
0.7039265703520634
0.7039351027864981
0.7039413370391948
0.7039473291855012
0.7039548116623943
0.7039614756282102
0.7039676721538247
0.7039759307257702
0.7039870568113078
0.7040076895268155
0.7040277893502029
0.7040520109439098
0.7040865850597221
0.7041204787626145
0.7041594712162371
0.7042133658518522
0.7042803369045919
0.7043661841676594
0.7045122711179591
0.7048044450185585
0.7052407463742757
0.7059522049542298
0.7067606696249218
0.7076759486110177
0.7087398091368035
0.7099
0.7099016842328788
0.7099050526986365
0.7099117896301518
0.7099213449627734
0.7099296982644335
0.7099387701016825
0.7099506021429068
0.7099612927793031
0.7099705851239805
0.7099804903293082
0.7099917070549739
0.71
0.7100016842328788
0.7100050526986365
0.7100107596249136
0.7100210040899902
0.7100315715965027
0.7100406335187955
0.7100489294013559
0.710057195616144
0.7100671010816605
0.7100779453155205
0.7100869582863626
0.710095339514627
0.7101040987487786
0.7101138925960182
0.7101245716690548
0.7101338519212563
0.7101405275483348
0.7101461885548146
0.7101527905213096
0.7101612383715836
0.7101673108449985
0.7101734509965253
0.7101803323406192
0.7101883964614992
0.7101969502494283
0.7102047816846884
0.7102121883949776
0.7102197519650849
0.7102285381652665
0.710233403960437
0.7102384537698697
0.710242821542134
0.7102467691423142
0.7102510105059883
0.710256677576413
0.7102632681058126
0.7102682463244715
0.7102731768514168
0.710278590747083
0.7102847887908085
0.7102908670113555
0.7102968497553631
0.7103030541119948
0.710310264342567
0.7103174645154209
0.7103253699346554
0.71033234785719
0.710339333990475
0.7103469769674501
0.7103558437898394
0.7103669472575553
0.7103801627165541
0.7103919474620014
0.7104040696960767
0.7104165296701667
0.7104260089367639
0.7104338522821573
0.7104419902617068
0.7104492368549288
0.7104556907969103
0.7104618379046835
0.7104681195607562
0.7104758286697584
0.71048002836753
0.7104845532197779
0.710488403385967
0.7104917610200171
0.710495194518798
0.7104990056800237
0.7105037519346683
0.7105082791222551
0.7105123288229525
0.7105165057813617
0.7105210579943337
0.710526420586108
0.7105322964053042
0.7105378476974765
0.7105435971618184
0.7105499493086589
0.7105573618966692
0.7105593909783634
0.7105634491417518
0.7105664841490889
0.7105692266631959
0.7105723195127817
0.7105750320780246
0.7105780366003672
0.7105824366853234
0.7105912098807902
0.710601944418709
0.7106132169440723
0.7106253741119869
0.7106387568972181
0.7106539814058018
0.7106705640142206
0.7106833035775626
0.7106956910426131
0.7107100085078155
0.7107213873897099
0.7107322044370095
0.7107449192580366
0.7107596191342888
0.7107675484486161
0.7107751414746725
0.7107840151939493
0.7107932028994691
0.7108014290226145
0.710811025334812
0.7108258767601177
0.7108458261921159
0.7108688308251031
0.7108962926498335
0.7109299469258253
0.7109569688718661
0.7109766577687731
0.7109952771378679
0.711014016161222
0.7110362504447844
0.7110542072359864
0.7110712431290271
0.7110902821721963
0.7111137019817234
0.71114615033515
0.7111795868620006
0.7112057813271743
0.7112260396942518
0.7112436429310347
0.7112631918311998
0.7112872857517626
0.7113063675516768
0.7113254510725336
0.7113467419991633
0.7113747731173652
0.7113981119616316
0.7114177203514717
0.7114360390700539
0.7114550436692455
0.7114736620641123
0.711493871797461
0.7115090257342644
0.7115219854268224
0.7115343090621903
0.7115469280407725
0.7115621546782721
0.7115780910995989
0.7115943674564724
0.7116093481146062
0.7116248624821601
0.7116423165909372
0.7116632775555611
0.7116913869383545
0.7117289993581573
0.7117889185166527
0.7118767436911436
0.7119758355490582
0.7120872625282091
0.7122135894402862
0.7122942597468023
0.7123827866741775
0.7124555068900759
0.7125286901928515
0.7126028557810735
0.7126825711051793
0.7127998332212997
0.7129757484349267
0.71324679927377
0.7135573438126961
0.7139124936097033
0.7143226165186072
0.7147970377678169
0.7153514920537384
0.7160030533171076
0.7167712059086009
0.7176778141036448
0.7187403245349943
0.7198995856718104
0.7199
0.719900828656379
0.7199024859691372
0.7199058005946535
0.719912429845686
0.7199248911479685
0.7199405526521191
0.7199621200020528
0.7199864436398942
0.72
0.720014149971975
0.7200267108192675
0.7200433689068657
0.7200758978766536
0.7201085536588276
0.7201515030155277
0.7202084006661684
0.7202709415576145
0.7203442581455638
0.7204385726241357
0.7205897263156441
0.7208353052699978
0.721236907831851
0.7216792651819779
0.7221412085967499
0.722676331971978
0.7233706138262541
0.724338794404746
0.7260251052798649
0.7282511067917109
0.7299
0.7299018945781901
0.7299056837345703
0.7299132620473308
0.7299212425053999
0.7299294624695815
0.7299401884706486
0.7299522829778841
0.7299668385610635
0.7299846267541801
0.72999231337709
0.73
0.7300018945781901
0.7300056837345703
0.73001096114483
0.7300181225318746
0.7300252003823667
0.7300318253274813
0.7300385848512032
0.7300467965973468
0.7300538322742977
0.7300610280251522
0.7300678433670079
0.7300748850498979
0.7300826639755834
0.7300912179096951
0.7300992171397884
0.7301049938239897
0.7301095392136265
0.7301142730022174
0.7301187402852986
0.7301235876812614
0.7301282255453183
0.7301331882839389
0.7301391622300387
0.7301464482541868
0.7301566151153691
0.7301670095025643
0.7301755653910686
0.73018263828659
0.7301890197204678
0.7301954936520262
0.7302024252353913
0.7302096908857973
0.7302159813630439
0.730221485855083
0.7302265852655916
0.7302314152122025
0.7302361985167454
0.7302413221690065
0.7302478914369379
0.7302536991254628
0.7302594852680406
0.7302650276925863
0.730270799017202
0.7302772908849535
0.7302852074674816
0.7302950991982186
0.7303066272451111
0.7303186537634662
0.7303327859312837
0.7303456223755763
0.7303553046447381
0.7303638251556661
0.7303719074496271
0.7303802027312714
0.7303900139610893
0.7304004483476397
0.7304118070948987
0.7304218700619419
0.7304320406898086
0.7304431828514587
0.7304565295978297
0.730472942748401
0.7304930289987609
0.7305160624477152
0.730537394316019
0.7305606222394234
0.730584183228163
0.7306045569050071
0.7306226053230741
0.7306399643816538
0.7306588221185981
0.7306840667948655
0.7307076556625314
0.7307272355639369
0.7307471871654725
0.7307691689676645
0.7307955467453148
0.7308216927613944
0.7308500318673886
0.7308813769185386
0.7309111987864674
0.7309372922016035
0.7309586254572537
0.7309782332133266
0.7309982002796535
0.7310214821284584
0.7310502387444191
0.7310788951238679
0.7311040858188066
0.7311300003256054
0.7311586703945046
0.7311905745543588
0.7312272361539539
0.7312675191754281
0.7313135568043849
0.7313695453128246
0.7314378156631357
0.7315085558455968
0.7315846802111184
0.7316701597503025
0.7317723447701222
0.7318978292958507
0.7320654422692556
0.7323076396463558
0.7326924632727663
0.7330612536832375
0.7334324512188992
0.733853799117363
0.7341551558251926
0.7343927561162668
0.7346324404743949
0.7348912511060463
0.735199022492966
0.7355218065740143
0.7358616573376476
0.7362278817361587
0.7366476481479524
0.7371438431770685
0.7377688079105573
0.738595366004323
0.7395945457535591
0.7399
0.7399036125895657
0.7399108377686971
0.73992528812696
0.7399379207985386
0.7399508970700538
0.7399685576458865
0.7399868696776567
0.7399934348388284
0.74
0.7400036125895657
0.7400076434219475
0.7400148044283715
0.7400291264412197
0.7400433043710178
0.74005815241161
0.7400717378590405
0.7400845313268197
0.7400984711317098
0.7401136342678054
0.7401294213538645
0.7401428434578718
0.7401562644326438
0.74017085748312
0.740186727473109
0.740203592519073
0.7402238468348475
0.7402387736138886
0.7402497297494894
0.7402603958492203
0.7402719820525924
0.740283773785088
0.7402945034284344
0.7403060431184532
0.740319512895048
0.740337214393531
0.740361595622013
0.7403810200697781
0.7403966871101522
0.7404109334470949
0.7404252758628654
0.7404446751268268
0.7404615895397397
0.7404737638072889
0.7404845380610863
0.7404946801369132
0.7405049712120393
0.7405169134103252
0.7405310196253675
0.7405455233390068
0.7405579809777074
0.7405705514815308
0.740584338559498
0.7406005762583624
0.7406215563316012
0.7406495611671509
0.7406913214704133
0.7407611745018209
0.7408979874223893
0.7410092344404428
0.7410884184044634
0.7411563578985928
0.7412154618685106
0.7412700627031185
0.7413259960564598
0.741392802331122
0.7414578929185831
0.741525822494237
0.7415414500358446
0.7415727051190597
0.7415819313377583
0.7416003837751555
0.7416174365153113
0.7416294384210341
0.7416410234145119
0.7416537470511447
0.7416645029841973
0.7416767078939804
0.7416837058018422
0.7416912639710231
0.7416976258472091
0.7417041444848566
0.7417108052331759
0.7417177898567957
0.7417267707402241
0.7417418677338194
0.7417697758004297
0.7418008793200997
0.7418355099831878
0.7418751002374784
0.7419203935537448
0.7419728257876822
0.742033949911006
0.7420974237070426
0.7421696600203759
0.7422631451477227
0.742363227336619
0.742448576860713
0.7425374939348829
0.7426387133418846
0.7427626173602802
0.7429285677234126
0.7430930087337739
0.7432626531637503
0.7434499123840473
0.7436701814041471
0.7439364030295432
0.7442930264713397
0.7447536179080414
0.7452855164350377
0.7458991348436281
0.7466109347148658
0.7474437411717879
0.7484305124721949
0.7496139545404158
0.7499
0.749902870960927
0.749908612882781
0.749920096726489
0.749930222412933
0.7499471089278926
0.7499671474339973
0.7499835737169986
0.7499917868584993
0.7499958934292497
0.75
0.750002870960927
0.7500059305979924
0.7500118402914212
0.7500166348629133
0.7500217870675845
0.7500278851039321
0.7500333936040967
0.750039682070691
0.7500452639264007
0.7500508072062856
0.7500568326875885
0.7500635667541428
0.7500706861708184
0.7500763858416455
0.7500804864907528
0.7500841594079297
0.7500889437679256
0.7500936220812001
0.7500974469102984
0.7501014733439563
0.7501060502238046
0.7501119366981502
0.7501200368105437
0.7501296110031196
0.7501369707199219
0.7501428691850061
0.750148161142699
0.7501534092752675
0.7501599107690464
0.7501649767192705
0.7501702007039757
0.7501748941861048
0.7501791863645061
0.7501832691364654
0.7501872251903138
0.7501912863346758
0.7501959854573864
0.7502007121886575
0.7502059808870721
0.750210581889114
0.7502151623278275
0.750220153628169
0.7502259218625188
0.7502331733848033
0.7502425693551955
0.7502558433736376
0.7502763734403044
0.7503114733236689
0.7503457941628879
0.7503806079288524
0.7504185419115058
0.7504620706786351
0.7505081523577031
0.7505520730382322
0.7506156987495927
0.7506676797031154
0.7507145474467631
0.7507691792548178
0.7508458164729496
0.750943268772251
0.7510311695234692
0.7511182468245815
0.7512112678358794
0.7513156899205853
0.751410488534672
0.7514860331808416
0.7515540265004498
0.7516349912980169
0.7517363672312527
0.751809998253851
0.7518846208330712
0.7519682396362851
0.7520749814763578
0.7521706941579189
0.7522563646581525
0.7523438897814747
0.7524227442837277
0.7525095900232307
0.7525759372641219
0.7526352364939618
0.7526963106502482
0.752767738043486
0.7528521321135124
0.752941170824041
0.7530205957388664
0.7531025794327926
0.7531938769284605
0.7533054302702028
0.753447224197665
0.7536475844195417
0.7539582952902564
0.7545195393662274
0.7553355101162768
0.7562587346194692
0.7573162091307961
0.7585555360148366
0.7599
0.7599090421054924
0.7599271263164771
0.7599632947384465
0.7599816473692232
0.76
0.7600090421054924
0.7600210785535835
0.7600392554858638
0.760062416031557
0.760083899595734
0.7601020317383858
0.760118056627859
0.7601331691051679
0.7601490374341164
0.7601701484869833
0.7601925588982066
0.7602084533410517
0.7602221489859838
0.7602341355862867
0.7602444676335829
0.7602539461692367
0.7602634584375716
0.7602747019124857
0.7602844487326217
0.7602954894098279
0.760305740400977
0.7603162016949361
0.7603278084584092
0.7603417704184537
0.7603572768485757
0.7603762617128635
0.7603957757107663
0.7604135262896018
0.7604336774290636
0.7604639568931573
0.7604876612719518
0.7605078835103033
0.760527981336197
0.7605485806313516
0.7605711825309275
0.7605980754827005
0.7606401187223991
0.7606761947605009
0.7607052102974433
0.7607343664819214
0.7607654837840687
0.7608026903065276
0.760843573360316
0.7608866031048489
0.7609243789124026
0.7609567921468436
0.7609868828786351
0.7610178584401857
0.7610572366345207
0.7610930071024484
0.7611279851501979
0.761162153223589
0.761198636389446
0.7612410087528707
0.7612889516044391
0.7613341492368881
0.7613790984657822
0.7614270623431704
0.7614642994202473
0.7614977738370697
0.7615319283578241
0.761571415294305
0.7616204119177264
0.7616701517941561
0.7617141883795823
0.7617598234019589
0.7618107061424328
0.7618678609387265
0.7619329473240684
0.7620066631001804
0.7620954432672936
0.7622047097599289
0.7623220137680005
0.7624509162656431
0.7626019776940218
0.7627804171069942
0.7630101226162407
0.7633268447515102
0.7638087996518867
0.7642914029425437
0.7647725663833904
0.7652449543443565
0.7657163984322585
0.7661914408149406
0.7667536814689679
0.7675024910938988
0.7687950410748403
0.7699
0.7699018624383005
0.7699055873149014
0.7699130370681033
0.7699206249144782
0.7699323197279205
0.769945445041402
0.769958783229919
0.7699721109594923
0.7699790892316193
0.7699849210203329
0.7699908940475058
0.7699952568092718
0.7699976284046359
0.77
0.7700013016574391
0.7700033071430797
0.7700054341196022
0.770009031433514
0.7700130993798783
0.7700165106298531
0.7700199561509662
0.770023615138302
0.7700273793117286
0.7700305684254135
0.7700329606917042
0.7700351329150409
0.770037816521578
0.7700407927727948
0.7700430995002209
0.7700454656844585
0.770048127515644
0.7700514148587938
0.7700559509866071
0.7700629181060185
0.7700688488484804
0.7700731568775477
0.7700767019436335
0.7700799317479894
0.7700832968712875
0.7700867719496511
0.7700906196794095
0.7700938803156643
0.7700968142115406
0.7700995777330547
0.7701021702405435
0.7701046624653102
0.7701071925818311
0.7701100716857199
0.7701131433922079
0.7701164501560049
0.7701192870611475
0.7701221074131638
0.7701251711179465
0.7701287229872503
0.7701306140074977
0.770132851122155
0.7701346636349039
0.7701371345984848
0.7701390605975416
0.7701409589908544
0.7701432564328744
0.7701462645958731
0.7701505052630224
0.7701559912918492
0.770162954276501
0.7701708912629186
0.7701788538543194
0.7701873166064187
0.7701977663812001
0.7702108391352489
0.7702171309984452
0.7702235191628906
0.7702290171367879
0.7702339705324496
0.7702399333121884
0.7702448741831811
0.7702499891160897
0.7702547661262482
0.7702594732285265
0.7702643023576164
0.770269245879114
0.7702743502014272
0.7702798636817978
0.7702867464211998
0.7702927007711957
0.7702989821654598
0.7703048384408585
0.770310780169503
0.7703173015564502
0.7703250312546099
0.770334355973988
0.7703465468237356
0.7703626007032065
0.7703772028121103
0.7703925147006536
0.770414548289831
0.7704321105204603
0.7704476854018526
0.7704644470214884
0.7704837255899827
0.7705074140539897
0.7705333742608927
0.7705570001737044
0.7705813816868403
0.7706014179516215
0.7706196439340891
0.7706409827613334
0.7706680258664252
0.7706902771074403
0.7707072358379156
0.7707195478095857
0.7707296242102171
0.7707439499084149
0.770754102362107
0.770765647584144
0.7707821433716329
0.7708025940629957
0.7708209064343933
0.7708392082196557
0.7708589301078428
0.7708813287237779
0.7709090875801579
0.7709443688818791
0.7709935159097863
0.771058300303443
0.7711460554128119
0.771275637397024
0.7714277855599069
0.7716025511499041
0.771807299347825
0.7720448850162617
0.7723410528050599
0.7727140252772673
0.7731619254313258
0.7736983599519193
0.7743368557885186
0.7750830401723534
0.7759623529750193
0.7770096057666539
0.7782708410443305
0.7798129560548509
0.7799
0.7799020430781954
0.7799061292345862
0.7799143015473678
0.779923331967292
0.7799329689216828
0.7799455470069139
0.7799596575095725
0.7799754489208552
0.7799877244604276
0.78
0.7800020430781954
0.7800061292345862
0.7800132151975075
0.7800193862295818
0.7800258335280797
0.7800304219135921
0.7800353265079307
0.7800391268590443
0.7800425303252997
0.7800463008904888
0.7800524901073912
0.7800572714099847
0.7800614269297136
0.7800658682672525
0.7800700861809119
0.780074121704905
0.7800780747051402
0.7800824159300218
0.7800885901165698
0.7800930323945349
0.7800964065801536
0.7800994309513593
0.7801022170053585
0.780105016734747
0.7801081827015011
0.7801131154665197
0.7801171723403787
0.7801204884855547
0.780123872029415
0.7801275295906246
0.7801319861484153
0.780137590711527
0.7801453370475356
0.7801557763950469
0.7801668091025807
0.7801787516077318
0.7801921951182195
0.7802082336889103
0.7802196056700214
0.7802329852690418
0.780244589872698
0.7802558543190333
0.7802695214532538
0.7802811222519906
0.7802909745799788
0.7802990646936073
0.7803074009127751
0.7803147847122394
0.7803213152079171
0.7803274995169712
0.7803337619262319
0.7803412156634294
0.7803454490363962
0.7803502465531339
0.7803542373362248
0.7803576441499348
0.7803610427757144
0.7803647120475945
0.7803695248486985
0.7803742984699181
0.780378367035299
0.7803825037296284
0.7803869480433343
0.7803921147026907
0.7803982112063537
0.780403813829442
0.7804095041946875
0.78041572255559
0.7804228749827431
0.7804318404911691
0.7804344646251193
0.7804380227576737
0.7804417826325073
0.7804444658569255
0.7804472789215788
0.780450132807792
0.7804531331244201
0.7804568710394432
0.7804625703844162
0.7804727883125864
0.7804839630157203
0.7804960714053507
0.7805096204977464
0.7805254371860375
0.7805442201978366
0.7805658267945556
0.7805893552413805
0.7806219912169198
0.7806506476243861
0.7806744842458174
0.780698221983281
0.7807237850417331
0.7807538506319649
0.780777207293227
0.7807964820215522
0.7808144823575737
0.7808323861605316
0.7808525190433382
0.7808689651515561
0.780884480122263
0.7809062285286787
0.7809237233321717
0.7809406595946136
0.7809602520497374
0.7809850209655556
0.7810067769057282
0.7810224949998735
0.7810393125846308
0.7810563887534582
0.7810741014346476
0.7810921138600603
0.7811089564393439
0.7811266911433958
0.7811442845381489
0.7811619997335129
0.7811819751556889
0.7811978953248127
0.7812092480100513
0.7812179507415151
0.7812261478641291
0.7812378835708594
0.7812482042663851
0.78125707375905
0.7812666617222814
0.7812777735651449
0.781292841120952
0.7813064402505187
0.7813177455499766
0.7813280748445663
0.781338500309083
0.7813521476377455
0.7813646902772129
0.7813734832392375
0.7813811761108727
0.7813884712879275
0.7813959430862537
0.7814048039929291
0.7814142625174177
0.7814246045668056
0.7814337410432778
0.7814429560002879
0.7814530814069689
0.781464927886643
0.7814799305459157
0.7815004511959323
0.7815286479248607
0.7815741430370966
0.7816582049337345
0.781756347344807
0.7818656661383416
0.7819901736907532
0.7821319716526857
0.7822097043648034
0.7822826596664475
0.7823814193126394
0.7824629115107457
0.7825421228361793
0.7826461212056859
0.7828387407978462
0.7831308402120166
0.7834642285192338
0.783847332290664
0.7842900560985451
0.7847979916969519
0.78538604355094
0.7860728442958552
0.7868851977386818
0.7878393812468091
0.7889007426302906
0.7899
0.7899022931777341
0.7899068795332022
0.7899160522441383
0.789924715296841
0.7899317664788749
0.7899388950418376
0.7899466371774935
0.7899562540106247
0.7899639061284368
0.7899709020532916
0.7899787975881127
0.789988134207878
0.7899949359322044
0.79
0.7900022931777341
0.7900051690175164
0.7900087848725355
0.7900129618715444
0.7900188918508184
0.7900234406930279
0.7900277487279199
0.7900323220518601
0.7900371855721656
0.7900417910793313
0.7900452823422619
0.7900481294456557
0.790051169321441
0.790053996716011
0.7900570674141646
0.7900600290291565
0.790063205563174
0.7900670301674244
0.7900717105493236
0.7900782317445169
0.7900868762120712
0.7900932782481622
0.7900981508108006
0.7901023944606895
0.7901064329966067
0.7901110550519876
0.7901146801757513
0.790119156910665
0.7901230590708802
0.7901265940613312
0.7901299569747591
0.7901331344809104
0.7901362473479108
0.7901395273684009
0.7901435846383137
0.7901471835279313
0.7901509500835162
0.7901544844825049
0.7901581078065707
0.790162123989668
0.7901669424789092
0.79017284831747
0.7901807321829284
0.7901919646373948
0.7902096801319508
0.7902272479461072
0.7902431248533084
0.790258192821999
0.7902720851898352
0.790284468762388
0.7902955372308922
0.7903059504576078
0.7903167987002113
0.7903309849703479
0.7903469379395968
0.7903586183041417
0.7903699126839374
0.7903820188119061
0.7903959930017251
0.7904140033211845
0.7904316657621406
0.7904486002097603
0.7904656304977365
0.7904846176782931
0.7904961966465063
0.7905090458910362
0.7905198830708663
0.7905295313124084
0.7905396297772509
0.7905521193623253
0.790564241035941
0.7905767672585365
0.7905888582957452
0.7906017473282694
0.790616649704477
0.7906349594155749
0.790659619351724
0.7906914471620786
0.7907351178643307
0.7907696885309523
0.7908004381188094
0.790832191256637
0.7908668720111252
0.7909073000810989
0.7909573962743901
0.791023480985616
0.791110471774287
0.7912133212820683
0.7913495233802543
0.7915583599610063
0.7918259992587431
0.7921331292753343
0.7924874932020234
0.7928983120552964
0.7933783178791387
0.79394375300754
0.7946133313994899
0.7954106142044657
0.7963624200025888
0.7974789507277267
0.7987882181655928
0.7998999999999999
0.799901786310675
0.7999053589320251
0.7999125041747253
0.7999192611181316
0.7999267436787586
0.7999363440472851
0.7999472693603684
0.7999620307161487
0.7999781518929164
0.7999890759464583
0.8
0.8000017863106751
0.8000053589320252
0.8000101093178484
0.800015146022041
0.8000208791316623
0.8000278940904514
0.8000343624141902
0.8000408144454119
0.8000467506501351
0.800052758127027
0.8000593149549006
0.8000665686172997
0.8000736419242962
0.8000788752906851
0.8000828844379267
0.8000868833097112
0.8000909716011106
0.8000953375788811
0.800099357721433
0.8001036404761681
0.8001085879297325
0.8001148468156958
0.8001236180006148
0.8001338914390058
0.8001417330986095
0.8001480093927914
0.8001536376800303
0.8001592335275742
0.8001662596518886
0.8001716439132834
0.8001771115216685
0.8001820416708858
0.8001865496409597
0.8001908465827624
0.8001950424244426
0.8001994144836189
0.8002046576340142
0.8002093515082638
0.8002146622244369
0.8002195244863329
0.8002244369623775
0.8002298605758191
0.8002361800884914
0.8002441012270756
0.8002547575592753
0.8002692673496223
0.8002922369640739
0.8003356864757403
0.8003831228944662
0.8004295059122976
0.8004763846806663
0.8005213094118899
0.8005542161243376
0.8005806039312171
0.800606156094761
0.8006363274333019
0.8006662743136129
0.8006974458812315
0.800728648752149
0.8007548225443807
0.8007779842733934
0.8008004836265772
0.8008253803682046
0.8008647217671832
0.8008942345055386
0.8009194202281117
0.8009458819818945
0.8009754516106201
0.8010119490915132
0.8010460442667874
0.8010872466122091
0.8011264938608935
0.8011595451544036
0.8011867367163871
0.8012119496508845
0.8012380553521816
0.8012688949948763
0.8013072758657444
0.8013428344075121
0.8013755240070247
0.801409959884346
0.8014485564031173
0.8014919072781019
0.8015319365555715
0.8015629814886416
0.8015879349407709
0.8016092961527238
0.8016291527219452
0.801650877140947
0.8016645055801739
0.8016804298109137
0.8016935795152488
0.8017051459392349
0.8017170648435124
0.80173107265661
0.8017464743518096
0.8017624575217462
0.801777091925416
0.8017922515329512
0.8018092709504373
0.8018297506324984
0.8018447780149316
0.80185760358249
0.8018706744977859
0.8018863759894594
0.8019041847045163
0.8019219836848458
0.8019391849591355
0.8019552498700895
0.8019684523668378
0.8019811275980744
0.801995275991972
0.8020166215719625
0.8020371245107407
0.8020544211146902
0.8020725602106871
0.8020929277321586
0.8021185677964762
0.8021526209478004
0.8022040605623391
0.8022658246507937
0.802328233002521
0.8023980149486709
0.8024809161105395
0.8025737188600699
0.8026665186784782
0.8027703646442961
0.8028916086755293
0.8030393028664016
0.8031791697722851
0.8033223406895877
0.8034907021387216
0.8037144801374583
0.8040826513522559
0.8048189937818511
0.8056691155394744
0.8059856625003284
0.8062305504456719
0.8063940523180428
0.8065621862889395
0.8067151732896974
0.8068550452206551
0.8069919897763816
0.8071420354742698
0.8073182069984643
0.8075414435177438
0.8078776171102509
0.8085499642952649
0.8094753303245914
0.8099
0.8099063887209089
0.8099191661627269
0.8099353911083823
0.8099510020742636
0.8099684481926869
0.8099872907183565
0.81
0.810006388720909
0.8100139249350912
0.8100258337352858
0.8100413018447742
0.810057880186643
0.8100767354300974
0.8100956226732725
0.8101162090199664
0.8101394979423938
0.8101639180563059
0.810191401695007
0.8102216356637437
0.8102552234009512
0.810291026258199
0.810326561120365
0.8103718295362707
0.8104173128187729
0.8104555646261865
0.8104978624959589
0.8105544925362842
0.8106276854575006
0.8107077839298017
0.8108211663700851
0.8109223374855757
0.8110004192515172
0.8110777489246551
0.811160175068774
0.8112588435850066
0.8113816961755042
0.8115502057138836
0.8117824292642184
0.8119905661228531
0.8122226362400815
0.8124499778792849
0.8126524972211251
0.8128593008095433
0.8130234070437472
0.8131948149424704
0.8133365328424383
0.8134748373743655
0.81364653606892
0.8138987309222719
0.8141038663515341
0.8143204815248394
0.8145451315981289
0.8147814145153011
0.8150496761568139
0.8154301592744783
0.8158148142091577
0.8162320674430432
0.8167088551376136
0.8172655533238403
0.817805103227004
0.8182863790592925
0.8187673596343511
0.8193065764115053
0.8199
0.8199034620010497
0.8199103860031491
0.819924234007348
0.8199359351866197
0.8199492058285583
0.8199667124296246
0.8199843024466003
0.8200000000000001
0.8200034620010498
0.8200103860031492
0.8200204441591057
0.8200330607287879
0.8200450237133979
0.8200584892714629
0.8200752065036511
0.820097070531287
0.820119354917193
0.8201378296886127
0.8201550866445638
0.8201731896215048
0.8201926849480813
0.8202112428744486
0.8202277615042985
0.8202407281455336
0.8202515774380463
0.8202621151315297
0.8202753382550795
0.8202924705408311
0.8203054306525865
0.820317823097954
0.8203307511016248
0.8203461034150369
0.8203643944901123
0.8203832469460092
0.8204008432214471
0.8204197187403457
0.8204417024639955
0.820464724602608
0.820491133502263
0.820524010865293
0.8205598263665778
0.8205918086305113
0.8206262506563557
0.820660937976367
0.8206979255191043
0.8207469854846002
0.8208241998728876
0.8209006258854403
0.8209373172423894
0.8209601433483721
0.8209803301058407
0.8210011482241698
0.8210205546417344
0.8210451782977873
0.8210654439677291
0.8210847782600987
0.821106673512515
0.8211342855719489
0.8211572205385183
0.821180720801142
0.8212006145462626
0.8212207386346266
0.8212412048777095
0.8212632590695612
0.8212924170245942
0.8213453595845378
0.8214064500654771
0.8214346405317914
0.8214644085662356
0.8214881413116646
0.8215088077926065
0.8215375261086979
0.8215642138937804
0.8215863956188466
0.8216101926329633
0.8216376247191572
0.8216749449284331
0.8217068042043439
0.8217340018916977
0.821759897977392
0.8217877543910386
0.8218076967082544
0.8218340741578344
0.8218557114980671
0.8218745490819104
0.821892978326204
0.8219119690441836
0.8219343384437002
0.8219585175593458
0.8219848685242768
0.8220080904266776
0.8220315508340101
0.8220574022163102
0.8220877305577328
0.8221267353557086
0.822178497628854
0.8222545901501013
0.8223840806330582
0.8224885225286359
0.8225726695213449
0.82265648019378
0.8227753746044988
0.8228769221303361
0.8229642802220997
0.8230593488927246
0.8231603575385976
0.8232532128345269
0.8233507244735443
0.8234181651024051
0.8235057185184268
0.8235770967627157
0.8236410535109686
0.823708264246997
0.8237888348475131
0.8238755343606964
0.8239683955869397
0.8240545741477406
0.8241450153259521
0.8242476031289441
0.8243759353799769
0.8245440429688825
0.8247881562427106
0.8251857419294335
0.8258333761413169
0.8267112751743482
0.8277086755942059
0.8287741733286255
0.8299
0.829902528143404
0.8299075844302122
0.8299176970038284
0.8299274831055009
0.8299381885896159
0.8299465702453576
0.829953391653868
0.8299595723575075
0.8299656778363277
0.8299714285845168
0.829976527762862
0.8299815724427159
0.8299860463360784
0.8299909749569968
0.8299945918768291
0.8299977799738868
0.8300000000000001
0.8300017188993332
0.83000392058913
0.8300063268417991
0.8300109798650954
0.8300161420025484
0.8300207384746311
0.8300256631290024
0.8300312368573891
0.830036962648639
0.830043685105374
0.830049912240601
0.8300565892566141
0.8300624688089663
0.8300680826837927
0.8300735782190843
0.8300786552109445
0.8300831105423828
0.83008707026439
0.8300908587807024
0.830094997922374
0.8300997325906484
0.8301045576293482
0.8301086333740318
0.8301127104743782
0.830117149922943
0.8301223306632688
0.8301286745538828
0.8301353857427626
0.8301421714195136
0.8301484892775833
0.8301548139920863
0.8301622447936193
0.8301675391252087
0.8301737988060169
0.8301791760535919
0.8301839058956141
0.8301884227349459
0.8301929063646755
0.8301977974055187
0.8302044468262806
0.8302118473720771
0.8302173681281128
0.8302227378869205
0.8302282656458816
0.8302340996851925
0.8302424316407121
0.8302492983887446
0.8302569329307297
0.8302691548637048
0.8302882341772381
0.8303067489917237
0.8303242949706438
0.8303406382029019
0.8303551136136531
0.8303680276550118
0.8303802184410429
0.8303929722583064
0.8304098456307268
0.8304282535629904
0.8304419237577733
0.8304552187220394
0.8304694873740371
0.8304860057040891
0.8305073290987435
0.8305281069962873
0.8305479195289651
0.8305682078997809
0.8305907062579736
0.8306044152352131
0.830618511377844
0.8306307753601121
0.8306421208358695
0.8306545229984938
0.8306718663530273
0.8306901411525364
0.830704639601451
0.8307193457662257
0.830735641046542
0.8307552621750065
0.8307819764992183
0.8308167960973036
0.8308652676077067
0.8309064994825861
0.830942628268075
0.8309795362303528
0.8310194840955067
0.8310656891572
0.8311228866015902
0.8311953246498139
0.8312946670632361
0.8314219969770174
0.8315842662327517
0.83172559608692
0.8318813212967388
0.832087156721721
0.832236884964211
0.8323927799216078
0.8326024514501362
0.8329038485554501
0.8334338778000344
0.8340536178674598
0.8347635039650353
0.83559084787235
0.836568780802765
0.8377119772771261
0.8390529671960765
0.8399
0.8399039006532315
0.8399117019596946
0.8399273045726207
0.8399400705930082
0.8399552074846736
0.8399724045646526
0.8399862022823263
0.8399931011411632
0.84
0.8400039006532315
0.8400082727876932
0.8400170170566166
0.8400296816592245
0.8400414253082714
0.8400553093826061
0.8400732887735258
0.840091953473276
0.8401147228137178
0.8401421963520133
0.8401736786226432
0.8402103886338081
0.8402540105916846
0.8403035918188548
0.8403587515452663
0.8404212218284358
0.8404922513471705
0.8405810293773653
0.8406903551972763
0.8408201616725203
0.8409728512786067
0.8411614686886887
0.8413954763472722
0.841697913413097
0.8419812985119753
0.8422798239000454
0.8425049438726641
0.8426046332187451
0.8428014301410967
0.8430120647638653
0.8433261936333137
0.8437646072731312
0.8446414345527661
0.8454890500030975
0.8462382376644273
0.846579421163258
0.8471778865418359
0.8478434190072304
0.8487942891473422
0.8499
0.8499043192732216
0.8499129578196649
0.84992336124047
0.8499337412549935
0.8499442482816574
0.8499567512659518
0.8499689345333314
0.8499819165064773
0.8499909582532386
0.85
0.8500043192732216
0.8500094237886352
0.8500173746658299
0.8500272059783625
0.8500362986403427
0.8500447048640511
0.8500537704536032
0.8500634047302599
0.8500752674661873
0.8500868818549336
0.8500987323512144
0.8501119612255946
0.8501267373021756
0.8501450359128904
0.8501634992618838
0.8501827644300893
0.8502044605422968
0.8502301250516011
0.8502630089831861
0.8503030909239181
0.8503475835279856
0.8504021114716914
0.8504771136416248
0.8505778745987745
0.8506560922604589
0.8507228955748686
0.8507919852923728
0.8508691839134439
0.8509399049409074
0.8510112901412576
0.8510952582918218
0.8512075183459441
0.8513536935177566
0.8515722781969576
0.8517686839172125
0.851986846885317
0.8522749944364211
0.8524830791025936
0.8526985670553547
0.8529860895356872
0.853398533781059
0.8542234222718026
0.8553023021690467
0.8564996502569393
0.8579379431896701
0.8597079979514893
0.8599
0.8599021773343983
0.859906532003195
0.8599152413407883
0.859923009315402
0.8599315700067184
0.8599425604079876
0.8599549439390439
0.8599699295112871
0.8599863017280653
0.86
0.8600021773343983
0.860006532003195
0.8600119877844123
0.8600184137631226
0.8600246662035372
0.8600306238567008
0.8600368868398416
0.8600452941655038
0.8600536835506959
0.8600600429971034
0.8600662641954474
0.8600729136265373
0.8600805491385568
0.8600889528687032
0.8600958860548632
0.8601007504902012
0.8601049308893811
0.8601099994931546
0.8601157182884692
0.8601201172873583
0.8601246507244068
0.8601297632121808
0.860136195137671
0.8601454372387771
0.860155795637649
0.8601638016053984
0.8601703381822647
0.8601762595737322
0.8601822273533548
0.8601899395801113
0.8601956432830109
0.8602013205484085
0.8602064744156559
0.8602111893721973
0.8602156993962503
0.8602201387455463
0.8602248227723801
0.8602306079012054
0.8602357240494869
0.8602412014662852
0.8602463297573074
0.8602515797173422
0.8602574001294764
0.8602643887015422
0.8602729669904119
0.8602844626683079
0.8603009641203819
0.860327195562259
0.8603537980775156
0.8603749077149687
0.8603907758082084
0.8604049206793367
0.860422510051607
0.8604417276974458
0.8604567478632438
0.8604722618618177
0.8604897399637617
0.8605117297642804
0.8605432500139855
0.8605730777445906
0.8605967979796879
0.8606174009602199
0.8606371035436455
0.8606595971964456
0.8606756532909287
0.8606943916351083
0.8607106084477821
0.8607251630721107
0.8607394880553725
0.860754369784936
0.8607719367895394
0.8607902884173265
0.8608104867415921
0.8608283571161826
0.860846377008132
0.8608661042036873
0.8608897132089258
0.8609187444593397
0.8609580728821147
0.86100641350593
0.8610520689522202
0.8610981004857128
0.8611514638019097
0.8612055368349691
0.8612584925796116
0.8613029803838199
0.8613425425382655
0.8613814983527484
0.8614258205619425
0.8614936653206918
0.8615437187427739
0.8615880018902331
0.861635096553164
0.8616885585243157
0.8617514617213845
0.8618091937918344
0.8618758287717344
0.8619250154505227
0.861967728337484
0.862011196722194
0.8620612991201285
0.8621236558993449
0.8621867064033554
0.8622432099557867
0.8623022774487675
0.8623686354488345
0.862443807597691
0.8625286179326762
0.8626284423477014
0.8627469603426888
0.8628869447907368
0.8630398960184343
0.863217334227017
0.8634239793395329
0.863674140942039
0.8639580421237925
0.8643184207800536
0.8648050969265811
0.8655725834944755
0.8665148035183081
0.8676222921611585
0.8689532563803829
0.8699
0.8699021772930489
0.8699065318791466
0.869915241051342
0.8699237205519602
0.8699316125403785
0.8699404470101132
0.8699513136933751
0.8699612861381548
0.8699717054722256
0.8699833868364456
0.8699916934182228
0.87
0.8700021772930489
0.8700056719179909
0.870011511676855
0.8700178862106916
0.8700246416758914
0.870028205117794
0.8700316364968447
0.8700350282307323
0.8700382723308825
0.8700415055873822
0.8700449871725597
0.8700499360421594
0.870055395326124
0.8700614584951124
0.8700649681956758
0.8700686022262428
0.8700718061032143
0.8700761082306911
0.8700798397620702
0.870083175840161
0.8700870607198867
0.8700919741575471
0.8700984903088927
0.8701061165618427
0.8701151901827348
0.8701174989888827
0.8701221166011786
0.8701237892624444
0.8701254747804994
0.8701273509480779
0.8701293710199826
0.8701311868603219
0.870133108913285
0.8701355134938972
0.8701389754701225
0.8701434855652981
0.8701492607608025
0.8701565429258621
0.8701645981773781
0.8701725639217551
0.8701808326721849
0.870190436709193
0.8702031603459622
0.8702139656409675
0.8702232822284066
0.8702327968904483
0.8702431213175185
0.8702556199071831
0.870271003291521
0.8702868097621045
0.8702995440614975
0.8703121137988398
0.8703234368243884
0.8703313671947777
0.8703401143604672
0.870346604777845
0.8703517736018576
0.870356872774184
0.870363399453731
0.8703700288930416
0.8703749918693278
0.8703796923953641
0.8703844022869098
0.8703892020730906
0.8703941975585039
0.8703995241055318
0.8704057774159292
0.8704117532844782
0.8704185785066377
0.8704245199735899
0.8704303552683244
0.8704366464047153
0.8704437948208543
0.8704526022174796
0.8704637183270828
0.8704788754964005
0.8704946446969162
0.8705173719286643
0.8705361806387041
0.870552942559499
0.8705721743800139
0.8705958454755995
0.8706193126196758
0.870640676831088
0.8706601689784289
0.8706856113114338
0.8707055210137961
0.870722262944991
0.8707397976105608
0.870762268228022
0.8707769338284036
0.8707874992312185
0.8707962152947655
0.8708055076714376
0.8708134645303583
0.8708217400101994
0.8708299429237721
0.87083891053001
0.8708502117845296
0.8708654810912329
0.8708847771030068
0.8709093169702824
0.8709403691839266
0.8709795838771156
0.871017831786249
0.8710583178340446
0.8711060422435296
0.8711676176260276
0.8712557498687755
0.8713633353593225
0.8714900070012851
0.8716473677486117
0.8718408884073758
0.872090964613388
0.8724349363410993
0.873025032853722
0.8739500064666851
0.8749520593791671
0.876082209994214
0.8774084475540325
0.8790507532903562
0.8799
0.8799019221940791
0.8799057665822374
0.8799134553585539
0.8799212610790644
0.8799300423237008
0.8799413723384937
0.8799535797253889
0.8799699480050939
0.8799849740025469
0.8799932072863235
0.8799966036431617
0.88
0.8800019221940791
0.8800038140153534
0.880007597657902
0.8800151649429993
0.8800229909851793
0.8800314143783453
0.8800411893969339
0.8800533233381992
0.8800690549939079
0.8800890493260752
0.8801056565427114
0.8801183159333068
0.8801289105085744
0.8801384623441286
0.8801480403969141
0.8801595052382892
0.8801696103231126
0.8801806377211799
0.8801903225381323
0.8801990879896848
0.8802069777988426
0.8802138193766349
0.8802199274792704
0.8802258311658187
0.8802323604095549
0.8802394603773576
0.880246955533792
0.8802533893550046
0.8802598392689844
0.88026689488503
0.8802751436269091
0.8802848306233588
0.8802958527761457
0.8803089366097331
0.8803199074194328
0.8803320735373765
0.8803480073004594
0.8803628479463033
0.8803779067407496
0.880391300346813
0.8804043130678538
0.880417724989236
0.8804319122810575
0.880447465434884
0.8804659432177752
0.8804871251555415
0.8805089134996591
0.8805273721070106
0.8805456536049453
0.8805653633495034
0.8805880649198776
0.8806146602974873
0.8806473927110738
0.8806976049501689
0.8807397215916606
0.8807793894399091
0.8808265627053932
0.8808820133492042
0.8809596213520813
0.8810284985205551
0.8810926935786655
0.8811096485940887
0.8811435586249351
0.8811500869959612
0.8811631437380134
0.8811750858086556
0.881186806203365
0.8811981936881962
0.8812079824321198
0.8812190137919493
0.8812254842448468
0.881232627709331
0.8812384075153654
0.8812444488548693
0.8812506195488901
0.8812570064444203
0.8812651503281057
0.8812785449092759
0.8813043933820562
0.8813332025372629
0.8813651890366816
0.8814017535425055
0.8814435925999782
0.8814919921134973
0.8815483957482869
0.8816142802864781
0.8816906894298112
0.8817791091754098
0.8818815912320667
0.88200049558883
0.8821385678241778
0.8822989752750502
0.882485395600359
0.8827020715213384
0.8829539803089707
0.8832469203252226
0.8835877192293398
0.883984474513397
0.884446827621794
0.8849865156400467
0.8856180443066257
0.886359800859695
0.8872357556457535
0.8882781498942888
0.8895420817762941
0.8899
0.88990312262641
0.88990936787923
0.88992185838487
0.8899315267237368
0.8899434175040538
0.8899585920431536
0.8899727519532653
0.8899844725014183
0.8899922362507091
0.8899961181253546
0.89
0.8900020555348019
0.8900046635004297
0.8900088946904541
0.8900126055734017
0.8900192591917876
0.8900243346820302
0.8900285494677443
0.890032931626183
0.8900376965334013
0.8900417691169363
0.8900459380607233
0.890049299012648
0.8900522551206559
0.8900552348694899
0.8900587519442285
0.8900620793730775
0.8900657676501493
0.8900692073014214
0.8900727682067269
0.8900767777810735
0.8900806474873864
0.8900845091392378
0.8900892599827925
0.89009363032088
0.8900975808540322
0.8901017587253297
0.8901065471580334
0.8901120964150467
0.8901161271225658
0.890119565304105
0.8901227344633333
0.8901257327017784
0.8901288227948103
0.8901324309965843
0.8901378456420539
0.8901419234680168
0.8901454495874348
0.8901491134163136
0.8901531295695011
0.8901580858607175
0.8901637061522722
0.890168705703193
0.8901733285726188
0.8901776688544822
0.890181777380677
0.8901858642768481
0.8901903254395492
0.8901961919153708
0.8902018046191911
0.8902065515526238
0.8902112392457704
0.8902162734647274
0.8902221162912926
0.890229561638255
0.8902372714650001
0.8902436967408773
0.8902496045411212
0.8902567467923277
0.8902624709468682
0.8902693539858385
0.8902771857382528
0.8902842477503405
0.8902916731602586
0.8902985339960418
0.8903046759884012
0.8903105214046361
0.89031649094908
0.89032375662557
0.8903277482837119
0.8903321038670041
0.8903357823763812
0.8903389638872303
0.8903421860657935
0.8903457237497778
0.8903502436289659
0.8903545986062524
0.8903584198924428
0.8903603476903262
0.8903624651507641
0.8903642917261857
0.8903667542852283
0.8903686701853906
0.8903706213609753
0.8903732860357493
0.8903775495377816
0.8903823824631882
0.8903876903068526
0.8903937673473112
0.8904010341260309
0.8904100199197461
0.8904224484861534
0.890435848848508
0.8904496646375687
0.8904640674692033
0.8904780015487109
0.8904904475352775
0.8905014744903448
0.8905186041735353
0.8905312855840188
0.8905440116553235
0.8905591908723659
0.8905775075165338
0.8905941574005567
0.8906059366172138
0.8906187332328395
0.8906317680228544
0.890644971896127
0.8906617878127265
0.8906892764854026
0.8907332887911319
0.8907824445399906
0.8908374268606694
0.8909000362777507
0.8909716740936914
0.8910515509978149
0.8911357859623789
0.8912160345239433
0.8913021343789038
0.8913927410438486
0.8914740832960415
0.8915571659229243
0.8916399527519692
0.891728584484465
0.891870837258118
0.892069615078308
0.8923502659256948
0.89267062665356
0.8930093459286366
0.893287636360059
0.8936344828543961
0.8937115014148074
0.8938112399872732
0.8938943431486013
0.8939667429639622
0.8940398029097564
0.8941136700169637
0.8941812289678684
0.8942508013792504
0.8943274841318473
0.8944183410978714
0.8945429694540173
0.8946863080406259
0.8948341242413692
0.8949747151537708
0.895069306647354
0.8951719912911063
0.8952463744658057
0.8952835660531554
0.8953549832190201
0.8954307824101096
0.8955365577934568
0.8956871943847284
0.8959196403879772
0.8961986204304524
0.8965135691335986
0.8968736563696045
0.8972872767139427
0.8977672082719553
0.8983286185217781
0.8989887706306315
0.89976986205635
0.8999
0.8999034619277841
0.8999103857833524
0.8999242334944888
0.8999387565996605
0.8999525316674823
0.8999668099384922
0.8999834372435099
0.899991718621755
0.8999958593108774
0.9
0.9000034619277841
0.9000069238555682
0.9000138477111365
0.9000260198619946
0.9000387133273395
0.9000527400254844
0.9000688451850082
0.9000876630366306
0.9001130923789378
0.9001410900789943
0.9001710209609286
0.9002019374646039
0.9002325165311997
0.9002585053637236
0.9002874532836981
0.9003260803929855
0.9003540431992371
0.9003832721365902
0.9004145153380947
0.9004467973693994
0.9004829152060871
0.9005214627303346
0.9005537171189834
0.9005782600142136
0.9006006297536089
0.9006293364309528
0.9006587851358866
0.9006824216196967
0.9007071376148919
0.9007351589242641
0.9007709044374353
0.9008191808357405
0.9008585220585378
0.9008910062406332
0.9009210699551095
0.9009522376396171
0.9009797682601454
0.9010115949657669
0.9010364717934727
0.901058269943475
0.9010795983369663
0.9011018803027895
0.901128956308395
0.901155912893062
0.9011856760953358
0.9012128322072362
0.9012405092297896
0.9012710622658627
0.9013077779524143
0.9013530873220584
0.9014146240007952
0.9015046032050748
0.9016519369421617
0.9019443021856975
0.9022878765862348
0.9026713525408455
0.9031101866078809
0.9036139936904105
0.9042016663825942
0.9048945150157929
0.9057167437007559
0.9066991835308412
0.907883222416594
0.9093376215230022
0.9099
0.9099020594916833
0.90990617847505
0.9099144164417832
0.9099224756792075
0.9099310451093071
0.9099419063107603
0.9099543037465905
0.909969151636338
0.9099863991058716
0.91
0.9100020594916833
0.9100061784750499
0.910011903783633
0.9100190487015004
0.9100261019527397
0.910032762291437
0.9100395951819203
0.910047956965824
0.9100548695498797
0.9100616326587692
0.910068082235009
0.9100746198653301
0.9100814329958538
0.9100876804062272
0.9100925598986559
0.9100967500179109
0.9101014089329589
0.9101057272577158
0.9101102966426913
0.9101147550368983
0.9101195519253805
0.9101253257794893
0.9101324040872167
0.9101422171056961
0.9101562652053466
0.910166557857078
0.9101742068807175
0.9101808071883307
0.9101870348496368
0.9101941724095061
0.9101994571049633
0.9102060548034624
0.9102118258564293
0.9102170116989549
0.910221956960946
0.9102267115419292
0.9102315458539377
0.9102370139582376
0.9102459373960756
0.910252573843804
0.9102580584123838
0.9102637136219067
0.9102698492774386
0.9102774063718759
0.9102870422848671
0.9103005491683027
0.9103194275650073
0.9103351064841367
0.9103487355674453
0.9103620832736499
0.9103768233744024
0.910393609672775
0.9104098411800438
0.9104261602097766
0.910443380650167
0.9104599081464029
0.910474129076086
0.9104871131512908
0.9105001619949192
0.9105156732213663
0.9105375624127666
0.9105530859118492
0.9105673521273193
0.9105825995529201
0.9105999410064118
0.9106199483904438
0.910640581817981
0.9106616839501637
0.9106789774858959
0.9106936176907808
0.9107068498714367
0.9107197988624954
0.9107345969519643
0.9107495204306397
0.9107609977909926
0.9107701076734172
0.9107783108671845
0.9107863853821196
0.9107954606349468
0.910807584622241
0.9108198552787211
0.910829937829251
0.9108400363047353
0.9108509946333043
0.9108637682438597
0.9108801560272725
0.9108957104222699
0.9109114013712136
0.9109283353912748
0.9109461404965271
0.9109626737592178
0.9109810007141451
0.9110056293454049
0.9110315572334509
0.9110551904075085
0.911081665442645
0.9111148470688003
0.9111581724555726
0.9112153180741706
0.9112498952276537
0.911262878686082
0.9112888456029388
0.9113071373502434
0.9113203279240681
0.91133429364377
0.9113479725195134
0.9113625181899847
0.9113838118745419
0.9114097716151097
0.9114429735920417
0.9114852294703382
0.9115388626399562
0.911607455847108
0.9116870002834518
0.9117596851147876
0.9118330438755774
0.911912920926976
0.9120050747488104
0.9121217653302982
0.9122724725434245
0.9124085359782192
0.9125330296456245
0.9126558200487424
0.9127852353221401
0.9129336663503766
0.9131390844460543
0.9133379997074423
0.9135242631917464
0.9137226125735793
0.9139529562005555
0.914230634862318
0.9146056098858776
0.9151610986712793
0.9157144786836366
0.9162567942759009
0.9168081552649396
0.917449205682419
0.9182867076799454
0.9196587299141884
0.9199
0.9199028237711604
0.9199084713134811
0.9199197663981225
0.9199287695798843
0.9199399454684406
0.9199541157801941
0.9199715545167544
0.9199774919173438
0.919985561448683
0.9199915746369108
0.9199958771379778
0.9199979385689889
0.92
0.9200015788758639
0.9200038197486363
0.9200060907305155
0.920010632694274
0.9200151978510296
0.9200193437242303
0.9200238435026946
0.9200289631058279
0.920034958377722
0.9200410312068064
0.9200453501908653
0.9200484731514774
0.9200515644110562
0.9200546642835957
0.9200579235987645
0.9200609516736487
0.9200642166348302
0.9200680596423839
0.9200729974354546
0.9200800218577051
0.920086969340295
0.9200923467680725
0.920096869189367
0.9201010695099493
0.9201055232937573
0.9201125306644838
0.9201175612173182
0.9201214543326593
0.9201250401260546
0.9201283204706163
0.9201314776236595
0.9201347348779682
0.9201385316115055
0.9201423478254227
0.9201464689944269
0.9201501268163015
0.920153809225788
0.9201578543357029
0.9201625802613917
0.920168589186296
0.9201764848700872
0.9201842294419259
0.9201908940176661
0.9201975639274379
0.9202047595183865
0.9202130922178778
0.9202236209923956
0.9202341896996902
0.9202450407817385
0.9202551309849731
0.9202648446446788
0.92027523013902
0.9202828385977259
0.9202923829356779
0.9202994346705062
0.9203051758994871
0.9203107163054711
0.9203166377640951
0.9203251899213993
0.9203335630576522
0.9203403153319473
0.9203472063578596
0.9203548245539002
0.9203640043450891
0.9203764365494416
0.9203927847824865
0.920411914827626
0.9204292520713439
0.9204455500282933
0.9204629663571146
0.9204810323073481
0.9205002128444131
0.9205215030350005
0.9205458671169809
0.9205755476151842
0.9206032748087601
0.9206269062117928
0.9206488582286594
0.9206717612807063
0.9206953333720002
0.9207200910413627
0.920738875956639
0.9207553425821122
0.9207711744583805
0.9207873769240703
0.9208062335885044
0.9208294122950066
0.9208527978026781
0.920872743864811
0.9208928416621682
0.9209146835438349
0.9209408468545831
0.9209731286709486
0.9210169289487493
0.9210807888639942
0.9211843914515582
0.921368582670818
0.9214157350528693
0.9214554323435711
0.921483192453449
0.9215120956327841
0.9215406631441541
0.921565474920491
0.9215934780219475
0.9216199881120063
0.9216489949494701
0.921684627298405
0.921731809458887
0.921772743768743
0.9218176738277631
0.9218536931323449
0.9218907227274169
0.9219276239450503
0.921965657838012
0.9220152068293748
0.9221066367880774
0.9222118812903549
0.9223298483104202
0.9224028635250485
0.9224722478158065
0.9225586893988665
0.9226395295003837
0.9227143097571257
0.9228070829462444
0.9229649598329647
0.923205020154325
0.9234778091739667
0.9237903967759
0.9241508127836879
0.924567045426651
0.9250523884825268
0.9256209964001617
0.9262871511356638
0.9270692453171596
0.927992821399365
0.9290924430170482
0.9299
0.9299046116946407
0.9299138350839221
0.929932281862485
0.9299476319534606
0.929963330110898
0.9299775156013929
0.9299906527938994
0.93
0.9300046116946408
0.9300093313099984
0.9300187705407137
0.9300297354746321
0.930042583526925
0.9300558566499871
0.9300697623993116
0.9300841987593114
0.9301012758926506
0.9301235563839264
0.9301520165342436
0.9301849845616872
0.9302228110598362
0.930268875610772
0.9303259826575718
0.9303923746303947
0.9304690289315383
0.9305579941611383
0.9306597986357977
0.9307761895026907
0.930853659874543
0.9309293078649691
0.9310117680734898
0.9311026587388125
0.9311804275460294
0.9312697673589605
0.9314231607859224
0.9316884190014948
0.9320006066586396
0.9323635341998878
0.9327859952923196
0.933296266925776
0.9339945414288492
0.9350350226197461
0.9363899165212618
0.9380104082212438
0.9399
0.9399030937997204
0.9399092813991612
0.9399216565980428
0.9399322525453901
0.9399440492844899
0.9399584662408871
0.9399692327389885
0.9399777294024714
0.9399852061603613
0.9399922955292824
0.9400000000000001
0.9400030937997205
0.9400073715819662
0.9400125095022728
0.9400173813587489
0.9400227563104498
0.940028706259714
0.9400332220934989
0.9400371403669313
0.940040977148282
0.940045087918874
0.9400504219679054
0.9400561360982992
0.9400612916097945
0.9400662728369832
0.9400706438875818
0.9400742230518067
0.9400778610970179
0.9400819606941848
0.9400861374983543
0.9400898750111252
0.9400938215811767
0.940098330237912
0.9401039841167793
0.9401117337348839
0.940123699384464
0.9401333973122094
0.9401403873323994
0.9401461822993575
0.9401514582361558
0.9401570686643209
0.9401629401065182
0.9401692282446159
0.9401742670837098
0.9401787800484638
0.9401830157925104
0.9401870469339814
0.9401911021052257
0.9401955706046309
0.9402019495415254
0.9402079877604408
0.940212709412416
0.9402173971393625
0.9402224325015646
0.9402283101800835
0.9402358071220426
0.9402460808863256
0.9402603555032044
0.9402833942612069
0.9403285871350553
0.9404126787057248
0.9405094655381342
0.9406211557077685
0.9407621131858557
0.9409230252041348
0.9411088717686809
0.9413258335867134
0.9415800073368872
0.9417560539506732
0.941931517540103
0.9421068695316679
0.9423094623376962
0.9424766762994757
0.9426667261678656
0.9430468259046454
0.9436268720656039
0.9442792175282557
0.9450301801392216
0.9459025294468436
0.9469264471668484
0.9481547995283137
0.949666395960333
0.9499
0.9499040423801587
0.9499121271404761
0.9499278470784935
0.949940539701245
0.9499577617538485
0.9499806633916411
0.9500000000000001
0.9500040423801588
0.9500121271404762
0.9500194892668414
0.9500301969226056
0.9500398313226593
0.9500478848851657
0.9500554663125242
0.9500634292766312
0.9500750173778821
0.950084822289745
0.9500926851250198
0.9501006255878677
0.9501091090578742
0.9501184807083304
0.9501274598463987
0.9501340907213707
0.950139378328173
0.9501449327835112
0.9501501289879822
0.950155770876002
0.9501611898520901
0.950167000475001
0.9501740086668604
0.9501825871820643
0.9501946038506841
0.950207456524218
0.9502173513609122
0.9502254914449123
0.9502329242889932
0.950240555058434
0.9502511747901273
0.9502604116992274
0.9502672180813162
0.9502733007172953
0.9502789370852999
0.9502844090905234
0.9502901786322125
0.9502971489212753
0.9503034727396892
0.9503105999147555
0.9503171267378103
0.9503237257708793
0.9503310120074088
0.9503395071218286
0.9503501642385349
0.9503645165552507
0.9503840967342932
0.9504151871931218
0.950474397844433
0.9505415505563901
0.9506057659872095
0.9506712021676325
0.9507335853369333
0.9507856532999786
0.9508247692249375
0.9508604301421144
0.9508997053437708
0.9509416269656741
0.9509850769242278
0.9510234083300427
0.9510565288657523
0.9510875722395863
0.9511199944075615
0.9511627728713685
0.9512118839463456
0.9512484461080918
0.9512843865010282
0.9513235790421528
0.9513698502333434
0.9514173447794809
0.9514678102491427
0.9515078352124468
0.9515487536202538
0.9515846095092567
0.9516186859082721
0.9516554081925834
0.9516990950723374
0.9517533884164924
0.9518009249797509
0.9518462404820976
0.9518950107420876
0.9519496174841822
0.9520125535594584
0.95208247571687
0.9521647952711134
0.9522626687097375
0.9523775031799999
0.9525021281804851
0.9526418567535898
0.9528083156283396
0.9530105314091096
0.9532781328056632
0.9536615639550013
0.9542728714309071
0.9549823376748983
0.9558015572907049
0.9567691291040571
0.957907924038734
0.9593103236571573
0.9599
0.9599023532001618
0.9599070596004855
0.9599164724011329
0.9599264023950096
0.959936322056521
0.9599490237560028
0.9599638893324016
0.9599805918425829
0.9599902959212914
0.96
0.9600023532001618
0.9600070596004855
0.9600137332082299
0.9600270804237188
0.9600392547246429
0.9600522464526867
0.9600672687013471
0.9600812092844313
0.9600938296911005
0.960106235607385
0.9601200180932932
0.960134518607868
0.9601497939423372
0.960162656226502
0.960174646810136
0.960185940454762
0.9601961006588613
0.9602051759582967
0.9602136547380101
0.9602223758925216
0.9602334223145073
0.9602429668892958
0.9602523338980195
0.9602613921708228
0.9602709042216986
0.9602817074929529
0.9602950373326096
0.9603101184385407
0.9603242127815044
0.9603375068770915
0.9603493414993166
0.9603602265146817
0.9603712494212141
0.9603828283887409
0.9603932281398339
0.9604030675201398
0.9604129949315016
0.9604239032370493
0.9604366956828643
0.9604515753442476
0.9604642186415004
0.9604764196900439
0.9604895035974186
0.960504460954768
0.9605232803551124
0.9605425718559608
0.9605662185466906
0.9605973007564568
0.9606227707354971
0.9606454477947615
0.9606680452321497
0.960691436448839
0.9607172811519986
0.9607485616964698
0.9607868244657327
0.9608258417446234
0.9608588102318222
0.9608916021961968
0.9609269799979882
0.9609678229167694
0.9610188222303272
0.9610871322968905
0.9611796225917077
0.9613246573057527
0.9615466225092669
0.9617995774103746
0.96208791839208
0.9624206125205889
0.9628061927537547
0.9632580148079924
0.9637902901726844
0.9643449120155547
0.9650795367416541
0.9657061075378089
0.9662593120825185
0.9668975170694257
0.9676917625097176
0.9690689599106688
0.9699
0.9699047705290529
0.9699143115871587
0.9699333937033703
0.9699478104013615
0.969964034862328
0.9699801669275928
0.9699900834637964
0.97
0.9700047705290529
0.9700106539247856
0.9700197641220375
0.9700333989717005
0.9700446177644956
0.9700566172228388
0.9700718077796187
0.970090472738189
0.9701060875293406
0.9701226011029795
0.9701415161492246
0.9701660118214399
0.9702034319174996
0.9702204741201341
0.9702368034091008
0.9702571004864029
0.9702749763820596
0.97029220123502
0.9703143454974075
0.970355587419483
0.9704315740520678
0.9704721298541846
0.9705136893145924
0.9705532045685841
0.9706055595983898
0.9706451921100615
0.9706902648531914
0.9707071728625316
0.970740988881212
0.97074771691173
0.9707611729727661
0.9707736049713539
0.9707854558347666
0.9707981309828012
0.9708081010861431
0.9708188050713555
0.9708256998264204
0.970833471925655
0.9708393232702234
0.9708460023742471
0.9708525112147254
0.970858941737086
0.9708670306886451
0.9708803038250924
0.9709061277338332
0.9709349816717996
0.9709670296784559
0.9710036710416743
0.9710455910053608
0.9710940809814254
0.9711505889779025
0.9712165952737021
0.9712931279739113
0.971381695046477
0.9714843518580673
0.971603461706615
0.9717417751217755
0.9719024639770656
0.9720892119121498
0.9723062691630552
0.9725586219676234
0.9728520795818343
0.973193482887992
0.9735909457134827
0.9740541305544071
0.9745644122422018
0.9751926014134344
0.9756843318051457
0.9761718777963888
0.9770431829560731
0.9780517680872015
0.9794208144695027
0.9799
0.9799041682498651
0.9799125047495955
0.9799291777490561
0.9799428474443335
0.979963293889013
0.9799816469445065
0.9799908234722532
0.9799954117361266
0.98
0.9800041682498651
0.9800076903182742
0.9800139437507791
0.9800259356522845
0.980037900327605
0.9800479169549952
0.9800569128698
0.9800657003767397
0.9800759866065062
0.9800881038664248
0.9800973779006108
0.9801058597018065
0.9801146264696415
0.9801237901148594
0.9801323008968206
0.9801389313563297
0.980144627928761
0.9801510699136329
0.9801571853537178
0.980163300583778
0.9801693589058391
0.9801759758089782
0.9801840472573257
0.9801916503320112
0.9801984616545265
0.9802049481586182
0.9802117451604566
0.9802208987031287
0.9802302418257052
0.9802373440131107
0.980244317496863
0.9802518071928421
0.9802605084122161
0.980270915576464
0.9802818941610283
0.9802899126286875
0.9802968926521848
0.9803033907116483
0.9803096306648112
0.9803161346615507
0.9803238380118205
0.9803313399810986
0.9803396868923406
0.9803471748911674
0.9803534754692336
0.9803593017378908
0.9803652240627183
0.9803723211509071
0.9803792332799417
0.9803867423368374
0.9803937749518633
0.9804011124808889
0.9804094443127457
0.9804194957579804
0.9804328625928086
0.9804502374850763
0.9804709436207116
0.9805023500811897
0.9805248770885729
0.9805441265062689
0.9805639854578103
0.9805855460409449
0.9806107539229793
0.9806421571191748
0.9806822846274643
0.980715133888761
0.9807485068155068
0.9807825623198441
0.980815706714655
0.9808504913302969
0.980892299852276
0.9809499187365002
0.9810493632525836
0.9812442187477926
0.9814776052218652
0.98168926156799
0.9818864083722486
0.982085442519583
0.9822830566086607
0.9824769997242144
0.9827120149587372
0.9830103058465001
0.9834977705234182
0.9841655803154233
0.9849407566197564
0.9858442716415837
0.9868933026229305
0.9881132538150468
0.9895421626116768
0.9899
0.9899046175695376
0.9899138527086129
0.9899323229867634
0.9899455175534458
0.9899579846743434
0.9899717563016123
0.9899864041371548
0.9899932020685773
0.99
0.9900046175695376
0.9900094902658363
0.990016987416546
0.9900259464404556
0.9900367365662187
0.9900452289533873
0.9900526270012199
0.9900602800923677
0.9900698524722195
0.9900801892318462
0.990090447868352
0.9901006207628782
0.9901121276077233
0.9901255262049128
0.9901432649212568
0.9901680170459672
0.9901993338420548
0.9902347376230132
0.9902715979541381
0.9903113934932768
0.9903560931261681
0.9904095320357564
0.9904750907983878
0.9905363760058749
0.9905860801831644
0.9905961580864209
0.9906163138929338
0.9906305302534003
0.9906478666304409
0.9906564630406947
0.9906650002138738
0.9906730944634997
0.9906800240049246
0.9906864542976945
0.9906928513095262
0.9907000770080331
0.990704393324394
0.9907097850777439
0.9907141348596302
0.9907177805250936
0.9907213717242093
0.9907251783215817
0.9907300395952482
0.9907349577561343
0.9907393283846594
0.9907437175627211
0.9907483961093048
0.9907537783098233
0.9907601630619761
0.9907660071582339
0.9907719374778069
0.9907784231795465
0.9907858900073383
0.9907952600970482
0.9908072357327041
0.990820955204093
0.9908349865219326
0.9908489067218187
0.9908522519813174
0.9908589425003149
0.9908625963161497
0.9908659798250539
0.990871377625533
0.9908752730732246
0.9908791076828759
0.9908842456086796
0.9908917867366805
0.9909068689926824
0.9909260171674402
0.9909483700701606
0.9909755689381304
0.9910101645967014
0.9910605854266454
0.9911268716628614
0.9912313299844975
0.9913999509517577
0.9915280334998623
0.9916509355296531
0.991791137488899
0.9919710755921958
0.9922808687885594
0.9929004551812866
0.9936890646687939
0.994662205240524
0.9957894525067786
0.9971065968447277
0.9987069893657365
0.9999
0.9999014900104725
0.9999044700314174
0.9999104300733072
0.9999177964228483
0.9999253044080004
0.999932771227752
0.999940419927143
0.9999492329050886
0.9999565765798997
0.9999619749460125
0.9999670749950547
0.9999730982203578
0.9999795487861671
0.9999867275196069
0.9999938311744915
0.9999969155872457
1.0
