0.0
0.001
0.003
0.006381064065248212
0.0099
0.009908275796536935
0.009924827389610803
0.009957930575758538
0.009978965287879268
0.01
0.01000827579653693
0.01001824722725294
0.01003506802426757
0.01005900606962742
0.01008295893449571
0.01011304342656448
0.01014761162251998
0.01017841894029273
0.01020985031981694
0.01024743538491693
0.01029374079830327
0.01034234491363764
0.01038988739994917
0.01044168151060735
0.0105055210603383
0.01059429577621302
0.01070188791270677
0.01082553663628844
0.01097314493166751
0.01114834176242834
0.01136561879048341
0.01164967987686758
0.01204881501325561
0.01267666419610621
0.01391314042534287
0.01638609288381621
0.0199
0.01990198083765344
0.01990529276129631
0.01990742348343905
0.01990950348088147
0.01991240780710277
0.01991652731246084
0.0199239769586678
0.01993450183951213
0.01994655210873987
0.01995900427617949
0.01997189208287757
0.01998578920204751
0.01999289460102376
0.01999644730051188
0.02
0.02000198083765344
0.02000399093171078
0.02000761860912337
0.02001287153015501
0.02001840344187046
0.02002363027496376
0.02002868646471025
0.02003394404829665
0.02004047238651142
0.02004634429052942
0.02005212866254968
0.02005756869607121
0.02006315327231482
0.02006932644884198
0.02007626162317813
0.02008348855770727
0.02008916950773697
0.02009321814659919
0.02009678131009876
0.02010112748566353
0.02010608049075906
0.0201098518438505
0.02011368642926378
0.02011796153392677
0.02012322672734244
0.02013056643533132
0.02013783963826331
0.02014356924340882
0.02014828913673486
0.02015238871285491
0.02015613910016975
0.0201598262929307
0.02016375155969686
0.02016851152542033
0.02017385372058154
0.0201788273329777
0.02018306983373031
0.02018704605517638
0.02019088392445835
0.02019462530137864
0.0201983224918062
0.02020207142747623
0.02020611314629514
0.02021118334479651
0.02021568893858975
0.02022044617276635
0.0202248914801934
0.02022941644844501
0.02023441558386989
0.02024023642139465
0.02024647666923223
0.020252420508282
0.02025826244047871
0.02026433910739695
0.02027132853811987
0.02028124085978014
0.02028934009102165
0.02029576464802856
0.02030173435094233
0.02030739318747846
0.02031292743492076
0.02031851314848005
0.02032437318579683
0.02033107162552669
0.02034133682434668
0.02035002385066673
0.02035698123140194
0.02036394882897267
0.02037138460034438
0.0203800299054318
0.02039089603902978
0.0204050446507538
0.02042109975215362
0.02043951009804866
0.0204610913186092
0.02048718005814014
0.0205162517324118
0.02054240821640999
0.02056603360324329
0.02058596378110756
0.02061647627359606
0.02064614835643355
0.02067179998607448
0.02069169151159387
0.02070873826837224
0.02072812662344608
0.02074612820556034
0.02077944947822464
0.02081897690838081
0.02084702768396897
0.02087794804998312
0.02090666463128081
0.02093582967598287
0.0209694341547073
0.02101045067509672
0.0210634287649554
0.0211350336775213
0.02122882968218723
0.02131707122885423
0.02140398148269538
0.02149490862677497
0.02159335177521238
0.02169489647256325
0.02178153638705113
0.0218556823356376
0.02193009288305962
0.02203635911180165
0.02212889652443594
0.02220562798707197
0.02228590385222808
0.02237557045804886
0.02246716428580871
0.02254787969489968
0.02262134334120597
0.02269235345223396
0.02276732227858206
0.02286929412715413
0.02295856813587879
0.02302219552720367
0.02307925946244629
0.0231349643670549
0.02319410264309434
0.02326537422655814
0.02339032255643742
0.02348436243037176
0.02356330304870612
0.02364459713596104
0.02373160999262593
0.02383577186236914
0.02396354381022238
0.02413266125585281
0.02436851496900789
0.02472146398432449
0.02530711537454127
0.02617815845316726
0.02716391794748565
0.02828545066978044
0.02959342858904324
0.0299
0.02990273850208243
0.02990821550624728
0.02991916951457698
0.02992752230047719
0.02993540184067734
0.02994468274397884
0.02995453838336839
0.0299634933497565
0.02997162509784656
0.02997933035591703
0.02998710638020208
0.02999410599517161
0.03
0.03000273850208243
0.03000663596593823
0.0300110297894185
0.03001801365760292
0.03002329002837534
0.03002755811079376
0.03003175892479301
0.03003623534978109
0.03004211443405489
0.03004803058519741
0.03005388157323447
0.0300595882399232
0.03006566703945359
0.03007262172554015
0.03008119693300855
0.0300926086169774
0.03010801351458631
0.03013210425148142
0.03016933170769766
0.03021144904089006
0.03025910408665441
0.03031374598774993
0.03035302131554095
0.03038093455721834
0.03040280775999763
0.03042049842545528
0.030435577114122
0.03044902454080576
0.03046133931934026
0.03047284171747739
0.03048374047499578
0.03049418175558965
0.0305042846011761
0.03051415398641592
0.03052388973030423
0.03053359409512628
0.03054337971545534
0.03055338002856721
0.03056376540643061
0.03057477188334616
0.0305851678279863
0.03059300063252171
0.03060025294096533
0.0306064428369061
0.03061162726073956
0.03061655907122671
0.030621213237262
0.03062576870571461
0.030630351947747
0.03063507943035911
0.03064007175407796
0.03064546069710035
0.0306514039401843
0.03065815520697415
0.03066643968832184
0.03067590797589564
0.030684683752045
0.03069291562893842
0.03070103924854039
0.03070928033960818
0.03071607492332494
0.030721143289722
0.0307259813728509
0.03073011272926699
0.03073355813278972
0.03073696809883782
0.03074034846638386
0.03074310034709103
0.03074625802030912
0.03074920554672585
0.03075207366993579
0.03075497426304487
0.03075793753492793
0.03076101909676731
0.03076428729282877
0.03076786959942943
0.03077211912995271
0.03077674811556186
0.03078151817260966
0.03078539440093231
0.03078907701316013
0.03079308415519303
0.0307978477967006
0.03080387869117065
0.03081165613428388
0.03082179797793039
0.03083357331395877
0.03084474558052672
0.03085512539836717
0.03086511166406213
0.0308751640762556
0.03088515956071521
0.03089410002044682
0.03090219665583824
0.03091090741356935
0.03091939937821679
0.03092703908988324
0.03093430825558317
0.0309416107038316
0.03094955831612364
0.03095983434021996
0.03097105970430164
0.03098087116766654
0.03099013410070215
0.03099962730258178
0.03100835070415171
0.03101698985475938
0.03102646361971321
0.03103831864317036
0.03105268590304613
0.03106799869213501
0.03108174507972591
0.0310953697937889
0.03110986119434793
0.03112608087984675
0.03113297989010374
0.03114061994044842
0.03114724747136175
0.03115596042480498
0.03116272917450236
0.03116966594595795
0.03117974216384649
0.03119254211707135
0.03120921523689214
0.03123018532837848
0.03124798375281411
0.03126690671895821
0.03128474741752996
0.03130574533986584
0.0313210020433454
0.03133778652796165
0.03136248174138231
0.03138149295773936
0.03139829057817535
0.0314147140874605
0.03143134296301737
0.03144940014315313
0.03147019084279761
0.03149620075150834
0.03152954840372909
0.03156820697214877
0.03159989194601
0.03163047374099732
0.03165984184160065
0.03169173920030052
0.03172643515039551
0.03176568933666137
0.03181210300060487
0.03186948773405224
0.03194438986681926
0.03204951379124051
0.03218870659576094
0.03230109656845643
0.03239544417663343
0.03247027223937976
0.03254522403091941
0.03261221181661453
0.03267334271243033
0.03275680379156662
0.03285773333233909
0.03295065019772468
0.03307874004476759
0.03321210693958532
0.0334025183564539
0.03370051761330171
0.03426917864929302
0.03484627369882416
0.03540824700646963
0.03600638158784467
0.03658759962843228
0.03715330719601644
0.03781685866716009
0.03868425833965981
0.0399
0.03990312658527946
0.03990937975583839
0.03992188609695624
0.03993514047162151
0.03994820055284074
0.03996164709257006
0.03997477718749493
0.03998869305364469
0.04
0.04000312658527946
0.04000793776249105
0.04001659194889048
0.04003110581260034
0.04004454198746096
0.04005685644817633
0.04006954380060261
0.0400832512056416
0.04009953624688438
0.04012009645295302
0.04013928298583522
0.04016120086570073
0.04018250226330133
0.04020372833794093
0.04022959910237607
0.0402546585471741
0.04028651573072967
0.04031944516957169
0.04035801061335539
0.04040959164802424
0.04044972938232333
0.04048423524869388
0.04052293018014692
0.0405654045170883
0.0406133991564966
0.04064813766496136
0.04069356341686962
0.04073433967451837
0.04077305235471591
0.04082313091153
0.04091516374524928
0.04093992320000103
0.04096473265960825
0.04099165123570243
0.04101168415900532
0.04103232754261164
0.04105312848063646
0.04107266335884551
0.0410949012737421
0.04112111431416392
0.04115021189363386
0.04117325768173501
0.04119417097447967
0.04122384611659917
0.04124570141455259
0.04127044568224083
0.04130703291482093
0.04136904954054894
0.04144054882105819
0.04152107627210647
0.0416022987536354
0.04166420469214142
0.04170874010704636
0.04174596599708451
0.04178575302819729
0.04182414950240695
0.04186461050613372
0.04190366352376076
0.04194561323839475
0.04199747240631732
0.04205288687163973
0.04210070825632102
0.04214424601742341
0.04218795228195926
0.04224237642471751
0.0422774480917185
0.04231311890771872
0.04234514832661656
0.04237494598744496
0.04240591935242502
0.04244119708373265
0.0424945090980927
0.04254361791784958
0.04258308826438368
0.04262272115826991
0.04266518489844014
0.04271598476804344
0.0427786234197039
0.04286297580377497
0.04298453250079416
0.04316496005760882
0.04348897430511477
0.04393699449547141
0.0444408499305288
0.04501372045595766
0.04567132699800092
0.04643325160629409
0.0473302321610767
0.04834729198201626
0.04945346109921347
0.0499
0.04990284345682718
0.04990853037048155
0.04991990419779028
0.04993148140332573
0.04994205276557247
0.049951395214994
0.04995997934806952
0.04996839528620724
0.04997706339847859
0.0499856087448444
0.0499928043724222
0.05
0.05000284345682719
0.05000647983032186
0.05001183108383967
0.05001742496357891
0.050024672367962
0.05003369293427973
0.05004132067231269
0.05004861872004539
0.05005652763782901
0.05006587110271527
0.05007820992307686
0.05009511534312634
0.05012095094015591
0.05015053588955393
0.05018453378045575
0.05022387458274337
0.05026101768785965
0.0502923769051067
0.05032023991013956
0.05034661434918629
0.05037395945393547
0.05040825268511966
0.05043556845163638
0.0504643198852202
0.05048987347364967
0.05051279233995982
0.05053370449050928
0.05055259998690236
0.05057021290870762
0.05058774088021753
0.05060727673407497
0.05063892404611091
0.05066219086238739
0.05068119506263406
0.050700567384735
0.0507212578629583
0.05074630644480101
0.05077624641228226
0.05080540397405688
0.05083518200450866
0.05087100701341071
0.0508997013071337
0.05092093643535515
0.05093897866131367
0.05095615954048716
0.05097503422872263
0.05098913224359378
0.05100335833495059
0.0510171727297113
0.05103381071725957
0.05104987352915187
0.05107339321047747
0.05109301043979891
0.0511238463595396
0.0511471983134978
0.05117139711505947
0.05120001256542053
0.05123466472932853
0.0512793671685342
0.05133051424555511
0.05138196529433214
0.05143622558511447
0.05149560285716163
0.05156408971851126
0.05164367435740399
0.05174318650722404
0.05187429873691098
0.0520270993243654
0.05223897360743226
0.05256358197390428
0.05298036912125345
0.05345702780761674
0.05400512684498941
0.05464013200444116
0.05538462382546446
0.05627399728262817
0.05733089843371044
0.05857549966585809
0.0599
0.05990757972687896
0.05992273918063686
0.05995305808815268
0.0599763181290168
0.06
0.06000757972687895
0.06001820990267527
0.06003178074879225
0.06005519846633201
0.0600780456540784
0.06010209870313259
0.06012969412320497
0.06015921412700683
0.06019638608337165
0.06024034830335959
0.06029207038749518
0.06035284213945453
0.06042394698851784
0.06049573112083628
0.06057439114081158
0.0606640281262234
0.06077057191688685
0.06090704123512262
0.06107807811926155
0.06127200141530551
0.0614588209734357
0.06163622394406947
0.06180594537633359
0.06197398847253197
0.06215514351096341
0.06239602345417084
0.06266768084261527
0.06286479987458768
0.06305243957604341
0.06324305392034488
0.06346733509016249
0.06368588752151924
0.0639000500451019
0.06413762289416024
0.06446437548667372
0.06487034418920168
0.06518544247775947
0.06550470703819995
0.06586714990355655
0.0662344002811338
0.06677275963762647
0.06720756597293318
0.06763339964865141
0.06817649668763079
0.0692052925209373
0.0699
0.06991254792167743
0.0699376437650323
0.06996882188251616
0.07
0.07001254792167744
0.07002892397687246
0.07005282663861208
0.07008079278725617
0.07011168769228726
0.07014649523290381
0.070187750898214
0.0702324428069005
0.07027685278856823
0.0703517121985261
0.07043853186706077
0.07053554251808046
0.07061879002168717
0.07073041148680935
0.07085686812464057
0.07100131781656999
0.07116654616263715
0.07135491035448843
0.07158370929837263
0.0718393487936837
0.07212789628816857
0.07247007225112943
0.07288484226931687
0.07336543309884332
0.07390991680714667
0.07452627354375446
0.07528116140183477
0.0762854385310154
0.07760696561918481
0.0794517355559985
0.07990000000000001
0.0799071391937613
0.07992141758128388
0.07994937949690646
0.07996925026056018
0.0799846251302801
0.08
0.08000713919376129
0.08001667911438401
0.08002794399516819
0.08004714379976921
0.08006539144234309
0.08008658551289051
0.08011261501223871
0.08014009401378538
0.08017074424448721
0.08019720345591443
0.08022100410397404
0.08024516261456763
0.08027502588984047
0.0802993980745258
0.08032366608583809
0.08034654251910898
0.08036925549782725
0.08039221292610108
0.08041288992050043
0.08042970782589656
0.08044461718345465
0.08046088819298677
0.08047656131056073
0.0804937229150819
0.08050967925676832
0.08052634456118789
0.08054517469606765
0.08056810577487833
0.08059870529464193
0.08063916210550308
0.08067304196045597
0.08069994885605139
0.08072361724201893
0.08074646932654056
0.08077346209571852
0.08079275939920977
0.08081364732100353
0.08083196052468204
0.0808486037518358
0.08086515283716028
0.08088263202737934
0.0809037504505852
0.08092449360627971
0.08094760884216666
0.08096846278239823
0.08098948195341739
0.08101246209582194
0.08103973722307345
0.08107288054380309
0.0811169384186345
0.08117935945161613
0.08127661690568168
0.08144072494351584
0.08166945388427736
0.08192618807321703
0.08221187483072163
0.08254745647517873
0.08296167108248538
0.08346295145286627
0.0840426547990577
0.0847091309031575
0.08548115800962179
0.08638371823430212
0.0874514736118512
0.08873898319502158
0.08990000000000001
0.08990494951106691
0.08991484853320071
0.08993464657746832
0.089950759044779
0.08996389097593399
0.0899769308031186
0.08999057912951665
0.09
0.0900049495110669
0.09001079631171102
0.09001953671727192
0.09002976548697077
0.09004107653740705
0.09005426267346363
0.09006976558515348
0.09008330338428704
0.09009785892917764
0.09011466508391942
0.09013685008003573
0.09017037196828415
0.0902096068722991
0.09025487046907667
0.09030730979435382
0.09036812389536833
0.0904392886099079
0.09052304249761207
0.09061773350780175
0.09071912655260121
0.09084375404473609
0.09099220102709261
0.09116296813376543
0.09135708924308399
0.09158099767547954
0.0918367064759611
0.0921476803425201
0.09253258398949936
0.093049425630408
0.09384482001755039
0.09543560879183517
0.0982548473625304
0.0999
0.09990477823374222
0.09991433470122665
0.09993344763619552
0.09994939874762325
0.0999656630822539
0.09998283154112694
0.1
0.1000047782337422
0.1000130095538374
0.1000247510389404
0.100042551446943
0.1000587298746025
0.1000761775688584
0.1000963230564689
0.1001201341422891
0.1001450298413457
0.1001681320486473
0.1001881304642519
0.1002078016315303
0.1002300215259589
0.1002643489527314
0.1002964731313622
0.1003238691649877
0.1003527751995943
0.1003853503204331
0.1004261484097742
0.1004823330666652
0.1005402082154081
0.1005840961208217
0.1006262845830913
0.1006707272512719
0.1007201648019383
0.1007725094670167
0.1008170837236579
0.1008522112551401
0.1008843083618686
0.1009225091700539
0.1009713697516476
0.1010058322247387
0.1010397292304997
0.1010769354182871
0.1011223686823998
0.1011813549561068
0.1012443284883306
0.1012975236941625
0.1013451741062105
0.1013928828789623
0.1014548874146475
0.101507985869048
0.101545476318988
0.101579081944505
0.1016123240334273
0.1016492845759479
0.1017039726358121
0.1017580766822132
0.1018014986385636
0.1018453489165476
0.1018927652486161
0.1019496971924971
0.1020207855679109
0.1021190070132995
0.1022661495726379
0.1025163577671233
0.1029269623778639
0.1033875153234865
0.1039033736213723
0.1044919044598894
0.105167831656765
0.1059570788509811
0.1068881617176891
0.1079947731162511
0.1093201664310861
0.1099
0.1099078248580636
0.1099234745741909
0.1099438918146031
0.1099638133231697
0.1099819066615849
0.11
0.1100078248580636
0.110017339016705
0.1100336718259317
0.1100564191807889
0.1100765964374354
0.1100984364060258
0.1101235694633639
0.1101530344553841
0.1101822963366918
0.1102153145940593
0.1102458179473478
0.1102748325399757
0.1103052097259663
0.1103427317478595
0.1103713378396058
0.1104026491888264
0.1104298149403616
0.1104534943029806
0.110474927168129
0.1104944679774427
0.1105131597400821
0.1105325277926855
0.1105558312269743
0.1105755307691436
0.1105983749418213
0.1106193000466973
0.1106401660531002
0.1106628958960034
0.1106888037182791
0.1107201661229604
0.110751960692507
0.1107872149929177
0.1108151441003895
0.1108456822318361
0.1108707105842064
0.1108929463206092
0.1109150230720488
0.1109385931997641
0.1109679757702983
0.1110006567929643
0.1110250609568746
0.1110532135428018
0.1110824141942984
0.1111142282427308
0.1111490240987123
0.1111852094879142
0.1112268320385108
0.1112777106496814
0.1113461163258373
0.1114463872755415
0.1115994489031787
0.111766518039722
0.1119563888970792
0.1121749754873226
0.1124410684244721
0.1127866404035342
0.1132524819534706
0.1137948718081967
0.1144244087594159
0.1151607776953319
0.1160341021208986
0.1170655765362536
0.118285805507107
0.1197127259883721
0.1199
0.1199064141807086
0.1199192425421257
0.1199385272097905
0.1199564848353038
0.1199763348098296
0.12
0.1200064141807086
0.1200164812943555
0.1200269768992766
0.1200479681091186
0.1200697475125512
0.120090164753216
0.1201083714683875
0.120125105307158
0.1201426551373965
0.1201675714403267
0.1201898719731594
0.1202071171475409
0.1202240510960228
0.1202419235821257
0.1202614307687107
0.1202808204343701
0.1202961807108739
0.1203082411838829
0.1203196703043419
0.1203345375727706
0.1203497177104621
0.1203617087833879
0.1203739279346334
0.120387421140086
0.1204038494088693
0.1204261780700304
0.1204562397222487
0.1204809509939255
0.1205008573412086
0.1205186744355531
0.1205361480031985
0.1205574785998916
0.120572692941677
0.1205885489813376
0.1206026054885795
0.1206154145110783
0.1206280784975298
0.1206413422184528
0.1206570832679359
0.1206731221073854
0.1206909199614947
0.1207066763076632
0.1207224714356513
0.1207397512132888
0.1207597898601825
0.1207848807592511
0.1208186419978999
0.120864289697226
0.1209362083494813
0.1210693063670874
0.1212022007513283
0.1213150032003595
0.1214165135820198
0.1215123410990437
0.1216120443055708
0.1217450522316326
0.1218207844253794
0.1218990124464221
0.1219667920842332
0.1220253062415354
0.122082361393813
0.1221430395649776
0.1222224724717313
0.1223140232586192
0.1223835523367529
0.1224502344002311
0.1225214403041497
0.1226028733683015
0.1227068786965688
0.1228322665123337
0.1229369655967844
0.1230284804440957
0.1231237316720091
0.1232326217613848
0.1233564248262093
0.1234731668029653
0.1235765854227828
0.1236790016250408
0.1237941841823725
0.1239415074183471
0.1241093198843019
0.1242517944798681
0.1243985109230586
0.124563874225882
0.1247617401020843
0.1250096754531543
0.1252631607661839
0.1255366411739751
0.1258544061895304
0.1262262821697538
0.12670222529303
0.127362912418158
0.1283116140569213
0.129659974625753
0.1299
0.129913615789777
0.1299408473693309
0.1299669935004325
0.1299834967502163
0.13
0.130013615789777
0.1300262578935332
0.1300398959854245
0.1300671721692072
0.1300971789616133
0.1301273062662431
0.1301617490456105
0.1301941427530432
0.1302243192387358
0.1302558890876037
0.1302978193632088
0.1303378837826323
0.1303679447364464
0.1303963926332809
0.1304247598471443
0.1304514715610559
0.130473883719963
0.1304931446415855
0.1305128322102414
0.130543143410767
0.1305669470015021
0.1305871612629259
0.1306085606033605
0.1306325314138421
0.1306627065639138
0.1307046201022183
0.1307526049716768
0.1307907146916704
0.1308223284871158
0.130851358456716
0.1308814124696855
0.1309096243276526
0.1309410263073656
0.1309652698241862
0.1309865219922194
0.1310071939506756
0.1310286017103479
0.1310539751640727
0.1310818464051914
0.1311121681267686
0.1311386896162951
0.1311653106677741
0.1311942665599407
0.1312286392100982
0.1312705348406832
0.1313264648248251
0.1314062817103308
0.1315314601460285
0.1317614924773241
0.1321075590760536
0.1324940456921858
0.1329293259701275
0.1334268262550951
0.1339999389208727
0.1346686314362608
0.1354452786247405
0.1363549492761303
0.137431016351459
0.1387223437376261
0.1399
0.1399036546020951
0.1399109638062853
0.1399255822146658
0.1399486364557568
0.1399698647326387
0.1399877599833664
0.14
0.1400036546020951
0.1400089528083381
0.1400195492208239
0.1400321459658015
0.1400445046988089
0.1400542577995549
0.1400630619983002
0.1400719956528054
0.1400824409640594
0.1400980096996769
0.1401110181281791
0.1401226660380219
0.1401350669578212
0.1401490515089652
0.1401609253725885
0.1401736128354621
0.1401882720699975
0.1402032427186433
0.1402187919881201
0.1402358310546671
0.1402558778459785
0.1402775776602582
0.1403018306269901
0.140325478645272
0.140348484032636
0.1403728966505151
0.1404002770744439
0.1404333424081598
0.1404744598193325
0.1405150522917309
0.1405505431313456
0.140582779044949
0.1406118976771568
0.1406382388517944
0.140662916131113
0.1406875408612124
0.1407150350389891
0.1407589234797074
0.1407919486085751
0.1408188082305866
0.1408462236669289
0.1408754963913999
0.1409108724907111
0.1409520752877726
0.1409958930077279
0.1410424036568558
0.1410845264149882
0.1411143798628412
0.1411402611233127
0.1411661264410789
0.1411963413742717
0.1412436114304948
0.1412799138116434
0.1413127037061723
0.1413478703943901
0.14138787163584
0.1414375295538659
0.1415045873477648
0.1415884977351538
0.1416622881108673
0.1417338891730825
0.1418094231988866
0.1418928958368725
0.1419914736349319
0.142109445329841
0.1422610873842246
0.1424672957282684
0.142728241274595
0.1430921306628678
0.1436049700938238
0.1441943132540527
0.1448730937245747
0.1456645077360533
0.1466025164206299
0.1477186313513925
0.1490324993908191
0.1499
0.1499169880801601
0.1499509642404802
0.15
0.1500169880801601
0.1500385622871846
0.1500666394716673
0.1501070291035043
0.1501470330855791
0.150193018055207
0.1502492520448637
0.150309620310772
0.150382608560944
0.1504661154444573
0.150571427470746
0.1507000604979148
0.1508448001868966
0.1509692012070392
0.1510902452222354
0.1511690306653665
0.1512666923636239
0.1513397209965362
0.1514003663077931
0.1514606167584777
0.1515274569889772
0.1516335465115154
0.1517177960964227
0.1517886803198907
0.1518621685317209
0.1519427533260746
0.1520396241015578
0.1521156343507198
0.1521792096047179
0.1522410922918706
0.152307483647371
0.1523950805723198
0.1524985956510603
0.1525861318414468
0.152670645656896
0.1527611673875811
0.1528671211057473
0.1529948105011499
0.1531644006716415
0.1534032192804452
0.1537651469590234
0.1541965356229568
0.1546816543091751
0.1552548797782567
0.1559639469362711
0.1569010322307738
0.1581080601329909
0.1595607054176524
0.1599
0.1599029243283464
0.1599087729850393
0.159920470298425
0.1599374174854221
0.1599547623320121
0.1599707126550742
0.1599850811252484
0.1599925405626242
0.1599962702813121
0.16
0.1600029243283464
0.1600058486566928
0.160010978560065
0.1600212383668092
0.1600298075761581
0.1600379380829659
0.160046886422806
0.1600581993370477
0.1600713068097104
0.1600834741174228
0.1600952646723179
0.1601058227941761
0.1601151267765691
0.1601245102845912
0.1601352906930721
0.1601522924665349
0.160167831391037
0.1601810139979655
0.1601947841936386
0.1602100789884871
0.1602288301636952
0.1602538112550837
0.160286589008011
0.1603177529657191
0.160343584002746
0.1603685795057154
0.1603942150180191
0.160420171646142
0.160442983077229
0.1604611941043114
0.1604775307989289
0.1604960432578438
0.1605129541289111
0.1605309955598631
0.1605483663520563
0.16056667278801
0.1605883165835634
0.1606139456920289
0.1606480421062709
0.160689166869518
0.160721980402536
0.1607490559071232
0.1607738684985431
0.160799233994323
0.1608358593801391
0.1608630356568188
0.1608829946660609
0.1609011739951892
0.1609186441003333
0.1609372971862428
0.1609608478658814
0.1609825664841886
0.1610063151821145
0.1610285566788689
0.1610513205599202
0.1610765009509721
0.1611066297480469
0.1611435061644102
0.1611927650749631
0.1612632239494642
0.1613747204337019
0.1615745498407327
0.1618687245740947
0.1621934953082376
0.1625548300238978
0.1629630091867704
0.1634274334900608
0.1639635528274829
0.1645873046806401
0.1653160437915581
0.1661729487263509
0.1671873048169067
0.1684096256627336
0.1698441477323583
0.1699
0.1699096806428957
0.169929041928687
0.1699508371592653
0.1699758974088634
0.17
0.1700096806428957
0.1700226025964498
0.1700390997761196
0.1700649518954752
0.170089232083274
0.1701118512799016
0.1701349462476079
0.1701724956090694
0.1702125226798693
0.1702542639139617
0.1703035213815014
0.1703670651220237
0.1704451853739237
0.1705364806290929
0.1706428134117883
0.1707665851319649
0.1708571647326646
0.1709400703479464
0.1710402539462335
0.1711206342886001
0.1712151049053499
0.1713689700684826
0.1716409330621851
0.1719569380565725
0.1723172454705456
0.1727324718031628
0.1730724131779975
0.1733464473322587
0.173591132278501
0.1738264775873442
0.1740814449634189
0.174435993106013
0.1748131183060661
0.1751020360968584
0.1753862753155357
0.1756925756451258
0.1759845089269812
0.1763060400609568
0.1767287667754384
0.1772258055917916
0.1776576959601305
0.1781109308597974
0.1786207270683156
0.1792463854254223
0.1799
0.1799055567322825
0.1799166701968476
0.1799388971259777
0.1799646551589434
0.1799823275794717
0.1799911637897358
0.18
0.1800055567322825
0.1800103543797981
0.1800199496748291
0.1800363342916647
0.1800595445763477
0.1800872526327444
0.180120982024443
0.1801460918656288
0.1801646821977942
0.1801815918245293
0.1801986815585253
0.1802192366727821
0.1802456099146134
0.1802697764013292
0.180291895898946
0.1803151546750781
0.1803400646142078
0.1803593988153748
0.1803769945954732
0.1803954533253757
0.1804184362124612
0.1804476253277198
0.1804727456634966
0.1804969343150833
0.1805232599678569
0.18055360283138
0.1805927027641003
0.1806407009792119
0.1806867571399102
0.1807318234069077
0.1807794244904879
0.1808319919767742
0.1808936699821099
0.1809673646043756
0.1810617844631479
0.1811803382645994
0.1813155872415212
0.1815047464696988
0.1818022928953312
0.1823973857465961
0.18336246351543
0.1851441034402951
0.1875692332204064
0.1899
0.1899167562011704
0.189950268603511
0.19
0.1900167562011703
0.1900396031283973
0.1900665005753453
0.1901034471985532
0.1901427540897463
0.1901832353762828
0.1902296890824027
0.1902853987239465
0.1903449088136411
0.1904089064718767
0.1904883468475794
0.190592523267346
0.190712555399908
0.1908486368366726
0.1910132934306928
0.1912317987409701
0.1915695870830123
0.1921245161085305
0.1931963896601095
0.1949688033174863
0.1985136306322397
0.1999
0.1999164724026777
0.199949417208033
0.2
0.2000164724026777
0.2000433099086867
0.2000709051247371
0.2001062063900464
0.20015083143048
0.2001931533511193
0.200241736019878
0.2002950029545844
0.2003615191035637
0.2004286046245143
0.2005050140448291
0.200590154912494
0.200689266917267
0.2008165201928231
0.2009888490069406
0.201239651158137
0.2016741700593321
0.2023874984472331
0.2034578322697067
0.2052399099105186
0.2088040651921423
0.2099
0.2099030754357209
0.2099092263071628
0.2099215280500465
0.2099354950832162
0.2099512160317356
0.2099689678591727
0.2099844839295864
0.2099922419647932
0.21
0.2100030754357209
0.2100066865926968
0.2100135601601286
0.2100267639495997
0.2100457256183023
0.210065301038421
0.2100857499776333
0.2101024627484841
0.2101164095540197
0.2101295980445644
0.2101439310795445
0.2101596021998288
0.2101758673392468
0.2101895422685636
0.2102028671857644
0.2102168694830683
0.2102316625827782
0.2102454712163879
0.2102561643340081
0.2102649153907358
0.2102737468803859
0.210287821093974
0.210298192253962
0.2103071385640157
0.210316707234606
0.2103275012157857
0.2103412798453486
0.2103603445274443
0.2103836297020905
0.2104011768629767
0.2104158939397444
0.2104291315265863
0.210442102353477
0.2104578435391222
0.210469424982493
0.2104817586082115
0.210492635998352
0.2105024800430158
0.2105120450582669
0.2105217350041313
0.2105324743868424
0.2105474141368172
0.2105631165061343
0.2105750278760691
0.2105866410252323
0.2105990362320296
0.2106132760387151
0.2106313460405642
0.2106549293902402
0.2106885306226463
0.2107405432854528
0.210833561915425
0.2109787800816537
0.2111484721756846
0.2113372566906905
0.2115501842439708
0.2117918756445533
0.2120691691705295
0.2123894058542813
0.2127601880540664
0.2131681120068188
0.2135751629935674
0.2139966976757902
0.2144355953380687
0.2148944631562665
0.2152515244364411
0.2156134512203481
0.2159059799355269
0.2161817367847318
0.2164883087975822
0.2168152575292845
0.217136176273762
0.2174522811885067
0.217800514893622
0.2181660885038489
0.218445470360119
0.2188451181444647
0.2191786465406008
0.2195027901505874
0.2199
0.219904986487932
0.2199149594637961
0.219933403977377
0.2199467127335989
0.2199668368354307
0.2199834184177153
0.22
0.220004986487932
0.2200134073185953
0.2200205986128893
0.2200305534128073
0.2200394989841591
0.2200470091298131
0.2200541458018141
0.2200618340955062
0.2200737281866622
0.2200823361967031
0.2200893685265831
0.2200965393114851
0.2201041612197096
0.2201124065104816
0.220119814008733
0.22012530291335
0.2201299108555758
0.2201349521924057
0.2201394859621781
0.2201444531388721
0.2201492585627183
0.2201543702327413
0.2201604710927199
0.2201678086073341
0.2201777679890592
0.220191406684507
0.2202018374985337
0.2202099510104132
0.2202171341273929
0.2202241044455687
0.2202324569790549
0.2202389345017998
0.2202459012659927
0.2202520749310969
0.2202576765893982
0.2202630253850786
0.2202682666389537
0.2202737770578891
0.2202805083295289
0.2202864383883688
0.2202930279432841
0.2202991565485626
0.220305404871105
0.2203123212861452
0.2203206118352796
0.220330786222093
0.2203444668672938
0.2203585315084172
0.2203718346025777
0.2203858519167479
0.2204015176482418
0.220420485720455
0.2204455974505368
0.2204785523107956
0.2205113779988628
0.2205368023832065
0.2205579260642002
0.220577377505834
0.2205978823127967
0.2206159717258714
0.2206372018525742
0.2206540205832813
0.2206687399756664
0.2206829246008562
0.2206972420785928
0.220713312240216
0.220736462205596
0.2207593881084124
0.2207773139900416
0.2207950768637721
0.2208140763527611
0.2208366531396657
0.2208644604884334
0.2209021428490433
0.2209566561893838
0.221043616723437
0.22120824469512
0.2214352308720467
0.2216880411956127
0.221973674813265
0.2222993236495046
0.222673858447032
0.223109354701775
0.2236181439439326
0.2242126976788524
0.2249040775228332
0.2257124321683787
0.2266717906326141
0.2274898283673794
0.2282380829481607
0.2290125178081328
0.2298649483344491
0.2299
0.2299034121136562
0.2299102363409685
0.2299198761239326
0.2299300660903739
0.2299395530652535
0.2299498178159305
0.2299602210563625
0.2299713435327214
0.2299833632904391
0.2299959238932564
0.23
0.2300034121136562
0.2300062135096047
0.2300116134827364
0.2300192681209321
0.2300285892972783
0.2300390163438319
0.2300495287517012
0.2300603946838703
0.2300723619010953
0.2300874407478817
0.2301090754826346
0.230140591140478
0.2301721595298469
0.2301968408249855
0.2302197872468515
0.2302421574975324
0.230262850177449
0.2302805931564576
0.2302966033017741
0.2303139594825866
0.2303315157200176
0.2303505897340473
0.2303680309239482
0.2303862163496332
0.2304067630819095
0.2304319027624194
0.2304650443120274
0.2305134324093943
0.2305514963566599
0.2305811617199408
0.2306074131642603
0.2306328642417531
0.230664167830116
0.2306856870247409
0.2307077054564022
0.2307274123116457
0.2307456255286019
0.2307641255641932
0.2307844366981843
0.2308115404599927
0.230845532978987
0.2308697865283865
0.2308929837650437
0.2309178265449275
0.2309462474635534
0.2309823174219993
0.231031650277735
0.2311001191905034
0.2312106214137294
0.2314257089938231
0.2318558841540106
0.2323656494895538
0.2329021031588903
0.2334943520006292
0.2341592145442311
0.2349244649392148
0.2358236723014043
0.2368931954265651
0.2381774683351179
0.239735838972499
0.2399
0.2399035169739319
0.2399105509217956
0.2399243608727353
0.2399350978282864
0.239945848025332
0.2399562018613025
0.2399663002124037
0.2399771107796788
0.2399900420078535
0.24
0.2400035169739319
0.2400083648377081
0.2400156627177596
0.2400233890030575
0.2400329928283365
0.240044052255214
0.2400534827038076
0.2400634807205439
0.2400746193711615
0.2400888651263043
0.2401097086767827
0.2401466822352961
0.2401891792105029
0.2402373363516676
0.2402928415586162
0.2403568207422741
0.2404313963205038
0.2405187309541693
0.2406211006006945
0.2407410970400763
0.2408817277687477
0.2410424938190851
0.2412021282606646
0.2413471256599339
0.2414864420845669
0.241633881622749
0.2418386729876552
0.2419482726368598
0.2420592187320801
0.2421572021295058
0.2422429678672026
0.2423278535319928
0.2424190953528213
0.2425389453278012
0.2426878815514027
0.2427932813521383
0.242893105277687
0.2429992271840773
0.2431193013000126
0.2432534001049109
0.2433616453467074
0.2434611246525958
0.2435657733242326
0.2436964072894256
0.243854978859409
0.2439986098678451
0.2441376825803358
0.2442898978976464
0.2444660361920311
0.2446902159530424
0.2449348938816966
0.2451906800978219
0.245477680238581
0.2458108015118301
0.2462156234128505
0.2467416453049111
0.2474855033456614
0.2486816770171815
0.2499
0.2499053699094387
0.2499161097283159
0.2499375893660705
0.2499536198517848
0.2499723097031142
0.2499861548515571
0.25
0.2500053699094386
0.2500123904300339
0.2500264314712244
0.2500426480311601
0.2500606072738873
0.2500815397991952
0.2501076283940032
0.2501330680344855
0.2501590626441997
0.2501882668729619
0.2502278233967125
0.2502387869125834
0.2502571356869126
0.2502796210335793
0.2503063065230043
0.2503372413727525
0.2503708471802331
0.2503958683962526
0.2504297330228702
0.2504581123576408
0.2504990307131948
0.2505396367333336
0.2505901713880266
0.2506317952763439
0.2506771742645911
0.2507306337259034
0.2507960976154569
0.250875395850897
0.2509646516550045
0.2510713039341967
0.2512051285190954
0.2513845561688606
0.2516352840081343
0.2520105788098425
0.2526991447336525
0.2540762765812724
0.2565674715566071
0.2596247220916681
0.2599
0.2599028958572875
0.2599086875718625
0.2599202710010126
0.2599308578740194
0.2599419887035211
0.2599562622978667
0.2599731533297774
0.2599865766648887
0.2599932883324444
0.26
0.2600028958572875
0.2600063637644613
0.2600115475651195
0.2600179328126775
0.2600244180206965
0.2600306285310338
0.2600369178016556
0.260044340819561
0.2600503613977018
0.2600570626695949
0.260063212837823
0.2600692717799288
0.2600757318348449
0.2600826902721309
0.2600895350373718
0.2600949680877895
0.2600991686263482
0.2601030875169424
0.2601080450588508
0.260113486653011
0.2601176714484287
0.2601218881064094
0.2601265297857791
0.260132185911384
0.260139451834983
0.2601498779562802
0.2601613666318097
0.2601700514676759
0.260177004603191
0.2601831833740322
0.2601892443682904
0.2601965131963437
0.2602021873731641
0.260208416700216
0.2602139234530839
0.260218921843162
0.2602236837339636
0.2602282813960679
0.2602329528839267
0.260238177958323
0.2602460227657514
0.2602527326715323
0.2602580975006134
0.2602634793250982
0.2602692474416137
0.2602759934028802
0.260284543691731
0.2602961381723167
0.2603119425480289
0.2603328919720702
0.2603523766867196
0.2603704418547365
0.2603871830018666
0.2604021989689593
0.2604158048163939
0.2604287200946789
0.260442049038889
0.2604583605209452
0.2604725669792474
0.2604876346393831
0.2605017096312483
0.260516035571926
0.2605318707651474
0.2605502970917586
0.2605727619999754
0.2605944046907508
0.2606164305878805
0.2606434686805786
0.2606691377313261
0.2606879052145941
0.2607038430748779
0.2607188351013392
0.2607341079867149
0.2607518612523076
0.2607646337427092
0.2607782545878727
0.2607924567660461
0.2608089225203288
0.2608259328991575
0.2608467881759196
0.2608670538723257
0.2608933183407051
0.2609153903979761
0.2609388025361546
0.2609668797027129
0.2610026522432369
0.2610534118388678
0.261136044480795
0.2612448023365058
0.2613621963104471
0.2614965515183837
0.2616517148681662
0.2618433798797182
0.2620960585254731
0.2624377572175957
0.2628339461724613
0.2632917865520354
0.2638238052999934
0.2644387837342412
0.2651537859596991
0.26599201935362
0.2669801734569347
0.2681565937768371
0.2695438717843915
0.2699
0.2699050243793535
0.2699150731380605
0.2699351706554746
0.2699520910245386
0.2699727739103624
0.2699863869551812
0.2699931934775906
0.27
0.2700050243793535
0.2700098568055876
0.2700187306954492
0.2700337261623425
0.2700491090676212
0.2700680681154262
0.2700869628760011
0.2701119098061655
0.2701352183462426
0.2701567069219539
0.2701788353589199
0.2702058304484027
0.2702295364909708
0.2702528090449037
0.2702750903988987
0.2702982795809756
0.2703242251732995
0.2703522201918301
0.2703774403158127
0.2703964250824592
0.2704121946846188
0.2704288381383983
0.2704446588820095
0.2704619537945356
0.2704781731628125
0.2704951915776714
0.2705153726152656
0.2705393130847961
0.2705716955105943
0.2706059361698513
0.2706336390487299
0.270657466758064
0.2706800416858657
0.2707047227361894
0.2707221619993133
0.2707451014699062
0.2707642608018538
0.2707810586551398
0.2707974507063335
0.2708141443717077
0.2708331245098525
0.2708623446468648
0.2708875804282415
0.2709080901893497
0.2709289081664896
0.2709513629991265
0.2709785346604772
0.2710125152698164
0.2710593076345439
0.2711285708613239
0.271243086842616
0.2713726410836767
0.271506958152443
0.271638776799393
0.2717843110554843
0.2719306159229399
0.2721294590905157
0.2724947944070331
0.2729188762842554
0.2734004804570918
0.2739537644692308
0.2745882815065114
0.2753262022206743
0.2761936146220432
0.2772224754318869
0.2784480233081921
0.2799
0.2799119870657555
0.2799359611972665
0.2799679805986333
0.2799839902993166
0.28
0.2800119870657555
0.2800233347141866
0.2800375503333746
0.2800560123523805
0.2800762774973612
0.2800992548682378
0.280125574614872
0.2801503867630378
0.2801784198773748
0.2802121803237054
0.2802624666149369
0.2803630391974
0.2805045974771911
0.2807144167517638
0.2811340553009091
0.2819733323991996
0.2836518865957808
0.2870089949889431
0.2899
0.2899187983199313
0.2899563949597939
0.29
0.2900187983199313
0.2900455703609465
0.2900807949443292
0.290127384061427
0.2901839589739301
0.2902562871316472
0.2903541656358358
0.2905102125953044
0.2908223065142415
0.2913139117019877
0.2922971220774802
0.294263542828465
0.2981963843304347
0.2999
0.2999060000439776
0.2999180001319328
0.2999337249453349
0.2999488037538019
0.2999656096075551
0.2999851021507656
0.3
0.3000060000439776
0.3000138666246144
0.3000295997858881
0.3000468546984355
0.3000650430175353
0.3000849702761664
0.3001091859246036
0.3001380079820411
0.3001715940333212
0.3002165234022545
0.3002644453656196
0.3003171210789088
0.3003761511595288
0.3004487397754834
0.3005418182611703
0.3006773064306845
0.3009292507530462
0.3014331393977694
0.3021284722539045
0.3035191379661747
0.3063004693907151
0.3099
0.3099055671648774
0.3099167014946321
0.3099389701541416
0.3099568740833759
0.3099703058094621
0.3099834511536812
0.3099917255768406
0.31
0.3100055671648774
0.3100123183272596
0.3100204044950247
0.3100304851360065
0.3100407041482338
0.3100537367091318
0.310069653637227
0.310082910154922
0.3100965488213553
0.3101115715191057
0.310130461661669
0.3101576649780208
0.3101966069829226
0.3102419532275461
0.3102943595057858
0.3103553783589319
0.3104270418659452
0.3105093208990984
0.3106035927014397
0.3107115668282334
0.3108339448045476
0.3109752819974663
0.3111377819052281
0.311336988543721
0.3115877573551789
0.3119340829364131
0.3124973794321432
0.3136239724236034
0.315419897396122
0.3187369647073147
0.3199
0.3199037526823803
0.319911258047141
0.3199262687766624
0.319939228944039
0.319951783199412
0.3199664708489705
0.3199826961587201
0.31999134807936
0.32
0.3200037526823803
0.3200081676990403
0.3200169977323601
0.3200297170360381
0.3200422264295116
0.3200580137589338
0.3200741194380378
0.3200937311185177
0.3201229447399238
0.3201813719827359
0.3202324585790653
0.3202703505749312
0.3203007480077052
0.3203256011252519
0.320347019191155
0.3203668277373953
0.3203866521056957
0.3204081168627363
0.3204204670106706
0.3204336919003053
0.3204448883538705
0.3204549316476646
0.3204656851085018
0.3204795315679378
0.3204926209909908
0.3205051352268485
0.3205176955409941
0.3205306617132858
0.3205420752440677
0.320552579711362
0.3205631149542494
0.3205751406612368
0.3205914340411802
0.3206048159782626
0.3206164162944486
0.3206283607684212
0.3206414786068286
0.3206571436336763
0.3206726192776854
0.3206898334064315
0.3207044021278271
0.3207192570192224
0.3207339919511411
0.3207472107117435
0.3207598290946586
0.3207730277244121
0.32078519323476
0.320796890991999
0.3208073348239947
0.320816005330382
0.3208239322595569
0.3208318401918727
0.3208406695524368
0.3208525585392685
0.3208647576264162
0.3208745996790565
0.3208843966782514
0.3208949936836077
0.3209073068035707
0.3209212882707507
0.3209340100024277
0.3209462826430468
0.3209596993856304
0.3209769725196112
0.3209966509206317
0.3210159494976121
0.3210342803408391
0.3210532861395611
0.3210742287200995
0.3210994091062346
0.3211312366429757
0.321138876417305
0.3211541559659636
0.321164981186411
0.3211754919518198
0.321186463670237
0.3211958299841929
0.3212070411025415
0.3212232550661068
0.3212437149368576
0.321270158226905
0.3213037776648625
0.3213452014843454
0.3213746155916773
0.3214041768196351
0.3214410833716906
0.3214687556275198
0.3214971992610817
0.3215256224007895
0.3215556447829805
0.3215892914842864
0.3216327355030678
0.3216818692186672
0.3217236005629294
0.3217682044890031
0.321812387450096
0.3218592821801718
0.3219135150816565
0.32198009595372
0.3220679903922225
0.3221913282744654
0.3223797221569042
0.3227046546378099
0.3231900811375009
0.3236042316571919
0.323953881897988
0.3242803375084904
0.324548451079704
0.3248830817781705
0.3252316332879399
0.325607687046457
0.3261303656170928
0.3266673162912351
0.3273077475193938
0.3280939016600106
0.3292545440861973
0.3299
0.3299089931183741
0.3299269793551223
0.3299507755478202
0.3299734408745079
0.329986720437254
0.33
0.3300089931183741
0.3300172943357609
0.3300302143499521
0.3300548389475166
0.3300771104475293
0.3300998727129242
0.3301212976363159
0.3301483347472831
0.3301778434441331
0.3302205454901555
0.3302672287392467
0.33030454216
0.3303516962772742
0.3303968000985747
0.3304513241724515
0.3305319679558476
0.3305991573866782
0.3306848504894917
0.3307893959091484
0.3309133913618313
0.3310578579144186
0.3312497833668145
0.3314493057623856
0.3316002595551951
0.3318192812104359
0.3319748253603552
0.3321343653840932
0.3323610612618972
0.3326886020860806
0.3332704385006261
0.3340675296128114
0.3351379234708126
0.3364082345765442
0.3379130723218385
0.3397850624928716
0.3399
0.3399144312533007
0.3399432937599022
0.3399716468799511
0.34
0.3400144312533008
0.3400329536305794
0.3400573484028945
0.3400904498208238
0.3401265398566051
0.340170536737442
0.3402364359798079
0.3403327177266109
0.3404576971774823
0.3405967828340314
0.3407539059786113
0.3409480395959185
0.3412143787327097
0.3414542525852981
0.3419337886512707
0.3425179793260393
0.3431422380210614
0.3440704722732569
0.3452001310782803
0.3467542900219869
0.348731160671849
0.3499
0.3499041765069264
0.3499125295207792
0.3499292355484849
0.3499465354145506
0.3499677765965617
0.3499838882982809
0.35
0.3500041765069264
0.3500109392431416
0.3500236003426253
0.3500376407068626
0.3500539650979837
0.3500727119373532
0.3500862830069414
0.3500979715149101
0.3501093326463554
0.3501221110044226
0.3501390892684861
0.3501574678433771
0.3501739838218794
0.3501913008670247
0.3502083303937225
0.3502225221932382
0.3502366664177592
0.3502481270451716
0.3502626522815682
0.3502766233523063
0.3502970724641744
0.350314700262231
0.3503331753428525
0.350352150974656
0.3503717906068827
0.3503928807017371
0.3504170839796215
0.3504462554963795
0.3504782145242644
0.3505126102876767
0.3505507024870857
0.3505904264705857
0.3506372631362204
0.3506873672972446
0.3507341145924597
0.3507878812557246
0.3508359591700783
0.3508696984281453
0.3509015447502927
0.3509453919369648
0.3510011139035739
0.3510493520443002
0.3510988296728722
0.3511548859175376
0.351222871030578
0.3513134006505497
0.3514507279901216
0.3517071679538218
0.3522200478812224
0.3530400869701241
0.3539757337021002
0.3550167853382581
0.3562313452179937
0.3576292712293608
0.3593904012904197
0.3599
0.3599058192661878
0.3599174577985634
0.3599407348633147
0.3599579801124194
0.3599779218272233
0.3599889609136117
0.36
0.3600058192661878
0.36001365728756
0.3600256252922193
0.3600417681155903
0.3600575229710686
0.3600773649501527
0.3600957330206403
0.3601135041503837
0.3601319444392822
0.3601519494910704
0.3601689279076413
0.3602009071458826
0.3602305995300841
0.3602598391503361
0.3602879306552947
0.3603178480987564
0.3603487629486467
0.3603842138759301
0.3604263492576888
0.3604779088260125
0.3605429648147355
0.3606281089725711
0.3607462852314656
0.3609272926370006
0.3612106367274391
0.3616502275522604
0.362460455956003
0.3637742649629851
0.3659819769278652
0.3694000021605591
0.3699
0.3699039850203398
0.3699119550610195
0.3699278951423788
0.369941140185452
0.3699556912149565
0.36997449039727
0.369987245198635
0.3699936225993175
0.37
0.3700039850203398
0.3700082671019227
0.3700168312650884
0.3700272813281161
0.3700383597029939
0.3700514859182973
0.3700673508068881
0.3700857045958569
0.3701049603673382
0.3701274688655545
0.3701571778124733
0.3701915311073106
0.3702267997497104
0.3702603561515037
0.3702915148169236
0.3703299843460019
0.370379005024108
0.370425222448403
0.3704874460215332
0.3705725423618836
0.3706524996559938
0.3707546151420307
0.3708899631382606
0.3710368852837518
0.3712248701919377
0.3714765060257209
0.3717715322553947
0.3720000374817694
0.3722247189923388
0.3725062704786303
0.3727073221484314
0.3729576000792704
0.3733217729876668
0.3740501188044598
0.3750227934596456
0.3761779068892502
0.3775473256686984
0.379298425809241
0.3799
0.3799066856989287
0.3799200570967862
0.3799372297377628
0.3799532743204816
0.3799706630814961
0.3799852473162083
0.3799926236581042
0.38
0.3800066856989288
0.3800130087726218
0.3800209028745513
0.3800366910784104
0.380048380330779
0.3800594665916491
0.3800724401646007
0.3800938977102641
0.3801111330857244
0.3801265445089222
0.3801432413516898
0.3801628559013022
0.3801876980171199
0.38021936951082
0.3802527229712998
0.3802890635179215
0.3803212115123914
0.3803696366095362
0.3804141254873957
0.380460808434271
0.3805135071648997
0.3805665462486604
0.3806257625864391
0.3806922128747559
0.3808227978658771
0.3809590872747973
0.3811509836229355
0.3814997266310965
0.3819208765812303
0.3822468534743124
0.3825561979740585
0.3827974755899974
0.383032491683983
0.3833284654796493
0.3836298365200855
0.3839755472041836
0.3845487364650211
0.3852981928353523
0.3865770505357488
0.3881004551877009
0.3899
0.3899127529256019
0.3899382587768058
0.3899691293884029
0.3899845646942015
0.39
0.3900127529256019
0.3900268464835482
0.3900433928379014
0.3900688137622946
0.3900971013939072
0.3901225532958742
0.3901520111800792
0.3901918055499327
0.3902456715609214
0.390305166879903
0.3903711115779017
0.3904449747484148
0.3905175558382074
0.3906105196531964
0.3907131890003887
0.3908696118753035
0.3910989712227546
0.3914403310120928
0.3918790238919466
0.3924521848839887
0.3931639729316144
0.3940526825368891
0.3951733826014179
0.3965961788305216
0.3984191815223165
0.3999
0.3999044990558268
0.3999134971674805
0.3999314933907878
0.3999473409523868
0.3999646303908158
0.3999819614047135
0.3999909807023567
0.4
0.4000044990558269
0.4000091687425497
0.4000175855944179
0.400028799773362
0.4000414941687405
0.4000526472990571
0.4000633928808093
0.4000747879769222
0.4000876400558559
0.4000984005909284
0.4001127307557261
0.4001259158126604
0.400141257620456
0.4001576442491808
0.4001753462348533
0.4001926536851703
0.4002106087743145
0.4002304086852952
0.4002509523043066
0.4002696814941154
0.4002885507282681
0.4003109353024641
0.4003513016217305
0.400382791740968
0.4004112389732299
0.4004414089863578
0.400474120318829
0.4005142930447918
0.4005695811231236
0.4006529299303261
0.4007413875586245
0.4008166226036302
0.4008812341086422
0.4009306064087916
0.4009435505525133
0.4009694388399567
0.4010066827912402
0.4010373057355198
0.4010658470515044
0.4010921073081806
0.4011166556146077
0.4011415817997595
0.4011662107242401
0.4011994638540218
0.4012259210259197
0.4012462305047731
0.4012646874872768
0.4012826478182248
0.4013023247609518
0.4013217331690631
0.4013452525552784
0.4013700980234571
0.401393968964762
0.40141980485897
0.4014503316009329
0.4014835370399685
0.4015169591410155
0.4015526524529553
0.4015913558452485
0.4016346605195796
0.4016848928261987
0.4017290820578893
0.4017733890589405
0.4018217136480325
0.4018723305098115
0.4019285108238028
0.4019960432973657
0.4020764295254346
0.4021715166648587
0.4022892702482556
0.4024743746462813
0.4026625693576195
0.4028145890622967
0.4029523592843688
0.4030988050614435
0.403251195028046
0.4034120924528972
0.4035584685038723
0.403683295464867
0.4038418665538011
0.4040673916164644
0.4044106743285764
0.4050227568772755
0.4060371862119793
0.407061251705791
0.4079726217822396
0.4082770291470145
0.4085408541980081
0.4088101048988765
0.4090125069569963
0.4092099513050247
0.4094032910014834
0.4096120100218327
0.4098579409284168
0.4099
0.4099066591526961
0.4099199774580883
0.4099393794441348
0.4099580244743157
0.4099803738281018
0.41
0.4100066591526961
0.4100169070596822
0.4100329524914361
0.4100488526944993
0.4100667974439738
0.4100899350580557
0.4101155431345827
0.4101443868323115
0.4101750047793095
0.4102083018752628
0.4102447068616416
0.4102870336640865
0.4103386895083674
0.4104078502204718
0.4105108722254288
0.4106903090282322
0.4109259668410519
0.4112415762840408
0.4116921014028574
0.4123997698523887
0.4133332201801577
0.4144101844205328
0.415527582916773
0.4164807478567117
0.4169068259558669
0.4171462423241032
0.4173307909561353
0.4175188572032392
0.4176741696289293
0.4178427751701134
0.4180366301155081
0.4181974489413304
0.4183472610338437
0.418504006119089
0.4186768933712631
0.4188730537679748
0.4191154541294772
0.4194459469465936
0.4197862061518462
0.4199
0.4199110522038476
0.4199331566115428
0.4199628271214542
0.4199814135607271
0.42
0.4200110522038476
0.4200233685109065
0.4200409478873406
0.4200659345518118
0.4200901352975329
0.4201198858909854
0.4201547836011078
0.4201927771853831
0.4202272396117084
0.4202767773915057
0.4203319348877709
0.4203946356670228
0.4204678463997815
0.4205519137761763
0.4206551165255603
0.4207804342772917
0.420936382569012
0.4211581524319646
0.4214854777889151
0.4219849072637723
0.4225249967642378
0.423119285969651
0.4237911014695304
0.4245610933527395
0.4254656040534586
0.4265470398085006
0.4278513736628979
0.4294979397449443
0.4299
0.4299051566030913
0.4299154698092738
0.4299360962216388
0.4299520735306256
0.4299694740298904
0.4299847370149452
0.43
0.4300051566030912
0.4300123263081836
0.4300224311683833
0.43003774316237
0.4300532272601401
0.4300711977069148
0.4300908294725923
0.4301111855153461
0.430131120856219
0.4301499452286027
0.4301682012141805
0.4301875222529709
0.430213187203604
0.4302404047210788
0.4302604879694131
0.4302797614652515
0.430300176506033
0.4303233871017537
0.4303525281239604
0.4303828601490604
0.4304160230525551
0.4304551450559319
0.4304859479733332
0.4305096030595058
0.4305311737795207
0.4305525134622614
0.4305762856727453
0.4305934126337334
0.4306103279019604
0.4306322546587609
0.4306579874576223
0.4306856850529318
0.430715536613984
0.4307491477676176
0.4307806472165122
0.4308147887095801
0.4308554931920759
0.4309079784920224
0.4309806560469639
0.4310574625304994
0.4311268651993054
0.4311595779262318
0.4312238446797871
0.4312943815741792
0.4313954959761683
0.4315383741747521
0.4317943533896638
0.4321425072079871
0.4325358127570758
0.4329852551174497
0.4335030301390552
0.4341058815111589
0.4348171555964665
0.4356645370813437
0.4366883559501352
0.4379261511376235
0.4394973897751208
0.4399
0.4399071953639375
0.4399215860918125
0.4399503675475626
0.4399728604076066
0.4399864302038033
0.44
0.4400071953639375
0.4400156945716928
0.4400315443608884
0.4400517210527308
0.4400732958185194
0.4400975465122841
0.4401277864461832
0.4401692091011532
0.4402153164221591
0.4402643112904682
0.44031633488308
0.4403729299803756
0.4404355783582953
0.4405054364869094
0.4405578011436126
0.4406120172801575
0.4406559140319328
0.4407113226859126
0.4408024499338297
0.4409229451385779
0.4409532074218563
0.4409803494891157
0.4410005014782949
0.4410211963543958
0.441042116391393
0.4410646670042085
0.44108549516467
0.4411056959553734
0.4411284170991389
0.4411570409566503
0.4411893095837791
0.441218349746885
0.4412406066929661
0.4412644632056619
0.4412880571803009
0.4413129491636698
0.4413449741775334
0.4413699673084397
0.4413880126483821
0.4414035028585275
0.4414200939750899
0.4414357001412071
0.4414526254205667
0.441468862575821
0.4414863219198522
0.4415066332417024
0.4415331441707796
0.4415606873229592
0.4415837804270475
0.4416043416243725
0.4416244475174394
0.4416476852617577
0.4416641617989142
0.441683162624992
0.4416995619996329
0.4417142139238648
0.4417285802169963
0.4417434331014422
0.4417607552364422
0.4417805172293824
0.4418013367006828
0.4418192825404348
0.441837281125616
0.4418569293867258
0.4418798172542752
0.4419089994639793
0.4419472389579718
0.4420023336339495
0.4420644752613807
0.4421311635531066
0.442213817191222
0.442326864633319
0.442520092609952
0.4427691590973147
0.4429965383360293
0.4432234385526665
0.4435292203096176
0.4437534976929077
0.4440217283199421
0.4444134657080752
0.4449956771394568
0.445680733587008
0.4464704165855227
0.4473861753782082
0.4484213447941781
0.4495468903010972
0.4499
0.4499041099583873
0.449912329875162
0.4499287697087114
0.4499436002369566
0.4499549350923546
0.4499663630565794
0.4499788066112635
0.4499894033056318
0.45
0.4500041099583874
0.4500107089335164
0.4500219926438963
0.4500333405062948
0.4500448950762923
0.4500572286335907
0.4500694959124378
0.4500836134565315
0.4501008205298435
0.4501272769464088
0.4501741066356841
0.4502267393375781
0.4502818620795764
0.4503436012830243
0.4504078372474787
0.450478122467762
0.4505573788171183
0.450645836487423
0.450721844738876
0.4507970618734254
0.4508812364710376
0.4509841258304591
0.4511003044388487
0.4512076704225745
0.4513231906906467
0.45145476096547
0.451604780822596
0.4517827348258182
0.4519830909723732
0.4522267861697322
0.4525416213640077
0.4528576077038114
0.4531623944342201
0.4534293390748943
0.4536933113266592
0.453993433784238
0.4543382717978832
0.4547435001434895
0.4553987140300048
0.4563526145156127
0.4576882667630296
0.4592884278729401
0.4599
0.4599084467687187
0.4599253403061562
0.4599591273810312
0.4599795636905156
0.46
0.4600084467687188
0.4600194447841632
0.4600370841397761
0.460061306497516
0.4600878114525828
0.4601161783300056
0.4601484653677455
0.4601884492457022
0.4602232111959245
0.4602555150264615
0.4602862001600032
0.4603176321345934
0.4603457954322288
0.4603717231645958
0.4603910169450123
0.4604062796864044
0.4604198434141056
0.460433100443279
0.4604486940117822
0.460458645835421
0.4604699438099176
0.4604795121601997
0.4604878932779056
0.4604962321896851
0.4605052772724414
0.4605175099558899
0.4605304023135936
0.4605410125543932
0.460551350501514
0.4605624033619057
0.4605750661703821
0.4605911048710387
0.4606070733204419
0.4606230301987716
0.4606400899322474
0.4606591206950428
0.460680061073325
0.4607027972087027
0.4607283787085206
0.4607588313450485
0.4607923844228499
0.4608301035408076
0.46087461751375
0.460934438666472
0.4609956905680066
0.4610573585683883
0.4611209376080606
0.4611878325568949
0.4612093478370998
0.4612523783975095
0.461269950986376
0.461287913943749
0.46130692610338
0.4613286968082145
0.4613463442562147
0.4613661857475479
0.4613952219909431
0.4614310672198467
0.4614776778147846
0.4615375747811262
0.4616144081472388
0.4617149626685572
0.46181577561753
0.4619393327194923
0.4620420732932448
0.4621904067545869
0.4623317086157263
0.4624740914887353
0.4626744349719805
0.4629044077976298
0.4632870115708285
0.4639589437610637
0.4645322552470071
0.4651309838153789
0.4656980471951203
0.4662519556042406
0.4668412901986446
0.4675490880198258
0.4685853057544374
0.4699
0.4699049988940158
0.4699149966820475
0.4699349922581109
0.4699511073484208
0.469969108822001
0.4699845544110005
0.4699922772055003
0.47
0.4700049988940159
0.4700103309080961
0.4700209551550739
0.4700379295531652
0.470052989653177
0.4700696782540518
0.4700902755755563
0.4701159059200156
0.4701425146390278
0.4701730503691147
0.470211969553275
0.4702567704612951
0.4702948959644572
0.4703289222133474
0.4703627797774141
0.4704027307670084
0.4704482896034792
0.4704855301614163
0.4705199042073493
0.470555867206884
0.4705960894544496
0.4706458484766653
0.4707092382996249
0.470777812149043
0.4708538408120513
0.4708853995334611
0.4709094592087363
0.4709292370346209
0.4709509994082625
0.470970194776264
0.470997060125618
0.4710183565771046
0.4710375188563907
0.4710592662534742
0.4710861251070668
0.4711090717685895
0.4711332317115756
0.4711530917368303
0.4711733256125423
0.4711939745191365
0.4712158052663781
0.4712443072264467
0.4712948675115353
0.4713594153680648
0.4714218207771388
0.4714739060358395
0.4715131073467665
0.471545052112476
0.4715775063020894
0.471612397931953
0.4716488395380934
0.4716822135756568
0.4717179223818418
0.471759317253106
0.471811169439817
0.4718558992570449
0.4718956344725042
0.4719352551433805
0.471983817880642
0.4720155325389862
0.4720478207481497
0.4720768154080142
0.4721039411068111
0.4721325063321865
0.472166322197647
0.4722030026921078
0.4722427744444692
0.4722781956278176
0.4723142507670638
0.4723539843341619
0.472402133641746
0.4724617815258948
0.4725442522968275
0.4726708677947366
0.4728333977950321
0.4730498873538229
0.473367878099615
0.4737822819439623
0.47425476340939
0.4747962875593829
0.4754216529469269
0.4761479947767772
0.4770017324127394
0.4779952055413137
0.4790787665913422
0.4799
0.4799049250806722
0.4799147752420165
0.4799344755647053
0.4799499976134677
0.4799666692573444
0.4799832925097017
0.4799916462548508
0.48
0.4800049250806722
0.4800103768330701
0.4800201009835606
0.4800366103316285
0.4800499330333586
0.4800631829614498
0.4800793171964796
0.4801002840246985
0.4801194216578263
0.4801380910631279
0.4801594784531888
0.4801852700705073
0.4802219691087873
0.4802723866097522
0.4803309287559436
0.4803985843140214
0.4804770519970521
0.4805683478480902
0.4806752438595478
0.4808007223663094
0.4809476234171574
0.4811189626083254
0.4813171434671268
0.4815335018655788
0.4816967324586959
0.4818237360521377
0.4819330197627588
0.4820341333153344
0.4821399510012684
0.482287998429991
0.4823662003655947
0.4824451344370695
0.4825152157020438
0.4825769598742706
0.4826387187376319
0.4827061884880327
0.4827993347429396
0.4828984734590427
0.4829736623921951
0.4830467798951638
0.4831247319679676
0.4832139105278985
0.4833269597591204
0.4834167163555018
0.4834899576950519
0.4835603009701159
0.4836361791283243
0.4837298947093801
0.4838489506510311
0.4839459763606204
0.4840432181284317
0.4841516503800382
0.4842795142876941
0.484445528427177
0.4846251760774216
0.4848076250062489
0.4850043369258134
0.4852313668875877
0.4854954883127545
0.4858319709861281
0.48627896381307
0.4869252154972916
0.4879657145612782
0.4891841177656497
0.4899
0.4899038225444615
0.4899114676333846
0.4899267578112306
0.4899403275245834
0.489956520866842
0.4899759073831046
0.4899879536915523
0.49
0.4900038225444615
0.4900092944320686
0.4900194685306373
0.4900322600001025
0.490044764598019
0.4900563134912789
0.4900679993556721
0.490081163806082
0.4900995665575819
0.4901038111909444
0.4901123004576694
0.4901277591166626
0.4901401985250543
0.490150943392908
0.4901636996619296
0.4901774797752517
0.4901890980071943
0.4901993881778628
0.4902088867542038
0.4902183051498455
0.4902279782678845
0.4902462771832835
0.4902661895546961
0.4902847275777024
0.490299444019355
0.490316517917038
0.4903333332198705
0.4903515523627065
0.4903732125340995
0.4904001710823049
0.4904353417349644
0.4904769660640384
0.4905263007747074
0.4905872517804373
0.4906531896229845
0.4907288169298672
0.4908247345725275
0.4909593739248129
0.4911867254140681
0.4915820653439062
0.4920927386824367
0.4927549364763431
0.4936456933554898
0.4949302882518277
0.4970592633916413
0.4999
0.4999039517267044
0.4999118551801131
0.4999276620869306
0.4999394066789295
0.499952354229229
0.4999670995786187
0.4999834892121548
0.5
0.5000039517267043
0.5000116537450262
0.5000211707678293
0.5000330432058907
0.5000477011343514
0.5000635341205681
0.5000825910395195
0.5001002437682531
0.5001254186971288
0.5001551700079543
0.5001854326310936
0.5002253153849404
0.5002562099366406
0.500292078511252
0.5003338203039289
0.5003890439375287
0.5004324854991506
0.5005018222084233
0.5005755322578055
0.5006444821701358
0.5007143411119491
0.5007804298934134
0.5008434272228599
0.500888258259346
0.5009271578882618
0.5009677650069967
0.5010132190503613
0.5010588679493443
0.5011013021169437
0.501137762547552
0.5011709756510354
0.5012041352846498
0.5012422872732324
0.5012997021420922
0.5013422108624143
0.5013795000444949
0.5014187080897581
0.5014625275158209
0.501514147239892
0.5015660949038363
0.501624710137792
0.50167500650244
0.5017143305609593
0.5017506098281007
0.5017877159647112
0.501830957007036
0.5018844984908054
0.5019382217182734
0.5019861050144725
0.5020355331939956
0.5020902314718001
0.5021514200458945
0.5022211366322302
0.5022994294435803
0.5023928405785266
0.5025057761331072
0.5026289458750387
0.502763348975983
0.5029192914947035
0.5031012612746117
0.5032676962558604
0.5034211635287369
0.5036257752231231
0.5038442600673088
0.5040612056228733
0.5043791544662903
0.5047550847401656
0.5053415577245737
0.5060676236061472
0.5068318685541948
0.5074318696320599
0.5081006175154704
0.5088766498020505
0.5099
0.5099029432968228
0.5099088298904685
0.5099206030777598
0.5099313526490404
0.5099441929580127
0.509959240715651
0.5099791074185908
0.5099913367786534
0.51
0.5100029432968228
0.5100068121362127
0.5100143409958195
0.5100252420346687
0.510035594048615
0.510047988313779
0.5100636846940062
0.5100803133862085
0.5100967412189749
0.5101126457013873
0.510129824332635
0.5101565725997372
0.5101766596142107
0.5101929386030913
0.5102094754139543
0.5102271412962991
0.51024654105783
0.5102645347352878
0.5102780948686099
0.5102893669569164
0.5103014131617858
0.510312609718691
0.5103248390888475
0.5103364928144821
0.5103488408372968
0.510363598222923
0.5103813184900875
0.5104055962770857
0.5104317221619673
0.5104523754948237
0.5104697280126125
0.5104858592023421
0.5105029267701596
0.5105181978195309
0.5105360131963241
0.5105501412365928
0.5105624931507013
0.5105743168497222
0.510586138149305
0.510599233853618
0.5106174876328957
0.5106368970450857
0.5106516931935497
0.5106662100031242
0.5106818148288235
0.5106999105140777
0.5107231631419406
0.5107540775430529
0.5107993605256376
0.5108732647575333
0.5110199623490493
0.5112113179706985
0.5114241689531203
0.511632881833211
0.5117877109445341
0.5119862035033035
0.5121537308242563
0.5123085753068471
0.5124862443584448
0.5126734745834746
0.5128368883367395
0.5130304873009294
0.5133054956919697
0.513535717800688
0.5137883439554306
0.5142009809723264
0.5147934277153028
0.5156135332231634
0.5165775220300806
0.5177015102287269
0.5190200918883996
0.5199
0.5199116260556563
0.5199348781669689
0.5199674390834845
0.5199837195417423
0.52
0.5200116260556563
0.5200227378227986
0.5200390711135922
0.5200632909542775
0.5200857715894286
0.5201112808322983
0.52014330230401
0.5201771703372681
0.5202163809260761
0.5202673759528136
0.5203266087510985
0.52039150498378
0.520469139084699
0.5205610596217115
0.5206813961572743
0.52086273894243
0.5211395160617421
0.5215900920353338
0.5224460972663456
0.5241581077283692
0.5269291338326489
0.5299
0.529903899770594
0.5299116993117821
0.5299272983941581
0.5299403668425119
0.5299546458582435
0.5299730552674448
0.5299865276337223
0.5299932638168612
0.53
0.530003899770594
0.5300081992051418
0.5300163977948895
0.5300325064653415
0.5300456447934083
0.5300597029535595
0.5300749318304675
0.5300919079652785
0.530116800899701
0.5301401668823699
0.5301608138831498
0.5301797119111283
0.5301983467616163
0.5302200397191639
0.5302386483563082
0.5302596159856703
0.5302787688366104
0.5302976837210418
0.5303176907527491
0.530338041093319
0.5303556844017805
0.5303694081631724
0.5303815009519909
0.5303950871410236
0.5304074890329814
0.530420750248414
0.5304335396449005
0.5304470525085223
0.5304630647961671
0.5304820922615779
0.5305075182119359
0.5305393535694223
0.5305645445829834
0.5305850648181386
0.5306037463816783
0.5306226478267014
0.5306486278976482
0.5306702345666588
0.530685868843948
0.5306998347058454
0.530713095491271
0.5307267779940869
0.530742984393154
0.5307603978641541
0.5307794668805629
0.5307961670516903
0.5308129151699139
0.5308312272867127
0.5308525118774756
0.5308792829074472
0.5309154839998879
0.5309649110822261
0.5310436250915571
0.5311933344336678
0.5313651451517638
0.531505343768358
0.5316229198030664
0.5317351560361735
0.5318536623436728
0.5319491995736984
0.53203333753727
0.5321164436929229
0.5322097375528707
0.5323606142222159
0.5324723035033102
0.5325684501035288
0.5326701481268225
0.5327845457082475
0.5329289668122376
0.5330308270734563
0.5331192372260322
0.5332103971918714
0.5333158147353485
0.5334429190169632
0.5335730756158017
0.5336939117201672
0.5338221278683377
0.5339660722571334
0.534132581566663
0.5343274010126722
0.5345570669854838
0.5348284699974081
0.5351422687456129
0.535506849470344
0.5359616443066922
0.5365655841180675
0.5374398947058107
0.5387040212861338
0.5398999999999999
0.5399058800741176
0.5399176402223528
0.5399411605188232
0.5399673306221541
0.539983665311077
0.5399918326555385
0.54
0.5400058800741177
0.5400112636846647
0.5400220309057587
0.5400434304118377
0.5400670078365755
0.5400889569254886
0.5401119307320502
0.5401369721614628
0.540163476250203
0.5401925062046598
0.5402253080284098
0.5402643303504313
0.540295060251451
0.540322908942265
0.5403525175994092
0.5403858035468673
0.540413682435266
0.5404370425223718
0.5404581370280798
0.5404784590927225
0.5404988439298448
0.5405158020828281
0.5405305795314804
0.5405445804765082
0.540559255452739
0.5405774876512218
0.5405919327350763
0.5406022777064428
0.5406113294278319
0.5406200119238805
0.5406294523391988
0.5406420214805637
0.5406555392305843
0.5406665985238669
0.5406774712661016
0.5406891729982782
0.5407026466114576
0.5407166903729631
0.5407320770729822
0.5407487580444232
0.5407665997236688
0.5407865353825069
0.5408072407779603
0.5408263135830643
0.5408457157556956
0.5408664194367927
0.5408883783439808
0.5409101345166343
0.5409302583434971
0.5409489893441816
0.5409677001741263
0.5409893384439797
0.5410169668100488
0.5410387287949091
0.5410579378363929
0.5410777005719996
0.5410992485217156
0.5411254082695355
0.5411555016442359
0.5411860101199283
0.5412214216420792
0.5412572580281552
0.5412847796106135
0.5413074444918232
0.5413285970632525
0.5413500697963417
0.5413749074087426
0.5414156263561841
0.5414484481088092
0.5414758316987575
0.5415040529623584
0.5415346536505264
0.5415719077227825
0.5416139341153429
0.5416761726789117
0.5417250014644704
0.5417820550848162
0.5418597231532559
0.5419683770114867
0.5421840968083481
0.54240066740866
0.5425942399733065
0.5428119220468891
0.5430729714375784
0.543459049385435
0.5439506940131928
0.5441379217379626
0.5443048800640614
0.5444250284997828
0.5445414626710505
0.5446627560258028
0.5448010746978061
0.5449111423311995
0.545030656851394
0.545183448639453
0.5453855287371878
0.5457295284913755
0.546265201538061
0.546869498997754
0.5476106657755613
0.5485609371596261
0.5498999999999999
0.5499041867452623
0.549912560235787
0.5499293072168365
0.5499453283096626
0.5499658571755138
0.5499829285877569
0.55
0.5500041867452624
0.5500125602357872
0.5500248070322968
0.5500389033165176
0.5500547300951124
0.5500679907706678
0.5500836344893992
0.5501017812914006
0.5501263481477094
0.5501538366966587
0.5501763146284663
0.5502018721463153
0.5502309795689948
0.5502684388155499
0.5503182145840312
0.550371635093258
0.5504297288037484
0.5505034532677466
0.5505975073790701
0.5506228084666147
0.5506442501489452
0.5506676497641948
0.5506847913824297
0.5507095408273651
0.5507284876041487
0.550746620187008
0.5507680801912934
0.5507955334063451
0.5508178974787046
0.5508353774154913
0.5508535071096559
0.5508719048636294
0.5508915195169525
0.5509175052266165
0.5509570687093793
0.5509920387042713
0.5510363299314199
0.5510825289086845
0.5511236635381518
0.5511734083106881
0.5512661403588649
0.5513648973859956
0.5514566375028074
0.5515602077846806
0.5516329303905972
0.5517455892490514
0.5518275761321029
0.5519100716424611
0.5520165500253675
0.5522295067911804
0.5524882222014271
0.552783528374876
0.5531254981060109
0.5535192046540726
0.5539763372807811
0.5545108246945307
0.5551377564890934
0.5558676945521253
0.5566786628415062
0.5576197752673163
0.5586751003202899
0.5598274759380615
0.5599
0.5599081163966134
0.5599243491898404
0.5599432870932325
0.5599670036764951
0.5599835018382475
0.56
0.5600081163966135
0.5600194268205799
0.5600327797861749
0.5600502407415536
0.5600759086827943
0.5601100919885497
0.56013440915835
0.5601547474892078
0.5601732691779467
0.5601892236843824
0.56020375512028
0.5602191740013539
0.5602433149977373
0.5602626023565345
0.5602790367493389
0.5602964772986337
0.5603160896123429
0.5603408895219237
0.5603665290296558
0.5603906671055879
0.5604157083789386
0.5604492379156261
0.5604779706438434
0.5604983536756079
0.560516447196335
0.5605337959514943
0.5605520169532112
0.5605746175995765
0.5605958838298402
0.5606196063911082
0.5606416290306033
0.5606641518095132
0.5606891086834088
0.5607190551772868
0.560756033721343
0.5607947160732373
0.5608303597926612
0.5608627376382354
0.5608926731538122
0.560921764155055
0.5609528328671229
0.5609939845534164
0.5610405749270007
0.5610744148444539
0.5611067096493147
0.561140909100922
0.561179604012683
0.5612281525444216
0.5612800315043461
0.5613357335478073
0.5613867706373921
0.561422564727435
0.561453509574081
0.5614845043061255
0.5615209593385442
0.5615768823653638
0.5616199016030992
0.5616592324892297
0.5617016039352506
0.561750075157078
0.5618105196076912
0.5618922241898608
0.5619870909258171
0.5620731404347492
0.5621595535078111
0.5622519095869737
0.5623561153042017
0.5624810066855681
0.5626336792155738
0.5628344401029495
0.5631164420230714
0.5635545839957459
0.5641391684821522
0.5648095180833528
0.5655842862582492
0.5664961901478208
0.5675685045464312
0.5688832683684095
0.5699
0.5699054767886773
0.569916430366032
0.5699383375207414
0.569958530626043
0.5699792653130216
0.5699896326565108
0.5700000000000001
0.5700054767886774
0.5700107721796546
0.5700201604990089
0.5700389371377177
0.5700701461319289
0.5701016540910726
0.5701290133383637
0.5701530512837633
0.5701753653131166
0.5701993759850599
0.570230925018403
0.5702582427845956
0.5702807397963173
0.5703030659212939
0.5703262534434969
0.5703467158321
0.5703646517010391
0.5703803971679479
0.5703945880193868
0.5704108008731769
0.5704309890793754
0.570446965961021
0.5704621484879393
0.5704785129209
0.5704979950743692
0.5705220989577735
0.5705479557593203
0.5705744413625413
0.5706027411315865
0.5706268996646706
0.5706487207070028
0.5706687008950283
0.5706885313023873
0.5707107842738083
0.5707310002056669
0.5707481877084685
0.5707641822627283
0.5707799104530805
0.5707966391510968
0.5708173161160486
0.5708472844086262
0.570868764084089
0.5708882853216799
0.5709089428622588
0.5709320415990115
0.5709611564532439
0.5709990488126933
0.5710524706551875
0.5711149651043763
0.5711808556916095
0.5712525134891163
0.5713351524492696
0.5714315874451437
0.5715534143383927
0.5717170389607089
0.5719561582476391
0.5722096653175749
0.5724287344277822
0.5726989585664938
0.5729605516657839
0.5731827584090267
0.5734437803781579
0.5737617474332928
0.5742967712815181
0.575052538250927
0.5759222552585066
0.5769232199422545
0.5780904276772693
0.5794836745804315
0.5799
0.5799068659848268
0.5799205979544804
0.5799480618937876
0.5799740309468937
0.58
0.5800068659848268
0.5800178109974711
0.5800351667015965
0.5800641964506731
0.5800921663913777
0.5801232522722737
0.580162038233438
0.5802043009710732
0.580249369708031
0.5803051800625485
0.5803814597131456
0.5804298451195552
0.5804824983342505
0.5805233418505624
0.580554546924167
0.5805822624102522
0.5806089404265833
0.5806383661542264
0.580665236473868
0.5806970771685074
0.580721609308143
0.5807419488581508
0.5807601600107469
0.5807769182957687
0.5807936676779433
0.5808125358281029
0.5808435316468393
0.580866338010163
0.5808851356038316
0.5809044338633782
0.5809252038260284
0.5809505509609639
0.5809787570073653
0.5810076708181918
0.5810426164323884
0.5810772919841675
0.5811020870992144
0.5811229472313731
0.5811427163519479
0.5811630860269518
0.5811874897483461
0.5812144483701439
0.5812435969764576
0.5812694095572832
0.5812954462573282
0.5813238011362237
0.5813574165894166
0.581398268141275
0.5814524279684911
0.581528780480649
0.5816460987381028
0.5817806590708404
0.5819264040790639
0.5820931153228084
0.5822842025169878
0.5825198067067522
0.5828279491472156
0.583262326301938
0.5837900252722591
0.5844013172977089
0.5851141853615174
0.5859528559808365
0.5869592248121956
0.5881711716860956
0.589604718250411
0.5899
0.5899068659848268
0.5899205979544804
0.5899456025625424
0.5899681665989006
0.5899840832994503
0.59
0.5900068659848268
0.5900166382243
0.5900306781724878
0.5900533534763582
0.5900764631601145
0.5901010877970042
0.5901292901523196
0.5901611029045394
0.5901979160405283
0.5902429129704876
0.5902959546387054
0.5903583041117393
0.5904314730962922
0.5905172092968058
0.5906177471106245
0.5906688970606045
0.5907196970981394
0.5907728147336618
0.5908303024181661
0.5908817733261277
0.5909400665531117
0.5910496122794033
0.5912327111670103
0.5914220355061713
0.5915564405265354
0.5917043289293002
0.591857979178341
0.5919970045734032
0.5921595752939061
0.592304651810775
0.5924283041162554
0.5925423295224661
0.59265386933552
0.5927743675517787
0.5929371829681535
0.593122334343562
0.5932591702193125
0.5933912794019892
0.5935324838924361
0.5936941481473949
0.5938384347390657
0.5939707959881649
0.5941090307628671
0.5942792462681419
0.5944900238930837
0.5946858008753095
0.5948738132930715
0.5950795772055053
0.5953171679049216
0.5955837667136659
0.5958858076481319
0.596234034951518
0.5966298010784858
0.5971127885223152
0.597726610883728
0.5985623174748598
0.5998081001477438
0.5999
0.5999116415301654
0.5999349245904962
0.5999683609841445
0.6
0.6000116415301654
0.6000263370589453
0.6000488797019333
0.6000836358204406
0.6001182369441096
0.6001598265242611
0.6002097246136346
0.6002669411120063
0.600323498882894
0.6003790302373582
0.6004493302892636
0.6005032834929226
0.600541329664887
0.600576469089384
0.600614007426442
0.6006650343103079
0.600717657043029
0.6007639253381504
0.6008113561819222
0.6008551415297184
0.600892523500753
0.6009294068997156
0.6009708671264602
0.601032699229228
0.6010940739708164
0.6011448451946896
0.6011971543216815
0.6012549903886518
0.6013252661883082
0.6014198667458768
0.601543515147173
0.6016508632871652
0.6017404152535973
0.6018265365911499
0.6019328224715887
0.6020581718691757
0.602150982853431
0.6022436136329323
0.6023456346332724
0.6024716082201327
0.6025941854462935
0.6027080773358057
0.6028304759037323
0.6029080542357418
0.6030101300674733
0.6030965117602937
0.603175200417862
0.6032591177821996
0.6033613867130142
0.6034684895038447
0.6035838309249256
0.6036917595871516
0.6038048388453631
0.6039328465107038
0.6040909163698823
0.6042944955093923
0.604586439083877
0.6050495298400597
0.6059185827783119
0.6069517357804347
0.6081186317149607
0.6094675425229124
0.6099
0.6099046123630829
0.6099138370892487
0.6099322865415804
0.6099518593667299
0.6099759296833649
0.6099879648416824
0.6099999999999999
0.6100046123630829
0.6100101615368833
0.6100199189324855
0.6100394337236901
0.6100712711063698
0.6101067760292546
0.6101356124940939
0.6101596474787077
0.6101810346885137
0.6102013682952687
0.6102230281237464
0.6102523392333544
0.6102815389447237
0.6103029392740263
0.6103217029962235
0.6103383817842342
0.6103525754826256
0.6103662396768261
0.6103794857983803
0.6103934444845692
0.6104092782346321
0.6104246702388992
0.6104401009206689
0.6104545404327747
0.6104693751397365
0.6104856808189951
0.6105051158487811
0.6105285250486172
0.6105510899539435
0.6105731820700322
0.6105972135889214
0.6106204870634094
0.6106400821330791
0.6106549501362842
0.6106680758803231
0.6106811747024041
0.6106964210877077
0.6107156755775707
0.6107332219931989
0.6107493877992912
0.6107654750757506
0.6107820257967727
0.6108010167118222
0.6108293790510968
0.6108533065481659
0.6108732675868899
0.6108937086224535
0.6109159372906697
0.6109430166857851
0.6109772343591625
0.6110170635507289
0.611059739932474
0.6111065701410929
0.611159148966872
0.6112216155776555
0.611297548318431
0.61139674019841
0.6115061047010071
0.61159749902394
0.6116823126282654
0.6117852191740357
0.6119076063214158
0.6119964421106638
0.612085543107313
0.6121842501851871
0.6123075249677452
0.6124196104466383
0.6125278897388278
0.61265918484351
0.6127423829498636
0.6128264512050504
0.6129035195453733
0.6129793290256128
0.6130673378803528
0.6132091254857351
0.6133280825975213
0.613429566836937
0.6135366344885913
0.6136558028734024
0.6138054375154894
0.6140030177288803
0.6142984362622899
0.6148018436335652
0.6156248325508538
0.6165588058861773
0.6176205428145549
0.6188553572577138
0.6199
0.6199244126251061
0.619962206312553
0.62
0.6200244126251061
0.6200459081662302
0.6200738051397611
0.6201107027593517
0.6201499607601088
0.620196259316886
0.6202461443612466
0.6203002481315014
0.6203689392018826
0.6204671607089954
0.620574975637346
0.6206776287341823
0.6207848944952323
0.620875080073096
0.6209481187899996
0.6210224321485803
0.6210836145617238
0.6211379138463664
0.6211915812072235
0.6212505537603096
0.6213393043130007
0.6214168637593848
0.6214795412441475
0.6215429843574654
0.6216117286976897
0.6216930423091936
0.6217656013913693
0.6218390044424594
0.6219028078950819
0.6219634467024496
0.6220283210935431
0.6221097405582476
0.6222091351872672
0.6222978461302214
0.6223812955874862
0.6224702962289245
0.6225711423238894
0.6226970716736071
0.6228601591430248
0.6230934224436652
0.6234552731840637
0.6239088859877587
0.6244330130267269
0.6250624984022675
0.6258661170214878
0.6268575461209887
0.6280361356216171
0.6294648548736715
0.6299
0.6299518068587934
0.63
0.6300518068587934
0.63010867968203
0.6301644290554236
0.6302499214475416
0.6303538441658938
0.630464577334483
0.6305794247980635
0.6307150174652703
0.630874469157268
0.6310527263962049
0.6312409902535497
0.631471276145501
0.631793840600374
0.6322161449956468
0.632747402336215
0.6334041762849302
0.6343133157449765
0.635718436294603
0.6384756893609457
0.6399
0.6399072661717574
0.6399217985152722
0.6399508632023018
0.6399752177514382
0.64
0.6400072661717574
0.6400179489785305
0.6400342906331148
0.6400548565268078
0.6400734967969021
0.6400942350546189
0.6401210197655699
0.640151075445406
0.6401755049900081
0.6401991161379285
0.6402257304858899
0.6402629957345969
0.6403014497820936
0.6403353506265482
0.6403724978539904
0.6404149983594916
0.6404708246352501
0.6405475868708677
0.6406454674798221
0.6407517978516435
0.640869205558318
0.6410055827049592
0.6411662416184368
0.6413698137016294
0.6416443067510996
0.6420475355107914
0.6426905291117352
0.6435219756532613
0.6446099903751763
0.6461061193263908
0.648364711495727
0.6499
0.6499103722023009
0.6499311166069025
0.6499655583034513
0.65
0.6500103722023008
0.650025310168584
0.6500468242904377
0.6500775068819904
0.6501075634618657
0.6501404607994162
0.6501770435066602
0.650222430169771
0.6502676635495076
0.6503189908217089
0.6503870113277647
0.650471951021018
0.6505620231121099
0.6506699873975129
0.6507871407422079
0.6509242520545312
0.6510916530169383
0.6512911261126715
0.6515190820494258
0.6518159592657323
0.6522489085667804
0.6530855204886882
0.6547587443325037
0.6569824734546504
0.6598830895441223
0.6599
0.6599061360763991
0.6599138182538248
0.6599291826086761
0.6599492717523004
0.659972181980173
0.66
0.6600061360763991
0.6600184082291973
0.6600337529183072
0.6600507600266099
0.6600707617650357
0.660095139488158
0.6601167342558951
0.6601381193167736
0.6601631584414855
0.6601905296271738
0.6602229556108281
0.6602544341846996
0.6602896264807456
0.6603303916005184
0.6603732413692092
0.6604213376442853
0.6604777336729876
0.6605494198166114
0.6606362933920351
0.6607433364126938
0.660890155878561
0.661083502905345
0.6613195228178015
0.6616179172381202
0.6620173280859328
0.6626063379368832
0.6634158825849009
0.6644847248091555
0.6659522019979536
0.6678166836481702
0.6698999999999999
0.6699092317907769
0.6699276953723308
0.6699646225354385
0.6699823112677192
0.67
0.670009231790777
0.67001936374175
0.670039627643696
0.6700678475416608
0.6700984487394104
0.670133723072954
0.6701764753315108
0.6702206303332072
0.6702728910455699
0.6703362442406383
0.6704043717596547
0.6704845897704595
0.6705737933088262
0.6706758527010431
0.670788867755678
0.6709230282989623
0.6711001951840053
0.6713833144966603
0.6717219175198832
0.6721029621727643
0.6724144289353652
0.672743080212384
0.6733419292230327
0.674118034376473
0.6755771640077037
0.6774194374476745
0.6797671219258447
0.6799
0.6799141397465942
0.6799424192397827
0.6799712096198913
0.68
0.6800141397465943
0.6800294814585951
0.680052307701792
0.6800831192490077
0.6801177474226376
0.6801525054257508
0.6801924125038293
0.680239163502968
0.6802920664530179
0.6803465281037397
0.6804119022786598
0.6804967156143915
0.68061194764138
0.6807479080192623
0.6809052328358352
0.6811015743500684
0.6813745416829946
0.6818155959485555
0.6826183232380442
0.6839820974803152
0.6867096459648574
0.6899
0.6899325208317497
0.6899662604158749
0.6900000000000001
0.6900325208317498
0.6900577269497546
0.6900878288626401
0.6901355830732957
0.6901867199869016
0.6902401174603198
0.6903021983778105
0.6903845985709213
0.6904837659949553
0.6905911868963719
0.6907173426199958
0.6908649734720045
0.691059490471133
0.6913667989115205
0.6918156764147992
0.6924259669849584
0.6934444634189645
0.694386477276451
0.695457586210093
0.696231404078926
0.6969281569271479
0.6978184092312598
0.698945706183435
0.6999
0.6999268089982937
0.699963404499147
0.7000000000000001
0.7000268089982938
0.7000541762726694
0.7000909186047815
0.7001464101691999
0.7002028822661532
0.7002646416740755
0.700335238622791
0.7004208848873138
0.7005140262672855
0.700621362863771
0.700750194582338
0.7009278211983718
0.7012018111475619
0.7016716184371946
0.702412863247862
0.7033986035962231
0.704727387537317
0.7066624628459395
0.7092016724243119
0.7099
0.7099108038653911
0.7099324115961733
0.7099662057980867
0.71
0.7100108038653911
0.7100287169439106
0.7100513471954661
0.7100833244913483
0.7101163754939325
0.7101526197914336
0.710192415580885
0.7102400461093816
0.7102914986062702
0.7103492225473966
0.7104139740318043
0.7104898878333203
0.7105843541362246
0.7107086838737473
0.7108704861912387
0.7110633099707936
0.7112973845500421
0.7115885528728941
0.711996484945646
0.7124836393340429
0.7129065149168243
0.7133498245098295
0.7137701615345191
0.7142645621646008
0.7148937940628263
0.7159728310808344
0.7175803699551643
0.7195245906108189
0.7199
0.7199035927296953
0.7199107781890859
0.7199251491078671
0.7199412936460047
0.7199604853215662
0.7199833611847156
0.7199916805923579
0.7199958402961789
0.72
0.7200035927296953
0.7200071854593906
0.7200143709187812
0.7200275255073955
0.720042978676658
0.7200619134044709
0.7200803555607413
0.7200975342818575
0.7201160181618458
0.7201393219635539
0.7201690078308866
0.7201943150692494
0.7202209558894002
0.7202514520146636
0.7202910276857635
0.7203485011856637
0.7204142334485667
0.7204809933238063
0.720545922933007
0.7206083382297226
0.7206710684929442
0.7207417737224578
0.7208504354767792
0.7209290612943172
0.7209955382389707
0.7210619872368939
0.7211275787040154
0.7211864502003091
0.7212352942921839
0.7212802557691076
0.721332812623779
0.7213812794232796
0.7214302361171195
0.7214781452199964
0.7215293497557962
0.7215907446836639
0.7216647899599147
0.7217514465919462
0.7218253098002168
0.7218910402576866
0.7219574899028042
0.7220496049357109
0.7221165599218564
0.7221656517056066
0.7222115124932303
0.7222584367768192
0.7223158702199381
0.7223749625521904
0.7224390028700177
0.7224988451006613
0.7225610260009845
0.722630715446184
0.722715662001077
0.7228227740791319
0.7229718513705464
0.7231978333525868
0.723590177237164
0.7241786275675998
0.7248377292940257
0.7255797085055588
0.726429789790468
0.7274168800999504
0.7286011197254365
0.7299
0.7299040921058572
0.7299122763175715
0.7299286447410002
0.7299472199134256
0.7299709473984017
0.7299854736992009
0.7299927368496004
0.73
0.7300040921058571
0.7300078771912761
0.7300154473621141
0.73003058770379
0.7300522514752623
0.7300802099185276
0.730112438383332
0.7301479693050231
0.7301852345999671
0.7302263476162258
0.7302731311685123
0.73032756933652
0.7303920025571891
0.7304663590790653
0.7305415399352047
0.7306132747246556
0.7306867363071075
0.7307747226424252
0.7308439198168126
0.7309187805942313
0.7309820051685905
0.7310363055372906
0.7310856929190505
0.7311318706205828
0.7311782017906553
0.7312303700766306
0.7313150502898915
0.7313783062456138
0.7314302292409233
0.7314832804098725
0.7315401697155332
0.7316094127624939
0.7316953843565757
0.7317792719573171
0.7318389107228801
0.7318908590502545
0.7319431100906314
0.7320047262553745
0.7320923247365376
0.7321661288768923
0.7322343067024452
0.7323080612147742
0.7323921626040715
0.7324998444873936
0.7326334188079026
0.7327694530033033
0.7329075366991316
0.7330550631365342
0.7332244964990489
0.733420118703107
0.7336660554068731
0.7339947928713632
0.7344718340620696
0.7352316049726303
0.7361128568576707
0.7371403362746111
0.7383460152923729
0.7398022204993764
0.7399
0.7399077458983422
0.7399232376950265
0.7399465420164698
0.7399718211080917
0.7399859105540458
0.74
0.7400077458983422
0.7400165877692334
0.7400305783879858
0.7400570501330331
0.7400780863052129
0.7400990182980134
0.7401224863373881
0.7401507270263273
0.7401823327741635
0.7402095298084183
0.7402365081017728
0.7402678497638072
0.74030333136196
0.7403433867724225
0.7403828228398205
0.7404249929932477
0.7404756060939965
0.7405313977197412
0.7405896248892663
0.7406559856649498
0.7407326875943319
0.7408293310442386
0.7409589767157498
0.7411236929686437
0.7413523384162851
0.7416335003714665
0.741967368744029
0.7423944704637857
0.7429040634046705
0.7435296599180218
0.7443281196440711
0.7454840219917387
0.747242848132816
0.7499
0.74991922553
0.74995767659
0.75
0.75001922553
0.7500393306092716
0.7500574181777845
0.7500935933148102
0.7501327120939524
0.7501741402453456
0.7502228170475499
0.7502804622798537
0.7503277308206762
0.7503682283380544
0.7504072517613429
0.750450593995504
0.7504902312328636
0.7505341221673381
0.7505737459798651
0.7506132825194338
0.7506558625508104
0.7507011133088758
0.7507433551444163
0.7507773378323761
0.7508068065363117
0.7508387519856401
0.7508681140714712
0.7509003684363003
0.7509309371408902
0.7509630914556534
0.7510013162618479
0.7510468331333011
0.751108534624999
0.7511665889365767
0.7512147248389311
0.7512585041681972
0.7513032856721183
0.751345382673561
0.751391399116357
0.7514265554207573
0.7514575880398823
0.7514884338218158
0.7515219415408929
0.7515671600500223
0.7516237083584317
0.7516649912077413
0.7517050879293311
0.7517483030380823
0.7517997208088822
0.7518638050555492
0.7519525262155561
0.7520861075314613
0.7523164495679485
0.7527173116318125
0.7531672102208689
0.7536706297890283
0.7542461220550549
0.7549078539912786
0.7556821288900147
0.7565978062460097
0.7576885568519258
0.7589978630670989
0.7599
0.7599045557834411
0.7599136673503232
0.7599318904840874
0.7599538297098473
0.7599786181612023
0.76
0.7600045557834411
0.7600136673503232
0.7600286423970026
0.7600535387558466
0.7600776427009741
0.7601021214158493
0.7601242266715189
0.7601432211073101
0.7601609192500588
0.7601790411119849
0.7602011563136116
0.760219066333868
0.7602388535867111
0.7602563947144796
0.7602722790487494
0.7602869020650337
0.7603000509409394
0.7603121320868014
0.7603239152684805
0.7603366639655977
0.7603548383210988
0.7603715581584582
0.7603846112449345
0.760397510364444
0.7604112579626049
0.7604271284974032
0.7604472193610871
0.7604670875429698
0.7604868542615925
0.7605093963231573
0.7605322800288429
0.7605511492423482
0.7605664184884127
0.7605803229279339
0.7605939973291218
0.7606088290610372
0.7606280260306348
0.760645993229238
0.7606643340977146
0.7606817579700137
0.7606997742220423
0.7607198094618451
0.7607439281186393
0.7607735658150762
0.7608131648260777
0.7608695172641161
0.7609571675934159
0.7610514683699388
0.7611529300871155
0.761269011328708
0.7614016359925245
0.7615652402204717
0.7617787693605704
0.7620779627002204
0.7624375106728607
0.7628530485648716
0.7633355047714692
0.7638980713583454
0.7645601521690741
0.7653464053762749
0.7662908403830334
0.7673984722487195
0.7686965654401035
0.7699
0.7699179672973246
0.7699539018919739
0.77
0.7700179672973246
0.7700445064326493
0.7700766387820055
0.7701201262984685
0.7701600747776506
0.7702049292247097
0.7702645552550621
0.7703219851163519
0.7703773268526456
0.7704397069875134
0.7705116086593689
0.770597176090955
0.7706818688637975
0.7707749055766238
0.7708824181743441
0.7710006109959487
0.7711332846865238
0.7712953393156288
0.7715102329598756
0.7718319036513992
0.7723270304790423
0.7729759282511606
0.7738227069690913
0.7749594948788073
0.7765883856075947
0.7792406130825447
0.7799
0.779906943173917
0.7799208295217508
0.7799486022174185
0.7799722274214551
0.7799861137107276
0.78
0.780006943173917
0.7800138863283135
0.7800268186636549
0.7800459511402769
0.7800651575432654
0.7800895532264001
0.7801160791652013
0.7801395676781339
0.7801638990379429
0.7801930890624299
0.780224661936628
0.7802602680380158
0.7802958272202422
0.7803365965126529
0.7803832255258571
0.7804329701879978
0.7804884167936051
0.7805553841442533
0.7806423114358118
0.7807484589613986
0.7808853004888033
0.7810812953445907
0.7813257677991806
0.7816284298867193
0.7820210688086631
0.7825704207565924
0.783040080390181
0.7835635292918635
0.7840179362306636
0.7844521535243053
0.7849490971514667
0.785583694839466
0.786566179260096
0.7881743103028048
0.7899
0.7899064529290206
0.7899193587870618
0.7899451705031441
0.7899681556571662
0.7899840778285832
0.7899920389142916
0.79
0.7900064529290206
0.7900116955290298
0.7900221807290483
0.7900391145664344
0.7900589610314932
0.7900829678528549
0.7901053344833645
0.790127253631482
0.7901524372038425
0.7901832892572561
0.7902180624410264
0.790250874137907
0.7902861267682717
0.7903293714935617
0.7903891437184183
0.7904720773470661
0.7905627363767188
0.7906659370850871
0.7907809252101281
0.7909062222796253
0.7910516327863554
0.7911774030486942
0.7912911971863952
0.791444555920228
0.791557569019779
0.7916862670524815
0.7918790527079306
0.792211381091167
0.7927474743335717
0.7935154541148512
0.794570318450986
0.7957877120355694
0.7972084110797292
0.7989456979863022
0.7998999999999999
0.7999054517250687
0.7999163551752061
0.799938162075481
0.7999588207310417
0.7999810473821427
0.8
0.8000054517250688
0.8000135865060441
0.8000266363512927
0.8000426305635876
0.8000587412830297
0.8000784608251944
0.8001019217100385
0.8001221687232718
0.8001413889347447
0.8001626707796771
0.8001873283985373
0.8002146426535884
0.8002428309376353
0.800272302574607
0.8003070590804096
0.8003461571624416
0.8003866336284383
0.8004325941971351
0.800485610700016
0.8005522651633366
0.8006340757639848
0.8007307677087928
0.800858507393816
0.8010535767023202
0.8013012732449273
0.8016186990863834
0.8020499481904076
0.8027002607669984
0.8036394348612037
0.8048082286646996
0.8056311395796705
0.8064306140994142
0.8072269378966623
0.808128093263334
0.8093187683261476
0.8099
0.8099064084531976
0.8099192253595929
0.8099448591723836
0.8099681710821957
0.8099840855410978
0.8099920427705489
0.81
0.8100064084531977
0.8100128169063954
0.8100256338127907
0.8100428946321033
0.8100655616033087
0.8100877408869557
0.8101092223002903
0.8101335007838196
0.810162315029382
0.810197594930967
0.8102300025620189
0.8102648034201412
0.8103077030450594
0.810367654854491
0.8104438824317851
0.8105256033085153
0.8106211361643717
0.8107247702724779
0.8108460140899062
0.8109913916121454
0.8111782932766195
0.8114448315674893
0.811814143265865
0.812279397581501
0.812691329762382
0.8130812468015536
0.8135033661091191
0.8140154727339263
0.8145139133995892
0.8150147666602271
0.8156101888329206
0.8163988924607366
0.8177386374134414
0.8195736772875749
0.8199
0.8199054366717664
0.8199163100152993
0.8199380567023651
0.8199582048395276
0.8199815123160414
0.8199907561580208
0.8200000000000001
0.8200054366717665
0.8200103301763484
0.8200201171855122
0.8200355412871352
0.8200519207467087
0.820072881884669
0.8200938887911359
0.8201129057602964
0.8201329875401531
0.8201566631545782
0.8201824556846476
0.8202108560881386
0.8202396310712129
0.8202728982355268
0.8203104026270915
0.8203502141288534
0.8203947507835323
0.8204478191471952
0.8205161259102938
0.8205946667608393
0.820691202910969
0.8208262205494573
0.8209990137713389
0.8212054220954751
0.8214576819788099
0.8217791491032987
0.8222178305081503
0.8228679907497582
0.8237067262487051
0.8247299211711185
0.8259648653108111
0.8274353726194766
0.8291650898723536
0.8299
0.8299101668372555
0.8299305005117665
0.8299711678607886
0.8300000000000001
0.8300101668372556
0.830023166496078
0.830043250576024
0.8300689674856166
0.830101958470376
0.8301339445210159
0.8301666991008623
0.8302054127236341
0.8302521234219924
0.8303021877282689
0.8303521331243651
0.8304110478035618
0.830490676098801
0.8305887623677983
0.8307163415845649
0.830870058633108
0.8310594453586042
0.831304849544904
0.8316473902973636
0.8321882571247571
0.8332699907795441
0.834805863990556
0.8363147093073617
0.837458456831528
0.8386070120133317
0.8397335656148432
0.8399
0.8399119621631961
0.8399358864895883
0.8399679432447942
0.84
0.8400119621631961
0.8400266351359967
0.8400504087605718
0.8400836300820088
0.8401231985128548
0.840167948528119
0.8402186618184821
0.8402745645841762
0.8403360400493093
0.8404116490631268
0.840495915989682
0.840593718059227
0.8407031123774892
0.8408283546303722
0.840977721574053
0.8411716687932671
0.841458547254259
0.841925267425035
0.8426280966984143
0.8436120857213654
0.8449505210697699
0.8465331363878786
0.847783764941014
0.8489314664443016
0.8499
0.8499084844325426
0.8499254532976279
0.8499593910277985
0.8499796955138992
0.85
0.8500084844325426
0.850021355580956
0.8500401414230672
0.8500647967195398
0.8500942668052912
0.850128391678991
0.8501610171993472
0.8501969677787556
0.8502383886606428
0.850287723394286
0.8503396532996347
0.850393517570329
0.8504591733137111
0.8505284639234838
0.8506097957403401
0.8507134644477188
0.8508568347998587
0.8510476346943351
0.8512802909074974
0.8515724899796057
0.8519597152734841
0.8525071622401158
0.8535916243996137
0.8556273431379342
0.8581765824034688
0.8599
0.8599084672174674
0.8599254016524022
0.8599592705222717
0.8599796352611359
0.86
0.8600084672174674
0.8600180778695778
0.860033515168969
0.8600527202279117
0.8600773200246727
0.8601007795096031
0.8601237734106828
0.8601503642476452
0.8601819255248115
0.8602180553777903
0.8602522467937768
0.8602909189548217
0.8603367525318893
0.8604030812424579
0.8604878228301961
0.8605854985076818
0.8606952498983775
0.8608186497945667
0.860953312467248
0.8611121334324486
0.8613040715759218
0.8615547470209253
0.8619232791710684
0.8626131206617976
0.8639928036432561
0.8659682759922223
0.8694752198523387
0.8699
0.8699051933363848
0.8699155800091545
0.8699363533546938
0.8699583236413764
0.8699824157928138
0.87
0.8700051933363848
0.8700127858509086
0.8700268272850482
0.8700451666538137
0.8700629635009033
0.8700840470201838
0.8701102462361329
0.8701339444336299
0.870156373101884
0.8701810945061853
0.8702097854069629
0.8702418386656493
0.8702748768107067
0.8703107620145842
0.8703502422424653
0.8703953485574574
0.8704438429260141
0.8704983195393411
0.8705634105228702
0.8706471818920516
0.8707502390698986
0.8708802878176757
0.8710474583502682
0.8712407284662073
0.8714619722687011
0.8717291140809961
0.8720526443820613
0.8724590757816824
0.8729951033701916
0.8737528147161231
0.8749511215165438
0.8773302352354516
0.8799
0.8799299233403863
0.8799649616701932
0.88
0.8800299233403863
0.8800568718736029
0.8800981431331877
0.8801607479092197
0.8802294240650002
0.8803021196657616
0.8803910361309281
0.8804934909917511
0.8806134757455238
0.8807524003032265
0.8809094083405504
0.8811166944537984
0.8814252556482209
0.8818120406775122
0.8823148135298828
0.8830193654345271
0.8840100026586989
0.8859912771070425
0.8899
0.8899130181479737
0.8899390544439212
0.8899695272219605
0.89
0.8900130181479737
0.8900275151233115
0.8900514913357975
0.8900849493509215
0.8901244441866626
0.8901709419562118
0.8902151446694436
0.8902639011848242
0.8903212749531986
0.890393788643044
0.8904630083006324
0.8905393267745758
0.8906350009867902
0.890751525274541
0.8908950927757843
0.8910823264149689
0.891322128473318
0.8916300898663438
0.8920480903146243
0.8926688932910962
0.8937596837924022
0.8959412647950142
0.8999
0.8999106143180498
0.8999318429541492
0.8999659214770745
0.8999829607385372
0.9
0.9000106143180497
0.9000218886785298
0.9000396655213336
0.9000639871562747
0.9000935812559642
0.9001248734780596
0.9001560513034462
0.9001922566825479
0.9002325897037551
0.9002832940126406
0.9003319739684321
0.9003876018135691
0.900450076656434
0.9005186777243753
0.9006019310936999
0.9007127221209786
0.9008577674144399
0.9010617947431627
0.9013864064758106
0.9018163935337091
0.9023894111557027
0.9031914271690324
0.904329892249678
0.9059961590933954
0.9088445367125125
0.9099
0.9099084456935603
0.9099253370806809
0.9099591198549221
0.909979559927461
0.91
0.9100084456935603
0.9100180742822601
0.9100346480076049
0.9100554548468607
0.9100820145042713
0.9101064222937344
0.9101321529623123
0.9101626459750466
0.9102000426018669
0.9102371529637963
0.9102752815846359
0.9103211103214025
0.9103834061102789
0.910466630227473
0.9105548484733973
0.9106603072184553
0.910773791328273
0.9109054085728903
0.9110617225268978
0.9112610457772867
0.9115394010753478
0.9119898145997617
0.9128906416485895
0.9142953762174083
0.9167089654591218
0.9199
0.9199059967846812
0.9199179903540435
0.9199419774927682
0.9199634771169648
0.9199817385584824
0.9199908692792412
0.92
0.9200059967846812
0.9200110392864945
0.9200211242901212
0.9200382977678135
0.9200554446431477
0.9200769587159212
0.9201011021361271
0.9201219998423037
0.9201432041074612
0.9201688133643374
0.9201962132250728
0.9202279440294997
0.9202589392475059
0.9202940728966761
0.9203351231980976
0.9203776285644077
0.9204257979237451
0.9204818817049293
0.920553108838897
0.9206393300994559
0.9207453095722141
0.92088991793264
0.9210676152366613
0.9212807316207642
0.9215386744769107
0.9218617856048832
0.9222906486759261
0.9229110220870177
0.9235751867425561
0.9243777549210461
0.9250565553714026
0.9256457164502424
0.9262756230385453
0.9271379719562873
0.9284845907928951
0.9299
0.9299045911940711
0.9299137735822134
0.929932138358498
0.9299506042776028
0.9299712988229221
0.9299856494114611
0.9299928247057305
0.93
0.9300045911940712
0.9300085133568514
0.9300163576824119
0.930029470463407
0.9300441768167536
0.930062443591196
0.9300814511556438
0.9300979698207102
0.9301146635701535
0.9301345819596377
0.9301608372777909
0.9301856138047585
0.9302093230524402
0.9302360778941966
0.9302677570664571
0.9303113154327904
0.9303711434524539
0.9304394477439063
0.9305141519444188
0.9305999447950531
0.9306989267416885
0.9308212110699431
0.9309601542319008
0.9311143934068868
0.9312878926013506
0.9314826197226391
0.9317161236349376
0.9320048328375747
0.9323913862012964
0.9328170612722895
0.9332191319474981
0.933554036190784
0.9338889879713176
0.9342606838873404
0.9347194010499138
0.9354334606379477
0.9367552351084669
0.9382701187662436
0.9399
0.9399087449518592
0.9399262348555776
0.9399612146630144
0.9399806073315072
0.9400000000000001
0.9400087449518593
0.9400181241586433
0.9400341611511769
0.940059255877201
0.9400817864561676
0.9401049464897216
0.9401326153654997
0.9401677134807426
0.9402005509335849
0.9402304103941761
0.9402618754721457
0.94030007400661
0.9403413450378175
0.9403860992768934
0.9404311795209778
0.9404832262623922
0.9405439376257569
0.9406067424272911
0.940677336623219
0.9407583557514241
0.940859434837403
0.9409958365613325
0.941175205476159
0.9414336876700443
0.9418367564588915
0.9423502256925836
0.9430025291603016
0.9438455155106904
0.9449744279381578
0.9465912993198996
0.9491775501783344
0.9499
0.9499143817450767
0.9499431452352302
0.9500000000000001
0.9500143817450768
0.9500346637726412
0.9500628196051409
0.950100985534323
0.950137714612329
0.9501809361412044
0.9502369382600341
0.9502946000316964
0.9503623681735479
0.9504451422959067
0.950546276996025
0.9506509929477115
0.9507748915829751
0.9509140965499364
0.9510740519176827
0.9512805894636278
0.951569898108942
0.952060575175887
0.9530419293097772
0.9544751037036135
0.9566262517218298
0.9593559752552628
0.9599
0.9599119530022387
0.9599358590067163
0.9599679295033581
0.959983964751679
0.96
0.9600119530022387
0.960022688205546
0.9600401788143502
0.9600675399157158
0.9600967702735229
0.9601338441978291
0.9601693916861974
0.9602053109521702
0.9602480599854331
0.9602957906298313
0.960351371930672
0.9604075770177735
0.9604698052964779
0.9605416332587305
0.9606204153349419
0.9607153113381489
0.9608396103341293
0.9610153650639732
0.9612618956131975
0.9616719737507293
0.9623450528787338
0.9634111147218203
0.9652561501441367
0.9688968675279667
0.9699
0.9699102610015786
0.9699307830047359
0.9699718270110504
0.97
0.9700102610015786
0.9700230723317546
0.9700423688426533
0.9700679340379077
0.970095291090519
0.9701232706328954
0.9701552541305873
0.9701933538922195
0.9702343989048441
0.9702771297632556
0.9703288890403688
0.9703966115567045
0.9704898318922446
0.9705952546631361
0.9707187809026457
0.9708586642503144
0.9710345816486381
0.9712746349856035
0.9716621865814198
0.9723911468147648
0.9735799158170031
0.9757782607909282
0.9799
0.9799127293619084
0.9799381880857253
0.9799690940428627
0.98
0.9800127293619084
0.9800275911995707
0.9800511436690575
0.9800883662471048
0.9801280372097739
0.9801695157251444
0.9802209819865829
0.9802758996019324
0.980342957580779
0.9804229500307692
0.9805135680523224
0.980619058968702
0.9807402715985427
0.9808838018102874
0.9810445112904418
0.981224727345136
0.9814238137070626
0.9816532844556803
0.9819231625641908
0.982275299037827
0.9827699009790267
0.9835939418519971
0.9852420235979379
0.987742654778366
0.9899
0.9899067489408611
0.9899202468225832
0.9899472425860274
0.9899719798216821
0.989985989910841
0.99
0.990006748940861
0.9900136686175344
0.990026385814883
0.9900472236455836
0.9900662277262939
0.9900847130968378
0.990105177484575
0.9901318077472472
0.9901628154537274
0.9901889860431048
0.9902126773538337
0.9902375255354777
0.9902685537722332
0.9903014647226264
0.9903362012123428
0.9903711202666683
0.990411524211452
0.9904576078323515
0.9905073808329381
0.9905601146891214
0.99062037398517
0.9906902127270512
0.9907782244276432
0.9908888792452862
0.9910308279472413
0.9912283586142191
0.9915431222452323
0.9920179950989829
0.9927718297990038
0.993924746388927
0.9958499968745604
0.9979249984372802
0.9999
0.9999147634753704
0.9999442904261113
0.9999721452130557
1.0
