0.0
0.001
0.003
0.007
0.0099
0.009908158063399158
0.009924474190197471
0.009944469775950307
0.009964344717725566
0.0099853510363831
0.01
0.01000815806339916
0.01001705644467761
0.01002798645621617
0.0100498216804338
0.01007308304743033
0.01009105803563138
0.01011234876112093
0.01013576394504311
0.0101648554351888
0.0102022831802648
0.01023433118609974
0.01026445562517431
0.01030104122122362
0.01034149456170635
0.01038913159888561
0.01044844788789846
0.01052143467614956
0.01057656846704602
0.01065607445363145
0.01075386203938562
0.01086014523532543
0.01096664746388693
0.01110842405224752
0.01125686429812323
0.01145756606255873
0.01171531652821429
0.01199980171887547
0.01231609078332617
0.01266986951026505
0.01307479865156277
0.01354837838417419
0.01416224720887628
0.01497693285959363
0.01620508933622181
0.01864257688634532
0.0199
0.01990618951767508
0.01991856855302524
0.01994332662372556
0.01996779850528232
0.01998389925264116
0.02
0.02000618951767508
0.02001361960601972
0.02002840834183407
0.02004458926084771
0.02006334472949088
0.02008168225614286
0.02009913404090731
0.02011577604701663
0.0201329620980905
0.02014964113434242
0.02017029615645983
0.02019302920046879
0.02021726545003234
0.0202415388112633
0.02026782924571369
0.02029758950383827
0.02032544106006082
0.02035268050605952
0.02038161161729134
0.02041531989046087
0.02046351061667282
0.02052345821254857
0.02056884070636201
0.0206130820771827
0.02066045957232992
0.02071515610391399
0.02078178148907573
0.02086998532548559
0.02099510855914819
0.02119223397377103
0.02157394480942491
0.02221425700371943
0.02306474374046176
0.02428343511220556
0.02629625932871399
0.0299
0.02990556827856393
0.02991342792820271
0.02991794406112224
0.02992240501548915
0.02992842448060213
0.02993675418784
0.02995209004444912
0.02997020704519481
0.02998510352259741
0.03
0.03000556827856393
0.03001251829000681
0.0300185041343214
0.03003047582295059
0.03004465396236807
0.03005869517554851
0.0300781197134678
0.03009656681470676
0.0301221377528656
0.03015001745801211
0.03017558635242168
0.03020137838337672
0.03022482452615961
0.0302468081274941
0.03026919135310795
0.03029494590883119
0.03032212300600309
0.03035040781008547
0.03037475594411746
0.03039868964233751
0.03042424829436522
0.03045287135405173
0.03048166296682485
0.0305053982482994
0.03052433005308253
0.03054217655895412
0.03056505597844793
0.03058919049043801
0.03060802451941755
0.03062718494486003
0.03064839909262993
0.03067435127304145
0.03070998899288051
0.03074115317849619
0.03076648843626772
0.03078846248784224
0.03080821412472505
0.03082716284638235
0.03084695976837547
0.03087076398425773
0.03088835529848322
0.03091048635328102
0.03092956820962431
0.03094658825419249
0.03096317609937984
0.03097970853973373
0.03099710382656627
0.03101691805080167
0.03104443817646949
0.03107564729569872
0.03109873079243612
0.03112079382895635
0.03114407078588484
0.03117018601517847
0.03120250277397746
0.0312432243378842
0.03129851072389692
0.03137830590795154
0.03150591210999573
0.03174712939422896
0.03203866401797561
0.03236315413436172
0.03273197470377695
0.03315286922264037
0.03363954640691743
0.03420758954733678
0.0348735516501146
0.03565701962766853
0.03658226625418713
0.03768094213004764
0.03899562725370762
0.0399
0.03990775187900122
0.03992325563700366
0.03995426315300853
0.03998051045666166
0.04
0.04000775187900122
0.04001987365277108
0.04003581600528899
0.0400614855396432
0.0400849905378623
0.04011080923689231
0.04014041040227737
0.04017147987622212
0.04021225463185583
0.04025972924733023
0.04031440001898156
0.04036291801200757
0.04042127477431839
0.04049281257177567
0.04058003839036136
0.04068427313362583
0.04080786375786215
0.04095404364369792
0.04112030055421941
0.04116752139299149
0.04125336285560757
0.04133926644293252
0.04144119372625641
0.04159211563007113
0.04185890999484849
0.04217029425240304
0.04251826114763733
0.04290686749191833
0.04336431313406817
0.04392196828980965
0.04464605537504922
0.04566690771027763
0.0472997240923918
0.0499
0.04991126150974828
0.04993378452924485
0.04996689226462243
0.04998344613231122
0.05
0.05001126150974829
0.05002038679286084
0.05003226498256681
0.05004628139091049
0.05006138423793381
0.05007856769339413
0.05009655664667849
0.05011479197594799
0.05013442203126742
0.05015338339850214
0.05016765863557692
0.05018050143275637
0.05019346712412363
0.05020809255278307
0.05023006079151605
0.05025191246838722
0.05026962657136906
0.05028749513029898
0.05030681103667525
0.0503297893644946
0.05035825446735413
0.05039675146089267
0.05045250708246393
0.05054190729597012
0.05070486308679555
0.05094556709708702
0.05124175586979948
0.05157468870670052
0.05203487619074281
0.05255443571300631
0.05332458282899188
0.05465670943649319
0.05732096265149583
0.0599
0.0599049562712267
0.05991486881368011
0.05992758294486756
0.05994013965554988
0.05995272202112056
0.05996731915927188
0.05998238558014163
0.05999119279007081
0.06
0.0600049562712267
0.06001068030518696
0.06002059244809834
0.06003405595752474
0.06004757942744766
0.06006254080575318
0.06007935215363138
0.0600982163400661
0.0601251575352881
0.06014754431359043
0.06016582781890088
0.06018226102118521
0.06019785991317442
0.06021448349934877
0.06023725230731196
0.06025996531745676
0.06027653009897017
0.06029128191638134
0.06030469813490898
0.06031668953863214
0.06032765836026966
0.06033812891862177
0.06034897451409768
0.06036229128953226
0.06037383219998815
0.06038602866703749
0.06039740791323263
0.06040895687038904
0.06042167965227412
0.06043641702705537
0.06045474804537234
0.06047267748521228
0.06049011653712616
0.06050901162913217
0.0605295075360598
0.06054861602736419
0.06056305837511598
0.06057574884631303
0.06058789821960973
0.0606004191329049
0.06061505762117674
0.06064022139683924
0.06065856329035351
0.06067388138389049
0.06068970084169248
0.06070675150243322
0.06072750735297269
0.06075346375740806
0.060788737231614
0.06083972286267463
0.06090696154024129
0.06097207079804266
0.06105743772288184
0.06115461816956518
0.06124514884195405
0.06137220344037834
0.0615009739588661
0.061628050614601
0.06178804531769436
0.06200968766006407
0.06226220522031715
0.06245547767436679
0.06264489253608373
0.0628135520070091
0.06301949805009562
0.06330958671669332
0.06355430938677704
0.06382645551066801
0.06413725188887397
0.0645767751452958
0.06525322033576564
0.06601474984226885
0.06664284693902106
0.06731587320502926
0.06803889801374609
0.06889177258884999
0.0699
0.06993399622245693
0.07
0.07003399622245693
0.0700699796050882
0.07011397803388467
0.07016955742375466
0.07023295052109953
0.07029992470062303
0.07037325683429306
0.07045904830349932
0.07056275167800725
0.07066579320915459
0.07076613175569338
0.0708730949126582
0.0710047430985452
0.07121651300136327
0.07137416782564514
0.07152346546785249
0.07168159116146154
0.07184357312260688
0.07204182093507257
0.07236042497922376
0.07261951696926001
0.07285904833560264
0.07312493247908942
0.07343133536875077
0.07383553266446989
0.0744407660240725
0.07562173532122968
0.07777572848768899
0.07990000000000001
0.07990528830313813
0.07991586490941437
0.07993701812196684
0.07995752143193101
0.07998031356728474
0.08
0.08000528830313812
0.08001361321508924
0.08002740585359637
0.08004786086061468
0.08006493167759154
0.08007991182839667
0.08009498706822851
0.08011077038648655
0.08012996939761637
0.08015013879046966
0.0801714902827926
0.08019294027645818
0.08021621431748034
0.0802420334577974
0.08026639578652678
0.08029135229299492
0.08031932259271199
0.08035554080358641
0.08040248772876613
0.08044313978939431
0.08048122339916718
0.0805212876088909
0.08056694880203577
0.08062111628824743
0.08067424579501753
0.08072621167146218
0.08078086378281153
0.08084109224472909
0.08091254179602132
0.08099691233423413
0.08106760098643669
0.08112172028325468
0.08117056436834995
0.08122822100981536
0.08130036308356513
0.08135193679295831
0.08140324310447712
0.08145995654781656
0.08153040515645076
0.08161118722602179
0.08168110214974736
0.081744138565663
0.08180718846175504
0.08188587464341894
0.0819355764013896
0.08198556849666815
0.082030973224864
0.08207398715096821
0.08212000183772035
0.0821753601878262
0.08223539410333525
0.08230068650517111
0.08235880239938054
0.08241745178262705
0.08248136450423631
0.0825571042329979
0.08264909774239551
0.08277116251402677
0.08294363499102529
0.08320991382312067
0.08370676343691921
0.08431059692332332
0.08498694850625617
0.08576032723981172
0.08665207913150241
0.08770017604560842
0.08895244015979331
0.08990000000000001
0.08990818294415415
0.08992454883246243
0.08994475989651748
0.08996443710553724
0.08998221855276861
0.09
0.09000818294415414
0.0900183967225284
0.0900324908581585
0.09004943856530634
0.09007022318031101
0.0900901020340467
0.09010767516149061
0.0901254074596538
0.09014590503726357
0.09017927794102129
0.09020756158026681
0.09023262294523259
0.09026039897161894
0.09029138298562432
0.09033163989557066
0.09039001623441485
0.0904732352548666
0.0905797050196866
0.09071926910347097
0.0909166688958642
0.09117683808201262
0.09149849132241461
0.0919054788166701
0.09244026025349356
0.0931639425441085
0.0941746155178936
0.09565867480513962
0.09759625776806553
0.09875291109318361
0.09986754474032239
0.0999
0.09990620123315783
0.09991860369947347
0.09993465605034618
0.09995043142045766
0.09996761842353545
0.0999869984420404
0.1
0.1000062012331578
0.1000137490954073
0.1000253110474584
0.1000424550236698
0.1000583565779284
0.1000737281553024
0.100092455937808
0.100109803968887
0.1001341878342463
0.1001654643902231
0.1001910376097711
0.1002177761839227
0.1002443058989109
0.1002724673161828
0.1003054059170632
0.1003464447097756
0.1003981112534658
0.1004600086010172
0.1005359620630669
0.1006330907236005
0.1007520584690873
0.1008889562917362
0.1010250431488231
0.1011388232327253
0.1012524467587127
0.1013317734094449
0.1014173401493333
0.101488564570441
0.1015787670972573
0.1017376368287519
0.1018531737881281
0.1019697722303343
0.1020926740797118
0.1022414706984494
0.102449193938112
0.1027840519928976
0.1031349580056546
0.1033944666142222
0.103641614646319
0.1039001399993003
0.1041908438398371
0.1044882095594294
0.1048043579320772
0.1052016111215514
0.1056665470784186
0.1061260087265878
0.1065702414299708
0.1070630022461107
0.1076407752229541
0.10840399757065
0.1095279985296649
0.1099
0.1099045125858802
0.1099135377576405
0.109931588101161
0.1099459270586124
0.1099609895198009
0.1099780788543198
0.1099890394271599
0.11
0.1100045125858801
0.1100115762227271
0.1100209398498391
0.1100357470473931
0.1100495517594473
0.1100655264481083
0.1100816779242382
0.1101022447068337
0.1101247375800948
0.110147372234331
0.1101717999412531
0.1101984876032772
0.1102250180331224
0.1102549241523388
0.1102890923048596
0.1103339377234452
0.1103768546960195
0.1104298982426834
0.1104940509368302
0.1105711525295027
0.1106629587632097
0.1107692113820972
0.1108921978252027
0.1110255843053278
0.1111747259693586
0.1113513878873812
0.1114958776283513
0.1116541771068283
0.111815568460767
0.1119593148305997
0.1121212888822488
0.1123519030497981
0.112634818260485
0.1128341420672301
0.1130247437317873
0.1132164361589336
0.1134469352753994
0.1136589920519733
0.1138100164134096
0.1139483172900122
0.1140947477765386
0.1142844041737044
0.1144811139917214
0.1146757256242277
0.1148667222405114
0.1150710463449979
0.1153112130250488
0.1156021200916488
0.1159911990305422
0.1165508831642592
0.11744081198501
0.1188949683004001
0.1199
0.1199082521022812
0.1199247563068436
0.1199463101268514
0.1199670992948181
0.1199835496474091
0.12
0.1200082521022812
0.1200184056940999
0.1200341540443858
0.1200565532570831
0.1200767898366918
0.1200994745997356
0.1201269814878241
0.120157824338117
0.1201902370363164
0.1202239958157421
0.1202521793857362
0.1202788045157187
0.1203072571798826
0.1203430893747574
0.1203799159785348
0.1204194120692508
0.1204573878472248
0.1204974706605495
0.1205442294206849
0.1206001958044205
0.1206747085109542
0.1207823210298292
0.1209585467636745
0.1211792627805588
0.121438878511519
0.1217600202210142
0.1221815072746739
0.1227588361195815
0.1235820186520071
0.1242850789384293
0.1248727504145047
0.1256512212403599
0.1262013538850388
0.1268403684756298
0.1277457234171898
0.1294343696530301
0.1299
0.1299069640574227
0.1299208921722681
0.1299356375204868
0.1299511706949965
0.1299653753053683
0.1299803651900462
0.1299901825950231
0.13
0.1300069640574227
0.1300148302696517
0.13002480312157
0.1300381615101339
0.1300527834399331
0.1300688851058017
0.1300849200526626
0.1301031600916648
0.1301266691390873
0.1301532110888416
0.130181945338168
0.1302147586621159
0.1302522057986338
0.130297118950236
0.1303393401191673
0.1303823599257612
0.1304306980204611
0.1304885228251765
0.1305634210290994
0.1306577433621305
0.1307405218224092
0.1308138279677795
0.1308838093004606
0.1309573529017048
0.1310131394270405
0.1310846561475661
0.1311372929403549
0.131179728759171
0.1312193845185569
0.1312588894197565
0.1313046958407525
0.1313540368502653
0.1314068021307075
0.131453113227291
0.1314995823694637
0.1315502794994634
0.1316089596611822
0.1316830902278234
0.1317348716453697
0.1317883163264658
0.1318356937270131
0.131880184352644
0.1319275820113078
0.1319853700945444
0.1320734053829229
0.132140451712269
0.1322008196109678
0.1322649186592334
0.1323362973032435
0.1324252456320394
0.1325188126914072
0.1326751864407523
0.132835529323074
0.132978060155322
0.1331964269458865
0.1333796382543578
0.1335993558942275
0.1338981697335658
0.1343358571367304
0.1349441074067028
0.1357153836338039
0.1366108279657551
0.1376424051005282
0.1388977313650719
0.1399
0.1399052780164541
0.1399158340493622
0.1399369461151784
0.1399579700227861
0.1399828338690794
0.14
0.1400052780164541
0.1400127593989123
0.1400277221638287
0.140048935854642
0.140074759571304
0.1400995130129335
0.1401287215461944
0.1401594534252318
0.1401998322287471
0.1402380351831104
0.1402810536795205
0.1403355277684292
0.1404019940434123
0.140460673246684
0.140548059803229
0.140655017876618
0.1406860292108152
0.1407382538027477
0.1407942850787328
0.1408605976019919
0.1409507555650294
0.1411193870153863
0.1413255694942241
0.1415514490338307
0.1418045891367075
0.1420892931621614
0.1424057618535413
0.1427802354525831
0.1432346498894344
0.1438215871009674
0.1446534571175574
0.1460556331746417
0.1479963884029807
0.1499
0.1499063033078854
0.1499189099236561
0.1499441231551976
0.1499628283561382
0.1499814141780691
0.15
0.1500063033078854
0.1500150396914546
0.1500248075435514
0.150039613567374
0.1500570992368082
0.1500764905118881
0.150095587151648
0.1501170250654585
0.1501366951400707
0.150154690435681
0.1501728821423369
0.1501943330029811
0.1502235818394664
0.1502441323962175
0.1502624538150605
0.1502814608015609
0.1503018155633743
0.1503230587003135
0.1503413623351325
0.1503556587487944
0.1503685358666584
0.1503835700933311
0.1503974173428084
0.1504111812106049
0.1504247500557514
0.1504393354298887
0.1504568216579228
0.15047810142409
0.1505071366589836
0.1505369053236642
0.1505605761328025
0.1505805402210495
0.1505988404061867
0.1506174768671655
0.1506420651282029
0.1506581642115404
0.1506741970037148
0.1506887083246903
0.1507020213923438
0.1507152850297076
0.1507292450747782
0.150745630767011
0.1507641926799551
0.1507838197512004
0.1508005384998083
0.150817057411448
0.1508348063691873
0.1508550312216186
0.1508800371054686
0.1509116320389087
0.1509546541191334
0.1510174708113488
0.1511194866880275
0.1512321400844305
0.1513435507357106
0.1514506642858987
0.1515303853369386
0.1516203835126148
0.1517234722210194
0.1518718250289628
0.1519890192530011
0.1521103111369816
0.1522439535037395
0.152403004329086
0.1526139424827087
0.1529205456173748
0.1533669712749662
0.1536861967933867
0.1539662348808788
0.1543884556900481
0.1547959063002159
0.1552317070100733
0.1557367111602063
0.1564675358216223
0.1576662288038303
0.1590956030391581
0.1599
0.1599060837864401
0.1599182513593203
0.1599425865050807
0.1599625892004438
0.1599834107148489
0.16
0.1600060837864401
0.1600160481171639
0.1600289201230155
0.160048762647782
0.1600715502227908
0.1600922533492424
0.1601108698831012
0.1601272884957088
0.1601426743669725
0.160158627620159
0.1601786146108927
0.1601950182947887
0.1602121113556855
0.1602275436958392
0.1602417848290136
0.1602550419182613
0.1602670136211339
0.1602779118687435
0.1602883307088537
0.16029921202055
0.1603129597766524
0.1603247793213618
0.160336624299525
0.160347867634921
0.1603594170389409
0.1603722012768695
0.1603875173644143
0.1604060277715956
0.1604235595173912
0.1604409280452774
0.1604605670363315
0.1604809359058354
0.1604979616316999
0.1605116096424343
0.1605239438797084
0.1605359345133966
0.1605486491657175
0.1605642128379286
0.1605794504468784
0.160596433190673
0.1606118053101605
0.160627247916472
0.1606440271417875
0.1606637688078248
0.1606874172497578
0.1607182253327287
0.1607606719012658
0.1608185359926764
0.1608691599774688
0.1609500693156264
0.1610423019737019
0.1611441411465132
0.1612639330822723
0.1613924047527826
0.1615167182613396
0.1616607082154639
0.1618414863244751
0.1620895521321836
0.1624335033761673
0.1628293529174705
0.1632823313360474
0.1638040256876516
0.1644081993901005
0.1651160148699231
0.1659570926080237
0.1669348590298667
0.1677727961010677
0.1685856857794862
0.1697103483924813
0.1699
0.169905390793516
0.169916172380548
0.1699311962642384
0.1699444988129332
0.1699615182583216
0.1699806418263766
0.1699903209131883
0.17
0.170005390793516
0.1700112759596597
0.1700188925904512
0.1700321176022612
0.1700460525591447
0.1700607463768422
0.1700776189753025
0.1700975274635274
0.1701170349661999
0.1701373596400641
0.1701613352634296
0.1701928975371705
0.1702246743782769
0.1702664392647162
0.1703115148656953
0.1703561849954065
0.170430110610177
0.1704912842140516
0.1705462396622187
0.1706056373455468
0.1706732901433393
0.1707392242307419
0.1707955311927976
0.1708524627482597
0.1708934084421714
0.170935384703489
0.1709744419936409
0.1710173524860404
0.1710824662210774
0.1711508588204231
0.1712096432340846
0.1712739042911852
0.1713424912119787
0.1714321487409104
0.1715585824557785
0.1717490358226169
0.1719464075480144
0.1721542030064556
0.1723995924818902
0.1726376002029613
0.1728992313602338
0.1731223599925458
0.1733356077295508
0.1735579705903229
0.1737998440848391
0.174082785696372
0.1744143697280825
0.1747604874006763
0.1750701872263358
0.1753585028053852
0.1755961015041391
0.1758016974748287
0.1759990425963218
0.1762192271193639
0.1763852445042161
0.1765712932574445
0.1767304490006284
0.1768777758556068
0.1770318398914693
0.1772088716555774
0.1774719909842472
0.1777514206460276
0.1779730207536594
0.178193363237738
0.1784305324263867
0.1787069530545526
0.1790420448118743
0.1794834481628281
0.1799
0.1799033369263747
0.1799100107791241
0.1799233584846228
0.1799337189424215
0.1799472617486514
0.1799619711478621
0.1799746753711732
0.1799850300691831
0.1799938313155165
0.18
0.1800033369263747
0.1800077655903893
0.1800147231493181
0.180021372109167
0.1800278814094824
0.1800342182816501
0.1800406479401566
0.1800483497588747
0.1800541965205266
0.1800603561811614
0.1800657060161588
0.1800706115223439
0.1800755697766717
0.1800809458852276
0.180087687095582
0.1800942767042895
0.18010154428084
0.1801082665384777
0.1801151235421929
0.180122678192827
0.1801316785732128
0.1801426809355999
0.1801573232071439
0.180178094621382
0.1802086734787987
0.1802445975227797
0.1802894781529919
0.1803320795685384
0.1803748808061896
0.1804215109359286
0.1804749778449408
0.1805411044764441
0.1806293320019431
0.1807596771499415
0.1809880202417127
0.1812894435288074
0.1816497219883796
0.1821019194360174
0.1826993941009108
0.1835068732726038
0.1846164061011519
0.1861080215789784
0.1881593755451229
0.1899
0.1899020201007692
0.1899060603023075
0.1899141407053841
0.1899245017858245
0.1899352328354606
0.1899477064792308
0.1899628158745346
0.1899797417198328
0.1899898708599164
0.1899949354299582
0.19
0.1900020201007692
0.1900043816577062
0.1900091047715802
0.1900185452039489
0.1900287546508821
0.1900413343776267
0.1900563533318624
0.1900734380953627
0.1900897677252867
0.1901098671004317
0.1901309871965955
0.1901586200278976
0.1901905907488725
0.1902178805086365
0.1902450775205982
0.1902747691060969
0.1903096550760864
0.190355171321159
0.1904227585159538
0.1904909171373634
0.1905607197802236
0.1906372756360413
0.1907238701338936
0.1908239985474456
0.1909438672941198
0.1910605199020255
0.1911711067321726
0.1912567173901396
0.1913468931899832
0.1914417089443447
0.1915085427709262
0.1916351149662592
0.1917533032907286
0.1918601961205033
0.1919822025484643
0.1921139093566573
0.1922870869978839
0.1925379054198806
0.1929567861439343
0.1937945475920418
0.1949073362271728
0.1961887091411806
0.197707499499878
0.1995735312664441
0.1999
0.1999076474635393
0.1999229423906177
0.1999535322447747
0.1999795344125087
0.2
0.2000076474635392
0.2000174091082097
0.2000333406813141
0.200053712461208
0.2000721129302106
0.200093131611985
0.2001162333209441
0.2001433440363386
0.200169655819642
0.2001997041455032
0.2002349116091124
0.2002781502332732
0.2003290674779296
0.2003814114569228
0.2004406947647593
0.2005006500590663
0.2005620743334716
0.2006305785029932
0.2007082362867479
0.2007959013632045
0.2009000260089776
0.2010360563535549
0.2012321302251761
0.2015656299248791
0.2022326293242851
0.2033713211602698
0.2051018566659771
0.2072164813848871
0.2099
0.2099035052391333
0.2099105157173999
0.2099245366739332
0.2099389662466212
0.2099565757577898
0.209975563216085
0.2099877816080425
0.2099938908040213
0.21
0.2100035052391333
0.2100068106569515
0.2100134214925878
0.2100266431638605
0.2100401524641492
0.2100562586192833
0.2100744534013674
0.2100929745363681
0.2101100971073155
0.210130437981312
0.2101484905205227
0.2101649993917235
0.2101818845834525
0.2102021607635362
0.2102204060280464
0.210238859116307
0.2102559207705314
0.2102731999871982
0.2102920698202236
0.2103143128689313
0.2103366674730963
0.2103541020496733
0.2103676437440969
0.2103806768729943
0.2103999174317464
0.2104154286656412
0.2104287559017174
0.2104430748618074
0.2104594699249164
0.2104808173394596
0.2105114888858082
0.2105365032129352
0.2105564570467498
0.2105741025272866
0.210590821834111
0.2106092664416609
0.210623248457748
0.2106414066851126
0.21065633538658
0.210669335159162
0.2106818067082066
0.2106940950985337
0.2107071391075662
0.2107228053627555
0.21073828365155
0.2107556580633484
0.2107710195796506
0.2107862425136673
0.2108026958576338
0.2108214231386576
0.2108444911070495
0.2108734862594434
0.2109128130866925
0.2109699356221925
0.2110264089319129
0.2110874280077376
0.2111408671440442
0.2111872082794626
0.2112290307859638
0.2112682506759762
0.2113080477057943
0.211354218854271
0.211399638684304
0.2114507484729956
0.2114956748240846
0.2115403054729
0.211588815654442
0.2116445071960298
0.2117141618138652
0.2118026732215641
0.2118811275462855
0.2119823594207081
0.2120647313298214
0.2121397334828938
0.2122175460136147
0.2123047375699652
0.2124213364986287
0.2125390105128352
0.2126589460970374
0.2127736467673
0.212892940782238
0.2130257817893109
0.2131852082005162
0.2133827293392331
0.2136483232038886
0.2140337344502437
0.2146637024544136
0.2153895118927208
0.2162211889538017
0.2171976327935967
0.2183442478294341
0.2197572255705134
0.2199
0.2199054453394056
0.2199163360182169
0.2199351111933712
0.2199519740686217
0.2199707051234739
0.219985352561737
0.2199926762808685
0.22
0.2200054453394056
0.2200108180402995
0.2200211579158069
0.220039020547456
0.2200576430628198
0.2200760809400962
0.2200942680722328
0.2201100956565713
0.220124731098269
0.220139706096863
0.2201579973241182
0.2201737047801016
0.2201899748214487
0.2202046171252928
0.2202181801661269
0.2202307553206143
0.2202420252279624
0.2202522651897218
0.2202621579984393
0.22027284153804
0.2202885245031735
0.2203020135857914
0.2203127870339654
0.2203236248008879
0.2203353003841481
0.2203490533154149
0.2203667772107641
0.2203835247585414
0.2203999410793679
0.2204183920400138
0.2204370525862406
0.2204532212171274
0.2204661883507023
0.2204778813653426
0.22048930653968
0.2205015669871866
0.220517259059491
0.2205319676272983
0.2205471341818672
0.2205615438658231
0.2205764945367951
0.2205932099700324
0.220613467623981
0.2206386423863099
0.2206638662089336
0.2206923774410259
0.2207207085329649
0.2207503510827799
0.2207776844289754
0.2208062260869605
0.22083849600461
0.2208782089843554
0.2209319626253031
0.2209852252194639
0.2210287211016175
0.2210668158439506
0.2211035045351202
0.2211457019090607
0.2211751009579296
0.22120799009648
0.2212365894952756
0.2212626125907046
0.2212889471637011
0.2213175407306606
0.2213547160963363
0.2213895141372997
0.2214245574983933
0.2214580748857596
0.2214929841591237
0.2215321166142857
0.2215796839757976
0.2216389150310063
0.221719466659689
0.2218371750416796
0.222029442854779
0.2223931179895503
0.222803450215127
0.2232356751145102
0.2236276965755518
0.2240065054601079
0.2243287877702252
0.2247092467212123
0.2251324193960643
0.2256088306670285
0.2263692197408085
0.2274285410192706
0.2287212177294008
0.2299
0.2299043732146046
0.2299131196438139
0.2299306125022323
0.229946855937438
0.2299642873527271
0.2299830224982219
0.23
0.2300043732146046
0.2300114901200655
0.2300257239309872
0.2300412255578619
0.2300572504342508
0.2300738270027579
0.2300918553752457
0.2301156365576793
0.2301359164401467
0.2301527897134791
0.2301786552774262
0.2302074568610918
0.2302402785260391
0.2302743545010636
0.2303112318876447
0.2303596661930679
0.2304061128029241
0.2304632789848722
0.2305402996668799
0.2306202873949846
0.2307276900880396
0.2308431432334634
0.2309934953631514
0.2311818750549539
0.231424922715385
0.2316925547041724
0.2321479226224158
0.2325573685906589
0.2328503994966786
0.2331307532277233
0.233408101196719
0.2336921352687631
0.2341589302120238
0.2347831363657655
0.235866485274444
0.2371614816386059
0.2387186151422235
0.2399
0.2399097859160048
0.2399293577480143
0.2399685014120333
0.24
0.2400097859160047
0.2400244095714069
0.2400453769755852
0.2400729420394207
0.2401046853849755
0.2401384344542631
0.2401743510831177
0.2402157986037713
0.240264472849171
0.2403182837702192
0.2403823650390919
0.2404669128278221
0.2405614471697351
0.2406742797209676
0.2408055042895823
0.2409919576620575
0.2412621046316594
0.2415370014190608
0.2418854257734844
0.2423189694210387
0.2428864828958259
0.2437059623575736
0.2449358171401833
0.2466687551269453
0.2493171812419975
0.2499
0.249903466865981
0.2499104005979429
0.249919243782973
0.249927444398169
0.2499387271110372
0.2499532171159101
0.2499692867810869
0.2499846433905434
0.25
0.250003466865981
0.250010201636427
0.2500169857809217
0.2500291932267639
0.2500423213337973
0.2500561552532024
0.2500720288971111
0.2500904021469959
0.2501120753569235
0.2501378725036939
0.2501686743663916
0.2502034751434192
0.2502341008691903
0.2502602698420375
0.2502840003602049
0.2503069091611857
0.2503315335851147
0.2503613855804702
0.250394513961781
0.2504184794117842
0.2504388964874458
0.2504569268707529
0.2504727000346917
0.2504872544483763
0.2505016695609262
0.2505176901913075
0.2505435259961906
0.2505627487983104
0.2505784807189939
0.250594550049938
0.2506117779284562
0.2506327052767683
0.2506586527089135
0.250684868611234
0.250718648743175
0.2507492326845138
0.2507791616499029
0.2508160764882957
0.2508483646270838
0.2508777257168567
0.2509071960675349
0.2509380415002432
0.2509725494199725
0.2510154514222465
0.2510641191493577
0.2511142004630256
0.2511578953948709
0.2512012904913773
0.2512478377567056
0.2513007051113346
0.2513654682849247
0.2514466437368817
0.2515379099274864
0.2516448766510858
0.2517613508668819
0.2518594888605082
0.2519420726540517
0.2520246106249928
0.2521465563917022
0.2522462170615034
0.2523310358889181
0.2524216322590785
0.2525236941878301
0.2526119671121035
0.2526904212396556
0.2527647736894306
0.2528401872569926
0.2528967893696195
0.2529154366591216
0.2529527312381259
0.2529617531181874
0.2529797968783103
0.2529925106291721
0.2530053098536205
0.2530190908422257
0.2530323402973965
0.2530436227788243
0.2530551683988316
0.2530690138988984
0.2530759725996024
0.2530825441846727
0.2530910178706956
0.2530987103806672
0.2531059348538874
0.2531149289679793
0.2531298636817657
0.2531585645513278
0.2531907486840997
0.2532265621657322
0.2532675073310122
0.2533142898966074
0.2533684058281367
0.2534314606007754
0.2535050940010902
0.2535896354630218
0.2536726563479065
0.2537590740879603
0.2538535892858309
0.2539641869898621
0.2540953478553443
0.2542632422071377
0.2544786844942706
0.2547274932015073
0.2550139225762674
0.2553443870885923
0.2557266115435841
0.2561710532222771
0.2566895529949799
0.257296128289261
0.2580080652129753
0.258847614284884
0.2598444259292143
0.2599
0.2599178838229161
0.2599423697874834
0.2599749944833795
0.26
0.2600178838229161
0.2600347330412389
0.2600559642446395
0.2600848655270805
0.2601221704072315
0.2601579202156187
0.2601931066801357
0.2602313544457359
0.2602693718017445
0.260311599587491
0.2603627357023922
0.2604201204766984
0.2604793581840955
0.2605382434453766
0.2606043491530596
0.2606819650190523
0.2607843971633249
0.2609358373613261
0.2611437404557884
0.2614078816796395
0.2617587784763153
0.2622652196347575
0.2631208239609297
0.2648320326132741
0.26737446646506
0.2699
0.2699087253081491
0.2699261759244473
0.2699425376769464
0.2699571338610704
0.2699737676405729
0.2699868838202865
0.2699934419101432
0.27
0.2700087253081491
0.2700163662437036
0.2700245545229629
0.2700384935837832
0.270051148340506
0.2700647728435293
0.270081023887296
0.2701006181216385
0.2701177243288777
0.270136134694803
0.2701573350860823
0.2701851875851348
0.2702278899789902
0.2702777238275381
0.2703207413805115
0.2703588197618128
0.2703947251268111
0.2704315083665905
0.2704775210339614
0.2705132395759144
0.2705508315604565
0.2705839291932418
0.2706130281662907
0.270639318510786
0.2706633578763415
0.2706866438455849
0.2707116191377059
0.2707457543524664
0.2707806825933889
0.2708072163159659
0.2708331526280889
0.2708608783414689
0.2708928726703955
0.2709319433535298
0.2709716957651122
0.2710148085601281
0.2710417312910862
0.2710735177091796
0.2711000556786691
0.2711236685613331
0.2711484344451373
0.2711787776098946
0.2712248268955537
0.2712575253646212
0.2712883169345662
0.2713219444372894
0.2713609404202302
0.2714133609530319
0.2714799125205962
0.2715586801520369
0.2716287590326839
0.2716983539662355
0.2717731041010265
0.271857147254343
0.2719584037197982
0.2720829326717336
0.272246446253773
0.2724580262155191
0.272765157129924
0.2731847891320602
0.2736610441976565
0.2742028925884961
0.2748253385189341
0.2755472088835504
0.2764009281508743
0.2774078170800271
0.2785870659211871
0.2799
0.2799055074543765
0.2799165223631295
0.2799309502240817
0.2799453716382037
0.2799589566620031
0.2799741406463609
0.2799870703231805
0.28
0.2800055074543765
0.2800136826701345
0.2800249009817808
0.2800379866617226
0.280052625090889
0.2800685648656827
0.2800833049136121
0.28009804844122
0.2801155798032259
0.2801345596423989
0.2801564267463467
0.2801776324198672
0.2802016442286053
0.2802290519612815
0.2802580588236832
0.2802898310323274
0.2803223581700962
0.2803658409743223
0.2804085684694129
0.280456461620433
0.2805150948589126
0.2805925424498535
0.2807021937091702
0.2808505338236671
0.2810226946859123
0.281219098385848
0.2814397866320191
0.2816426837269443
0.2818039660436528
0.2819497713810012
0.2820754782300476
0.2822020960921617
0.2823011378919002
0.28241521100815
0.2825998391177097
0.2827515864888544
0.2829000442600894
0.2830606633837386
0.2832496512251814
0.2834007553871409
0.2835114914924821
0.2835889517165474
0.2836470461099358
0.2836899262660909
0.2837224250477119
0.2837466961997693
0.2837652615456998
0.2837854734565641
0.2837952891985974
0.2838054181025077
0.2838138796149309
0.2838211459733286
0.2838290118774265
0.2838339621295639
0.2838393344786496
0.2838440016962115
0.2838483942440123
0.2838531781255579
0.2838583311282196
0.283863511398749
0.2838691330162663
0.2838748718647597
0.2838810845433988
0.2838881029311934
0.2838946059466783
0.2839013287452924
0.2839087837539417
0.283917811945215
0.2839288631104198
0.2839431110317213
0.2839575514821003
0.2839716650750891
0.2839851847522425
0.2839991531558219
0.2840144960211567
0.2840184245108244
0.284023280070576
0.2840285349122502
0.2840323444993008
0.2840364069299286
0.2840403947163987
0.284044522243022
0.2840503256566799
0.2840594637530919
0.2840777399459158
0.2841006126549228
0.2841253965829854
0.2841559977950421
0.2841962258720666
0.2842484770638021
0.2843237939191978
0.2844631952892465
0.2846936761725352
0.2849893932340294
0.2853665404995838
0.2858667732291767
0.2865745555435419
0.2876200035540951
0.28899778792653
0.2899
0.2899084986605473
0.2899254959816419
0.2899594906238311
0.2899797453119156
0.29
0.2900084986605473
0.2900190793201136
0.2900361460079909
0.2900581813558336
0.2900785636924034
0.290101184013927
0.2901272648935326
0.2901555146441321
0.2901852218842337
0.2902196053669032
0.290268679261541
0.2903319732160083
0.2904042959404106
0.290477829804921
0.2905588227322646
0.2906876103206305
0.2908025151619898
0.2909163731112103
0.2910373301665056
0.2911853643309262
0.2913391700008952
0.2915235331770553
0.2916769082200254
0.291845685736963
0.2920011440136169
0.2921576300578919
0.2923289601542051
0.292497808471866
0.2926448268924796
0.2927759937424868
0.2929153887219235
0.2930521600895238
0.2932018120356004
0.2933385834668133
0.2934817337461366
0.2936445121728991
0.2937989360154337
0.2939575232724296
0.2940818373902372
0.2942317675970776
0.294349760539744
0.2944559788058267
0.2945684100328911
0.2947062577473984
0.2948508062257371
0.2950059253577658
0.2951523893685383
0.2953065089577768
0.2954814144108645
0.295697454838608
0.2959758710284513
0.296374382086692
0.2970032149617557
0.2982088275450099
0.2996563456490902
0.2999
0.2999038442123417
0.299911532637025
0.2999269094863917
0.299944275541009
0.2999650148226441
0.2999851343508641
0.299992567175432
0.3
0.3000038442123417
0.3000083090278923
0.3000172386589937
0.3000291152596848
0.3000441532341543
0.300061104159657
0.3000798999357091
0.3000982841296777
0.3001202055026548
0.3001426476032013
0.3001704471855832
0.3002002233344052
0.300232345471808
0.3002630294612694
0.3002958797092173
0.3003341288142202
0.3003829922725989
0.3004363750050515
0.3004971543780878
0.300568743689295
0.3006559682507786
0.3007630723605018
0.300900633255643
0.3010584711173689
0.3012400029115731
0.301444559358903
0.3016856374943245
0.3018630891974572
0.3020433563714746
0.3022172419634953
0.3024424918041823
0.3026131914130042
0.3027842464039945
0.3029905922544055
0.3032853280116048
0.3035502890710219
0.3038343123738213
0.3041523491810347
0.304593601465818
0.3053025307879716
0.30660464727528
0.3081353340268203
0.3099
0.3099071699728994
0.3099215099186982
0.3099501898102958
0.3099740857479443
0.3099870428739722
0.31
0.3100071699728994
0.3100152485506461
0.3100295938545041
0.3100490583987162
0.3100680332607658
0.3100936112297419
0.3101204400636843
0.3101475243462387
0.3101756316336352
0.3101994563011602
0.3102217014643622
0.3102456161598126
0.3102769125351832
0.3103138627678033
0.3103460581784306
0.3103780583906899
0.310413254179417
0.3104553388898731
0.3105078264280066
0.3105676577051324
0.3106379734595874
0.310728448176533
0.3108448007978635
0.310991705703464
0.3111563381679673
0.3113451906167673
0.3115625042336826
0.3118301504793582
0.3121799904560034
0.3126742389809356
0.3131456952894565
0.3135355088343771
0.3137304156068373
0.3140685488921001
0.3144376123545713
0.3149747947090056
0.31574273544536
0.3170524506534434
0.318584961278672
0.3199
0.3199117872801642
0.3199353618404928
0.3199676809202464
0.3199838404601232
0.32
0.3200117872801643
0.3200239390812021
0.320042254686678
0.3200717481851291
0.3201025778950577
0.3201354521428289
0.3201727521530055
0.3202156316618741
0.3202657871354534
0.3203247305933792
0.3203938996494725
0.3204749259905419
0.3205697224054029
0.320680585261631
0.3208024474124405
0.320925541850225
0.3210400224231792
0.321154610177991
0.3212875760278076
0.321408418320505
0.3215395820619799
0.3216572953548735
0.3217744745546581
0.3219016236538981
0.3220468794986141
0.3222242207560846
0.3224544762767796
0.3227544840802014
0.3230386917811233
0.3233326571487175
0.3235880403009997
0.3239042098211126
0.3241696174136128
0.324386873831582
0.3245954628645314
0.3248631280142358
0.3250708572816404
0.3252224024646028
0.3253666651878437
0.3255241206589682
0.3257573561074714
0.325995984960711
0.3261934171320643
0.326396931502516
0.3266225831990299
0.3268987526047794
0.3272558905940147
0.3277810465730406
0.3285664632936406
0.3298618749579136
0.3299
0.3299068933554298
0.3299206800662896
0.3299371453641002
0.3299564229823994
0.3299789006423027
0.33
0.3300068933554299
0.3300177113401899
0.3300305807404381
0.3300495605121491
0.3300693136469884
0.3300925625757137
0.3301149715825483
0.3301377028579203
0.3301623980894574
0.3301819858801291
0.3301996011705151
0.3302177159633571
0.3302388325719722
0.3302772953824918
0.330305099115858
0.3303294244994201
0.3303553088275809
0.3303840608002225
0.3304137280076814
0.3304477232583328
0.3304815463526137
0.3305170472620741
0.330544528101292
0.3305674509670795
0.330587555055978
0.3306056585147137
0.3306232149404305
0.3306420709996717
0.3306674113494242
0.3306948079200437
0.3307153111325803
0.3307350560439635
0.3307560068195621
0.3307798246140153
0.3308097347866091
0.3308423489382712
0.33088432069005
0.330921106917222
0.3309581461553799
0.3310061424459498
0.3310446646705583
0.3310801995320967
0.3311165007849349
0.3311552598166592
0.3312007269931185
0.331265551040595
0.3313400229500139
0.3313955734583333
0.3314487759756449
0.3315048805690187
0.3315676975898155
0.3316449926266764
0.3317424368290367
0.3318746416514073
0.3320667631887564
0.3323794514419093
0.33280479949562
0.333286930611843
0.3338374921934608
0.334472821027363
0.3352147705631727
0.3360994372855294
0.3371341610412283
0.3381409569019106
0.339346168996205
0.3399
0.3399060832966863
0.339918249890059
0.3399425830768043
0.3399616162252248
0.3399804300384879
0.34
0.3400060832966864
0.3400151798953866
0.3400306043923658
0.3400487948317517
0.3400672747634563
0.3400871692128106
0.3401078052537364
0.3401324990427179
0.3401583529162875
0.3401875042243058
0.3402198439980997
0.3402590727170356
0.3402962699883825
0.3403366395169038
0.34038519007707
0.3404499225502232
0.3405473915845381
0.3407312628773105
0.3409716621835469
0.3411126581958104
0.3412483586304885
0.3413677595698944
0.3414874940187943
0.3415632005302512
0.3416452214925808
0.3417225123670065
0.3418101634941637
0.341906036763178
0.34201313600285
0.3421184482923426
0.3422518070189809
0.3423717943705779
0.34250591432175
0.3427118183494895
0.3429386718430634
0.3432856085471607
0.3439358731428063
0.3450244844686087
0.3462939047373315
0.3477756231767855
0.3495860680263028
0.3499
0.349907799393995
0.3499233981819851
0.3499478991041091
0.3499694408335471
0.3499847204167736
0.35
0.3500077993939951
0.3500169876298868
0.3500305451208527
0.3500493389978478
0.3500706490897025
0.350091279347782
0.3501167292476537
0.3501445584888935
0.3501738793484618
0.350206555752022
0.3502427274960478
0.3502891556654023
0.350330819525303
0.3503787905595959
0.3504318326574947
0.3504795761878618
0.3505251543118324
0.350573059383601
0.3506350424314018
0.350674967817317
0.3507165627794027
0.3507522689253661
0.3507826274707831
0.3508108902116769
0.3508389139966361
0.3508704147633306
0.3509075393854634
0.3509452548226042
0.3509772159389543
0.3510092441125141
0.3510441223650921
0.351084847224348
0.3511323338931099
0.3511876037056413
0.3512405466879562
0.3512804477603372
0.3513145584770156
0.3513475997607959
0.3513833364713836
0.3514316468240706
0.3514936099407939
0.3515389854208119
0.3515832251261225
0.3516311040398142
0.3516880268946597
0.3517592589708641
0.3518585267700102
0.352008154889802
0.3522294443773992
0.3524808971441269
0.3527620852096779
0.3530955318302028
0.3535112747689649
0.354037562197713
0.3546499403180486
0.3553634272647758
0.3562050144466911
0.3571895084237553
0.3583710268362666
0.3597424999663754
0.3599
0.3599037363799422
0.3599112091398265
0.3599261546595952
0.3599410153087273
0.3599559392988353
0.3599712535051831
0.359988487897176
0.359994243948588
0.36
0.3600037363799422
0.3600069790722911
0.3600134644569891
0.3600216917176328
0.360032685629877
0.360044993954119
0.3600566211311179
0.3600661072953347
0.360075186737177
0.3600853769305959
0.36010178331663
0.3601160243639496
0.360128582619043
0.3601421184826137
0.3601580290652065
0.3601780048687602
0.3602071720649369
0.36024399923741
0.3602865887551365
0.3603312974821266
0.3603796296566361
0.3604338867320346
0.3604984272418671
0.3605773012822351
0.3606808407560138
0.3608034437420546
0.3609426321089912
0.3610826584853014
0.3612723413898009
0.3614751846278507
0.3616460298583899
0.3618326677887114
0.3619659717391302
0.3620833898678408
0.3622650433786481
0.362427844233465
0.3625963528687787
0.3628439401753947
0.3631321304202901
0.3636964755861379
0.3646933743423164
0.3658318717462012
0.3671528634835975
0.3687320839146069
0.3699
0.3699032319049902
0.3699096957149706
0.3699226233349313
0.3699378346395549
0.3699561727686474
0.3699741811169843
0.3699870905584922
0.3699935452792461
0.37
0.3700032319049902
0.3700064607802382
0.3700129185307342
0.3700258340317262
0.3700436710411084
0.3700616873838861
0.3700816695595494
0.3701033798489998
0.3701286258780591
0.3701541587590622
0.37018466330917
0.3702125548012534
0.3702496095927232
0.3702850953508555
0.3703230180749668
0.3703679107429686
0.3704235430477945
0.3704895521422096
0.370561097316039
0.3706690779350408
0.3707936297237815
0.3709359389257363
0.3710986315191031
0.3712291597388779
0.3713278903795695
0.3714773738528104
0.3715841594921146
0.3717028270464964
0.3718739097852163
0.3721941930470897
0.372571133013546
0.3730092644979821
0.3735280072632435
0.3741516396839097
0.3749155201878447
0.3758965174085388
0.3772412539663573
0.3790263650041361
0.3799
0.3799066393891202
0.3799199181673606
0.3799379905313824
0.3799551931466415
0.3799744994371095
0.3799872497185547
0.38
0.3800066393891202
0.3800148752078159
0.3800254286615388
0.3800430649172969
0.3800594399966029
0.3800777678353043
0.3800971446872005
0.3801217566275594
0.3801473702529827
0.3801743069280194
0.380202030139219
0.3802334639914079
0.3802650947617335
0.3802957795422868
0.3803277528111463
0.3803680747793836
0.380414096388492
0.3804479213054524
0.3804795060172776
0.3805125405037015
0.3805493330608252
0.3805857369236316
0.3806156904228459
0.3806409777147997
0.3806672518388001
0.3806933425270919
0.380721703730101
0.3807478002839711
0.3807751636828567
0.3808076850217896
0.3808465913925564
0.3809001227409322
0.3809477582503331
0.3809864243000394
0.3810207646774393
0.3810539230418786
0.3810922531091965
0.381119072113964
0.3811495126390484
0.381175887470504
0.3811997100606381
0.3812234891822776
0.3812486799322173
0.3812790930022776
0.3813102838095218
0.3813447731005804
0.3813754773155021
0.3814062111532593
0.3814395153961919
0.3814786865308618
0.3815256953573222
0.3815871186237791
0.3816721557558405
0.3817995581342299
0.3820149635156437
0.3823943092127293
0.3828213208401045
0.3833002229835109
0.3838493322280756
0.384482403945127
0.3852250049636305
0.3861051188275201
0.3871554687051678
0.3884181030664074
0.3899
0.3899039410065768
0.3899118230197305
0.389927587046038
0.3899394949439883
0.3899498544235659
0.3899612379861881
0.3899750195599795
0.3899868995643067
0.3899934497821533
0.39
0.3900039410065769
0.3900082437655109
0.390016123440632
0.3900265610376354
0.3900374138845435
0.3900502630581711
0.3900628540890854
0.3900740711253559
0.3900847646762487
0.3900959367627245
0.3901103375532389
0.3901219631536746
0.3901335135936611
0.3901441743901647
0.3901541671070461
0.3901634838872715
0.3901718271935662
0.3901793520168113
0.3901865608143812
0.3901942672145597
0.3902051993045773
0.3902152225430534
0.390223088954339
0.3902309154505841
0.3902393151929172
0.3902491163795241
0.3902616690090143
0.3902741129006752
0.3902860903712417
0.3902982221866904
0.3903120337210937
0.3903229315178344
0.3903342575693625
0.3903438747646174
0.3903524787824014
0.3903608740078822
0.3903696061784087
0.3903799424332117
0.3903907302715579
0.3904026210140583
0.3904131185674318
0.390423651861753
0.390435117279809
0.3904487113606847
0.3904652269094812
0.3904871835582102
0.3905182998599835
0.3905558013483029
0.3906030908920803
0.3906604391005113
0.3907184706781917
0.3907641366825373
0.3908035178492247
0.3908488611260991
0.3908936157376119
0.3909831249606377
0.3910569005042163
0.39111668288433
0.3911737550713992
0.3912500962547022
0.3913280747065866
0.3914252181105935
0.3915606663097007
0.3917206877374286
0.3918938210386365
0.3920082809515789
0.3921152126991627
0.3922315516840677
0.3924034319284547
0.392561736698788
0.3927219493666264
0.3929480637475148
0.3932028336430086
0.3936696869651028
0.394339050855525
0.3951020024807013
0.3959662063716861
0.3966625881261394
0.3974403708635772
0.3982760435096658
0.3992643918949164
0.3999
0.3999172727876635
0.3999518183629907
0.4
0.4000172727876636
0.4000410855518099
0.4000710367588974
0.4001079524626818
0.4001454382243245
0.4001902098158673
0.4002384834412681
0.4003024580003709
0.4003718313055338
0.40045655914688
0.4005592268540218
0.4006907163600414
0.4008734641147814
0.4011029651574605
0.4014218580874124
0.4018351625261408
0.4022928488079525
0.4028123401254508
0.40341702279681
0.4041603219303626
0.4050350099353782
0.4060115368387908
0.407158675818697
0.408642818335766
0.4099
0.4099129229796008
0.4099387689388024
0.4099693844694012
0.4099846922347006
0.41
0.4100129229796008
0.4100282560517616
0.4100435967873312
0.4100742782584703
0.410103629109111
0.4101397701357135
0.4101797164730256
0.4102282767583073
0.4102831047900869
0.4103284357862892
0.4103676614755863
0.4104054295601733
0.41044679275912
0.4104846117300813
0.4105267172010511
0.4105631459854026
0.4105970933185608
0.4106289848255562
0.4106563418870877
0.4106801879748519
0.4107044153885153
0.4107391400568337
0.4107702864449281
0.4107960351371244
0.4108228701161767
0.4108527618270246
0.4108897998718702
0.4109408318597226
0.4110013530601048
0.4110492492540567
0.4110885490424691
0.4111243565711704
0.4111609396031249
0.4111972485786974
0.4112359995448544
0.4112653685969789
0.4112911988092915
0.4113164540584187
0.411342986730706
0.4113754279095863
0.4114079983672294
0.4114439480070827
0.4114766112545498
0.4115097064957477
0.4115459833041407
0.4115891092345039
0.4116416809753977
0.4117116660113153
0.4118110427337184
0.4119663407368349
0.4122506507363247
0.4125554400008825
0.412857863477272
0.4131564956660824
0.4135233147937923
0.4140037895928685
0.4148300439160698
0.4157801269480778
0.4168581996520598
0.4181104968478291
0.4195988450440505
0.4199
0.41991181333055
0.41993543999165
0.419967719995825
0.4199838599979125
0.42
0.42001181333055
0.4200241483844973
0.4200415662772538
0.4200702270528824
0.4200986928225275
0.420131959896191
0.4201687819395362
0.4202092661868431
0.420256517928884
0.4203096216236414
0.4203755049225428
0.4204624932596273
0.4205323746487676
0.4206068184095558
0.4206951010331634
0.4208091156205263
0.4209735467546348
0.4212451384696276
0.4217883218996132
0.4226868829659623
0.4240096550601853
0.4262365665348037
0.4299
0.4299072990367319
0.4299218971101957
0.4299510932571234
0.4299774905156355
0.43
0.4300072990367319
0.4300172996002845
0.4300368093746403
0.4300605789529342
0.4300856647765292
0.4301120257878375
0.4301437053713957
0.4301783656206668
0.4302195696752694
0.4302746321059413
0.4303292424181127
0.4304010924408989
0.4304727469012947
0.4305568932228862
0.4306554303974309
0.4307755163625919
0.4309024281180092
0.4310938324466703
0.4313566046664929
0.4317393501339672
0.432400758118389
0.4337235740872324
0.4363195628608435
0.4399
0.4399058731405404
0.4399176194216212
0.4399411119837828
0.4399628744934785
0.4399833517421506
0.44
0.4400058731405404
0.440013380273337
0.4400283945389303
0.4400462509285082
0.4400648358342001
0.4400852910996387
0.4401078424453321
0.4401326963644555
0.4401644994280118
0.4402000827764195
0.4402346524950255
0.4402730642101482
0.4403184175102188
0.4403747725732628
0.4404485322221708
0.4405278347912174
0.4406060323025794
0.4407419111706118
0.4409228651296825
0.4411518555110422
0.4414166340614202
0.4417786803649404
0.4423711727870953
0.443556157631405
0.4456394269411692
0.4487887659784934
0.4499
0.4499040524989305
0.4499121574967914
0.4499283674925134
0.4499433339459208
0.4499627067365431
0.4499832354884101
0.45
0.4500040524989305
0.4500121574967915
0.4500236824445172
0.4500379421608894
0.4500503923503256
0.4500635063688487
0.4500780104210872
0.4500942318348056
0.4501106101318101
0.4501278841218561
0.4501480015494322
0.4501675167240734
0.4501877510656216
0.45021501341191
0.4502413540491346
0.4502677627930153
0.4502967994210341
0.4503305723067927
0.4503643501329755
0.4503955587654898
0.4504344924250179
0.4504756006274981
0.4505219808525539
0.4505777028641408
0.4506479677069195
0.4507429607659659
0.4508827513758382
0.4510461506354264
0.4512302336778549
0.4514409667123312
0.451623140971262
0.4517845808329856
0.4519131571954747
0.4520479352524265
0.4521521133844366
0.4522941718863742
0.4525053174168571
0.4526674455096265
0.4528444531586052
0.4530417271099823
0.4533058615629513
0.4537174662476907
0.4545406756171695
0.4557776799779876
0.4570776469223395
0.458631549456219
0.4599
0.4599027663705908
0.4599082991117724
0.4599193645941357
0.4599325986655514
0.4599490864259595
0.4599654323079136
0.4599834990362249
0.46
0.4600027663705908
0.4600082991117725
0.4600193645941358
0.460034577728208
0.4600498711719652
0.4600638633636278
0.4600779206578587
0.4600905777484185
0.4601070714016602
0.460125131608679
0.4601500887144109
0.4601733210244215
0.4601970107293477
0.4602211035413605
0.4602449645302979
0.460270126072805
0.4602978536668081
0.4603297090831153
0.4603641071813244
0.4604181474145663
0.4604843979980172
0.4605605147196985
0.4606410743077733
0.460718510200519
0.4608078319735325
0.460915263249299
0.4610297250956179
0.4611468852524342
0.4612845413656735
0.4614337009608159
0.4615665521968108
0.4616848119277258
0.4618045732289743
0.4619344269053978
0.4620887953683663
0.4622230319531295
0.4623829517337614
0.4625824333642616
0.462962056956135
0.4632349559477225
0.4635051022567471
0.4637774258867062
0.4640806029256475
0.4643277493181309
0.4645429129034084
0.4647669705131072
0.4649331327454052
0.4651157213816826
0.4652703144228416
0.4654170178073806
0.4655802709932183
0.4658081532281941
0.466075286582272
0.4662835539892455
0.4664926843549356
0.4667235964858427
0.4670019822949675
0.4673580383740704
0.467866125504825
0.4686723446826429
0.4699
0.4699045925821248
0.4699137777463744
0.4699321480748737
0.4699479219181936
0.4699628029317687
0.4699787792158471
0.47
0.4700045925821248
0.4700137777463745
0.4700258087831123
0.4700416733808607
0.4700558672750526
0.4700706254260427
0.4700878759807393
0.4701064122785128
0.4701241392577222
0.4701441699806865
0.4701647079727607
0.470188353864115
0.470211634154026
0.4702382806645053
0.4702721951452736
0.470301278382957
0.4703233977229768
0.4703424466473104
0.4703591479399069
0.4703743888368282
0.4703894470044739
0.4704061529888192
0.4704326516461063
0.4704530389593805
0.4704697728011885
0.4704869301867057
0.4705054789047363
0.4705282079461746
0.4705536778139526
0.4705796254642601
0.4706106568859348
0.4706399994808926
0.4706624579575613
0.4706813940680253
0.47069922052
0.4707176206473987
0.4707396890962449
0.4707634486785982
0.4707892117445933
0.4708123400083505
0.4708358730375635
0.470861754584948
0.4708927741289152
0.4709310439042286
0.4709828539255969
0.4710582078724205
0.4711737229333262
0.4712988922253581
0.4714352098757117
0.4715927961360033
0.4717713977200321
0.4719808349335413
0.472241251706725
0.4725913341021343
0.4730386010793284
0.473554142018979
0.4741489817652921
0.4748398360693263
0.4756543420841437
0.4766084791636053
0.4777203175099665
0.4790129793660315
0.4799
0.4799075729209149
0.4799227187627447
0.4799530104464044
0.4799767582762011
0.48
0.4800075729209149
0.4800180280588552
0.480032462850746
0.4800505031469581
0.4800690781177953
0.4800868562170443
0.4801071028791554
0.4801309772912808
0.4801582463779562
0.480184197532251
0.4802125790730838
0.4802480760863259
0.4802985422910829
0.4803549883619821
0.4804239030905436
0.4804974711788248
0.4805976403151516
0.4807201856519485
0.4808532889610138
0.4810170660863549
0.4811819171740889
0.4813303586436651
0.4814399144974427
0.4815452349568425
0.4816481996021362
0.481811844294968
0.481964656261631
0.4821188764028086
0.4822897311264274
0.4825093831834292
0.4827425987486895
0.4829482552745926
0.4831096235918388
0.4832732924574298
0.483410692815007
0.483536090375038
0.4836652042993322
0.4838182148422535
0.4839744266607823
0.4841420248332871
0.4842945177850418
0.4844504641394353
0.484624036593413
0.4848286234328273
0.485067569740777
0.4852867277155843
0.4855090667852543
0.4857646324991307
0.4860353926731764
0.4864235547119927
0.4867397498764109
0.4870448804886469
0.4874170680622343
0.4878600580352014
0.4884399377107128
0.4892583843889635
0.4899
0.4899068932600396
0.4899206797801188
0.4899482528202773
0.4899743141314548
0.49
0.4900068932600396
0.4900177529695678
0.4900332560557339
0.490056225855628
0.4900854070887294
0.4901177961018855
0.4901512843014031
0.4901873254242244
0.4902284604338287
0.4902774600469821
0.490330972450235
0.4903832391754794
0.4904394055823724
0.4905199048917276
0.4905884431952826
0.4906417998629642
0.4906933120452097
0.4907438631115041
0.4907896135919581
0.490828134599832
0.4908635810749986
0.4909044089045489
0.4909422413011983
0.4909815592311628
0.4910196478977044
0.4910601004937206
0.4911083102752192
0.4911661051677946
0.4912443943136871
0.491310300766122
0.4913651630251617
0.4914161585807743
0.4914694935079393
0.4915081541857779
0.4915591347284645
0.491600224794662
0.4916362148352067
0.4916722222065287
0.4917107672622165
0.4917597805198362
0.4918064734902907
0.4918559374791853
0.4919027521480342
0.4919512446217439
0.4920053968661519
0.4920708861870787
0.4921523058265582
0.4922630140032144
0.4924250048038028
0.4926901084203189
0.493216280021499
0.4938436468432332
0.4945327397270056
0.4953115621008216
0.4962009295041398
0.4972411429183948
0.498494080583366
0.4994334381398104
0.4999
0.4999055552240437
0.499916665672131
0.4999388865683057
0.4999567369849291
0.4999787765876454
0.5
0.5000055552240437
0.5000144814361764
0.5000264486935013
0.5000408961552331
0.5000565143700733
0.500070363433541
0.5000847949011566
0.5001032806107146
0.5001265163164847
0.5001462783149715
0.5001669489680719
0.5001905498027378
0.500221206843105
0.5002615867011787
0.5003148283264369
0.5003647742579096
0.5004308921877479
0.5005071043405812
0.5006008852118281
0.5006802814491718
0.5007630121296572
0.5008592089850752
0.5009808541756495
0.5010890840565889
0.5012062821535387
0.501306500734199
0.5013798303645269
0.5014598356666254
0.5015867527556752
0.5016893714905211
0.5017968384691374
0.5019447203915723
0.5021173329995625
0.5022812980292455
0.5024276366891473
0.5025635962651915
0.502698114288942
0.5028461224631994
0.5030616444881181
0.5032627249841297
0.5034223387712744
0.5035821348685792
0.503754773166899
0.503957430220851
0.5042227399879272
0.5044693464014692
0.5047140838445296
0.5049888773893693
0.5053623548569194
0.5056930508982564
0.506064456808298
0.5064139368444168
0.5067879057779827
0.5072690789547953
0.5078945067539313
0.5087928827474778
0.5099
0.5099104716500437
0.509931414950131
0.5099657074750654
0.51
0.5100104716500437
0.5100255165157133
0.5100536951617997
0.510087914835602
0.5101224158458441
0.5101539980593948
0.5101843227650142
0.5102136888176337
0.5102450849459232
0.5102847537922641
0.5103440833083932
0.510389065589023
0.5104318429148698
0.5104784936733464
0.5105272738056458
0.5105755848789773
0.5106282980336437
0.5106936709452276
0.5107770612833566
0.5108601358204002
0.510935756110883
0.5110143280200153
0.511103723165074
0.51120904055648
0.5113466660117094
0.5115412734083804
0.5118518074966429
0.512472875673168
0.5129925475149228
0.5135176017474378
0.51402317823872
0.5144613538764524
0.5148849108028339
0.5153521889169271
0.5161458227303873
0.5173370053628407
0.5189327007314596
0.5199
0.5199038174883309
0.5199114524649927
0.5199267224183163
0.5199441798576159
0.5199648403566636
0.5199848381506122
0.5199924190753061
0.52
0.5200038174883309
0.5200076169593392
0.5200152159013557
0.5200295591462394
0.5200492587599267
0.5200704946824366
0.5200930300120932
0.5201170349938626
0.5201455511288204
0.5201776842531988
0.5202148849460713
0.5202530306196125
0.5202908875377462
0.520330772517246
0.5203760247038738
0.5204258651140308
0.5204905857107142
0.5205671860350478
0.5205914070314384
0.5206398490242194
0.5207033280483584
0.5207827039850799
0.5208679457960678
0.5209346996588526
0.5210232902730917
0.5210977601527528
0.5211726999762449
0.521272992065627
0.521456699777876
0.5217190021211964
0.5220386712077523
0.5224065035418947
0.5228484086807309
0.5233103540288466
0.5239921532556538
0.5249373631352108
0.5261028798946641
0.5271910349613964
0.5281891921169207
0.5291978079987874
0.5299
0.5299085933081672
0.5299257799245015
0.5299442739001835
0.5299615291812707
0.5299807645906354
0.53
0.5300085933081672
0.5300200827656902
0.530030120832489
0.5300501969660866
0.5300776915312169
0.5301036659419024
0.5301240423642203
0.5301409655235938
0.5301563274552529
0.5301720269458997
0.5301924821249986
0.530215209796859
0.5302317362108001
0.530247480679077
0.5302640802520039
0.5302816490371954
0.5302979345047254
0.5303108088739715
0.5303219608050577
0.5303343431769809
0.5303456585554603
0.5303577655990251
0.5303695196429583
0.530382093211348
0.530397179778553
0.5304155208803493
0.530440775040058
0.5304672873186024
0.530487965561734
0.5305050529400768
0.5305204794040979
0.5305358659555587
0.5305549591229146
0.5305686397088376
0.5305828623017286
0.5305954769085988
0.5306069331459004
0.5306181291031234
0.5306295515405187
0.5306422314888123
0.5306595403412762
0.5306790413142658
0.5306933776546168
0.5307070934176868
0.5307215999729182
0.5307379684910583
0.5307583716961267
0.5307843828774149
0.530820178539641
0.530872856237951
0.5309590345957442
0.5311282697751605
0.5313451926409104
0.5315863345209276
0.5318602828608671
0.5321735630159591
0.5325361274403889
0.5329600679168853
0.5334578107144827
0.534043434153443
0.5347337191852309
0.5355496244660536
0.5365183276539791
0.5376759330882531
0.5390712809817118
0.5398999999999999
0.5399021599866044
0.5399064799598133
0.5399151199062312
0.5399247349235483
0.5399345788660124
0.5399468876827276
0.5399619902082056
0.5399785704813124
0.5399892852406563
0.5399946426203281
0.54
0.5400021599866045
0.5400046657753633
0.5400093556815683
0.5400187354939782
0.5400304532992138
0.5400416146026235
0.5400508079012706
0.5400587791543275
0.5400663334008641
0.5400743025178911
0.540085014851638
0.5400964485244225
0.540104953008459
0.5401131317223903
0.540121780447791
0.5401314795992115
0.5401418433551397
0.5401504738905815
0.5401567418894138
0.540162182293698
0.5401685598919902
0.5401768436984506
0.5401827170614979
0.5401885715747676
0.5401950690307071
0.540203096988353
0.5402137791364982
0.5402272600320285
0.5402378790455064
0.5402463437712812
0.5402537690120673
0.5402607277915813
0.5402681344484994
0.5402786334269191
0.5402876842128205
0.54029432996788
0.540300267623094
0.5403057597027295
0.5403110669687824
0.5403165136076142
0.5403224512113967
0.5403299135066439
0.5403365535329082
0.540343753813901
0.5403504360296967
0.5403571898322594
0.5403646069055328
0.5403731742253514
0.5403838176130716
0.5403973781990807
0.5404157911299414
0.540433529481393
0.5404509579519738
0.5404700735762807
0.5404984576965078
0.5405219023969876
0.5405407713899193
0.5405598707674422
0.5405804224743378
0.5406054099573322
0.5406337804146121
0.5406626730249303
0.5406950267363944
0.5407178940133928
0.5407432965167468
0.5407651506126295
0.5407850081271568
0.5408052568225796
0.5408278570808226
0.540860452949135
0.5408911957950531
0.5409173184911693
0.5409435057047863
0.5409716879301614
0.5410054224328666
0.5410469389815279
0.5411033085962036
0.5411855880118813
0.5412577984047371
0.541314982098228
0.5413667062213944
0.5414241774824011
0.5414873944106093
0.541544695285435
0.5415980539238651
0.5416477910631722
0.5416944074972232
0.5417390294861919
0.5417825572540139
0.5418258847889655
0.5418700950444003
0.5419167937320537
0.5419584399349681
0.5419926216386651
0.5420239488065303
0.5420555420839207
0.5420918830395864
0.5421279836725386
0.5421603958433427
0.5421907880285275
0.5422207615143257
0.5422526338367297
0.5422919545015034
0.5423407061257773
0.5423815460212705
0.5424185236867337
0.5424568624192895
0.5424967373940546
0.5425364143685081
0.5425793738479485
0.5426327911077502
0.5426814357820132
0.5427167266153264
0.5427480236791117
0.5427784559679695
0.5428105725974331
0.5428481166954948
0.5428933782308305
0.5429429098478585
0.5429856949446947
0.5430284265343879
0.543074381885127
0.5431251389094519
0.5431741805873332
0.5432213063012046
0.5432765527075587
0.543353926209401
0.5434250843676447
0.543497410653074
0.5435742117553929
0.5436687099356552
0.5437958219358364
0.543944989081546
0.5441263113740412
0.5443429209983227
0.5446251607826869
0.5450223903002357
0.5456551749486627
0.5464747120683429
0.5474294106634123
0.5485352942346124
0.5498915638329603
0.5498999999999999
0.5499050188608976
0.5499095038702101
0.5499184738888351
0.5499307939157967
0.5499421528978403
0.5499526812701703
0.5499619262106484
0.5499702256389102
0.5499777177635623
0.5499845474756647
0.5499908427057368
0.5499967049997602
0.55
0.5500016266258061
0.5500045737235618
0.5500080661440552
0.5500118826240502
0.5500166449899897
0.5500219586810512
0.5500277664234736
0.550034385491608
0.5500427293111521
0.5500493231442845
0.5500540729684206
0.5500574699127813
0.5500607389713774
0.5500633016263551
0.5500657145867847
0.5500678075665114
0.5500700358947731
0.5500718690271982
0.5500738731621417
0.5500757903598906
0.5500776565706319
0.5500795408235426
0.5500814681158774
0.5500834753600998
0.5500856128386817
0.5500879736616382
0.5500908426948533
0.5500935458690316
0.5500964809943104
0.550099017456233
0.5501014658937721
0.5501041300673674
0.550107260096933
0.5501111866176304
0.5501162771414824
0.5501229247940915
0.5501315914376589
0.5501427834094685
0.550154171975984
0.5501603120013807
0.5501665021540044
0.5501717689081257
0.5501767718777089
0.5501837666164763
0.5501903324160204
0.5501957632472348
0.5502015764183332
0.5502083190000077
0.550217243352232
0.5502262288426264
0.5502339638173981
0.5502410159216694
0.5502477454324683
0.5502545670803115
0.5502622135473358
0.5502722987680818
0.5502828699761246
0.5502917096790242
0.5503003457967596
0.5503065122420772
0.5503107029443574
0.5503150019925569
0.550319004561378
0.5503239910757581
0.5503281322690325
0.5503324389089914
0.5503382590753206
0.5503460880689038
0.5503556024533891
0.5503663462783749
0.5503772498281714
0.5503885772331031
0.5504010640881384
0.5504101620744871
0.5504188649066707
0.5504294122801998
0.5504396756644663
0.5504595819641689
0.5504733224626758
0.5504869966868892
0.5505031814256341
0.5505176177902525
0.5505328802451498
0.5505503252990595
0.5505710804664444
0.5505970437678126
0.5506305980275708
0.5506623187255462
0.550691143981477
0.550718352441731
0.5507454874473908
0.5507681949645638
0.5507879236029005
0.5508073363817199
0.5508342221903848
0.5508537128957803
0.5508707984690928
0.5508859794904092
0.5509024228117455
0.5509156239563369
0.5509275549040037
0.5509385468721347
0.5509490923073638
0.5509601676034485
0.5509736612157393
0.550984521682506
0.5509965777127684
0.5510067641504799
0.5510156575790625
0.5510240859909727
0.5510324553638184
0.5510415474951222
0.5510533100669248
0.5510644094574852
0.5510755514207788
0.5510862364054067
0.5510974712197045
0.5511103147756837
0.5511260396783361
0.551146258072328
0.5511679664250866
0.5511926543114454
0.5512223103227996
0.551255063941004
0.5512801229600828
0.5513055463924947
0.5513294191252138
0.5513480999047934
0.5513677126021407
0.5513960189763226
0.5514223745539845
0.5514477358889864
0.551475956846661
0.5515111087956099
0.5515752406870513
0.5516485136281352
0.5517115634128034
0.5517713548968924
0.5518379145598454
0.5519227763163942
0.5519923883419271
0.552057578936846
0.5521293637390516
0.5522159663032548
0.5523356442294446
0.5525280359112901
0.5528893449770427
0.5533752481438915
0.5534842485354434
0.5537022493185473
0.5537539774754706
0.5538449868312907
0.5539163083694846
0.5539777547141751
0.5540460597508164
0.5541058817439164
0.5541727098345449
0.5542609163296727
0.5543721819057364
0.5545288960012542
0.5547800364340046
0.5552823172995055
0.5562868790305072
0.5574693512553426
0.5587877629322922
0.5599
0.5599040176199818
0.5599120528599454
0.559920430198225
0.559929321828653
0.5599380626309239
0.5599468415211872
0.5599557694208511
0.5599640065284519
0.5599735650127188
0.5599819367135439
0.5599912714912536
0.56
0.5600040176199819
0.5600097490258341
0.5600153147357796
0.5600236113608108
0.5600301786775838
0.5600365057774873
0.5600431325092906
0.5600500793862477
0.5600579239559268
0.5600675439208297
0.5600770850528265
0.5600864649622884
0.5600963110625727
0.5601069252263869
0.5601188588503023
0.5601320053717379
0.5601462909187169
0.560161148924244
0.560178449342302
0.5601977051115278
0.560218617103915
0.5602445295861707
0.5602745595715893
0.5603004778508206
0.560321936453584
0.5603419547501005
0.5603661466501301
0.5603824794612912
0.5603981936234957
0.5604130681808146
0.5604287080149639
0.560448339784827
0.5604721602564433
0.5604974086389861
0.5605204988525349
0.5605439740346826
0.5605703060879405
0.5606010942127678
0.5606406475891601
0.5606947871588375
0.5607760753390022
0.5609106804483921
0.5611370605461069
0.5613195615047908
0.5614691570162244
0.5615801466382235
0.5616865372391755
0.5617951866245942
0.561962658919077
0.562117052647021
0.5622802196077256
0.5624612046243302
0.5627088425904142
0.5631502189250093
0.5638877915721441
0.5649282573109407
0.5661291488086431
0.5675559997097117
0.5692275995386997
0.5699
0.5699346245004874
0.5699673122502438
0.5700000000000001
0.5700111918327369
0.5700312152788725
0.5700473240904358
0.5700655259631066
0.5700849645402767
0.5701078077341061
0.5701296973847464
0.5701532458239368
0.5701820191456098
0.5702188739248902
0.5702596548141675
0.5703057556520557
0.5703581058750096
0.5704173397852936
0.5704845454740941
0.570560953581405
0.570648072004653
0.5707487912621481
0.5708608461417218
0.570995124294871
0.571147380335965
0.5713308167534864
0.5715487520599758
0.5718103342019558
0.5721279818136582
0.572596836451778
0.5731978705999244
0.5741286125844702
0.5753564541169807
0.5768517647272858
0.578857477045861
0.5799
0.5799049529925231
0.5799148589775693
0.5799250620462036
0.5799350885747562
0.579946460262975
0.5799580285025788
0.5799704150515058
0.5799847274890784
0.58
0.5800049529925231
0.5800120963157679
0.5800207923625149
0.5800315788409868
0.5800418850175113
0.5800533233135594
0.5800673838709514
0.5800839633418144
0.5801013124545544
0.5801177342651983
0.5801303503779967
0.5801423942243741
0.5801549196570536
0.5801646797317334
0.5801742022040286
0.580176416099878
0.5801808438915769
0.5801896994749746
0.5801969371305435
0.5802024858399404
0.5802080199444226
0.5802138760276471
0.5802197393470929
0.5802258264918493
0.5802336484031614
0.5802395888321755
0.580246446627865
0.5802527727687659
0.5802584038368427
0.5802635153388005
0.5802681381950082
0.5802723544462106
0.5802762590474286
0.5802799329932702
0.5802834540674995
0.5802869049775594
0.5802903868970236
0.5802940497220099
0.5802981783578312
0.5803034033063947
0.5803101831019682
0.5803156971613921
0.5803203817676537
0.5803243616322558
0.5803279449850056
0.5803314574727756
0.5803352198870683
0.580339939021333
0.5803450105317508
0.5803498238562341
0.5803542939708564
0.5803589291490875
0.5803640754789172
0.5803703566816749
0.5803766577143236
0.5803817415439682
0.5803862009509868
0.5803904410735878
0.5803948155202882
0.5803998928778829
0.5804069087733995
0.5804139041268888
0.5804196903774551
0.5804253445121922
0.5804312819322935
0.5804380012572398
0.5804464121103895
0.5804575052213086
0.580470976537332
0.5804873260449249
0.5805050879897707
0.58052547311555
0.5805464190172516
0.5805600714496095
0.580564633481843
0.5805737575463098
0.5805801744538068
0.5805853411127042
0.5805925805357701
0.5805980398312144
0.5806038716812028
0.5806129095951129
0.5806295849903406
0.580644497364469
0.5806595641059078
0.5806792919683096
0.5807111951071746
0.5807350743845449
0.5807625025236582
0.5808033973895921
0.5808769034366593
0.5809589113432656
0.5811105074499062
0.5813262518631549
0.581564722052649
0.581836993682765
0.5821501978038748
0.5825089074894269
0.5829472962832949
0.5834849773410316
0.58416906183842
0.5850853713631183
0.5864111239290111
0.5886012071897315
0.5899
0.5899069935403437
0.5899209806210312
0.5899303290506571
0.589939915500906
0.5899511540841729
0.5899613490370581
0.5899734773460917
0.5899837338672814
0.5899932791552518
0.59
0.5900069935403437
0.5900133596059871
0.5900221168256768
0.5900315865776723
0.5900458077183958
0.5900611458930275
0.5900734012580976
0.5900857434302017
0.5900992503781832
0.5901149668100838
0.5901348771847242
0.5901590644177636
0.5901866824813561
0.5902191550078458
0.5902581778277434
0.5902943570942125
0.5903312727052918
0.5903715789414284
0.5904188461483723
0.5904751757712731
0.5905426987831488
0.5906170203293625
0.5906906702771344
0.5907707452103881
0.5908792395053851
0.5909746161471224
0.5910513212303998
0.5911276896665306
0.5912066213086979
0.5912822165994303
0.591345905404873
0.5914006809225287
0.5914570818563165
0.5915216377560226
0.5915866706267732
0.5916439098871751
0.5917036697441335
0.591771049562706
0.5918547074094843
0.5919488806893005
0.5920298623244588
0.5921032411485714
0.5921784661617507
0.592247950811038
0.59232392711828
0.5923816254056621
0.5924327887460905
0.5924845221825018
0.5925425269115435
0.5926290156981924
0.5927134866815531
0.5927818848687687
0.5928511568011772
0.5929265736963003
0.5930173366587816
0.5931308812133124
0.5932874903855544
0.5935224525779754
0.5939229529909018
0.5945839210640315
0.5953306232351162
0.5961689365443533
0.5971329376984565
0.5982583423444029
0.5996175158595967
0.5999
0.5999059332468714
0.5999177997406141
0.5999257251409881
0.5999340774287992
0.5999431853319439
0.5999534274287875
0.5999661936840257
0.5999805745398548
0.5999902872699274
0.6
0.6000030722681624
0.6000085619930451
0.6000147040629011
0.6000244865548224
0.6000327642296274
0.6000407264993887
0.6000495510279406
0.6000599632078264
0.6000713683697736
0.6000822711303601
0.6000939568479245
0.6001077551812232
0.6001249740241272
0.600141415388987
0.6001537521610631
0.6001684769064725
0.6001802558369291
0.6001939386167132
0.6002048596410958
0.6002175598012125
0.60022674862337
0.6002367814677756
0.6002450361859554
0.6002516251905902
0.6002570465140744
0.6002615258059151
0.6002653018065841
0.6002685611391939
0.600271418663213
0.6002739455678573
0.6002762075731353
0.6002782563983601
0.6002801322974712
0.6002818689716206
0.6002834960131328
0.6002850412380607
0.6002865336564356
0.6002880070945574
0.6002895068896361
0.6002911062670925
0.6002929597841329
0.6002956930692455
0.6002984633183684
0.6003006408613002
0.600302772084041
0.6003050342878734
0.6003075205623177
0.6003103517617069
0.6003136484307287
0.6003175884306962
0.6003215925841399
0.6003251557448964
0.6003284335688978
0.6003315616802087
0.6003347026604371
0.6003381473877254
0.6003427048457621
0.6003474492157311
0.6003515039309094
0.6003553950674064
0.6003595074187098
0.6003641597252701
0.6003685867011458
0.600372676942694
0.6003768721076438
0.6003815574062253
0.600387867869312
0.6003949801599997
0.6004007492556688
0.6004061537063885
0.6004084779919014
0.60041086615864
0.600413197388045
0.6004159460714833
0.6004182039651688
0.6004206525820681
0.6004241100870711
0.6004302484091972
0.600439752735825
0.6004506974574674
0.6004606611553882
0.6004704134071048
0.6004807317722984
0.600492870822815
0.6005072476958401
0.6005242381272203
0.600541452950498
0.600559641132891
0.6005797341425755
0.6006035367751187
0.6006319861504915
0.600660647266363
0.6006976680683261
0.6007316445379975
0.6007641110201192
0.600795863960346
0.6008289189860525
0.6008604749367339
0.6008924585679973
0.600926629038222
0.6009653594092094
0.6010155855269455
0.601073400749698
0.601124534588725
0.6011712707116851
0.6012191286824833
0.601271168638636
0.6013329812575745
0.6014077841157606
0.6015053756071372
0.6016400427553108
0.6018417878853609
0.6021570514477848
0.6025161118289932
0.6029235071380924
0.6033921713997188
0.6039339420636912
0.6045687171599418
0.6053193386247452
0.6062183004647906
0.6072871434259633
0.6085327123171753
0.6099
0.6099141379179698
0.6099424137539093
0.6099712068769547
0.61
0.6100141379179698
0.6100340297925118
0.6100543419132624
0.6100906934043481
0.610119845921223
0.6101479012210335
0.6101821174576163
0.6102349928818566
0.6102985250070683
0.6103685331626921
0.6104441715514604
0.6105376474231335
0.6106157441580917
0.610695089026937
0.6107693263360913
0.610844740810331
0.6109276348916689
0.6110258393755564
0.6111442958742479
0.6112984409970388
0.6115107511863409
0.6118294275788458
0.6123867594153993
0.6135014230885063
0.615654478853892
0.6186781778218138
0.6199
0.6199041125500445
0.6199123376501335
0.619921971327658
0.6199315638135449
0.6199416487503068
0.6199537140058613
0.6199645786348121
0.6199742349964136
0.6199833356554919
0.6199924923947375
0.62
0.6200041125500445
0.6200094731328664
0.6200159402768796
0.6200245779504832
0.6200315387143173
0.6200383754285106
0.6200459671258437
0.6200558915495245
0.6200674136559943
0.6200774381203372
0.6200867546842775
0.6200961579128799
0.6201061042480667
0.6201172812177351
0.6201305513041696
0.6201472888455536
0.6201710448456919
0.6202006093517693
0.6202313437251278
0.6202606731694311
0.6202914951050379
0.6203260943556045
0.6203679634289351
0.6204155597392704
0.6204694380423286
0.6205354446397635
0.6206219459707697
0.6207471488165082
0.6209610409976547
0.6213888253599478
0.6221369396071481
0.6235679555059279
0.6260378582961994
0.6292790130869441
0.6299
0.6299086174843437
0.629925852453031
0.6299603223904057
0.6299801611952028
0.63
0.6300086174843437
0.6300186256831352
0.6300368966591148
0.6300603483796257
0.6300783846036427
0.6300962434095289
0.6301176557941516
0.6301493133255087
0.6301770177314837
0.6302042824224128
0.6302357552323595
0.6302747726313144
0.6303268782336972
0.6303934397964427
0.6304869568306497
0.6306488230377265
0.6309725554518801
0.6315029715061931
0.6325292597228613
0.6345818361561979
0.6380864096208018
0.6399
0.6399072129445798
0.6399216388337392
0.6399388147671411
0.6399548380355983
0.6399764473104929
0.6399882236552464
0.64
0.6400072129445797
0.6400135596160106
0.640025262822548
0.6400406892552353
0.6400562400448994
0.6400785012408384
0.6400996781771693
0.6401219259663217
0.6401481797791867
0.6401785797580553
0.640213510765031
0.6402513295195161
0.6402923363676281
0.6403385610328228
0.6403955672717695
0.6404701963959507
0.6405687014489112
0.6407043268702393
0.6409178098395569
0.6413447757781923
0.6421943889655448
0.6436284491549248
0.6460194772427738
0.6499
0.6499200314438534
0.64996009433156
0.65
0.6500200314438533
0.6500400236116404
0.6500596963073035
0.6500850980787286
0.65012039957861
0.6501482943558802
0.6501787315230156
0.6502160835878477
0.6502700234048238
0.6503516974581734
0.6504594607693337
0.6505939856519528
0.650770024010584
0.6510777237783748
0.6516931233139563
0.6526651757577754
0.6546092806454135
0.6584974904206896
0.6599
0.6599086036552493
0.6599258109657478
0.6599396472703482
0.6599529121360402
0.6599695747853341
0.6599847873926671
0.66
0.6600086036552493
0.660019071116875
0.6600298001499013
0.6600429060686736
0.6600559369267034
0.6600719316228189
0.6600914878773961
0.660110960932338
0.6601300307824985
0.6601511576103968
0.6601768526807797
0.6602105333934569
0.6602554364605091
0.6603057332088795
0.6603578255092329
0.6604124430152257
0.6604720483607643
0.6605408825806274
0.6606255009491396
0.6607397833217064
0.660913162325661
0.6611746297228623
0.6616588822622571
0.6624871426408773
0.6639520303068308
0.6656993444707061
0.6689757294964758
0.6698999999999999
0.669906645271824
0.669919935815472
0.6699261873454925
0.6699335590089556
0.6699413763909964
0.6699496797107839
0.6699600113987116
0.6699735821270592
0.6699877423856738
0.67
0.6700037385804225
0.6700109358759361
0.6700181481685458
0.6700279512246853
0.6700366424422382
0.6700452238815008
0.6700548440727001
0.6700665731578934
0.6700791562217652
0.6700936391107478
0.6701092984927134
0.6701227361666389
0.6701383551426289
0.6701541629176813
0.6701661164615356
0.6701779328334859
0.6701886872617108
0.6701987332507224
0.670207797451518
0.6702159350222352
0.6702233039561714
0.6702333673826087
0.6702412754733411
0.6702478950175211
0.6702536549744476
0.6702585218224585
0.6702626811174854
0.670266294734585
0.6702694691157841
0.670272248531103
0.6702746936114579
0.6702768668822376
0.670278817710228
0.6702805858223744
0.67028220390751
0.670283699391474
0.6702850963708239
0.6702864174359587
0.6702876855234849
0.670288926443492
0.6702901733194033
0.6702914759841381
0.6702929285061692
0.6702948019863705
0.6702966364833485
0.6702985376210105
0.6703003236895628
0.6703021385241671
0.6703040944790511
0.6703062616714686
0.6703087283055165
0.6703116067385143
0.6703150609621041
0.6703193471683129
0.6703248833820268
0.6703311028177393
0.6703361098198611
0.6703404472714816
0.6703444648277054
0.6703483648589542
0.6703525020641649
0.67035755479292
0.6703632585219215
0.6703687332268571
0.6703736956152536
0.6703787966662004
0.67038444569559
0.6703861302671815
0.6703894994103646
0.670391971138815
0.6703938008763651
0.6703957368078041
0.6703976029155392
0.6703996786211838
0.6704022021709254
0.6704060106015212
0.6704123407025769
0.670419744874335
0.6704286269870291
0.6704399335178514
0.6704546101140025
0.67047039540076
0.6704869670679579
0.6705045077457681
0.6705234105893004
0.6705444180349565
0.6705684604992582
0.6705973561837951
0.6706325566066615
0.6706783041150106
0.6707417297682381
0.6708389146931288
0.6710183070190452
0.6711058295996025
0.6711906992797877
0.6712808323753928
0.6713651373465662
0.6714493550022544
0.6715401556124592
0.6716509718281212
0.671808020125884
0.6720940328628215
0.6726660583366966
0.6733050217213551
0.6740456578819002
0.674923368590024
0.6759955424523911
0.6772984942111218
0.678936742282518
0.6799
0.6799047950900791
0.6799143852702373
0.6799240850993905
0.6799341122369161
0.6799446855681489
0.6799569368315236
0.6799722044131449
0.6799864699749
0.68
0.6800047950900792
0.6800114204654709
0.6800201641818894
0.6800313769217171
0.6800431164903714
0.6800560994445276
0.6800713577882719
0.6800871849007837
0.680104873277089
0.6801275378349328
0.6801570382540868
0.6801894014376721
0.6802265403397122
0.6802609808961974
0.6802855116224192
0.680306778628491
0.6803265574057747
0.6803429113645759
0.6803582505894792
0.6803700222260063
0.6803810988217782
0.6803897875448235
0.6803979321246831
0.6804045820008026
0.6804107679793425
0.6804179621670784
0.6804231120092095
0.680428339862755
0.6804327750096648
0.6804365899311634
0.6804399971564085
0.6804430342408256
0.6804457582112295
0.6804481922440283
0.6804503735883816
0.6804523440668508
0.6804541387123312
0.6804557872785904
0.6804573157631933
0.6804587476187163
0.6804601053197225
0.6804614123365368
0.6804626958399077
0.6804639917614479
0.6804653561111657
0.68046690075145
0.6804689970584311
0.6804717142098546
0.6804736641785166
0.6804754846090738
0.6804774327015638
0.6804795649367179
0.6804819946829918
0.6804848186724801
0.6804881776647477
0.6804922963258059
0.6804960069796622
0.6804993539423009
0.6805025626370572
0.6805058155972313
0.6805094998266662
0.6805151216428759
0.6805201371046125
0.6805242231498664
0.6805283833168164
0.6805329202887054
0.6805383140476998
0.6805453933211784
0.6805542751668481
0.6805613023779826
0.6805634836674294
0.6805678462463228
0.6805697444530493
0.6805715892896808
0.6805738183657332
0.6805760614094928
0.6805780582317107
0.6805802945421707
0.6805834392683482
0.6805893536404082
0.6805970819124691
0.6806059902638206
0.6806166193656262
0.6806297620977096
0.6806461592647095
0.6806661886875385
0.680687009823723
0.6807085427730734
0.6807314849431482
0.6807566593632983
0.6807860963221358
0.6808207539721672
0.6808645271044691
0.6809228498554962
0.6810066082834014
0.6811424106354681
0.6814140153396014
0.6819572247478681
0.6829206528530471
0.6843048085276113
0.6860363726944916
0.6883316071989088
0.6899
0.6899119013524129
0.6899357040572387
0.6899678520286194
0.6899839260143097
0.6900000000000001
0.690011901352413
0.6900255265089018
0.6900433821417586
0.6900633927310449
0.6900866394917815
0.6901065724756615
0.6901287985860384
0.6901566648086723
0.6901963737805963
0.6902491677241821
0.6903110182522387
0.6903837086181749
0.6904766331988743
0.6906187960939457
0.6909031218840885
0.6914322907624794
0.6923113243627913
0.6940693915634152
0.697585525964663
0.6999
0.6999145182291936
0.6999435546875808
0.6999704181689804
0.7000000000000001
0.7000145182291937
0.7000320139431171
0.7000565270482515
0.7000804432371714
0.7001042388008104
0.7001287751026788
0.7001593673480354
0.7002183346530574
0.7002845825994707
0.70035743491269
0.7004534639551026
0.7005985436101108
0.7008887029201272
0.7013501328120026
0.7021721521959963
0.7038161909639835
0.707104268499958
0.7099
0.7099046974309977
0.7099140922929932
0.7099268278675255
0.7099386746731299
0.7099544806719627
0.7099712942080295
0.7099860777962026
0.71
0.7100046974309977
0.7100109039759294
0.7100233170657927
0.7100359007918827
0.7100511148748466
0.7100693792015967
0.710086058282693
0.7101026828672627
0.7101217423787672
0.7101466229147686
0.7101847677725497
0.7102275718160442
0.7102794442504885
0.710340541433862
0.7104103276016972
0.7104846837019414
0.7105667172213701
0.7106601395169178
0.7107713378944002
0.7109217498768395
0.7111403750737965
0.7115466114665927
0.7123590842521852
0.7135025074441123
0.7157893538279664
0.7196404426958952
0.7199
0.7199068336584739
0.7199205009754216
0.7199382067700213
0.7199538314071254
0.7199759430789936
0.7199879715394968
0.72
0.7200068336584738
0.7200141735842044
0.7200286941066436
0.7200439614651266
0.7200650673238724
0.7200890387613735
0.720108739556324
0.7201295678328429
0.7201538693205809
0.7201878241773269
0.7202480660387784
0.7203146981650951
0.7203884490386273
0.7204718859517888
0.7205656127036257
0.7206703967334045
0.720784183162702
0.7209021698322041
0.721020482012297
0.7211404507343225
0.7212708974021326
0.7214577420411343
0.7216133484857128
0.7217385448128456
0.7218640747425457
0.7219974739830071
0.7221264514961576
0.7222374943768317
0.7223364424345877
0.7224429285912972
0.7225450632420202
0.722656845725394
0.7227606374968927
0.7228698652350581
0.7229946395467761
0.7231300929028651
0.7232538970619213
0.7233782719975288
0.723551529574142
0.7236742259662917
0.7237642886188226
0.7238500143201987
0.7239409073620034
0.7240650670520035
0.7242213233594701
0.7243391517757911
0.7244558547888047
0.7245833604658983
0.7247360444435779
0.7249294471821627
0.7252025263796755
0.7256244940442979
0.7263737193375263
0.7274246889999126
0.7286572679037584
0.7299
0.729910682655618
0.729932047966854
0.7299660239834269
0.7299830119917134
0.73
0.730010682655618
0.7300210501766401
0.7300375400334433
0.7300594802320327
0.7300839504017611
0.730110109257247
0.7301387166871612
0.7301692214177078
0.7302013843003173
0.7302309311113798
0.7302612359956571
0.7302973762478885
0.7303577089230497
0.7304043805689993
0.7304473880801756
0.7304946566836928
0.7305504085701752
0.7306253995013584
0.7307321481445712
0.7309385052969269
0.7313512196016384
0.7318979238832164
0.7329913324463724
0.7351781495726843
0.7384291868630826
0.7399
0.7399040374458599
0.7399121123375796
0.739928262121019
0.7399404211375564
0.739953363178461
0.7399702610248774
0.7399851305124387
0.7399925652562194
0.74
0.7400040374458599
0.7400084342344104
0.7400172278115116
0.7400283572321851
0.7400412462669498
0.740054654806178
0.7400687392151254
0.7400855629433863
0.7401068488873797
0.7401298324656909
0.7401563896162028
0.740188140059958
0.740224415638061
0.7402679483211575
0.7403233422881642
0.7403923203233186
0.7404724570996123
0.7405651355385802
0.7406784774227118
0.740823542985404
0.741025122622025
0.741339713950025
0.7419563195954647
0.7431895308863442
0.7447109167447529
0.7477536884615702
0.7499
0.7499327894541595
0.7499663947270798
0.75
0.7500196113689545
0.7500382029842471
0.7500609508878653
0.75009316502316
0.7501239225320883
0.7501548381757612
0.7501898730147851
0.7502343726597879
0.7502792911396229
0.7503288195244744
0.7503902500715416
0.7504741302571519
0.7506088004880208
0.7508781409497586
0.7513274769758403
0.752073738441455
0.7535068623102914
0.7555839811930696
0.7591756510274404
0.7599
0.7599152228899458
0.7599456686698375
0.7599728343349188
0.7599864171674594
0.76
0.7600106367419344
0.7600219580790544
0.7600367621818059
0.7600567807911943
0.7600785538704924
0.7601039735207337
0.7601305124110204
0.7601590949787056
0.7601946362399518
0.7602425969204875
0.7603096020554034
0.7603845394057501
0.7604690473889706
0.7605656258047921
0.76067644340245
0.7608048884442101
0.7609535302092879
0.7611269135414251
0.7613114478601092
0.7615059138277654
0.7617147363514172
0.7619451315472929
0.7622074682760522
0.7625217048844694
0.7628605710156237
0.7632218313454768
0.7636665900846922
0.7642455315949213
0.7648033649344942
0.7653374536635993
0.7659301071136944
0.7666402019689451
0.7675071823385538
0.7685418924423065
0.7698703079893289
0.7699
0.7699112804915849
0.7699249379923369
0.7699490107786308
0.769975021737273
0.7699997712091832
0.77
0.7700004575816337
0.7700013727449011
0.7700032030714359
0.7700068637245054
0.7700141850306446
0.7700260364394454
0.7700426474424639
0.7700603707071185
0.7700793110228122
0.770102155266183
0.7701304911629169
0.7701612835404529
0.7701988253222979
0.7702430947436024
0.7702948245855711
0.7703569787099808
0.7704382312943056
0.7705596073520724
0.7707236279107996
0.7709048386613142
0.7711140505777831
0.7713576375667655
0.7716628729552483
0.7720613783397973
0.7725134694903337
0.7729714797080723
0.7734896777278997
0.7741489499906357
0.7749134119249538
0.775882613099335
0.7772497244884433
0.7796089680997521
0.7799
0.7799129265012608
0.7799387795037822
0.7799699676475551
0.78
0.7800129265012608
0.7800276751853574
0.7800432360310052
0.7800645295905245
0.7800927961165726
0.7801201662798848
0.7801507909986723
0.7801828968548871
0.7802159470467259
0.7802522450242669
0.7802939429608642
0.7803351618191068
0.7803761248338332
0.7804218709965021
0.7804844806293163
0.7805516331317622
0.7806122949171673
0.7806752804075566
0.7807460882407776
0.7808350239191377
0.7809379245494278
0.781042882548494
0.7811427273052509
0.7812648288234565
0.7814195630686678
0.7816187409247088
0.7818876173079673
0.7822731183390566
0.7827372424310778
0.7832725965973251
0.7838940244389673
0.7846205614745337
0.7854820335114132
0.7864567031326496
0.7876610948824108
0.7891688553857394
0.7899
0.7899110476918416
0.7899331430755248
0.7899654510077662
0.7899827255038832
0.79
0.7900110476918416
0.790021274754786
0.7900388542722423
0.7900588404377937
0.7900761905223468
0.7900932007969271
0.7901120357798387
0.7901311057618077
0.7901505090778939
0.7901729267372991
0.7902078536376252
0.7902405873761003
0.7902686804293669
0.7902984602542937
0.7903333278083235
0.7903765260134481
0.7904390446513996
0.7905222536092638
0.7906161401606182
0.7907281130636791
0.7908691959753922
0.7910625039376693
0.7913660250830771
0.7918846456573306
0.7924725567758739
0.7931367468561976
0.7939028925871924
0.7947994650538613
0.7958569503013457
0.7971745737530936
0.7988298761861665
0.7998999999999999
0.7999242768914104
0.7999621384457052
0.8
0.8000242768914105
0.8000446012483043
0.8000728516085355
0.8001087330080167
0.8001444826282377
0.800184496915209
0.800229272918997
0.8002885959459132
0.8003572574548966
0.8004349106809562
0.800528395472223
0.80065340631561
0.8008012321709109
0.8009838932170108
0.8012282728023677
0.8015998470581813
0.8023429955698085
0.8037677948817074
0.8060662412247611
0.8099
0.8099124185913508
0.8099372557740524
0.809958816480726
0.8099797429144008
0.8099898714572005
0.81
0.8100124185913509
0.8100228545438531
0.8100340698675638
0.8100518623151265
0.8100718256390985
0.8100923515543385
0.810115942298446
0.8101404974439794
0.8101702075204551
0.8102006773808248
0.8102347551065444
0.8102780057977262
0.8103310737923674
0.8103938676894806
0.8104637552399641
0.8105448109501763
0.8106460536523054
0.810784156477797
0.8109991173767741
0.8114290391747283
0.8122254854214129
0.8135391543509969
0.8161664922101648
0.8199
0.8199080267257046
0.8199240801771139
0.8199402062244912
0.8199567896731127
0.8199739141944778
0.8199869570972389
0.8200000000000001
0.8200080267257047
0.820017568017881
0.8200303807802951
0.8200490978526059
0.8200675471793849
0.8200868158515096
0.8201085908234224
0.8201371231448642
0.8201734589022415
0.8202114802871542
0.8202577388382288
0.8203097176815679
0.820371573530343
0.8204483423521742
0.8205576582432006
0.8207152146510583
0.8209321961300674
0.8212441930780848
0.8217264415924898
0.8226394685933858
0.8244655225951778
0.8278165361175175
0.8299
0.8299110804984176
0.8299332414952527
0.8299543005788126
0.8299754450109686
0.8299877225054844
0.8300000000000001
0.8300110804984177
0.8300231445181601
0.8300387335059398
0.8300591640304333
0.8300797125573331
0.830103550336659
0.8301315569969853
0.8301593407324734
0.8301916844604192
0.8302345857656239
0.8302902574880271
0.8303582713150028
0.8304449700697624
0.8305640485196306
0.8307302771286371
0.8309785340571708
0.8310669286123195
0.8312437177226167
0.831290496217399
0.8313086831194282
0.8313450569234865
0.831362301995437
0.8313807553119575
0.8313983085935085
0.8314178547145881
0.8314352743443719
0.8314494184080566
0.8314644791044502
0.831483630957751
0.8314935157705922
0.8315034695775766
0.8315134106446357
0.8315268723774483
0.8315370811644359
0.8315486001546463
0.8315653578041968
0.8315938561194985
0.8316331579073158
0.831677219401245
0.831727064553989
0.8317840509723544
0.8318497490505696
0.8319260238775636
0.8320148961315164
0.8321185977921911
0.8321821149531534
0.8322521616839264
0.8323025058863094
0.8323424646398837
0.8323972731218433
0.8324426574101204
0.8324806780855494
0.8325209750150977
0.832566815022966
0.8326245299831895
0.8326889838242766
0.8327519430911169
0.832803168162347
0.8328471077852785
0.8328887280866963
0.8329346481567648
0.8329684660773575
0.8330076711370482
0.8330405092178751
0.833069809863436
0.8330990555561817
0.8331303279264405
0.8331693595412945
0.833206562308763
0.833247243414755
0.8332849866414261
0.833323460833642
0.8333657942014498
0.8334163505173825
0.8334777315855467
0.8335599694029624
0.833674314233225
0.8338560868673358
0.8339181876980751
0.8340423893595538
0.8340681998861575
0.8340968048901319
0.8341077530975657
0.8341296495124332
0.8341344568359703
0.8341440714830446
0.834151186928839
0.8341587297001254
0.834166264350404
0.8341718693802019
0.834178700432866
0.8341857027806299
0.8341925193600396
0.8341963449672464
0.8342003621387898
0.834203914660192
0.8342075662714411
0.8342111675413041
0.8342150987413877
0.8342203832312927
0.8342298980387478
0.834247888337996
0.8342673676283856
0.8342887283519451
0.8343129719709509
0.834340590635055
0.8343726394616214
0.8344101271127999
0.8344540689632595
0.8345052440443506
0.8345646172560304
0.8346334511007591
0.8347133540246373
0.8348062102818887
0.8349142068562696
0.8350392243145542
0.8351838510714007
0.8353512658843731
0.8355451665162293
0.835769865282146
0.8360303574212615
0.8362657389541955
0.8364497982552409
0.8366246162456046
0.8368180337513299
0.8371113158355857
0.8373962536570132
0.8376380427626116
0.8378935023099201
0.8381830417250817
0.838548143607069
0.83906305698906
0.8398235238047763
0.8399
0.8399216778612361
0.8399456729796023
0.8399699038561607
0.8399849519280803
0.84
0.8400127568063867
0.8400267936875326
0.840039288599451
0.8400598319646587
0.84008213265051
0.8401050902529227
0.8401285403248763
0.8401518850336978
0.8401752170708555
0.8401998919091779
0.8402230308802507
0.840247674852204
0.8402775863129418
0.8403106131450511
0.8403449295757054
0.8403830760888236
0.8404287678904514
0.8404851741529131
0.8405622494353673
0.8406778896340596
0.8408814271497361
0.8411792118956389
0.8415555132385781
0.8420326817645618
0.8426404870820777
0.843211802295178
0.843848917980091
0.8444847329511281
0.8449970814787375
0.8455841548451545
0.84628873702586
0.8474529412113232
0.8491948306760361
0.8499
0.8499046420115166
0.8499139260345498
0.8499324940806163
0.8499461153867786
0.849961398789681
0.8499784944367225
0.8499892472183612
0.85
0.8500046420115166
0.8500105843799333
0.8500173544550689
0.8500296318008995
0.8500415544102902
0.8500539914756297
0.8500664785902422
0.8500781926067227
0.8500897713655878
0.8501029496946728
0.8501148091097207
0.85012816192147
0.8501401331853932
0.8501521330007674
0.8501652461272079
0.8501807433180333
0.8501995479717656
0.8502189071963779
0.8502384330184884
0.850261648788979
0.8502790388734907
0.8502965325647481
0.850311605743922
0.8503253368985864
0.8503391720328205
0.8503543968657723
0.8503751659089344
0.8503995526220374
0.8504176713733492
0.8504353051777959
0.8504542304125531
0.8504765058986969
0.8505041517467195
0.8505323565769688
0.8505642725012345
0.850604734878477
0.8506657676556485
0.850762075625347
0.8508671773994478
0.8509126290979412
0.8509352570879698
0.850960897897918
0.8509805440783091
0.8510000098372125
0.8510196133899909
0.8510440932435002
0.8510641748301309
0.8510834722539496
0.851105292837344
0.8511312847713625
0.8511615033511348
0.8511851237405035
0.8512060055150423
0.8512373043228213
0.8512594160206103
0.8512844809997906
0.8513210893651327
0.8513695343660346
0.8514263873660534
0.8514953615521885
0.8515778974398149
0.851662321018326
0.8517271315579991
0.8517834260502637
0.851840330124941
0.8518511804350724
0.8518728810553351
0.8518774928583912
0.8518867164645034
0.8518960018108156
0.8519029519124255
0.8519082023469815
0.8519136673663704
0.8519210078697566
0.8519272981739727
0.8519315460872828
0.8519363055226271
0.8519397679052205
0.8519435915038354
0.8519474060456015
0.8519512129228076
0.8519560464669007
0.851963379376368
0.8519681040422612
0.8519732374126073
0.8519772574741558
0.8519817032041286
0.851986125365496
0.8519905402848931
0.8519961050920842
0.8520027461592568
0.8520083590372237
0.852013370012836
0.8520181689871331
0.852023106934181
0.8520288989338758
0.8520357573906799
0.8520428648210137
0.8520490292820639
0.8520552608639382
0.852062102922083
0.8520701777279779
0.8520803675736695
0.8520946527837998
0.8521136569796439
0.8521437397111266
0.8521807530502591
0.8522275875940509
0.8522790851508784
0.8523323701705714
0.8523958668490429
0.8524757163287471
0.8525689033840483
0.8526775926745426
0.8528040567347502
0.8528998760096815
0.8530051747563426
0.8530803317598075
0.8531579353045465
0.8532368281906113
0.8533167286922924
0.853433775563714
0.8535983026290325
0.8538841828040504
0.8542146494091221
0.8545930451214574
0.855032382929173
0.8555415704803722
0.8561288137561068
0.8567342391710223
0.8574354612269269
0.8580125821956263
0.8584236929793744
0.8587803906354642
0.8590913075558553
0.8594156259670654
0.859667137841147
0.8599
0.8599067765336674
0.8599203296010023
0.859938769433736
0.859956358815966
0.859977665359735
0.8599888326798675
0.86
0.8600067765336674
0.8600133468369194
0.8600232873007795
0.8600339805781092
0.8600461676869174
0.8600575704541058
0.8600685950956736
0.8600811378654084
0.8600903847060246
0.8600998967260364
0.8601081249029989
0.8601157744861069
0.8601237969227999
0.8601333421782299
0.8601438222916484
0.8601551130151343
0.8601652540512053
0.8601756378844801
0.860187136600893
0.8602010248773093
0.8602184211411672
0.860242383517679
0.8602781482111664
0.8603387957912836
0.8604600909515179
0.8607026812719865
0.861182523419245
0.8621422077137619
0.8639150495509571
0.8658527373310403
0.8679712357261771
0.8699
0.8699127380568844
0.8699382141706532
0.8699691070853266
0.8699845535426634
0.87
0.8700127380568844
0.8700250939758613
0.8700398902371842
0.8700631157083649
0.8700875348996012
0.8701126760413387
0.8701409546756046
0.8701766739550592
0.8702177446679779
0.8702713920675081
0.8703547875347528
0.8705215784692422
0.8707601559595474
0.8711805123886092
0.8720212252467328
0.8737026509629799
0.8770655023954743
0.8799
0.8799077573101075
0.8799232719303225
0.879940266447835
0.8799571298860985
0.8799755479311374
0.8799877739655687
0.88
0.8800077573101075
0.880016487052773
0.8800291036201724
0.8800480111749598
0.8800674019245817
0.8800875610192792
0.8801119775751087
0.8801412152440578
0.880175568431196
0.8802160423232189
0.8802635825787052
0.8803193914724817
0.8803849402007544
0.8804619451575291
0.8805524254881323
0.8806580144514047
0.8807809312537102
0.8809241555146575
0.8810906409325728
0.8812820338633376
0.8814327626424379
0.8815459470503879
0.8816531496284223
0.8817186224416929
0.8817947000596782
0.8818568605502664
0.8819138070110144
0.881978100606911
0.8820728250652484
0.8821533023131315
0.8822233940126999
0.8822976783820792
0.8823812406703374
0.8824548537266151
0.8825132415440393
0.8825684300584996
0.8826276513895349
0.8827070519745345
0.8828008434244979
0.882877191223287
0.8829530329131939
0.8830360672060813
0.8831362871474366
0.883263232709923
0.883445601592267
0.8837194168145658
0.8840637040072826
0.8844555521660434
0.8849008348494224
0.8854386326863704
0.8861268822274411
0.8870761647795838
0.888234947829793
0.8896324100626247
0.8899
0.889916591563448
0.8899497746903441
0.889974887345172
0.89
0.890016591563448
0.8900317118699801
0.890048870412265
0.8900790837981014
0.8901087840604739
0.8901415244389799
0.8901823631012206
0.8902259330302836
0.8902750585173281
0.8903224044464768
0.8903708004373005
0.8904315372966781
0.8904825074811947
0.8905329573886314
0.8905814318300324
0.8906319932987311
0.8906891593547798
0.8907559887934328
0.8908164307664993
0.8908631214106085
0.8909044625091312
0.8909533017144742
0.8910134330025498
0.8910571846983886
0.8911015250175297
0.8911511766244236
0.8912135836775307
0.8912867520679697
0.8913487859708593
0.8914036525653732
0.8914580369971129
0.8915255093151728
0.8915685141180892
0.891611644131547
0.8916509083118125
0.8916883073757847
0.8917287493060062
0.8917791509480003
0.8918268502301733
0.8918797608414187
0.8919294153836148
0.8919806469031841
0.8920378330460599
0.8921070334237584
0.8921932579880286
0.8923114350715218
0.8924865341252133
0.892778736314545
0.8932888675623802
0.8938675495631352
0.8945208753950836
0.8952746988122517
0.8961516769391707
0.8971927555379773
0.8984458823192549
0.8999
0.8999177817382252
0.8999533452146756
0.9
0.9000177817382252
0.9000356760147155
0.9000613820401636
0.9000982233092812
0.9001282548674111
0.9001571212276996
0.9001908857428382
0.9002375567956694
0.9002820848770401
0.9003254320572363
0.9003733232959739
0.9004330774630579
0.9005190107584452
0.9006816643079956
0.900971157492785
0.9013484199440649
0.9020981546672332
0.9035976241135698
0.906596563006243
0.9099
0.9099087409394359
0.9099262228183075
0.9099453470330501
0.9099637881327551
0.9099850210733621
0.91
0.9100087409394358
0.9100173927223616
0.9100309119156968
0.9100510705174636
0.9100716586291414
0.9100944658645358
0.9101258387325392
0.9101620836739631
0.9101937877622935
0.9102204126930081
0.9102444855176269
0.9102682676042501
0.9102958550707605
0.9103197624401311
0.9103468893182494
0.9103699658922001
0.910390251257993
0.9104085301760103
0.9104249330804608
0.9104404420818609
0.9104565352086205
0.9104767226703365
0.9104944907991285
0.9105122789266764
0.9105293051173463
0.9105470562123428
0.9105670542006812
0.9105915335201876
0.9106176601948776
0.9106440623005506
0.9106756096242868
0.9107063794673395
0.910729093629515
0.9107482624628306
0.9107664160090665
0.910785299332882
0.9108085900925047
0.9108407135249833
0.9108660978283666
0.9108893640618572
0.9109140064450842
0.9109416821133649
0.9109763873627198
0.9110213910205651
0.9110857366571418
0.911186302419652
0.9113082008566041
0.9114405753621375
0.9115921566497556
0.9117662660313957
0.9119817272320898
0.9122658567580243
0.9126383088199688
0.9130704838339172
0.9135709171909013
0.9141533177070637
0.9148355183443103
0.9156435418697373
0.9166151248859207
0.9177805187544977
0.9191460406670217
0.9199
0.9199087409394359
0.9199262228183075
0.9199611865760507
0.9199805932880254
0.92
0.9200087409394359
0.9200210833108701
0.9200342350256608
0.9200599926759747
0.920089606027688
0.9201208087099345
0.9201550301857641
0.9201853026350322
0.9202137173963795
0.9202442665646587
0.920287466191862
0.9203236729664571
0.9203532622616865
0.9203832590091751
0.92041568438428
0.9204532638641946
0.9204891738860402
0.920516445040585
0.9205389668704432
0.9205629796864818
0.9205849870009357
0.9206089542694407
0.9206320853266428
0.9206569136791003
0.9206870151236781
0.9207238663159582
0.9207706576468115
0.9208090976540261
0.9208412395400369
0.9208712182653657
0.9209026614488123
0.9209288773372373
0.9209605255669561
0.9209855635685055
0.9210074346495943
0.9210288099665823
0.9210509490643426
0.921077202017491
0.9211057717847756
0.9211368828907184
0.9211642437864455
0.921191789587962
0.9212218299271434
0.9212576164338182
0.9213013719575817
0.9213601516556933
0.9214257274540492
0.921498928791178
0.921560823585275
0.9216372396596584
0.9216950325080353
0.9217420770436187
0.92178439209911
0.9218238004694495
0.9218643813768373
0.921913511425
0.9219590411443521
0.9220082472864852
0.922053703167693
0.9221000521884005
0.9221512119647588
0.9222126618463311
0.9222877466910915
0.9223680458673404
0.9224251175855657
0.9224707755980348
0.9225144636444638
0.9225627582086094
0.9226287412034107
0.9226938021957276
0.922750799873484
0.9228110966158166
0.9228795253734808
0.9229631672646229
0.9230744993281512
0.9231967986170014
0.9233155010840326
0.9234397245216667
0.9235768720166091
0.9237385633236495
0.923934041599081
0.924190989169905
0.9245546581846954
0.9251366940682451
0.9259017870630556
0.9267850048748522
0.927822170966069
0.9290446921327784
0.9299
0.9299105862928722
0.9299317588786166
0.9299658794393083
0.9299829397196542
0.93
0.9300105862928723
0.930023060562183
0.9300382046205383
0.9300614141203425
0.9300826882273662
0.9301066221682152
0.9301376745582728
0.9301669599949279
0.9301931154022536
0.9302206112083796
0.9302542479830997
0.930290660636709
0.9303293025527963
0.9303688548915857
0.930415064545462
0.9304691118290611
0.9305248144335446
0.9305882087953314
0.9306619164191153
0.9307557160532965
0.9308860087114358
0.9310678527271131
0.9312720921523526
0.9314678664083865
0.9316535863811709
0.9318324377134417
0.932015157646393
0.9322303212319011
0.9325470243178381
0.9327707087095887
0.9329703915929953
0.9331812051555146
0.9334170192104508
0.9336502408898545
0.933884811782397
0.9341582428802944
0.9346395001076416
0.9350112484633912
0.9353497492941427
0.9357243630514543
0.9361735221353671
0.9366507490761391
0.9371375761918834
0.9376231356067085
0.9381653308907424
0.9389028891154123
0.9398901566483384
0.9399
0.9399132768777473
0.9399265537554946
0.9399435022386855
0.9399715551659269
0.9400000000000001
0.9400132768777474
0.9400329573327696
0.9400565533641551
0.9400916942871816
0.9401308498770272
0.9401785321936904
0.9402338685647625
0.9402917710666701
0.940356822275761
0.9404040629806031
0.9404420129231146
0.9404804723637111
0.9405288315618148
0.9405843996618634
0.9406357509722962
0.9406785703772146
0.9407185575276182
0.9407621218232881
0.9408255077878888
0.9408919652735614
0.9409477288408568
0.9410062663970891
0.9410748258080961
0.941158463179715
0.9412632773507819
0.941386628454427
0.9415320285298724
0.9417142442223113
0.9419152378475476
0.9421382956700254
0.9423995818974984
0.9427094967713783
0.9431054654554715
0.9436456362825439
0.9444555302607754
0.9458888563206447
0.9487555084403831
0.9499
0.9499129972197217
0.9499389916591651
0.9499694958295826
0.9499847479147914
0.9500000000000001
0.9500129972197218
0.9500237125717648
0.9500396867452365
0.9500643524051761
0.9500903378527553
0.9501234079804586
0.9501546971469073
0.9501849407533497
0.9502197219937754
0.9502590010562579
0.9503065908176658
0.9503522855323934
0.9504030722627367
0.9504632795060453
0.9505279004489056
0.9506015498911298
0.9506931772828303
0.9507922057943432
0.9509148670086235
0.9510174253541286
0.9511216290068434
0.9512202305500039
0.9513219764765047
0.9514360125184428
0.9515743955733799
0.951747137563599
0.9519822106386213
0.9521556229012363
0.9522935514925298
0.9524467812709535
0.9525836822752041
0.9527186769102578
0.9528547840159898
0.9530063899142692
0.9531510493929406
0.9532970762738108
0.9534272617144421
0.953571496164642
0.9536814120934779
0.9537806280648092
0.9538855348695195
0.9540163402733878
0.9541477843572317
0.9542889769528452
0.954424802430646
0.9545689934734775
0.9547341621608504
0.9549401512388535
0.9552083268809969
0.9555970729958463
0.9562230722082767
0.9573428628371704
0.9586382923292199
0.9599
0.9599117007899619
0.9599351023698858
0.9599675511849428
0.9599837755924714
0.96
0.9600117007899619
0.9600240247358538
0.9600412173184033
0.9600695083174487
0.9600989361533142
0.9601388574096457
0.9601841948121138
0.9602215621110681
0.960254574483346
0.9602866892077498
0.9603219027632958
0.9603549282513122
0.9603929424727713
0.9604227262029592
0.9604477298156014
0.9604699844210851
0.9604902823400726
0.9605104227750922
0.960533208439614
0.9605579591007348
0.9605843305800991
0.9606070627715569
0.9606298337335448
0.9606547252088037
0.9606837709362395
0.960717357829922
0.9607526671692264
0.9607964480001697
0.9608332657299822
0.9608601104755888
0.9608842607863597
0.960908294455596
0.9609356232032507
0.9609804231482502
0.9610170300247022
0.9610479466751021
0.9610801951915944
0.9611156912029156
0.9611597339235677
0.9612166079920698
0.9612981207140827
0.9614263060457163
0.9615853404471107
0.9617600512100841
0.9619612258192037
0.9621944467816537
0.9624854931831105
0.9628738958899223
0.963367293792436
0.9639406732244291
0.9646078345607796
0.9653899119440373
0.9663216605997678
0.9674312715937491
0.9687544423235096
0.9699
0.9699113733401192
0.9699341200203577
0.9699670600101788
0.97
0.9700113733401192
0.9700261444500993
0.9700464900932811
0.9700723356545199
0.9701048156383775
0.9701353237953764
0.9701673742145751
0.9702055888102876
0.9702529477556253
0.9702994072705199
0.9703480658930155
0.970407644756275
0.9704881696322657
0.970586103578345
0.9706925700137439
0.9708169585939886
0.9709650535216702
0.971155336709479
0.9714297921455708
0.9718823555283896
0.9726190576629996
0.9738078379806655
0.9749308524292605
0.9760213993769412
0.9772320412675909
0.9784154461137725
0.9793701079782572
0.9799
0.9799052497471489
0.9799157492414466
0.9799367482300422
0.9799551805243343
0.9799772474884499
0.979988623744225
0.98
0.9800052497471489
0.9800107917481234
0.9800218757500726
0.9800363331591122
0.9800503664072618
0.9800652923155605
0.9800827477931903
0.9801034785996812
0.9801233262222242
0.9801442771083924
0.9801692617311125
0.9802028080852054
0.9802484923731457
0.9803009294394645
0.9803598708314244
0.9804301044792062
0.9805177712356744
0.980620440962921
0.9807517068084528
0.9809284942894384
0.9811978380207981
0.9816146152111064
0.9822305822766064
0.9830501632867366
0.9841759145043061
0.985947606748911
0.9875922850105436
0.9888590721270885
0.9894295360635442
0.9896647680317721
0.989782384015886
0.9898411920079431
0.9898705960039715
0.9899
0.9899031562911198
0.9899094688733594
0.9899220940378386
0.9899340259057178
0.9899479861407838
0.9899628545715088
0.9899776110365557
0.9899947776462799
0.99
0.9900031562911198
0.9900059491727331
0.9900115349359597
0.990022101988318
0.9900344745832986
0.9900476813599919
0.9900630175762074
0.9900793297996987
0.9900978943741301
0.9901224150309745
0.9901527365174236
0.9901889402262992
0.9902340986935823
0.9902910281276408
0.9903708416584192
0.9904612370557575
0.9905694677417863
0.9906931029021763
0.9908281562596686
0.9909943165136741
0.9912062750165763
0.9915384919302789
0.9921779795474944
0.993407335114479
0.9949169945598939
0.9967619226149541
0.998380961307477
0.9999
0.9999037872364452
0.9999113617093357
0.9999265106551166
0.9999399495105564
0.9999556385355873
0.999975404057257
0.9999877020286285
1.0
