0.0
0.001
0.003
0.007
0.0099
0.009904973554520934
0.0099149206635628
0.00992279599317773
0.009931231189379702
0.009940345751400211
0.009950046128930322
0.00995922614477626
0.009967391827068456
0.00997463771101703
0.009982145975089113
0.00999146765153203
0.01
0.01000497355452093
0.01001082917793018
0.0100169161475999
0.01002338365599563
0.01003236256446271
0.01004297481473882
0.01005116804331259
0.01005949974388306
0.01006882943849947
0.01008034512823893
0.01009635468039487
0.01012203506171997
0.01015308962741093
0.01018875485916126
0.01023069849763019
0.0102684797471555
0.01029498210244701
0.01031484118429884
0.01033079584636503
0.01034407219901442
0.01035576900013137
0.01036642851929121
0.01037625738353944
0.01038564614210924
0.01039466693006935
0.0104034292122338
0.01041204821039165
0.01042062317317633
0.01042926435129949
0.01043810146105033
0.01044730223517487
0.01045711406858593
0.01046796217023179
0.01048077106291846
0.0104990065600671
0.01052012793616377
0.01053564245447019
0.01054975194665248
0.01056342832223809
0.01057662483368633
0.01058941686297431
0.01060156636451151
0.01061304706023484
0.01062417904232656
0.0106355938010383
0.01064863536365033
0.01066379032546316
0.01067931768218689
0.01069228308664319
0.01070501058176573
0.01071859231649936
0.010733989833845
0.01075213421591007
0.01076927274683112
0.01078549939574493
0.01080146811953801
0.01081797244982713
0.01083744891257891
0.01085673340517716
0.0108719249013056
0.01088405753025041
0.01089441440671007
0.0109050855431626
0.01091609262315082
0.01093051516164874
0.01093922331038706
0.01094790888927893
0.01095621336358899
0.01096657652981102
0.01097565326738092
0.01099165327514385
0.01100487019705892
0.01101744238326994
0.0110337041979243
0.01104821938246107
0.01106340261753533
0.01108064904472521
0.01109873721766572
0.01113154152160831
0.01116405432887895
0.01119832844754191
0.01123397872853341
0.01127197781701695
0.01131399587063406
0.01136309808543379
0.01142091365948262
0.01149385284006265
0.01156729873898563
0.01165044409643335
0.01177786452160114
0.01191543781939087
0.01216905404521441
0.01248351684304869
0.01283613181396336
0.01323846870066649
0.01369773945936212
0.01422784018925448
0.01484594138248358
0.01557176069700577
0.01643429219911535
0.01745296215761291
0.01864552935753824
0.0199
0.01990374344510725
0.01991123033532177
0.0199262041157508
0.01993812282779317
0.01995030075917355
0.01996536947243246
0.01998041618182614
0.01999020809091307
0.02
0.02000374344510726
0.02000849651892209
0.0200172624199302
0.02003013627737187
0.02004296193858806
0.02005782835440497
0.02007477005448987
0.02009752440365401
0.02011792896092256
0.02013577766178689
0.02014874190957565
0.02015854605170438
0.0201665407318255
0.02017333525568412
0.0201793790055837
0.02018494282348302
0.02019018159984542
0.02019520303248276
0.02020008872606243
0.02020490971940895
0.02020973793240371
0.02021465529245608
0.0202197673171923
0.02022523006651444
0.02023131808007935
0.02023866943516068
0.02025048085672877
0.02026061042869053
0.02026873412013094
0.02027653010422395
0.02028418817705846
0.02029187459063031
0.02029949865952596
0.02030676243262602
0.02031354421137387
0.0203199791597521
0.02032640263100367
0.02033346260561213
0.0203435808529651
0.02035301069756175
0.02036034365293347
0.02036755393798037
0.02037520649707924
0.0203839794407358
0.02039479440231266
0.02040472003325722
0.02041386352883082
0.02042273359321311
0.02043179113384046
0.02044216674058931
0.02045299993641497
0.02046415273458299
0.02047303930676624
0.02048092838405568
0.02048843325125852
0.02049584080564957
0.02050364286602797
0.02051264202718844
0.02052489847341672
0.02053419024301853
0.02054182371112202
0.02054880634214734
0.0205554105823343
0.02056400136869034
0.02057268475392747
0.02058477986048156
0.0205971724414424
0.02060732393578696
0.02061687715788467
0.02062877280018217
0.02064158741572544
0.02065665333736058
0.02067580882864518
0.02070190892975391
0.02073600728722933
0.02076566795835377
0.02079167010654181
0.02081636474047835
0.02084201257356536
0.02087766836203644
0.02090656922032759
0.02092731684228086
0.02094581061864914
0.02096331151944009
0.02098119944567507
0.02100157670601617
0.02103077946345016
0.02106083303820865
0.02108399499388045
0.02110654941609901
0.02113042279567395
0.02115744551408182
0.02119097324266694
0.02123331193839292
0.0212909222058979
0.02137435819379539
0.02150743755034757
0.02162922463325466
0.02174144324112214
0.02182588472932878
0.02191033791983825
0.02198840561964292
0.0220835906520113
0.02222915975833804
0.02234644030087237
0.02247027992659163
0.02260752256702677
0.02278968170244024
0.02306869899405163
0.02359831883237135
0.02420234865964939
0.02487774074905499
0.02565066848399374
0.02654116584845499
0.02759095117503983
0.02886057747988959
0.0299
0.02990374344510726
0.02991123033532177
0.0299262041157508
0.02993777641339342
0.02995049158842403
0.02996451911730688
0.02997923701034418
0.03
0.03000374344510726
0.03001048941808926
0.03001865448864756
0.03003084355075187
0.03004284917909734
0.03005575867056068
0.03006767332398975
0.03007909609235901
0.03009161653069543
0.03010989449326462
0.03012427432232012
0.03013611972250969
0.03014812766983819
0.03016100418886183
0.03017573340930415
0.03019098237913502
0.03020297497113924
0.03021185581480552
0.03021988069700913
0.03022979398217472
0.03024090988976533
0.03024940399065214
0.030258012909321
0.03026756860565039
0.0302792731954897
0.03029545183814447
0.03031571021936029
0.03033177308182345
0.03034481537547019
0.03035652907927566
0.03036800637020485
0.03038168412009518
0.0303918904466861
0.03040317014709305
0.03041303936973558
0.03042191882519313
0.03043047605453471
0.03043899082523382
0.03044811859348797
0.0304595203361143
0.03046966797303665
0.03048061626399821
0.03049082340999283
0.03050120191885677
0.03051261470918134
0.03052618204211031
0.0305426014020111
0.03056420677278003
0.03059442883710553
0.03064050468537989
0.03072124581959628
0.03085089352598926
0.03099615645968053
0.03115945383629349
0.03134605804579044
0.03156016571203116
0.03170528639989477
0.03184725191950698
0.03200074835513633
0.03215533890637105
0.0322979802992393
0.03248181841008539
0.03273313499873096
0.03319196540662019
0.03371280802149082
0.03430657291750159
0.03499309684184607
0.03578633707064826
0.03671909372082112
0.0378295191470103
0.03918258622219987
0.0399
0.03990583453440236
0.03991750360320707
0.03993128157105871
0.03994556067106783
0.03995875872381271
0.03997303551331966
0.03998651775665983
0.04
0.04000583453440236
0.04001396473492434
0.04002687487196788
0.04004181903228111
0.04005648292793615
0.04007203617011536
0.04008883537714365
0.04010854108187441
0.04013749634035543
0.04017498073381928
0.04021846708399085
0.04026883488209922
0.04032721630174068
0.04039518191777828
0.04047471494336478
0.04056796756182862
0.04067736505030041
0.04078216014443146
0.04086189346080815
0.04092338875290874
0.04097297980140731
0.04101433261553851
0.0410503651432086
0.04108288112619097
0.04111296779010525
0.04114136461643092
0.04116859899612011
0.04119509358706729
0.04122123673460994
0.04124742848854693
0.04127413449280679
0.04130197721259352
0.04132803587280613
0.04134902850162431
0.04136776190967208
0.04138532501714042
0.04140012508039165
0.0414181911827623
0.04144095411473357
0.04146521802900451
0.04148540908408851
0.0415041985141254
0.04152336623101244
0.04154232566895891
0.04156204055693463
0.04158491707394136
0.04161601026307064
0.04164374609766176
0.0416669993444572
0.04169041862598374
0.04171572422591755
0.04174289421589999
0.04176914882005671
0.04179557970348417
0.04182481557376989
0.04185924742405187
0.04189048862454924
0.04191411582887332
0.04193517606725169
0.04195550598969986
0.04197659465909222
0.04200102209259528
0.04202991112098301
0.04205211409482969
0.04207067934524278
0.04208948405515792
0.04211022219224934
0.04212930006288219
0.04215706685041417
0.04217852823697117
0.04219878243693077
0.04221673820796609
0.04224583103154177
0.04227028385202224
0.04229514951061524
0.04232046114698581
0.04234181217276604
0.04236031464201501
0.04237704792809292
0.04239278702411205
0.04240867195661244
0.04242694615149387
0.04244066269383086
0.04245556249200012
0.04246769930182637
0.04247829362317181
0.04248878384987853
0.04250014921027869
0.04251402098149689
0.04252829770704863
0.04254239489232187
0.04255601805868114
0.04257047318055588
0.04258696352232932
0.04260686439435173
0.04262572949401132
0.04264493418287895
0.04266586597219716
0.04268919042301069
0.04271405631327872
0.04274162841204213
0.04277423837153708
0.04281135501637915
0.04285382153991441
0.04290480961091028
0.04296168656735985
0.0430174089530809
0.04307392172970876
0.04313160411881596
0.04319234003034073
0.04326046213719988
0.04334046737394011
0.043420960588858
0.04350591275911704
0.0436038112392752
0.04369414255403062
0.04378069563506435
0.04387591203843291
0.04399036509782971
0.04414436993007869
0.04437947877428366
0.0447979985569242
0.04540345520061081
0.04598903669981933
0.04620739908948099
0.04638238208230207
0.04650550174118984
0.04662823295913811
0.04674419563870818
0.04684780550438663
0.04695107246805656
0.04706749245949658
0.0472058363280965
0.04737908343567394
0.0476272716373996
0.04810127589512645
0.04870897036213917
0.04939962099630128
0.0499
0.04990700991630426
0.04992102974891279
0.04994308780936499
0.0499590002633481
0.04998009010736244
0.05
0.05000700991630427
0.0500168073610209
0.05002532586586585
0.05003761740233226
0.0500494313384628
0.05006012116315665
0.05007084645403871
0.05008316840344436
0.05009516192349011
0.05010733117695899
0.05011834535763247
0.05012948724709124
0.05014167034181538
0.05015616263954174
0.0501738228694121
0.05019722751606289
0.05023028990261216
0.05024368054685116
0.05025838730593432
0.05027078883104982
0.05028204010210603
0.05029955275092497
0.05031299466235669
0.05032442459631676
0.05033660509040844
0.05035111918153479
0.05036900155832053
0.05039399880174334
0.05041480428724952
0.05043211125235847
0.05044812062993606
0.05046435488510486
0.05048593915928416
0.05050556139674661
0.05051943316000438
0.05053159358601515
0.05054302687770874
0.05055451847377569
0.05056753999580013
0.05058701451475576
0.05060469188890338
0.0506188436295782
0.05063305646058655
0.05064837962426855
0.05066636229523053
0.05068958660102629
0.05072041384968143
0.05076555762494653
0.05083818797486494
0.05086138480740414
0.0508863385160939
0.05090582221177523
0.05092417130795326
0.05094563277108862
0.0509689872000505
0.05098803952954726
0.05100796026949939
0.05102985269655182
0.05105460531879193
0.0510757202101231
0.05109678922625249
0.05111616700858736
0.051136293932624
0.05115650101162098
0.05117803195239046
0.05120613395382491
0.05124210056595599
0.05128678840070103
0.05134362348578712
0.05141611779991805
0.05149125752451461
0.05155554088399134
0.05161922457052446
0.05168762567209703
0.05176624095044856
0.05183654130367278
0.05190976153546414
0.05197020932621043
0.0520241960620922
0.05207961514954529
0.05214570519764099
0.05220343336413968
0.05228076675327159
0.05235341440190804
0.05242880794438345
0.05251415583571088
0.05261482948390571
0.05274467458359364
0.05289092667436918
0.0530335857487361
0.05318336606117093
0.05334893931801486
0.05354309810542203
0.05377625304224584
0.05407905476415499
0.05449972263611891
0.05513392443793845
0.0558629229239531
0.05669676114006793
0.05766509006890004
0.0587163047162114
0.05985968465772054
0.0599
0.05992071617252981
0.05994106001079957
0.05997095057013193
0.05999966446775182
0.06
0.06000067106449634
0.06000201319348904
0.06000469745147442
0.06001006596744519
0.06002080299938674
0.06003855578655459
0.06005939331228848
0.06008393541760991
0.06011416160897982
0.06015339979249217
0.06019520424696349
0.06024362550007647
0.06030733237109351
0.06038690377654187
0.06046122087791141
0.06053353836644751
0.06061229066182969
0.06071913024180248
0.06081382329518836
0.06088943713767843
0.06096412469515426
0.06104340075208654
0.06112344810790733
0.0611926991277423
0.06125004910581552
0.06130470398103287
0.0613733952450774
0.06145157082706831
0.06151042182623736
0.06156934410017452
0.06163414653160549
0.06171106255210125
0.06180495261877068
0.06188635080943985
0.06195899039038237
0.06203123381871642
0.06211982925641438
0.06217649186923426
0.06223386145059642
0.0622858221772788
0.06233518271095662
0.06238829852440941
0.06245309634380775
0.06252045502134326
0.06259414690175284
0.06266104219004708
0.06272901636894627
0.06280357845431592
0.06289229330929727
0.06300060900589757
0.06314497943932869
0.06335011590968469
0.06366909986285932
0.06427003717483956
0.06498656298276762
0.06578628672307987
0.0667001914770237
0.06775637450687316
0.06901602011207737
0.0699
0.06990665354222605
0.06991996062667816
0.06993353676630198
0.0699483355912345
0.06996175173790914
0.06997572711772859
0.0699878635588643
0.07
0.07000665354222606
0.07001435473319348
0.07002520356450911
0.07003850269054224
0.07005257672552362
0.07006751272399615
0.07008276696476642
0.07010048886400612
0.07012385046499517
0.07015416683089129
0.07018963460772774
0.07023084697454848
0.07027871557592875
0.07033441809737416
0.0703995139578321
0.07047574283001694
0.07056508217093835
0.07066982777138499
0.07079232337845595
0.07093509314398096
0.07110152166411252
0.07129547939215322
0.07152133546717045
0.07178400113740933
0.07208878455947883
0.07244163505028497
0.07284928499883038
0.07331952623533
0.07386177406511256
0.07448806383125202
0.07501325880842707
0.07549397039009915
0.0759894077444691
0.07653127013527486
0.07718302471553454
0.0779781707833426
0.07902411079674829
0.07990000000000001
0.07990389047261057
0.07991167141783168
0.07992723330827389
0.07993971557623485
0.07995593877465632
0.0799694250758788
0.0799795306512306
0.07998786857750236
0.07999393428875118
0.08
0.08000257067810718
0.08000662825223266
0.08001092293163582
0.08001650159396798
0.08002224235432276
0.08002680843411435
0.08003073503849902
0.08003455430426532
0.08003911161209018
0.08004568473968433
0.08005032491906487
0.08005477591326007
0.08005963754666555
0.08006547948177438
0.08007296862599676
0.08007960348053103
0.08008509273637832
0.08009009759869253
0.0800947940967287
0.08009940224012091
0.08010424524552807
0.08010999299902384
0.08011558697440076
0.08012188346751678
0.08012746955098692
0.0801330340550513
0.08013909075532294
0.08014605217834861
0.08015465665965921
0.08016601080308214
0.08018111290885727
0.08020394712410564
0.0802268456875015
0.08024894758397767
0.0802720257894043
0.08029965627676793
0.08032196264085899
0.08034683128404001
0.08036837599575869
0.08038751582337049
0.08040495803562951
0.0804205998592587
0.08043502034973785
0.08044913374397011
0.08046438605683608
0.08048560447260673
0.08050637134186998
0.08052223810272392
0.08053769086705406
0.08055404729411539
0.0805726753577995
0.08059595175015008
0.0806203619935321
0.08064387595009813
0.08066806705725904
0.08069606919689715
0.08071263260024601
0.08072978423888788
0.08074470708429532
0.08075830446964893
0.0807726936852682
0.08079047335678698
0.080805139800825
0.08081812375924381
0.08083025901728311
0.08084522071282566
0.08086032563910854
0.0808816028371887
0.0809027384092065
0.08092116475878552
0.08094041335332329
0.08095981996904733
0.08099863320049541
0.08103219100758498
0.08107205522652917
0.08111405703159093
0.08115710744033265
0.08120394601436783
0.08125643170412916
0.08131845796489451
0.08139287382512084
0.08148139313800652
0.08159165434635408
0.08171572596302376
0.08188936592459989
0.08216107175592074
0.08252217783946739
0.0829323676584546
0.08339979620136852
0.08393645489722043
0.08455846663676722
0.08528854985663967
0.08615809421989794
0.08718759431145703
0.08839122797768016
0.08978681552410328
0.08990000000000001
0.08990707174096971
0.0899212152229091
0.0899438309189552
0.08996050427797463
0.08997821359253912
0.08998910679626956
0.09
0.0900070717409697
0.09001602339857347
0.09002803293894247
0.09004527578471166
0.09006367138893359
0.09008281147754753
0.09010602766968569
0.09013896729123795
0.0901621822945529
0.09020403284882966
0.09025522446148362
0.0903066290707051
0.09035639535661423
0.09041139064611516
0.09047902638297517
0.09057619498372509
0.09074166131939411
0.09096386015840797
0.09129900427665917
0.09193048954525677
0.09319346008245198
0.0956211616443428
0.09846673582965045
0.0999
0.09990453369513239
0.09991360108539715
0.09993173586592669
0.0999456172653878
0.09996156930530446
0.09998045876125912
0.1
0.1000045336951324
0.1000124967097217
0.1000247028288293
0.100039390731852
0.1000528903744816
0.10006772443999
0.1000869843786856
0.100107280586136
0.1001310883928536
0.1001587041588176
0.1001957753645337
0.1002465509763232
0.1002843138946678
0.1003389596724523
0.1003831730833202
0.1004426584538065
0.1005307921751501
0.1005955740161961
0.1006930109967217
0.1008044734980508
0.1009320182545296
0.1010825235214626
0.1012585025160112
0.1014548609856964
0.1016742094696832
0.1019349800615556
0.1022489633973524
0.1026520689880024
0.1032225292316686
0.1041877775412009
0.1061182741602654
0.1091332268144523
0.1099
0.109906808030273
0.1099204240908189
0.109935147183793
0.1099503279623856
0.1099653534459044
0.1099825436853501
0.11
0.110006808030273
0.1100163074054047
0.1100315376429639
0.1100479768924372
0.1100648628166512
0.1100824408509512
0.1101023264289747
0.1101256075718249
0.1101545467460048
0.1101937215734918
0.1102720712284659
0.110379691325448
0.1104843728695191
0.1106039755060857
0.1107415463496087
0.1109087851612915
0.1110925934046493
0.1112930952630466
0.1115289749607649
0.1118009170130619
0.1121484847422805
0.1126616698210758
0.1136880399786662
0.1153448025376027
0.1178973518900212
0.1199
0.1199176170919329
0.1199528512757987
0.12
0.1200176170919329
0.1200343652015652
0.1200587991576356
0.1200906068762875
0.1201198789438272
0.1201550477159991
0.1201932522899331
0.120237051871545
0.1202957366822679
0.1203799185408922
0.1204619148678893
0.1205585881180527
0.1206917876319307
0.1208421453110388
0.1210139166537876
0.1212117556012892
0.1214399721832875
0.1217052810725011
0.122014804961694
0.122376574327474
0.1227926062739695
0.1232716010846108
0.1238196923496091
0.1242349536528055
0.1247798077949502
0.1255861217071599
0.1265570401006321
0.127708978349371
0.1290806823273583
0.1299
0.1299032279879099
0.1299096839637298
0.1299225959153694
0.1299331070415714
0.1299427014735713
0.1299534755183824
0.1299668075368607
0.1299783528528252
0.1299904105113437
0.1299952052556718
0.13
0.1300032279879099
0.1300064058712605
0.1300127616379617
0.1300222732157357
0.1300320679630361
0.1300443364914282
0.1300570095574199
0.1300723363399997
0.1300941149165616
0.1301177496449738
0.1301409623831985
0.1301662310757845
0.1301861087780515
0.1302086391996547
0.1302261178680187
0.1302411246525201
0.130255912373173
0.1302718558850463
0.130293277213667
0.1303193263274565
0.1303389252926206
0.1303578796228248
0.1303782752926011
0.1304016627536693
0.1304263336094979
0.1304446398713223
0.130460033650391
0.1304749747702314
0.1304913473476252
0.1305077570552342
0.1305219803267018
0.1305348543893042
0.1305505636127579
0.1305653168969274
0.1305875462107441
0.1306139335170703
0.1306335410578287
0.1306520356818348
0.1306816971230801
0.1307084749842709
0.130740264427072
0.130780870769819
0.1308228254750116
0.1308681072399645
0.1309182166277282
0.1309764034791495
0.1310391999514043
0.1310844455310362
0.1311207515260031
0.131155035889776
0.1311919833979608
0.1312329252466876
0.1312741956527065
0.1313114892502002
0.1313444026751954
0.1313753387261122
0.131407146705912
0.1314455743959298
0.1314971386071934
0.1315359757199423
0.1315712738064039
0.1316084176860393
0.1316500711117717
0.1316979974135551
0.1317472030533504
0.1318064537805925
0.1318559284121374
0.1318931160409743
0.1319268785818516
0.1319606184322361
0.1319989003829863
0.1320458530757955
0.1321005690121373
0.1321455881685648
0.1321901711119772
0.1322383125254197
0.1322917104931716
0.1323536248676387
0.1324214031588827
0.1325000848003467
0.1325917975975718
0.1327004430930958
0.1328169170403075
0.1329449640667549
0.133093983154055
0.1332513588633234
0.1333689532764957
0.1334867922601411
0.1336026259722629
0.1337479530232444
0.1338987540580175
0.1341259279307749
0.1342399531518769
0.1343501163121254
0.1344827445810795
0.1346458987904533
0.1349254712820634
0.1351666232839301
0.1353743178927331
0.1355925195896511
0.1358201379282695
0.1360951454775672
0.1366298310584614
0.1371555131448214
0.1377254911698922
0.1383959730330375
0.1391485479117538
0.1399
0.1399035074452573
0.139910522335772
0.1399245521168014
0.1399354194247918
0.1399467830137798
0.1399586414663438
0.139971384612929
0.1399848897151286
0.1399924448575643
0.14
0.1400035074452574
0.1400076734322312
0.140013099806431
0.1400177370688968
0.1400232848338745
0.1400314711227599
0.1400384182704892
0.1400438232326305
0.1400491037854381
0.1400546043887831
0.1400606306183154
0.1400668807532705
0.1400720629834329
0.1400759965639977
0.1400795152608995
0.1400836341988989
0.1400874370832167
0.140091196033628
0.1400949071100376
0.1400988944140118
0.1401036554007196
0.1401094359903014
0.140117240685468
0.140128699448332
0.1401379072901223
0.1401448436927324
0.1401507620176349
0.14015624616699
0.1401621599246654
0.1401681513253293
0.1401747194580581
0.1401799968655635
0.1401847070180765
0.1401891331121125
0.1401933409955234
0.1401975490284825
0.1402021120786772
0.1402081546428245
0.1402151997695374
0.1402202745435284
0.1402251161974482
0.1402302612203166
0.1402361118209554
0.1402435176633163
0.140253157664721
0.1402668292780747
0.1402879079175517
0.1403102665449114
0.1403447906957384
0.1403860436748365
0.1404212456112605
0.1404576666619446
0.1404973083463412
0.1405418448797754
0.140594013144624
0.1406486041761362
0.1406899074163404
0.1407187729848998
0.1407478902960811
0.1407689509729264
0.1407891677880919
0.14080380220065
0.1408177050182342
0.1408282266097531
0.1408381702662132
0.1408460243980667
0.1408534344210816
0.1408594561074268
0.1408651517227403
0.14086985332208
0.1408743417746045
0.1408780145148521
0.1408816166942105
0.1408848922957183
0.1408879631814557
0.140891582882307
0.1408950020012205
0.1408981682516447
0.1409011509109659
0.1409039471915707
0.1409065908422507
0.1409091285158156
0.1409116107813261
0.1409141034647632
0.1409167063384114
0.1409196098104113
0.1409233832232367
0.1409287004824459
0.1409325115349473
0.1409359710362144
0.1409396618538971
0.1409436930413484
0.1409482848190168
0.1409536200920057
0.1409586563867672
0.1409627369630173
0.1409663569893473
0.1409698366358118
0.1409734598411813
0.1409777257838284
0.1409824054153091
0.1409870719936893
0.1409914763871731
0.1409960458391851
0.1410011004450465
0.1410070956339245
0.1410131180527463
0.1410189670253466
0.1410251603404482
0.1410320756811765
0.1410404891764061
0.1410508518209363
0.141064829862681
0.1410786366020455
0.1410934088321603
0.1411069537565162
0.1411204735226032
0.141122897900901
0.1411276384165617
0.1411316899292538
0.1411336280330165
0.1411372072523112
0.1411408373676532
0.1411455941548961
0.1411524154255235
0.1411655020037507
0.1411846437182822
0.1412073543320539
0.141233657177424
0.1412661167930216
0.1413108983443304
0.1413693321291579
0.1414498087577902
0.1415617701783614
0.1417668781319038
0.1420335234144737
0.1422592694289768
0.1424215185086601
0.1426105684146388
0.1427632868800613
0.1429368636310787
0.1431903664657086
0.1436777049681615
0.1442856413145334
0.144984962030715
0.1458048137778609
0.1467598569880909
0.1478764281717356
0.1491806827463421
0.1499
0.1499029732654947
0.149908919796484
0.1499208128584627
0.1499324137523526
0.1499443284430333
0.1499597020282964
0.1499769589042859
0.1499884794521429
0.15
0.1500029732654946
0.150007804536612
0.1500166246756267
0.150030263129644
0.1500419540304037
0.1500548428349024
0.1500701631537072
0.150089017674908
0.1501115024859468
0.1501355315571559
0.1501626111637112
0.150195063842062
0.1502272208381362
0.1502522581220053
0.1502925984693306
0.1503399430384547
0.1503941805329934
0.150453482579695
0.150519436575923
0.1505956051213505
0.1506863255831029
0.1507969509354634
0.1509350674936375
0.1510370459592037
0.1511412327372579
0.1512390529015762
0.1513465956410595
0.151444535602977
0.1515537448262007
0.1516833441227716
0.1518780368000687
0.1520238554031544
0.1521635894151062
0.1523491658609977
0.1526990085121292
0.1533986938143923
0.1542614132961995
0.1553002118036867
0.1565230436630596
0.1579776414773397
0.1598001894144569
0.1599
0.1599143517225178
0.1599430551675532
0.1599715275837766
0.1599857637918883
0.16
0.1600143517225177
0.1600286436474209
0.1600453411569562
0.1600725421238554
0.1601019112535984
0.1601336023049506
0.1601684227902809
0.1602094620177888
0.1602561737190678
0.160310624655354
0.1603661787660318
0.1604309038094518
0.1605023350692229
0.1605854733042218
0.1606912098040316
0.1608248282881071
0.1610030476543099
0.1612810595486756
0.1618370833374069
0.162795020958698
0.1644690969778193
0.1678172490160619
0.1699
0.1699046832364269
0.1699140497092808
0.1699327826549886
0.1699460073718633
0.1699603788737911
0.1699763438456907
0.1699881719228454
0.17
0.170004683236427
0.1700108908289653
0.1700233060140419
0.1700369682675395
0.1700524332208743
0.1700693653400368
0.1700917366926988
0.1701179797025927
0.1701487395455473
0.1701837984995875
0.1702194346065627
0.1702608189668682
0.1703060455032634
0.1703585638544465
0.1704237902406454
0.1704953820090012
0.1705842528163292
0.1707114052819287
0.1709376308403658
0.1713036293867234
0.1717842536334686
0.172409856769059
0.1732163516676619
0.1742571442160721
0.17559965098915
0.1773131469755756
0.1794556604749189
0.1799
0.1799032918553376
0.1799098755660128
0.1799230429873632
0.1799368248160197
0.1799517028150466
0.1799705792469664
0.1799852896234832
0.1799926448117416
0.1799963224058708
0.18
0.1800032918553376
0.1800058610111885
0.1800109993228902
0.1800212759462937
0.1800339215652166
0.1800481788249035
0.1800651742899244
0.1800848108944105
0.1801081009698516
0.180138270617415
0.1801708462377365
0.1802056789725626
0.180247288833554
0.1802987228748651
0.1803606395555322
0.1804324606818609
0.1805153386859598
0.1806102988484063
0.1807079647334733
0.1807926466752269
0.1809136062237012
0.1810096111555698
0.1811073647807856
0.1812334280325273
0.1813766405781199
0.1815240522999186
0.1816799952413135
0.1818121621278511
0.1819412040845504
0.1820789819065436
0.1822283067998806
0.1823622129613878
0.1824764337780746
0.1825881019739087
0.1827377083847435
0.1828822379388816
0.1829986869540688
0.1831194455900151
0.1832545587283865
0.1833886164815559
0.1835151808566607
0.1836517770200855
0.1837378556372368
0.1838536897441108
0.1839509762497357
0.1840384789860602
0.1841301300881545
0.1842366872116293
0.1844211940265048
0.1845608563484781
0.1846807911815665
0.1848076495579719
0.1849474308685051
0.1851194432401625
0.1853508739233032
0.1856644003714319
0.1861651611655529
0.1871155099330964
0.1883125707697685
0.1896720410164461
0.1899
0.1899044930483481
0.1899134791450441
0.1899314513384363
0.1899454732245968
0.1899576712107814
0.1899703640331486
0.1899844028992102
0.19
0.190004493048348
0.1900120039102981
0.190022672695332
0.1900344203041524
0.1900469328828586
0.1900609430663742
0.1900745661678843
0.1900893994682285
0.1901080789138558
0.1901352662061484
0.1901666686501562
0.190201353203947
0.1902398195047769
0.1902864486622818
0.190344382601239
0.1904245936878518
0.1905464204966887
0.1906857907211254
0.1908443565958124
0.1910266626341942
0.1912366384728826
0.1914783190210259
0.1917560794179017
0.191965755136043
0.1921892865914937
0.192366782678314
0.192516413653239
0.1926586831379548
0.1928058381087633
0.1929874036280048
0.1932293614016429
0.1934111729053329
0.1935790515114599
0.1937570169390776
0.1939572282421718
0.1941334410862545
0.194308865806598
0.1945135237799908
0.1947784564549289
0.1950511757924402
0.1952999819242696
0.1955690404818684
0.1958768303549797
0.1962627816247756
0.1966419333256913
0.1970245138465972
0.1975127251402582
0.1981401682182153
0.1990940201112918
0.1999
0.1999041542098747
0.1999124626296241
0.199929079469123
0.1999426396241347
0.199956921160253
0.1999723768454648
0.199988918525715
0.1999944592628575
0.2
0.2000041542098747
0.2000083489057217
0.2000163147172269
0.2000294448171464
0.200043128425595
0.2000576150608976
0.20007411439391
0.2000919004118131
0.2001101547983632
0.2001315948463155
0.2001522803022807
0.2001732146249466
0.200198002896127
0.2002194772491329
0.2002421577418495
0.2002628638208956
0.2002828292106501
0.2003021853015514
0.2003189505906894
0.2003329737670737
0.2003464413811633
0.2003635282665651
0.2003831341027307
0.2003979702002249
0.2004128741470168
0.2004293183772895
0.2004492524395488
0.200476519198347
0.2005136500562289
0.200545515997451
0.2005701057921075
0.2005909258182746
0.2006100174277452
0.2006299766532942
0.2006597979884353
0.2006813385091384
0.2006972678719849
0.2007117741353891
0.2007254842505658
0.2007396289816575
0.2007559213649165
0.2007808161011389
0.2008026785032327
0.2008201839923654
0.200837657763205
0.2008561885129313
0.200878062454794
0.2009045451302924
0.2009393624507737
0.2009875871691666
0.2010593905258485
0.2011789059850461
0.2014179369034415
0.2017580950532003
0.2021322371408012
0.202552584158929
0.2030318340094303
0.2035848075775658
0.2042322858455234
0.204995336581701
0.205897302964766
0.2069660797976004
0.2082365449311722
0.2097485219553533
0.2099
0.209938311537545
0.21
0.210038311537545
0.2100642802045458
0.2101017491318012
0.2101563614030335
0.2102079555760024
0.2102646911521448
0.210338021525137
0.2104162853115308
0.2105052903720639
0.2106198314988089
0.2107846466920927
0.2110338082590635
0.2114752127462894
0.2122223172249857
0.2136015481956652
0.2163600101370241
0.2199
0.219903738070328
0.2199112142109841
0.2199261664922962
0.2199381966391392
0.2199516830841972
0.2199648731602402
0.2199772816274062
0.2199898794671593
0.22
0.220003738070328
0.2200089273697847
0.220016862364046
0.220028020026727
0.2200366484469622
0.2200453369972808
0.2200560897590711
0.2200718209054904
0.2200838180858263
0.2200955469240306
0.2201086832562023
0.2201247813886706
0.2201465312649899
0.2201791459741209
0.2202203858104644
0.2202680484229629
0.2203234507579912
0.2203867519680042
0.2204587736349163
0.2205409956360212
0.220633871823368
0.2207407663780262
0.2208625598914555
0.2210105260770913
0.2211933938997006
0.2214387542977243
0.2218166061582632
0.2225723098793411
0.2238838391967952
0.2260098698875226
0.2299
0.2299065605376845
0.2299196816130536
0.2299350710081723
0.2299504421267424
0.2299662328440632
0.229985382609858
0.23
0.2300065605376845
0.2300161265746118
0.2300308439680935
0.2300472452277467
0.2300648712202807
0.2300832559860548
0.2301002386288388
0.2301169582174713
0.2301357329493446
0.230163180097665
0.2301924714961585
0.2302168507393366
0.2302422036305222
0.2302715243238251
0.2303069665015556
0.2303467956655505
0.2303817363619702
0.2304123782474022
0.2304401884415281
0.2304663119149842
0.2304928918468592
0.2305209305940572
0.2305374680111682
0.2305544830896238
0.2305691363439005
0.2305825713820025
0.2305971640909597
0.2306150614384158
0.2306321903834521
0.2306491354728828
0.2306661034947153
0.230682362679116
0.2306968574974251
0.2307105283684998
0.2307246066326943
0.2307415891243995
0.2307637590687598
0.2307805944228756
0.2307958588146403
0.2308118254656636
0.2308296027655437
0.2308511265253009
0.2308739633431534
0.2308960306898954
0.2309192119763116
0.2309453553795988
0.2309673659256742
0.2309845503527723
0.2309990669257405
0.2310122959778482
0.2310256400064633
0.2310423871595409
0.2310524221309837
0.2310629276005295
0.2310720860945991
0.2310802706054204
0.2310885854649999
0.2310979335771301
0.2311102742445879
0.231122910009254
0.2311332341951636
0.2311435347540813
0.2311546930643125
0.2311676639629876
0.2311842704405695
0.2312000749050091
0.2312160138735013
0.2312332056596366
0.2312517655190806
0.2312708977569106
0.2312925478934235
0.2313181063232622
0.2313486644587011
0.2313776758639387
0.2314060964635003
0.2314364902518549
0.2314715444666099
0.2315144765707018
0.2315714069920283
0.2316296777036265
0.231689032344038
0.2317485196966195
0.2317781264235199
0.2318005835659341
0.2318182075388252
0.231836370601096
0.2318527242907345
0.2318764693494297
0.2318935015166658
0.2319121313139684
0.2319384928665863
0.2319708164031677
0.232012876048423
0.2320671351591868
0.2321340837212324
0.2322042560370325
0.2322871385848691
0.2323452436179969
0.2324075123481932
0.2324625089836148
0.2325353930127301
0.2326151913302081
0.2327221762655732
0.2328064967501345
0.2328902594609762
0.2329823571442827
0.2330902129754674
0.2332280638750385
0.2334137810027112
0.2336770304421369
0.2340783342710521
0.2346833139134708
0.235238136546101
0.2359057065003467
0.2365205268650767
0.2370702409894896
0.2377015822249808
0.238458189740694
0.2395639343726173
0.2399
0.2399036886039443
0.239911065811833
0.2399258202276104
0.2399376448145153
0.2399540323620145
0.2399733850173973
0.2399866925086987
0.2399933462543493
0.24
0.2400036886039443
0.2400087655883913
0.2400147313110788
0.2400212319537701
0.2400279561739793
0.2400349888614678
0.2400435836375557
0.2400513191683409
0.240058952431017
0.2400660774001746
0.2400733816994548
0.240081472762721
0.2400911872808129
0.24010313699943
0.240119080534146
0.2401274289581567
0.2401366822056771
0.2401438930640039
0.2401499329672482
0.2401572822552887
0.2401662987698505
0.2401727732968239
0.2401792604726096
0.2401864501897536
0.2401952957062016
0.2402078472918588
0.2402224368320445
0.2402341235282605
0.2402438802173474
0.2402528352967868
0.2402619326367369
0.2402730623261551
0.2402834014995065
0.240291810639063
0.2402991911080678
0.2403059963709868
0.2403125369033719
0.240319241012133
0.2403268523382651
0.2403371098302664
0.2403466781505768
0.2403545429087931
0.2403624189810389
0.2403709219229573
0.2403808466400191
0.2403935211355346
0.2404087071752487
0.2404239193797168
0.2404383010451844
0.2404526563314141
0.2404690099147737
0.2404785242365635
0.2404902530358257
0.2404999071995529
0.2405081357957529
0.2405163420837979
0.2405253992521823
0.2405391820546187
0.2405514126955297
0.2405614721255735
0.2405718127754256
0.2405832075083699
0.2405969146239057
0.2406152663694877
0.2406388376556636
0.2406699793514468
0.2406980511788557
0.240725960426698
0.2407521668640584
0.2407788396511378
0.2408080643701526
0.2408411891418359
0.2408811585505661
0.2409297317401438
0.2409797913817633
0.2410363143744625
0.2411074066033376
0.241133888653844
0.2411745110605906
0.2412033046973614
0.2412303806258821
0.2412542547245021
0.2412782538092658
0.2413025482863951
0.2413308724886072
0.2413622341090229
0.2414053755923352
0.2414438946354933
0.2414723522643346
0.2415032949571365
0.2415337183083678
0.2415651931196408
0.2416067021181106
0.2416840931286137
0.2417730691421328
0.2418731180313118
0.2419869432732256
0.242059965496185
0.2421315668933018
0.2422091551455833
0.2422975658340926
0.2423718004097748
0.2424569561537972
0.2425984793168083
0.2427399051324432
0.2429045502643366
0.2431316809342542
0.2434323673979039
0.243801232746404
0.244190685592763
0.2446761613411946
0.2450641928693201
0.2454579537993218
0.2461657181329973
0.2470119186333304
0.2480208174734165
0.2491250032171913
0.2499
0.2499091955339662
0.2499275866018987
0.2499488188127292
0.2499695009023175
0.2499847504511587
0.25
0.2500091955339662
0.2500187898985921
0.2500340361125917
0.2500554044410025
0.2500746625127062
0.2500961770286304
0.2501222523394657
0.2501518478494295
0.2501849551524618
0.2502238995245556
0.2502753116419706
0.2503486386361312
0.2504339219719132
0.2505363880454327
0.2506716489415389
0.2508455464187402
0.2511050516940869
0.2514639468129318
0.251801447086154
0.25215759152367
0.2525933907889949
0.2532065193288671
0.2544196614860015
0.2561662487752043
0.2583522316884631
0.2599
0.2599058528428485
0.2599175585285454
0.2599320851126056
0.259946636492676
0.2599608840430808
0.2599772695308348
0.2599886347654174
0.26
0.2600058528428485
0.2600134774409238
0.2600256840670912
0.2600413192099836
0.2600566744189087
0.2600734296687927
0.2600921221827587
0.2601142639989786
0.260140134117461
0.2601702749024438
0.2602106032657712
0.2602630382250289
0.2603226085221699
0.2603906020785732
0.260468735759916
0.2605583723291972
0.2606630906757479
0.2607842993764432
0.2609224769807802
0.2610780690756471
0.2612520251753853
0.2614487010694031
0.2616714551735831
0.2619405502134589
0.2622766055021191
0.2627341324445641
0.2634538717962973
0.2648559069054473
0.2672079604684919
0.2699
0.2699045335738848
0.2699136007216545
0.269931735017194
0.269944923252203
0.2699566253603372
0.269969718828094
0.2699856449115551
0.2699928224557776
0.27
0.2700045335738849
0.2700094413895698
0.2700179567591934
0.2700295808380139
0.2700416062355035
0.2700555378982378
0.2700698037519249
0.2700864957497042
0.2701091703722749
0.2701391688288767
0.2701728950009379
0.2702113599906585
0.2702586824395379
0.2703079993055848
0.2703600595732847
0.2704239255447897
0.2704938044262671
0.2705745429516075
0.2706540190891632
0.2707436898766349
0.2708483234660118
0.2709617868363463
0.2710920816208218
0.271255203030464
0.2714790745654636
0.2718346509480842
0.2723200372601129
0.2732908098841704
0.2751042967178778
0.2784995840643177
0.2799
0.2799072036514941
0.2799216109544824
0.279950425560459
0.2799735612952018
0.28
0.2800072036514942
0.2800184177702583
0.2800335209417362
0.28005104251556
0.2800714761377419
0.2800964397475348
0.2801183493952331
0.2801400899118299
0.2801658435771152
0.2801939452724387
0.2802272971852392
0.2802594052265291
0.2802956757089722
0.2803381763717782
0.2803829185685884
0.2804329233668109
0.2804941608157954
0.2805681273952587
0.2806516707948151
0.2807561764751617
0.2809017086672167
0.2811513463211758
0.2815762130671755
0.2821529057128829
0.2829638282168314
0.2842315015606247
0.2867024335557761
0.2899
0.289903470486148
0.289910411458444
0.2899242934030361
0.289935959939866
0.2899461811027858
0.2899570632098015
0.2899694954893291
0.2899824141358301
0.289991207067915
0.29
0.290003470486148
0.2900081210952432
0.2900174223134336
0.2900286333601197
0.2900394543254461
0.2900520587036504
0.2900651084827719
0.290080567149265
0.290101442817089
0.2901267553249998
0.2901538342570152
0.2901840436425344
0.2902185846715308
0.2902600036826949
0.2903179521878574
0.2904037294616915
0.2905752840093598
0.2908809089110672
0.2913394629176901
0.292256570930936
0.2940907869574277
0.2977197949568088
0.2999
0.2999028209838621
0.2999084629515864
0.2999197468870348
0.2999295863813508
0.2999396817768331
0.2999511743394034
0.299963261475623
0.2999769081199518
0.2999884540599759
0.3
0.3000028209838621
0.3000082757701185
0.3000150342808713
0.3000252862720771
0.3000361751706884
0.300048316294477
0.300061070752863
0.300074453091406
0.3000902171530407
0.3001110165437545
0.3001357819813239
0.300164682305309
0.3001988396648778
0.300238661583959
0.3002851968863179
0.3003396847024781
0.3004035211616374
0.3004783540683857
0.3005659144350185
0.3006682004105743
0.3007814161852274
0.3009006911484796
0.3010223608253275
0.3011441135275979
0.3012751057786798
0.3014418325543539
0.3016085002254815
0.3017380834236423
0.3018636283334435
0.3019963610976088
0.302102625722701
0.302200517901581
0.3023046306124244
0.3023923873357168
0.3024730382109956
0.3025560959487673
0.3026556827635508
0.3027653803841113
0.3028688905713678
0.3029648957714398
0.3030655893969249
0.3031799891530101
0.303304033719287
0.3033982885785887
0.3034805426805309
0.3035635576289913
0.3036582733823582
0.3037542627598043
0.3038411757236334
0.3039270054554335
0.3040197128335059
0.3041372352301073
0.3042718252524512
0.3043958915255772
0.304512683799852
0.3046358113612672
0.3047745486763528
0.3049467398429326
0.3051652738990855
0.3054675323793062
0.305840696675576
0.3062861265751595
0.3068649725176788
0.3076729265486278
0.3089027809466221
0.3099
0.3099028806626704
0.309908641988011
0.3099201646386924
0.309930014315393
0.3099391875233168
0.3099487872824135
0.3099577330775196
0.3099652273146168
0.3099719298154919
0.3099783964652298
0.3099852244407525
0.3099913339276024
0.3099956669638012
0.31
0.3100018453757865
0.3100049398815613
0.310008266917469
0.31001182292617
0.3100157540395911
0.3100191423482985
0.3100223810449907
0.3100257904153212
0.3100298310652445
0.3100345156147688
0.3100394926305465
0.3100439029952034
0.3100484053557302
0.3100533653906317
0.3100593310529478
0.3100667528815363
0.3100768742190559
0.3100916941036641
0.3101106152203436
0.3101306732513335
0.3101520931972571
0.3101764728613157
0.3102054337218185
0.3102270955234483
0.3102460183995415
0.3102654988780318
0.3102828243329296
0.3102995599653628
0.3103198453021997
0.3103353910841657
0.3103502538490931
0.3103637340794321
0.3103763511163928
0.3103895856921308
0.310407690061095
0.3104171769371021
0.3104267217255658
0.3104352955430557
0.3104430727849113
0.3104512056769422
0.3104608289466402
0.3104729077816624
0.3104839276630626
0.3104936708288296
0.3105036788308589
0.3105146378885192
0.3105272754666392
0.3105408132637744
0.310555838685283
0.3105712661999895
0.3105878765377288
0.3106066052865777
0.3106231744772971
0.3106389887005936
0.3106552397991583
0.3106720453986238
0.3106887229747396
0.3107042308209865
0.3107184926801667
0.3107323243006253
0.3107473077034384
0.3107698320711198
0.3107880920637172
0.3108027301512233
0.3108174735295076
0.3108293906460886
0.3108393605066628
0.3108495902303779
0.3108594457804235
0.3108706401253733
0.310884797252519
0.3109037779673597
0.3109279098915718
0.3109586442708063
0.3109822946062003
0.3110011941533152
0.3110186248263179
0.3110356178764015
0.3110538626409058
0.3110765039629434
0.3111031463604652
0.3111276558074723
0.3111498545964015
0.3111726722050073
0.3111976882842219
0.3112277238589545
0.3112625987782617
0.3113065516626087
0.3113625248764548
0.3114041713626471
0.3114485696588147
0.3114927204986563
0.3115393319108324
0.3115933631619431
0.3116594941974118
0.3117447342002038
0.3118592881259036
0.3120204736023693
0.3122635608577483
0.3125819236140877
0.312945426356422
0.3133629594707714
0.3138462457086239
0.3144029425263526
0.3149862144308241
0.315762972364757
0.3163343356362981
0.3169318698360243
0.3176273459336377
0.3186577323808718
0.3199
0.3199054874164452
0.3199164622493357
0.3199286977732644
0.3199416695825921
0.319953900948985
0.3199652634256108
0.3199760083874018
0.3199856371101575
0.31999399235175
0.32
0.3200025137602606
0.3200068393883552
0.3200124311105809
0.3200176107437085
0.3200240624544483
0.3200309818115009
0.3200375236560848
0.320044247796706
0.3200512825123509
0.3200580929901782
0.3200650042704249
0.3200723985030773
0.3200807933220536
0.3200904103755971
0.3201002174670477
0.320110525269018
0.3201217255367538
0.320132560442025
0.3201444774573506
0.3201568535979492
0.3201702974054751
0.3201843589366289
0.3201966363406027
0.3202071878148379
0.3202150406037662
0.3202218140218745
0.3202284217979083
0.3202352064591555
0.3202413882969469
0.3202473305094089
0.3202527062259879
0.3202581218756387
0.3202628844315258
0.3202704855270724
0.3202775069944523
0.3202846974413337
0.3202924865030414
0.3202997142422823
0.3203056882767458
0.3203108910783334
0.3203157323946313
0.3203206429533855
0.3203264392437586
0.3203319233294692
0.3203378464114929
0.3203430203520332
0.320347901588062
0.3203527566293708
0.3203576249642631
0.3203625975657967
0.3203678340719313
0.3203737641125952
0.3203822974832047
0.3203905564607834
0.3203969478940082
0.3204032139547416
0.3204098715373997
0.3204175036704747
0.3204271189390863
0.3204395028542055
0.3204568519238549
0.3204753930488506
0.3204934961447323
0.3205145524919409
0.320540717647065
0.3205661698732668
0.3205885411812856
0.3206102090126093
0.3206360009040355
0.3206654409548358
0.3206896245421401
0.3207136825759616
0.3207406968324705
0.3207743035278866
0.3208219474660394
0.3208771781494711
0.3209449487488726
0.3210135609072854
0.3210747525834066
0.3211364506127711
0.3212029058965278
0.321222357464605
0.3212612606007594
0.3212784164228935
0.3212949340316089
0.3213159751908194
0.3213352317418284
0.3213532797935766
0.3213758620918895
0.3214054862992988
0.3214429866164601
0.3214911644415426
0.3215530659800921
0.321632842881029
0.3217377921896821
0.3218783132096678
0.322006809201005
0.3221158695089155
0.3222434699688285
0.3224179632197369
0.3225781146058924
0.3227452151443201
0.3229943893760008
0.3232751584348571
0.3238366965525697
0.3245509707223193
0.3253580959802063
0.3262883381061885
0.3273688598362517
0.3286538688926851
0.3299
0.3299079621994954
0.3299238865984861
0.329932921185723
0.3299426322788042
0.3299533203800397
0.3299663605853252
0.3299769683376887
0.3299870263185095
0.3299935131592547
0.33
0.330007880506569
0.3300148120378835
0.3300243788944696
0.3300362904276566
0.3300487881207554
0.330065082133048
0.3300834966899995
0.3300988552729855
0.3301167769408608
0.3301339336468324
0.3301547184769165
0.3301801586089864
0.3302034473968333
0.330234142027414
0.3302710127463019
0.3303128983614296
0.3303610666129595
0.3304177109972435
0.3304865716588686
0.330573620803671
0.3306361809222396
0.3306995178801364
0.3307589639834478
0.3308311669372609
0.3308911145477901
0.3309564907371078
0.3310840632611339
0.3312650812818969
0.3315367105400302
0.3316011525157531
0.3317300364671988
0.3317652973354737
0.3318217668932235
0.3318664120062059
0.3318983557992127
0.3319420436089885
0.3319802156984917
0.3320106737080988
0.3320428708800369
0.332079803624473
0.332124069255941
0.3321658836351002
0.3322056834183925
0.33224502146924
0.3322870061625072
0.332337750711097
0.3323964732626966
0.3324438161940913
0.3324916940903427
0.3325469102063852
0.3326000109596669
0.3326642594841486
0.332749231569722
0.332856811253806
0.3329986664738909
0.3331739820586537
0.3333738727022218
0.3336030215443733
0.3338672273248132
0.3341720180366499
0.3345242640197288
0.3349317139378875
0.3354040104082373
0.3359529721876305
0.3365935343318313
0.3373455813066922
0.3382384374738904
0.3392978296681915
0.3399
0.3399015980716752
0.3399047942150256
0.3399111865017265
0.3399175322148377
0.3399252725645125
0.3399349082453079
0.3399473767523734
0.3399607306338787
0.3399662176335573
0.3399719040483718
0.3399758022839429
0.3399799829234202
0.3399834248684263
0.3399863562162913
0.339989238119369
0.3399924909269229
0.3399962454634614
0.3399981227317307
0.34
0.3400015980716752
0.340003182910991
0.3400050536087714
0.3400087950043321
0.3400128292241216
0.3400164806036914
0.340019311885435
0.3400213304604092
0.3400231099657566
0.340025400850507
0.3400276823074445
0.3400295258638382
0.3400314519115883
0.3400336344864983
0.340036366904012
0.340040166013818
0.3400453911327951
0.3400493848400455
0.3400524846516305
0.3400552072152125
0.3400577966261982
0.3400606995565487
0.3400632764552092
0.3400663600945766
0.3400689762165601
0.3400713616692858
0.3400736351224537
0.3400757629361979
0.3400777906598823
0.3400798170237938
0.340082048570776
0.3400853597382716
0.3400882221141221
0.340090513113471
0.3400928138594099
0.3400952864333926
0.3400981918423074
0.3401018714768014
0.3401068099814932
0.3401138877407189
0.3401250006081203
0.3401356589031917
0.3401459293270435
0.3401566704581589
0.3401684026542512
0.3401819938446273
0.3401987748709632
0.3402145133297261
0.3402298175651376
0.3402465452348209
0.3402627249545485
0.3402795289829623
0.3402924899050406
0.3403037556348462
0.3403145400857508
0.340325582365222
0.3403385074604354
0.3403568246756006
0.3403721256619209
0.340385315642499
0.3403990687872192
0.3404149998509086
0.3404368486260337
0.3404586198487736
0.3404808744860766
0.3405044663447795
0.3405297902473016
0.3405577879229207
0.3405905497551562
0.3406339177383613
0.3406804210371346
0.3407159574040439
0.340749856769843
0.3407853480497128
0.3408248725800793
0.340873050345101
0.3409328094134851
0.34095320900336
0.3409824386747406
0.3410045888900783
0.3410296521846042
0.3410532337680277
0.3410730091164673
0.3410947584021637
0.3411217922495827
0.3411445171267917
0.3411688285716095
0.3411888999176462
0.3412093169881426
0.3412301661593371
0.3412521828713614
0.3412808854960875
0.3413316391257286
0.3413855662976683
0.3414390854367922
0.3414957863606741
0.3415581618206689
0.341630444029118
0.3417210591847682
0.3417765810972827
0.3418323323224531
0.3418824416370929
0.3419306998682776
0.3419866180904524
0.3420524489936544
0.3421229639055788
0.342187003098241
0.3422538446269084
0.3423292952360951
0.34242002500778
0.3425390468788982
0.3426733885096787
0.3428037077413514
0.3429402807620968
0.3430913786124848
0.3432690451405456
0.3434829623721231
0.3437624613813034
0.3441548421215505
0.3447078237712558
0.3453435696103336
0.3460708277659518
0.3469125581084225
0.3478965346944122
0.3489657428041129
0.3499
0.3499032725631696
0.3499098176895087
0.3499229079421869
0.3499347430379419
0.349949001579404
0.3499652353983534
0.3499803415143877
0.3499901707571939
0.35
0.3500032725631696
0.3500076398318282
0.3500163743691454
0.3500276508064708
0.3500381319532249
0.3500503451918407
0.3500639174838895
0.350078722248631
0.3500930118446718
0.3501083877527116
0.3501273599130401
0.3501469108782398
0.3501655049910093
0.3501854359400579
0.3502108310577683
0.3502373631452485
0.350265246753423
0.3502933520566439
0.3503243666927787
0.3503624915300391
0.3504030761852575
0.35044501822915
0.3504918198353779
0.3505464118890785
0.3506149660173133
0.3507014795392071
0.3508031752424754
0.350934157636337
0.3511283766881825
0.3513940952385712
0.351584024593898
0.3517545522258236
0.3519288595362911
0.3521034842521681
0.3522813558319807
0.3524934657441719
0.3527962372527753
0.3532620391358253
0.3541936429019255
0.3552095378855916
0.356396689017752
0.3578173527757311
0.3595600079160953
0.3599
0.3599029659960256
0.3599088979880768
0.3599207619721793
0.3599313811887836
0.3599439324081344
0.3599594713063639
0.3599821900382811
0.3599910950191406
0.36
0.3600029659960256
0.3600071133250429
0.3600154079830774
0.3600254182349611
0.360035742721304
0.3600488264387523
0.3600633749193065
0.3600816765325043
0.3601095182151077
0.3601404277330576
0.3601741331773117
0.3602059429501692
0.3602354442464773
0.3602642560611795
0.3602953198945327
0.3603395997307249
0.3603776989605565
0.3604089736499748
0.360440049020279
0.3604722244124744
0.3605043536256288
0.3605312152144967
0.3605525294678401
0.3605725966867639
0.3605985456544173
0.3606255917150733
0.3606469027965546
0.3606687362680323
0.3606930284973728
0.3607233366827012
0.3607631830266415
0.3608069786762671
0.3608426429514853
0.3608732055558472
0.3609022858263624
0.3609346103230733
0.3609562848737356
0.360983853913885
0.3610074544442513
0.3610284767759857
0.3610493960851007
0.361071452035965
0.3610984002729695
0.3611242941263907
0.3611530987483815
0.3611796021196129
0.3612066558394146
0.3612365849100437
0.3612725582556652
0.3613169615129883
0.3613772156934151
0.3614652349949372
0.3616092369315085
0.3618947687551238
0.3622152225041319
0.362569920953964
0.3629735234177706
0.3633819673242634
0.3637142519146643
0.3640400773319395
0.3643585308375132
0.364727495209818
0.3651763321416445
0.3659757207564935
0.3670019378291298
0.3681891324360279
0.3696085088560719
0.3699
0.3699033922628579
0.3699101767885737
0.3699237458400053
0.3699390650673113
0.3699556675566343
0.3699708790630986
0.3699864670784536
0.37
0.3700033922628579
0.3700090339909926
0.370020317447262
0.3700341193327381
0.3700471488121204
0.3700609164947821
0.3700776931950576
0.3700957355104881
0.3701144428200269
0.3701338394754574
0.3701554640854991
0.3701824069960444
0.3702141390735722
0.3702534794826017
0.3703058658471372
0.3703813424135327
0.3705057860832486
0.3707546734226806
0.3710898277814546
0.3715477368094329
0.3722075563622021
0.3727457579696338
0.3733390589979261
0.3738728073484046
0.3744053091590058
0.3749342710925839
0.3754423185921588
0.3760607328708723
0.3768308415254976
0.378172221383358
0.3799
0.3799021396463301
0.3799064189389905
0.3799149775243111
0.3799242619900236
0.3799345982570723
0.379947436868749
0.3799626835196431
0.3799804208596268
0.3799902104298134
0.3799951052149067
0.3799975526074534
0.38
0.3800021396463302
0.3800038169420454
0.380007171533476
0.380013880716337
0.3800226042648512
0.3800321036953975
0.3800433145091102
0.3800572475094355
0.3800734637691025
0.3800914424867852
0.3801127529769063
0.380137440499372
0.3801681427909163
0.3802016869158067
0.3802385814517933
0.3802803517516704
0.3803299835983357
0.3803963102216312
0.3804734209157193
0.3805669758177728
0.3806796523830929
0.380817121399914
0.3810004716344151
0.381249300728329
0.3814421731741527
0.3815825217441296
0.3816526960291181
0.3817812468119671
0.3819233156919754
0.3821390446410475
0.3824630396543788
0.3831110296810414
0.3840333983331897
0.3850765325724964
0.3862848116518677
0.3877029300953013
0.3895526283414564
0.3899
0.3899056218597238
0.3899168655791714
0.3899393530180666
0.3899554368257369
0.3899709524774496
0.3899854762387248
0.39
0.3900056218597238
0.3900133934290492
0.3900263356497398
0.3900420690801543
0.3900579847112718
0.3900753877582381
0.3900942050645587
0.3901159904387642
0.3901442030090349
0.3901783940484649
0.3902174491839361
0.3902608287410912
0.3903099302798158
0.3903653012306309
0.3904339570057706
0.3905210126116575
0.3906443325598343
0.3908560517544257
0.3911372780774712
0.3915246980204017
0.3921101428077725
0.3928382228039126
0.3937447717139704
0.3948931724804782
0.3963885993927747
0.3983666353596929
0.3999
0.3999072837754954
0.3999218513264864
0.3999380973782569
0.3999541249097329
0.3999718005974748
0.3999859002987374
0.4
0.4000072837754955
0.4000169863051589
0.4000309097251575
0.4000483761678408
0.4000676861195094
0.4000877851998718
0.4001132406818815
0.4001506462106881
0.4001943093401074
0.400234411395037
0.4002674571440139
0.4002953144007075
0.400319696640749
0.4003421997394645
0.4003648448373986
0.4003886874389079
0.4004025848428145
0.400416836257616
0.4004291866345625
0.4004407077279697
0.4004537705582257
0.4004689555377433
0.4004835570481173
0.4004977517664394
0.400512633631543
0.4005267611115134
0.4005391959184509
0.4005508746541074
0.4005629407435373
0.4005779674842038
0.4005918317769822
0.4006054559066197
0.4006184606591626
0.4006320644962286
0.4006474882126445
0.400665486546413
0.4006809887801798
0.4006956647464392
0.4007122642854344
0.4007286588260263
0.4007436127913801
0.4007570722026212
0.4007698592510329
0.4007832092621256
0.4007967219954545
0.4008099030694903
0.400820165094703
0.4008287354293033
0.4008367088244457
0.4008448013544575
0.4008543000074549
0.4008664157411965
0.4008776057975477
0.4008874122137026
0.4008974571066339
0.400908493484124
0.4009215322816341
0.4009376517688777
0.4009529635717338
0.4009673596474043
0.4009827383924039
0.4010014912626376
0.4010165870858813
0.4010312220552565
0.4010485745637864
0.4010719938636075
0.4010933044745736
0.4011138849648521
0.4011375787601416
0.4011656461781477
0.4012050660695748
0.4012185493266932
0.4012352894855329
0.4012455736570222
0.4012565796560063
0.4012667833276172
0.4012818869244897
0.4012925543936158
0.4013040386427109
0.4013199038059724
0.4013402677556692
0.4013668206010763
0.4014009474159455
0.401444257706732
0.401499226401339
0.4015427556032341
0.4015835404846842
0.4016368831624837
0.4017220744206615
0.4018030480787622
0.4018752095602109
0.4019570009333804
0.4020468161658471
0.4021737002585691
0.4023837372172328
0.4028038111345601
0.40329751319733
0.4038542831513123
0.4044974812970041
0.405069204674521
0.4057340799804365
0.4064252081047411
0.4069886036679749
0.4076392783485537
0.4084285969622386
0.4097387870417804
0.4099
0.4099072604257065
0.4099217812771194
0.4099492106374052
0.4099691796701766
0.4099845898350883
0.41
0.4100072604257065
0.4100167136595946
0.4100326736691522
0.4100513607354254
0.4100697273153044
0.4100929450288834
0.4101174160956095
0.4101477943893698
0.4101943075431921
0.4102435504099575
0.4102868669457946
0.4103440652659327
0.4104117858447488
0.4104836769049114
0.4105629769413795
0.4106522313787888
0.4107540858549226
0.4108733516304547
0.411013681563067
0.4111483426575613
0.4112876364873397
0.4114663269114082
0.4116681171261004
0.41171064405109
0.411755283700205
0.4118019941982719
0.4118360887119672
0.4118848464378708
0.411920953442476
0.4119534565115007
0.4119905512108879
0.4120362248198912
0.4120936982984455
0.4121637724828786
0.4122216268442059
0.4122721435783797
0.412323364964896
0.4123728963818528
0.4124266370201751
0.4125126667511837
0.4126338663327968
0.4127353384382136
0.4128071186296544
0.4128848641833897
0.4129636329375105
0.4130439220877589
0.4131615676494282
0.4133286217386247
0.4135734229608133
0.4138546794987886
0.4141765984965175
0.4145480849165699
0.4149774613390649
0.4154780131555093
0.4160642652871928
0.4165318333202335
0.4169116554916856
0.4172318275320533
0.4175205669449129
0.4177819810200851
0.4180560336753855
0.4182659548278241
0.4184650236821844
0.4186953883189475
0.4189947285203147
0.4192942743059944
0.4195682985966473
0.4198610393526674
0.4199
0.4199033383243301
0.4199100149729904
0.4199188601587585
0.4199295984225385
0.4199446567887876
0.4199580949838373
0.4199684849235391
0.4199772190987008
0.4199850540572365
0.4199928195001752
0.42
0.4200033383243301
0.4200078546391312
0.4200136337916332
0.4200187058842386
0.4200256708738872
0.4200302687473785
0.42003504977384
0.4200393327025516
0.4200432967690494
0.4200474250343694
0.420052222656666
0.4200606993831995
0.4200667137543088
0.4200718384584242
0.4200772314183001
0.4200831681351039
0.4200906041891954
0.4201003088273068
0.4201142642228681
0.4201336231913749
0.4201514909864905
0.4201662370189209
0.4201780465544465
0.4201920485152283
0.4202044031292891
0.4202156376970931
0.4202309797331301
0.4202449189081373
0.4202575259731614
0.4202698893480925
0.4202830794464636
0.4202945909993949
0.420307611756931
0.4203172625225023
0.4203253160199947
0.420332973319483
0.4203408261401371
0.4203503233525693
0.4203620031848854
0.4203723723663131
0.4203817568415532
0.4203914910433966
0.4204022334458061
0.4204154054988844
0.4204306731152311
0.4204453003827059
0.4204603518112194
0.4204766777832239
0.4204955510910863
0.4205155119982462
0.4205281065844658
0.4205358330212034
0.4205452422882908
0.4205520224131609
0.4205594101792948
0.4205666356400238
0.4205735846528393
0.4205829651040644
0.4205953629166635
0.420611259353954
0.4206315743382994
0.4206572697476917
0.4206826464555877
0.4207112179617936
0.4207347986194043
0.4207632349809405
0.4207957502316704
0.4208388272309609
0.4208742556155976
0.4209095450842338
0.4209421535792538
0.4209717395871144
0.4209993927722747
0.4210255536975724
0.4210506783009469
0.4210752140017447
0.4210995456871524
0.421124085126222
0.4211493327735122
0.4211759872869652
0.4212052122366632
0.4212395139566648
0.4212888419567696
0.4213400293522442
0.4213770011792787
0.4214090880829701
0.4214382802701902
0.4214650416813915
0.4214905149257619
0.421515592917405
0.4215415309953487
0.4215708839344893
0.4216142601545166
0.4216535469439125
0.4216843014283244
0.4217144972026025
0.4217463188250029
0.4217824444950398
0.4218272035227796
0.4218819406744031
0.4219363631703146
0.4220248386041873
0.4220887736972307
0.4221398388659974
0.4221888885262384
0.4222382079547666
0.4222925268883661
0.4223581201418946
0.4224559536549742
0.4225612740515069
0.4226428292158955
0.42272180019741
0.4228047696406955
0.4228971243094199
0.423008168915323
0.4231501432842597
0.4233299450634608
0.423583626504077
0.423975574967041
0.4245123979770638
0.4251832540594623
0.425801630993683
0.4263434701244898
0.4269758272335747
0.4277206525563495
0.4289276667832151
0.4299
0.4299091315447416
0.4299273946342249
0.4299510573558301
0.4299737800763799
0.42998689003819
0.43
0.4300091315447416
0.4300187643407569
0.4300317321008754
0.4300513109522678
0.4300709005444772
0.4300950726335911
0.4301309876385996
0.4301609367491758
0.4301893731460427
0.4302188314045536
0.4302509265450161
0.4302933622750516
0.4303416646164838
0.4303898046132
0.430437227093681
0.4304897836831165
0.4305508025031773
0.4306297580183118
0.4307429764874733
0.4309218659345029
0.4310627887361408
0.4311332501369597
0.4312032022458216
0.4312333131074124
0.4312935348305941
0.431304907377769
0.4313276524721188
0.4313452400320926
0.4313575669870379
0.4313692149475233
0.4313806020367312
0.4313917164895795
0.4314050166601914
0.4314144220549455
0.4314211052636283
0.4314282738971424
0.431435540781053
0.4314430993539103
0.4314530618235345
0.4314708728336854
0.4314995476885242
0.4315315733795321
0.4315675666809984
0.4316087402049668
0.4316559193727344
0.43171062368538
0.4317744241665797
0.4318488348268169
0.4319349094347901
0.4320346334010802
0.4321503006561246
0.432284561251303
0.432440509354158
0.4326217297755925
0.4328323496053157
0.4330772074483656
0.4333619319933545
0.4336931442070427
0.4340786858513889
0.4345278709388805
0.4350520057185299
0.435665006574416
0.4363844228598311
0.4372330426778062
0.438241235456168
0.4394508720180482
0.4399
0.439905460400544
0.439916381201632
0.439938222803808
0.439953927866397
0.4399698702600618
0.4399873024019222
0.44
0.440005460400544
0.4400122250712256
0.440022652757361
0.4400348644553652
0.4400501324655969
0.4400666173537295
0.4400816682734399
0.4400982358744511
0.4401187625061551
0.4401454257290043
0.440170140823527
0.4401930353055514
0.4402159206415419
0.4402416497190593
0.4402673960300052
0.4402957478109687
0.4403203164357443
0.4403443435192634
0.4403697293586606
0.4403960594448435
0.4404196990091576
0.4404379582921576
0.4404534097751999
0.4404697296208575
0.4404858306085029
0.4405034161672765
0.4405195639770541
0.4405364107190618
0.4405554353070559
0.4405786872311691
0.4406098598790833
0.440648363406675
0.4406792665923459
0.4407048766011486
0.4407286031225301
0.4407534743974162
0.4407742976800315
0.4407994559562705
0.4408194783737485
0.4408369869847332
0.4408540215541557
0.4408715413237111
0.4408921211334677
0.44091479400661
0.440939323741535
0.4409607953855045
0.4409824659970349
0.4410061802082836
0.4410346300857781
0.4410697651690325
0.4411176560450967
0.441188008214064
0.4413039979451283
0.4415302179756778
0.4417826821872144
0.4420612090140323
0.4423768118073124
0.4427344197239456
0.4431458676139742
0.443622855862111
0.4441776284189904
0.4448247059552453
0.4455822137854469
0.4463462708677287
0.447014857370982
0.4477556763471275
0.4486137812747993
0.4498939441858314
0.4499
0.4499121116283371
0.4499242232566742
0.4499367564112666
0.4499603587789918
0.4499878074962606
0.45
0.4500127821866987
0.4500265478563445
0.4500421954605072
0.450063573897059
0.4500922626055888
0.4501224526064984
0.4501583051258009
0.4502022504773468
0.4502545586830782
0.450308337210475
0.4503709063757615
0.4504464609888054
0.450538350979296
0.4506471387474972
0.4507720296903553
0.4508829834420718
0.4509614674106761
0.4510800247154295
0.4511639472501801
0.45125187599151
0.45137177394175
0.4516115698422301
0.452017213314564
0.4523963429262388
0.4527966555122584
0.45310747629809
0.4533995822750494
0.4536914187385241
0.4539871709082585
0.454077243777866
0.4541831355700709
0.454271803244816
0.4543653762082286
0.4544726117923443
0.4545526351183181
0.4546324345670452
0.4547216468875308
0.4548308728566734
0.4549805166032138
0.4551409457060854
0.455219956573824
0.455295499438735
0.4553867584428614
0.4554724347787343
0.4555521295792387
0.4556527083072453
0.4558120532757524
0.4559747052064725
0.4561721099980141
0.4564250006560028
0.4567414571051014
0.4571029496193286
0.4575159390137105
0.4579904535964336
0.4585391079993557
0.4591786623754359
0.4599
0.4599037565465341
0.4599112696396025
0.4599262958257392
0.4599379442537035
0.4599501683340531
0.4599631039283796
0.45997582371624
0.459988935799883
0.4599944678999415
0.46
0.4600037565465342
0.4600079441590307
0.4600134719316384
0.4600178572067913
0.4600225582043292
0.4600268696792911
0.4600306071856709
0.4600355764377763
0.4600396783846755
0.460043340976236
0.4600469200448115
0.4600505711962442
0.4600546234472048
0.4600595464251537
0.460066615822542
0.4600701533650406
0.4600736086051828
0.460077119151819
0.4600807253082752
0.4600841949637985
0.4600877656246866
0.460092000358113
0.4600977152078513
0.4601049184450077
0.4601137737822955
0.4601237978683354
0.4601258551950052
0.460128193331681
0.4601305582911164
0.4601325208713336
0.460134598043309
0.4601366254648962
0.4601387414625258
0.4601414346012833
0.4601452915383224
0.4601502773283579
0.4601559788708633
0.4601623756561928
0.460171020892103
0.4601776911068552
0.4601824475438622
0.4601867121792201
0.4601908797694496
0.460195338816676
0.4602005337318194
0.460207265095555
0.4602169656927837
0.4602264813710547
0.4602347000836295
0.4602428146734177
0.460250370144566
0.4602586406131994
0.4602667637550691
0.4602752416621378
0.4602847302744492
0.460291930092052
0.4602981680785105
0.4603044876938024
0.4603116691441117
0.460320789991723
0.4603311036403557
0.4603414653794219
0.4603512310902192
0.4603596504302927
0.4603658745004633
0.4603710936526808
0.4603763517815764
0.4603840122770379
0.4603900877210246
0.4603949488628798
0.4603996998800071
0.4604044320809513
0.4604092945198347
0.4604143812032898
0.4604199164158802
0.460426888404937
0.4604329136337766
0.4604391805817595
0.4604450425264124
0.4604510021479827
0.460457552378433
0.4604653290740958
0.4604747222510702
0.4604870125818311
0.4605040658742671
0.4605216669603984
0.4605402788778604
0.4605599707162165
0.4605790209356853
0.4605980534643866
0.4606203310490573
0.4606435953897376
0.4606626517628606
0.4606805704992343
0.4607048780167822
0.460723487731041
0.4607398604311759
0.4607566095480253
0.4607744273136657
0.4607885176846809
0.4608046351948315
0.4608179460904726
0.4608301699814221
0.4608435755549976
0.4608616930914049
0.4608713629078609
0.4608820005234622
0.4608912157296439
0.4609007911082158
0.4609100851726502
0.4609201616599233
0.4609327206917188
0.4609497271156103
0.4609712178805656
0.4609985772163656
0.4610332238784078
0.4610770033427021
0.4611326158350658
0.4612037639308328
0.461293657136028
0.4613991437345298
0.4615230448376811
0.4616423749981895
0.4617457302761166
0.4618480919497142
0.4619573995627824
0.4620818726477336
0.4622355186807349
0.4623779393508652
0.4625008395872195
0.4626213640357871
0.4627560006299648
0.4629452447058041
0.4631429491540189
0.4633117887846547
0.4634890203902306
0.4636896134506335
0.463940747936866
0.464232953969113
0.4645401151064513
0.4648889889982447
0.4652892010894931
0.4657896072278741
0.4664662378428622
0.4674660739662168
0.468649188219192
0.4697981997367306
0.4699
0.4699160978977444
0.4699348200229247
0.4699544265940233
0.4699701400167139
0.469985070008357
0.47
0.4700151107655214
0.4700273659114417
0.4700428692703723
0.4700568053132556
0.4700809391568917
0.470101524912046
0.4701191812925447
0.4701376896895765
0.4701580415642321
0.470182532759325
0.4702150658353172
0.4702498270346435
0.4702851474973734
0.4703248330018978
0.4703771902240917
0.4704333604758154
0.4704869617406431
0.4705420509539232
0.4706036003228095
0.4706799941857366
0.4707663960547091
0.470855140561998
0.4709541167258272
0.4710680512214391
0.4712066191801619
0.4713883543404166
0.4716469680933477
0.4720653310017173
0.4729020568184567
0.4745344083467215
0.4772080207897627
0.4799
0.4799053859648945
0.4799161578946836
0.4799231279066756
0.4799309505791007
0.4799392567767182
0.4799475279375779
0.4799554190733388
0.4799644877122517
0.4799737568594566
0.4799828072001961
0.4799914621012893
0.4799957310506446
0.48
0.4800022584180432
0.4800059272106847
0.4800099795431343
0.480015455743048
0.4800220456140598
0.4800280736891828
0.4800342941507474
0.4800412392409359
0.4800489580457376
0.4800577621352174
0.4800667369475247
0.4800743232396764
0.4800817926142725
0.4800912877160897
0.4800999011651238
0.4801072156003419
0.4801148847815217
0.4801240189532328
0.4801351189264565
0.4801442868514303
0.4801557752368035
0.4801647210616007
0.4801718363797257
0.4801805340704946
0.4801875591957746
0.4801942370967833
0.4802002328966207
0.4802067845561693
0.4802127424759691
0.4802201539157862
0.4802257595763416
0.4802330077434546
0.4802398851045785
0.4802463108669263
0.4802523447669592
0.480257838193641
0.4802628009184454
0.4802673179402639
0.4802714840136638
0.4802753998786308
0.4802791692571137
0.4802829039533827
0.4802867413252982
0.4802908840502185
0.4802954419491545
0.480300383628196
0.4803066746699945
0.4803130415787429
0.4803177891804723
0.4803217317919453
0.480325299839965
0.4803287026678683
0.4803322435624041
0.4803363973772693
0.4803413811164844
0.4803464512920825
0.4803507980956249
0.4803551609748545
0.4803599053006889
0.4803654219897024
0.4803717174937888
0.4803775076495387
0.4803823412889625
0.4803867392147863
0.4803910258409833
0.4803955466581462
0.480400837008726
0.4804085860308458
0.4804159370960909
0.480422845325826
0.4804295880633808
0.4804364474053675
0.4804439274775311
0.4804525898223223
0.4804631661080482
0.4804771939018471
0.4804970495439739
0.4805177668785497
0.4805383557646343
0.4805425077560843
0.4805500086816769
0.4805555319122948
0.4805621870962926
0.4805674063994637
0.480572443185131
0.4805792054731949
0.4805891293561977
0.4806060747625178
0.4806185022926027
0.4806309867006399
0.4806467182829087
0.4806662821642098
0.4806851867822937
0.4807051151159204
0.4807300789954133
0.4807703087520427
0.4808457391605599
0.4809319795977076
0.4810937989227991
0.4813261076805651
0.4815846419641908
0.4818757193834701
0.4822064563936049
0.4825850966060635
0.4830237567273944
0.4835347940697399
0.4841318429743018
0.4848315590590097
0.4856552337601476
0.4866312721165694
0.4877987765443431
0.4892115272614627
0.4899
0.4899088343928116
0.4899265031784349
0.4899364203519531
0.4899469714908551
0.4899589260541259
0.4899734070959947
0.489987969807287
0.49
0.4900054457782083
0.4900156550282945
0.4900244264044812
0.490037439074654
0.4900504226522279
0.4900649699501595
0.4900780838861261
0.4900919639648316
0.4901099140394609
0.4901375616221393
0.4901613284826578
0.4901850422712464
0.4902035008465693
0.4902246977162745
0.4902409161614388
0.4902572769054035
0.4902730723724309
0.4902842819843155
0.4902954311303314
0.4903033701108605
0.4903110905558859
0.4903174029589437
0.4903226882930953
0.4903272645175659
0.4903312252885995
0.4903346902169291
0.490337759759862
0.4903404985621869
0.4903429485521835
0.4903451585361947
0.4903471708108482
0.4903490202335345
0.4903507371453581
0.4903523490598142
0.490353882564336
0.4903553658399865
0.4903568323941423
0.4903583280404461
0.4903599281145551
0.4903617958527685
0.4903646532805241
0.4903673231029822
0.4903694635342512
0.4903715957986454
0.4903738672300057
0.490376378883224
0.4903792448906586
0.4903825861310508
0.4903865721657334
0.490390167757961
0.4903934625575466
0.4903966303408357
0.4903998129955696
0.4904033144832826
0.4904078408045448
0.4904125582146635
0.4904166852910726
0.4904206577800537
0.4904248642193014
0.4904296281477658
0.4904355584426653
0.4904413758803663
0.4904472224006869
0.4904535152641231
0.490460581463246
0.4904677944926358
0.490474401814138
0.4904767952171555
0.4904793035289693
0.4904816689013938
0.4904844681397608
0.4904867378245399
0.4904891925676222
0.4904926965158935
0.4904990669714958
0.4905087971437118
0.4905196814056051
0.4905296501033181
0.4905386898113525
0.4905473762681831
0.4905563943345204
0.4905666310043431
0.4905799301660513
0.4905997291048801
0.4906197131676575
0.4906395002005092
0.4906624997296366
0.4906921569455837
0.4907289599861031
0.4907707804386721
0.4908132967156562
0.4908564173945745
0.4908933157786254
0.4909297121259359
0.4909689113607347
0.4910138626689975
0.4910693140047737
0.4911368980939231
0.4911791339580667
0.4912302103927779
0.4912724744149006
0.4913096495589074
0.4913484351858619
0.4913953421795068
0.4914629563065269
0.4915157148992924
0.4915650294332966
0.4916186731886399
0.4916803962615193
0.4917606920889673
0.4918625002137729
0.4919694831273442
0.4920738167002142
0.4921836201368354
0.4923045289193496
0.4924463643035206
0.4926160355746655
0.4928352825634262
0.4931382011026708
0.4936018307668119
0.4941621926196619
0.4948062154704679
0.4955546196514392
0.4964334030020504
0.4974894579105468
0.4987694627592178
0.4999
0.499908875398802
0.499926626196406
0.4999389126675652
0.4999506694633414
0.4999654768461141
0.499983975236457
0.5
0.500008875398802
0.5000206393041304
0.5000301649162103
0.5000420347175066
0.5000540192706532
0.5000684622814017
0.5000839148175564
0.5000993611666334
0.5001171733883579
0.5001325300598745
0.5001472440997996
0.5001673330556947
0.5001844863989737
0.5001984070030883
0.5002131140540154
0.5002298601698919
0.5002499106389848
0.5002681984281476
0.500285639788903
0.5003044842028995
0.500322047402532
0.5003418334142513
0.5003572727181526
0.5003707500921475
0.5003836439633624
0.5003965767654491
0.5004109814703863
0.5004312827370534
0.500452376485424
0.500468605828208
0.5004845834683213
0.500501677847881
0.5005219500053129
0.5005469791216804
0.5005809980442316
0.5006305369125731
0.5007104887879769
0.5008578543586448
0.5010166398435141
0.5011848735430251
0.5013693431911025
0.501575252381098
0.5018144817325297
0.5021071346236875
0.5024439159301651
0.5027998791162148
0.5032241247675984
0.503791946904707
0.5043794198085796
0.5049135045460501
0.5054988009850865
0.5061867683482424
0.5071032108614965
0.508463660752077
0.5099
0.5099044476072749
0.5099133428218248
0.5099189883200282
0.5099258852105455
0.5099327036684903
0.5099393993075371
0.5099467388545887
0.5099552235117555
0.5099657114877494
0.5099775131498605
0.5099882332432816
0.5099941166216408
0.51
0.5100030093553627
0.5100080797487144
0.5100132682282725
0.5100210589445316
0.5100287883850081
0.5100355072472295
0.5100414536195775
0.510045724772664
0.5100518028501808
0.5100561535764127
0.510061118209418
0.5100649896955742
0.510069711091054
0.5100741046056299
0.510078391772472
0.510082787215309
0.5100870996830738
0.5100912734643033
0.5100952850830883
0.5100990592505924
0.5101024921096019
0.5101055123897116
0.5101081167787619
0.5101103549427016
0.5101122963729235
0.5101140085463208
0.5101155489951436
0.5101169648344569
0.5101182955680522
0.5101195769097696
0.5101208455080621
0.510122145882161
0.5101235438814186
0.5101251685067507
0.5101274220043363
0.5101301380457016
0.5101321679047989
0.5101340804789077
0.5101360709635677
0.5101382117286948
0.5101406501141862
0.5101435198231794
0.5101470013285511
0.5101513737500458
0.5101567080132307
0.5101627610145846
0.5101716764747636
0.510178176281251
0.5101828454605482
0.5101869345426288
0.5101906844880086
0.5101944556548967
0.5101987331013444
0.5102041544419676
0.510206487849813
0.5102084041534839
0.5102106150897431
0.5102121923938923
0.5102145367009355
0.5102162739647631
0.5102179889619898
0.5102201409246727
0.5102231533206025
0.510228196024942
0.510233840892548
0.5102397761201687
0.5102462091471395
0.5102534674257208
0.5102618289260921
0.5102721065453228
0.5102855247900144
0.5103046842593695
0.5103251805766863
0.5103441617214965
0.5103629830539168
0.510382661446869
0.5104042376445764
0.5104297047893945
0.5104599456829385
0.5104984357971526
0.5105499615748126
0.5106240377986058
0.510721755367091
0.5108309199603193
0.5109530980101413
0.5110910599756364
0.5112484242627852
0.5114309308273707
0.5116462771211638
0.5119061586760887
0.5121864119936103
0.5125007488304945
0.5128907092028868
0.5134123328949588
0.513822865239493
0.514272100544854
0.5147146561321022
0.5151166799196596
0.5155703961903295
0.5160763863692922
0.5164856523557271
0.5167975299583307
0.5170319204395327
0.5172027582160902
0.5172835525214564
0.5173612390876425
0.5174066087567378
0.5174512531551434
0.5174942757700574
0.5175262623193015
0.5175486895619584
0.5175630969458845
0.5175767769029689
0.5175868620903264
0.5175964314587211
0.5176074264756251
0.5176151385789457
0.5176227963104905
0.5176283883876209
0.5176339714554435
0.5176386147924834
0.5176426308205299
0.5176462341825431
0.5176494513113838
0.5176523396130225
0.5176549393847374
0.517657269481774
0.5176593697873321
0.517661278362593
0.5176630266444132
0.5176646421216909
0.5176661493597471
0.5176675713140236
0.5176689311855752
0.5176702546928437
0.5176715740681902
0.5176729362307125
0.517674425583791
0.5176762594051173
0.5176782153455721
0.5176802937338655
0.5176821637306832
0.5176840383508593
0.5176860566672372
0.5176882947337108
0.5176908453671204
0.5176938193688619
0.5176973781985106
0.5177017740841249
0.5177074143893882
0.5177134732429468
0.5177196581696424
0.5177258450946635
0.5177325736829865
0.5177403631270603
0.5177502495174716
0.5177591613146146
0.5177679559242487
0.5177774294487245
0.517779447621977
0.5177819661794523
0.5177845198629182
0.5177865735839009
0.517789187225012
0.5177912960974864
0.5177935348654439
0.5177966564295468
0.5178019561688336
0.5178105931347889
0.5178220621203883
0.5178357856248168
0.5178514637424645
0.5178691690275617
0.5178907527635346
0.5179170711122609
0.517948224260339
0.5179864698389125
0.5180347217043808
0.5180926194396739
0.5181367785165785
0.5181804246547149
0.5182227073901983
0.5182666982772538
0.5183119704465202
0.5183665363845971
0.5184407163175297
0.5185665973995612
0.51867521243962
0.5187714182452512
0.5189015660167912
0.5190158533829099
0.5191171807224112
0.5192344570908626
0.5193967995847476
0.5196842579876642
0.5199
0.5199069324232667
0.5199207972698
0.5199427407351637
0.5199627610801345
0.5199813805400673
0.52
0.5200069324232667
0.5200175688593278
0.5200292700846297
0.520043842570893
0.5200626486345254
0.5200807992839152
0.5200981606478513
0.5201166484063845
0.5201374061494455
0.5201607303829876
0.5201833856609581
0.5202050596787576
0.5202278584280909
0.520255200248597
0.5202897253476837
0.5203241293343787
0.5203553944412268
0.5203883482806875
0.5204256506858594
0.5204718314140045
0.5205216046374905
0.5205714812256007
0.5206282975787714
0.5207175875312094
0.5208586746420704
0.5210529847045847
0.5212750552144193
0.5215298320736832
0.5218242431662717
0.5221663851389777
0.5225673686946012
0.523039175091073
0.523595554063338
0.5242533840166766
0.5250346012746211
0.5259733804691402
0.5270949210449183
0.528504991578123
0.5299
0.5299088014024902
0.5299264042074705
0.5299457126161174
0.529960897766023
0.529983926566794
0.53
0.5300088014024902
0.5300206109316428
0.5300319580209143
0.5300433580361036
0.530060240836052
0.530075687253921
0.5300891478302349
0.5301039860016622
0.5301223490308693
0.5301502024521314
0.5301905844636293
0.5302397773029255
0.5303034574651678
0.5303813558370968
0.5304388560532405
0.530481677760347
0.5305186884686816
0.5305548962413019
0.5306046130632914
0.5306433618224939
0.5306716584761417
0.5306975552558085
0.5307231065728555
0.5307516774059468
0.5307938180338456
0.5308353598677995
0.5308685563873391
0.5309019299971003
0.5309380197809248
0.5309813480649848
0.5310356013476731
0.5311104765362813
0.5312221365519825
0.5314104242711233
0.5316849086338598
0.5319941804453016
0.5323448014534944
0.5327472105859404
0.5332125153099958
0.5337570755415871
0.5343983808011232
0.5351565925386691
0.5360568208608302
0.5371317775736755
0.5384298521544523
0.5398999999999999
0.5399019472448322
0.5399058417344967
0.5399136307138258
0.5399202331643147
0.5399264224772495
0.5399333592831007
0.5399413035134347
0.5399493533716057
0.5399561687052659
0.5399628787634245
0.5399702436539824
0.5399792364348057
0.5399896182174029
0.5399948091087015
0.54
0.5400019472448323
0.5400043266235426
0.5400090853809631
0.540017411897493
0.5400264314652667
0.5400371387040244
0.5400496766880468
0.5400609141933199
0.540071654003811
0.5400833925076693
0.5400975137533781
0.5401130458901391
0.540126016288341
0.5401387482583462
0.5401523836414955
0.5401679063338352
0.5401871758205649
0.5402073227983802
0.5402279762117962
0.5402536193514424
0.5402703066809779
0.5402876992599982
0.5403031001762093
0.5403172174833364
0.5403316768625516
0.5403478792096423
0.5403712471337899
0.5403948691305385
0.5404134351683398
0.5404319156594066
0.5404517876561533
0.5404754793448973
0.5405048041409398
0.5405446631938737
0.5406025083643925
0.5406946598547502
0.5408129922193323
0.5409618700801705
0.5411297738434535
0.5413187109026396
0.541532391248147
0.5417726338583669
0.5420469846177604
0.5423569672930565
0.542729177632564
0.5427946236730079
0.5429255157538957
0.542991590813934
0.5430924984989447
0.5431123053428973
0.5431519190308026
0.5431749681295195
0.5432053519097059
0.543218604668972
0.5432345801661801
0.5432431588651173
0.5432518281405658
0.5432594773266869
0.543266512103444
0.5432744119954492
0.5432792956483022
0.543284309909228
0.5432887543039248
0.5432929894752078
0.5432976437525603
0.5433027579425453
0.543307877056767
0.5433133104956328
0.5433188140113256
0.5433247879949391
0.54333173514648
0.5433381291506685
0.5433446508245289
0.5433518511108706
0.543360238347619
0.5433708765593828
0.5433845001507843
0.5434020365141283
0.5434168404259729
0.543430354364316
0.5434442304690046
0.5434592456103733
0.5434624256013072
0.5434685007962291
0.5434730368875502
0.5434783418090496
0.5434827939503679
0.5434869015468325
0.5434921404344256
0.5435013698418553
0.5435197041632346
0.5435421452732414
0.5435667467796719
0.5435974237873525
0.5436375681073161
0.5436898481019266
0.5437648899693814
0.5439005325329714
0.5441718176601514
0.5446117843935241
0.5454917178602694
0.5466661386559053
0.5480204467025697
0.5496394359247706
0.5498999999999999
0.549904858433788
0.5499145753013641
0.5499340090365163
0.549956696417173
0.5499778574673141
0.549988928733657
0.55
0.5500048584337881
0.5500101683338319
0.5500198416544385
0.5500356463888404
0.5500502417766289
0.5500625268302534
0.5500745143978493
0.5500873868397014
0.5501043717187906
0.5501277703877928
0.5501450281863389
0.5501620547585782
0.5501808365975727
0.5502023992652278
0.5502221962134737
0.5502420649145302
0.5502638078267607
0.5502904131136033
0.550327919765982
0.5503625692675923
0.550393086446687
0.5504246022838465
0.5504591512489427
0.5505006674261023
0.5505527742346735
0.5506241032820796
0.5507305149936836
0.5509149451519321
0.5512838054684289
0.5519822108223147
0.5533098737350912
0.5559651995606443
0.5599
0.5599067142923687
0.5599201428771062
0.5599470000465813
0.5599704598948054
0.5599852299474027
0.56
0.5600067142923688
0.5600138757406908
0.5600281986373349
0.5600473288387977
0.5600683608122309
0.5600927364271305
0.5601182958223561
0.5601477255320626
0.56018415002179
0.5602295578209601
0.5602814215506638
0.5603420055916346
0.560411477528035
0.5604990023381634
0.560593776572672
0.5606964860102033
0.5608115628172446
0.5609439341113462
0.5611036626016622
0.5613223750954105
0.5616469855824381
0.5622825242041221
0.5635093169449905
0.56526972277771
0.5687905344431491
0.5699
0.5699049176119054
0.5699147528357164
0.5699344232833382
0.5699489326704401
0.5699618056014727
0.569976357108898
0.569988178554449
0.5700000000000001
0.5700049176119055
0.5700125062660973
0.5700208500270982
0.570035227040306
0.5700496344099688
0.5700658556135934
0.5700818646317943
0.5700949551073763
0.5701066503732212
0.5701185372574897
0.5701338839900738
0.5701504212034446
0.570162444385451
0.5701738079802405
0.5701855954279774
0.5701977963803482
0.570208745905597
0.5702172297881001
0.5702246330107543
0.5702329942472367
0.5702407581415246
0.5702487975644757
0.5702566404287599
0.5702650418777239
0.570275101471745
0.5702873145067958
0.5703040182919601
0.5703251369229733
0.5703413546973426
0.5703542168321594
0.5703657319675132
0.5703771525032523
0.5703917886780855
0.5704020774634503
0.570412366094077
0.5704216534734572
0.5704301531583391
0.5704384976722855
0.5704471537338097
0.5704572627130644
0.5704676899601092
0.5704792572697632
0.5704893946561809
0.5704995467950164
0.5705106630270484
0.5705236038472812
0.5705399036280778
0.5705620165074
0.5705923540498313
0.570641139050662
0.5707358388422752
0.5708976040566338
0.5710747065299989
0.571270130399016
0.5714908853026212
0.5717414260453383
0.5720302375561266
0.5723654850131824
0.5727556142809324
0.5732102707718351
0.5737407847635163
0.5743611938682739
0.5750893698751681
0.5759486874860776
0.5769705726805543
0.5782084395523437
0.5796726625741232
0.5799
0.5799047526165627
0.5799142578496882
0.5799332683159392
0.5799467392966201
0.5799607471549676
0.579979505237938
0.58
0.5800047526165627
0.580013852511634
0.5800256654529985
0.5800390564486672
0.580053446048286
0.5800683114555031
0.5800862031897811
0.5801103477920736
0.5801349438782275
0.5801630238916864
0.5801988094356324
0.5802513126934962
0.5803563192092237
0.5805273801720602
0.5808098944684139
0.5813749230611214
0.5825049802465363
0.5847650946173661
0.5882019338688634
0.5899
0.5899029422199507
0.589908826659852
0.5899205955396547
0.5899308603874763
0.5899424359989093
0.5899574305756455
0.5899694796814068
0.5899795896083403
0.5899896375907622
0.59
0.5900029422199506
0.5900084655070988
0.5900142977721466
0.590024060064401
0.590032332412535
0.59003990003131
0.5900470135081474
0.5900535475255299
0.5900599665895506
0.590067054048241
0.5900783743798559
0.5900867737481416
0.59009363196331
0.5901006346586835
0.5901081460869421
0.5901172662041851
0.5901286133640378
0.5901410252265872
0.5901523170270812
0.5901628300028406
0.5901731907312942
0.5901845796252708
0.5901934990663609
0.5902027844398121
0.5902099302757224
0.5902159630828177
0.5902218133753043
0.5902281345757568
0.5902371299792619
0.5902462812180364
0.5902535109822462
0.5902607613280546
0.5902686706028571
0.590277996443572
0.5902903089628689
0.5903061272911062
0.5903255131400701
0.5903506377928118
0.5903768514974187
0.5903969587972616
0.5904162033627764
0.5904364237439169
0.5904588962723656
0.5904857840450061
0.590518248806266
0.5905601335658333
0.5906170136872312
0.5907004912466555
0.590840580198224
0.5910017692553071
0.5911848353537166
0.5913960916112422
0.5916403268630207
0.591925818535768
0.5922611567477476
0.5926555615413821
0.5931197485723474
0.5936665753353171
0.5943122418430786
0.5950780396860965
0.5959972056660616
0.5970926038145112
0.5984670417109753
0.5999
0.5999089767484616
0.5999269302453847
0.5999454358563083
0.5999613886204564
0.5999771286886345
0.5999885643443172
0.6
0.6000089767484615
0.6000185387335989
0.6000303079793576
0.600046229512915
0.6000618311334956
0.600076969843165
0.6000944971651038
0.6001194989631286
0.6001432631251422
0.6001648821949181
0.6001889032249051
0.6002168548913557
0.6002544705730032
0.6003137684083999
0.6003906027350758
0.6004912683360062
0.6006237975880373
0.6007979956786587
0.6010475064902107
0.601261928418656
0.6013368931839244
0.601427459821988
0.6014608441307514
0.6014924382877017
0.6015133628451598
0.6015382652879455
0.6015580408939004
0.6015756135155078
0.6015954084228726
0.6016115446110398
0.6016259874405099
0.6016421676432365
0.6016620028498003
0.6016763577543889
0.601686559204735
0.6016977724230608
0.6017089636176026
0.6017204796093234
0.6017356535922841
0.6017635090970934
0.6018027264074558
0.6018466398631299
0.6018963090325825
0.6019530292308058
0.6020183468031113
0.6020941724972929
0.6021610105009751
0.6022210627021445
0.6022691862745263
0.602308460190537
0.6023451649942394
0.602386694854907
0.602416815638161
0.6024495316348678
0.6024778732393978
0.6025038343242893
0.6025303565676517
0.6025601542113204
0.6026042208305885
0.6026448629053676
0.6026778072071624
0.6027112421259214
0.6027481009166453
0.6027910322788992
0.6028372276196853
0.6028891836233531
0.6029520087049897
0.6030426244051924
0.6031347079532131
0.6032271870887258
0.603321931909178
0.6034213479822839
0.60350372825406
0.6036250093640243
0.6037119277459544
0.6038054708659186
0.6039395853754763
0.6041353284906374
0.6043634561123709
0.6046244101527557
0.6049234866678516
0.6052673502243591
0.6056664400558314
0.6061282194503483
0.6066408468311169
0.6068828643194444
0.6070519583126455
0.607107814694102
0.6072195274570151
0.6072487793723998
0.6073072832031693
0.6073236771220012
0.607356464959665
0.6073649606729884
0.6073819520996352
0.6073864340751052
0.6073953980260451
0.6074060279076282
0.6074136136337878
0.6074201037867308
0.6074259861640157
0.6074334187215483
0.6074404399850439
0.6074480382490738
0.6074519466938177
0.6074556550494791
0.6074602956373293
0.6074645142145937
0.6074684752558018
0.6074734530752138
0.6074819195267379
0.6074988524297861
0.6075186366741451
0.607540278212712
0.607564773544792
0.6075926458783326
0.607624883168895
0.6076625401486352
0.6077066617013177
0.6077582151431592
0.607818049514198
0.6078875517735253
0.6079682602401081
0.6080620769348322
0.6081709545212179
0.6082968115794681
0.6084424174477432
0.6086109844868798
0.6088062475258164
0.6090325480439458
0.6092949060537876
0.6095991886493785
0.6099
0.6099075710363209
0.6099227131089626
0.6099477370919526
0.6099681808365632
0.6099840904182816
0.61
0.6100075710363209
0.6100183828593935
0.6100281223046664
0.6100450737843512
0.610066013143266
0.6100897418212748
0.6101167281531826
0.6101438220750156
0.6101677309942151
0.6101917788849865
0.610222603224034
0.6102559702895857
0.6102803145798775
0.6103037584369857
0.6103287242024888
0.610357347773147
0.6103934729435856
0.6104326387034139
0.6104895235624449
0.6105294475113343
0.6105582530741941
0.6105848531358081
0.6106114967126051
0.6106430312980469
0.6106794680231314
0.610718133368646
0.610752728594772
0.6107881976950569
0.610827384200246
0.610874708157097
0.6109336535575441
0.6110140848758554
0.6111308971192849
0.6113142308144359
0.6115262210708203
0.6116809739922507
0.6118506984358565
0.6120189718100799
0.6121690670411131
0.6123365529400563
0.6126715247379427
0.6131775727647686
0.6137648508923683
0.6144404477724299
0.6152236796432804
0.6161488462802722
0.617246279090389
0.6186259070969874
0.6199
0.6199109588266659
0.6199328764799977
0.6199664382399989
0.6199832191199994
0.62
0.6200109588266659
0.6200220212639831
0.6200393713621549
0.620057999239195
0.6200807472409564
0.6200998132365914
0.6201173648247336
0.6201365671830753
0.6201601401413759
0.6201856281482137
0.6202111654600899
0.6202378356429228
0.6202693106674306
0.6203062090879145
0.6203442965786016
0.62038508875877
0.6204318841496445
0.6204871032824066
0.6205575630482522
0.6206445042252593
0.6207418263281907
0.6208509580374746
0.6209753248348696
0.6211179685788033
0.621286208191549
0.6213171458442017
0.6213509825385881
0.6213850411283783
0.6214098906528824
0.6214362941907575
0.6214623162098007
0.6214875642553007
0.6215167561534413
0.621548727678961
0.6215813593326641
0.6216134762652052
0.6216425528185215
0.621666598176469
0.6216860589004521
0.6217031952100587
0.6217216002094456
0.6217390578720223
0.621756974153475
0.6217742124615543
0.6217776751727777
0.6217846005952246
0.621793382638519
0.6218002204271742
0.6218055605635163
0.6218107747860812
0.621817835183264
0.6218241136304576
0.6218308664268523
0.6218359941212513
0.6218395946434027
0.621843486748974
0.621847429682733
0.6218515160678714
0.621856892970843
0.6218661529454178
0.6218836809642647
0.6218996757470127
0.6219139596200909
0.62192750812776
0.6219405366984331
0.6219539834860467
0.6219696242260885
0.6219871563355999
0.6220057479900234
0.6220218157381133
0.622037938828104
0.6220555372643325
0.6220759381832202
0.6221014472692584
0.6221059618708071
0.6221149910739046
0.6221260510794063
0.622134028887658
0.622140616115512
0.6221485289636125
0.6221560034425305
0.6221637379845136
0.6221685570457522
0.6221739820589052
0.6221780647341439
0.6221825550859982
0.622187033841868
0.6221915099497985
0.6221971799738985
0.6222063623817192
0.6222247271973608
0.622239489312051
0.6222534354877843
0.6222690157497859
0.6222876192002083
0.6223126813161766
0.6223467240055753
0.6223798575008198
0.6224071959888611
0.6224266393439689
0.622441709346502
0.6224568392094022
0.622472872522912
0.6224897602606221
0.6225051657114608
0.622521441018085
0.622540026622807
0.6225631504116964
0.6225939611043773
0.6226198864976031
0.6226420464960131
0.6226631327320382
0.6226857570104569
0.6227028740395042
0.6227251458067066
0.622743302908107
0.622759141953584
0.6227745184573367
0.622790087633738
0.6228076737895161
0.6228340011938801
0.6228579706460009
0.6228772239130974
0.622896633079073
0.6229175543136319
0.622942737364107
0.6229742202271681
0.6230174891270205
0.6230814093817275
0.6231775506941176
0.623248094953628
0.6233304215929749
0.6234156973282601
0.623492622916188
0.6235816924502418
0.6237324240544868
0.6240111645720423
0.6243255634954562
0.6246855550791734
0.6251038242846155
0.6255885192175646
0.626157505110043
0.6267538527570683
0.6275235054798212
0.6281337218457458
0.628691622334952
0.629384109638691
0.6299
0.6299027348048327
0.6299082044144981
0.629919143633829
0.629930814644186
0.6299463192664803
0.6299662285486527
0.6299831142743264
0.6299915571371633
0.63
0.6300027348048327
0.630006460694056
0.6300124692082881
0.6300244862367524
0.630037864559344
0.6300484914790817
0.6300574354587438
0.6300656851628883
0.6300743449413745
0.6300876447107593
0.630097551665505
0.6301056659204506
0.6301139052118072
0.6301224006499708
0.6301304744023112
0.6301368793533203
0.6301423121876478
0.6301483138625258
0.6301538942522372
0.6301597624399365
0.6301655183110144
0.6301717628565239
0.6301793504665633
0.6301887915077158
0.6302001967910382
0.6302110850544848
0.6302217844732082
0.6302316748851566
0.630240071812587
0.630247909657018
0.6302562801023301
0.6302671782812534
0.6302764103562261
0.6302835343126026
0.6302899581061124
0.6302959426545951
0.6303018111275167
0.6303080732162516
0.6303149507024051
0.6303218841782553
0.6303294126152279
0.6303363642621572
0.6303434966677901
0.6303510000928292
0.6303583036614855
0.6303660445797082
0.63037472053953
0.63038517010876
0.6303969016184434
0.6304093304981019
0.6304208393344808
0.630431837565434
0.6304432384296755
0.6304583861122135
0.6304658320041575
0.6304734390719791
0.6304802150617232
0.6304863674232907
0.6304930117773431
0.6305017175365603
0.6305128620314142
0.6305208935509522
0.6305285893381094
0.6305370349793898
0.6305468315404837
0.6305592183062995
0.6305757834180488
0.6305966201702925
0.6306241050182286
0.6306507590621607
0.6306718752761419
0.6306924011641364
0.6307140879534713
0.6307383084367474
0.630767443875903
0.6308028325518625
0.6308488775553184
0.6309121681067712
0.6309981710638178
0.6311204611538961
0.6313039992711518
0.6315139814999594
0.6317236642091085
0.6318859434402444
0.6321237117371632
0.632307766865175
0.632482571089359
0.6327999758058428
0.6331648224136476
0.6337279159724879
0.6342216896495959
0.6346291616543929
0.6350971919105931
0.6356429451093888
0.6364888137576243
0.6377208643989618
0.6391103885813519
0.6399
0.6399027348048327
0.6399082044144981
0.639919143633829
0.6399324275739545
0.6399449343081125
0.6399605250555293
0.6399797406010602
0.64
0.6400027348048327
0.6400082044144981
0.6400170165231962
0.6400317859982767
0.6400470113117428
0.640063478794782
0.6400824224273605
0.6401043869105024
0.6401302973126547
0.6401555557836642
0.6401791394122578
0.6402027080888969
0.6402264741341608
0.6402410875046132
0.6402560222636675
0.6402690350809271
0.6402815415706719
0.6402965905333534
0.6403117695172125
0.64032664919994
0.6403423081988611
0.6403594815010648
0.640373903621176
0.640386271546738
0.6403978531712387
0.6404099086004225
0.6404261484049149
0.6404433160471233
0.6404564454524033
0.6404694747330535
0.6404836667659086
0.6405004578191376
0.640517774820444
0.6405322762150436
0.64054767111283
0.6405614616020938
0.6405741641500506
0.6405870284773627
0.6406022414368037
0.6406172925081025
0.6406280221675307
0.6406366965912589
0.6406446332452772
0.6406525617407174
0.6406617889707666
0.6406737389054232
0.6406849259000518
0.640694631801377
0.6407045419950472
0.6407154055108799
0.6407282090205165
0.6407442234149583
0.6407593890068926
0.6407747856485302
0.640791462127087
0.6408103049470825
0.64083065039615
0.6408529265723009
0.6408782186822621
0.6409085805688697
0.6409406043642206
0.6409739253131682
0.6409798679636489
0.6409914919621039
0.6410014453500035
0.6410106998711214
0.6410198812829935
0.6410292263990505
0.6410422620960958
0.6410591594252267
0.6410807686320765
0.6411043914975545
0.6411285243807023
0.6411549444769481
0.6411895744654956
0.6412336911970314
0.6412647745324305
0.6412945372817289
0.6413265533906698
0.6413634575527755
0.6414109460494876
0.6414774934043753
0.6415717039550675
0.6417305679424112
0.6419508302397563
0.6422850089776537
0.6426629468748224
0.6430878825699795
0.6435738371047743
0.6440642801904384
0.6445095953641886
0.6450702597508762
0.645534149095539
0.6459897348078814
0.646519330477083
0.6471337528638644
0.6478546539299437
0.6489984232965204
0.6499
0.6499028464113521
0.6499085392340562
0.6499199248794645
0.6499301370273258
0.6499416860756181
0.649955937488806
0.6499714725939397
0.6499857362969699
0.649992868148485
0.65
0.6500028464113521
0.6500071368983283
0.650012435410571
0.6500176171349868
0.6500235795217534
0.6500314952974175
0.6500403946319229
0.6500468166940971
0.6500529514759861
0.6500594720006566
0.6500669333548756
0.6500763918515513
0.6500892952437053
0.6500968190938348
0.6501053521075336
0.6501117596135456
0.6501171093138602
0.6501241096470434
0.6501310012196676
0.6501365844713125
0.6501425227285696
0.6501493449127472
0.650158390536743
0.6501713474922334
0.6501818586820903
0.6501902530474871
0.6501977833208905
0.6502051621994585
0.650214061325177
0.6502208944888376
0.6502281840457884
0.6502346389992449
0.6502404775815613
0.6502460480768169
0.6502515283099766
0.6502573537299415
0.6502647109539631
0.6502713030867594
0.6502780183854909
0.6502844069376887
0.6502910421497811
0.6502984922969748
0.6503075870101598
0.6503180158914573
0.6503293678940205
0.6503421301527675
0.6503573745944446
0.6503749405314255
0.6503912002954481
0.6504066230901164
0.650422439798701
0.650441753346553
0.6504523626743582
0.6504633351674239
0.6504729509790016
0.6504816958610604
0.6504910538016309
0.6505030761202746
0.6505172214104286
0.6505286762691876
0.6505397197490361
0.6505516385520466
0.6505654781903779
0.6505828334290329
0.6506064020187671
0.6506367649444601
0.6506776605788143
0.6507094135294625
0.6507375296226873
0.6507663750536097
0.6507975921162285
0.6508335542682557
0.6508776728626632
0.6509327743931865
0.6510063786131997
0.6511117375121129
0.6511412976429843
0.6511732001424883
0.6511967976066272
0.6512202334536517
0.6512457342370954
0.6512769547370008
0.6513002543845273
0.6513240145372513
0.6513517731109376
0.6513771512666845
0.6514052172261037
0.6514457158545592
0.6514744301677113
0.6515073678484286
0.6515401224779042
0.6515691580339782
0.6516052886547906
0.6516685969024703
0.6517520383241778
0.6518466209956146
0.6519540996934438
0.6520753374464088
0.652162306067951
0.6522376645122254
0.6523424151938716
0.6524219521925531
0.6525142733899055
0.6526553463820156
0.652805509281887
0.6529790146474004
0.6532197041048419
0.653500362953373
0.6538784824299277
0.6541807268986021
0.6544758416899263
0.6548666396215472
0.6554800070544543
0.6562110770288198
0.6570637304767661
0.6580242456902459
0.6591181043010682
0.6599
0.6599039541035929
0.6599118623107787
0.6599276787251502
0.6599399198263116
0.6599530025411382
0.6599696083508599
0.6599855936052
0.66
0.6600039541035929
0.6600100742697239
0.6600221136243761
0.660035072808308
0.6600493162932277
0.6600652586635192
0.6600847199449489
0.6601133034389641
0.6601470954626714
0.6601826241992996
0.6602186303358042
0.6602542732234011
0.6602902791069704
0.6603295159199399
0.6603822955319497
0.660432792003041
0.6604739685843158
0.6605150196569961
0.6605581694508126
0.6606019445354613
0.6606393955350233
0.6606686703499397
0.6606953023184204
0.6607276184845955
0.6607669437251292
0.6607957959540772
0.6608247101307031
0.6608567526079011
0.6608964805923505
0.6609488354900622
0.6610003283640261
0.6610431237105032
0.6610814982128757
0.6611198946389788
0.6611703164562615
0.6612132530438763
0.6612437144036328
0.6612709847486806
0.6612977405423993
0.6613270651165655
0.6613682831504558
0.6614141067595879
0.6614492927969012
0.6614840347800247
0.6615214689253716
0.6615661025466159
0.6616216035058868
0.6616982020152096
0.6618124415479634
0.662004293774811
0.6623607258372176
0.6627590044543364
0.6632018232775694
0.6637067114119433
0.6642842202211783
0.6649564564937274
0.6657478446236336
0.6666865743397057
0.6678098612230218
0.6691723432652723
0.6698999999999999
0.6699025333853628
0.6699076001560884
0.6699177336975397
0.6699296313406011
0.6699384445469256
0.6699469971416178
0.6699560353912409
0.6699664860431788
0.6699769193546831
0.6699851771820418
0.669993232403829
0.67
0.6700025333853629
0.6700056839246445
0.6700119850032079
0.670020518071107
0.6700290428396264
0.6700394752248608
0.6700498979937479
0.6700618764741864
0.6700778088847282
0.6701012303421401
0.6701299474623327
0.6701620006913284
0.6701903587843954
0.6702159271814236
0.6702406807520919
0.6702671140096838
0.6703046764453053
0.6703379983856859
0.6703629788977858
0.6703852415752557
0.6704050607352912
0.6704227198085213
0.6704391490148626
0.6704554888269237
0.6704738751709872
0.6704936634825239
0.6705147816406719
0.670532800696455
0.6705506595736425
0.6705699840967929
0.6705922246626341
0.6706201197022341
0.6706473991382843
0.6706747458133783
0.6707071271943428
0.6707265952877033
0.6707470501521001
0.670764551866061
0.6707803807109135
0.6707972116669726
0.6708186197133092
0.6708395998679799
0.6708602216564924
0.6708805370074782
0.6709022977376079
0.6709274801703514
0.6709583219113945
0.6709993484978223
0.6710509946955546
0.6711074702180617
0.6711564431213444
0.6712047881391711
0.6712564414926306
0.6713143251314841
0.6713839049233934
0.671468736346968
0.6715798143322473
0.6717346659742381
0.6719692462847764
0.6723108160204643
0.6727011433390487
0.6731474485069492
0.6736635102462876
0.6742644867225159
0.6749736689078377
0.6758190105099655
0.676841035851448
0.678055431609448
0.6794789418076012
0.6799
0.6799036298300564
0.6799108894901692
0.6799254088103949
0.6799375539779577
0.6799490291003235
0.6799605262818837
0.6799724725136869
0.6799863279777113
0.68
0.6800036298300565
0.6800103995828644
0.6800201316764353
0.6800309764553628
0.6800424234512873
0.680054840241603
0.6800670917129297
0.6800804617169243
0.6800973034943023
0.6801211454198284
0.6801531182425109
0.6802042745010655
0.6802698600919125
0.6803383865577518
0.68041696042795
0.6805087093532972
0.6806162294123868
0.6807584453950175
0.6809823791766718
0.6814302467399804
0.6820917499910927
0.6832672733072079
0.6856183199394384
0.6887180191771484
0.6899
0.6899041095745438
0.6899123287236316
0.6899287670218072
0.6899426737354468
0.6899570040930152
0.6899769608136415
0.6899884804068208
0.6900000000000001
0.690004109574544
0.6900109154639805
0.6900202903616681
0.6900390401570433
0.6900549334962433
0.6900718568112827
0.6900915002532243
0.6901141053991454
0.6901338222860751
0.6901519229033541
0.6901705141205844
0.6901937661310196
0.6902212498328593
0.6902412608950415
0.6902598443557494
0.6902791502755334
0.6902992969596775
0.6903176778793323
0.69033180352682
0.6903438111045809
0.6903568816421429
0.6903689158711418
0.6903820836990815
0.6903946768224707
0.6904079927612266
0.6904238475128388
0.6904427907214711
0.6904664672158931
0.6904900118108711
0.6905132958994639
0.6905329923753075
0.6905506421800924
0.6905684949557286
0.6905908462560305
0.6906111207444618
0.6906266867745122
0.6906402979943443
0.6906530539978358
0.6906658373210326
0.6906800857280891
0.690698932031891
0.6907200722001683
0.6907362786357082
0.6907520825505729
0.6907689188244327
0.6907875106930791
0.6908102162243238
0.6908357330916091
0.6908609524621864
0.6908888269955776
0.6909180197665689
0.6909427707296583
0.6909623378925934
0.6909801171443236
0.6909977764760213
0.691017405224554
0.6910453905297351
0.6910750408383982
0.6910981410317555
0.6911210504144569
0.6911457040834814
0.6911750610921099
0.6912114034961169
0.6912609802996627
0.691333518817356
0.6914465097191052
0.6915684616119346
0.6917004342452004
0.6918523846660417
0.6920279711029922
0.6922478846045046
0.6925412349816412
0.6929423322031416
0.6934080539980741
0.6939470175269168
0.6945750528054059
0.6953121345069715
0.6961923931699048
0.6972379220124463
0.6984932166343577
0.6999
0.6999020143013008
0.6999060429039026
0.699914100109106
0.6999234388705612
0.6999325046070951
0.6999440354280878
0.6999576471991036
0.6999711688519935
0.6999813210259551
0.6999902742835845
0.6999951371417923
0.7000000000000001
0.7000020143013009
0.7000043066878039
0.7000088914608098
0.7000160625348132
0.7000228342457417
0.7000300902852441
0.7000396009960785
0.7000503413976243
0.700059394698266
0.7000686162640775
0.7000792886264435
0.7000921546409854
0.700110395237313
0.7001250848801254
0.7001366233842522
0.7001466177866984
0.7001557244423054
0.7001648749169704
0.7001756015160946
0.7001855786020045
0.7001966321930971
0.7002061270939498
0.7002147700990167
0.7002227097560226
0.7002296802598288
0.7002358283404438
0.7002415350190293
0.7002473336457288
0.7002543433108446
0.7002604416013917
0.7002669901002664
0.7002731036490226
0.7002793337044579
0.7002862346022516
0.7002942861053201
0.7003043124993925
0.7003146135467511
0.7003281898511683
0.7003392889482078
0.7003511062655234
0.7003648303566048
0.7003835671920287
0.7003989035810125
0.7004116327772728
0.7004240787510774
0.7004366848451806
0.7004500279627675
0.7004645957484436
0.7004813640746251
0.7005024753901714
0.700523134559052
0.7005411067842889
0.700558320955938
0.7005762851627461
0.7005931532956813
0.7006065934418131
0.7006187079426924
0.7006309154027911
0.7006451523498112
0.7006614422148666
0.7006780779112834
0.7006931173780545
0.7007087342622988
0.7007262928832417
0.7007473547677151
0.7007752665682669
0.7008105500131232
0.70085826552665
0.7009003951955685
0.7009375181594336
0.700975190619225
0.7010156490581676
0.7010618535031119
0.7011180501319783
0.7011875086226528
0.7012797481041596
0.7013845857570006
0.7014810042004063
0.7015887301413622
0.7017338656105054
0.7018567976563719
0.7019956903686383
0.7021597684083837
0.7024025848364538
0.702830534060166
0.7033345710973343
0.7039096609751976
0.7045752636833704
0.7053504601288884
0.7062753311184352
0.7073738828049844
0.7086639966070206
0.7101788071465988
0.7119568261502185
0.714044017983674
0.7164945809840126
0.7193703372170254
0.7227398203148017
0.7266757212277819
0.7312508405628156
0.7365376916733344
0.7426158872082248
0.749586089931751
0.7575844047634244
0.7667942951729274
0.7767942951729274
0.7867942951729274
0.7967942951729274
0.8067942951729274
0.8167942951729275
0.8267942951729275
0.8367942951729275
0.8467942951729275
0.8567942951729275
0.8667942951729275
0.8767942951729275
0.8867942951729275
0.8967942951729275
0.9067942951729275
0.9167942951729275
0.9267942951729276
0.9367942951729276
0.9467942951729276
0.9567942951729276
0.9599
0.96
0.9601999999999999
0.9605999999999999
0.9613999999999998
0.9629999999999996
0.9661999999999993
0.9725999999999986
0.9825999999999986
0.9925999999999986
1.0
