0.0
0.001
0.003
0.007
0.0099
0.009901268672547989
0.009903806017643966
0.009908880707835918
0.009912849477605172
0.009917960024121708
0.009923412330177711
0.009930620585992268
0.009938499739066893
0.009944593076223588
0.009950662359819095
0.009957564585332965
0.009966388515218132
0.009980794304607648
0.009990397152303824
0.009995198576151911
0.009999999999999998
0.01000126867254799
0.01000329203801335
0.01000711235159989
0.01001305477277082
0.01002295981125142
0.01003421783772929
0.01004442463268342
0.01005526003347766
0.01006745676807066
0.01008197846462682
0.01009747239837552
0.01010845999018401
0.01011643697291559
0.0101229855772851
0.01012879444453167
0.01013367973575902
0.01014036531819999
0.01014636928039566
0.01015370972748432
0.01016137298879746
0.01016688926235751
0.01017166021647013
0.01017631315419784
0.01018093070446893
0.01018781879188006
0.01019425982493189
0.01020320768591826
0.01021211016421155
0.010220979955519
0.01022888027290099
0.01023656093689652
0.01024466994455541
0.01025370761958251
0.01026436138640574
0.01027736599708607
0.01029392260573483
0.01031549596884535
0.01033884912131215
0.01036169163644636
0.01038534044480048
0.01041100923508415
0.01044017505388913
0.01047525396480571
0.01051132088618119
0.0105662383129895
0.01062282688070344
0.01068042594009598
0.01074588610289804
0.01080666700394118
0.01088714346023578
0.01095235581604692
0.01101325168724738
0.01103119628306035
0.01105305839871443
0.01107127204351117
0.01109047670033621
0.01110949772279578
0.0111255455640718
0.0111426270100502
0.01116294443269111
0.01117833459299883
0.01119856246984768
0.0112180227886018
0.01125340358812288
0.01129069481535334
0.01131957960554764
0.01134475511001105
0.01137380492595001
0.01139935671744502
0.01142237747798285
0.01144448777491477
0.01146677437273214
0.01149177584911089
0.01151834636623417
0.01154658268548621
0.01156832465793454
0.01158739784446284
0.0116055994690999
0.01162371421276382
0.01164315221481654
0.01166631576861666
0.01169507816818777
0.01172412120643573
0.01174865164297794
0.01177301358928927
0.01179916478631447
0.01182904708457408
0.01186643483537
0.0119134935179289
0.01197805839243507
0.01207197657338566
0.01214030301241854
0.01222128443327312
0.0123038735013533
0.01237690697231623
0.01245672179374415
0.01253957181338879
0.01264963844421031
0.01274884901800685
0.01283391185839064
0.01292357589857774
0.01300152915916652
0.01307150571518568
0.01313945374255833
0.0132112119864234
0.01330868875886791
0.01339451335649225
0.0134555510267471
0.01351016417261469
0.01356338679658006
0.01361974800545214
0.01368745944548422
0.01380465153561296
0.01389449617045118
0.01396970523091462
0.01404698637928994
0.01412970249265191
0.01422887974404576
0.01435035855291109
0.01451440690601141
0.01473860001787638
0.01506124061627137
0.01555999402220819
0.01607013809196687
0.01655177562056345
0.01702806925182002
0.01756498366195029
0.01822494534253423
0.01928005303163458
0.0199
0.01990218711389397
0.0199065613416819
0.01991008319495909
0.01991347920846896
0.01991845459384346
0.01992585366418134
0.01993325859584968
0.01994033437240282
0.01994732041163585
0.01995446877097835
0.01996187217189904
0.01997121588251495
0.019979117698403
0.01998476286639676
0.01999002725734699
0.0199959590257207
0.02
0.02000218711389397
0.02000439514783459
0.02000819377212955
0.02001250262520675
0.02001743208301079
0.02002272679568326
0.02002874352841013
0.02003707626191455
0.0200437577217938
0.02004918726004873
0.02005433483890275
0.02005917834810291
0.02006360722124235
0.02006753542072562
0.02007109210326398
0.02007456720649347
0.02007845630535839
0.02008233179071868
0.02008665984349109
0.02009040828697359
0.02009412195960164
0.02009815070204048
0.02010277473711362
0.02010853508425079
0.02011586682041343
0.02012235951232485
0.02012822449726323
0.02013401572865814
0.0201404348881411
0.02014595553687448
0.02015237910333529
0.02015759497367105
0.02016213447724837
0.02016639926658763
0.02017052348380416
0.02017482553723617
0.02017931019753873
0.0201830813600933
0.02018611512996276
0.02018896388897908
0.02019143343550312
0.02019392802870525
0.02019645844296959
0.02019921455689894
0.02020273412596291
0.02020586737283015
0.02020894973791602
0.02021179367676598
0.02021459498297792
0.02021755830551477
0.02022084536914416
0.02022464659723823
0.020229187451364
0.0202347906455671
0.02024212619625117
0.02025324851619813
0.02027230235619261
0.02028885086587337
0.02030181881569574
0.02031197436662243
0.02032023932435383
0.02032648753969097
0.02033196867350651
0.02033705719151332
0.02034347809576201
0.02034830281204266
0.02035259192611284
0.02035644022889031
0.02036023876313912
0.02036360666246536
0.02036815460057019
0.02037280718530216
0.02037747441348054
0.02038220225120858
0.02038682845918614
0.02039122843941129
0.02039532216305874
0.02039907519097529
0.02040250803343741
0.02040567880284407
0.02040866012641776
0.02041153063688111
0.02041437447249534
0.02041729049666301
0.02042042095177809
0.02042404144777747
0.02042912453231486
0.02043483097735223
0.02043915172380629
0.02044327396063676
0.02044756335934746
0.02045226639694443
0.02045743358579008
0.02046337067691262
0.02046869293187989
0.02047434675686675
0.02047856980207232
0.0204820519074689
0.02048529490942778
0.02048855962628431
0.02049218888736852
0.02049670406991607
0.02050123913703316
0.02050524701017401
0.0205093374448036
0.02051373839395516
0.02051883623684968
0.02052499449243602
0.02053059535099539
0.02053624016919746
0.02054238133090126
0.02054940330043074
0.0205581618479693
0.02056780205781779
0.02057096862170895
0.02057447916557965
0.02057756804363456
0.02058059055739254
0.02058349852058115
0.02058655838067244
0.02059081571130382
0.02059785078169168
0.02060831433591103
0.02061990394896419
0.02063226256138534
0.02064435384062221
0.02065684728124585
0.02067047081036159
0.02068649447280715
0.0207055202435883
0.02072999073435878
0.02076036496786537
0.02078946678498995
0.02081666942137272
0.0208449012925373
0.02087680985836492
0.02091512330805157
0.02096550764070028
0.02103612997169102
0.02114582838921857
0.02127515559151283
0.02139915009857426
0.02157222547251715
0.02171885539920851
0.02185013085163502
0.02200255084130878
0.02219443989502345
0.02252932461357831
0.0229613167176556
0.02345001713525869
0.02400560951828189
0.02464008850566856
0.02537658339502296
0.0262252661636997
0.02720499633406556
0.02833659790933973
0.02964313460489112
0.0299
0.02990375925209499
0.02990995539530922
0.02991400562152985
0.02991784544578699
0.0299232010702815
0.02993049913664457
0.0299426478007462
0.02995702959393781
0.02997649824107082
0.02998824912053541
0.03
0.03000375925209499
0.03000964502969174
0.03001508457655037
0.03002596367026765
0.03003665081935993
0.0300483556515495
0.03006244975529162
0.03008006010250945
0.03009844602077051
0.0301196844774855
0.03013947480285828
0.03015693724843857
0.03017325828559129
0.03018956104652046
0.0302079653357279
0.03022811818871435
0.03024940775587564
0.0302673375493097
0.03028487498254024
0.0303035696052735
0.0303240980775966
0.03034350418929871
0.0303585863706537
0.03037095493120571
0.03038366376812817
0.03039672073376152
0.03041073578905839
0.03042352367120527
0.03043698825497106
0.03045235374958127
0.03047148209174695
0.0304973849582258
0.0305184366461139
0.03053523222998694
0.03054972826231655
0.0305626669782508
0.03057505436039286
0.03058793555023291
0.03060308839040832
0.03061616775596224
0.03063201712981412
0.03064524080129481
0.03065701568603272
0.03066836785576792
0.03067950152209971
0.03069093205941052
0.03070338586249237
0.03071865033394747
0.03073328243211559
0.0307497312454145
0.03076447893120327
0.03077912992470439
0.03079498927197125
0.03081303285692036
0.03083519039043025
0.03086297625354864
0.03090049892431504
0.03095483128990537
0.03104227490138258
0.03121294434157182
0.03142805366652306
0.03166675368134875
0.03193719740984887
0.03224512860675427
0.03259976185716414
0.0329051182020812
0.03316352332205715
0.03342865905137558
0.03368322435209142
0.03396416075130002
0.03444986986425835
0.03517601647486662
0.03603726338242068
0.03703712211138949
0.03821067376848999
0.0396207106379427
0.0399
0.03990388578676554
0.03991165736029663
0.03992690019543388
0.03993962360099379
0.03994916383196907
0.03995865075738601
0.03996873061097089
0.03998097444732702
0.03999147338269751
0.04
0.04000388578676554
0.04000880061394496
0.04001760963502298
0.04002773959827666
0.04003793952369437
0.04004851939331842
0.04005943344873356
0.04007215614188794
0.04008805985493462
0.04010664597530884
0.04012309166380159
0.04013758705522911
0.04015078753834196
0.04016315096513429
0.04017554160030761
0.04018787653692944
0.04019702038989346
0.04020395419278174
0.04020938536417901
0.04021391651353106
0.04021783618898042
0.0402213823424814
0.04022475822502821
0.04022807098945506
0.04023139518551323
0.04023479350781202
0.04023832415895619
0.04024205463472703
0.04024608444994451
0.04025061039632565
0.04025618439552941
0.04026511197370319
0.04027214301522355
0.04027818630013355
0.04028435969864044
0.04028925923477054
0.0402928101993858
0.04029626604757334
0.04029915845052762
0.04030143200058107
0.04030402932617427
0.04030613484119193
0.04030844644194161
0.04031031084813798
0.04031242779149232
0.04031446199951334
0.04031646161081163
0.04031851300799002
0.04032064973537518
0.04032292881068204
0.04032544965708638
0.04032849229039525
0.04033144978664374
0.04033465564250312
0.04033736702607679
0.04033995122488668
0.04034274392328143
0.04034601371565495
0.04035011526564546
0.04035543083255128
0.04036243585950872
0.04037192980883092
0.04038348630192962
0.0403944349932232
0.04040485112074248
0.04041253373607111
0.04041847446952533
0.04042414201046852
0.04043153795339417
0.04043901243706345
0.04044511180854182
0.04045159781804843
0.04045911809923287
0.04046667895975135
0.04047442856950237
0.04048161964291629
0.04048847619640914
0.04049540738095404
0.04050299152683001
0.04051201920836617
0.04052137549538356
0.04053059143180384
0.04053931443170213
0.04054841455758201
0.04055855568547944
0.0405664127365439
0.0405711360014721
0.04057638995498669
0.04058070073860407
0.04058536660098994
0.04058990770869018
0.0405944528196809
0.04060040075551288
0.04060851056847719
0.04061779718038876
0.04062832360926855
0.04064259803557638
0.04065390267876184
0.04066629433934518
0.04067888014527877
0.04068935088804929
0.04070112916500122
0.04071053714094289
0.04072187560533486
0.04073291217908678
0.04075408879384871
0.04077308485611954
0.04078870803572677
0.04080536153564809
0.04082174488146003
0.04083897862711727
0.04085893691840885
0.04088330448196132
0.0409143154453953
0.04095545225102895
0.04101170389338422
0.04107614693839765
0.04116333495739791
0.04126312358070099
0.0413568605801698
0.0414552852387724
0.04157781216614904
0.0417567191460488
0.04206677364156257
0.04238454805192991
0.04262308916370323
0.04284742795962102
0.04307692648234232
0.04331064700396235
0.04358668912105408
0.04381447731174822
0.0439944983047139
0.04415952776250084
0.04434435398249526
0.04460845931478626
0.04486541761644974
0.04511693630808821
0.04540196521166822
0.04570934925940277
0.04604930229980793
0.04649428177999595
0.04701432568539891
0.04759280384611565
0.04823721525361559
0.04899835077945078
0.04974206023976478
0.0499
0.04990491062890168
0.04991473188670505
0.04992497138266546
0.04993549073275195
0.04994690861853372
0.04995949015693325
0.04997652572229399
0.04998943098167255
0.05
0.05000491062890169
0.0500120600470448
0.05002245506477668
0.0500337799393944
0.05004723818621881
0.05006262734516188
0.05008106999150376
0.05010219227520216
0.05012262405273404
0.05014287505056431
0.05015792056731234
0.05017119306135615
0.05018544205464282
0.05020573170591717
0.05022363872484707
0.05023917217223133
0.05025478527084838
0.05027254740820272
0.05030128898287653
0.05032739250624423
0.05035054175428585
0.05037352722792054
0.05040289699540935
0.05042879485056474
0.05045458822388595
0.05048415957968513
0.05052080728058458
0.05055025626299457
0.05058305441167903
0.05063815800684616
0.05072488493820568
0.05082737652362484
0.05093721986068604
0.05096995509101553
0.05100476926059948
0.05102467850938683
0.05104979389913961
0.05107051378210749
0.05109574179946126
0.05111962708543101
0.05113959928616914
0.05116141383179038
0.05118812732027884
0.05122259212207707
0.05125072378995138
0.05127259562171953
0.05129512705658209
0.05131801607757375
0.05134241242635844
0.05137494567546805
0.0514362022116014
0.05150792916350486
0.05158833768736856
0.05167810814993591
0.05177367265667313
0.05189174280367399
0.05196604161395876
0.05204381409489021
0.05211574935202052
0.05221216101389656
0.05228802183256509
0.05237055031356977
0.05250589262900979
0.05271500505633517
0.05294922377998389
0.05318078853532834
0.05350449028660602
0.05374002310944833
0.05399993088968843
0.0543737998020748
0.05493485246375897
0.05559999519581069
0.05636855910102549
0.05725947867236018
0.0582717009845922
0.05937097497525176
0.0599
0.05990649872208424
0.0599194961662527
0.05994203251376876
0.0599579395587975
0.05997817251659104
0.05998908625829552
0.06
0.06000649872208423
0.06001495762115795
0.06002311430862648
0.06003700291408207
0.06004997543858189
0.06006099144780596
0.0600711631641281
0.06008126435427357
0.06009333742004479
0.06010321007107884
0.06011363678229156
0.06012324060503489
0.06013247813910402
0.06014130886032937
0.06014880028773693
0.0601551167867344
0.06016138830050124
0.0601701464172797
0.06017829287854092
0.06018498842147261
0.06019196038455827
0.06019974841282134
0.06020941321830935
0.06022254780645443
0.06023983725351154
0.06025854526371571
0.06027333712623196
0.06028486183744668
0.06029487506549654
0.06030460863578004
0.06031627104634773
0.06032511995247776
0.0603346006097334
0.06034297980425777
0.06035057952927898
0.06035791054745939
0.06036523466310522
0.06037316797600219
0.06038354228362328
0.06039268152642788
0.06040165379758626
0.06041030288986615
0.06041933766284244
0.06042952801937676
0.06044197060792848
0.06045756709409889
0.06047884547871349
0.06051012103000215
0.06056173788991565
0.06063979073477872
0.0607234987064119
0.06081841917451231
0.06092685580563258
0.06105928387066125
0.0612321685921463
0.06147657145239619
0.06182173689845891
0.06211169136949251
0.06237430064325814
0.06258271848987337
0.06280024372507279
0.06305351648603863
0.06331207106033276
0.06368199756007875
0.06412721233819339
0.06497330608614853
0.06596490938327994
0.06710031072274879
0.06843053620877922
0.0699
0.06990208316941884
0.06990624950825652
0.06991458218593188
0.06992187855229524
0.06993325029916507
0.06994640951383321
0.06996268484818727
0.06998076934161708
0.06999038467080854
0.06999519233540427
0.07
0.07000208316941885
0.07000464933383482
0.07000873578777905
0.07001230063637631
0.07001943033357083
0.07002442586557668
0.07002848630106218
0.07003269250772273
0.07003719387294245
0.07004228440053066
0.07004740178289982
0.07005123087227672
0.07005411381634051
0.07005689136420899
0.07006114370142422
0.07006439164275399
0.07006721836339927
0.07007025233375593
0.07007384738931677
0.07007832747522984
0.07008483473827115
0.07009149368477038
0.07009657834611771
0.07010069114941919
0.07010428151271866
0.07010765566745611
0.07011121983971084
0.07011588048801062
0.0701194387084695
0.07012301762648156
0.07012626478670037
0.07012932427959817
0.07013233084990747
0.07013526858341754
0.07013817070756498
0.07014114909207397
0.07014447440103475
0.0701492986051591
0.07015376826044685
0.07015726972886559
0.0701607346904955
0.07016443287456788
0.07016871077869068
0.07017413350611283
0.0701811956859982
0.07018935333123288
0.07019722347135152
0.07020515549771345
0.07021388591022835
0.07022315025449193
0.07023122736542185
0.07023822156588226
0.07024469386490922
0.07025124094801874
0.07025912171377112
0.07026981340134467
0.07027753110748836
0.07028453377919587
0.07029193589837283
0.07029943558112642
0.07030727307035209
0.07031667646577394
0.07032842073637191
0.07033940275806869
0.07035007752518689
0.07036128499895145
0.07037287327832953
0.07038390741874946
0.070393105084964
0.07040111377836668
0.07040860121619516
0.07041605097208513
0.07042418729750899
0.07043241408319645
0.07044001093905233
0.07044740104938796
0.07045514403687232
0.07046421101935721
0.07047415564057971
0.0704841856107824
0.07049324644386498
0.07050251601220832
0.07051275354257125
0.07052393004713582
0.07053658143655535
0.07055062874757431
0.07055987397327827
0.07056563001052744
0.07057206765906507
0.07057723507662032
0.07058277967914635
0.07058814316944868
0.07059358869756249
0.07060089702078144
0.07061075961578694
0.07062340803497937
0.07063951764877993
0.0706598473636075
0.0706792006750871
0.07069969315434389
0.0707146950773684
0.07072909996049954
0.07074336447168239
0.0707604733499261
0.07077779059961761
0.07080574412944854
0.07082682430719109
0.07085551943153905
0.0708783879003988
0.07090135991814903
0.07092822818316304
0.07096086701798968
0.07100371905390843
0.07105469339219395
0.07111761971553592
0.07119972232976152
0.07129209822639702
0.07139633433666157
0.07152614870939966
0.07163336989564151
0.07167358118566611
0.07172627436598215
0.07174375335777426
0.07177871134135848
0.07178508841444875
0.0717978425606293
0.07181100744902469
0.0718239783366372
0.07183712035786881
0.07184774520865572
0.07185906856938859
0.07186666389821092
0.07187516370987974
0.07188146610582048
0.07189141421267109
0.07189863678463049
0.07190577003673392
0.07191490112197267
0.0719316566053689
0.07195978908988751
0.07199122030212943
0.07202646386246951
0.0720667572471037
0.07211291475820693
0.0721664025391578
0.07222877384586116
0.07230141858092934
0.07238540185063697
0.0724524509418464
0.07250221992117645
0.07254756609281059
0.0725955287399456
0.07266320444160297
0.07273581291824664
0.07279561676301564
0.07285866402543788
0.07290697525933017
0.07294415075161387
0.0729766837200121
0.07300645981357393
0.07303710956029008
0.07307502161457066
0.0731135339181627
0.0731479627605817
0.07317717470541427
0.0732008673707657
0.07322028038861568
0.07323746565043299
0.07325448192552848
0.07327453931958247
0.073292530202474
0.07331263808675934
0.07333132177140742
0.07335045726618271
0.07337191350751991
0.07339563372826631
0.07341728058090027
0.07343756627479173
0.07345815733972708
0.07348279876834785
0.0734961638622196
0.07350976601566765
0.07352184990546091
0.0735331539773835
0.07354589583074174
0.07356579450895018
0.07358268951722151
0.07359691863318053
0.07361184277024792
0.07362861977169408
0.07364955291664625
0.0736774046373844
0.07371173131306669
0.07374780033920605
0.07378455165218023
0.07381738109472567
0.07385047691663238
0.0738866778998542
0.07392780468274515
0.07397748729728587
0.07404070068326976
0.07412348122423607
0.07419750729673483
0.07426538432035525
0.07431318360218976
0.07435897365080385
0.07440672298876297
0.07448120298958871
0.07454932412859491
0.07461722374247555
0.07470179898663545
0.07480673062215164
0.07497105789451855
0.07529971243925238
0.07574326512816369
0.07620078649226103
0.07671703854053674
0.0773596377750777
0.07788923932283762
0.07842124574576433
0.07904079663864062
0.07990000000000001
0.07990208316941885
0.07990624950825653
0.07991458218593189
0.07992338468796852
0.07993216455696675
0.07994302153772644
0.07995525173456997
0.07996882040254906
0.07998100199516413
0.07999152429927771
0.08
0.08000208316941884
0.08000592043371152
0.08001037846072648
0.08001487249928622
0.08002095290189264
0.08002889795593604
0.08003464373344808
0.08003988469169351
0.0800453613949319
0.08005143094569335
0.08005895515829436
0.08006855621522561
0.08007842046664641
0.08008723012216515
0.0800954558410499
0.08010383318266409
0.08011074475309957
0.08011618207053942
0.08012158240753446
0.08013008560692593
0.08013612774716987
0.0801415140279899
0.08014736258725026
0.08015445608107216
0.08016361565522198
0.08017537824151688
0.08018498793755911
0.08019298307179959
0.08020035581462631
0.08020782675466012
0.08021747233205291
0.08022443692872605
0.08023140770455389
0.08023769293192475
0.08024340322165992
0.08024888147631118
0.08025433636734947
0.08026022732715174
0.08026798370675298
0.08027660337845824
0.08028323404454103
0.08028957831399136
0.08029631721513811
0.08030375617858078
0.08031115258242745
0.08031921902842813
0.08032634452560422
0.08033268362254987
0.08033867855708168
0.080344730960141
0.0803519480125525
0.0803560215782579
0.08036058647211083
0.08036440220711362
0.08036767917026273
0.08037097080127234
0.08037455019190148
0.08037916180682812
0.08038373306646648
0.08038766528534641
0.08039167689770316
0.08039600712951278
0.08040106363796251
0.08040497139389371
0.08040717808175296
0.08040979117050322
0.08041179388154095
0.08041394456810819
0.08041607291719387
0.08041812383841182
0.08042077185162569
0.08042460130129886
0.08043131469359768
0.08043972333339457
0.0804508358429342
0.08046288510131346
0.08047575665569523
0.0804889155980947
0.08050219794692912
0.0805162695295969
0.08053177148638159
0.08055000913750701
0.08057150691733887
0.08059866719506599
0.08063402693877761
0.08067938773681965
0.08073084839271896
0.08077997351551298
0.08081746611664609
0.08083985596352791
0.08086365751554148
0.0808830491696702
0.08091138275689819
0.08093235813992423
0.08095177064892121
0.08097433928736414
0.08100270199473585
0.08102260103288829
0.08104225120047229
0.08106263504497063
0.08108704243515055
0.08110718588406739
0.0811297586478645
0.08116537483313901
0.08122325560216859
0.08129142207374974
0.08136812037477843
0.08145548115163406
0.08154413766170684
0.08164731070823451
0.0817769346457076
0.08185178453610246
0.081928122368036
0.08200384469689895
0.08209859717636092
0.08217543691454901
0.08226048939695793
0.08239978773842661
0.08262448797086361
0.0829122874443982
0.08324268969116125
0.08362320785322273
0.08406239641228945
0.08457301486311221
0.08517127106195525
0.08577560209637335
0.08658785720573486
0.08722948396337765
0.08781714280376882
0.08855942183031236
0.08970492936106696
0.08990000000000001
0.08990192158314449
0.08990576474943344
0.08991345108201136
0.08992306488942273
0.08993293507983602
0.08994296505161671
0.08995360446966762
0.08996530079846779
0.08997482657390506
0.08998222173366278
0.08998937156372372
0.08999468578186186
0.08999734289093092
0.09
0.09000192158314448
0.09000384316628895
0.09000768633257791
0.09001342280783577
0.09001878353816468
0.09002468650897609
0.09003312776608269
0.09004169338199701
0.09004871954530602
0.09005598887996871
0.09006441666655898
0.09007451436321946
0.09008528477649216
0.09009710653921013
0.09011491272355052
0.09012905927380117
0.09014028926208642
0.09015153286292686
0.09016345442918036
0.09017753889391324
0.09019126299808042
0.09020152093327598
0.09020969778495015
0.09021820625511015
0.09022630802802373
0.09023507274169956
0.09024345871654427
0.09025246574138207
0.09026337046434171
0.0902767741470289
0.09029577864855637
0.09031236363747722
0.09032527759280264
0.09033637311000307
0.09034668073120572
0.09035761096791636
0.09037447452842415
0.09038646101068949
0.09039545992828911
0.09040366566400632
0.09041128630626563
0.09041890395131517
0.09042720334027744
0.09043782364976506
0.09044731738517738
0.09045705254214881
0.09046622523249294
0.09047561353127306
0.09048597234058915
0.09049833023975999
0.0905133197114297
0.09053302822325887
0.09055781954976187
0.09058681152515263
0.09062222086785383
0.09066717183007486
0.09073133864930899
0.09082599369793211
0.09097819281528505
0.09114745014878455
0.09133556329857721
0.09154475371816527
0.09179128168489482
0.09209582423033912
0.09245757767116787
0.09288144298439904
0.09337791048646184
0.09396022854648585
0.09464633888518183
0.09545941039192794
0.09642982190954479
0.09759898190303246
0.09903557413671464
0.0999
0.09990260001451837
0.0999078000435551
0.09991820010162855
0.09992744401104568
0.09993775392991706
0.09994957403928298
0.09996279378950931
0.09997887055371538
0.09998943527685769
0.09999471763842885
0.1
0.1000026000145184
0.1000058753082421
0.100010960510234
0.1000149555992409
0.1000199819850483
0.1000246649917789
0.1000298734642533
0.1000344650657747
0.1000389078744911
0.1000435300515974
0.1000482047825121
0.1000522394605169
0.1000554038189679
0.1000582782956569
0.1000617487114654
0.1000661294488785
0.1000692902579693
0.100072439389152
0.1000759238990455
0.100080156439519
0.1000860106848555
0.1000941667135298
0.1001036658075136
0.1001105446751945
0.100115784574676
0.1001203275324287
0.100124668027827
0.1001296747302079
0.1001335087903909
0.1001382752399029
0.1001424468995854
0.1001462244301305
0.1001498255603327
0.1001532393255578
0.1001565927734364
0.1001601255774281
0.1001644588849329
0.100168266759666
0.1001723814396206
0.1001762083438709
0.1001800971809506
0.1001843757188156
0.1001894635332033
0.1001956337874365
0.1002037654708762
0.1002151580134035
0.1002325871003781
0.1002635859172191
0.1003255835509011
0.1004311219385403
0.1005490930435928
0.1006773501701791
0.1008217721211405
0.1009864168170245
0.1011777332367401
0.1014022439396597
0.1016664062838479
0.1019772325375132
0.1023426543329337
0.1027671114054023
0.1032592238811447
0.103829870513375
0.1044929087281691
0.1052676066483485
0.1061787066007308
0.1072589879634626
0.1085534505298889
0.1099
0.1099030575910959
0.1099091727732876
0.109921403137671
0.1099340614265411
0.1099472374722622
0.1099627607055671
0.1099800561506485
0.11
0.1100030575910959
0.1100091727732876
0.11001923340386
0.1100318333040008
0.1100460830265048
0.1100629350831686
0.1100827271717738
0.1101053628712596
0.1101303063696163
0.1101586855149647
0.1101920308136952
0.1102313261009789
0.1102749173999921
0.110323489361202
0.1103780319139471
0.1104453276612625
0.1105311189581726
0.1106325584980409
0.1107508301296656
0.1108750429472031
0.1109813090268703
0.1110958793246068
0.111206020473505
0.1113316793533781
0.111487540795097
0.1116828486514176
0.1118493936908508
0.1119826589372639
0.112108547506305
0.1122270341677033
0.1123275099560813
0.1124224493413549
0.1125240237376967
0.1126629575419124
0.1128118601145067
0.1129271529196102
0.1130421740203301
0.1131686751875656
0.1133208239097628
0.1134341075290472
0.1135333443865827
0.1136358589509838
0.1137550627769441
0.1139056929522961
0.1140511277613257
0.1141873200282364
0.1143333252554451
0.1144974097237672
0.1146875716071084
0.1149127091201582
0.1151827031239053
0.1154993760127509
0.1158584330949675
0.1162948521538252
0.1168539211664124
0.1176428597088941
0.1187291426169495
0.1199
0.1199031327913614
0.1199093983740843
0.11992192953953
0.1199327779258651
0.1199484002673618
0.1199635577323954
0.1199770297003269
0.1199894155701002
0.12
0.1200031327913614
0.1200077051984485
0.1200132056339172
0.1200203538097461
0.1200271729426252
0.1200334096114364
0.120039618483146
0.1200467253948238
0.120054274389452
0.1200610526121091
0.1200672091129342
0.1200732410340228
0.120080004949576
0.1200871499569193
0.120092664856804
0.1200973106962788
0.1201016446855286
0.1201056453137136
0.1201105435395853
0.1201164716517669
0.1201208462951013
0.1201252252622403
0.1201300732019742
0.1201360497777
0.1201430875442394
0.1201490466830929
0.1201541344310104
0.1201603049272784
0.1201665695652177
0.1201718679730653
0.1201779494991548
0.1201838772706791
0.1201901473205627
0.1201988518056809
0.1202066924515044
0.1202123978281158
0.120217480606663
0.1202221773100426
0.120226657714272
0.1202312148678205
0.120236280088294
0.1202391281852777
0.12024252423664
0.1202452283827509
0.1202490630221798
0.1202520063669165
0.1202548131653626
0.1202583831986421
0.1202633144422151
0.1202698502989949
0.1202762580339531
0.120283503042559
0.1202914296522337
0.1203005091732995
0.120309063473882
0.1203155001880325
0.1203211677653502
0.1203267681484474
0.1203327226727725
0.1203396088193193
0.1203484038352333
0.1203645006451458
0.1203759249304753
0.1203861432856032
0.1203961630810549
0.1204053102935444
0.1204167985947842
0.1204293428959322
0.1204440018499218
0.1204623365800976
0.1204846722843908
0.1205044436998184
0.120522431131006
0.1205418627008693
0.1205564895605376
0.1205722640909017
0.120586186797499
0.12059961283226
0.1206147520224317
0.1206277618680436
0.1206414790419596
0.1206517615523747
0.12065974987803
0.1206669451999749
0.1206743984260094
0.1206821464204123
0.1206903745545066
0.1206969072587822
0.1207027632885947
0.1207083418988643
0.1207138157749328
0.1207195750793444
0.1207263852315761
0.1207332407677512
0.1207409020566836
0.1207476246562225
0.1207543035754007
0.1207615566524935
0.1207698815355567
0.1207802909789289
0.1207935428030666
0.1208118772452011
0.1208363382453608
0.1208668198162684
0.1209037916476101
0.1209308324852694
0.1209550341925819
0.1209791742097328
0.1210059945943297
0.121024918914465
0.1210433184728258
0.1210677856733096
0.121093464854878
0.121117763688913
0.1211441971029832
0.1211768227007758
0.1212270910512265
0.1212943820191553
0.1213888188537698
0.1215230104348483
0.1217280359825538
0.1217826774929248
0.1218386283690801
0.121860505008137
0.1218881213891338
0.1219169406393217
0.1219387653545418
0.1219622567425071
0.1219848639671523
0.1220098224392797
0.12204087987524
0.1220810837752575
0.122131772384933
0.1221968160435594
0.1222816916904498
0.1223911284923688
0.1225462712468037
0.1227710326519972
0.1231393424277423
0.1235435856790026
0.1239740239088661
0.1244199077961001
0.1248209073491488
0.1252457949548347
0.1257356384911412
0.1264487875810427
0.1276002219136185
0.1291151312544566
0.1299
0.1299021643412802
0.1299064930238407
0.1299151503889616
0.1299222705189753
0.129929687008192
0.1299376653884105
0.1299463319325756
0.1299568489658071
0.1299655388031413
0.1299708444155455
0.129976656557991
0.1299808264243136
0.1299840734857064
0.1299871408839688
0.1299904428072166
0.1299959783466033
0.1299979891733017
0.13
0.1300021643412802
0.1300042923511491
0.1300065081268225
0.1300109396781693
0.1300161183835828
0.1300211099213009
0.1300238843618692
0.1300268169079005
0.1300290943036696
0.1300311345490295
0.1300340441122596
0.1300365824223919
0.1300387004795042
0.1300409546946787
0.1300435302676544
0.1300468282228275
0.1300502950411499
0.1300532766341438
0.130055999496946
0.1300587038285349
0.1300617601970212
0.1300647569322852
0.1300677418286559
0.130070831269653
0.1300739464366209
0.130077349452781
0.1300803545517851
0.1300830929076145
0.1300856772768202
0.1300880982058083
0.1300904024843769
0.1300927056031774
0.130095249216296
0.1300990297428912
0.1301022304104019
0.1301048045781091
0.1301073979342267
0.1301101895353929
0.1301134835781645
0.1301176727366427
0.1301206120275984
0.1301228893030831
0.13012491334321
0.130126841976838
0.1301289826138242
0.1301324087551288
0.1301351478867672
0.1301374360193914
0.1301398110739283
0.1301424307064215
0.1301456327254564
0.1301497154549284
0.1301543011264776
0.1301595123390085
0.1301643198119476
0.1301687557669035
0.1301729770579251
0.1301771478252653
0.1301816218760054
0.1301873581699453
0.1301941191552942
0.1301993447999883
0.1302042589464621
0.1302094464050423
0.1302152825531903
0.1302225564508395
0.130231276032887
0.1302414073961713
0.1302499919634686
0.1302594307116637
0.1302691606309767
0.1302798529379818
0.1302924378667394
0.1303082431444452
0.1303288086945518
0.1303549071223355
0.1303851512876593
0.1304213244499277
0.1304670235993659
0.1305129947494534
0.1305596026474116
0.130609478923178
0.1306648941967119
0.1307307072618253
0.1308102877573926
0.130913545292995
0.1310559495350319
0.1312221784340154
0.1313984524056978
0.1315896443734177
0.1318004525355259
0.1320358090744098
0.1323015308951067
0.1326041319590212
0.132952129539459
0.1333568269128598
0.1334696913196063
0.1335509990091876
0.1336071107546812
0.1336669713049831
0.1337202982054952
0.1337902492290494
0.1338520822821834
0.1339028619376613
0.1339564007009685
0.1340179445627866
0.1340975633655623
0.1342346054401881
0.1343590926759754
0.1344622342377697
0.1345654755738094
0.1346915466569948
0.1347897471177418
0.1349020245801549
0.1350757691073623
0.1352902492069667
0.1355375789068065
0.1358203587117183
0.1361429473924328
0.1365136942421624
0.1367996240320987
0.1369751104885981
0.1371591069914131
0.1373005842508759
0.1374367983023776
0.1376195499271861
0.1377629703425126
0.1378908049886284
0.1380242239587168
0.1381691277772095
0.1383354859970096
0.1385182152946904
0.138703956829386
0.1387911362630058
0.1388891404702602
0.1389667214099935
0.139046015945425
0.1391246662113205
0.1392094179123229
0.1393376374248215
0.1395330219527287
0.1398083453702621
0.1399
0.1399053182466807
0.1399159547400421
0.139935586328949
0.1399509838214143
0.1399682616774244
0.1399841308387122
0.1399920654193561
0.14
0.1400053182466807
0.1400118591159778
0.1400213493724081
0.1400350188125531
0.140048926220899
0.1400652874633712
0.1400838400691631
0.1401066361281331
0.1401338910067695
0.1401638570972136
0.1401990793203308
0.1402088878345044
0.1402285048628514
0.1402520588769722
0.140284682330015
0.1403380596628811
0.140409849237389
0.1404995781737759
0.1406097043541945
0.1407479298899308
0.1409242775037327
0.1411520274158626
0.1414494785047274
0.141843009656648
0.1423711374274932
0.1430364584441972
0.1438355731847365
0.1447547714779647
0.1458264713478692
0.147092441048214
0.1486636549070306
0.1499
0.149902077416929
0.1499062322507869
0.1499145419185027
0.1499235192662712
0.1499339003505234
0.1499471038289371
0.1499595434069954
0.1499695717162228
0.1499790912480679
0.1499898447469395
0.1499949223734698
0.15
0.1500020774169289
0.1500044624314154
0.1500092324603882
0.1500169278701491
0.1500270584518028
0.150036867034291
0.1500475831105754
0.1500582344386946
0.1500695477175494
0.1500811564885379
0.1500929702092152
0.1501058028666181
0.1501240730474225
0.1501394772908993
0.15015187477811
0.1501643286362222
0.1501776684920599
0.1501922863326622
0.150206041870081
0.1502162725796202
0.150224527542495
0.1502331735294641
0.1502414278250066
0.150250396455907
0.1502588923539591
0.1502679125811688
0.1502787085133045
0.1502917382529139
0.1503097305355904
0.1503286444121708
0.1503434715629994
0.1503558743609889
0.1503673064662404
0.1503791832358861
0.1503965981667247
0.1504099160256391
0.1504198154151614
0.1504287626618908
0.1504371181666914
0.1504455216846202
0.1504548988482668
0.1504680932701624
0.150481606833443
0.1504919816290128
0.1505021617603601
0.1505130577817203
0.150525644942873
0.1505404878183329
0.150557328188167
0.1505776182371587
0.1506005560300231
0.1506233717566278
0.1506537445547196
0.1506781027493762
0.150704076735222
0.1507418716003062
0.1507711033458211
0.1507978145899135
0.150825116994249
0.1508539758096648
0.1508874521593702
0.1509340744508472
0.150990061230423
0.1510309630408728
0.1510701865190082
0.151112011997062
0.1511596965479641
0.1512197651434153
0.1513014284694157
0.1514138810717498
0.1515953586631838
0.1518567569904124
0.1521539848293299
0.1524933719606873
0.1528847521841382
0.1533390116083123
0.1538720391143222
0.1545013188077445
0.1552479777189185
0.1561360246532147
0.1571894022858491
0.1584334112642422
0.1598884011774988
0.1599
0.1599018548999148
0.1599055646997444
0.1599129842994036
0.1599234321822527
0.1599347924457357
0.1599464060309432
0.1599609089151498
0.1599770313060079
0.1599917761397318
0.16
0.1600018548999148
0.1600055646997444
0.1600129842994036
0.1600231598486007
0.1600385015249928
0.1600558501044608
0.1600742737722757
0.1600933657064387
0.1601142212359521
0.1601378957939763
0.1601657874302921
0.160194637217958
0.1602212462749627
0.1602470826556133
0.1602748458796046
0.1603152337552977
0.160348921704037
0.1603746234911951
0.160397711581707
0.1604181704404821
0.1604364286041379
0.1604535455843209
0.160470901710266
0.1604914927357465
0.1605092957285462
0.1605295480907224
0.1605482427445442
0.1605671936811545
0.1605881892363889
0.1606127104745551
0.1606418628082777
0.1606703551143417
0.1607001422630351
0.160723439406271
0.1607515370042162
0.1607720535046968
0.1607892446843344
0.1608064874771075
0.1608262712152572
0.1608601365851838
0.160866105075488
0.1608780420560962
0.1608909226131267
0.1609017142993749
0.1609130244575685
0.160923190251252
0.1609331277223263
0.1609451564978683
0.1609511554960324
0.1609570643953869
0.1609634181991269
0.1609706638366178
0.1609769104270828
0.1609839944866539
0.1609946489497484
0.1610129436102759
0.1610403114397669
0.1610708455258714
0.1611052469682541
0.1611446228318344
0.1611898102995589
0.1612422532990999
0.1613014809669345
0.1613685445317149
0.1614489050583117
0.1615289118464447
0.1616160756391256
0.161738723470452
0.1618260841837427
0.1619142438051725
0.1620306193312861
0.162191193039777
0.1624183643156207
0.1626817880537073
0.1629828173056684
0.163328466800389
0.1637265647009554
0.1641595443481032
0.1646037721047035
0.1651604144706733
0.1658783775910647
0.1667305147939659
0.1677421015334107
0.1689471626130566
0.1699
0.1699019482938342
0.1699058448815027
0.1699136380568396
0.169922324736851
0.169928794027745
0.1699346929490928
0.1699404871497237
0.1699466095409884
0.1699541804176292
0.1699611362035741
0.1699660448802357
0.1699705991495037
0.1699758480768222
0.1699835099609695
0.1699900467636601
0.1699950233818301
0.17
0.1700019482938342
0.1700043982707858
0.1700089552089631
0.1700150485112983
0.1700209598793276
0.1700270256505792
0.1700339704858869
0.1700411616857669
0.1700482819843585
0.170052736682452
0.1700570665360456
0.1700610146501884
0.1700663960742825
0.1700703723228357
0.1700741640699442
0.1700797020998674
0.1700878992311156
0.1700952591534526
0.1701018481127877
0.1701091094763009
0.1701154928714353
0.1701212543071478
0.1701268342803265
0.1701326630540324
0.1701403510375591
0.1701440309582548
0.1701478094617203
0.1701498599819458
0.1701514192669483
0.1701529580609155
0.1701544843753006
0.1701561819155337
0.1701576702681879
0.1701592704980359
0.1701614231208245
0.1701646513819225
0.1701679584676385
0.1701714397448654
0.1701752180552801
0.170179462172493
0.1701846182500209
0.1701902290412664
0.1701956697941428
0.1702013336258913
0.1702075338297876
0.1702148616114714
0.1702236544897767
0.1702351560565432
0.1702501579033962
0.1702645093606077
0.1702797928792212
0.1702940557494348
0.1703083965373074
0.170323930986237
0.1703415976397907
0.1703631096685506
0.1703898762034474
0.1704256187611692
0.1704669391914804
0.170496416656602
0.1705188476747835
0.1705300728903553
0.1705430765165515
0.1705525947899901
0.1705597868088614
0.1705665514547273
0.1705740826740709
0.1705797170619362
0.170586564601069
0.1705925987226009
0.1705981189695548
0.170603506131603
0.1706088497484099
0.170614473491945
0.1706211128818492
0.1706277680439756
0.1706352247482177
0.170641753865565
0.170648228104827
0.1706552486624202
0.1706632922988008
0.1706733178377501
0.1706860745891779
0.1707036918357193
0.170728158820914
0.1707509338389965
0.1707862347734511
0.170814534865473
0.1708386049418198
0.1708630563233385
0.1708890059938133
0.1709195652158109
0.1709535580939301
0.1709894466084463
0.1710248435209145
0.1710590985766485
0.1710958137349559
0.1711231715605364
0.17114770648712
0.171175773156178
0.1712211090114747
0.1712528888286541
0.1712867386121018
0.1713302631100036
0.1714036928447024
0.171530264544326
0.1715626074447086
0.171592066673317
0.1716110351029373
0.1716320775984837
0.1716506310476964
0.1716694202330769
0.1716878965978305
0.1717085987486676
0.1717346927631009
0.1717687011312964
0.1718115460619628
0.1718661911216867
0.1719362409724379
0.1720275736342159
0.1721437539606636
0.172255337967906
0.1723883703912457
0.1725331548345478
0.1726900140823355
0.1728673940155714
0.1731519522177968
0.1734946132078218
0.1738524387972712
0.1742685229629727
0.1748114418867869
0.1755631339839228
0.1768046689314726
0.1783354336060834
0.1799
0.1799017026633684
0.1799051079901051
0.1799119186435785
0.1799190033175927
0.1799271277458365
0.1799363979923501
0.1799475009950753
0.1799614079576461
0.1799724761321074
0.1799829299753344
0.1799914649876672
0.1799957324938336
0.18
0.1800017026633683
0.1800036927198799
0.1800076728329031
0.1800130415267425
0.1800186841967604
0.1800241718487014
0.1800298233494138
0.1800367778480552
0.1800426681111273
0.18004863420113
0.1800542907862812
0.1800601224960012
0.1800666292496671
0.1800742848407356
0.1800821421846789
0.180088012783301
0.1800922275652835
0.1800962569922585
0.180102287447041
0.1801068888486743
0.1801109621663805
0.1801153904046866
0.1801207471270647
0.180127617896505
0.1801381184170127
0.180146323473936
0.1801526495379657
0.1801582099285563
0.1801634849404741
0.1801694139040518
0.1801741998922475
0.1801801278820028
0.1801851760483942
0.1801896919014058
0.1801939724864928
0.1801980362511137
0.1802020746889422
0.180206430073591
0.1802121380947808
0.1802189955055464
0.1802238686825682
0.1802285020804619
0.180233430624832
0.1802390375165642
0.1802461585790847
0.1802554694395742
0.1802687730549426
0.1802894841659082
0.1803266234274029
0.1803532391241389
0.1803772053411002
0.1804034791290767
0.1804285870215211
0.1804565136064593
0.1804972977534505
0.1805386337957488
0.1805819741159964
0.1806297408551887
0.1806856126535925
0.1807523073353565
0.1808390181510301
0.1808587480700393
0.1808887110578977
0.1809099927469175
0.1809282449062939
0.1809445023499453
0.1809606749823873
0.1809767261534284
0.1809951235773631
0.1810191828845986
0.1810469211306768
0.1810804586366633
0.1811163516311029
0.1811499062593731
0.1811741525067329
0.1812010517438724
0.1812276786195371
0.1812547628979882
0.1812893269037399
0.1813463350353665
0.1813904478725203
0.1814216315227787
0.1814498891599549
0.1814844909395062
0.1815224282376135
0.1815520022768593
0.1815824636695518
0.1816167392878915
0.1816596355461267
0.1817089089249987
0.181751460065884
0.1817900201954798
0.1818291516507109
0.181880466531361
0.1819244017535397
0.1819554939224048
0.181983253979204
0.1820104036907871
0.1820399341257954
0.1820803090773248
0.1821292800339736
0.1821654709862658
0.1822006407327242
0.1822383929870771
0.1822829791974147
0.1823381446058739
0.1824137180909382
0.1825251498016928
0.1827089878773656
0.1830253640586878
0.1833850138532483
0.1837858229174245
0.1842484023568158
0.1846319388677183
0.1850326493699856
0.1857013037059852
0.1864913640560653
0.187451407195817
0.1884992335122282
0.189629397443028
0.1899
0.189903125633652
0.1899093769009561
0.1899218794355641
0.1899327123570552
0.1899444129028645
0.1899596048033159
0.189974112700253
0.1899882998237193
0.19
0.190003125633652
0.1900080675702962
0.1900137243158193
0.1900212722656307
0.1900283468739137
0.1900346596579068
0.1900408188204379
0.1900476119830763
0.190054494569661
0.1900617031173405
0.1900679607946387
0.1900741254678248
0.1900806871428053
0.1900877633734038
0.1900945068020125
0.1900996425610073
0.1901037795754713
0.1901080408237727
0.1901122691103542
0.1901168558853163
0.1901211060033701
0.1901256074748839
0.1901307773307586
0.1901372351710308
0.1901459947240228
0.190158613828385
0.1901681430498067
0.1901753599483765
0.1901816191442188
0.1901875053686085
0.1901940782367798
0.1901994234296042
0.1902060482355312
0.1902116572433608
0.1902166630614487
0.1902214127926506
0.1902259394981576
0.1902304664941949
0.1902353890822099
0.190241967730425
0.1902494126143642
0.1902548516105473
0.1902600704512303
0.1902656220783492
0.190271953564554
0.1902799694806286
0.1902904122242562
0.1903052512438206
0.1903280853537891
0.1903544622393739
0.1903800070952575
0.1904063956160078
0.1904332381326869
0.1904487383807314
0.1904642873677647
0.1904779225775919
0.1904908874845139
0.1905060285595768
0.1905228281653821
0.190539144635042
0.1905550925612819
0.1905720272157229
0.1905873851977455
0.1906009874542964
0.1906139772939199
0.190627696675369
0.190646003194241
0.1906661068211683
0.1906811287818973
0.1906957698234268
0.190711525295118
0.1907297878707646
0.1907498887708608
0.1907713372669861
0.190792655076079
0.1908140859371077
0.1908314269444442
0.1908460603427362
0.1908593267502455
0.1908723972668506
0.190886900074037
0.1909016678985261
0.190913048349346
0.190922148964884
0.190930393041774
0.1909385429242219
0.1909477573934729
0.1909599678318926
0.1909721731862883
0.1909823126366382
0.1909925034273424
0.1910035815300142
0.1910165193647542
0.191033126160319
0.1910487729232902
0.1910645851987972
0.1910816799868884
0.1911009414441264
0.1911217786332196
0.191144571274182
0.1911704179237487
0.1911991143020841
0.1912306584610011
0.1912657550215244
0.1913066759104811
0.1913572153835658
0.191417659210888
0.1914519263933346
0.1914642990129135
0.1914890442520713
0.1915067976906475
0.1915204142958631
0.1915344939156143
0.1915482446818303
0.1915631329683798
0.1915849379477173
0.1916116132223782
0.1916457207249887
0.1916890958606307
0.1917441428493181
0.1918145815097335
0.1919044694660444
0.1919693916615454
0.1920473410053257
0.1921689874989677
0.1922685573353555
0.1923753226242755
0.192495273467682
0.1926544395347178
0.1929006431007004
0.1933930502326656
0.1939942317166236
0.1946499423806365
0.1952222155032139
0.1959282286298769
0.1965843255198296
0.1971496887809381
0.1978220688284774
0.1986350690849328
0.1999
0.1999023980753786
0.1999071942261358
0.1999167865276501
0.1999257903475382
0.1999342730718809
0.1999438553310248
0.1999547713765296
0.1999644508871606
0.1999727241251101
0.1999798717307515
0.1999861599981385
0.199991965599609
0.1999959827998045
0.2
0.2000023980753786
0.2000053281023494
0.2000084743190602
0.2000116963906483
0.2000165192468716
0.2000210275245205
0.2000252329952536
0.200029505105112
0.2000339959894093
0.2000385393619792
0.2000431319023611
0.2000479797969581
0.200053294126346
0.2000593758626769
0.2000667466570591
0.2000747665729809
0.2000829335404605
0.2000910302216818
0.2000992593675279
0.2001077925416307
0.2001148488291113
0.20012071186472
0.2001260132302248
0.2001313023903436
0.2001375972713773
0.2001420307235059
0.2001467392739786
0.2001508439548108
0.2001546474059642
0.2001585910883297
0.2001629424528918
0.2001676829722287
0.2001727221195312
0.2001798430118663
0.2001860497594003
0.2001908298119865
0.2001954380128172
0.2002000556355308
0.2002048147721255
0.2002097710016442
0.2002150017648914
0.2002209838446498
0.2002279637644659
0.2002350530085629
0.2002409208819162
0.2002466835516367
0.200252846106331
0.2002598810115844
0.20026861889363
0.2002797362619419
0.2002950489264371
0.2003127326843394
0.2003265498681751
0.2003408537860049
0.2003581192173105
0.2003797342058282
0.2004039480521146
0.2004271688361637
0.200450864420958
0.2004763651463881
0.2004977830219448
0.2005186394130312
0.2005277859559323
0.200535479261029
0.2005431176839722
0.2005504827477962
0.2005595001359192
0.200566672609862
0.2005746413999095
0.200586482171896
0.20059795656121
0.2006094682690978
0.2006223969088014
0.2006344796002543
0.2006470782967708
0.2006500012789224
0.2006558472432255
0.2006675391718316
0.2006766448041317
0.2006835593073658
0.2006909803920064
0.2006977309387734
0.2007038135652666
0.2007097687348671
0.2007161213399801
0.2007211981875436
0.2007266090294106
0.2007316216471519
0.2007362141574264
0.2007405018710176
0.2007445069143559
0.2007482831088043
0.2007518945232281
0.2007554058605066
0.2007588949294999
0.2007624716341883
0.2007663275733699
0.200770927854978
0.2007784987534904
0.2007842015235545
0.2007886589739166
0.2007926196138532
0.2007963139002084
0.2008001501249928
0.2008047673701396
0.2008098075777173
0.2008150972569339
0.2008198575943493
0.2008247138879023
0.2008300805170407
0.2008363904233257
0.2008428232463631
0.2008484704160984
0.2008532935599485
0.2008578046991593
0.2008623457478458
0.2008673372587411
0.200873590273997
0.2008820568603516
0.2008893932170473
0.2008964351208908
0.2009034888897899
0.2009108671749434
0.2009191242437817
0.2009289245006754
0.2009412354391283
0.2009570783848497
0.2009769712720541
0.2009977474275641
0.201019169081034
0.201042257092848
0.2010680836041306
0.201074094658796
0.2010814317119827
0.2010893159631222
0.2010949617717707
0.2011009340762582
0.2011067637760908
0.2011128916536683
0.2011215433298685
0.2011354400957729
0.2011504389209547
0.2011638701837803
0.2011788427885464
0.2012010701899302
0.2012244559478832
0.2012458485974997
0.2012709400565469
0.2013066481519235
0.2013780643426767
0.2014563064268909
0.2015855311472205
0.2018439805878796
0.202360879469198
0.2032191717027537
0.2041729982575514
0.2052189904703455
0.2064197870729376
0.2078506339652375
0.2096529073333419
0.2099
0.2099019628951018
0.2099058886853053
0.2099137402657124
0.2099211293525195
0.2099281652039762
0.2099359127737435
0.2099465998033081
0.2099571293381163
0.209965104959974
0.2099726871395647
0.2099806395915788
0.2099896216000686
0.2099948108000343
0.2099974054000172
0.21
0.2100019628951018
0.2100036502441864
0.21000686383955
0.2100132910302772
0.2100211862169292
0.210029287654955
0.2100381284937307
0.2100474342914177
0.2100558363408567
0.2100634624810003
0.2100708891090709
0.2100784624691108
0.2100872259528845
0.2100972798060093
0.2101053620963907
0.2101125488664994
0.2101190707245594
0.2101247039768955
0.2101296102481796
0.2101341522063902
0.2101388339430271
0.210144907022885
0.2101518546082333
0.2101569205394253
0.2101618245496687
0.2101670947191999
0.2101731933394868
0.2101808114364557
0.2101913590293533
0.2101995809455761
0.2102083099216276
0.2102191435778615
0.2102295879609708
0.2102377383064212
0.2102453081247503
0.2102534872508032
0.2102625037780358
0.2102727871701847
0.2102835840669497
0.2102948637148426
0.2103056589681331
0.2103164425642236
0.2103281338371245
0.2103415869923899
0.2103558982181527
0.2103691519277535
0.2103828917132049
0.2103976575886092
0.2104141989664742
0.2104340201360488
0.2104532382213983
0.2104740618286349
0.2104987039727634
0.2105309584169619
0.2105780672357297
0.2106624234065222
0.2107935293685282
0.2109417600169416
0.2111101318203368
0.2113039373790077
0.2115281310450806
0.2117903501061142
0.2120982980950355
0.2124602734853085
0.2125550004253912
0.2127444543055564
0.2127810514854572
0.2127993500754075
0.2128359472553083
0.2128450283737521
0.2128631906106399
0.2128764267386865
0.2128909012272665
0.2129045311429782
0.2129177384203784
0.212930587133618
0.2129421618848819
0.2129550512498114
0.2129627924251211
0.2129712198055867
0.2129780010054399
0.2129851215130725
0.2129923765043037
0.2129999202408741
0.2130096293310619
0.2130261128442696
0.2130558812664273
0.2130890799773271
0.2131261081628013
0.2131684445754274
0.2132168621514573
0.2132729306406412
0.2133383034894263
0.2134144509180104
0.2135025199294034
0.2136045316932519
0.2137228180831308
0.2138600820128457
0.2140194756845784
0.2142046520916286
0.2144198180252024
0.2146699043798517
0.2149606496506582
0.2152988071216342
0.2156923820073297
0.216150898510264
0.216685941006495
0.2173118091928012
0.2180466026707681
0.2189138776418056
0.2199
0.2199024153686453
0.2199072461059358
0.2199169075805168
0.2199260701732676
0.2199376440818547
0.2199506885514265
0.2199652589258158
0.219980278314374
0.219990139157187
0.2199950695785935
0.22
0.2200024153686453
0.2200054916706873
0.2200106222405475
0.2200149167562091
0.2200223574050081
0.220028756104431
0.2200337661766566
0.2200388272501116
0.2200442254629774
0.2200506712629833
0.2200580441314189
0.2200622648745857
0.2200666606388844
0.2200702577993514
0.2200737494465188
0.2200773701561343
0.2200812558395283
0.2200848222590276
0.2200886280924778
0.2200930364920896
0.2200986467330847
0.2201066079301645
0.2201146333895351
0.2201208258006686
0.2201259734187312
0.2201306772842826
0.2201354986465689
0.2201419430939189
0.2201483125354274
0.2201529054119791
0.220156979159032
0.2201607516562452
0.2201643076194821
0.2201678623453115
0.2201717084275834
0.2201767937662152
0.2201827246923457
0.2201869940094353
0.2201910688651761
0.220195401808877
0.2202003355299391
0.2202065930116035
0.2202147557885578
0.2202263817944253
0.2202443951193579
0.2202764799224711
0.2203367861898459
0.2204041078312632
0.2204810909333951
0.220570162702965
0.2206722856446395
0.2207910494626637
0.2208257854643523
0.2208952574677294
0.2209089177304442
0.2209293298471687
0.220946477493486
0.2209614489049339
0.2209779304721333
0.2209907607320166
0.221003432871043
0.2210187227441607
0.2210294785346088
0.2210413312442104
0.2210500789685053
0.2210629619200737
0.2210729590016262
0.2210826952082086
0.2210951011858
0.2211173919362925
0.2211491147510258
0.221182986972353
0.2212206638998451
0.2212639750858717
0.2213087039852563
0.2213454566710975
0.2213848987099234
0.2214243702773535
0.2214578656788892
0.2214836299313312
0.2215123402621802
0.2215367663166844
0.2215608726292351
0.2215849683720909
0.22161163245864
0.2216445107316732
0.2216893302584783
0.2217365259466671
0.2217886905120568
0.2218429453186889
0.2218951182300151
0.2219358647292093
0.2219792115459595
0.2220217360015279
0.2220662537592923
0.2221308705700425
0.2222245894663831
0.2223461190285742
0.222484677920876
0.222642514448965
0.2228235696488569
0.2230326550359167
0.2232746569552974
0.2235545810622602
0.2238781318120348
0.2241839584222887
0.2245443868306107
0.2248686976777286
0.2251568419584741
0.2255029323918364
0.2261638402544144
0.2269815866369778
0.2279267339598227
0.2290403469092331
0.2299
0.2299031493596839
0.2299094480790517
0.2299220455177873
0.2299323918245909
0.2299430646710952
0.2299565066133533
0.2299697852192493
0.2299853748205732
0.2299926874102866
0.23
0.2300031493596839
0.2300068233390494
0.2300137301828641
0.2300248953547982
0.2300360918487398
0.230049008170349
0.2300642649137398
0.2300821194897388
0.2300972889787141
0.2301107447914804
0.230124159803491
0.2301400957773096
0.230156687155353
0.2301707851816113
0.2301843779077612
0.230198588726453
0.2302139494154597
0.2302276894730918
0.2302421440573538
0.2302596808768658
0.2302809312826636
0.2303051295256603
0.2303257283303957
0.2303439515160287
0.2303617959789085
0.2303821948734926
0.2303995940413521
0.2304168454097463
0.2304314870516074
0.23044469816535
0.2304575538194572
0.2304708668316781
0.2304864217826101
0.2305085602808032
0.2305270305822755
0.2305428691180196
0.2305591572604135
0.2305769239476617
0.2305986035568905
0.2306204131776886
0.2306428382265184
0.2306713997449377
0.230690184381523
0.230709338542213
0.2307264610256921
0.2307421370253996
0.2307579704698624
0.2307753259335789
0.2307988152599299
0.2308261979825272
0.230846450887185
0.2308661466318058
0.2308873766663566
0.2309120055640566
0.2309439858492902
0.2309705854077441
0.2309900621283503
0.2310167125914212
0.231039815391335
0.2310596310993345
0.2310818592895968
0.2311078183755279
0.2311352948073222
0.2311583040360615
0.2311789993189232
0.2312100551789992
0.2312319445024563
0.2312565874485142
0.231292379114743
0.2313502960967699
0.2314212210299725
0.23150132310011
0.2315848081775425
0.2316816922608344
0.2317989642158287
0.231895342654488
0.2319678478311724
0.2320439741784132
0.2321209790748927
0.2322021657956349
0.2323223697822641
0.2324640247998468
0.232611905105958
0.2327566557148843
0.2329165609112909
0.2331335290631386
0.2334157850215127
0.2338349799916837
0.2343205940909256
0.2348763172116899
0.235517259032059
0.236258958997042
0.2371294046800439
0.238135050812098
0.2392300406077922
0.2399
0.2399013669786166
0.2399041009358498
0.2399095688503163
0.239916182768342
0.239922955864761
0.2399316994211485
0.2399418726013782
0.2399540452845075
0.239970295647446
0.2399864506833999
0.24
0.2400013669786166
0.2400041009358498
0.2400091815092958
0.2400193426561878
0.2400280949108636
0.2400370801327303
0.240045031816243
0.2400520594871923
0.2400589024782171
0.2400664055024993
0.2400783203548831
0.2400870588753968
0.2400941489600453
0.2401008228704999
0.2401067814086383
0.2401119640665977
0.2401165457379085
0.240120882874569
0.2401255492598964
0.2401327274851775
0.2401383892238361
0.2401430330297136
0.2401478072689779
0.2401530056422115
0.2401594347597791
0.2401670689064053
0.2401743276863146
0.2401858586814274
0.2401940850463581
0.2402028386980761
0.2402134574891145
0.2402233175787543
0.2402321381743457
0.2402401279777235
0.2402477250002296
0.2402558176697999
0.2402650543389581
0.2402735931327115
0.2402817449705545
0.240289857066566
0.2402984705347143
0.2403082572907464
0.2403174503890468
0.2403261243598702
0.2403352428869778
0.2403454309760366
0.2403578728916449
0.2403713615266161
0.2403858982271698
0.2403989228435607
0.240409083617093
0.2404181474897063
0.240426913194254
0.2404360980161475
0.2404471937231381
0.2404561101567095
0.2404638315528587
0.2404713555752319
0.2404794869183565
0.2404906690180451
0.2405022410375465
0.2405115672920924
0.2405210301729706
0.240531497619132
0.240544061446636
0.2405610505944401
0.2405832376511289
0.2406110296158855
0.2406362931560343
0.2406622942635637
0.2406864786880018
0.2407111148390362
0.2407382425690172
0.2407691931801794
0.2408070106067926
0.2408424434150342
0.2408772304214392
0.24091542800435
0.2409527188647344
0.2409886760464256
0.2410325281136439
0.2410893232441178
0.2411832462856363
0.2413710923686732
0.2416088249852635
0.2418736385023893
0.2420739580269974
0.2422665491835642
0.2424554388084896
0.2426416061412365
0.2428410534992906
0.2430828254844415
0.2434388713060083
0.2440257306312361
0.244768405262123
0.245626199032405
0.2466133462461615
0.2477524592803768
0.2490775413793419
0.2499
0.2499020969739382
0.2499062909218147
0.2499146788175675
0.2499230792356255
0.2499332707284414
0.2499457019325507
0.2499612985423456
0.2499786402636775
0.2499859797614401
0.2499935119133996
0.2499967559566998
0.25
0.2500020969739382
0.2500045799330315
0.2500073280379392
0.2500110895234872
0.2500155423488544
0.2500199987954265
0.2500242545323629
0.2500286758882757
0.25003352541591
0.2500389339107678
0.2500443769790212
0.2500484817026927
0.2500514974025042
0.2500543216148379
0.2500583560361442
0.2500617513997449
0.2500646487764833
0.2500677492745289
0.2500712906821888
0.2500758583287725
0.250082343379397
0.2500899126937512
0.2500956974023869
0.2501003236576476
0.2501044522783403
0.2501085103569455
0.2501133906677606
0.2501172957591784
0.2501215484633043
0.2501253380606094
0.2501288080589401
0.2501321024100009
0.2501352367326286
0.2501383427837376
0.2501416859245924
0.250146101657005
0.2501511887401818
0.2501548667780346
0.2501583841231018
0.2501621253800204
0.2501663893380631
0.2501717956730988
0.2501788498075479
0.2501853657161993
0.25019168636154
0.2501985380166819
0.2502062475943807
0.2502136572293333
0.2502200305567069
0.2502258152389116
0.250231553990527
0.2502382067344719
0.250245544381057
0.250252422838046
0.2502586585320199
0.250265107979195
0.250272308500385
0.250280948249314
0.2502896439634665
0.2502960763702663
0.2503017937774669
0.2503072228687227
0.2503125140476098
0.2503183491722812
0.2503276206228089
0.250341883695368
0.2503523746653559
0.2503602948616312
0.2503673600541198
0.2503738089627971
0.2503804475990043
0.2503875720988481
0.2503942165624852
0.2504009830903728
0.2504075872688097
0.250414673258706
0.2504229207683487
0.2504320800544635
0.2504403709325733
0.2504476890118336
0.2504545528032961
0.250461431705424
0.2504691408551002
0.2504759125035058
0.2504796657798506
0.2504842987231432
0.2504877832118071
0.2504926908722138
0.2504964337689244
0.2505000638852228
0.2505046653385917
0.2505111165373207
0.2505195485575033
0.2505304491566241
0.2505422052383489
0.2505545336510123
0.250567915416106
0.2505829138564848
0.2506006879984913
0.2506200928378158
0.2506415335566488
0.2506658877085519
0.2506949259457664
0.2507301421625987
0.250749034000759
0.25076951268391
0.2507854587488497
0.2507976210326118
0.2508087194946613
0.250820213656303
0.2508323643641585
0.2508450453006013
0.2508545197877313
0.2508626004785545
0.2508701490444297
0.2508776790725626
0.2508862486863236
0.2509001649241319
0.250911109252006
0.2509201956750894
0.2509295940265303
0.2509399257931813
0.2509525554770402
0.2509690077121302
0.2509908467886846
0.2510152934122775
0.2510457549107056
0.2510808864779936
0.2511086557686903
0.2511285629757483
0.2511460639516011
0.2511669398032324
0.2511863126383624
0.2512033846020077
0.2512209185158374
0.2512390985246354
0.251260458563127
0.251287880862145
0.2513218395461524
0.2513534532274004
0.2513799814319636
0.2514043409010876
0.2514298717817151
0.2514680392871107
0.2514983989890024
0.2515230822940063
0.2515482872909875
0.2515755811661856
0.2516089843631265
0.2516512593805215
0.25168276571862
0.2517097958134771
0.2517369995424037
0.2517684763548171
0.2518143482056344
0.2518537881248678
0.2518902355353059
0.2519300323568208
0.2519761685889865
0.2520376498722425
0.2521144377175951
0.2521885115241798
0.2522637266175965
0.2523455877954041
0.2524412450059443
0.2525546759340679
0.2527020693852355
0.252908999214162
0.2532256416411267
0.2532829328514017
0.2533889578148918
0.2534634991515838
0.2535285477887816
0.2535937823369567
0.2536515299420499
0.2537227435631563
0.2538132124132426
0.2539313635262476
0.2541023745763453
0.2543830896153093
0.2547745651658271
0.255150220805237
0.2555087731888923
0.2559155331583524
0.2564186791510399
0.2571891698278993
0.2584022417159183
0.2598712224046605
0.2599
0.2599023411874824
0.2599070235624473
0.2599161208839352
0.2599256271477411
0.259935330169409
0.2599480622462608
0.2599627533873575
0.2599774343164953
0.2599899508092763
0.26
0.2600023411874824
0.2600070235624473
0.2600137952024059
0.2600273384823231
0.2600385530418343
0.260050542662091
0.2600636759531794
0.2600770115511348
0.2600895933328134
0.2601007545188442
0.260110805891495
0.260120568201106
0.2601314186770937
0.2601426685875518
0.2601548927474712
0.2601654338145668
0.2601759326712103
0.2601873662074601
0.260200609960188
0.2602133542477237
0.2602235783613464
0.2602326472824705
0.26024301682648
0.2602529404665735
0.2602628749960582
0.2602726982046598
0.2602834135795115
0.260296475931909
0.2603092868113234
0.2603211473964089
0.2603326622183533
0.2603444321945188
0.2603577274151415
0.2603739993649415
0.2603883253178074
0.260401414758999
0.2604147688024207
0.2604299659232346
0.260447436176667
0.2604598230187506
0.2604703137564163
0.2604801319659893
0.2604896695484109
0.2604998806051098
0.2605126459106381
0.260524195754434
0.2605366575207114
0.2605483357786258
0.2605603131515597
0.2605736106184163
0.2605895992715099
0.2606093072156226
0.2606358736912668
0.2606715332049994
0.2607225684594094
0.2608076877026361
0.2608268821326448
0.2608652709926622
0.2608808713718307
0.2608972228507357
0.2609143259035561
0.2609313644064077
0.2609476840765871
0.2609630891356093
0.2609799533036319
0.2609983446398921
0.2610240793484183
0.2610447018302626
0.2610633844378965
0.2610826206214621
0.2610920617871584
0.2611014580621557
0.2611099533004345
0.2611193091486447
0.2611285188705678
0.2611377913115035
0.261146936261316
0.2611569948428329
0.2611689633147993
0.2611849712593927
0.2611998591132668
0.2612120694712201
0.2612229418106959
0.2612335128656572
0.2612456378071808
0.2612542335915049
0.2612650678483345
0.2612744058677638
0.2612826656183424
0.2612905735492366
0.2612983324073433
0.2613065424103763
0.2613166209761635
0.261325492806084
0.2613355157562189
0.2613448107592655
0.2613542440394243
0.2613646356322282
0.2613770293394868
0.2613921085869319
0.2614121801889878
0.2614406829479551
0.2614850159776196
0.2615629269737165
0.2616451195020993
0.2617396923873238
0.2618114973602542
0.2618921814997527
0.2619508719752444
0.2619953149213188
0.2620396759691292
0.2621071631833613
0.2621576051412052
0.2622031600692441
0.2622529233134187
0.2623151942312048
0.2623743411580588
0.2624272450859266
0.2624797453928613
0.2625450401056948
0.2625859254909103
0.2626268512122631
0.2626642745657478
0.2627002962576445
0.2627402081208811
0.2627934690990366
0.26286264120409
0.2629127338147322
0.2629613285330633
0.2630141189444585
0.26307564295979
0.2631565758259333
0.2632671970747118
0.2633894242766333
0.2634992967170475
0.2636142063897816
0.2637387789164143
0.2638543223195133
0.2639778472616477
0.2640569579880473
0.2641592562391959
0.2642457654814804
0.2643249245521618
0.2644101344615837
0.2645174458450559
0.2646248479432733
0.2647367244724076
0.2648449237034461
0.2649605648043396
0.2650940413996691
0.2652646285507898
0.2654880235857172
0.2658197093937405
0.2663899770786363
0.267363711432532
0.2684438063424183
0.2695874145920898
0.2699
0.269904941789716
0.2699148253691481
0.2699341171225737
0.269950075600568
0.2699634362960495
0.2699758098031734
0.2699877459900234
0.27
0.2700049417897161
0.2700119232262831
0.2700197785341962
0.2700292921789156
0.2700374107409623
0.2700458574223274
0.2700570624993122
0.2700717183741972
0.2700827238225091
0.2700939084820411
0.2701065424403479
0.2701222316860831
0.2701443540874814
0.2701805880194827
0.2702302673403292
0.2702773670510852
0.2703231679463788
0.2703689541673857
0.2704126811579836
0.2704456660841965
0.2704722991377006
0.2704981424881548
0.2705286145210998
0.2705580550373121
0.2705886794601635
0.2706177784720019
0.2706423032577403
0.2706643968419526
0.2706862626194902
0.2707113375298104
0.2707500459074215
0.2707775661934115
0.270801949425332
0.2708278328498014
0.2708570652346762
0.2708919323342514
0.2709259339014762
0.2709692170797837
0.2710061577007057
0.271035598001228
0.2710610127578778
0.2710852449452331
0.2711112452479622
0.2711424153617809
0.2711811129996366
0.2712141501689274
0.2712458000374139
0.2712798346700108
0.2713177756133356
0.2713610801418188
0.2713969688349381
0.2714245556189847
0.2714471199836457
0.2714667194352501
0.2714855696330151
0.2715080749233472
0.2715209709184587
0.2715344946686466
0.2715463531909452
0.2715572641461903
0.2715690627336278
0.2715838708948687
0.2715989344864246
0.2716132498071878
0.2716271847846274
0.2716420921598144
0.2716592774455246
0.2716791253683727
0.2716981194847191
0.2717178193801069
0.2717394498918171
0.2717631824509812
0.2717888073320112
0.2718175943218307
0.2718520027723995
0.2718922238959713
0.2719348999755284
0.2719808537964379
0.2720323569051478
0.2720940444072791
0.2721555575483501
0.2722214662715368
0.272298840103367
0.272387657499286
0.2724771998394594
0.272576698080123
0.2726895125978954
0.2728282498235902
0.2729496045155426
0.2730733599381702
0.273217958946598
0.273412952030219
0.2737470582655511
0.2744152707362151
0.274849105799929
0.275129088620293
0.2752939999578951
0.2754281956633704
0.2755659022514053
0.2756771402617479
0.2758348783954076
0.275950503062267
0.276058225550755
0.2762012161438342
0.276374229871888
0.2766434112055479
0.2771503042839951
0.2777491387286264
0.2784744439759607
0.2793902564430898
0.2799
0.2799033298349332
0.2799099895047997
0.2799233088445326
0.279934349801123
0.2799448158885335
0.2799564125911308
0.2799679940397541
0.2799783420366472
0.2799888585251892
0.2799944292625946
0.28
0.2800033298349333
0.2800067384104838
0.2800135555615849
0.280022052036658
0.2800322266490042
0.2800432220467522
0.2800536315632572
0.2800650860699126
0.2800791762808304
0.2800981320077469
0.280123936480571
0.2801539989719434
0.2801887716641954
0.2802280408449259
0.2802717046671039
0.2803216030455815
0.2803799835095822
0.2804515961955989
0.2805387096224267
0.2806380409851638
0.2807512219101643
0.2808869267978768
0.2809958051542777
0.2811127189653327
0.2812492792703857
0.28145044072146
0.281706626709309
0.2819998130628349
0.2823337008809138
0.2827146915315066
0.2831497091871308
0.2836562472327281
0.2842574771715346
0.2849756918061536
0.2858860927925583
0.2870111695697065
0.2883163449880523
0.2898394789059018
0.2899
0.289901810233236
0.2899054306997081
0.2899126716326522
0.2899206710181846
0.289928812155791
0.289939321965889
0.2899517145936145
0.2899649220483093
0.2899795000226331
0.2899897500113165
0.29
0.290001810233236
0.2900054306997081
0.2900110079516556
0.2900207359852173
0.2900284506055662
0.2900352448440938
0.2900424967163648
0.2900521081080146
0.2900626103420763
0.2900715354360036
0.2900807167963144
0.2900916969781551
0.2901014219021541
0.2901095627172984
0.2901171866978323
0.2901248225533166
0.2901332927826031
0.2901450692953629
0.2901583484175798
0.2901684171797208
0.2901782876182214
0.2901888838497286
0.2902005875816456
0.290214408529802
0.2902318386383286
0.2902484955158192
0.290264548469856
0.2902818824433377
0.2902963186421193
0.2903138371935771
0.2903274881798442
0.2903392194872917
0.2903505420256863
0.2903621112927934
0.290375602342382
0.2903917798916408
0.2904083890058731
0.2904226779696908
0.2904370846540116
0.2904527567145784
0.2904715083791591
0.2904937149300622
0.2905192751923477
0.2905528988312184
0.2906029729007631
0.2906759706991208
0.2907561159153788
0.2908464169104948
0.2908857825168042
0.2909120189094579
0.2909324913066544
0.2909608220667081
0.2909809861885968
0.2910044219647085
0.291028953363457
0.2910484907241349
0.2910695543300197
0.2910953060099848
0.2911285660271273
0.2911539455656652
0.2911747546598436
0.2911959169095014
0.2912171026078151
0.2912402066124232
0.2912747195303113
0.2913281248178335
0.2913942209592634
0.2914554124688816
0.2915033284970368
0.2915398163996801
0.2915722635641174
0.2916116278333474
0.2916580625179869
0.2916934536981792
0.2917301040159097
0.2917717205869931
0.2918229890758474
0.2918673802394572
0.2919071869320564
0.2919475114234686
0.2920002430167266
0.2920447341051316
0.2920762089301426
0.2921043708855204
0.2921321384395418
0.2921631016093414
0.2922105673312608
0.292253732587611
0.2922892224095861
0.2923256176326741
0.29236540797671
0.2924144412618932
0.2924767978391765
0.2925661558059687
0.2927106834493703
0.2929302950731738
0.2931218213143487
0.2933448409350532
0.2936166022396838
0.2940582615674102
0.2945855948230013
0.2951909387005768
0.2958886273719367
0.2966957167803089
0.2976440000719303
0.2986940301282365
0.2998385625929434
0.2999
0.2999029465918014
0.2999088397754042
0.2999185232538911
0.2999285827268858
0.2999435774897081
0.2999597910118957
0.2999778962171927
0.2999889481085963
0.3
0.3000029465918014
0.3000077545449588
0.3000128755541938
0.3000178925013309
0.3000237148511319
0.3000313491870534
0.3000394440655348
0.3000453689770572
0.3000509214348472
0.3000566338905467
0.3000624975959296
0.300067762661282
0.3000718945981889
0.3000755594758757
0.3000798205812488
0.3000837996165825
0.3000877545147431
0.3000916784244757
0.3000959384947411
0.3001010882185771
0.3001074716629742
0.3001163615288669
0.300129003389097
0.3001382515841254
0.3001451100348854
0.3001510020794224
0.3001565148191195
0.3001626873232861
0.3001676584570489
0.3001738114835706
0.3001790630948166
0.3001837687632113
0.3001882391795222
0.300192498882801
0.3001967533046441
0.3002013764842985
0.3002075760441454
0.3002144882951642
0.3002195726403378
0.3002244684016173
0.3002296835251412
0.3002356483018242
0.3002432170662718
0.3002531156251019
0.3002672349838586
0.3002819482258205
0.3002958476795783
0.3003101812856857
0.3003273108623347
0.3003441566974047
0.3003606040931847
0.3003780607242468
0.3003965286300761
0.3004120404780323
0.3004255171816813
0.3004382647676069
0.3004516831032445
0.3004701124712268
0.3004888225040463
0.3005033020588818
0.3005177031690796
0.3005333442659117
0.3005517933186588
0.3005711542095471
0.3005920989982604
0.3006127699732628
0.3006296159751578
0.3006440443951797
0.3006571854036933
0.3006702150129197
0.3006852541383724
0.3006998438124617
0.300710860389149
0.3007197987085876
0.3007279503110607
0.3007360931293074
0.3007454810692358
0.3007576474018998
0.3007693409013946
0.3007793682112981
0.300789557175431
0.300800703112736
0.3008138013327445
0.3008301334113689
0.3008456453159488
0.3008614299712063
0.3008785541742724
0.3008979353640369
0.3009187811795143
0.3009415265180388
0.3009679715449953
0.3009987234247233
0.3010330820642541
0.3010699053104371
0.3011133719245647
0.3011702617382951
0.3011863226993114
0.3012055030318281
0.3012171939524094
0.3012297277722188
0.3012414273026797
0.3012583414565684
0.3012704758397357
0.30128362453192
0.3013019843047182
0.301325237237301
0.3013555143724433
0.3013944167409083
0.3014438678134745
0.3015068497424196
0.3015877040782153
0.3016861996666719
0.3017986523596699
0.3019127201840998
0.302040448451931
0.3021969771666608
0.3024206429606942
0.3027749010332141
0.3032786834673628
0.3038570260161032
0.3044978364566713
0.305067675445191
0.3058277476085868
0.3064549708025692
0.3070357267574386
0.3076957315345082
0.3085560487286194
0.3099
0.309903156502587
0.3099094695077609
0.3099220955181088
0.3099340121278661
0.3099459713770509
0.3099618448230548
0.30997935651723
0.309989678258615
0.31
0.310003156502587
0.3100077909745368
0.3100153232853181
0.3100303879068806
0.3100437623996904
0.3100576274524602
0.3100724850633729
0.3100871017649532
0.3101004744210724
0.3101123225668959
0.3101232128303576
0.3101341661455351
0.3101472493105259
0.3101585795027209
0.3101709540567447
0.3101825045472605
0.3101943154811089
0.3102074030047942
0.3102231501931258
0.3102417964960976
0.3102595516011662
0.310277541408809
0.3102974820260392
0.3103122953264877
0.3103281866109843
0.3103419194198664
0.3103543843022106
0.3103668672967285
0.3103803715756774
0.3103979171407149
0.3104142715100201
0.3104306123073113
0.3104463110465723
0.310462738213713
0.3104812579400404
0.3105038652847937
0.3105322705930988
0.3105711137712256
0.31062813640751
0.3107211604914642
0.3108081680446099
0.3108880984001275
0.3109086507845375
0.3109361027869475
0.3109553139757072
0.3109734847407436
0.3109948492042067
0.3110185695079967
0.3110377166524575
0.3110576688943873
0.3110811901139949
0.3111115810244421
0.3111322541791014
0.3111524840075951
0.3111741371375755
0.3111984666082855
0.3112195036830979
0.3112431733937294
0.3112808901149733
0.3113431823351512
0.3114139595879047
0.311493553479466
0.3115773688283164
0.3116749359036066
0.311792070165537
0.3118883207276972
0.3119608557871824
0.3120369482917173
0.3121139143228238
0.3121951387561062
0.3123154556771404
0.3124514146647747
0.3125544386403146
0.3126418400069448
0.3127347531865225
0.3128299107700547
0.312926975798583
0.313019493870259
0.3131207822636979
0.3132261775729402
0.3133239756694219
0.3134280202659602
0.3134982712796114
0.3135876390527418
0.3136619341109046
0.3137291922578725
0.3138003611568044
0.3138866681627308
0.3139850039325413
0.3140825572942922
0.3141735087305051
0.3142696687055948
0.3143790314310769
0.3145114038409065
0.3146183419105454
0.3147160169307753
0.3148174044000144
0.3149373411142714
0.3150779021732624
0.315225423300825
0.3153600230206666
0.3155010611789471
0.3156606423644081
0.3158596159035432
0.3161227265262549
0.3165003410091889
0.3170884441754365
0.31806355614328
0.3192264226439057
0.3199
0.3199065009704949
0.3199195029114849
0.3199455067934648
0.3199644025451356
0.3199854834506854
0.32
0.320006500970495
0.3200158411747366
0.3200314534534119
0.3200535890698404
0.3200722047528695
0.3200926136748406
0.3201167080182926
0.3201435227893205
0.3201664693243337
0.3201882512037665
0.3202118421791968
0.3202430332066167
0.3202872471523077
0.3203194775493215
0.3203517635971145
0.3203879810730338
0.3204325742171063
0.3204929989086265
0.3205738971906915
0.3206542909951128
0.3207175599537848
0.3207709732748734
0.3208231803221235
0.320882659042711
0.3209415174348061
0.3209944449041577
0.3210392321492738
0.3210798485202367
0.3211206755630453
0.3211692732434542
0.3212181350448829
0.3212674694010393
0.3213135298253743
0.321361669197348
0.321416405359974
0.3214825691112875
0.3215469793056048
0.3216128030601434
0.3216646599080691
0.3217099861312686
0.3217555569657242
0.3218079032403923
0.3218726285867839
0.3219412684702238
0.3220014385779749
0.3220635948798997
0.3221329453029119
0.3222113321827735
0.3223001978881992
0.3224047103980042
0.3225285239309967
0.3226748196988224
0.3228347972811225
0.3230203932258383
0.3232366370899577
0.3235091623930593
0.323831887951616
0.324224455531983
0.3246322006450642
0.3249672251077911
0.3253445474471024
0.3257910850528455
0.3264919379804793
0.3277379460668154
0.3291479960744278
0.3299
0.3299019638873721
0.3299058916621163
0.3299137472116048
0.3299264734236024
0.3299354257493491
0.3299432392074122
0.3299508416073357
0.3299584832616899
0.3299667264370632
0.3299734513391896
0.3299810819065124
0.3299870013073447
0.3299924725665025
0.3299962362832513
0.33
0.3300019638873721
0.3300039451050198
0.3300079075403153
0.3300142218753352
0.3300212440403608
0.3300293765456236
0.3300378345943673
0.3300469271892728
0.3300578722462707
0.3300728549263374
0.3300962616467905
0.3301233978571096
0.3301545292896237
0.3301905680232268
0.3302323402279083
0.3302812434386498
0.3303268843186978
0.3303625373564933
0.3303923005648015
0.3304193735598232
0.3304466111428565
0.3304797750184604
0.3305064019244863
0.3305356288494488
0.3305612672032313
0.3305838892782575
0.3306042474220151
0.3306225893040655
0.3306400557566759
0.3306584498785152
0.3306826423717607
0.3307098815287324
0.3307298639138042
0.3307491886815651
0.3307699014940875
0.3307938001160378
0.3308239918420045
0.3308533439724868
0.3308831033313968
0.3309199949642485
0.3309399145896741
0.3309603326561347
0.3309785401662075
0.3309956530244196
0.3310151342392116
0.3310469729418272
0.3310723446588483
0.3310941269737928
0.3311172971577884
0.3311435430405709
0.3311764644616986
0.331222175131009
0.331281624827307
0.3313401824859353
0.3313926752249067
0.331445870505189
0.3315033347914802
0.3315693241677063
0.3316502370704206
0.3317518512290857
0.3318901069027202
0.3320938614578297
0.3324321609642286
0.3328193448773337
0.3332590921868647
0.3337665580685333
0.3343546657471947
0.3350466363696855
0.335869710238138
0.3368558042968827
0.3380399428203097
0.3389093636737004
0.3397931534926668
0.3399
0.3399031295105677
0.3399093885317032
0.3399204119375365
0.3399306024291744
0.339942397907181
0.3399566657882843
0.3399734873806479
0.339986743690324
0.339993371845162
0.34
0.3400031295105678
0.3400071565607387
0.3400125501113319
0.3400174587196304
0.3400232073427376
0.3400312734005816
0.3400389800932025
0.340044907484247
0.3400506500611766
0.3400566825920055
0.3400632744695391
0.3400698344254383
0.3400748785191443
0.3400787959354546
0.3400826761375796
0.3400869923999629
0.34009137899407
0.3400953217430118
0.3400995035901251
0.3401043021300005
0.3401103553772841
0.3401188274952802
0.3401297803584129
0.3401380442379479
0.3401444423173723
0.3401500508296327
0.3401554210581056
0.3401616030332324
0.3401667194292474
0.3401725326515643
0.3401775654187449
0.3401821134575482
0.3401864265126004
0.3401905500120849
0.3401946850415792
0.3401992145540643
0.3402054855374952
0.3402118661568296
0.3402167256620193
0.3402214749636521
0.3402265436513956
0.3402323810197013
0.3402397925992658
0.3402494779537558
0.3402632681578301
0.3402765543041024
0.3402885598406938
0.3402978885318597
0.3403058859492625
0.3403134663500082
0.340321376893687
0.340331176099335
0.3403429236860164
0.3403530223049364
0.3403623475988325
0.3403721055890876
0.3403829640734763
0.3403963833840545
0.3404115117961335
0.3404260978788918
0.3404411940503754
0.3404576230837679
0.3404764764375233
0.3404964683772192
0.3405057233149664
0.3405133168323726
0.3405217242710645
0.3405282073350553
0.3405351350577313
0.3405419119839318
0.3405488349432678
0.3405583404809308
0.3405708709429083
0.3405869114097329
0.3406073208495898
0.3406329583486393
0.3406594928795724
0.3406892551972291
0.3407268897041447
0.3407667038322368
0.340811463406761
0.3408641316014779
0.3409303242826778
0.3410177471857603
0.3411224158304481
0.3412365637617191
0.3413734445029835
0.3415574322611977
0.341782224539207
0.3419459533478701
0.3421025673133321
0.3422437612595561
0.3423938162624011
0.3425519060268327
0.3427410126985955
0.3429785626431662
0.3433860054833101
0.3439799533071077
0.3445285585587664
0.3452153962171154
0.3458844935520919
0.346439236103911
0.3470848849585835
0.3478584672762754
0.3491452031484897
0.3499
0.3499024663501248
0.3499073990503744
0.3499172644508736
0.3499274827433623
0.3499362208525819
0.3499455818339118
0.3499564905082455
0.3499676603560472
0.34997810423548
0.3499896932422439
0.349994846621122
0.3499974233105611
0.35
0.3500024663501248
0.350004433634708
0.3500083682038744
0.3500161122478661
0.3500243258634651
0.3500338463607763
0.3500449478887845
0.3500573898737136
0.35007243845214
0.3500856508858812
0.3500993616710371
0.3501154622646186
0.3501351176490203
0.3501632138469012
0.3502102195366121
0.350259286898378
0.3503065269064809
0.3503565361091758
0.3504108948900339
0.3504711616649825
0.3505385735536668
0.3506138277505982
0.3506599562244838
0.350704867496968
0.3507545848241447
0.3508063345781869
0.3508528919564616
0.3509086625426951
0.350932825181332
0.3509589965607294
0.3509786498306975
0.3509984834116957
0.3510181779085463
0.3510380447913252
0.351058496366317
0.3510775384684001
0.3510987578522753
0.3511252184119424
0.3511605746814457
0.3511866708037955
0.3512079017892799
0.3512295415688038
0.3512511102641756
0.3512747432778682
0.3513103768775862
0.3513660828368467
0.3514358559403568
0.3515145719806517
0.3515987803808432
0.3516918528579145
0.3518068602602269
0.3518789213507585
0.3519474301513714
0.3520324689310527
0.3521133787910541
0.3521875538838519
0.3522788875132633
0.3524213056899986
0.3525760066893913
0.3527881919919057
0.3529489471491158
0.3531171853330539
0.3534074178685094
0.353798928421633
0.3542735532652872
0.3548217212424216
0.3554521308140863
0.3561814304025648
0.3570353406106953
0.3580287010580749
0.3591098495926061
0.3599
0.3599022810114391
0.3599068430343174
0.3599159670800738
0.3599249801079986
0.3599348686670907
0.3599477716410397
0.3599622310024772
0.3599818007484728
0.3599909003742364
0.3599954501871182
0.36
0.3600022810114391
0.360004710373046
0.3600095690962598
0.3600192865426873
0.360028511764308
0.3600383752941654
0.3600499652095245
0.360063782376021
0.3600817461358212
0.3601008205665798
0.3601217723484786
0.3601462257223224
0.3601792940849458
0.3602201423110335
0.3602678242759191
0.3603233914742642
0.3603881564531335
0.3604385833791754
0.3604800998235107
0.3605206011113215
0.3605661800931082
0.3606108785791644
0.3606592843295171
0.3607114946466122
0.3607699010059754
0.3608319243942073
0.3608881887200255
0.3609356651446179
0.3609824035467398
0.3610344875128595
0.36109598283775
0.3611650707305578
0.3612285851509934
0.3612962939493848
0.3613708365665859
0.3614536567294979
0.361552324277464
0.3616715291122066
0.3617999909645636
0.3619476682882014
0.3621186603552047
0.3622838763247661
0.3624744661613884
0.3626385082679735
0.3628078416115197
0.362991055215298
0.3632120933872215
0.3635546989315188
0.364151904377671
0.3651497839441237
0.3662427511601996
0.3675083458699649
0.369025931606059
0.3699
0.3699024261304875
0.3699072783914624
0.3699169829134122
0.3699265302827961
0.3699365621126161
0.3699498876729411
0.3699643401372376
0.3699824337488191
0.3699912168744095
0.3699956084372047
0.37
0.3700024261304874
0.3700049184837252
0.3700099031902008
0.3700198303350033
0.3700302830660695
0.3700412070259638
0.3700536825534371
0.3700680879769896
0.3700851390298817
0.370105590080572
0.3701304036234929
0.3701595148254496
0.3701916163094675
0.3702245637987009
0.3702539453059754
0.3702821737903131
0.3703101209430308
0.3703340557629062
0.3703557876657288
0.3703774234193201
0.3704021281701333
0.3704319105136063
0.370457066194081
0.3704774600454855
0.3704952370073958
0.3705106036853839
0.3705243543385603
0.3705376954290324
0.3705524146969674
0.3705725445160507
0.3705899245051258
0.3706045865387816
0.3706196133795843
0.3706360603424378
0.370656265495113
0.3706788777196637
0.3707036740025432
0.3707348273959862
0.370760071948366
0.3707878555076099
0.3708252280676775
0.3708549869366075
0.3708827001287286
0.37091114138768
0.3709414996699173
0.3709771531558023
0.3710072044970291
0.3710306417448196
0.3710519544510877
0.3710728417559537
0.3710955481676938
0.371125944865364
0.3711644010083804
0.3711920714484629
0.3712187708394102
0.3712475844107874
0.3712809266350474
0.3713242656234135
0.3713823084142099
0.3714424130613733
0.3715030198142337
0.3715566282286736
0.371610523524446
0.3716696574904021
0.37173914325609
0.3718283661494379
0.3718877526551492
0.3719493342693484
0.3720035883725347
0.3720551243790134
0.3721138780007412
0.3722034269694839
0.3722819933924132
0.372350890894353
0.3724247019051655
0.3725095406923842
0.3726161957492478
0.3727622856478902
0.3729019518673868
0.3730435899584083
0.373197996097285
0.3733778224461128
0.3735919002854807
0.3738712755503086
0.3742641762167394
0.3748824919105947
0.3756868192806744
0.3766227026881141
0.3777039896274945
0.3790261577931118
0.3799
0.3799034663236135
0.3799103989708406
0.3799242642652947
0.3799368551842549
0.3799515377565327
0.3799663169324293
0.3799813676604536
0.3799906838302268
0.38
0.3800034663236135
0.3800077823750489
0.3800140745448269
0.3800237613435072
0.3800335801142764
0.3800426041952016
0.3800514616491619
0.3800612057672155
0.3800704943244413
0.380079632074486
0.380088523825141
0.3800972599561481
0.3801040789611621
0.380109245709461
0.3801139081564336
0.3801188012056628
0.3801249798062389
0.3801305619613344
0.3801361269765611
0.3801418623794883
0.3801483106409861
0.3801543186859384
0.3801600665091588
0.3801651650782122
0.3801699469952622
0.380174992638891
0.380181806539213
0.3801888870656379
0.3801942879980887
0.3801996116043647
0.3802053624549828
0.3802110705879753
0.3802173577856121
0.3802228848219886
0.3802280918161289
0.3802341002757242
0.380241967145815
0.3802500090759847
0.3802591178596443
0.3802666366355641
0.3802751401323912
0.3802817050383128
0.3802876859779639
0.3802933634002221
0.380298964026122
0.3803050841032999
0.3803118297735259
0.3803202991548148
0.3803274375533474
0.3803341691584997
0.3803413187469836
0.3803487470067504
0.3803559927934995
0.3803626831358546
0.3803694294864535
0.3803763833240449
0.380384399497582
0.3803880332113052
0.3803928625354264
0.3803963759551187
0.3804008402381392
0.3804045706669728
0.3804080778596888
0.3804123121652755
0.3804185289162352
0.3804265210883703
0.3804367494219502
0.3804486699817474
0.3804608645711413
0.3804737245885395
0.3804877496780086
0.38050397072917
0.3805227137037394
0.380543037117782
0.3805655589221959
0.3805918839461054
0.3806227017197349
0.3806575121239866
0.3806940321625635
0.3807224545882874
0.3807461482737591
0.3807569467511097
0.3807687990067088
0.380778099094121
0.3807856231649401
0.3807931691039462
0.3808026137414366
0.380809517978399
0.3808164344641734
0.3808226843020525
0.3808284255619626
0.3808340375121834
0.3808397827191815
0.3808462478837533
0.3808558754122905
0.3808644854353611
0.3808713418203988
0.3808782006704683
0.3808855635941996
0.3808941603863553
0.3809051931743949
0.380919617131828
0.3809401395887562
0.3809654978325931
0.3809978673810022
0.3810337701419478
0.3810597869611695
0.3810800400831137
0.3810994669508134
0.3811260667695041
0.3811448252753338
0.3811620545653335
0.381181557040374
0.3812060945132612
0.3812478201401795
0.3812866871169991
0.3813235397074592
0.3813592864206786
0.3814038947760576
0.3814577811943728
0.3815094937383374
0.381564400503902
0.3816286514241244
0.3816904207893482
0.3817440063034564
0.3817983861707693
0.3818539567029213
0.3819153376104275
0.3819877829912585
0.3820333214117574
0.382060991961064
0.3820918267122543
0.3821159385156066
0.382140007255781
0.3821633971180931
0.3821901106277998
0.3822236220991427
0.3822666555508271
0.3823210494618045
0.3823910220165735
0.3824729202583579
0.382563794441945
0.3826728950749749
0.3828085982327309
0.3829680526128427
0.3831049653198519
0.383258395668393
0.3834389863809947
0.3836909240873564
0.3840255154457364
0.3844809937391935
0.3850547049550349
0.3857165237050725
0.3864871907184433
0.3873998897768759
0.3884782795586306
0.3898280206853574
0.3899
0.3899079137491175
0.3899237412473527
0.3899396148678814
0.3899572406672166
0.3899824894395952
0.39
0.3900079137491176
0.3900178287181033
0.3900280073759632
0.3900480465262384
0.3900719486626508
0.3900937340434212
0.3901120415040144
0.3901284352043979
0.3901448229058337
0.3901651164772121
0.3901825782315261
0.3901998450526587
0.3902164497146011
0.3902337919260001
0.3902533708139795
0.3902735724920011
0.3902898348302455
0.3903021385888242
0.3903136899712756
0.3903302781929425
0.3903442087731566
0.3903561742995425
0.3903690918544666
0.3903840138784845
0.3904038812642754
0.3904319290013719
0.3904541360552931
0.3904718278690697
0.3904877225249321
0.3905033856111942
0.3905230729644719
0.3905368030235293
0.3905507155510222
0.3905631902223454
0.3905746146771312
0.3905859567259816
0.3905979569595155
0.3906125762025813
0.3906259864532743
0.3906411126744348
0.3906550368489434
0.390669181988388
0.390684784753452
0.3907034549670597
0.3907263375904961
0.3907571162199761
0.3908014978492175
0.3908729482067735
0.3910100860488415
0.3911996978789073
0.3913668516904663
0.3914861917146539
0.3916348740816196
0.3917649493008581
0.3918834321781764
0.3920404013595915
0.3923543397224215
0.3927624071434339
0.3932307812694986
0.393452927568689
0.3936249925832396
0.3937370661642743
0.3938295371853788
0.3938985980800341
0.3939701865564271
0.3940253605358077
0.3940691096836162
0.3941074832183475
0.3941426663861559
0.3941774641297685
0.394215903983978
0.3942307017172719
0.3942596511440501
0.3942732369956757
0.3942869560016733
0.3943001877768909
0.3943143923826202
0.3943284288083567
0.3943429590604243
0.3943573004095886
0.3943733622393344
0.3943898498268589
0.3944039881267949
0.3944168846970428
0.3944298560998057
0.3944455055704996
0.3944565842548154
0.3944685817276642
0.394478979128741
0.3944881817739817
0.3944970523042455
0.3945060978221228
0.3945164903285064
0.3945287582064127
0.3945413272356177
0.3945520537426811
0.3945628254091901
0.3945745861761984
0.3945883368528708
0.3946062400082395
0.3946295332273085
0.3946650235673589
0.394717564729166
0.3948164110890527
0.3949307745876947
0.3950684278570878
0.395220083343596
0.3953738894399404
0.395537735602777
0.3956912971777568
0.3958893163346157
0.3960444116333481
0.3962102364213275
0.3964542578378781
0.3967736565031681
0.3971437753167077
0.3975687644409293
0.3980567897138298
0.3986207297056502
0.3992794679947409
0.3999
0.3999035665539842
0.3999106996619526
0.3999249658778894
0.3999386844110763
0.3999521406547737
0.3999696762014748
0.3999852888135313
0.4
0.4000035665539842
0.4000106996619526
0.4000192000824364
0.4000362009234038
0.4000510681166168
0.4000658020414029
0.4000802187496366
0.4000930902089395
0.4001051532996521
0.4001163285730381
0.400127153756936
0.4001386312481104
0.4001516178528045
0.4001593429647275
0.400167050876985
0.4001742097292906
0.4001804611575224
0.4001865823760572
0.4001934720804862
0.4001994156062804
0.4002059127403639
0.4002112050448332
0.4002158119571582
0.4002201565869753
0.4002244464242819
0.4002291099302073
0.400235311167781
0.4002428250107142
0.4002482157464666
0.4002533674053108
0.4002588665714916
0.4002651400201888
0.4002731225989884
0.4002835684986115
0.4002984455920003
0.4003167811327994
0.4003337211197467
0.4003471245829107
0.4003642625233486
0.4003791631476748
0.4003947164188213
0.4004155561164286
0.4004331814503206
0.4004496482110237
0.4004675944021909
0.4004898013153423
0.4005178740759859
0.4005451791055309
0.4005682055704716
0.4005891237371249
0.4006102861429053
0.4006380036183054
0.4006630721201078
0.4006806880761274
0.4006961446398433
0.4007108634703355
0.4007261067981568
0.4007446734704337
0.4007627568934067
0.400782808830824
0.4008011965316062
0.4008199683064739
0.4008407341243347
0.4008658114009229
0.4008967687179514
0.4009390423016839
0.4009597053535438
0.4009883161703885
0.4010098054058653
0.4010330237843659
0.401057681166373
0.4010773918831571
0.4010985415942792
0.4011244544800192
0.4011588877501593
0.4011840079081078
0.4012050291290735
0.4012271035535874
0.4012484834740146
0.4012720893937706
0.401308054400021
0.4013649228462776
0.4014345020079659
0.4015129531917388
0.401602233797231
0.4017039523435941
0.4018203789797322
0.4019194134416584
0.4019924414915131
0.4020688880322941
0.4021464186708232
0.4022274038291712
0.4023470849647297
0.4025220335272518
0.4027754638741873
0.4030666326267524
0.4034002352518648
0.4037509828355965
0.4040899431713031
0.4044153247644697
0.4047237723763074
0.4051165481164005
0.4055858843398031
0.4064011470966346
0.4073719040540425
0.408411536141648
0.4095365231871612
0.4099
0.4099035665539842
0.4099106996619526
0.4099249658778894
0.4099382481883297
0.4099520846483194
0.4099696887714135
0.4099848443857068
0.4099924221928534
0.41
0.4100035665539842
0.4100075978297297
0.4100140677066983
0.4100254068089355
0.4100368948136467
0.4100471634125412
0.4100569656352786
0.4100672583644716
0.4100809137226833
0.410093734886487
0.4101040072217224
0.4101141801736143
0.4101250816952451
0.4101375322928988
0.4101508192316364
0.4101614683766256
0.410169148361884
0.4101759510314961
0.4101843920381112
0.4101935512196627
0.4102007013798358
0.4102080677482406
0.41021520462001
0.4102224792576316
0.4102315826417439
0.4102394536006408
0.4102473750646957
0.4102549392864326
0.4102628012098299
0.4102716386331382
0.4102813399978075
0.4102908933844592
0.4103013076475929
0.4103133551854554
0.4103247453142179
0.4103335067463842
0.4103412752909633
0.4103485398145295
0.4103556280639571
0.4103631225089693
0.4103706739294824
0.4103773591080594
0.4103837208024216
0.4103904138229127
0.4103986715258114
0.4104075586928207
0.4104156578021037
0.4104234467713535
0.4104317992677272
0.4104414669623752
0.4104534733501188
0.4104697555505235
0.4104900366066217
0.410515535733758
0.4105408599259886
0.410562917978805
0.410583822296078
0.4106044810130868
0.4106278254895868
0.4106563656082074
0.4106819333631697
0.4107043839793491
0.4107275275387207
0.4107530986721776
0.4107846083923465
0.410824149843659
0.4108591313200323
0.4109110081415748
0.4109516659980698
0.4109924689244063
0.4110359511940477
0.4110766998311267
0.4111184210836552
0.4111641292530243
0.411219352889494
0.4112943133023801
0.4113646920776717
0.4114258476512187
0.4114880617741073
0.4115556854813813
0.4116369276421765
0.4117377434697941
0.4118752776177695
0.4120782171060785
0.4124181636846218
0.4128191287537357
0.4132411204912931
0.4137449546872149
0.4142682000055504
0.414684801426331
0.4151559587884009
0.4157179933222681
0.4166081239901487
0.4178261346504673
0.4192362710028094
0.4199
0.4199049992041037
0.4199149976123112
0.4199349944287262
0.419950969907499
0.4199667801097575
0.4199856722067642
0.42
0.4200049992041037
0.4200133459765616
0.4200223613618834
0.4200379956985453
0.4200542189115947
0.4200704821291088
0.4200852364021813
0.420099316654483
0.4201148030263913
0.4201306775455229
0.4201478675510239
0.4201626347152583
0.4201773178061063
0.4201932950234804
0.420210363285849
0.4202256059387968
0.4202370227921361
0.4202468584205744
0.4202583749950018
0.4202732639089203
0.4202839135649249
0.4202946770882683
0.420306742016267
0.42032183145882
0.4203437551524526
0.4203661646927578
0.4203836237859665
0.4203982644406824
0.4204117948599294
0.4204260583897844
0.4204397817003411
0.4204550639371997
0.4204670733083067
0.4204776099184621
0.420487630519279
0.4204975647152039
0.4205084030969825
0.4205227492995295
0.4205405682417966
0.4205532230665286
0.4205653053222986
0.4205782319474072
0.4205930315102567
0.4206120237978812
0.4206372306653863
0.4206741509406938
0.4207337940872611
0.4208490923717231
0.4210262895654395
0.4212246038244173
0.4214482928265166
0.4217039377674949
0.4219977721115377
0.4222917768444426
0.4225928162164991
0.4228939702548014
0.4232655620925828
0.4235788333569125
0.4238729351463066
0.4242057985225944
0.4245541846659232
0.4249437665880468
0.4253834097249514
0.4258785896940774
0.4266024875394719
0.4273971835435101
0.4280664134206797
0.4287926136883055
0.4296426127056946
0.4299
0.4299046328475128
0.4299138985425384
0.429930963368196
0.4299454370907548
0.4299636938720685
0.4299803138606185
0.4299901569303093
0.43
0.4300046328475128
0.4300100435046537
0.4300166898001635
0.4300246505681898
0.43003313061645
0.430041618002908
0.4300491389283915
0.4300556318318834
0.4300611614766643
0.4300663866813146
0.4300726337859351
0.4300786328760589
0.4300846627660856
0.4300906079339126
0.4300970283676493
0.4301047575562238
0.4301133765335691
0.43012161630359
0.4301301304958676
0.4301408095089514
0.4301485697173869
0.4301565725512202
0.4301637166177694
0.4301702086087663
0.4301764722086581
0.4301827299916337
0.4301894876874534
0.4301982519956281
0.4302059928491647
0.4302136557993266
0.4302210089092592
0.4302286635488873
0.430237266115384
0.4302477277459082
0.43026077876903
0.4302784802761713
0.430304254258996
0.4303462396675339
0.4304302104846097
0.4305677099147749
0.4307396997159858
0.4309726437393091
0.4313271306838949
0.4318383937941554
0.4326016770863223
0.4333992363473642
0.4341975248518819
0.4350761863195399
0.436083286311069
0.4372850846513425
0.4387722208737768
0.4399
0.4399024221648044
0.439907266494413
0.4399169551536304
0.4399258457035112
0.4399378685997086
0.4399522697300741
0.4399715074889022
0.4399857537444511
0.4399928521421774
0.44
0.4400024221648043
0.4400057892961161
0.4400100155089982
0.4400138334572958
0.4400185543015112
0.4400232513482766
0.4400284248274474
0.4400329469273023
0.4400373673411009
0.4400420737832516
0.4400472257737094
0.4400524452665188
0.4400565437232391
0.4400596356938964
0.4400625648636737
0.4400667954390878
0.4400703283535068
0.4400733486182141
0.4400765854582787
0.4400802871049647
0.4400850698820228
0.4400919150265472
0.4401004553382402
0.4401068472983583
0.4401117997245756
0.4401161346960357
0.4401202882210496
0.44012506564802
0.4401287719926142
0.4401333661489516
0.4401373739923702
0.4401410014493134
0.4401444547837129
0.4401477195403632
0.4401509179379748
0.4401542789946101
0.4401583904062897
0.4401620010892453
0.4401659189328466
0.4401695620705649
0.4401732657502511
0.4401773442718336
0.4401822009817799
0.4401880991234043
0.4401958993913891
0.4402032141889325
0.4402094868125597
0.4402153833083873
0.4402215176896373
0.440229464914147
0.4402374259319043
0.4402445939459087
0.4402517233499014
0.4402595868060418
0.4402681779492453
0.440275599962121
0.4402822139399202
0.4402886373033454
0.4402956752234821
0.4403044824700866
0.4403119831974965
0.440319016483885
0.4403261772886854
0.4403327632468526
0.4403400102800273
0.4403494396082956
0.4403610740142603
0.4403724418492802
0.4403831074070605
0.4403923288318604
0.4403998065764221
0.4404093261021843
0.440418558395731
0.4404263715241332
0.440434357607053
0.4404418995838785
0.4404493225761131
0.4404572837764761
0.440464708966861
0.4404717422305706
0.4404788893683986
0.4404869099791073
0.4404948540885964
0.4405029633478404
0.4405117288067023
0.4405202921548826
0.4405246378190209
0.4405298321014184
0.4405338283619447
0.4405398311143298
0.4405441229595602
0.440548336197877
0.4405537595833464
0.4405612853841738
0.4405711814770292
0.4405834560838979
0.44059732589939
0.4406134805195159
0.440631155105872
0.4406508992852417
0.4406741208733776
0.4407016859294929
0.4407330970794879
0.4407686073781618
0.4408055781920907
0.4408487493643491
0.4409033688067927
0.4409657685688919
0.441037614359419
0.4411052005519672
0.4411577988422346
0.4412055288115105
0.4412526497442135
0.4412864933679128
0.4413225233746009
0.4413757707796493
0.4414200415942641
0.4414698591294634
0.4415360670823081
0.4415864137476593
0.4416245488517698
0.4416567266488187
0.4416859787861056
0.4417175293971818
0.4417387076872848
0.4417650685007141
0.4417867334111805
0.4418056247720973
0.4418246468936466
0.4418460607272736
0.4418823653953073
0.4419099521736837
0.4419335794349141
0.4419589864996561
0.4419888583185679
0.4420229531173281
0.4420576707462485
0.4420955553854322
0.4421269782692002
0.4421586121689669
0.4421877048770079
0.4422113199894586
0.442239005239445
0.442276718470227
0.4423109450390121
0.4423453526864107
0.4423886400861404
0.4424473241191321
0.4425127395446965
0.4425946157102168
0.442687390913736
0.4427711022597092
0.4428590464375893
0.442957556913314
0.4430851360068557
0.4432758001326597
0.4434867441859152
0.4437027719548009
0.4439200907383294
0.4441491989498446
0.4443696952332652
0.4446272445127695
0.4449619735390454
0.4455186930855143
0.4464598615710282
0.4475483057051856
0.4486635508634335
0.4490133988890607
0.4493235372935229
0.449646349776225
0.4498754495689984
0.4499
0.449902863159195
0.4499085894775852
0.4499153136751693
0.449923088246893
0.4499325719181758
0.449943113235552
0.4499543631175444
0.4499670673873618
0.4499745642625629
0.4499801578143175
0.4499858701758878
0.4499902619518725
0.4499940922000436
0.4499979920786432
0.45
0.4500016091512425
0.4500036926270442
0.4500059130244544
0.4500102815182412
0.4500146727322839
0.4500189176630006
0.4500236941592947
0.4500293372832451
0.4500337531538803
0.450038687072526
0.4500423625039482
0.4500453018936555
0.4500480453094945
0.4500508952737344
0.450053819960457
0.4500575398796777
0.4500607772921789
0.4500638699802366
0.4500670348489927
0.4500705628981763
0.4500748878577759
0.4500789633148375
0.4500839723997456
0.450088470959869
0.4500924667947931
0.4500962738954793
0.4501001115968391
0.4501043279159508
0.450107485977729
0.4501107522162564
0.4501133189873324
0.4501154706521913
0.4501175326235736
0.4501197366446659
0.4501228352470115
0.4501259837685093
0.4501284587292001
0.4501309401395082
0.4501336517898057
0.4501368848953733
0.4501403412382742
0.4501444730069818
0.4501504092926709
0.4501545647556306
0.4501582608256999
0.4501621391841016
0.4501664447574527
0.4501718701621636
0.4501767529776582
0.4501816267750633
0.4501873545711035
0.4501917837007112
0.4501970334787533
0.4502033448788353
0.4502101160943801
0.4502168914736767
0.450223949722758
0.4502309401571357
0.450237169664339
0.450242943628581
0.4502486279509532
0.4502548353239502
0.4502593304620671
0.4502647307217987
0.4502687643423225
0.45027202502106
0.4502751147529404
0.4502782874746972
0.4502806456431208
0.4502823362712549
0.4502841398052176
0.4502859564249158
0.4502877273002336
0.4502900305037172
0.450293447631697
0.450297271414272
0.45030173231882
0.4503070091323676
0.4503121727787429
0.4503173796539275
0.4503229708257805
0.4503292545507016
0.4503368466544424
0.4503462524745427
0.4503589183995764
0.4503731972636685
0.4503875243318345
0.4504023634143059
0.4504164815471565
0.450430969344115
0.4504467512467593
0.4504652555099499
0.450487208632959
0.4505152623891961
0.4505530422057804
0.4506078367149247
0.4506974141021791
0.4508180452546819
0.4509645160815951
0.4511139998311778
0.4512719255666462
0.4514443740499319
0.4516355490165628
0.4518502194718514
0.4519661095751146
0.452026256434601
0.4520759095221141
0.4521329841871307
0.4521731061681438
0.4522105850296845
0.4522471810555516
0.4522855151786505
0.4523202338032756
0.4523566122513958
0.4523982239132344
0.4524506147196438
0.4525278552433332
0.4526192271217056
0.4526962813889895
0.4527749193360309
0.4528416687031941
0.4529141161058695
0.4529890072706126
0.453055689595303
0.4531316306674518
0.4532216416125413
0.4532922160005355
0.4533431255303121
0.453399748660054
0.4534472348625739
0.4534940322973167
0.453541342219074
0.4535945825430842
0.4536614067055452
0.4537595838964618
0.453876926160996
0.4539794051624229
0.4540635160922021
0.4541784876538123
0.4542645810273876
0.4543457613010363
0.4544191823555482
0.4544962004858564
0.4545708223041946
0.4546526961185746
0.4547753952892754
0.4549656042890108
0.4552192747500254
0.4555089910793637
0.4558411087348926
0.4562236391900236
0.4566665021984526
0.4571832740702617
0.4577888364515295
0.4584988403345625
0.4593339239611294
0.4599
0.4599080808755785
0.4599242426267355
0.4599565661290496
0.4599803758987333
0.46
0.4600080808755785
0.4600204430726594
0.4600395250574061
0.4600608901469114
0.4600832711126973
0.4601084332957525
0.4601366985904467
0.4601661560863266
0.4601994933914572
0.4602446917921316
0.4603316534111341
0.4604519612420325
0.4605971634137814
0.4607805783745198
0.4610170118979706
0.4613276788603679
0.4617399115446408
0.4622682585764822
0.46293379467215
0.4636916832557164
0.4643883916146383
0.4650869886697503
0.4658885847674724
0.4669545525741789
0.4681487252086208
0.4692255407898606
0.4699
0.4699021141045049
0.4699063423135147
0.4699147987315343
0.4699230249418598
0.4699318373128061
0.469943179213981
0.4699559371355942
0.469971359830753
0.4699856799153765
0.47
0.4700021141045049
0.4700063423135147
0.4700126063508695
0.4700237684811717
0.4700336786314305
0.4700443577505803
0.4700567060958265
0.4700710314463971
0.470085271723619
0.4700987290028501
0.4701120957545276
0.4701270124928236
0.470142302646149
0.4701578987913315
0.4701717130285629
0.4701856311426892
0.4702007866213574
0.4702179826457023
0.4702347404928715
0.470247294858131
0.4702569840371896
0.470266572121694
0.4702769177503058
0.4702876196883436
0.4702973307995797
0.4703076635248529
0.4703195679538593
0.4703346761682581
0.470355995645349
0.470375876280796
0.4703915787366915
0.4704051056373765
0.4704178442722811
0.4704317430070684
0.470442593173539
0.470456463876867
0.47046790493459
0.4704779177205056
0.4704874933324809
0.4704969022704898
0.4705069265660496
0.4705193564302131
0.4705304143606626
0.4705426542909742
0.4705540607235396
0.4705656858839345
0.4705785264243705
0.4705938795553467
0.4706126358494475
0.4706376886770929
0.4706734462636019
0.4707299979798296
0.4708352153794848
0.4709247768352466
0.4709902552339942
0.4710621661897564
0.4711337192532621
0.4712067670244122
0.4712946211072475
0.471398209155251
0.4714850036080684
0.4715821412064221
0.4717342319267962
0.4719775778806375
0.4723178336891889
0.4727070028457844
0.4731526320680419
0.4736663159720623
0.4742622453657365
0.4749615491068274
0.4757885419512894
0.4767734217037936
0.4779562375339686
0.4793972265251639
0.4799
0.4799039668861941
0.4799119006585822
0.4799277682033586
0.479940748113365
0.4799514362487085
0.4799626963059999
0.4799755366824053
0.4799885324305397
0.4799942662152699
0.48
0.4800039668861941
0.4800080320878561
0.4800151950938589
0.4800252088276261
0.4800358262113814
0.4800485401246185
0.4800611300489049
0.4800752033742344
0.4800930805496527
0.4801208626901551
0.4801556676360052
0.4801958500786053
0.4802423880178398
0.480296366658882
0.4803593867083896
0.4804333427993555
0.4805202834760807
0.4806225338756294
0.4807428185456614
0.4808814093908004
0.4810027790550554
0.4811057453250003
0.4812037125059671
0.4813237291272149
0.4813839554245629
0.4814454215994646
0.4815006001378686
0.4815523560435136
0.4816115458076423
0.481713933219737
0.4817864104701278
0.481848466284356
0.4819141949044978
0.4819873713156939
0.4820820867130638
0.4821544128571532
0.48221313622808
0.4822701534540018
0.4823316554180865
0.4824169219687252
0.4825175850357336
0.4825961165110556
0.482674737113243
0.4827610856929052
0.4828657920979162
0.4829997954199169
0.4831944624834614
0.4834890502393541
0.4838745189949915
0.4843176449465662
0.4848306587646191
0.4854607499479022
0.4862868529704585
0.4872956318200776
0.4885339156191414
0.4899
0.4899032029462311
0.4899096088386932
0.4899224206236175
0.4899334880301313
0.4899461255404614
0.489961445928921
0.489979983398157
0.4899911133748404
0.49
0.4900032029462311
0.4900074394455462
0.4900128285654252
0.4900183600558178
0.4900244087344419
0.4900312723008629
0.4900415621605209
0.4900491915001318
0.4900553156285848
0.4900614434742359
0.4900677673169794
0.4900741009158864
0.4900793728826341
0.4900835879036556
0.490087673474327
0.4900935047489045
0.4900985601912543
0.4901028129514525
0.4901073180421985
0.4901124173047245
0.4901189425537089
0.4901278324726956
0.4901417025157162
0.4901522541158662
0.4901599694694178
0.4901665129499121
0.4901725407063394
0.4901790931195305
0.4901848699661777
0.4901918513811278
0.4901976106192915
0.4902027328799879
0.4902075781785443
0.4902121969610226
0.4902168370569256
0.4902219282181073
0.4902289682121425
0.4902361978680593
0.490241695720098
0.4902470686116288
0.4902528091800221
0.4902594284501813
0.4902671439241157
0.4902748415991366
0.4902832121764384
0.4902941649653049
0.4903043381674742
0.4903136954246828
0.4903231934470943
0.4903322302680156
0.4903406521294942
0.4903492691554779
0.4903596515920343
0.4903713707255193
0.4903815866580781
0.4903910793757441
0.4904010765820944
0.490410869555956
0.4904214822795085
0.4904307993009213
0.4904395485946563
0.4904500017941488
0.4904631848112703
0.4904781163789242
0.4904915330753051
0.4905038542157059
0.4905147174812209
0.4905243378028959
0.4905335356472135
0.4905430438876339
0.4905532601700768
0.4905618154383861
0.4905694783695392
0.4905769228955761
0.4905847496998208
0.4905945032332565
0.4906060258393009
0.4906158337160474
0.4906249306703038
0.4906344653565572
0.4906450992279923
0.4906582758282854
0.4906730610467843
0.4906872865088887
0.4907020081848802
0.4907085753943358
0.4907146049921797
0.4907205278769584
0.4907262868546101
0.4907328248928177
0.490738408253254
0.4907445055929348
0.4907532910423432
0.4907646519501562
0.4907793599988263
0.4907980893419312
0.4908216798130117
0.4908478629975973
0.4908749380485953
0.4909055331548758
0.4909441896695546
0.4909898855502864
0.4910398527444456
0.4910922107515894
0.491152096176317
0.4912277228310863
0.4913255924289268
0.4914367210761388
0.4915556817874094
0.4916727393885373
0.491769127910948
0.4918710692152452
0.4919468019422865
0.4920392038863671
0.4921386799121241
0.4922388458478909
0.4923923260123244
0.4925912936900237
0.4929892290454223
0.4935962574915282
0.4942795926485911
0.4948509631004742
0.4955038794798909
0.4962120852150946
0.4967768333789357
0.497425311607001
0.498215024656563
0.4995204702924441
0.4999
0.4999032791709807
0.4999098375129421
0.4999229541968649
0.4999350928836291
0.4999468351199377
0.4999626478025324
0.4999795367039938
0.4999897683519969
0.4999948841759985
0.5
0.5000032791709806
0.5000066584261323
0.500012682565934
0.5000209697596375
0.500029434965259
0.500037520241342
0.5000457585928174
0.5000557029748942
0.5000643954459689
0.5000732245058678
0.5000815466837443
0.5000901404029059
0.5000997502493321
0.5001113871008951
0.5001258872022813
0.5001455804940612
0.5001575046325706
0.5001720823990856
0.5001826385655956
0.5001907957402418
0.5001999893077147
0.5002084974257461
0.5002169289153408
0.5002254271635089
0.5002348732113071
0.5002467747970545
0.5002621224415499
0.5002783241122698
0.5002915387721577
0.5003029485657355
0.5003138318434038
0.5003257932840895
0.5003349971281744
0.5003467617023155
0.5003565560368609
0.5003651329128378
0.5003733007783712
0.5003812868125049
0.5003897769896277
0.5004004016045489
0.5004100223452456
0.5004201340929095
0.5004296780179679
0.5004395404303104
0.500450566985746
0.5004639777281845
0.500480651021386
0.5005034603079477
0.500537256771361
0.5005652855397992
0.500595196294706
0.50063663319472
0.5006727416313872
0.5007033433235281
0.5007308020560951
0.5007563642506418
0.5007825224712268
0.5008143000606994
0.5008426098379714
0.5008735027398764
0.5009025051278627
0.5009323765943025
0.5009657354030013
0.5009868550035342
0.5010095512448484
0.501030151700412
0.5010499523328528
0.5010705388837524
0.5010901101288433
0.5011114177460975
0.5011375049181354
0.5011600843930674
0.5011783527466618
0.5011927173902245
0.5012047704931322
0.5012172044447427
0.5012358778497245
0.5012504711909196
0.5012637349158483
0.501277234095654
0.5012919279227943
0.5013124930154391
0.5013355992688959
0.5013535068643004
0.5013714231842911
0.5013911293808272
0.5014145764575432
0.5014468408979859
0.501489984575933
0.5015610120456234
0.5016536004514316
0.5017373149135619
0.5018183898148528
0.5019038021167053
0.5019725369630215
0.5020793549916049
0.5021574997600662
0.5022365688844158
0.5023381175800036
0.5024750666865526
0.5026246204793697
0.5027707959648464
0.5029265259909419
0.5031319904598871
0.503397325594815
0.5038058968971576
0.5042800878381901
0.5048223126445728
0.5054482576199012
0.5061714627879044
0.5070190043802246
0.5080106599125499
0.509090033354045
0.5099
0.5099106081266742
0.5099318243800226
0.5099659121900113
0.5099829560950057
0.51
0.5100106081266742
0.5100225337048309
0.5100412764718179
0.5100672249672517
0.5100912137350918
0.5101200914925758
0.5101525429849963
0.5101896379164544
0.5102369210703264
0.5103062600023452
0.5103967261769203
0.5104972284357074
0.5106112606347429
0.5107423282148628
0.5108943668747294
0.5110724446457943
0.5112817517944164
0.5115280468344588
0.5118160922768161
0.5121488722092368
0.5125332243732126
0.5129787495102852
0.513488756112034
0.5140830923980342
0.5147671779053451
0.5155969112122033
0.5166123549720733
0.517939426032649
0.5198765561700179
0.5199
0.5199093400652804
0.5199238536302516
0.5199484179587904
0.5199732197013259
0.5199984787188682
0.52
0.5200030425622637
0.520007712594904
0.5200153719639086
0.5200306907019178
0.5200487152760845
0.520067807258633
0.520089728234625
0.5201155427063342
0.5201464236166015
0.5201855459270852
0.5202280004927221
0.5202748547751357
0.5203286806310808
0.5203906313298712
0.5204588695945701
0.5205458719335017
0.5206500211668466
0.5207395151841893
0.5208185893002525
0.5209010301258606
0.5210046723420801
0.5211181435045241
0.5212313237845418
0.5213498153673692
0.5214877892882297
0.5216510302682761
0.5218220704359757
0.5220187596900875
0.5222515532712929
0.5225537066336364
0.5229863541305497
0.5237113085678949
0.5251264855809411
0.5276248105953961
0.5299
0.529902278563297
0.5299068356898908
0.5299159499430786
0.5299251548377634
0.5299345573345219
0.5299432649503241
0.5299515167456913
0.5299598737038256
0.5299690896327617
0.5299811497042164
0.5299896362934168
0.5299948181467085
0.53
0.530002278563297
0.5300050209814995
0.5300096378408654
0.5300143534817192
0.5300193340030319
0.5300245684038299
0.5300307626097646
0.5300361453109622
0.5300416001755262
0.5300466514213604
0.5300516969388324
0.530056976247513
0.5300620737153767
0.530066155604247
0.5300694808490053
0.5300728589993855
0.5300765625689967
0.5300803915177422
0.5300838438895219
0.5300874909446337
0.5300916593858968
0.5300968790862103
0.5301039987296378
0.5301143615864451
0.5301235278190001
0.5301301732381464
0.5301355668932939
0.5301404031790796
0.5301453433550615
0.5301520380510623
0.5301584286245408
0.5301630973359557
0.5301672675709935
0.5301711362598982
0.5301748015206605
0.5301784797573464
0.530182475583144
0.5301878153904124
0.5301938412990899
0.5301982405395111
0.5302024596570706
0.5302069453863353
0.5302120587213899
0.5302185291207642
0.5302269538119131
0.5302388932456825
0.5302472950917313
0.5302546840827715
0.5302623545138592
0.5302707706879783
0.5302812224385073
0.5302929747481117
0.5303051047811849
0.5303166389151258
0.5303284886638496
0.5303431292333253
0.5303530610761377
0.5303632736316183
0.5303722974833087
0.5303804707348505
0.5303885922381117
0.5303972466776309
0.530408016511215
0.5304181567169293
0.5304288881039552
0.5304389072370377
0.5304491934358476
0.530460597995899
0.5304743120955135
0.5304911848528758
0.5305138315194317
0.5305462814154974
0.5305974960747386
0.5306515578257855
0.5307083040015296
0.530770370985772
0.5308419878808814
0.5309261781376268
0.5310330771790872
0.5311771416035841
0.5313837845181424
0.5315737616056957
0.5317250367955655
0.531898557775505
0.5320442689625122
0.5321963063953087
0.5323626923549477
0.5325573679902393
0.5328857216788759
0.5334351398559353
0.5340711690474498
0.5347997969423302
0.5356473516264774
0.5366410837430963
0.5378020699326603
0.5391638655202975
0.5398999999999999
0.539904935163923
0.5399148054917692
0.5399345461474615
0.5399492153616008
0.539960000643647
0.5399706374368026
0.5399820018377833
0.5399910009188917
0.54
0.5400049351639231
0.5400113231103505
0.5400198588875613
0.5400296126875965
0.5400408589503659
0.5400515409089208
0.540062384078586
0.5400743069924104
0.5400893640349116
0.5401098151555759
0.5401351737221844
0.540164862309134
0.5402000273031304
0.540244741713688
0.5402959959758882
0.5403581792215646
0.5404426789524699
0.5405683466295125
0.5408065373947549
0.5411141827631372
0.5415095835432607
0.5420239992278066
0.5426927516082425
0.5435662295889027
0.544701441147196
0.5461606523819833
0.5480048551623661
0.5498999999999999
0.5499023212696651
0.5499069638089954
0.549916248887656
0.5499266494317749
0.5499390031808299
0.5499524107063202
0.5499679956356783
0.5499863426115932
0.5499931713057966
0.55
0.5500023212696652
0.5500053712576214
0.5500106414393815
0.5500187550132192
0.5500268405488016
0.5500341785174385
0.5500412896325427
0.5500488358172723
0.550055994585174
0.5500632479226525
0.5500706884441909
0.5500779878757952
0.5500857907322179
0.5500932870302769
0.5501004065961291
0.5501072841193083
0.5501136050862183
0.5501191355455111
0.5501239676341451
0.5501286258112976
0.5501336339215366
0.5501393397219644
0.5501443540710835
0.550149379285571
0.5501543624682775
0.5501596902442953
0.5501657969209743
0.5501733429872955
0.5501811278842407
0.5501902561868468
0.5501985216962377
0.5502057736812317
0.5502126764444556
0.5502199881112257
0.5502269898990191
0.5502323599662299
0.5502378042882743
0.5502423639125547
0.5502464586927043
0.5502506282902063
0.550255537257043
0.5502608099897858
0.5502661761106089
0.5502710961546293
0.5502762137039127
0.5502819862444457
0.5502881810186782
0.5502942337227933
0.5503006299769444
0.5503077666500221
0.5503163502367135
0.5503268950038874
0.5503410033119345
0.5503585725787665
0.5503729989506202
0.5503867901592444
0.550401314395364
0.5504173092720756
0.5504358571922744
0.5504574063486064
0.5504860317197112
0.5505208159281113
0.5505503329254835
0.5505815144366102
0.5506196855209397
0.550669645418139
0.5507502116870916
0.550856399336371
0.550966189735763
0.5510851839191891
0.5512002256062376
0.5513116597953523
0.5514407537600831
0.5515903426395488
0.551776594636015
0.5519171963018341
0.5520631488498234
0.5522189207811407
0.5523670347947832
0.5525593898568251
0.5528211355901186
0.5533101631900603
0.5538711263770935
0.5545124398485137
0.5552573267913344
0.5561235327446806
0.5571504957073128
0.5583873859370635
0.5598402896550023
0.5599
0.5599022209562736
0.559906662868821
0.5599155466939156
0.5599240953540237
0.5599321991018807
0.559941087703426
0.5599515998789864
0.559962038410407
0.5599720750430123
0.5599835084277489
0.5599917542138745
0.56
0.5600022209562737
0.5600059565723414
0.5600105274805701
0.5600149931707374
0.5600208677317052
0.5600264554453912
0.560032325102845
0.5600376527030024
0.5600429989688377
0.5600488385646825
0.5600555924545491
0.5600631121277192
0.5600675980317693
0.5600722021214032
0.560075929144417
0.5600794699766393
0.5600853599241853
0.560089538345806
0.5600931999990764
0.5600971663244896
0.5601019078788175
0.5601079415471015
0.5601159683965968
0.5601200310065199
0.5601243820761094
0.560128062203149
0.5601312487836734
0.5601345938273751
0.5601389104616783
0.5601435609128667
0.5601474507713536
0.5601512875448276
0.5601555035120205
0.5601602507570634
0.5601646863466205
0.560168876106635
0.5601727074294143
0.5601764639387489
0.5601802913805991
0.5601840065245562
0.5601883232516939
0.5601924565851358
0.5601960546928039
0.5602002445486018
0.5602046609690521
0.5602095663470522
0.5602153046452335
0.5602199318498715
0.5602247755623802
0.5602287315790037
0.5602328562140872
0.5602385644902081
0.5602426516631457
0.5602469076485286
0.5602525618035236
0.560259598626677
0.560265280706608
0.5602702547313096
0.5602748669668711
0.5602792599169814
0.5602837863534587
0.5602890635508768
0.5602919224123737
0.5602949912348052
0.5602971950795812
0.5603002257564494
0.5603025316781153
0.5603048069624239
0.5603075853968804
0.5603113933333658
0.5603165743020672
0.5603224489790809
0.5603282531354659
0.5603342325277683
0.5603405308437905
0.5603474411317008
0.5603554082130537
0.5603642536873833
0.5603729553612224
0.5603820859597483
0.5603917673368783
0.5604026278813546
0.5604159265000422
0.5604254145774697
0.560432078165609
0.5604376669534544
0.560443148920686
0.5604510903120467
0.5604573976723143
0.5604624191069367
0.56046729239852
0.5604721081761526
0.5604770298111346
0.5604822059677632
0.560487964914843
0.560495821346452
0.5605042096118467
0.5605104115519826
0.5605163630570943
0.5605226527706441
0.5605297847672125
0.560538717389663
0.5605501865747623
0.5605661314038132
0.560580019529781
0.5605945259698817
0.5606066699837198
0.5606185146220016
0.5606334770512976
0.5606581048103789
0.5606753801463316
0.5606924082192042
0.5607128528396806
0.5607343457123497
0.5607552598302445
0.5607815875551657
0.5608007216595808
0.5608176037547603
0.5608359907172539
0.5608606521094708
0.5608843331228316
0.5609103616106051
0.5609368195882718
0.5609655650850506
0.5609998509024001
0.5610484365645183
0.5610582134575416
0.5610760302036365
0.5610897687321765
0.5611066218651843
0.5611198682360113
0.5611324211336338
0.5611490416918377
0.5611714209146869
0.5612001618844363
0.5612372074770935
0.5612842988431094
0.5613440805096157
0.5614206164691551
0.5614799290068521
0.5615347913763623
0.5616190248638255
0.56169958208638
0.561782345529756
0.5618759557584182
0.5620124061114999
0.5622187554617665
0.5626314541622995
0.563121930280181
0.5636703111188258
0.5642979959678434
0.5650197834049075
0.565865308308776
0.5668707733549311
0.5680788233190712
0.5694994319709624
0.5699
0.5699027314516203
0.569908194354861
0.5699147505198189
0.5699214808774618
0.5699280196686705
0.5699346001031135
0.5699414944299972
0.5699488064098938
0.5699563189993646
0.5699634298933393
0.569969732757167
0.5699752985418631
0.5699804633158785
0.5699854012329669
0.569990259327988
0.5699951813772892
0.5700000000000001
0.5700015616937743
0.5700043927888493
0.5700076630126844
0.5700120773893717
0.5700190119443599
0.5700244487537216
0.5700298494263831
0.5700356869871278
0.5700407391790828
0.5700450080450565
0.5700482527742765
0.5700519033583215
0.5700548149648841
0.5700579116667557
0.5700604951572847
0.5700633132556107
0.5700655515991406
0.5700681817046721
0.5700708801234383
0.5700735759325728
0.5700762728036081
0.57007899719821
0.5700817733590482
0.5700846033126876
0.5700874647608074
0.5700903107052603
0.5700930747021182
0.5700956877530303
0.5700981010773498
0.5701003029396171
0.5701023205430199
0.5701042068121716
0.5701060278612814
0.5701078609962803
0.5701098100798332
0.5701120674532423
0.5701151812329411
0.5701185168731796
0.5701211526788869
0.5701237072249699
0.5701263819447772
0.5701293500375916
0.5701328744684797
0.570137177357811
0.5701411213764987
0.5701447391215951
0.5701482108416778
0.5701517274202764
0.5701549798060351
0.5701580238100239
0.5701609883746693
0.5701640304384531
0.5701674789273026
0.5701715658155264
0.5701756623029434
0.5701793892469195
0.5701830572174602
0.5701869851993867
0.5701914786416098
0.5701933525386583
0.57019583040157
0.5701976188235379
0.5701997484604966
0.5702016692264689
0.5702034126922033
0.5702055085912464
0.5702086646513868
0.5702138974542689
0.570219713265188
0.5702259750291284
0.5702321106924693
0.5702383306512945
0.5702450020501854
0.5702497783827604
0.5702528762247145
0.5702562866829735
0.5702590841421907
0.5702620322234455
0.5702649046537872
0.5702679777096831
0.5702717049353405
0.5702770247607362
0.570280979001686
0.570286646568108
0.5702909573215127
0.5702961582225343
0.5703000432553503
0.5703048252484385
0.5703095739706389
0.5703142847911314
0.5703188842963539
0.5703233526028727
0.5703276669693609
0.5703317387511345
0.5703354399522369
0.5703386759945545
0.5703414374156701
0.570343783538287
0.570345797917481
0.5703475597868165
0.5703491348006585
0.5703505751208959
0.5703519230718227
0.5703532156084676
0.5703544893833535
0.5703557872614535
0.5703571708356149
0.5703587547457388
0.5703608920715085
0.5703629505014727
0.5703649818179477
0.5703669010681518
0.570368837333128
0.5703709050954204
0.5703732010049225
0.570375845761012
0.5703789928130344
0.5703828645676892
0.5703878137456617
0.5703931498104994
0.570399218660537
0.5704054351560407
0.5704120530101223
0.5704170112737406
0.5704211850084765
0.5704250325500402
0.5704287560175566
0.5704327158858389
0.570437590252641
0.5704405411417123
0.5704424746116273
0.5704441171784663
0.5704457353190457
0.5704473743369911
0.5704492498611534
0.5704508487407856
0.5704526126155135
0.5704548970761643
0.5704584780223068
0.5704635639937532
0.5704693206330643
0.5704753367003959
0.5704817904715441
0.5704889203713667
0.5704971738882568
0.5705072466303817
0.5705198404449242
0.5705372688295904
0.5705586308795193
0.5705780580064925
0.570596853459858
0.5706163125020407
0.570637431787995
0.5706580294200226
0.5706788237977779
0.5707015547324461
0.5707309135993942
0.5707585026580744
0.570786209634351
0.5708128472243578
0.5708408161566416
0.5708724852422267
0.5709114258277533
0.5709607208735494
0.5710288514203017
0.5711297468656823
0.5712224563963565
0.5713043675318503
0.5714106532440565
0.5715084138605482
0.5715957937493336
0.5716928111254668
0.5718276888748042
0.5720429371978515
0.5723931157736192
0.5727959398630476
0.5732547391754756
0.5737845639166114
0.5743999626971483
0.5751259322193035
0.5759924590027439
0.5770424919747235
0.5783173597723011
0.5799
0.5799057865588729
0.5799173596766188
0.5799272416030465
0.5799366452464167
0.5799488200613433
0.5799614061545642
0.5799715149758398
0.579981520904571
0.5799907604522855
0.58
0.5800057865588729
0.5800119237661683
0.5800215637960584
0.5800319959133623
0.5800441840561569
0.5800578326501157
0.5800710419248448
0.5800840435853588
0.5800986411848036
0.5801152295990623
0.5801344481556981
0.5801586874582271
0.5801922565382043
0.5802463259449009
0.5803544647582941
0.5805301767540813
0.5808454418054672
0.581475971908239
0.5827370321137826
0.5844582665641972
0.5870204303214189
0.5899
0.5899027332180652
0.5899081996541956
0.5899191325264564
0.5899282220579962
0.5899377421977341
0.5899476716895811
0.5899586264870992
0.5899686439504327
0.589979013207828
0.5899903173939696
0.59
0.5900027332180652
0.5900068718260971
0.5900150611837073
0.59002682397655
0.5900373532810305
0.5900490958089428
0.5900627925886237
0.5900784868949278
0.5900941654977732
0.5901116263245196
0.5901320843919385
0.5901561734812834
0.5901849558234706
0.5902201861168744
0.5902629920136362
0.5903169587551058
0.5903794951991994
0.590451924223985
0.5905361217742496
0.5906341852624256
0.5907488622659754
0.5908471925342439
0.5909369065218968
0.5910290272068895
0.5911300603571984
0.591249276759718
0.5913996662478568
0.5915266324897327
0.5916362563068494
0.591746055910095
0.5918734754457908
0.59204924866426
0.5922113876110654
0.5923615283074661
0.5925257861153532
0.5927160403461181
0.5929609407323161
0.5932322315247114
0.5935205550774609
0.5938526754917661
0.5942427331384877
0.594740741139961
0.5954299706756183
0.5964043484234172
0.5975297335301832
0.5988295848989199
0.5999
0.599907127898124
0.5999213836943719
0.5999498952868677
0.5999706045600396
0.5999853022800198
0.5999926511400099
0.6
0.6000071278981239
0.6000148310794199
0.6000255092686255
0.6000465353794336
0.600066764112058
0.6000876781578685
0.6001116751860002
0.6001394786043093
0.6001727091973741
0.6002123105375876
0.6002474307112244
0.6002799349639919
0.6003139478310937
0.6003545590167773
0.600388769567563
0.6004149318837186
0.6004385398996045
0.6004616646760216
0.6004868323374098
0.6005204756261882
0.6005643702600794
0.6005955539663917
0.600625473096607
0.6006575453834325
0.6006952115398496
0.6007419130589811
0.6008060401945573
0.6009009688736863
0.6010585686448591
0.6013405075166611
0.6016573058674196
0.6020127146137951
0.6024212314238676
0.6028929498252574
0.6034463215327884
0.6041003146328453
0.6048754326111064
0.6057911530034558
0.6068797690030788
0.6081880131731866
0.6097554946586873
0.6099
0.6099028445883143
0.609908533764943
0.6099199121182004
0.6099305174904468
0.6099425478828022
0.6099529438285031
0.6099620342644246
0.6099706681789393
0.6099794719312278
0.6099878462409493
0.6099939231204746
0.61
0.6100028445883143
0.6100061487212125
0.6100108462472897
0.6100160814424602
0.6100218833667772
0.6100302507315501
0.6100387193899908
0.6100455731560869
0.6100526589439149
0.6100605921619009
0.6100692331233739
0.6100792469726938
0.6100923940926122
0.6101024737330454
0.610111406547074
0.6101206440538611
0.6101307991542374
0.6101432938338008
0.6101591290420687
0.610174902733751
0.6101898351430763
0.6102049772863325
0.6102201592398684
0.6102330663027777
0.6102445446700488
0.6102539359616255
0.6102625171676437
0.6102714720828518
0.6102828889425134
0.6102939315690717
0.6103048202415975
0.6103154800194249
0.6103269312016326
0.6103401648485255
0.610354758253724
0.6103755567117675
0.6103908963941913
0.6104079815261327
0.6104304306289395
0.6104578866596496
0.6104857162603275
0.6105137698271319
0.610543764265699
0.6105773588042082
0.6106174739988635
0.6106257286492978
0.6106416610983096
0.6106551381247245
0.6106673901499546
0.610681778797793
0.6106926661491242
0.6107035123122577
0.6107167388478282
0.6107262168566945
0.6107369500171479
0.6107446741120853
0.6107553249545654
0.6107642473463234
0.6107726472847094
0.6107833477329834
0.6108013677515088
0.6108316161637715
0.6108657034629433
0.6108838094192501
0.6109028114190684
0.6109195275898807
0.6109406719496698
0.6109591049746529
0.6109746524709033
0.6109914296620789
0.611010671812677
0.6110297353874343
0.611049807811553
0.611070203656132
0.6110889820067257
0.611109610615149
0.6111352018951742
0.6111589910380311
0.6111827289043945
0.6112029514462985
0.6112259461181779
0.6112491812151877
0.6112701311846837
0.6112956858687605
0.611320170181041
0.6113392719546838
0.6113559610951127
0.6113741052658085
0.6113905570184353
0.6114079558870452
0.6114250778978133
0.6114438869904288
0.6114677749452282
0.6114922408075182
0.6115134973388583
0.6115333302834473
0.6115540844468647
0.6115740512463766
0.6115957998576247
0.611612333894085
0.6116267723049751
0.6116408300346747
0.6116555445006301
0.6116735954152656
0.6116779377995495
0.6116866225681173
0.6116937318676869
0.6117013958483928
0.6117086198752262
0.6117140927643973
0.6117193239256608
0.6117264421616776
0.6117327467214959
0.6117395784419231
0.6117445280816166
0.6117481548095907
0.6117519909663149
0.6117558719875442
0.6117599914731937
0.6117654864064018
0.611775152956499
0.6117944860566933
0.6118157249183959
0.611838642618758
0.611864456359543
0.6118936753716808
0.6119274083044058
0.6119667471986028
0.611997347396969
0.6120232819871666
0.6120478440339369
0.6120727311985849
0.6121015981552074
0.6121524040495893
0.6121885495369072
0.6122193990046015
0.6122519577513952
0.6122879978643634
0.6123340086526412
0.6123946302678975
0.6124852293269407
0.6126286320192978
0.6127910875672314
0.6129740656760784
0.613163668890484
0.6133795952566639
0.6136507187367811
0.6139663407807773
0.614333619785455
0.6147602185276536
0.615254828153777
0.6153625949145711
0.6155781284361594
0.6156349270144827
0.6157485241711294
0.6157765049566463
0.6158324665276801
0.615845861207566
0.6158726505673379
0.6158788574349123
0.6158912711700613
0.6158998116563796
0.615908841768437
0.6159173843762843
0.6159245033217445
0.6159329995557256
0.61594062182876
0.6159490313796886
0.6159534885932282
0.6159581529913043
0.6159624340967081
0.6159669121502295
0.6159712781513281
0.6159759928756634
0.6159826066911736
0.6159925978537215
0.6160094371874331
0.6160268990592948
0.6160460394664635
0.616071199214201
0.6160992777689539
0.6161275754044143
0.6161568822146776
0.6161909669465346
0.6162344598176485
0.6162920347843857
0.6163590219438079
0.6164363788744968
0.6165258037873265
0.6166292977135228
0.6167496396402617
0.6168898837792535
0.6169895710865111
0.6170653436363676
0.6171472275128295
0.6172258867635638
0.6173129709272178
0.6174508582257314
0.6176762265302168
0.6179757635545432
0.6183205133742621
0.6187185436558148
0.6191798593865171
0.6197182925297996
0.6199
0.6199016647747151
0.6199049943241453
0.6199116534230056
0.6199188648094364
0.6199294949776204
0.619941702267787
0.6199558603637403
0.6199666959894078
0.619973019452518
0.6199786157537541
0.6199843683191941
0.6199887788569524
0.6199925944692589
0.6199963608039971
0.62
0.6200016647747151
0.6200036461320177
0.6200058801321878
0.620010348132528
0.6200146061531873
0.6200186369769922
0.6200229569895799
0.6200271402734542
0.6200302808139851
0.6200326476321273
0.6200349415123775
0.6200375635730796
0.620040175445049
0.6200425108974645
0.6200449962816005
0.6200478639991649
0.6200514803776147
0.6200564937179099
0.6200628708977088
0.6200677099838385
0.6200714954390072
0.6200748442674179
0.6200780888162085
0.620081547158855
0.6200853007955718
0.6200889026973332
0.6200919957625798
0.6200948620671455
0.620097555877479
0.6201001011078944
0.6201025954058194
0.6201052282722765
0.6201085361488072
0.6201114431465099
0.6201143949834774
0.6201171958849622
0.6201200889503701
0.6201233305912749
0.6201270602037317
0.6201310069165715
0.620134934619104
0.6201387266467188
0.6201431500124961
0.62014695781318
0.6201506962508683
0.6201553215631239
0.6201607667210467
0.6201664802598775
0.6201733669643948
0.6201805863770944
0.6201858071271327
0.6201897783435983
0.6201944802854006
0.6201994511703488
0.6202035383798002
0.6202080514393062
0.6202139447258354
0.620219190556341
0.6202239734415035
0.6202285314632221
0.6202330219508038
0.6202378739449032
0.6202435153560703
0.6202450443878677
0.6202480939608644
0.6202503605714865
0.6202527813698026
0.6202550636983662
0.6202572441761433
0.6202596748677172
0.6202629150330291
0.620267458469327
0.6202733337223453
0.6202807222173231
0.6202888423655806
0.6202972389631527
0.6203052591306442
0.620313498645751
0.6203220901162981
0.6203308995774985
0.6203405441377181
0.6203516266800002
0.6203640157420683
0.6203787370217536
0.6203940772772586
0.6204097786898141
0.6204267207668736
0.6204457568377266
0.6204667709063653
0.6204852091094488
0.6205001240983629
0.6205143147984895
0.6205212671643255
0.62052845051573
0.6205344226142647
0.6205397342352968
0.6205459193555689
0.6205508880547234
0.6205564307994519
0.6205614974085889
0.6205663833462024
0.6205713272512972
0.6205763302160853
0.6205814975806486
0.6205871425480102
0.6205944330238815
0.620600712254227
0.6206069809240117
0.6206129384660857
0.6206190653461402
0.620625865312019
0.6206340189107056
0.6206439766019668
0.6206571448188207
0.6206756608620793
0.6207005510077352
0.6207321018808155
0.6207570882367589
0.6207792587873903
0.6208029490042475
0.6208255980119353
0.620847841012742
0.6208740040290759
0.6208927114393578
0.6209100069630608
0.6209302031783954
0.620955664984532
0.6209803786936814
0.6210048343599093
0.6210321422266685
0.6210648397247375
0.6211114195802342
0.6211312115811576
0.6211529378927301
0.6211653455630837
0.6211807375509578
0.6211926409492355
0.6212092419917842
0.6212221749730646
0.6212342665077888
0.6212520402610786
0.6212737230251331
0.6213018802475262
0.6213379803247512
0.6213839247324413
0.621442443359975
0.621505418698648
0.6215640346196813
0.6216333805965643
0.6217211690007405
0.6218059508055578
0.6218948056506359
0.6220264301976
0.6221831304938716
0.622496531086415
0.6229789118976408
0.6235207250050772
0.6241323882878276
0.6248314311282585
0.625640019725538
0.6265952277299295
0.6277467663598406
0.6291137240784279
0.6299
0.6299063285491793
0.6299189856475378
0.6299442998442548
0.6299630619702957
0.629983152190518
0.63
0.6300063285491793
0.6300150129266127
0.630030387595124
0.6300498224626703
0.6300691657111402
0.6300914593751344
0.6301176515882367
0.630149064466724
0.6301844294391058
0.630222730213998
0.6302658644406037
0.6303162975940282
0.6303771083904041
0.6304534012048353
0.6305626502599035
0.6307160292360101
0.6308946543306341
0.6311064857037009
0.6313791237788349
0.6316152714636795
0.6317978402856693
0.6318891246966643
0.6320465852610064
0.632217927522735
0.632469880573591
0.6328319612317614
0.6335561225481023
0.6344970943323613
0.6355452098288468
0.6368691260256371
0.6384442893081459
0.6399
0.6399019880587182
0.6399059641761546
0.6399139164110275
0.6399218646599774
0.6399304337969032
0.6399414802830579
0.6399552572982727
0.6399690114780106
0.6399815066468061
0.6399867248630342
0.6399927999138748
0.6399963999569374
0.64
0.6400019880587182
0.640004370328425
0.6400071742345762
0.6400110873627731
0.6400157048519827
0.6400196245023585
0.6400236349178544
0.6400280666435845
0.6400332849771856
0.6400399173288505
0.6400475766164437
0.6400549776110852
0.6400587348184865
0.6400624833752535
0.6400658903021943
0.6400700807893369
0.6400744111192057
0.6400778898133521
0.6400815347549833
0.6400857030371601
0.6400904869112304
0.6400980520320239
0.6401037840196027
0.6401086297792247
0.6401136742285531
0.6401183032538348
0.6401230540717023
0.6401285500274972
0.640134450020071
0.6401392242168292
0.6401433840872864
0.6401472282202413
0.6401508215494477
0.6401543233686654
0.6401579817695164
0.6401624039267414
0.640166948087827
0.6401711857630699
0.6401751852672892
0.6401791542517974
0.6401833647401445
0.6401886539564741
0.6401953481614217
0.6402003434765317
0.6402049949454386
0.6402099201812143
0.6402154698062618
0.64022171932827
0.6402283264842643
0.6402362817222448
0.6402439944236313
0.6402524094925961
0.6402601755020255
0.6402682078042221
0.6402772786768078
0.6402881687456232
0.6402987005009765
0.6403104461506366
0.6403268867170507
0.6403516943895368
0.6403812913505
0.6404032547958792
0.6404239591517867
0.6404456742796003
0.6404696421704971
0.6404984377469479
0.6405334809980406
0.640579443152176
0.6406359428512859
0.6407029066070951
0.640785975267731
0.6408126926126448
0.6408446759878121
0.6408620658809591
0.6408827904554788
0.6409000141621739
0.6409187373858423
0.6409418523542414
0.6409581257143554
0.6409745855931649
0.640993602920146
0.6410125444322434
0.6410321733857042
0.6410600523200064
0.6410797373476298
0.6410992420812472
0.6411219612992566
0.6411458237154722
0.6411691477268193
0.6411920890063103
0.6412118483072493
0.6412368879597242
0.6412579021948441
0.6412805273970276
0.641311920867047
0.6413719512740742
0.6414406950177916
0.64151170128494
0.6415796689664709
0.6416474797272516
0.6417193144744159
0.6418018213782373
0.6419077890324445
0.6420264279611422
0.6421012451603261
0.6421725492518991
0.6422592387280831
0.6423426135722009
0.6424187555570968
0.6425124613365865
0.6426714839656434
0.6428697585434974
0.6430946786971092
0.6433569274208492
0.6436619724497357
0.6440446435563582
0.6445440147717446
0.6451265494686117
0.6458047908532376
0.6465977542517036
0.647529202013143
0.6485664029010034
0.6495930211982218
0.6499
0.6499018437344221
0.6499055312032661
0.6499129061409542
0.6499204101797005
0.6499285915000372
0.6499391883794833
0.6499513786144039
0.6499658464388391
0.6499724488190097
0.6499801851105634
0.6499859947396334
0.6499901763999675
0.6499939075219617
0.6499969537609809
0.65
0.650001843734422
0.6500038497579472
0.6500058877386659
0.6500099637001031
0.6500138639329538
0.650017195472276
0.650020009751852
0.6500222258739926
0.6500242801254885
0.6500269495844472
0.6500297588851021
0.6500319856158012
0.650034283912094
0.6500368679225235
0.6500400578883236
0.6500444285377053
0.6500510835240048
0.6500560013558037
0.6500610804319987
0.6500651401395984
0.6500684415693957
0.6500715478832013
0.6500748587646011
0.6500799256508255
0.6500837895504966
0.6500867888056785
0.6500895692127937
0.6500921347871303
0.6500945685455215
0.6500969749227621
0.650099524402138
0.6501027397324967
0.6501055519841189
0.6501084036331154
0.6501111068804277
0.6501138928904447
0.6501170055207126
0.6501206918200914
0.6501253207730032
0.650131463103108
0.6501382708872142
0.6501445831880709
0.6501508538119465
0.6501579171544265
0.6501662436126442
0.6501740208665151
0.6501815808135937
0.6501895410430976
0.6501982468171674
0.6502068060263876
0.6502140714196828
0.6502205301527864
0.6502268110244351
0.6502338412304542
0.6502410087298502
0.6502478591567561
0.6502547170445219
0.6502613020878245
0.6502679532181239
0.6502767353620288
0.6502866802992116
0.6502967545768875
0.6503077244498431
0.6503181987616568
0.650328067998374
0.6503354134454883
0.6503431704525856
0.6503535239929613
0.650361040697979
0.6503686647835376
0.6503760720459273
0.6503834223249906
0.6503909762516812
0.6503980567398437
0.6504050457408701
0.6504125694382445
0.6504212964613495
0.6504304044063138
0.650439470451275
0.650445236985072
0.6504491923482589
0.6504531975411917
0.6504570719552805
0.6504616539674015
0.6504654935770319
0.6504695754047408
0.650475152371079
0.6504827357535281
0.6504925816345616
0.6505042706996064
0.6505173096317234
0.6505321972602867
0.6505492421418275
0.650563868970383
0.6505778152938572
0.6505936517294845
0.6506157596371502
0.6506373490793289
0.6506571790808295
0.6506795075676538
0.6507057168198861
0.6507417988186945
0.6508001921007665
0.6508872335600446
0.6509758077994451
0.6510459731453395
0.6511013160153788
0.6511237445193303
0.651148387386789
0.6511678070016425
0.6511832235544153
0.6511982816023711
0.6512156026875906
0.6512272515540487
0.6512407880282676
0.6512522187148272
0.6512621677321694
0.6512719283925439
0.6512823364223436
0.6512959792591734
0.6513137556254756
0.6513263745065316
0.65133852399584
0.651351785327372
0.651367565134905
0.6513885928424455
0.65141154268212
0.6514369349188474
0.6514674480668473
0.6514997233105245
0.6515256895351932
0.6515524120884119
0.6515756937051866
0.6515953923534735
0.6516206298112971
0.6516513360456454
0.6516780627494219
0.651707756751677
0.6517466032057987
0.651806662569889
0.6518849193373507
0.6519819633147832
0.6521072682058061
0.6522110077258971
0.6523145572293257
0.6524138061820349
0.652517874474511
0.6526238826373771
0.652750504383781
0.6529212354926794
0.6531143760463199
0.653289545804001
0.6534926226856522
0.6537316416351082
0.6540920976058113
0.6541967893760863
0.6544061729166362
0.6544765855854283
0.6545543860094257
0.6546270471058733
0.654694188944229
0.6547593931851046
0.654835074154502
0.6549276724436247
0.6550410641040004
0.655193152684291
0.6554257818533488
0.6558837954672566
0.6567998226950723
0.6581617290466723
0.6596946132908528
0.6599
0.6599032553957999
0.6599097661873995
0.6599227877705988
0.659934054767247
0.6599465755542038
0.6599630814075562
0.6599815724567917
0.66
0.6600032553957998
0.6600097661873995
0.6600159533269699
0.6600226558114646
0.6600292562456019
0.6600357480915058
0.6600431155016806
0.6600536372758342
0.6600613590297035
0.6600680519250332
0.6600749922436095
0.6600826013329418
0.6600920004652693
0.6601039895597922
0.6601194457342149
0.6601359881602753
0.6601548291203548
0.6601773463674412
0.6602062472082909
0.6602433203023278
0.6602626433216916
0.660282065300591
0.6602995552556827
0.6603185202224647
0.6603359466687335
0.6603527818196447
0.6603695889831793
0.6603893703062678
0.660412566719757
0.6604368546287882
0.6604583624144258
0.6604786472614717
0.6605002826993744
0.6605203761252657
0.6605430085736134
0.6605605903751802
0.6605759122960967
0.6605906278879798
0.6606055504192179
0.6606226226729921
0.6606499233956017
0.6606719262773085
0.6606901122151718
0.6607088103815294
0.6607291326231336
0.6607540758738477
0.6607857729889776
0.6608302645337647
0.6608981122574412
0.6610154916754996
0.6612058388929963
0.661420838434457
0.6616642171294524
0.6619443324639452
0.6622682022534919
0.6626472906038562
0.6630802643158981
0.6635487710024455
0.6640467800250026
0.6644765991594681
0.6649385994918547
0.6654760972080102
0.6662734116216565
0.6674537693385237
0.6689164760621678
0.6698999999999999
0.6699028213423134
0.6699084640269403
0.669919749396194
0.6699297048556724
0.6699403053956133
0.6699539727400092
0.6699677205120532
0.6699793481453914
0.6699909773515096
0.67
0.6700028213423135
0.6700071204328618
0.6700117488781774
0.6700162186717961
0.6700214093469833
0.670028795203777
0.6700356654003318
0.6700410114703711
0.6700462944962386
0.6700519459739576
0.6700585281284673
0.670065795411126
0.6700731195227253
0.6700813764871354
0.670089644230681
0.6700987867243264
0.6701066673973994
0.6701138167812783
0.6701195110760514
0.6701250883589885
0.6701308096193768
0.6701368766250616
0.6701424578239422
0.6701484248278505
0.6701557144020861
0.6701647165265419
0.6701744048712853
0.670183755432792
0.670191911200925
0.6701992500190433
0.6702065668761227
0.6702140333679728
0.6702198274599475
0.670224889822661
0.6702299138050267
0.6702356757674998
0.6702414333826704
0.6702469749427487
0.6702524521179691
0.670258199477688
0.6702650664518034
0.6702733756712884
0.6702802069582813
0.6702864846392697
0.670293064048916
0.6703004138710837
0.670309553573626
0.6703211959402541
0.6703375457301094
0.6703525901881962
0.6703665514318149
0.6703810055583309
0.6703967412312933
0.67041300146809
0.6704298121660869
0.6704484384989292
0.6704720796581062
0.6704950871515033
0.6705179802669864
0.6705396846275085
0.6705623579933357
0.6705879122575433
0.6706191986321894
0.6706589808144877
0.6707096911615696
0.6707685829341965
0.6708366929200885
0.6708579776647974
0.6708821405482038
0.6708989158940494
0.6709160860976066
0.6709326756586699
0.670950250559052
0.6709679456269191
0.6709835581031826
0.6710001916471575
0.6710199066777007
0.6710464152391431
0.6710807814756057
0.6711184517299894
0.671155031962805
0.671182628497144
0.6712084820731661
0.6712323570541533
0.6712575630648645
0.6712815864522665
0.6713040859129672
0.6713294122237193
0.6713610103255709
0.6714009587327404
0.6714398613669578
0.6714672433614716
0.671510170158004
0.6715406544475284
0.6715716696637973
0.6716113028201113
0.6716411201117626
0.6716626145643333
0.6716819006942869
0.6717051891753426
0.6717319357503796
0.6717525506043277
0.6717739341484564
0.6717981973043936
0.6718302593519728
0.6718608561404353
0.6718868339269454
0.6719108543842393
0.671935749745826
0.6719593116706788
0.6719851601045745
0.6720048787472522
0.6720221421572865
0.6720390618071687
0.672056988207419
0.6720796981443602
0.6721012342689867
0.6721239627237681
0.6721455309024588
0.6721679752822635
0.6721931986937077
0.6722241111495034
0.6722628284885247
0.6723165104834946
0.672391949124938
0.6724585988124094
0.6725315030782725
0.6726327001569339
0.6727689243354561
0.6729332616863968
0.6731256405384112
0.6733508712358017
0.6736494521111688
0.6740506313591224
0.6745155383572737
0.6750070127603758
0.6755093079610904
0.6761836841420418
0.676660486237945
0.6772185990228938
0.6780133729396953
0.6791253569500424
0.6799
0.679905336662324
0.6799160099869721
0.6799308854246062
0.6799450620224109
0.6799612502291503
0.6799801199672236
0.68
0.6800053366623241
0.6800133000106764
0.6800240466313499
0.680040977730732
0.6800554250265228
0.6800711226483402
0.6800897342833878
0.6801122166797389
0.6801346753459064
0.680156137729012
0.6801788641249881
0.680208457520101
0.680237329472736
0.6802600234541185
0.680282436724534
0.6803064285607188
0.6803318140254526
0.6803543654296891
0.6803714264282993
0.6803862226858609
0.6804033591891184
0.6804193700894858
0.6804350594120223
0.6804507994108308
0.6804680898448423
0.6804893629670034
0.6805161885004165
0.6805505036285758
0.6805780658332253
0.6806006236248999
0.6806212932645463
0.6806423720106735
0.6806724380472016
0.6806954672823036
0.6807123499035208
0.6807276321465445
0.6807422307931564
0.6807576188425529
0.6807766193910197
0.680796289397914
0.6808162686650033
0.6808346235873186
0.6808534630005784
0.6808742862136651
0.6808994113083839
0.6809304935053184
0.680964075070964
0.6810001496321554
0.6810406037490843
0.6810892173367423
0.6811439737143804
0.6811986314437236
0.6812462717881262
0.6812842796981569
0.6813194199622556
0.6813559157629331
0.6814004929017873
0.6814664978835576
0.6815170310265862
0.6815636535990705
0.6816137119118424
0.6816706498063996
0.681743550071689
0.6818408344581209
0.6819860066242853
0.6822139700364748
0.6824733679349085
0.6827630034580214
0.6831059942207803
0.6835359897345153
0.684095523971182
0.6847656768812341
0.6855533270256013
0.686490592384727
0.6875997996689075
0.6889238082154845
0.6899
0.689903428404536
0.6899102852136081
0.6899239988317523
0.6899359241553491
0.6899447282221078
0.689953421809623
0.689962745781942
0.6899744694408676
0.6899833680990818
0.6899911559724581
0.689995577986229
0.6900000000000001
0.6900034284045361
0.6900068037283474
0.6900124581240282
0.6900199381345321
0.6900287232630452
0.6900391104245416
0.6900477978606557
0.6900552708661769
0.6900628010684591
0.6900717075211241
0.6900862680068869
0.6900971944014046
0.6901074462076731
0.6901187547267502
0.690132296203775
0.6901498887315941
0.6901745737725433
0.6902056617389496
0.6902416365969573
0.6902788059646607
0.6903184882420796
0.6903625193402095
0.6904112771234824
0.6904608262607814
0.6905178998470697
0.6905691278428548
0.6906242688946522
0.6906702639099724
0.6907102202396118
0.6907460949118012
0.6907787904245073
0.6908106578138189
0.690845394618022
0.6908965586306854
0.6909411491581516
0.6909769320547513
0.6910131137104953
0.6910523571179783
0.6910990205688771
0.6911545988611192
0.6912180280523881
0.6912570664987421
0.6912959656697791
0.6913307974535713
0.691364611793605
0.6914045694215859
0.6914665591254324
0.6915148901681677
0.6915589256900793
0.6916067540746139
0.6916621975108944
0.691732869980272
0.6918309288467706
0.6919296094341717
0.6920239525909239
0.6921231403315091
0.692233010949262
0.6923634633934872
0.6925219525206885
0.6927317323612346
0.6930306407664646
0.6935069040963405
0.6940921928546486
0.6947625212021502
0.6955400633301146
0.6964566554040055
0.6975392056409181
0.6988571604156475
0.6999
0.6999032036975713
0.699909611092714
0.6999224258829994
0.6999353152700543
0.6999478550761354
0.6999616539318559
0.6999761384200301
0.6999880692100151
0.7000000000000001
0.7000032036975714
0.7000082485267568
0.7000163102590331
0.7000254117399902
0.7000367248341189
0.700049906426116
0.7000619240409303
0.7000717702226539
0.7000813863599284
0.7000927020664017
0.7001057389074269
0.7001196830110475
0.7001331782451106
0.7001443302833237
0.700153731125077
0.7001623142974213
0.7001709022778075
0.7001810104748765
0.7001901842465698
0.7002002459812898
0.7002090009964651
0.7002169442939824
0.7002241099412044
0.7002303011050224
0.7002357894875068
0.7002410531677465
0.7002468216697646
0.700253415664066
0.7002601548731467
0.7002658821131929
0.700271640415049
0.7002779435763776
0.7002853508020861
0.7002937817421472
0.7003043474286151
0.7003149953915608
0.7003245697964054
0.7003357592122135
0.7003495189754156
0.7003616739230152
0.7003758509949242
0.7003881311280978
0.7003998677280567
0.7004119455679246
0.7004245744243025
0.7004381823953927
0.7004536782181283
0.7004754359507626
0.7004975640718755
0.7005143270291317
0.7005306438800968
0.7005480072737059
0.700567966216871
0.7005931104495098
0.7006271339923016
0.7006736319071821
0.7007473998184734
0.7008706990153306
0.701011056676483
0.7011703793076374
0.7013542298784977
0.7015669014296884
0.7018061580914544
0.7019853519227928
0.7022195274392797
0.7024027394657363
0.7025831896388586
0.7028089467141789
0.7032604608648196
0.7038662835798783
0.704568386460188
0.7053832673233661
0.706328850886512
0.7074272983097539
0.7087128830322076
0.7099
0.7099015328070083
0.7099045984210249
0.7099107296490582
0.709919691487155
0.7099307236150674
0.7099413465828535
0.7099540978795794
0.7099689080836683
0.7099850575566214
0.7099932664889868
0.7099966332444934
0.7099983166222467
0.71
0.7100015328070083
0.7100030656140166
0.7100061312280332
0.7100122624560665
0.7100209731847003
0.710029239337325
0.71003705831736
0.7100451896709872
0.7100555888200671
0.7100672868320365
0.7100757272904907
0.7100838153741168
0.7100924320856326
0.710102303011495
0.7101134689321794
0.7101199796317151
0.7101265160698536
0.7101321190632801
0.7101379812182236
0.7101435081474231
0.7101494508976376
0.7101551916830587
0.7101613736981665
0.7101688720246275
0.7101780908209214
0.710191156315335
0.7102031418706605
0.7102124857745947
0.7102205019453598
0.710228032146034
0.7102362144513267
0.7102444395580033
0.7102529605779863
0.710259901242203
0.7102660970627723
0.7102719221779858
0.7102775552038842
0.7102833893572276
0.710290196915139
0.7102970502915095
0.7103047122292923
0.710311431060335
0.7103181342621836
0.7103254506064005
0.7103339212664618
0.7103446032366436
0.7103560135392734
0.7103674930402611
0.7103807126948725
0.7103899088122961
0.7104019679728945
0.7104122367094784
0.7104212576527554
0.7104298948766998
0.7104383454940552
0.7104472574346414
0.7104581147854704
0.7104678201150922
0.7104788451812785
0.7104890119605046
0.7104993221474203
0.7105106839886444
0.7105242498084474
0.7105408209687304
0.7105630068842475
0.7105947995455015
0.7106454187756472
0.710741023948935
0.7108111370780278
0.7108725444289364
0.7109425407985919
0.7110369809174273
0.7111872309921836
0.7114004640313454
0.7115522375366284
0.7117120567566415
0.7118493356493508
0.7119904271212636
0.712125956445655
0.7122877608270923
0.7124889983180617
0.7128686494937163
0.7133630788636294
0.7139232348979192
0.7145702773363014
0.7153195149227605
0.7161980936495028
0.7172443518991231
0.7185017184395297
0.7199
0.7199028337422618
0.7199085012267855
0.7199198361958329
0.7199298354380047
0.7199414833255338
0.719955367435251
0.7199725446350014
0.7199862723175007
0.7199931361587504
0.72
0.7200028337422618
0.7200063957022678
0.7200135196222797
0.7200242204448789
0.7200339553587345
0.7200449603909195
0.7200583283484662
0.7200744217702453
0.7200921257348234
0.7201128827936146
0.720140147818061
0.7201715207797217
0.7202077583541824
0.7202497636280425
0.7202984849241224
0.7203553299835139
0.7204121288000787
0.7204672781832854
0.7205266428051409
0.7206113047154441
0.7206583705448157
0.7207056301962417
0.7207470303012737
0.7207823815665552
0.7208160735641596
0.7208510301205818
0.7208946231429287
0.7209340005084629
0.7209740357797054
0.7210122217819454
0.7210520621360016
0.7210969785900609
0.7211522642170444
0.7212210384885032
0.7212855370336628
0.7213333954198858
0.7213745204125034
0.7214147920459008
0.7214596811333426
0.7215275793604162
0.7215924181899473
0.7216460882437635
0.7217014585473426
0.7217625558726974
0.7218379443459322
0.7219351374389225
0.7220753711578743
0.722298074274822
0.722608390411449
0.7229649195237006
0.7233903592280001
0.7239238295898045
0.7245526716946014
0.7252911305469094
0.7261666154503634
0.7272205176265094
0.7284784420230146
0.7299
0.7299050743370321
0.7299152230110963
0.7299355203592248
0.729950397053698
0.729965013567914
0.7299807908033288
0.7299903954016644
0.73
0.7300050743370321
0.7300109999308895
0.7300196682494683
0.7300291227190729
0.7300411344984822
0.7300515929591223
0.7300602930497866
0.730069042274122
0.7300797182767819
0.7300913420278375
0.7301035340240544
0.7301157140221424
0.7301291639987474
0.7301436614625152
0.730158303850962
0.7301749672197309
0.7301939618811346
0.7302115368302942
0.7302261005355286
0.7302391958387702
0.7302507748942302
0.730260877024142
0.730270098836396
0.7302792956440679
0.730290122771528
0.7302995097669195
0.7303101320746727
0.7303200048919958
0.7303301032473923
0.7303413367083216
0.7303549104039032
0.7303711126637472
0.7303867095474326
0.7304083367980015
0.7304253857688398
0.7304433548890761
0.7304673964791669
0.7304910143754977
0.7305109144356596
0.7305302578619914
0.7305500230258544
0.7305711611850221
0.7305953413789417
0.730627589298971
0.7306565864302057
0.7306854602520348
0.7307130119055215
0.7307415422611385
0.7307734299885036
0.7308120611632607
0.730860011819979
0.7309249067359701
0.7310194757197439
0.7311424438928058
0.7312599717375059
0.7314136277754281
0.7315588841294198
0.731682687654321
0.7318284531371733
0.7320033599972935
0.7322962629191755
0.732709767961616
0.7331871802278841
0.7337371418047871
0.7343745642533407
0.7351210121683933
0.7360135249584812
0.7370606103403161
0.7382890865669167
0.7397303931016722
0.7399
0.7399019321423105
0.7399057964269314
0.7399135249961734
0.7399215009167603
0.7399357599688015
0.7399542684011761
0.7399741965805693
0.7399830471441657
0.7399892529390655
0.7399956910876011
0.74
0.7400019321423105
0.7400045456658187
0.7400078536262359
0.7400116387669327
0.7400170515140363
0.7400211260049419
0.7400249497098691
0.740029007098715
0.740033386795682
0.7400378167043666
0.740041302428133
0.7400439679157415
0.7400465363774886
0.7400504400242729
0.7400534715437735
0.7400561064082749
0.740058956291856
0.7400622453803755
0.7400665318612161
0.740072752224165
0.7400804169169619
0.7400860991251705
0.7400904906566904
0.7400943390357191
0.740098047806837
0.7401023917291044
0.7401058078139529
0.7401098138494699
0.7401133614379458
0.7401166030244295
0.7401196870805664
0.7401226031349181
0.7401254613943878
0.7401284825362113
0.7401322748536945
0.7401356157407788
0.7401390173842786
0.740142242730599
0.7401455734219182
0.7401492894058025
0.7401537780296155
0.7401593226443742
0.7401667815485306
0.7401775146215974
0.7401946918166258
0.7402278088993366
0.7402782075816752
0.7403293460360775
0.7403810670885221
0.7404371506292353
0.740509997877128
0.7405771098794288
0.7406319075961404
0.7406866918415864
0.7407456266160173
0.7408103249946528
0.7408654738810401
0.7409085620884562
0.7409491027787322
0.7410046211036438
0.7410551331170337
0.7410974597706778
0.7411426550917605
0.7411945278401705
0.7412631906356588
0.7413305172576227
0.7413872928009038
0.7414394307885088
0.7414938155598592
0.741535235590162
0.7415873474679848
0.7416289785673154
0.7416656417374512
0.7417025865948509
0.7417430579071743
0.7417989073407234
0.7418636723823977
0.7419127758578259
0.741961178120075
0.7420136487315785
0.7420763322351419
0.742154829920122
0.7422642961152066
0.7424314204376531
0.7427254192174135
0.7432305290703339
0.7438008014655921
0.7444437524981808
0.7451846964555845
0.7460470840052219
0.7470732807536931
0.7483152930800461
0.7498518772575933
0.7499
0.7499019321423105
0.7499057964269314
0.7499135249961734
0.7499218972433084
0.7499303990239824
0.7499413753907272
0.7499540222466605
0.749968824406352
0.7499869000341689
0.75
0.7500019321423105
0.7500057964269314
0.7500118347746387
0.7500239114700533
0.7500345102991639
0.7500458812683801
0.7500590541455563
0.7500742625713797
0.7500922627273581
0.7501135650584718
0.7501386739089957
0.7501682040719604
0.7501986130961001
0.7502265545076998
0.7502536646279723
0.7502829727209456
0.7503268692054532
0.7503612931981137
0.7503871428177404
0.7504096011360387
0.7504288582933059
0.7504461286266539
0.7504630745651174
0.7504820803645306
0.7505019922619145
0.7505236281910309
0.7505424611113797
0.7505614147323586
0.7505822734625649
0.7506067899710408
0.7506383146526979
0.7506674187998015
0.7507082278047356
0.750741506164321
0.750774646023566
0.750814913060977
0.7508504254457066
0.7508850124462705
0.7509213600028443
0.7509618125703391
0.751013423728272
0.7510638152806032
0.7511195715082748
0.7511710515661814
0.7512234945884132
0.7512812858048538
0.7513503017787947
0.7514350665846511
0.7515490579878616
0.7517100514544476
0.7518702301799378
0.7520372909712959
0.7522462160864063
0.7525007822728133
0.7526889063412358
0.7528670787705191
0.7530591756358909
0.7532688659022259
0.7534478148317723
0.7536252568262477
0.7538336224151003
0.7540983782433747
0.7543662841013975
0.7546147512351367
0.7548853084023187
0.7551857909252648
0.7554742144015966
0.7558306263275364
0.7563648298695348
0.7571979153024117
0.7582573785326859
0.7594734806119678
0.7599
0.759903805083871
0.759911415251613
0.7599266355870969
0.7599390831660189
0.7599526260558662
0.7599663330152437
0.759980235766204
0.759990117883102
0.76
0.760003805083871
0.7600085062767356
0.7600179086624647
0.7600293068955365
0.7600421006220447
0.7600557539717815
0.7600683641306092
0.7600815081758273
0.7600976876141301
0.760118337514943
0.7601382434528269
0.7601571923762623
0.7601782634973638
0.7602026290727517
0.7602346606320592
0.7602822005336782
0.7603705599237427
0.7604115511749622
0.7604527171114087
0.7604894436945931
0.7605302821371489
0.7605621643030457
0.7605862708196726
0.7606128600673677
0.7606578895215941
0.7606923263241754
0.7607281109244622
0.7607729739322009
0.7608260977418032
0.7609089443828883
0.7609999951449897
0.7610965721928951
0.7612036705770131
0.761329477588818
0.7614808715727875
0.7616241437615958
0.7617388239298252
0.7618483495934181
0.7620117787029841
0.762135605452333
0.7622430015580534
0.7623591115575136
0.7625010195695396
0.7626306666784337
0.762758079810351
0.7628944360113484
0.7630155170584054
0.7631130270012147
0.7632016585515674
0.7632932964988876
0.7634056675685182
0.7635715759702445
0.7637014893255737
0.7638232388635138
0.7639558267217162
0.7641118283165854
0.7643189901128733
0.7645669195912199
0.7647713205844899
0.76496107964131
0.7651590147093013
0.7653431113223609
0.7654659326350941
0.7655501585953102
0.7656384151075468
0.7657114358828142
0.7657966726354184
0.765874473692301
0.7659535023851444
0.7660467193284362
0.7661493943493247
0.7662545749096547
0.7663666679529507
0.7665120033146778
0.7666770847500992
0.766806177985042
0.7669312934830993
0.7670683165152613
0.7672042773756058
0.7673181953855062
0.7674301004339479
0.7675586410490082
0.7677291772981135
0.7678982249233184
0.7680526740128467
0.7682176204015916
0.7684041273273164
0.7686518034800689
0.7690070043175266
0.7695142555608393
0.7699
0.76990200515495
0.7699060154648499
0.7699140360846498
0.7699219706119468
0.7699303853344389
0.7699416478811627
0.7699538282331689
0.7699651946292236
0.7699753499216916
0.7699847341535978
0.769992367076799
0.77
0.77000200515495
0.7700052178476671
0.7700103888091168
0.7700197906664937
0.7700276852611911
0.7700350649162281
0.7700418556817396
0.770047323375252
0.7700521951705452
0.7700578189504483
0.7700630866539551
0.7700684004161289
0.7700736611069448
0.7700793844190168
0.7700863350633447
0.7700950113915868
0.7701053168053621
0.7701164089926709
0.7701230395717897
0.770129749329736
0.7701352929823544
0.7701408009452771
0.7701479706704253
0.7701540203053777
0.7701596072543665
0.7701656659788605
0.7701729966819985
0.7701799054602373
0.7701861974619908
0.7701921233836856
0.7701977752142173
0.770203399625322
0.7702094728446665
0.7702170959052652
0.7702244385129033
0.7702312465485539
0.7702377752328461
0.7702446349425343
0.7702523764984284
0.770259179074922
0.7702653420343474
0.770271147288581
0.7702767068196061
0.7702823134234116
0.7702885225695252
0.7702974788160283
0.7703058277542668
0.7703123978502414
0.7703189426605129
0.7703259808223287
0.7703342154173122
0.7703447333467989
0.7703592081132618
0.7703792657482065
0.7704020585291066
0.7704229888855283
0.7704388140713577
0.7704519748817183
0.7704661905407617
0.7704803432743275
0.7704946938734638
0.7705085468194456
0.7705234950255673
0.7705416237066536
0.7705639657212325
0.7705904347671456
0.7706123685760495
0.7706311420760971
0.7706489684340787
0.7706681979377411
0.7706829177390793
0.770701983631824
0.7707175501711083
0.770731113359589
0.7707441934193516
0.7707572860711334
0.7707717628870161
0.7707917691924735
0.770813651296989
0.7708301572544434
0.7708462693314628
0.7708635590038398
0.7708835375032246
0.77090896160545
0.7709438954349049
0.7709922072726307
0.771065945508882
0.7711574298315302
0.7712247826537372
0.7713135293084201
0.7713929449849503
0.7714668344793717
0.7715601485785324
0.7717033108317735
0.7718480197921188
0.7719731192645107
0.7721057556108718
0.7722570651607179
0.7724604669684121
0.7727073400750076
0.7729972631383226
0.77336953728372
0.7738398657974626
0.7744622138693003
0.7751814759943547
0.7760187937289064
0.7769887439618289
0.7781700270405933
0.7796196099073177
0.7799
0.7799032346216748
0.7799097038650242
0.7799226423517231
0.7799340910898283
0.77994642063499
0.7799561455431534
0.7799638890952527
0.7799708129361574
0.779977583254981
0.7799842351808025
0.7799899632166857
0.7799952941056842
0.78
0.7800032346216748
0.7800065472335339
0.7800095512194589
0.7800132670619566
0.7800168257527564
0.7800207552216893
0.7800268716325548
0.7800320980486756
0.7800364806456136
0.7800410622956164
0.7800461532790799
0.7800525237687023
0.7800609088007403
0.7800732334800126
0.7800880676674612
0.7801019532244753
0.7801153944692053
0.7801296186878766
0.780148621303822
0.7801677931241856
0.7801819286361985
0.7801947317108379
0.7802064706263082
0.7802168614020982
0.7802261805276076
0.7802349694381264
0.7802441270807945
0.7802560858296775
0.7802695943471775
0.7802794477975927
0.7802889514967927
0.7802991214572208
0.7803108267256672
0.780325877199845
0.7803407894728247
0.7803553583912813
0.7803694881830856
0.7803835735398772
0.780397538827527
0.7804114992928801
0.7804214042222962
0.7804297526216109
0.7804379100144223
0.7804470582080936
0.7804615497483688
0.780472546991511
0.7804818209820271
0.7804922366033704
0.7805041201795679
0.7805167799272235
0.7805339595527367
0.7805566300460127
0.7805810087907956
0.7806136218466933
0.7806397807209114
0.7806583657788128
0.7806748523955035
0.7806908148893549
0.7807082440089089
0.7807326052371878
0.7807600047104698
0.780780963122599
0.780801650795147
0.7808239674997166
0.7808505808610817
0.7808837163504807
0.7809294620608922
0.780997762503928
0.781100179310003
0.7812110175153782
0.7813318341478611
0.7814715999426838
0.7816347333227299
0.781841260098709
0.782120844687911
0.7824750005490314
0.7828859895162686
0.7833471403110435
0.7837574201451262
0.7843002864570426
0.7847560841985245
0.7851764680499631
0.7856513416515433
0.7862676175167131
0.7873956632325467
0.7887818249964481
0.7899
0.7899031691641959
0.7899095074925876
0.789922184149371
0.7899315749786582
0.7899411538426384
0.789952946614968
0.7899645489777151
0.789976938736509
0.7899899605899868
0.79
0.7900031691641959
0.7900076757225806
0.79001668883935
0.7900264444488887
0.7900375388544054
0.7900498035895
0.7900632056453061
0.7900771609255939
0.7900924759084107
0.7901086683589498
0.7901267929149013
0.7901473739579176
0.79017320301669
0.7902031563054963
0.7902414787395274
0.7902908255689389
0.7903470456302903
0.7904107964296474
0.7904878880674331
0.790555857601145
0.7906161776060103
0.7907007363202954
0.7907700995611704
0.7908334242445789
0.7909080341837332
0.7910140819495773
0.7911983107845686
0.7915524908813308
0.7918391649196121
0.7920472920613233
0.7922129843227981
0.792353491404841
0.7924967918799952
0.7925978868454017
0.7927059277596694
0.7927996545842966
0.7928925865630602
0.793008390296013
0.7931928196795733
0.7933282911626007
0.7934663886685223
0.7936079112581154
0.7937555533825678
0.7939136162901356
0.7940705497511064
0.7942373774034212
0.7944365100723683
0.7945293614959881
0.7946069468839774
0.7946711272924152
0.7947343553964725
0.7947948253955526
0.7948559770018665
0.7949178617541308
0.7949835085881193
0.7950617671632682
0.7951520746156874
0.7952676742533183
0.7954566967293731
0.7957917039083157
0.7961102281173941
0.7964747570883863
0.7968818811996212
0.7974368436633575
0.7982144767114114
0.7991447338871731
0.7998999999999999
0.7999031227657285
0.7999093682971856
0.7999218593600999
0.7999327866123143
0.7999455080736751
0.7999593986428015
0.7999743314136036
0.7999871657068018
0.7999935828534009
0.7999967914267005
0.8
0.8000031227657286
0.8000055746358921
0.800010478376219
0.8000200543700023
0.8000316999037697
0.8000444767399053
0.800059161955041
0.8000762043114913
0.8000934500347583
0.8001121011454345
0.8001359474845473
0.8001639647816322
0.8001901898769366
0.8002197378462792
0.8002559663498304
0.8002925056365541
0.8003186207292617
0.800337717185154
0.800353215416955
0.8003670342186949
0.8003812171591578
0.8004009422848655
0.8004149043671949
0.8004248260395359
0.800433691265588
0.8004422758066323
0.800451947592335
0.8004645510034893
0.8004773364306647
0.8004881018696811
0.800498973164448
0.800510852142503
0.8005247672812802
0.8005417788736754
0.8005580741692973
0.8005747795299177
0.8005929005354894
0.8006118250116236
0.8006252374411384
0.8006419883994309
0.8006570789570138
0.8006707140719781
0.8006901085117413
0.8007139510108896
0.800744582324135
0.8007837772349137
0.8008312845745377
0.8008775980563824
0.8009295198391315
0.800992814387899
0.8010793356257331
0.8011954722172333
0.8012848264992997
0.8014010376526296
0.8014905166099204
0.8015621365775427
0.8016266385869015
0.8016876581016915
0.801753136504953
0.8018167723563064
0.8018600268291926
0.8019051510666274
0.8019432881912898
0.8019814323026315
0.8020182404259967
0.8020590993220595
0.8021093219803616
0.8021724444455854
0.8022529148721598
0.8023582494903281
0.8025009372066121
0.8026199297248574
0.8027381758338357
0.8028576952462524
0.8029854197553283
0.8031446575594499
0.8033832723481135
0.8035744461515825
0.8037562682998354
0.8039538081832164
0.8041858551802424
0.8044746810795261
0.804878143383712
0.8055106216154283
0.8063917393233929
0.8074391855922389
0.8086570092432024
0.8099
0.809901135042817
0.8099034051284512
0.8099079452997194
0.8099129554112782
0.8099185501998262
0.8099258234420794
0.8099339809380112
0.8099453478160099
0.8099587388278102
0.809971083538422
0.8099842314195922
0.8099921157097961
0.8099960578548981
0.81
0.8100011350428171
0.8100028274387902
0.8100062122044214
0.8100129817356838
0.8100194980014629
0.8100264617106099
0.8100344938912645
0.8100437721946333
0.8100547273615248
0.8100676998620627
0.8100830174284344
0.8101010670954527
0.8101223027497155
0.8101442453401387
0.8101641619517838
0.8101837058429646
0.8102036986078823
0.8102217231075741
0.8102390301409971
0.810257963192685
0.8102779214610796
0.8102994930666962
0.8103182086145014
0.810336835869631
0.8103571766683638
0.8103809062239373
0.8104113178878712
0.8104422274663818
0.8104740420290856
0.8105041827882146
0.8105299329082093
0.8105477109991793
0.8105654746828614
0.8105792653171576
0.8105996493620651
0.8106153951962841
0.8106306376749735
0.810648181915473
0.810669903187229
0.8106842051610098
0.8106978400827939
0.8107145390278532
0.8107309234511871
0.8107456015239387
0.8107632454756262
0.810790502785444
0.8108265976756469
0.8108660380969024
0.8108836382815419
0.8109026556896303
0.8109194753370951
0.8109381632573794
0.8109562461275074
0.8109717396428447
0.8109883111392616
0.8110080167293444
0.8110335586213281
0.8110612626564481
0.811090812210139
0.81112102614234
0.8111496780410782
0.8111726823448836
0.8111888397491899
0.8112023175455871
0.8112171982045052
0.8112314062700572
0.8112456951284569
0.8112599615858638
0.8112756617972832
0.8112950103970406
0.8113194399328264
0.8113429411893552
0.8113627633532234
0.8113807802024785
0.8113989228646502
0.8114219540874894
0.8114375952974273
0.8114533500110346
0.8114675213926187
0.8114805425845754
0.8114935778523231
0.811507538533237
0.8115249966981061
0.8115408655142042
0.811557983630719
0.8115740387290322
0.8115905213596457
0.8116088324604339
0.8116308576480641
0.8116580362152561
0.8116946662608087
0.8117476683338598
0.8118328651182566
0.8119138897467663
0.8120078608933905
0.8120792291270242
0.8121849398950695
0.8122651056934802
0.8123452905193407
0.8124483187348247
0.8126505125919722
0.8129398951633305
0.8132700187649459
0.813650673093232
0.8140904233026034
0.8145941609153178
0.8151775656644253
0.8158587971874555
0.8166202677223049
0.8172281468804242
0.8176814159345192
0.818122960971731
0.8184095503343155
0.8187250471700134
0.8190139140594123
0.8193233303087057
0.8197846090172746
0.8199
0.8199050538483798
0.8199151615451393
0.8199294581899208
0.8199434496417457
0.8199575251325102
0.8199717578451772
0.8199871276113355
0.8200000000000001
0.8200050538483799
0.8200118770805896
0.8200195641918002
0.8200309613490846
0.8200443637513688
0.8200566239422002
0.820067477261247
0.8200777990985884
0.8200879843210475
0.8200999385864599
0.8201129457494701
0.8201238479433471
0.8201341791856592
0.8201448030986465
0.8201562862438686
0.8201676759890577
0.8201763371020996
0.8201834974434437
0.8201903164078675
0.820197976213274
0.8202058426356225
0.8202132758146479
0.820220527264324
0.8202283957027795
0.8202379308326305
0.8202498182140786
0.8202667139097993
0.820281721666961
0.8202935807739143
0.8203039448430516
0.8203138485466283
0.8203239162488432
0.8203367129089841
0.8203472343168932
0.8203557661277928
0.8203635804132369
0.8203709525306211
0.8203783283687724
0.8203858577071228
0.8203941921612083
0.8204058396335134
0.8204151909439739
0.8204239094212202
0.8204327551989223
0.8204421533844145
0.8204529863383319
0.8204664814626118
0.8204837331154131
0.8205077819985586
0.8205285781780061
0.8205432265545667
0.8205557400783924
0.8205679801013758
0.8205826051868663
0.8205981494363072
0.8206133442280722
0.8206281276582963
0.8206418101134909
0.8206546352839649
0.8206679414850047
0.8206847810223608
0.8207036720064875
0.8207188559506362
0.8207334734376044
0.8207492055532386
0.8207674029123181
0.8207884909792335
0.8208082147730619
0.8208270835183313
0.8208490544521223
0.8208665474570517
0.8208814513418133
0.8208948592269014
0.8209076794959025
0.8209216844205671
0.8209378712555487
0.8209502378278534
0.8209595576592534
0.8209678354580924
0.8209758340510417
0.8209846207862547
0.8209966155300988
0.8210092396594177
0.8210193659457297
0.8210293768484621
0.8210401719208288
0.8210526609887443
0.8210686367988828
0.821084127494342
0.8210996884100298
0.8211164112640668
0.8211351449471707
0.8211556283498427
0.8211779287950559
0.8212030891467333
0.8212331198845623
0.8212696187891153
0.821312350668089
0.821358798919926
0.8213879252547117
0.8213986437499642
0.8214200807404691
0.8214350878682452
0.8214465963911831
0.8214587332303352
0.8214703974394024
0.8214830873739337
0.8215017837295674
0.8215247422772145
0.8215541464070504
0.8215909090352521
0.821630694589705
0.8216772796693973
0.821723309853178
0.8217612794190975
0.8218023557585445
0.8218452951562374
0.821882462323394
0.8219240061961556
0.8219915909876175
0.8221095636211327
0.822248033409388
0.8224176886503415
0.8226118625827065
0.8228503573355497
0.8231751082343521
0.8237110060321556
0.8244109417634784
0.8250057701326721
0.8255961253173224
0.8261716944535827
0.8267329985682553
0.8273201954301902
0.8280213586614751
0.8290382038469696
0.8299
0.8299068588157875
0.8299205764473626
0.8299385722330382
0.8299556124849051
0.8299753794920054
0.8299876897460028
0.8300000000000001
0.8300068588157876
0.8300152839676251
0.8300255141526665
0.8300458850043568
0.8300639670979555
0.8300831520279018
0.8301047247323434
0.8301264499365322
0.8301475965299201
0.8301684312096469
0.8301906240076461
0.8302210069594543
0.830250760444685
0.8302734340183536
0.830295691927244
0.8303194077694477
0.8303473453506431
0.8303819220335256
0.8304215875097363
0.8304739273451173
0.8305162799590831
0.8305467367842552
0.8305743674334433
0.8306018868538588
0.8306335248101887
0.8306769187733216
0.8307187981638555
0.8307548306766879
0.8307919191734746
0.8308328347970401
0.8308822178038092
0.8309117410527935
0.8309342346692239
0.8309629760382212
0.830983231011231
0.831007223372643
0.8310306866940599
0.8310502657658311
0.8310717964265852
0.8310984506262822
0.8311313414576668
0.8311553356088334
0.8311765286474868
0.8312068527005722
0.8312291045616167
0.8312545282785279
0.8312924038140451
0.8313338787387088
0.831364526685889
0.8313861861883504
0.8314048362951554
0.8314256622375764
0.831445639894863
0.8314650332671653
0.8314847418639547
0.8315067753253503
0.8315349734768485
0.8315668469481096
0.8315935728487122
0.8316171196209531
0.8316402067580757
0.8316675894653275
0.8316863416522294
0.8317060977701353
0.8317235602476292
0.8317396756434129
0.8317562578359388
0.8317750508148176
0.8318038320604473
0.8318293873979842
0.8318502824477517
0.8318716225479356
0.8318948335436579
0.83192326980539
0.8319592988829116
0.8320060008951478
0.8320571920354014
0.8321191244747316
0.8321913042781436
0.832252661376373
0.8323075811138153
0.8323636219314102
0.8324168211140559
0.8324739275682794
0.8325170376292312
0.8325552079769176
0.8325937103123561
0.8326371956497327
0.8327070866687538
0.8327654996334131
0.8328147573954165
0.8328663035300133
0.8329232889626583
0.8329947446034353
0.8330879382750089
0.8332255627156699
0.8334590859453305
0.8339197311931484
0.8344446059487574
0.8350296519161455
0.8356993541927464
0.8364687860854246
0.8373715619869108
0.8383962178352278
0.8395130689230399
0.8399
0.8399079927130765
0.8399239781392295
0.8399530063905922
0.8399787511090102
0.84
0.8400079927130765
0.840019751548602
0.8400349905962727
0.8400543645447563
0.8400708128520117
0.8400840741083097
0.8400956342422113
0.8401064172123969
0.8401176988799538
0.8401326422249454
0.8401489471988962
0.8401605397116645
0.8401706650818753
0.8401796225831377
0.8401872915774798
0.8401941821257398
0.8402008997230267
0.8402084429453944
0.8402158364197767
0.8402241461841125
0.8402314724947265
0.8402388339379926
0.8402469368819201
0.8402564126978894
0.840267208680539
0.840280741739994
0.8402942278295967
0.8403066814843401
0.8403208397022198
0.840340475871344
0.8403632096153802
0.8403793979407963
0.8403941581705965
0.8404089730114301
0.8404243794963345
0.8404413950186631
0.8404615353846877
0.8404861232550194
0.8405121173412167
0.8405333106524352
0.8405528111460548
0.8405708477606413
0.8405890222147003
0.8406112113914472
0.8406321381003878
0.8406532010290944
0.8406732157443362
0.8406942325632085
0.8407182148637026
0.8407461295989217
0.8407731460373518
0.8408033485601246
0.8408333723483172
0.8408637021324716
0.840887965703058
0.8409088288530575
0.8409290171431136
0.8409505922593357
0.8409763645010134
0.841008338944086
0.8410355780716107
0.8410616033597417
0.8410683538334276
0.8410818547807994
0.8410950452576773
0.8411056847365266
0.8411165702321539
0.8411272154800118
0.8411370126435718
0.8411485425415561
0.841154694658671
0.8411611875584475
0.8411670487066327
0.8411730119669784
0.8411790318224136
0.8411854626164276
0.8411943437787235
0.841207542645142
0.8412335151548289
0.8412625831621146
0.8412948347822283
0.841331741754494
0.8413695878318292
0.8414106016524773
0.8414626507225312
0.8415271018817929
0.8415802333548743
0.8416305543377758
0.8416845495305975
0.8417465490108719
0.8418252383920691
0.8419345375537713
0.8420828770580271
0.8422530968278946
0.8424475617445729
0.8426704723410766
0.8429135427097185
0.8432099579028146
0.8434486679696487
0.8437014516571576
0.8439954363321317
0.8444267331097819
0.8448255297149554
0.845231087478695
0.8457044717620545
0.8463456279701012
0.8472864608244823
0.8484102537780716
0.8497489690769701
0.8499
0.8499018760194718
0.8499056280584153
0.8499131321363024
0.8499201133546477
0.8499321582819881
0.8499468060888175
0.8499612216414532
0.8499664743428486
0.8499728238540917
0.8499776146163938
0.8499811073750609
0.8499843943798994
0.8499879347649735
0.8499920370443914
0.8499961644013727
0.8499980822006863
0.85
0.8500018760194717
0.8500033346084588
0.8500054333566881
0.85000752382167
0.850009673405746
0.8500114371445394
0.8500131074113004
0.8500153558529278
0.8500175642118043
0.8500193527042749
0.8500212235188073
0.8500233427776862
0.850026004971005
0.850029733563101
0.8500356411465866
0.8500400020420494
0.8500431739653452
0.8500458851257625
0.850048407281865
0.8500512093584365
0.8500536792542229
0.8500566255119802
0.8500591487551475
0.85006145959514
0.8500636589549401
0.8500657140802076
0.8500676801332405
0.8500696784339817
0.8500719844396907
0.8500742022403606
0.8500766918260959
0.8500788993470708
0.8500811084824222
0.8500835279215881
0.8500863423740969
0.8500898497054599
0.85009448642645
0.850101051345343
0.8501076920014057
0.8501137039106661
0.8501189192792483
0.8501234736295842
0.8501277619804632
0.8501323534563656
0.850139249559523
0.8501449054502472
0.8501494957985359
0.8501541721157875
0.8501592300199233
0.8501654039289578
0.8501725588744813
0.8501803506231809
0.8501883936879204
0.8501956424654379
0.8502023952742156
0.8502091228642069
0.8502167278225474
0.8502209048593642
0.8502268355571102
0.8502315905141102
0.850235461027065
0.8502391914922003
0.8502431028277135
0.8502483028543847
0.8502544546563816
0.8502590318131028
0.8502635304491706
0.8502684407297575
0.8502742210036786
0.8502819582271307
0.8502921634848916
0.8503040456112361
0.8503152198630585
0.8503235933692291
0.8503308403221096
0.8503395259603387
0.8503469588895645
0.8503544506616014
0.8503620853080601
0.8503693857684177
0.8503766305135552
0.8503831182748566
0.8503891270243047
0.850395084173034
0.8504017153081908
0.8504062238054109
0.850411497392345
0.8504155871289208
0.8504189610543179
0.8504222113237203
0.8504256089103938
0.8504297747502105
0.8504343331960745
0.8504383179883209
0.8504422264493985
0.8504463705233094
0.8504510675865584
0.8504532597701303
0.8504559869698419
0.850458077362881
0.8504608845062829
0.8504631398129983
0.8504652467860233
0.8504678962260048
0.8504722177888279
0.8504784830730202
0.8504861194063819
0.8504957991568137
0.8505087621321706
0.8505214813077332
0.8505352890307949
0.8505488774091173
0.8505626103080927
0.8505773582623697
0.8505938550957306
0.850613546041306
0.8506373094665732
0.8506680201169547
0.8507100195698879
0.8507725209376837
0.8508748114724821
0.8509659100855547
0.8510633180415128
0.8511569605477466
0.8512482433931271
0.8513451308080554
0.8514616313711263
0.851623234005431
0.851904178493094
0.8522539617563818
0.8526529431288877
0.853112406436847
0.8536435057856627
0.8542645691923956
0.8549980683596243
0.8558709931068368
0.8569013818570527
0.8581107421291737
0.8595295555302203
0.8599
0.8599032446863704
0.8599097340591111
0.8599227128045925
0.8599330606581412
0.8599456917097503
0.8599601445601577
0.8599782862958899
0.86
0.8600032446863703
0.8600097340591111
0.8600188679149426
0.8600291266857333
0.8600392846309791
0.860051038551724
0.8600663936825578
0.8600810181440125
0.8600941067138128
0.860106609195803
0.8601195984648599
0.860136473599973
0.8601554420559534
0.860168860340313
0.8601806887876507
0.8601913042304267
0.8602004469042066
0.8602086254569445
0.8602164996950771
0.8602251197787263
0.8602394786316172
0.8602495765153512
0.8602580304563472
0.8602668638293267
0.8602765692882082
0.8602888261805249
0.8603021416343186
0.8603162905719731
0.8603350314904286
0.8603497272770753
0.8603657459397681
0.8603897184041489
0.8604097235753759
0.8604268321738314
0.8604437974688817
0.8604611330337182
0.860479830553226
0.86050132106965
0.860530546411818
0.8605658203056115
0.8605910117499823
0.860614929949623
0.860640322966472
0.8606691501141424
0.860705691468236
0.8607464279022183
0.8607891114105295
0.8608384679753277
0.8609126826890648
0.8610096154368838
0.8610976477190702
0.8611629424981516
0.8612186729950766
0.8612814439303927
0.8613394029675854
0.8613965026729463
0.8614539913604384
0.8615177162052715
0.8615976709106038
0.8616865001849167
0.8617631016262292
0.8618335605148308
0.8619082971174448
0.8619609829785794
0.8620275613029175
0.8620823564063602
0.8621313812911234
0.862181924807182
0.8622396169534786
0.8623336751475047
0.8624106228742051
0.8624757407913107
0.8625439064589067
0.8626193076692458
0.8627140743490443
0.8628371507477955
0.8630150897754841
0.8633010308254834
0.8638691732726429
0.8645396328139547
0.8652937965054412
0.8661645348917835
0.8671786789504722
0.868387242158699
0.8698538159156968
0.8699
0.8699057722690465
0.8699173168071396
0.8699299028380651
0.8699429531600771
0.869956636835147
0.869973040880823
0.8699887040786244
0.87
0.8700057722690465
0.8700141033112181
0.8700224860944129
0.8700362985948578
0.8700504535975557
0.8700628318581268
0.8700745769364863
0.8700868819678381
0.8701007541656385
0.8701145520248329
0.8701269739191139
0.8701390551096988
0.8701519233075452
0.8701665871402252
0.8701803224318166
0.8701931900392876
0.8702027533320394
0.8702110059668369
0.8702206600136055
0.8702298613264388
0.8702385332595379
0.8702474386235706
0.8702574182746164
0.870268835989945
0.8702788636380702
0.8702889180423568
0.8702998717003989
0.8703125105703186
0.8703252893235734
0.8703368427409032
0.8703481137210329
0.8703607137440649
0.8703768349597459
0.8703887870084359
0.8703983359464443
0.870407076861167
0.8704153269614967
0.8704237528478066
0.8704333554325189
0.8704442719169918
0.8704562048400398
0.8704663980807276
0.8704764331485096
0.8704872630363291
0.870499724228241
0.8705131616667564
0.8705276492051915
0.8705440214314992
0.8705637989713069
0.8705882184051302
0.8706211786761925
0.8706693844603175
0.8707377372925665
0.8708105962887105
0.8708890931297835
0.8709792301207361
0.8710827319235896
0.8712117229166672
0.8713820506470481
0.8716244345468194
0.8719142003132521
0.8722483413034986
0.8726057113864876
0.8729044870649025
0.8732430967804793
0.8736199585604814
0.8739216039314789
0.8742688422005422
0.8746937131888083
0.875402345963549
0.876451687039087
0.8776598063447498
0.8790457025085465
0.8799
0.879903022308856
0.8799090669265679
0.8799211561619917
0.8799307767636672
0.8799414599678217
0.8799548130672015
0.8799699082976626
0.8799878752861017
0.88
0.880003022308856
0.8800076280875987
0.8800127438735882
0.8800181833247033
0.8800236658176668
0.8800292883710841
0.8800360265016781
0.8800417262694228
0.8800479141838998
0.8800536739122357
0.8800595379747579
0.8800659626280753
0.880073058933297
0.880080019745797
0.8800851792583325
0.8800890977217237
0.8800929741612513
0.8800970376325694
0.8801013020442403
0.8801052105780226
0.8801093802009663
0.8801142002660693
0.8801203188712937
0.8801289361319345
0.8801386484881363
0.8801460683017248
0.880152044976518
0.8801574065254738
0.8801627346955382
0.8801693489750692
0.8801744923716104
0.8801797947172264
0.8801845573021443
0.8801889119404713
0.8801930559181004
0.8801970710202572
0.8802011849948921
0.8802059124288601
0.8802109294113073
0.8802163700552506
0.8802210488638025
0.8802256954931831
0.8802307384751386
0.8802365570402946
0.8802438650161104
0.8802533125197257
0.8802666069712497
0.8802870182072663
0.8803111032942182
0.8803304195317012
0.880344157065567
0.8803559539265275
0.8803677156082007
0.8803826098664108
0.8803970663254005
0.8804112264746659
0.8804255445341181
0.8804411871915178
0.8804546108724816
0.880466511024857
0.8804781005240344
0.8804908776003171
0.8805101883343074
0.8805252165085954
0.8805380074204435
0.8805513565225258
0.880566200523665
0.8805829856554519
0.8806005651282494
0.8806150129938131
0.8806308276325009
0.8806449426403459
0.8806577759657002
0.8806705744798972
0.8806850647039837
0.8806996391625583
0.8807111081348088
0.880720133833835
0.8807281954173907
0.8807360742987421
0.8807448046040636
0.8807566774192427
0.8807691264525007
0.8807790415237494
0.8807888777024145
0.8807995064418574
0.8808118370976162
0.8808276536611267
0.8808428989882399
0.880858201459703
0.8808746439447128
0.8808921457266568
0.8809088574043504
0.8809279926496157
0.8809518913723499
0.880976929026872
0.8810014536327119
0.881028336884598
0.8810624371698806
0.8810696123756987
0.8810835907017792
0.881094323798524
0.8811068626688875
0.8811174572176542
0.8811272237873818
0.8811397110907101
0.8811571566133928
0.8811794965510619
0.8812083060333138
0.8812448664790828
0.8812910609360857
0.8813497141029167
0.8814248131451504
0.8815056844052148
0.881592483841808
0.8816963704552654
0.8818333318962847
0.8820408421969179
0.882399020420438
0.8828111878722286
0.883280603667545
0.8838241714410813
0.8844564406313805
0.8850217562128521
0.8857354019005214
0.886382917385999
0.8869447552993867
0.8876152041368245
0.8884217100585522
0.8898348286763942
0.8899
0.889903698056124
0.889911094168372
0.889921948482304
0.8899334052869846
0.8899465138420775
0.8899582625153101
0.8899692378296052
0.8899802478248922
0.8899901239124461
0.89
0.890003698056124
0.8900087705216803
0.8900149076263096
0.8900224784843465
0.8900303053756313
0.8900378544767878
0.8900452648890057
0.8900535067985642
0.890063014736522
0.8900719620531118
0.8900796612240133
0.8900874293665928
0.8900958640771377
0.8901059649685316
0.8901184064738812
0.8901351469598154
0.890153992980755
0.89017520391129
0.8902007680390778
0.890230920591325
0.8902547698856791
0.8902746442483105
0.8902847261213888
0.8902961471497028
0.8903048009397221
0.8903115751931896
0.8903181377040711
0.890325870996783
0.8903319644739168
0.8903383157744358
0.8903440571829205
0.8903494280452837
0.8903547085425321
0.8903600325273274
0.8903657419918233
0.8903727729890601
0.8903788326806797
0.8903857684849653
0.8903921702009525
0.8903986121990431
0.8904056882784791
0.8904138520730931
0.8904240307110766
0.8904370224098501
0.8904550723541248
0.8904727330280024
0.8904896993735468
0.890508528914306
0.8905341173124137
0.8905586629643971
0.8905781508929282
0.8905961692372917
0.8906138740809061
0.8906323493784833
0.8906536230866905
0.8906849326645756
0.8907151393687679
0.8907389089427847
0.8907624622185385
0.8907875455782417
0.8908166745204251
0.8908533898131125
0.8909014372644519
0.8909741860537483
0.8911084695079682
0.891254633061929
0.891293063624496
0.8913122789057795
0.8913390952473889
0.8913582971293158
0.891377004142685
0.8913969105377895
0.891420512889119
0.891439740130307
0.8914612258206885
0.8914922131743817
0.8915301703918609
0.8915792229322719
0.8916422204856501
0.8917234134837589
0.8918304599561006
0.8919744140187532
0.8921817642723006
0.8924260656539833
0.8927008196482579
0.8929484008918388
0.8931969768550252
0.8934699628840312
0.8938050938614167
0.8942799947318747
0.8950830542963533
0.8960172375568128
0.8971011008000384
0.8983514356284182
0.8998731793508947
0.8999
0.8999023951648112
0.8999071854944335
0.8999136518843882
0.8999210322567693
0.8999300341388063
0.8999413344448327
0.8999569206764342
0.8999707362013688
0.8999768637448554
0.8999817871194721
0.8999868712236166
0.8999907174792626
0.8999941621473341
0.8999977705739531
0.9
0.9000015441029462
0.9000035810230503
0.9000057389001839
0.9000100546544509
0.9000141852406467
0.9000182907277419
0.9000230091803422
0.9000287197842974
0.9000360231636515
0.900039568602703
0.9000435227387547
0.9000466282030084
0.900049358104097
0.9000535267128439
0.9000567904803566
0.9000596169769381
0.900062705417977
0.9000663296792423
0.9000712125978116
0.9000778683575822
0.9000833023668393
0.9000876699014355
0.9000915930547072
0.9000954497215391
0.9001000709889385
0.9001037749961295
0.900107806307072
0.9001113998861868
0.9001146820912402
0.9001177799439994
0.9001207172825487
0.9001236414997522
0.9001268550301215
0.9001315674817755
0.9001357322547484
0.9001390540516917
0.9001423968992778
0.9001460097035453
0.9001502808852604
0.9001558224752516
0.9001617367608327
0.9001693491126735
0.9001731324995754
0.9001771668862694
0.9001806279774559
0.9001836443476178
0.9001867762041342
0.9001906000757249
0.9001961391127081
0.9002000374076023
0.9002036816212301
0.9002076234705009
0.9002121947953312
0.9002180379191005
0.9002255802493541
0.900232507277895
0.900238747152183
0.9002451651391278
0.900252190815939
0.9002606907486556
0.9002702863932118
0.900280345905793
0.9002906613052565
0.9003007895470209
0.9003119678986309
0.900326352581194
0.9003436299117934
0.900365977486151
0.9003889791641085
0.9004142359323374
0.9004445111803219
0.9004784055412994
0.9005186040334946
0.9005669736171912
0.9006294541431662
0.9006935843139051
0.9007594070101429
0.9008303985365863
0.9009097824833793
0.9010045646087333
0.9011201234564364
0.9011503970578387
0.9012062618143711
0.901229559948255
0.9012525695825894
0.901278661612112
0.9013014435386023
0.9013243484916702
0.9013469827957786
0.9013717584991306
0.9014018084756571
0.9014423145782938
0.9015027085951961
0.901534038302575
0.9015683821759808
0.9015973237347052
0.9016310270344384
0.9016641802808321
0.9016907682527109
0.9017192519543258
0.9017536005176862
0.9017985318179718
0.9018377563083751
0.9018803322165756
0.9019149967320402
0.9019505443455162
0.9019860415568307
0.9020229978718073
0.9020713542371738
0.9021605939923182
0.9022632182383001
0.902378513282457
0.9025095473161447
0.9025864259199087
0.9026687154870823
0.9027418645568082
0.902844927875921
0.9029220308464653
0.9030088591649417
0.9031371547095562
0.9033582411326316
0.9036443216635939
0.9039723548698743
0.9043507909760718
0.9047873548978611
0.9052944063778603
0.9058882281636635
0.9065869495401556
0.9074105857096498
0.9083854540212953
0.9095244914021575
0.9099
0.9099033022966982
0.9099099068900947
0.9099231160768875
0.9099336907384544
0.9099457182288928
0.9099602082430345
0.9099776809296787
0.9099888404648393
0.9099944202324197
0.91
0.9100033022966982
0.9100069993957626
0.9100143935938912
0.9100263412818946
0.9100365641119558
0.9100476328736571
0.9100611428611556
0.9100752400824673
0.9100868868432308
0.9100969356745957
0.9101062903908234
0.9101158240469956
0.9101276589929601
0.9101376096207372
0.9101480150918798
0.9101574271409726
0.910166049114734
0.9101738229718581
0.9101805714620741
0.9101866113666961
0.9101924943042095
0.9101991346849373
0.9102054614388053
0.9102126042374545
0.9102189695568873
0.9102253833417694
0.9102324607839608
0.9102407487730332
0.91025095897796
0.9102609290250703
0.9102760417721792
0.9102870108615846
0.9102988008088385
0.9103141062800717
0.9103272449915334
0.9103417018504585
0.9103549314709753
0.9103678468607885
0.9103812239835565
0.9103953265795602
0.9104107129075959
0.9104289515411498
0.9104488912112749
0.9104702880128497
0.9104885219447527
0.9105065544224376
0.9105260440090229
0.9105484814432669
0.9105766280427638
0.9106130180720237
0.9106639300870699
0.9107393945779408
0.91081451086153
0.9108933850026109
0.9109607854879136
0.9110392878543028
0.9111093671900017
0.911184049512152
0.9112572253136418
0.9113371467947698
0.9114612721380222
0.9116436595358666
0.9119480060432948
0.9122981034929953
0.9126957078821903
0.9131548214142599
0.9136869724734703
0.9143124876528668
0.9150546478245231
0.9159366399168459
0.9169720157252584
0.9179956323517052
0.9185495779312826
0.9188862110771431
0.9190015449261325
0.9192322126241114
0.9192948189665561
0.9194200316514455
0.9194561428954056
0.9195283653833257
0.9195475914841011
0.919586043685652
0.9195959203474338
0.9196156736709973
0.919629442257678
0.919644107167685
0.9196586022545451
0.9196723972927495
0.9196851748806222
0.9196973490272026
0.9197116058427787
0.919719294878284
0.9197271982972418
0.9197345574745128
0.9197422942956757
0.9197497305965019
0.9197578832031336
0.9197696558779986
0.9197879066057394
0.9198195767744863
0.9198550445885862
0.9198947003865341
0.9199
0.9199019606610532
0.9199043807525595
0.9199092209355721
0.9199153213711206
0.9199266583822786
0.9199389842749384
0.9199537487071348
0.9199727210531125
0.9199790427556533
0.9199877231069168
0.9199918708621099
0.9199960568560334
0.9199999251697623
0.92
0.9200001496604756
0.9200004489814267
0.920001047623329
0.9200022449071336
0.9200046394747426
0.9200091798045954
0.9200130583983087
0.9200165562130466
0.9200201286263339
0.9200238941549563
0.9200279855222177
0.9200319670149912
0.9200350053594083
0.9200374015496784
0.9200398319058831
0.9200422808145405
0.9200449271496639
0.9200473722761101
0.9200499713789426
0.9200523743987167
0.9200545491721006
0.9200567410236098
0.920059321642902
0.9200622290547356
0.9200649718595167
0.9200675126748289
0.9200702093299621
0.9200733287334378
0.9200764680854946
0.9200797253046218
0.9200825472463765
0.9200850824197297
0.9200876073971109
0.9200905509973484
0.9200943065973362
0.9200972885109465
0.9200999961379496
0.9201028434564347
0.9201057448729545
0.9201085263849541
0.9201111953060316
0.9201138465371693
0.9201167214907912
0.920120598659712
0.9201234331728607
0.9201256676488623
0.9201285128757031
0.9201310204981666
0.9201332484057325
0.9201360352320812
0.9201400785833268
0.9201440589848571
0.9201478585461793
0.9201514775427817
0.9201541572024984
0.9201567967755574
0.9201597611064292
0.9201623821551972
0.920165043032749
0.9201684105707376
0.9201722886176859
0.9201758943336653
0.9201793644777482
0.9201830265149886
0.9201871130338104
0.9201914490346185
0.9201926583501455
0.9201950769811996
0.9201968858549812
0.9201983047785554
0.9202001555340704
0.9202016899118102
0.9202032808236048
0.9202052408595583
0.9202079175618171
0.9202115713807542
0.9202162737316048
0.9202222150581771
0.9202296348976091
0.9202366204845973
0.9202437778365966
0.9202516840484015
0.9202601215814618
0.920268301249937
0.9202765375228505
0.9202855651881737
0.9202943317338915
0.920300746168192
0.9203058564905608
0.9203106565489599
0.9203161563033723
0.9203208413177272
0.9203257228070654
0.9203302791010807
0.9203348045864689
0.9203394827164483
0.9203442964591547
0.9203492530483574
0.9203545263598013
0.9203608192626269
0.9203664705539031
0.920372867653274
0.9203786042767255
0.9203842977107347
0.9203904802441975
0.9203975427237704
0.9204062550606632
0.92041632095238
0.9204274723261451
0.9204411008709746
0.9204593690927328
0.920479947551554
0.9205001323405163
0.9205135134151878
0.9205282462992178
0.9205389765348814
0.9205466685574637
0.9205530914360303
0.920558923358574
0.9205650761752316
0.920570288964895
0.9205763815881348
0.9205810270824727
0.9205849231510856
0.9205886024738471
0.9205923108458803
0.9205966334309502
0.9206018122021723
0.920606868834892
0.92061128740226
0.9206157782452538
0.9206207043770656
0.9206264982295335
0.9206328222572698
0.9206391304074479
0.9206458298653671
0.9206519046228643
0.9206577167780248
0.9206637141088899
0.9206700146032152
0.9206776158342087
0.9206859171277243
0.9206938458861449
0.920702355980747
0.920711225668004
0.9207209573169025
0.9207326496755155
0.9207473762451011
0.920767708411248
0.920788447702442
0.9208096640874396
0.9208149534434847
0.9208210767446395
0.9208277391487181
0.9208325665988308
0.9208377493707367
0.9208427501519393
0.9208480002387976
0.9208553305617855
0.9208671343053106
0.9208872726491656
0.9209051987403507
0.92092628812105
0.9209531304695484
0.9209835100238526
0.9210165855424784
0.9210589290212577
0.9211256036653106
0.9212041776513433
0.9212958884403988
0.9214032485526283
0.9215292713099662
0.921676079723199
0.9218484317452326
0.9220378072486258
0.9222511159867705
0.9224959696634193
0.9227884316293965
0.9231543440152766
0.9236403127966072
0.9242864706442154
0.9250338755997727
0.9259000398226308
0.9269229287862342
0.9281192650171812
0.9295634803324095
0.9299
0.9299037804054656
0.929911341216397
0.9299264628382596
0.9299372576684245
0.9299487053592379
0.9299624218189936
0.9299762042637377
0.9299881021318689
0.93
0.9300037804054657
0.930009110578582
0.9300177904404844
0.9300262526775009
0.9300341222823537
0.930043109876718
0.9300511847500421
0.9300589484378492
0.9300676477099827
0.9300744117278107
0.9300794241917097
0.9300843576780309
0.9300898940997473
0.930094888734395
0.9300996695554034
0.9301047147922473
0.9301110148569861
0.9301150864845626
0.9301192812460518
0.9301229133171429
0.9301260934152854
0.9301291749245492
0.9301323901844935
0.930136308579825
0.9301410235410345
0.9301450291708127
0.9301486875600508
0.9301523078692449
0.9301561420530307
0.9301580844966895
0.9301598579482034
0.9301616971968372
0.9301632480328823
0.9301654352495331
0.9301671094844401
0.9301688268377006
0.9301711336988882
0.9301747049296916
0.9301797994560119
0.9301846839220169
0.9301887429669786
0.9301924297849146
0.930195964936626
0.9301996123437352
0.9302038723389439
0.9302090110755387
0.930214252593854
0.9302187530578286
0.9302232879937032
0.9302282183931537
0.9302340736545803
0.9302413111865729
0.9302510626126306
0.9302620778062153
0.9302744416034905
0.9302887880882947
0.9303060331171995
0.9303281833752226
0.9303588672833684
0.9304059770157617
0.9304697417156218
0.930555136626123
0.9306666181210773
0.9307617734446386
0.9308359574301568
0.9308500135228583
0.9308781257082615
0.9308864753696353
0.930903174692383
0.9309146253459373
0.9309274352353233
0.9309375541089165
0.9309454024305521
0.9309522498680812
0.9309586607727226
0.9309655145135032
0.9309708578047019
0.930976805728674
0.9309813061456328
0.9309850825288858
0.9309887788680941
0.9309927099665803
0.9309976837398027
0.9310026238014724
0.9310071305880325
0.9310116915891051
0.9310165862558876
0.9310222609508475
0.9310285208931094
0.9310344160690386
0.9310405218342326
0.9310472795246834
0.9310551754314053
0.9310651895202915
0.9310781410576728
0.9310917996354192
0.9311062691333705
0.9311199342619362
0.9311333375804735
0.9311357141677046
0.9311403328865915
0.9311443226142134
0.9311480001400004
0.931151630171742
0.9311555806026187
0.9311604716851981
0.9311681825577723
0.9311836043029208
0.9312039030117774
0.9312267189491773
0.9312541535842771
0.9312890651308681
0.9313374855624613
0.9314020970360076
0.9315068562561581
0.9316847065025758
0.9319165254334421
0.9322133190445439
0.9326016742818689
0.9331120655592251
0.9337016064068855
0.9343861130462763
0.9351898662551663
0.9361494146659181
0.9372969653724469
0.9387458626628833
0.9399
0.9399013702751869
0.9399041108255609
0.9399095919263089
0.9399151889090771
0.9399198044442116
0.9399242590626163
0.9399289394280367
0.939934963549673
0.9399395097829987
0.9399440755758639
0.9399482451761387
0.9399522512487453
0.939956502127945
0.939961429402423
0.9399683844963636
0.9399777881243554
0.9399848139422964
0.9399916386403032
0.9399958193201516
0.9400000000000001
0.940001370275187
0.9400032205935321
0.9400069212302223
0.9400111591335182
0.9400154940926255
0.9400202786148144
0.9400247303426584
0.9400296282750361
0.9400349371353881
0.9400408037608388
0.9400470166623182
0.9400535920357745
0.9400602309286962
0.9400671855729915
0.9400756096449525
0.9400849279034196
0.9400927484905808
0.9400998526454956
0.9401071489422206
0.9401151365433918
0.9401247419777138
0.9401341306705999
0.9401436541176614
0.9401540194551787
0.9401658561550694
0.9401796949120318
0.9401895890868035
0.94019951317847
0.9402105789960797
0.9402210854826369
0.9402319055183017
0.9402453160136369
0.9402619430550653
0.9402751007695188
0.9402848677905166
0.9402934485920403
0.9403018473107776
0.9403116081202908
0.9403221174571054
0.9403332671893403
0.940343510829198
0.9403542087805397
0.9403663410057315
0.940381031850204
0.9404006155857689
0.9404261469309738
0.9404614682889343
0.9404966020074035
0.9405246364407915
0.9405520635267156
0.9405812214023888
0.9406145800319442
0.9406384291298734
0.9406523001815654
0.9406650836413378
0.9406782092773738
0.9406896977578695
0.9407031185631612
0.9407151338367102
0.9407255882131831
0.9407372260732302
0.9407518966268297
0.9407598562498284
0.9407682657618813
0.9407758260641195
0.940783483621648
0.9407912837517343
0.9407995629771719
0.940810939219037
0.9408277026575501
0.940857698095486
0.9408747110575035
0.9408913011179693
0.9409085141809032
0.940934392033143
0.9409531095184278
0.9409708789636079
0.9409914662133171
0.9410172281908777
0.941034749452413
0.9410517025093764
0.941070910912458
0.9410916229096388
0.9411095659692524
0.9411301194721083
0.9411628860699897
0.9412182659151028
0.9412810213324073
0.9413299098213144
0.9413573667048392
0.941388688389012
0.941412517948801
0.9414368878818572
0.9414655665502852
0.9414876536070577
0.9415092830827113
0.9415337142909883
0.9415641833064207
0.9416013425062366
0.9416450433355383
0.941687310156013
0.941723007999284
0.9417504341943018
0.9417705638441535
0.9417874275339686
0.941806371461567
0.9418310076535132
0.9418485975348542
0.9418661366781299
0.9418868575118935
0.9419125931414045
0.9419350746142702
0.9419553642510619
0.9419757910840397
0.9420008470898527
0.94201772610259
0.9420350728319771
0.9420505327834329
0.9420647861126814
0.9420793426897176
0.9420955738225103
0.9421186884590623
0.9421424795915676
0.9421610201062015
0.9421794265916512
0.94219932520666
0.9422226051531472
0.9422527893940773
0.9422932763869956
0.9423535802377455
0.9424536650860678
0.9425648057409012
0.9426690655041811
0.9427821188139596
0.9428762531085639
0.9429558933111668
0.9430341731134032
0.9431385280738525
0.9432168744827344
0.9432742041530876
0.9433279695903364
0.9433843187188072
0.9434587627024573
0.943559938575219
0.9436328702513355
0.9437044247423851
0.9437829227811363
0.9438779497792117
0.9439996741422014
0.9441775284360008
0.9444778602308204
0.9450230393470119
0.9456518953937918
0.9463559484488278
0.9471683023291925
0.9480990402127678
0.9491897402661
0.9499
0.9499017177669268
0.9499051533007804
0.9499120243684877
0.9499204953546528
0.9499295052607303
0.9499388754203201
0.9499490998787415
0.949957687607068
0.9499655890543455
0.9499744614229421
0.9499843414294225
0.9499921707147112
0.9499960853573557
0.9500000000000001
0.9500017177669269
0.950003595236784
0.9500073501764983
0.9500125195434165
0.9500203514501838
0.9500280425708902
0.9500345531759218
0.9500405018118544
0.9500463737418872
0.950053183764723
0.950057192471705
0.9500622008997455
0.9500662316022547
0.9500694813701411
0.9500725125954768
0.9500755782537051
0.9500793221195452
0.9500827307771417
0.9500863173222877
0.9500897147905281
0.9500932435567023
0.9500972211703858
0.9501019817503692
0.9501067390067747
0.9501127202395542
0.9501180773190127
0.9501228299350172
0.9501273493373387
0.9501319049934658
0.9501373214999167
0.9501404478058909
0.9501440883642603
0.9501470851702155
0.9501496062512171
0.9501520833831825
0.950154797288769
0.9501589843339403
0.9501625236181869
0.950165455938437
0.9501684931202878
0.9501718576057322
0.9501759834939766
0.9501814519892823
0.9501889537806812
0.950196801770128
0.9502054540208847
0.9502161912937541
0.950227679866294
0.9502365476690026
0.9502451186164272
0.950254240458385
0.950264375535139
0.9502766533404604
0.9502902858708331
0.9503065958863555
0.9503284132448864
0.9503493728977186
0.9503697215133706
0.9503935614812802
0.950423970628167
0.9504690588827489
0.9505451705677912
0.9506442494285723
0.9507473839235043
0.9508405144720955
0.9509081454384941
0.9509419609216934
0.9510052284594644
0.951074316929948
0.9511737906590004
0.9513257928902884
0.9514423831386973
0.9514853370445863
0.9515712448563641
0.9515943299620604
0.9516405001734529
0.9516513495899962
0.9516730484230828
0.9516777767912636
0.9516872335276254
0.9516976741559083
0.9517055068015077
0.9517120272163037
0.9517203626481396
0.9517277616574722
0.9517356959486262
0.9517400934177215
0.9517448432778399
0.9517488935955132
0.9517530240521416
0.9517572407416165
0.9517616949337857
0.9517674494032202
0.9517769213479672
0.9517958652374612
0.9518168592241802
0.9518399248615115
0.9518661478419467
0.9518960163263502
0.9519306303815327
0.951971072670571
0.95201816387442
0.9520730114497924
0.9521367986062518
0.9522110222394342
0.9522974494134069
0.9523981356253277
0.9525154758381017
0.9526522534560161
0.9527277185647313
0.9527985159019043
0.9528950822391933
0.9529742040158407
0.9530511165011926
0.9531520084873079
0.9533373487044959
0.9536183776299108
0.953940071308102
0.9543106730297384
0.954739838233409
0.9552384970078797
0.9558243303119368
0.9564706296936779
0.9572554992181707
0.9582205371414493
0.9593775279689783
0.9599
0.95990195878221
0.9599058763466299
0.9599137114754699
0.9599215529222478
0.95993006693008
0.9599412048247609
0.959953792643218
0.9599690271054373
0.9599748366561915
0.959983597731134
0.9599879665533383
0.9599922886666237
0.9599963480671863
0.96
0.96000195878221
0.9600046246768744
0.960007176297177
0.9600122795377822
0.9600167752283454
0.9600209742637571
0.9600255419798337
0.9600305717677354
0.9600356726825977
0.960039459410927
0.9600421539316951
0.9600447094689293
0.9600483902805904
0.9600513547928793
0.9600539388166731
0.9600567396218694
0.9600599944050504
0.9600636419242322
0.9600666420959082
0.9600692840996643
0.9600718883048601
0.9600748433010693
0.9600787425629872
0.9600821307652365
0.9600851725260262
0.9600884109235944
0.9600921584762658
0.9600961035115786
0.9600999027806388
0.9601031778958398
0.9601061539033059
0.960109083179538
0.9601118578833663
0.9601145355803448
0.9601172685443504
0.9601203120768649
0.9601230923927806
0.9601263316470645
0.9601293902125139
0.9601323926749018
0.960135629558988
0.9601393038320876
0.9601438204581119
0.9601473583364518
0.9601502400115783
0.9601539583173183
0.9601575910201899
0.960160684186801
0.9601640974965348
0.9601687406685061
0.9601749615089019
0.960179720757811
0.9601837928302679
0.9601875371352767
0.9601910363656787
0.9601945689500971
0.9601962723805019
0.9601982992176699
0.9601999147556838
0.9602021761530748
0.9602038618188817
0.960205578114926
0.9602076202725389
0.9602102943603236
0.9602140988088733
0.9602188380773572
0.9602238109335739
0.9602291205850865
0.9602350268309852
0.9602408886191287
0.9602469606138812
0.9602543170982876
0.9602620291732981
0.9602679842009019
0.9602729914570954
0.960277894152644
0.9602839530523122
0.9602907905326717
0.9602957077940506
0.9603002950972424
0.9603049111250902
0.960309618700324
0.9603145274488132
0.9603197157440662
0.9603256138061319
0.9603349237319156
0.9603420642674778
0.9603478268114525
0.9603536529809639
0.9603598585191067
0.9603673107546539
0.9603765105699513
0.9603888549658556
0.9604045904205096
0.9604181772287987
0.9604318054638797
0.9604475091511021
0.9604680226830121
0.9604896645563452
0.9605101142433222
0.9605330982948774
0.9605569161534594
0.960582066312796
0.9606053307822915
0.9606194997778736
0.9606282263458834
0.9606354288770039
0.9606425226808363
0.9606498795261592
0.9606578801785336
0.9606649202718713
0.960672923592783
0.960684693842261
0.9606993203196456
0.9607181261985475
0.9607391490052362
0.9607578469785368
0.9607766213515133
0.960800848374095
0.9608379151686776
0.960865532753369
0.960893128352626
0.9609271220586718
0.9609665216369512
0.9610255080682442
0.9611292024284166
0.9612463531443458
0.9613083755383902
0.9613757950103428
0.9614036545329233
0.9614363909066993
0.9614523613674375
0.9614695821463193
0.9614837471464138
0.9614942916280524
0.961503224194735
0.9615116103244267
0.96152046297371
0.9615271971345338
0.9615322180659044
0.9615368951239629
0.9615419949792589
0.9615473490797374
0.9615531305289022
0.9615589414295951
0.9615648510299045
0.9615713909639141
0.9615783568406608
0.961585321662494
0.9615927269240041
0.9616001771683411
0.9616079420811559
0.9616161699252621
0.9616248153623017
0.9616331745366058
0.9616410502480253
0.9616487381871693
0.9616570304386196
0.9616692083965908
0.9616795511678382
0.9616878447660464
0.9616962385584699
0.9617052997571648
0.9617163318185223
0.9617290997087897
0.961742517832413
0.9617560438686266
0.9617671006300634
0.961778271570501
0.9617879872142437
0.9617970583680422
0.9618064269175025
0.9618172739186769
0.9618364618941965
0.9618500645065131
0.9618597385283322
0.9618667728007172
0.9618736700300219
0.9618805000143644
0.9618880169084266
0.9618974845714459
0.9619130980953424
0.9619358104516555
0.9619616836587257
0.9619984242230987
0.9620393047786037
0.9620843415048762
0.9621485259630757
0.9622330971461962
0.9623639830586329
0.9625263995316
0.9627119985556216
0.9629261777142872
0.9631742790140632
0.9634638793659613
0.9638038904796196
0.9642039133207926
0.9646750114841005
0.9652304755147075
0.9658870136917136
0.96666663268077
0.9676036502293576
0.9687229786598205
0.9699
0.9699033477487462
0.9699100432462386
0.9699234342412235
0.9699349858561941
0.9699480226308145
0.9699622285508027
0.9699768024734403
0.9699884012367201
0.97
0.9700033477487462
0.9700083299194215
0.9700143455141661
0.9700234052036001
0.9700317842262842
0.9700389916503764
0.9700457939075606
0.9700529050217345
0.9700629076028844
0.9700715948363503
0.9700784917722092
0.9700853203473994
0.9700924139680391
0.9700994539093917
0.9701051982614275
0.9701097879330894
0.9701143683953959
0.9701194854523567
0.9701246946111612
0.9701293883104242
0.9701343846804641
0.9701401444998111
0.970147461425327
0.9701576824381892
0.9701713802540856
0.970181518063936
0.9701891966823731
0.9701958708064871
0.9702022281510558
0.9702095961209871
0.9702151924321304
0.9702218573210171
0.970227700370856
0.9702329673784436
0.9702379875222933
0.970242828729421
0.9702477698342884
0.9702533914426376
0.9702628990940689
0.9702696030049659
0.970275181553851
0.9702809672008429
0.9702872558981797
0.9702950514059705
0.9703050517062456
0.9703191503543881
0.9703405979876184
0.9703664869748053
0.9703935607053727
0.9704228944589373
0.9704558425641214
0.9704952225409745
0.9705437966397855
0.9706030101200005
0.9706623288548568
0.9707240894844739
0.9707912039940089
0.970868938210452
0.9709601008489533
0.9710753711072517
0.9712293114026068
0.9714509790374749
0.9717270859837406
0.972044856953563
0.9724124948717767
0.9728395706216083
0.9732515653881515
0.9738246977646198
0.9742338379747373
0.9746138750563453
0.97510827808313
0.9759745947560492
0.9770941358680584
0.9783954357620788
0.9799
0.9799019944682084
0.9799059834046251
0.9799139612774586
0.9799219691817284
0.97993081376416
0.9799426934176736
0.9799549767784739
0.9799707519795379
0.979985375989769
0.9799926879948845
0.9799963439974422
0.98
0.9800019944682083
0.9800040120384858
0.9800080471790406
0.9800161174601502
0.9800244448594675
0.9800332504497475
0.980043492504141
0.9800554533798664
0.9800706272426563
0.9800901700910547
0.9801145382667227
0.9801407824732751
0.9801699440628735
0.9802030542038886
0.9802411260015547
0.9802797507861936
0.9803196706981172
0.9803605985257448
0.980410919447711
0.980453125676867
0.9804928718651793
0.980533797975768
0.9805764223267697
0.9806095367771565
0.9806195445241198
0.9806395600180465
0.9806544423727042
0.9806660162193811
0.9806789289590774
0.9806907851634918
0.9807013593474257
0.9807134765994341
0.9807290565288154
0.9807368148687138
0.9807444882840544
0.9807526168612736
0.980762230313316
0.9807703158131231
0.9807794147113289
0.980793042443755
0.9808160089696898
0.9808479236357679
0.9808834228166191
0.9809035804070351
0.9809239776399088
0.9809410904590596
0.9809564514804558
0.9809725870628911
0.9809882842147166
0.9810040623794528
0.9810221185191725
0.9810420969918882
0.9810604814586877
0.9810756815846966
0.9810867459073066
0.9810953581506715
0.981103858703565
0.9811180416436431
0.9811281873059958
0.981137333031131
0.9811461663322255
0.9811547141921896
0.9811640834370144
0.9811766607277022
0.9811926383070394
0.98120427689982
0.9812156196777868
0.9812279825508051
0.9812424566020551
0.9812619343711301
0.9812881672334276
0.9813296001711894
0.9813887386920371
0.9814600735787746
0.9815402812019695
0.9816314337813099
0.9817353870853984
0.9818278175483921
0.9818792963807716
0.981931387064199
0.9819753042123133
0.9820200457090895
0.9820659028457931
0.9821105860606412
0.9821557367976828
0.9822048686790908
0.9822529691294805
0.9823018616950716
0.9823545695117009
0.9824041086968719
0.9824561456262286
0.9825094591246816
0.9825595227794108
0.9825981619977978
0.9826330181704123
0.9826681718099475
0.9827083923737207
0.9827460099882168
0.9827822326946407
0.9828199269057895
0.9828635629829846
0.982911724985343
0.982967022610797
0.9830148697560681
0.9830631123192916
0.9831162396017625
0.9831786315539855
0.9832597369288956
0.9833683926738507
0.9835334589195155
0.9838457214295374
0.9842991277094372
0.9848643229642049
0.9855088894511382
0.9862501092587456
0.9871151711868457
0.9881139556595621
0.9892002322739091
0.9899
0.9899036718251301
0.9899110154753902
0.9899257027759104
0.9899368297989747
0.9899487436352384
0.9899597835356424
0.9899699910227203
0.9899803559885332
0.9899908269634343
0.99
0.99000367182513
0.9900085200071157
0.99001437771857
0.9900210847178066
0.9900279168916593
0.9900363969515275
0.9900483193098023
0.9900572837529072
0.9900659974750092
0.9900756709976709
0.9900873748714395
0.9901033673602986
0.9901288076388696
0.9901554892873251
0.9901803983784244
0.990205120393402
0.9902303972570912
0.9902465712558606
0.9902631534932311
0.9902771753066529
0.9902902453375735
0.9903051952757485
0.9903212244272973
0.9903368148098121
0.9903532315036166
0.9903708513146541
0.9903857468826401
0.9903986135071379
0.9904107338547661
0.9904234547877034
0.9904409051116113
0.9904586119992866
0.9904723541097659
0.9904860705331152
0.9905010200171932
0.9905187498492479
0.9905366462725961
0.990556487774738
0.9905728965827113
0.9905883245640198
0.9906020708267514
0.9906148651820569
0.9906280727359258
0.9906426897914735
0.990656632908848
0.9906669769408166
0.9906755849818173
0.9906835876222106
0.9906917411810938
0.9907014865034078
0.9907136347723324
0.9907246245877326
0.9907344643078996
0.990744629750944
0.9907558142505346
0.9907694868249519
0.9907854524321802
0.9908007586308134
0.990816508647581
0.9908335939613837
0.9908533231018499
0.9908742063093321
0.9908970878157655
0.9909238058258838
0.9909550695182952
0.9909898461418929
0.991026723020342
0.9910690943386424
0.9910783353093277
0.9910958675927032
0.9911084721455415
0.991122078940133
0.9911341972350073
0.9911452518775629
0.9911593966369442
0.9911790590226425
0.9912041839806491
0.9912365924619161
0.9912777622398072
0.9913298721777527
0.991396234369433
0.9914764992956769
0.9915735937064092
0.9916696107421578
0.9917725399848174
0.9918897604994317
0.9920433330319981
0.9922576401360577
0.9926518737770847
0.9931347364340605
0.9936844391802799
0.9943205548525385
0.994891882067205
0.995547381407464
0.9962522010928898
0.9968161765965013
0.9974619515407562
0.9981982959758607
0.9990322723187108
0.9999
0.9999011915050025
0.9999035745150073
0.9999083405350171
0.999915054672444
0.9999230813876345
0.9999324538535503
0.9999445083813983
0.9999591204504182
0.9999667217112003
0.9999727881886685
0.999977146268911
0.999981796717547
0.9999853956492719
0.9999882495986966
0.9999908037784387
0.9999932673232687
0.9999957760369181
0.999997888018459
1.0
