0.0
0.001
0.003
0.007
0.0099
0.00990268235424214
0.009906243655892379
0.009908233809174343
0.009910209915319015
0.009912820431498751
0.009916465833515582
0.009923078369114515
0.009932739051176974
0.00994433033318705
0.009956347878366587
0.009968676183624759
0.00998190190839949
0.009990950954199745
0.01
0.01000268235424214
0.01000681536311689
0.01001098338293344
0.01001536009615715
0.01001980074695477
0.0100242814219848
0.01002935708696563
0.01003692293111833
0.01004227823305997
0.01004667062028814
0.01005110456773333
0.01005578182378872
0.01006098579919359
0.01006639445150177
0.01007082287998827
0.01007413864752385
0.01007705739840573
0.01008035651570082
0.01008449266905708
0.01008771305290387
0.01009077652533447
0.01009407436264687
0.01009796734426152
0.01010275754519819
0.0101093105843265
0.01011684246013589
0.01012269961236217
0.01012732724788994
0.01013126654238887
0.01013477261595576
0.01013812800070441
0.01014159604305831
0.01014556410414071
0.01015167996646404
0.01015677013981182
0.01016072681716601
0.01016443133095516
0.01016796138805615
0.01017139727262265
0.01017480097857594
0.01017824226980068
0.01018192572110846
0.01018645793059876
0.01019041395946752
0.01019485103691836
0.01019894594435349
0.01020306992191524
0.01020759675064104
0.0102128213671431
0.01021931869689876
0.01022761219192745
0.01023909756432742
0.01025635778212216
0.01028010139445375
0.01031423310193001
0.01035090199620225
0.01039517481669811
0.01044142996994081
0.01051404134267896
0.01057477571870804
0.01062198502683319
0.01066066652190454
0.01069253121450747
0.0107198006317122
0.01074408875373821
0.01076631054367261
0.01078710177495802
0.0108069042305162
0.01082604456582895
0.01084480302414441
0.01086344954888387
0.01088227664722003
0.01090164333770868
0.01092205218869076
0.01094432608396942
0.01097015681370633
0.01100519431863036
0.01103589266774732
0.01106700906009618
0.01109498025981756
0.01112078090677528
0.01114535035072158
0.01116865670578579
0.01119085855136585
0.01121236499813561
0.01123395264012432
0.01125711154178387
0.01128584400627836
0.01131167422472381
0.01133931068825545
0.01136467826240429
0.01139006395231588
0.01141761900785176
0.01144898761513495
0.01148180660155305
0.01151474793818708
0.01155003749338249
0.01157947041892546
0.01160592826036645
0.0116354771581945
0.01166023856454931
0.01168277294510905
0.01170542027629908
0.0117301716668822
0.01175884599278048
0.01178224605435401
0.01180418104787948
0.01182684575803853
0.01185250256232683
0.01188553054703701
0.01192417307474342
0.0119680708431171
0.01200913165165367
0.01205302632188455
0.0121007043548827
0.01214844276870739
0.01220692156133705
0.01227320654681541
0.0123437965823703
0.01242462314477706
0.01251812320912493
0.012626874416749
0.01276209290437967
0.0129410287754742
0.01315411712916253
0.01337625186847646
0.01361348876975866
0.01387394338771422
0.0141749982256974
0.01452721948224061
0.0148402643057534
0.01513248794480989
0.01539779551859368
0.01561863625478836
0.01581676327416098
0.01601389281970527
0.01625488980219524
0.01641950450122739
0.01658632200980487
0.01673780995676911
0.01688363489420795
0.01704205209610888
0.01723680115630207
0.01746486414758968
0.017706161498139
0.01792199842912957
0.01814121200801882
0.0183800899338049
0.01866147447634057
0.0190035986753509
0.01946084013741989
0.0199
0.01990971042751535
0.01992913128254606
0.01995238141065263
0.01996934696794443
0.01998694286848726
0.02
0.02000971042751535
0.02001896193162648
0.0200292841923888
0.02004200739083791
0.02005337350007717
0.02006438796650247
0.02007568050720559
0.02008773215260712
0.02010117182985701
0.02011858866827541
0.02013936199958729
0.02015710665933733
0.0201728804063115
0.02018802969720335
0.02020242138418702
0.02021680935495554
0.02023261689935242
0.02025283607715152
0.0202779455965929
0.02029973690593768
0.0203197129285415
0.02033762438344324
0.02035091377287493
0.02036248073720077
0.02037357786671205
0.02038445746388888
0.02039444928979613
0.02040306595186824
0.02041118003933334
0.02041835847273775
0.02042498808189483
0.02043098447698256
0.02043646266098689
0.02044135391659487
0.02044587455374874
0.02045131083606404
0.02045620256882996
0.02046059538713418
0.02046457645544648
0.02046813662246371
0.02047134927928706
0.02047428970691153
0.02047701777306444
0.02047958844307038
0.02048205465275913
0.02048447311658737
0.02048691455342455
0.02048948401629532
0.02049237963478471
0.02049619141403464
0.02050005548115332
0.02050382691816195
0.02050737708604583
0.02051099631191221
0.02051488149285723
0.02051919019402826
0.02052411522754549
0.02052990307321784
0.02053691373199252
0.02054193316301465
0.02054581078099042
0.0205492763772863
0.0205526000897437
0.02055615334192376
0.02056060628157149
0.02056522433382255
0.02056948505248398
0.02057368244998326
0.02057811852422696
0.02058312807558049
0.02058919525130789
0.02059501345755171
0.0206007504360038
0.0206068920182034
0.02061380426515645
0.02062228394060953
0.02063283184923879
0.02064718937669433
0.02066089228467391
0.02066828438477795
0.02067107098838243
0.0206766441955914
0.02068072068373788
0.02068412102278889
0.02068900317267747
0.02069263914168804
0.02069644930220314
0.0207022553937363
0.0207123227165585
0.02072728670829424
0.02074615963229207
0.02076889827591103
0.02079671458649993
0.02083254175900769
0.02088012616768357
0.02095243771670712
0.02104020191084646
0.02114493737090626
0.02126504758095221
0.02146261876270614
0.02164270005583929
0.02187205340733698
0.0221938916646029
0.02270242386117679
0.02360875503117023
0.02481554999292632
0.02630321296935518
0.02827309601183663
0.0299
0.02991082640035099
0.02993247920105296
0.0299509849605443
0.02997054112048437
0.02998527056024218
0.03
0.03001082640035099
0.03002087844575654
0.03003345367083185
0.03004922719053685
0.03006717818232222
0.03008700660071136
0.03010908217895526
0.03013040965191386
0.030153594771963
0.030177719782449
0.03020887592203591
0.03026296030908614
0.03032053319252526
0.03038493273912401
0.03045470152383562
0.03052492336294982
0.03059295213872339
0.03066786674113429
0.03075696928023619
0.03087015509569267
0.03102232996107047
0.03123847653814409
0.03157195389172723
0.03217526084813897
0.0331521764170743
0.03462544659043203
0.03716274894807464
0.0399
0.03990552961772478
0.03991658885317435
0.03993870732407349
0.03995554393973978
0.03997313482150765
0.03998656741075382
0.04
0.04000552961772479
0.04001345778109076
0.04002571304796818
0.04004095410725842
0.04005677314814524
0.04007545740384914
0.04009661700920516
0.04011808656371856
0.0401461553279874
0.04017913603998188
0.04021222351806224
0.04025691082796934
0.04029939239986425
0.04035975393210319
0.04040655136999237
0.04046236512568881
0.04052935073565821
0.04062256694019493
0.04069538530614312
0.04079778428457349
0.04092438101806525
0.04107139742923164
0.04124387576964678
0.04144516147694065
0.04172457579278439
0.04200470432587489
0.04242889251747817
0.0428848601037
0.04353305657444689
0.04436378030094151
0.04551379079377403
0.04727962212701126
0.0499
0.04990766270472935
0.04992298811418805
0.04995363893310545
0.0499783626139079
0.05
0.05000766270472935
0.05001833897630751
0.05003686220007324
0.05005977278089536
0.05008448338234902
0.05011305943826511
0.05014386298544989
0.05017979521733622
0.05022363956836629
0.05027005593015494
0.05031852550907783
0.05036638105613734
0.05045206224826333
0.05055910060722686
0.0506875275046788
0.05085015757381773
0.05103081608059392
0.0512425328457535
0.05150192176162653
0.05182717096809824
0.05224090752115503
0.05277916267766398
0.05350735025803345
0.05454620015327462
0.05538080430389092
0.056281733007944
0.05706336588356207
0.05775087883732888
0.05860117364977254
0.0599
0.05990580739811092
0.0599145218482319
0.05991970344147835
0.0599248072714566
0.05993172351505644
0.05994147383068744
0.05995906557672667
0.05997953278836334
0.06
0.06000580739811092
0.0600136083546333
0.06002009852357515
0.06003307886145884
0.06005326548332397
0.06007428224506097
0.06009466855417044
0.06011747413905657
0.06014282750847473
0.0601730493496093
0.06020392591433761
0.0602371300679016
0.06026842818343971
0.06029709123923986
0.06032485589613736
0.06035388318065289
0.06038952441387806
0.06042101820120655
0.0604541259809189
0.0604845830276294
0.06051507458265507
0.06054815642557726
0.06058580965908603
0.06062832719456848
0.06066418286770404
0.0606919095558198
0.06071717235234217
0.06074790234603838
0.0607837995728803
0.06081063763893671
0.06083775748934621
0.06086792822860511
0.06090518411030042
0.06094780489329609
0.06098344848626499
0.06101369769073022
0.06104083663947167
0.0610662872663502
0.06109210142099084
0.0611215959260494
0.06114731303044416
0.06117872358345975
0.06120409300662337
0.06122637562831661
0.06124794111896431
0.06126946193764162
0.06129241652907328
0.06131922593165978
0.06136004337753691
0.06139729664256722
0.0614269726763399
0.06145640561021731
0.06148764737023892
0.06152337197714155
0.06156788507136453
0.06162440632287378
0.06170151739284992
0.061813905295814
0.06193441285437001
0.06207425222990944
0.06224341748852761
0.06249830241436826
0.06292043645032006
0.06340376659194318
0.0639521024919532
0.0645832318430458
0.06531357626825497
0.06617237740614022
0.06719328898943858
0.06841736417511084
0.0699
0.06990332532818701
0.06990997598456102
0.06992327729730903
0.06993368570707749
0.06994369267868844
0.06995550700806569
0.06996796265405675
0.0699804399101961
0.06999021995509805
0.07
0.07000332532818701
0.07000794974838245
0.07001719858877334
0.07002792324542274
0.07003905769111611
0.07005121121673143
0.07006200155519045
0.07007189606390313
0.07008179460187945
0.07009301402802118
0.07010485392685915
0.07011693350923082
0.0701271398921591
0.07013665860024185
0.07014567529149064
0.07015388211959017
0.07016122060652077
0.07016796015013978
0.07017461823073705
0.07018214076933421
0.0701894305489841
0.07019770434041009
0.07020491143710031
0.0702120370799122
0.0702197615059625
0.07022859901058827
0.07023958480849905
0.07025106337926301
0.07026226649106346
0.07027320442890085
0.07028501741572846
0.07029970592509271
0.07031182007212566
0.07032092770714353
0.07032901735256654
0.0703366575990703
0.07034447918065996
0.07035353727735795
0.07036870156065934
0.07038005719342294
0.070389493524401
0.07039921642959068
0.07040971580342004
0.0704225217594593
0.07043860530210609
0.07046064387225429
0.07049290653189784
0.07054230658475925
0.0705936495489274
0.0706384920655599
0.07067616321396913
0.07070959968796872
0.07073941448889923
0.07077699667199354
0.07081754531477062
0.07084875038873122
0.07087382381102487
0.0708965691411906
0.07091850757378305
0.07094838975019387
0.07097740075037773
0.07101609215433173
0.07105862122992225
0.0711038192582894
0.07114043087577154
0.07117963356513984
0.07122054744141468
0.07126517306491165
0.07131724105218215
0.07138130639472992
0.07146351404491381
0.07156240857069125
0.07163972733438287
0.07171198891142079
0.07181084993977792
0.07191861012710307
0.07202266465239017
0.07214077029721162
0.07224186296772801
0.07236155319440794
0.07250624285596767
0.07265825175026326
0.07286479688924807
0.07309482158506642
0.07341711247855914
0.07390643851467556
0.07459247974115402
0.0753748677274254
0.07626162578034427
0.07727523964314087
0.07843888946268654
0.0797849315124327
0.07990000000000001
0.07991203037304574
0.0799360911191372
0.07995968029664503
0.07998240017452247
0.08
0.08001203037304573
0.08002302794456105
0.08003620898190658
0.08005550827229592
0.08007246008226414
0.08009202411576025
0.08011538837674426
0.08013952561315803
0.08016306661511358
0.0801886892383355
0.0802203667970519
0.08026470976405997
0.0803266583650476
0.08039623760131875
0.08046326410955533
0.08053519489324473
0.08061826193054235
0.08072141990017996
0.08086400144052142
0.08109472997684428
0.08155618704949
0.082284173797634
0.0835204930533181
0.0859931315646863
0.08881479648656211
0.08990000000000001
0.08990358632108558
0.08991075896325673
0.08992510424759903
0.08993716579559284
0.08995188922377272
0.08996889430008742
0.08998604895985497
0.08999302447992749
0.09
0.09000358632108557
0.090007716306788
0.09001597627819286
0.09002759779529991
0.0900387339607925
0.09005226807014195
0.09006839675247046
0.09008376585495333
0.09010285630059708
0.09012205899666233
0.0901529762591105
0.090182330740576
0.09021020916710919
0.09024289655731324
0.09027200248521607
0.0903081638714205
0.09034498370531863
0.09038845846125272
0.09045187658092531
0.0905058675482332
0.09057348872301263
0.09065619430656724
0.09075434530387669
0.09086944839994776
0.09100100085303056
0.09117789716494268
0.09135527244189542
0.09159458462916908
0.09186997626478256
0.09195048031613133
0.09208312439629164
0.09221186740160903
0.09235316586424278
0.09257903490098862
0.09303077297448031
0.09343417638603616
0.09388306362558169
0.09432383232631653
0.09471894580802327
0.09515105148427598
0.09577915467734502
0.09661512864785414
0.09761360106897146
0.09832060990040234
0.09898188461197392
0.09963724047381972
0.0999
0.09990773485713927
0.09992320457141782
0.0999541439999749
0.09998065916070996
0.1
0.1000077348571393
0.1000169975528925
0.100033019309767
0.1000536117438858
0.1000726665991697
0.1000936767857349
0.1001170385588978
0.1001458276677089
0.1001732748317475
0.1002036787849191
0.1002419458294054
0.1002868970799515
0.1003216619804118
0.100356965783592
0.1003875176797312
0.1004158352668542
0.1004455821106271
0.100481652180285
0.1005216062020406
0.1005621998843326
0.1005996535362987
0.1006386152345551
0.1006820444861941
0.1007281114347236
0.1007797811938653
0.1008301109791205
0.1008777244435367
0.1009264320916235
0.1009798140708353
0.1010452791355916
0.1011276819796347
0.1012124258531108
0.1012859447686168
0.1013597762175125
0.1014391834925724
0.1015317897505394
0.1016434429925911
0.1017889013125975
0.1019905673686012
0.1022971027597185
0.1028476265193968
0.1036424254490207
0.1045654413601547
0.10561557893327
0.1068819644398128
0.1084263139078112
0.1099
0.1099037970363882
0.1099113911091646
0.1099265792547175
0.1099400345557218
0.109953933965117
0.1099717186641539
0.1099858593320769
0.1099929296660385
0.11
0.1100037970363882
0.1100076768639494
0.1100153638605002
0.1100250941058489
0.1100358281073861
0.1100457616141842
0.1100562324679024
0.1100681648376127
0.1100808247089934
0.1100949738923099
0.1101092719221734
0.1101250306062832
0.1101422257461306
0.1101601248150482
0.1101810371094894
0.1102050121351085
0.1102325131653308
0.1102558728274227
0.110281891903845
0.1103099289535235
0.1103419210596949
0.1103812330395086
0.1104151112516069
0.1104503934145393
0.110485265789569
0.1105214637186111
0.1105594876897819
0.1105954000285665
0.1106242635856658
0.1106480480419895
0.1106716181645879
0.1107056373976411
0.1107347674311288
0.1107590957625436
0.1107846010013162
0.1108130762673158
0.1108486066200846
0.1108978116539791
0.1109461467521893
0.1109855705555717
0.1110200578409321
0.1110530227679295
0.1110900032914229
0.1111149029423466
0.1111461199152323
0.1111728199064746
0.1111965991860801
0.1112202403384684
0.1112450403147864
0.111274679348873
0.111306117735558
0.1113406004350575
0.1113710514183558
0.1114015940709144
0.1114347658030545
0.1114740023400766
0.1115214752313772
0.1115842835749162
0.1116635278678373
0.1117426654654022
0.1118101745926403
0.1118693677548511
0.1119580060079473
0.1120569689341521
0.1121670052606156
0.1122884721881348
0.1124269385588847
0.1125999966807031
0.1128255996569581
0.1130510380738958
0.1132943688460226
0.1136148131412427
0.1140253550661608
0.1146994855034075
0.1154797310827017
0.1163698479421382
0.1174036456868513
0.1186278013188025
0.1199
0.1199052978487563
0.1199158935462688
0.1199370849412939
0.1199545095053633
0.1199712115690461
0.1199873212835639
0.12
0.1200052978487563
0.1200120011515165
0.1200222059609751
0.120035196612402
0.1200507953948206
0.1200638270565674
0.1200773172990712
0.1200914083457042
0.1201060363687105
0.1201221849746135
0.120140980661908
0.1201633520265082
0.120187483393329
0.120210865682631
0.1202371603929068
0.1202643273461014
0.1202937391366502
0.1203239625610248
0.1203559650635773
0.1203910101579063
0.1204308348726496
0.1204777894894636
0.1205356727535414
0.1205960257466713
0.1206583507305715
0.1207333296495501
0.1207946456625627
0.1208629243659916
0.1209254904491136
0.120986904826564
0.1210543423719588
0.1211309385039254
0.1212234328752278
0.1213320699071573
0.1214184807512841
0.1214881006789838
0.1215580468660821
0.1216322465891262
0.1217085865662407
0.1217771687099771
0.121849110963475
0.1219352976534516
0.1220359173067162
0.1221234235023417
0.1222025033567591
0.1222818826414214
0.1223821311518246
0.1224438997286627
0.1225055110796967
0.1225619065531148
0.1226157969066183
0.1226742906412997
0.1227465643489544
0.1228193004460481
0.1228994463392541
0.1229728333355417
0.1230473367399
0.1231289266377373
0.1232255752611497
0.1233426957457114
0.1234971517115775
0.1237133378177475
0.1240414245231567
0.1246302954803326
0.125408507290552
0.1262869556744462
0.1272960962892161
0.1284728477928677
0.1298741324912938
0.1299
0.1299052117591387
0.1299156352774161
0.1299324376209265
0.1299476488981393
0.129964540598502
0.1299821209725915
0.1299998064683037
0.13
0.1300003870633927
0.130001161190178
0.1300027094437487
0.1300058059508901
0.1300119989651728
0.130020529308125
0.1300321970865145
0.1300463100290856
0.1300590944783321
0.1300744894787575
0.1300909790866429
0.1301093053547146
0.1301312081502614
0.1301570748107594
0.1301858574729158
0.1302195997202548
0.1302570230641751
0.1302933175834438
0.1303293300470501
0.1303692521423533
0.130413870119562
0.1304573939859955
0.1304904275431906
0.1305182936801093
0.1305428725456329
0.1305653748025967
0.1305877842260929
0.1306129957465089
0.1306556102605746
0.130685516581713
0.1307103813092245
0.1307361379899437
0.1307640594702049
0.1307986561358767
0.1308366958538797
0.1308776929924456
0.1309260446240796
0.13096027919302
0.1309880997235095
0.1310146386970105
0.1310420977048296
0.1310758875631979
0.1311104072917439
0.1311480352651361
0.131182819084264
0.1312185713901481
0.1312582101591994
0.1313059354010988
0.1313649820887562
0.1314450468497879
0.1315616725828806
0.131735906634228
0.1319329491396284
0.1321502610862404
0.1324049284191899
0.1327063749160001
0.1330011602306027
0.1333042117744399
0.1336291077089145
0.1339867514044669
0.1343919381579913
0.1348579284108873
0.1354018047009609
0.1360180494428184
0.1367564150144727
0.1376151796781328
0.1385997143216604
0.1398351226291512
0.1399
0.1399018474482616
0.1399055423447848
0.1399129321378312
0.1399204160415926
0.1399289115593761
0.1399395141463868
0.1399506203650435
0.1399619814564871
0.1399744438161364
0.1399884467576044
0.14
0.1400018474482616
0.1400055423447848
0.140011730451025
0.1400207004488347
0.1400287774475693
0.1400377391253059
0.1400471241029094
0.1400561082269677
0.1400651953354393
0.1400750097864567
0.140086259831749
0.1400968911728873
0.1401070772361384
0.1401174431284066
0.1401285496333974
0.1401411651565498
0.1401541532194112
0.1401668288731537
0.140178905514175
0.1401913492037124
0.1402048145201956
0.1402207476442966
0.1402389381229092
0.1402611341644237
0.1402830480304055
0.1403055261129935
0.1403314378492313
0.1403581952038367
0.1403837970015542
0.1404051831079219
0.1404241652674665
0.140441107830784
0.1404561715327049
0.1404700487828907
0.1404836697762175
0.1404985344065691
0.140519105285776
0.1405384152272663
0.1405535965143416
0.1405685261499935
0.140584385586165
0.1406025416458351
0.1406246047870135
0.1406490099370447
0.1406750692123285
0.1407072670293855
0.1407353989698527
0.140764959092982
0.1408000832104907
0.1408293491097787
0.1408568306533033
0.1408845391072486
0.1409140620486063
0.1409475105524824
0.1409746703435749
0.1409966489329945
0.1410168113637369
0.141036387457236
0.1410569427228846
0.1410811365740893
0.1411209452124229
0.1411510449439748
0.141176070705549
0.1412016666570635
0.1412290185712801
0.1412618073998334
0.1413019794546946
0.1413551793315941
0.1414295357940389
0.1415415386962459
0.141707544994183
0.1418732369350379
0.1420356726893661
0.1421936726341762
0.1423460255039793
0.1425146890616736
0.1427923370724717
0.1432043432900153
0.1437445788894302
0.1443652214517613
0.1450785634658455
0.1459092848327777
0.1468966277862671
0.1480458438378832
0.1493852104411348
0.1499
0.1499027672783363
0.1499083018350089
0.1499193709483542
0.149935144166656
0.149950294240601
0.1499685139282776
0.1499842569641388
0.1499921284820694
0.15
0.1500027672783363
0.1500063135437587
0.1500134060746034
0.1500238259376417
0.150034335887759
0.1500436514735203
0.1500521357954301
0.1500603233875367
0.15006912237358
0.1500817314948707
0.1500929703414745
0.1501016264191508
0.1501097248885014
0.1501173534849461
0.150124345753447
0.1501306112522495
0.1501363130773953
0.1501418646351943
0.1501479776879489
0.1501580018115845
0.1501651488091078
0.1501710372839692
0.1501770943690627
0.1501836211742767
0.1501916196652988
0.1502016143334405
0.1502117253479479
0.1502210476966235
0.1502302289639873
0.1502404197327593
0.150249847502774
0.1502596473763177
0.1502674771811878
0.1502743294171282
0.1502808300711524
0.1502873218335236
0.150294470136317
0.1503041373932544
0.1503154451384992
0.1503236988385812
0.1503316119497244
0.1503400351980397
0.1503496111083124
0.1503616887829947
0.1503773190558411
0.1503992828360885
0.1504324975648498
0.1504741301861716
0.1505172486590668
0.1505631862612269
0.1506137744673975
0.1506727898506281
0.1507430788865876
0.1508330154966028
0.1509552537420592
0.1511056948102489
0.151216293108495
0.151303293187071
0.151369327339162
0.1514360155990066
0.1514963701546509
0.1515690466286278
0.1516836817698209
0.1517740628902536
0.1518685291075515
0.1519727864374031
0.1521088978792214
0.1523140955351908
0.1527094884918411
0.1531851959247224
0.1537177332137476
0.1543257063436628
0.1550235714134801
0.1558363195310112
0.1567787702087256
0.157872863248296
0.1591431361416952
0.1599
0.1599084997250539
0.1599254991751618
0.1599594980753775
0.1599833855351808
0.16
0.1600084997250539
0.1600183127825463
0.1600308697253355
0.1600488706541322
0.1600688135596116
0.1600883777251749
0.1601111841412409
0.1601361988920312
0.1601655312751677
0.1601947380270602
0.1602287209434364
0.160262703982382
0.1602954333632756
0.1603307826411696
0.1603823818810748
0.1604255882582569
0.1604589660923362
0.1604914954577215
0.1605243539798952
0.1605558314883625
0.1605821409757444
0.1606042612333996
0.1606263282945675
0.1606579065874985
0.160685541717469
0.1607084388334835
0.1607323197001909
0.1607588854653469
0.1607918101088913
0.160837071297021
0.1608869168962611
0.1609271167820938
0.1609611393866953
0.1609927810744743
0.1610261203595169
0.1610534305229422
0.1610868975543905
0.1611134289320117
0.1611365685676333
0.1611591747333554
0.1611824847667394
0.1612097156795755
0.1612570394292967
0.1612910811965932
0.1613196957200957
0.1613494529365447
0.1613817793304263
0.1614216206230246
0.1614723339439294
0.1615429588663209
0.1616488613672891
0.1618264646131684
0.1621772025430839
0.1625641227153771
0.1629881859498206
0.1634671069478266
0.1640090622940743
0.1646340661832092
0.165363157353782
0.1662201418987916
0.1672356176075255
0.1684600057263649
0.1699
0.1699041905475233
0.1699125716425698
0.1699293338326628
0.1699422011960949
0.1699572174840744
0.1699748253540804
0.1699874126770402
0.1699937063385201
0.17
0.1700041905475233
0.1700087328792619
0.1700178175427391
0.1700317573865822
0.170043899467594
0.1700572137192674
0.1700735124160074
0.1700943187664106
0.1701158064594467
0.1701406182932006
0.1701708835822303
0.1702127767080003
0.170252528001804
0.1702879934665686
0.1703214772353223
0.1703549727660633
0.1703932208994054
0.170430935902445
0.1704707533643443
0.1705032248645018
0.1705313973186996
0.1705565016711254
0.1705789350100874
0.1705999554933794
0.170621120022215
0.1706452115929533
0.1706705651633323
0.1706981292475603
0.1707216735391545
0.1707448348530667
0.170769729053111
0.1707980291923573
0.1708330411768579
0.1708769092283121
0.1709173461008418
0.1709771306093714
0.1710240741875419
0.1710700734262818
0.1711127080824318
0.1711536788689094
0.1711966130748172
0.171244684264738
0.1713051852537411
0.171369369265389
0.1714396967274311
0.1715022790208899
0.1715645241079262
0.1716312191859537
0.1717084473187996
0.1717995119808267
0.1719155546202836
0.1720665568180654
0.1722392700294098
0.1724151622683962
0.1725786628339701
0.1727610679325171
0.1729713889144885
0.1731553064015131
0.1733195104709332
0.1734990477359059
0.1736721282483597
0.173852677817928
0.1740239317117176
0.174206306485816
0.1743804738964254
0.1745654950560034
0.1746849448268695
0.1748384444981694
0.1749684394514942
0.1750881808867738
0.1752180107782119
0.1753828967601439
0.1755496008642758
0.1757226027222198
0.1758897670613701
0.1760667015870569
0.1762742369267356
0.1765230814261
0.1768555592925166
0.1773366560702737
0.1781112238572486
0.1795323456256929
0.1799
0.1799029721024292
0.1799089163072875
0.1799208047170042
0.17993180356619
0.1799409911913853
0.1799507417385446
0.1799620027514265
0.1799733451523616
0.1799836405357981
0.1799918202678991
0.18
0.1800029721024292
0.1800069040919925
0.1800147680711192
0.1800249247398658
0.1800347588677101
0.1800464024414901
0.1800588185938405
0.1800700136400445
0.1800806447345249
0.1800915584387125
0.180104501833009
0.1801154431633248
0.1801278267372961
0.1801386187492491
0.1801484027028263
0.180157387388063
0.1801653191516025
0.1801724201966821
0.180179173475682
0.1801863035850308
0.1801959257781806
0.1802058835284161
0.1802134038774082
0.1802207404949344
0.1802285796133673
0.1802376090161639
0.1802490931008283
0.1802619982208505
0.1802737751232854
0.1802848024406844
0.1802958257026599
0.1803085589274303
0.1803160132776047
0.1803247508947319
0.1803320091799983
0.1803382582642115
0.1803445515075265
0.1803516805627111
0.1803603003020562
0.1803690608264397
0.1803767002616598
0.1803845436563583
0.1803932789362465
0.1804037239351135
0.1804175738915987
0.1804321380007398
0.1804465786817176
0.1804619641873395
0.1804799124076414
0.1805008243540047
0.1805212113163564
0.1805418827777327
0.1805642035964615
0.1805889420679831
0.1806114012719688
0.1806318944824054
0.1806524763379231
0.1806770924800551
0.1806945958599686
0.1807135695489087
0.1807301664506959
0.1807451578631624
0.180759915363649
0.1807752081294896
0.180792878565516
0.1808222366513131
0.1808443248210479
0.1808626139518449
0.1808814155574381
0.1809016856435573
0.1809263768872603
0.1809573476408045
0.1809997455876604
0.1810618193006548
0.1811622397762657
0.1812685860479523
0.1813647418947549
0.1814408785366729
0.1815168295368945
0.1815853238318947
0.1816656849354256
0.1817864394135844
0.1818877774401435
0.1819866663642353
0.1821117180558835
0.1822652685834242
0.1825094690984039
0.1829486764219826
0.1834462004487928
0.18400245771002
0.1846366769825428
0.1853634616668401
0.1862124865641034
0.1872184066221571
0.1884338493760254
0.1898699859051148
0.1899
0.1899028341665703
0.1899085024997108
0.1899192023189014
0.189929211793619
0.1899403700331194
0.189954397127974
0.1899705217044647
0.1899926264874485
0.19
0.1900028341665703
0.1900062367262775
0.1900130418456921
0.190025621850857
0.1900359850946193
0.1900472106054105
0.1900605230563184
0.1900765843303911
0.19009673193357
0.1901181368291157
0.190142025182852
0.1901649053441063
0.190185831023948
0.1902060659148998
0.1902272693213104
0.1902541445960424
0.1902856100002867
0.1903076810838607
0.190326558175531
0.1903435061090892
0.1903583355902216
0.1903717689344872
0.1903845631825236
0.1903977767127497
0.1904138576490144
0.190427708240757
0.1904428415909248
0.1904568553574497
0.1904709781225793
0.1904864566565443
0.1905042574213478
0.1905263015696424
0.1905512088837535
0.1905765917195063
0.1906072875249189
0.1906338151005555
0.190662513665759
0.1906937310297281
0.1907206690335669
0.1907466001764211
0.1907731772871928
0.1908015646074878
0.1908340094053416
0.190876376812722
0.1909149456442414
0.1909563802709156
0.1909947297350583
0.1910331709699538
0.1910746573981063
0.1911228570085554
0.1911795317928688
0.1912513228752186
0.1913467994485155
0.1914473935147036
0.1915755199790199
0.191692109998201
0.1918000058183217
0.1919320060747528
0.1920894232889778
0.1922558122727188
0.1924195129732294
0.1925925381606312
0.1928071467032508
0.1931175463838302
0.1936690807186024
0.1943089662620633
0.1950385134805274
0.1958857003489317
0.1968747570505248
0.1980226365488161
0.1993605548281595
0.1999
0.1999072457548111
0.1999217372644333
0.1999374017817938
0.1999535591148323
0.1999695237669633
0.1999877580527069
0.2
0.2000072457548111
0.2000168166832057
0.2000294817599067
0.2000469614477995
0.2000643888931109
0.2000825394513196
0.2001026133637617
0.2001274993691387
0.2001581604133243
0.2001878459353904
0.2002190242671221
0.2002559892262698
0.2003048348435399
0.2003700335648384
0.2004394111347846
0.2005140072541534
0.2005976666435977
0.2006943940793847
0.2008024827244147
0.2009352468263525
0.2010928874752755
0.2012865951258862
0.2015441330175445
0.2019307982280132
0.2025928478119126
0.2034617268280052
0.2044137080556666
0.2051955728045625
0.2060466372506408
0.2067980242797448
0.2075321675272111
0.2083814720986371
0.2095056496693556
0.2099
0.2099128955584807
0.2099386866754422
0.2099693433377211
0.21
0.2100128955584807
0.2100289081765273
0.2100535092813414
0.2100823405785115
0.2101130808703904
0.2101468635522782
0.2101877354644959
0.2102369881335805
0.2102917162726819
0.2103527096187399
0.2104294375068393
0.2105324582113924
0.2106540722222627
0.2107826328802318
0.2109387382356518
0.2111109363630313
0.2113092833289407
0.211549987828285
0.2118401540448496
0.2122187231651066
0.2127762810794795
0.2138066939606017
0.2151209870584463
0.2168271131301392
0.2192024841859264
0.2199
0.2199029807144242
0.2199089421432726
0.2199208650009694
0.2199310558826449
0.219940328565125
0.2199506971120908
0.2199634926219224
0.2199747354832987
0.2199865018490344
0.22
0.2200029807144242
0.2200089421432726
0.2200175700334578
0.2200269102638252
0.2200375477940247
0.2200495864908979
0.2200633349127856
0.2200747411649696
0.220084761501422
0.2200951726816978
0.2201085350573571
0.2201226817720794
0.2201368709502253
0.2201513509581279
0.2201674707967469
0.2201874824364475
0.2202094342932919
0.2202313457533113
0.2202549673697913
0.2202822118512101
0.2203056816734915
0.220327326049685
0.2203493685431234
0.2203720792043689
0.2203934226983579
0.2204106944278378
0.2204251829526759
0.2204398587590667
0.2204624760562779
0.2204800765663825
0.2204950689494662
0.2205109672120675
0.2205287975653228
0.2205512803259471
0.220582546898446
0.2206192257015475
0.2206482071220172
0.2206719323959746
0.2206933775817779
0.2207147972471158
0.2207423631145929
0.2207606750403854
0.2207790355422953
0.2207956032457941
0.2208108650128807
0.2208262301599873
0.2208427636786799
0.2208634003524373
0.2208819086716553
0.2209025268004641
0.2209216962233034
0.2209411519079399
0.2209625323502804
0.2209879100226723
0.2210186324193028
0.2210591220542018
0.2211147189388291
0.2211668736324257
0.2212234847311776
0.2212958065353317
0.2213878895495874
0.2214709093681632
0.2215508848613492
0.2216432102695731
0.2217574254208802
0.2219694349487967
0.222326380827059
0.222730945006213
0.2231815807116455
0.2236916437123722
0.2242724580697103
0.2249448022094126
0.2257317909902849
0.2265106463120808
0.2272915732093168
0.2280922301721189
0.2290018674877777
0.2299
0.2299145188148877
0.229943556444663
0.23
0.2300145188148877
0.2300383087687586
0.2300668083000992
0.2301041298466983
0.2301426115111897
0.2301835529662787
0.2302343419330568
0.2302903562389452
0.2303551368339318
0.2304344388536474
0.2305267490938324
0.2306527993628827
0.2308354651303785
0.2310935943936105
0.2314580406391132
0.231931991533759
0.2325774878678514
0.2335353374528038
0.2342517993978188
0.2349493352838794
0.2356637595742506
0.2362479545440649
0.2368777192597945
0.2381372486912537
0.2399
0.2399070788294405
0.2399212364883214
0.2399495518060832
0.2399702840664622
0.2399851420332311
0.24
0.2400070788294404
0.2400166762965104
0.2400315155909805
0.2400493587642318
0.240068773323137
0.2400905704407686
0.2401172390706382
0.2401504443822694
0.2401890035643671
0.2402331463184229
0.2402837758187409
0.2403433125193281
0.2404134374546137
0.2404915673953686
0.2405803161688223
0.2406804750709639
0.2407918857978033
0.2409255085908273
0.2410906039935899
0.241289347843313
0.2415198245803186
0.2417862137883244
0.2420937345096355
0.2424490736344952
0.2428626683760139
0.2431900093784581
0.243530981579402
0.2438098051359448
0.2440521582433459
0.2442914126023035
0.2445570512707446
0.2449780796801737
0.245320920359774
0.2456053261501071
0.2458994085592536
0.2462224570181129
0.2466114595053869
0.2470073359606713
0.2474559675742501
0.248109821540657
0.2488570662180958
0.2494653179554221
0.2499
0.2499046277775464
0.249913883332639
0.2499323944428244
0.249951609271211
0.2499722259482879
0.249986112974144
0.25
0.2500046277775463
0.2500107993786805
0.2500224195731139
0.2500366354911576
0.2500527021428331
0.2500728654984107
0.2500912733553261
0.2501083047436222
0.250126905225021
0.2501486264795363
0.2501727870946749
0.2501974400810043
0.2502244909563502
0.2502546322087377
0.2502885736749588
0.2503242415576799
0.25036550259395
0.250415462084481
0.2504735910217096
0.2505224047781737
0.2505718019648439
0.2506263552199888
0.2506833449910121
0.2507383005842816
0.25079614441365
0.2508634003877926
0.2509614681345903
0.251072183147257
0.2511598271017118
0.2512473305906183
0.2513421147871869
0.2514527862781104
0.2515949911432113
0.2517813170558431
0.2520613743908995
0.2525405166051259
0.2531481916398887
0.2540247817378544
0.2548745277208229
0.2557018568944509
0.2566003745523903
0.2574106027177253
0.2581085697562915
0.2589443893236792
0.2599
0.2599065133157432
0.2599195399472297
0.2599369834705799
0.2599534744679205
0.2599727863696604
0.2599863931848302
0.26
0.2600065133157433
0.2600161930628605
0.2600260239108434
0.2600423245740003
0.2600615518352397
0.2600822653870711
0.2601048807977398
0.2601242651191093
0.2601416419769749
0.2601589447776744
0.2601790998822329
0.2601959427372637
0.2602148082375748
0.2602321463251906
0.2602492854842389
0.2602674154025624
0.2602860907338359
0.2603025896580696
0.2603154096194388
0.2603264839160964
0.2603384645803578
0.2603498499617443
0.2603623350689412
0.2603740030982721
0.2603862226565531
0.2604000620489494
0.2604169623865834
0.2604394805306495
0.2604694791878795
0.2604935600934171
0.2605127291340256
0.2605297080126095
0.2605460503152121
0.2605649516986058
0.2605785431437699
0.2605946318547142
0.2606085325406191
0.2606209383485701
0.2606329837989641
0.2606451192084982
0.26065844929363
0.2606761901362316
0.2606980992565242
0.2607136279628493
0.2607283526720091
0.2607439918992834
0.260761678477845
0.260783985775514
0.2608128688840295
0.260853584273255
0.2609155178245218
0.2610223648241273
0.2612215984709757
0.2614416804094553
0.2616648463448247
0.2618680575333859
0.2620187172972978
0.2621613411406922
0.2623044231386423
0.2625153850696457
0.2627138877820696
0.2629305681019554
0.2631774994803238
0.2635296657413856
0.2641458778021296
0.2648573489043503
0.2656647222868196
0.2665963730871355
0.2676819581158005
0.2687868605611909
0.269813353397109
0.2699
0.2699071914652197
0.2699215743956593
0.269945677975773
0.2699657738671414
0.2699828869335708
0.27
0.2700071914652198
0.2700171529677957
0.2700348624532342
0.2700529747991716
0.2700729567686221
0.2700953461718751
0.270123394808389
0.2701578668473906
0.2701965848008117
0.2702404172012548
0.2702949712219487
0.2703537307168818
0.2704170248256221
0.2704928967412252
0.2705867859443569
0.2707084754113067
0.2708560120373485
0.2710325760360428
0.2712459724005511
0.271526274887271
0.2719008327180713
0.272445825951825
0.2731437161646184
0.2737984029279621
0.2743711183232943
0.2751265268689143
0.2756587603877149
0.2762648007343005
0.2771213323744876
0.2780541811617371
0.2788506032671835
0.2797860912291936
0.2799
0.2799111382497184
0.2799334147491551
0.2799543969677978
0.2799753080752801
0.27998765403764
0.28
0.2800074602698038
0.2800159103483531
0.2800268240469794
0.2800436084284113
0.2800572409957493
0.2800716781957878
0.2800901652277528
0.2801132384797365
0.2801320697787116
0.2801521206268502
0.2801750950747213
0.2802050407079375
0.280245727759372
0.2802910173757015
0.2803454735103796
0.2804173116353597
0.2805187050111967
0.2806354392695154
0.2807732922291036
0.2809430186887109
0.2811664790652034
0.2814665345190412
0.2818753990263043
0.2823537509510372
0.283039840109532
0.2840024434462605
0.2847471876379002
0.285593206439735
0.2862876082159664
0.2869658626637461
0.2877372080743048
0.2887176361269536
0.2899
0.2899045635608976
0.2899136906826927
0.2899319449262829
0.2899476517006045
0.289964909665294
0.2899843291304961
0.29
0.2900045635608975
0.2900113083710313
0.2900231704218317
0.2900371071873558
0.2900496463512734
0.2900640793037464
0.2900800617973539
0.2900979427523768
0.2901150803698163
0.2901344463009807
0.2901575718319115
0.2901896635622064
0.2902221265422488
0.2902556211068214
0.2902960515934404
0.2903535937953409
0.2904042162161131
0.2904518699801962
0.2905050898994554
0.2905654908500177
0.290644245201962
0.2907594338185302
0.2909070535676704
0.2910760166689743
0.2912653099785824
0.2914730107926118
0.2916954935615465
0.2919313923811886
0.2921792564164728
0.2924893707088885
0.2927471401119562
0.2930061918369585
0.2932515150365712
0.2935031831574188
0.2937825376507907
0.2941167531386973
0.2944384462340315
0.2947251280786656
0.2950276188116922
0.2953443900741288
0.2956109574495357
0.2958630445846089
0.2961589626414997
0.2964134441853201
0.2965992088051912
0.2967750021935852
0.2969707975462305
0.2972831498364027
0.2975599978771428
0.2978000728096091
0.2980557054246468
0.2983448205191593
0.2987087504031247
0.2992171704109972
0.2999
0.2999049045285332
0.2999147135855996
0.2999343316997323
0.2999550540612396
0.2999758967824492
0.2999879483912246
0.2999999999999999
0.3000049045285331
0.3000105565743028
0.300021860665842
0.3000385517223207
0.3000619065685046
0.3000866001590886
0.300111249142769
0.3001383668285086
0.3001704197442279
0.3002014545202443
0.3002300680482255
0.3002582775091215
0.3002890824929568
0.300336237275699
0.3003713508623775
0.3003975152242797
0.3004203545173909
0.3004401256214461
0.3004581314126742
0.3004759219939805
0.3004956642886182
0.3005274973312493
0.3005513115361982
0.3005709468716734
0.3005911601468245
0.3006130591764136
0.3006400091250111
0.3006701747691628
0.3007006401218061
0.3007361114889246
0.3007588247167425
0.3007821330953759
0.3008018333078996
0.3008197141651177
0.3008388571792043
0.300864006613733
0.3008965474491617
0.3009203737223614
0.3009438476810795
0.3009697317806424
0.3010004066394886
0.3010420080720411
0.3010955111578535
0.3011610153494871
0.3012164105703348
0.3012702743682471
0.3013276514266177
0.3013917417387463
0.3014687838495493
0.3015631625406696
0.3016879922736326
0.3018291419350774
0.3020158604345318
0.3022938476828783
0.3027102853112812
0.3031866197145832
0.3037294837827341
0.3043556372249278
0.3050837989615148
0.3059489858442622
0.3069727429203289
0.3081995332111857
0.3096281847839867
0.3099
0.3099114633512062
0.3099343900536185
0.3099656982648176
0.3099828491324088
0.31
0.3100114633512062
0.3100244264882623
0.3100402359280708
0.3100640120337469
0.3100886301190454
0.3101159175791767
0.3101463923401798
0.3101808755497584
0.3102201349843766
0.3102635308033829
0.3103089164066487
0.3103559382223826
0.3103957569656479
0.3104310785415409
0.3104670629770513
0.3105096194575744
0.3105613053471512
0.3106150682663427
0.3106639898632421
0.3107151931346244
0.3107745077428963
0.3108454757607315
0.3109409883234689
0.3110810336893653
0.3113154307002007
0.3117842247218713
0.3121954833523943
0.3125124896496822
0.3128637629220802
0.3131296966778127
0.313436844613992
0.3137785218418239
0.3141342259602981
0.3147062608378027
0.3155374935314404
0.3168556382579204
0.3184388056509728
0.3199
0.3199096868161626
0.3199290604484879
0.3199678077131385
0.3199839038565693
0.32
0.3200096868161627
0.3200198980801733
0.3200368360303384
0.320060642596765
0.3200833424319483
0.3201079433818564
0.3201363495071539
0.3201678037333545
0.3202014751813184
0.320239308714149
0.3202823398622269
0.3203349634203258
0.3203911335817555
0.3204588855695478
0.3205530933567659
0.3206702837660388
0.3208288063890101
0.3210259047744546
0.3213097319315013
0.3216365221683143
0.3221394385384037
0.3227971630128991
0.3237950160064938
0.3253764974968138
0.3272372657208066
0.3292792942068354
0.3299
0.3299090687256283
0.3299272061768848
0.3299520616551063
0.329975260850532
0.33
0.3300090687256283
0.3300213096933467
0.3300380657991568
0.3300590855386585
0.330082011366671
0.3301073149967433
0.3301382608552548
0.3301751660809492
0.3302197244213215
0.3302682036770422
0.3303253844980839
0.3303767988638517
0.3304173280736302
0.3304515973839377
0.330482380739226
0.3305123509371372
0.3305452558490534
0.3305933965974686
0.330632951048502
0.3306620275341199
0.3306870401181939
0.3307086799029167
0.3307280797584263
0.3307467174034727
0.3307662046887322
0.3307903606544489
0.3308115164454838
0.330833757966176
0.3308545396907979
0.330875652960232
0.3308989146577407
0.3309258675500691
0.3309594063566262
0.330995152684615
0.331036670621624
0.3310827351449441
0.3311229688038853
0.3311683293420939
0.3312077335435403
0.3312449871073444
0.3312834431032025
0.3313252470811335
0.3313751691228854
0.3314523644580071
0.3315237166762074
0.3315806742724776
0.3316370173983443
0.3316963077973203
0.3317651066350935
0.331847055347406
0.3319524661021867
0.332095269668362
0.3323024516681572
0.3326368376197424
0.3330447373906134
0.3335070430421794
0.3340373737582334
0.3345459036841581
0.3351424671421643
0.3356605734341285
0.3361284836265622
0.336705610451029
0.3378598640999625
0.3392677768644822
0.3399
0.3399048616213534
0.3399145848640603
0.3399279110348494
0.3399407021188305
0.3399542650280737
0.3399704025752177
0.3399865887596618
0.34
0.3400048616213535
0.3400115960460178
0.340021177401047
0.3400346648407582
0.3400489190976146
0.3400647969179649
0.3400824366302449
0.3401038570724623
0.3401237463979923
0.3401451700225537
0.3401664840950926
0.3401895590387007
0.3402240216848066
0.3402506978453037
0.3402726124796558
0.3402945714276578
0.3403175115264683
0.3403415030735618
0.3403627565559131
0.3403791216661217
0.3403932306651383
0.3404085498254293
0.3404228765229718
0.3404386089946552
0.3404534132214347
0.340468966562466
0.3404866367649927
0.3405082968551867
0.3405372847248853
0.3405713810822147
0.3405987029132083
0.3406213419267829
0.3406420199910939
0.3406629166053793
0.3406906344727468
0.3407156594273261
0.3407333092322196
0.3407488296199475
0.3407635342511526
0.3407784796365538
0.340795627986656
0.3408220409674559
0.3408449794392304
0.3408635197184294
0.3408822013631733
0.3409021887261953
0.3409260936885154
0.3409555226435044
0.3409951072379286
0.3410517917354995
0.3411101446814516
0.3411707366613131
0.3412347378808073
0.3413110286689626
0.3414086470076018
0.3415472066442294
0.3417687012417946
0.3420368448423218
0.3423699193141366
0.3427474414448873
0.3431753297401429
0.3436662236615185
0.3442332118545214
0.3448934201565559
0.345667100116972
0.3465796207725115
0.3474953496158572
0.3484268219396407
0.3493778755019012
0.3499
0.3499026564326443
0.3499079692979329
0.3499185950285101
0.3499299795790283
0.3499428553970453
0.3499587763152912
0.3499760731624721
0.3499880365812361
0.349994018290618
0.3499970091453091
0.35
0.3500026564326443
0.3500047223047081
0.3500088540488357
0.350017117537091
0.3500276150616195
0.3500392425797121
0.3500535868266453
0.3500715082477776
0.3500906796224768
0.3501144265770212
0.3501441375899433
0.3501777725198434
0.3502101199700124
0.3502392095820354
0.3502665142878034
0.3502939637986098
0.350325434213026
0.3503711305996215
0.3504032651280586
0.3504288760624797
0.3504517274956196
0.3504715813292245
0.3504895237353171
0.3505066639923445
0.3505243697763403
0.3505457983170498
0.3505640629805123
0.3505846476088513
0.3506036242841634
0.3506226652412028
0.3506434912343214
0.3506673676268793
0.3506968740648176
0.3507325421318409
0.3507660238246493
0.3508109559500444
0.3508477288168135
0.3508857027000037
0.3509223764649625
0.3509565411547412
0.3509912051499812
0.3510282853167748
0.3510707644753791
0.351127290686533
0.3512048263843697
0.3512600240214901
0.3513106623941059
0.3513635753388479
0.3514215092805508
0.3514918568957714
0.351578926976533
0.3516946160944902
0.3518575885129625
0.3521083451406843
0.3524066030738398
0.3526765871079907
0.3529382367007002
0.353189742232952
0.3534769362298311
0.3538226610612926
0.3544045382070066
0.355174372707543
0.356077685835703
0.3571212473408596
0.3583205661849992
0.3597070764754828
0.3599
0.3599033637422031
0.3599100912266092
0.3599235461954214
0.3599389336176815
0.3599551410190314
0.3599708762249408
0.3599844574195093
0.3599922287097547
0.36
0.360003363742203
0.3600070754196859
0.3600130254442286
0.3600206850341664
0.3600282340193524
0.3600355986162074
0.3600436406443303
0.3600543234075808
0.3600657052276476
0.3600759161064608
0.3600860841901349
0.3600964539938231
0.3601049423930789
0.3601129788653784
0.3601216343160885
0.360132798022351
0.360144204463392
0.3601556242181673
0.36016676792172
0.3601786334211565
0.3601925916846919
0.3602093923637943
0.3602318371387925
0.3602609214346427
0.3602953942165885
0.360324822495885
0.3603525776208719
0.36038144844245
0.3604123063728099
0.3604438193523033
0.3604705812678909
0.360491250936826
0.3605095886072164
0.360530413173154
0.360549641558501
0.3605695847009851
0.3605889285812629
0.3606094581847207
0.3606338791397021
0.3606630095575518
0.3607021764242342
0.3607413971523413
0.3607732738734458
0.3608009817327104
0.3608273310305573
0.3608563424832266
0.3608762724133466
0.3609027143810413
0.3609248823924554
0.3609443225730694
0.3609633654175896
0.3609828227113527
0.3610049761978767
0.361038542436198
0.3610686257270042
0.3610928243264769
0.3611171549673025
0.3611432203294777
0.3611743914719515
0.3612128048155148
0.361264681820148
0.3613392911523869
0.3614094835579577
0.3614738196651578
0.3615470370249901
0.3616659381272582
0.3617634821685372
0.3618640748791686
0.3619727597203244
0.3621122579539962
0.3623182701491049
0.3626975282604921
0.3631471057548323
0.363649176959076
0.3642199458917303
0.3648716712932519
0.3656282487370252
0.3665185550371328
0.3675773590988232
0.3688600382571735
0.3699
0.3699096743916647
0.369929023174994
0.369946226534666
0.369966132669007
0.3699828472322934
0.3699914236161467
0.37
0.3700067408906923
0.3700142942991926
0.3700240522530436
0.370038226045027
0.370051211081028
0.3700661224483215
0.3700841284096176
0.3701030482287911
0.3701206447137887
0.3701399974072534
0.3701636352807672
0.3701940722094351
0.3702444982609962
0.3703058400401893
0.3703749360088746
0.3704583128904156
0.3705614637652633
0.3707036860470843
0.3708396142133504
0.3710048894433647
0.3712344025233146
0.3716146620048003
0.3723289242105653
0.3733501577885504
0.374915839073419
0.3776881203637169
0.3799
0.3799060281448962
0.3799180844346886
0.3799421970142733
0.3799597488569333
0.3799783888685791
0.38
0.3800060281448962
0.38001511136015
0.3800273324198146
0.3800428569498733
0.3800589886626522
0.3800781521450937
0.3800995862616873
0.3801246192679674
0.3801539147905431
0.3801882690789266
0.3802287089253567
0.3802764518768034
0.3803331539259281
0.3803971315988277
0.3804695874387544
0.3805509864001151
0.3806442485950322
0.3807499972264449
0.3808759508118141
0.381016467005495
0.3811814532628025
0.381378022784371
0.3816382552945473
0.3820072136815675
0.3825891564618605
0.3833069282066001
0.3841966784171986
0.385309924489705
0.3867054567788952
0.3884566348641622
0.3899
0.3899067884714019
0.3899203654142058
0.3899362660963533
0.3899515885064516
0.3899696377910044
0.3899848188955022
0.39
0.390006788471402
0.3900166160305236
0.390027879458817
0.3900415874066868
0.39005623270955
0.3900751670187688
0.3900962820434733
0.3901128155297488
0.390128375055316
0.390145796317819
0.390166293822326
0.3901888277316405
0.3902110887201785
0.3902349084308543
0.3902635893063615
0.3902961076961409
0.3903291223104834
0.3903657085387648
0.390408334941005
0.3904601852315567
0.3905183347141094
0.390582300375284
0.3906612541001567
0.3907678247881984
0.3909098257044283
0.391008221348769
0.3911025697912162
0.3911958893854282
0.3913374750113977
0.391489539367357
0.3916245765743914
0.3917731850743848
0.3919651420345035
0.3923012764506401
0.3927475179456765
0.393255943741078
0.3938090973280027
0.3943531514358515
0.3949021812426943
0.395490408260439
0.396207748548574
0.3969265524063333
0.3976566048391513
0.3983199137835329
0.3989923287376478
0.3997313126316185
0.3999
0.3999024685895232
0.3999074057685695
0.3999172801266623
0.3999293810900323
0.3999449008507205
0.3999605671911303
0.3999776822728537
0.3999888411364269
0.3999944205682134
0.3999972102841067
0.4
0.4000024685895232
0.4000049371790464
0.4000098743580928
0.4000197487161855
0.4000329945697815
0.4000491466085915
0.400071033703612
0.4000949462258579
0.4001222845076242
0.400152257965727
0.4001859044481757
0.4002242567267085
0.4002676619112903
0.4003123478802147
0.4003573437747259
0.4004042852549466
0.4004477413532693
0.4004907090274939
0.4005301362907157
0.4005638743415808
0.4005927823691096
0.4006191703083255
0.4006471426313901
0.4006896297284809
0.4007255088308601
0.4007557645301043
0.4007871001202106
0.4008178836837647
0.4008510007547413
0.400892287674513
0.4009507934636638
0.4009957073056807
0.4010357366128401
0.4010780125962238
0.4011264777144242
0.4011726094943697
0.4012141665199369
0.4012579042494735
0.401309983990627
0.4013727087501907
0.4014410512830001
0.4014992233922752
0.4015507758176776
0.4016009339045173
0.4016580836745682
0.4016970234002205
0.4017422614916482
0.4017812500997338
0.4018164809241322
0.4018520644284537
0.4018905278451905
0.401938956083984
0.4019833678302575
0.4020333444568663
0.4020798310754214
0.4021269628689833
0.4021785857385249
0.4022395357339602
0.402312838896321
0.402408599286216
0.4025409637736771
0.4027395879165533
0.4030718472037094
0.4035855407853895
0.40416585636391
0.4047378211809853
0.4052457493277881
0.4058384421599485
0.4064754824281347
0.4071868068679142
0.4082273706356752
0.4095662506170134
0.4099
0.4099041923067896
0.409912576920369
0.4099293461475276
0.4099448620685637
0.4099613060528408
0.409981883659628
0.41
0.4100041923067897
0.410012576920369
0.4100263864394819
0.4100415367948092
0.4100565723473237
0.4100745219803949
0.4100974042190211
0.4101216718025317
0.410146962429505
0.4101697386528415
0.4101911091893807
0.4102131897087635
0.4102403672555167
0.4102622832003036
0.4102855346297852
0.4103060295975586
0.4103242915506051
0.4103408527582102
0.410355800353697
0.4103698755729921
0.4103842540971243
0.4104013948356655
0.4104160796120214
0.4104328660013601
0.4104483266608833
0.4104639091342834
0.410481065037504
0.4105009181421838
0.4105249990603985
0.4105485480479319
0.4105733168542836
0.4106085397016305
0.4106344211474721
0.4106530000496
0.4106698089489486
0.4106861413044447
0.4107041505390588
0.4107293931551801
0.4107578426704187
0.410779498125766
0.4108007064615554
0.4108234079934081
0.4108501757605678
0.4108829612267129
0.4109222087484409
0.4109586147734381
0.4109921555689778
0.411024442475353
0.4110576458311862
0.4110973949322981
0.4111316270929339
0.4111711086957069
0.4112072282736616
0.4112433574309117
0.4112828400283465
0.4113280795541196
0.4113841252557986
0.4114545584869603
0.4115182826239351
0.411610389181677
0.4116835824334855
0.4117458000524177
0.4118079951671014
0.4118739708951671
0.4119526503250555
0.4120771924438505
0.4121924872450205
0.4122867832436093
0.4123815891616976
0.4124826193238025
0.4126010763076153
0.4127446708317648
0.4129331699590808
0.4131961608827133
0.4135962662565426
0.4141631207362355
0.4148111415286224
0.4155546266918919
0.4164245537692641
0.4174383732967371
0.4186483684858759
0.4199
0.4199083611165709
0.4199250833497128
0.4199424753313622
0.4199591002483272
0.4199815122522955
0.42
0.4200083611165709
0.420019445759245
0.4200290883598228
0.4200452301016116
0.4200619073213093
0.4200801210736628
0.4200966250441893
0.420111829200835
0.4201272979535796
0.4201457668392649
0.4201678234983738
0.42018536520732
0.4202012458113657
0.4202176094098067
0.4202354702573458
0.4202563850128033
0.4202767054573297
0.4202921615047817
0.4203043470877136
0.4203163537592726
0.4203354748898799
0.420349375824598
0.4203615320278506
0.4203746076962949
0.4203901268883463
0.4204095719593384
0.4204378832708464
0.4204608134916091
0.4204790867744493
0.4204952422977098
0.4205104507839094
0.4205269052415754
0.4205422338005679
0.4205598204171618
0.4205736218465319
0.420585643670436
0.4205970506303133
0.4206082133863902
0.4206199502405819
0.4206336495560285
0.4206573834738291
0.4206742601723911
0.4206882502690896
0.4207026331129202
0.4207180245984781
0.4207366633962035
0.4207597625205436
0.4207907714014097
0.4208348141350843
0.4209025620280534
0.4210212106801703
0.4212064768798651
0.4214143276111179
0.4216486505952374
0.421916884541971
0.4222255470715778
0.4225850402295659
0.4230058410856342
0.4234992401516976
0.4240784334170398
0.4247593884415736
0.4255554685300764
0.4264991461221507
0.4275988322582435
0.4289541005104942
0.4299
0.4299067702260251
0.4299203106780752
0.4299355260021285
0.429951282805527
0.4299663425250951
0.4299830290895085
0.43
0.4300067702260251
0.4300162329406645
0.4300319527745332
0.4300486778648111
0.4300654571373657
0.4300829019125266
0.4301020618520812
0.4301267556061281
0.4301584557397649
0.4301933896637709
0.4302351043412115
0.4302805377584262
0.4303306461986675
0.430383567508832
0.4304463138770009
0.4305203164415248
0.430595708017068
0.430672897781288
0.4307574012186057
0.4308705963073839
0.4309767832123364
0.4310617518892724
0.4311454991061842
0.4312347071497893
0.431325055305865
0.4314038723475337
0.4314685786220872
0.431529189279553
0.4316029449577233
0.4316947720422983
0.4317607824034134
0.4318259680723271
0.4318975070696118
0.4319851566813218
0.4320855652027051
0.4321734511665593
0.4322545116785579
0.432339900968545
0.4323998420539272
0.432479291285788
0.4325433254053843
0.4325997653636208
0.4326573950796647
0.4327215754423229
0.4328140994367817
0.4329113988581542
0.4329883715971503
0.4330655705084993
0.4331491070807126
0.4332489475898206
0.4333735903602657
0.4335454760052272
0.4338030730999798
0.4342379098571086
0.4348337566888871
0.4354133856947804
0.4359957979691664
0.4366659763914646
0.4375125055121607
0.4387891303723574
0.4399
0.4399059311954
0.4399177935862
0.4399415183677999
0.4399669004872422
0.4399834502436211
0.4399917251218105
0.44
0.4400059311954
0.440011679163281
0.4400231750990432
0.4400439033310234
0.4400689719737644
0.4400947588644727
0.4401171595480904
0.4401363380276543
0.4401537261487469
0.4401705892916397
0.4401875987871598
0.4402057973540891
0.4402301950839029
0.4402489131244786
0.4402648818321143
0.440279350384826
0.4402920287994798
0.4403033740062769
0.4403140050687244
0.4403247199622012
0.4403361370321213
0.440348138331908
0.4403617317248615
0.4403734431008208
0.440384973204034
0.4403973122645874
0.4404099045484736
0.4404237431251097
0.4404397288079322
0.4404594376121858
0.440478965115833
0.4404981046999145
0.4405193240691605
0.4405411893473404
0.4405604211654779
0.4405756161963905
0.4405892568007338
0.4406025659746335
0.4406167905205535
0.4406347681028429
0.4406588556719032
0.4406771294169371
0.440693987747056
0.4407117849769511
0.4407316668633632
0.4407564035011217
0.4407880320726178
0.4408200419757423
0.440851923320209
0.4408855952965833
0.4409225356283186
0.4409659722855032
0.4410176882531684
0.4410837796115649
0.4411730172159861
0.4413033282054716
0.4414548009759748
0.4416421296195511
0.4418860865645334
0.4421836626846645
0.442525478669358
0.4429192952628865
0.4433747401715252
0.4439044082694139
0.4445243832192372
0.445254357012788
0.44612397204832
0.4471361294599518
0.4483116731532065
0.4496774469882811
0.4499
0.4499056949483317
0.449917084844995
0.4499398646383218
0.4499577894665487
0.4499780054467129
0.45
0.4500056949483317
0.4500149247822047
0.450026679468414
0.4500443698562044
0.4500646090903628
0.4500866222441309
0.4501131709574346
0.4501414177161258
0.4501690223442185
0.4501953112182281
0.4502217130981926
0.4502514419326528
0.4502917857863987
0.4503235997130605
0.4503513134215592
0.4503797416634778
0.4504103696276475
0.4504423853170216
0.4504703524475578
0.4504917435178925
0.45051020298421
0.4505303947856497
0.4505489174398527
0.4505692683424626
0.4505886225444231
0.450608912712167
0.450632916805735
0.4506611818535113
0.4506989058176045
0.450738160441398
0.4507701238744287
0.4507977561633981
0.4508239195198012
0.4508523342845212
0.4508727522307943
0.4508996977508237
0.4509218986744017
0.4509412687879403
0.4509601677532428
0.4509794078327113
0.45100120748478
0.4510335231841388
0.4510638653492073
0.4510879818689768
0.4511120509896069
0.451137779967457
0.4511683981941177
0.4512059662397791
0.4512565196412149
0.4513289042473136
0.4514427856659646
0.4516481502869421
0.4519251247345737
0.4522325127608086
0.4525780932881021
0.4529701058256978
0.4534189697857172
0.4539388446714901
0.4545445270988377
0.4552532206072853
0.4560864552956359
0.4570726153578059
0.4582603277637058
0.4596561285051982
0.4599
0.4599093704376956
0.459928111313087
0.4599630216166376
0.4599815108083188
0.46
0.4600093704376957
0.4600207030334581
0.4600386882099609
0.4600604957292388
0.4600829866822714
0.4601085534021828
0.4601384342055124
0.4601757844657524
0.4602181381586968
0.4602708146168574
0.460329035734664
0.4603939844539447
0.4604676015795792
0.4605537647563746
0.4606590700189143
0.4608009498882047
0.4609885835278921
0.4612729804802935
0.4616801963898832
0.462217740865362
0.462950836592821
0.4639725315107119
0.4650297832031218
0.4660813363993748
0.4672010689839378
0.4681550031360333
0.4689746117224892
0.4699
0.4699072884054452
0.4699218652163355
0.4699510188381162
0.4699741271492393
0.47
0.4700072884054452
0.4700196216633408
0.4700345486930538
0.470056192082287
0.4700785464357319
0.4701058699650048
0.4701366564058653
0.4701708877148313
0.4701995384977506
0.4702238824551903
0.4702460977366791
0.4702676567360612
0.4702911228071304
0.4703252149754131
0.4703546178528622
0.4703765565731178
0.47039585520128
0.4704127681634617
0.4704277136314793
0.4704415614087401
0.4704552513390851
0.4704703866881073
0.4704938255537287
0.4705124058970957
0.4705274003566909
0.4705425304007883
0.4705587085037816
0.4705776436893369
0.4706017463839331
0.4706273140750926
0.4706563018435275
0.4706897242081537
0.4707183247578641
0.4707503648218172
0.4707824468752148
0.4708107245459436
0.4708384455075884
0.4708671063670315
0.4708982405475927
0.4709348031941438
0.4709874300908013
0.4710436187503718
0.4710860741442229
0.4711268384256893
0.4711696029338913
0.4712173730272946
0.4712758212845939
0.471348683787214
0.4714460976068262
0.4715844050609989
0.4718003987841137
0.4720937717068105
0.4724265888648653
0.4727481544404084
0.473094620978434
0.4734479223014711
0.473758773346442
0.4741054444474179
0.4747889756372011
0.4756392573378151
0.4766258005694228
0.4777637510489959
0.4790696674236705
0.4799
0.4799026013483417
0.479907804045025
0.4799182094383918
0.4799286641643604
0.4799375107382136
0.479946971460241
0.4799579976556848
0.4799691287944086
0.4799794856359352
0.479990968045487
0.4799954840227435
0.48
0.4800026013483417
0.4800052116357186
0.4800104322104724
0.4800188799619002
0.4800275926810879
0.4800383344066003
0.4800498361564825
0.4800633294109498
0.4800765467306795
0.4800909385547106
0.4801076007643887
0.480125673134376
0.4801461639916854
0.4801671263107067
0.4801910593404574
0.480216547992609
0.4802405214055571
0.4802618397427099
0.4802833872079645
0.4803065251849732
0.480331031718892
0.4803534737078416
0.4803706308450951
0.4803847419328902
0.4803991816072246
0.4804153372148285
0.4804316711501733
0.4804462200722056
0.4804614141206484
0.4804785206832088
0.4804995722847997
0.4805181034987518
0.4805354489702886
0.4805540972681404
0.4805785156978954
0.4806005592281756
0.4806206035632145
0.4806407420344379
0.4806642734358738
0.4806826066603427
0.4807016660813535
0.4807180313436421
0.4807327852628451
0.4807472105330749
0.4807620905050977
0.4807791610865123
0.4808062066106056
0.4808282141869515
0.4808461887644681
0.4808644613985086
0.4808840708250278
0.4809077120050415
0.4809370475702882
0.4809768012422336
0.4810342478356632
0.4810945820640397
0.481149312075242
0.4812047731283488
0.4812724776691516
0.4813753872309828
0.4814589692925818
0.4815383376057736
0.4816349344104636
0.481751332936108
0.481927035175014
0.4822603009491955
0.4826389407962791
0.4830611400196975
0.4835416649361431
0.484089263271356
0.4847234970405569
0.4854658267099922
0.4863411340334474
0.4873815893148483
0.4886398994817575
0.4899
0.489907804559856
0.489923413679568
0.489954631918992
0.4899805811256643
0.49
0.490007804559856
0.4900168790379199
0.4900346197027045
0.4900596312695299
0.4900844793546336
0.4901129172409149
0.4901459451346452
0.4901839935883851
0.490224604804948
0.4902713126674813
0.4903287154613032
0.4904059189096812
0.4905091167509852
0.4906409273209897
0.4908088546055472
0.4910324987056847
0.4913621041622461
0.491951738071311
0.4931310058894409
0.4952644524180313
0.4990189260087193
0.4999
0.4999041292527026
0.4999123877581076
0.4999289047689178
0.4999464806014126
0.499965146120259
0.4999859256784086
0.5
0.5000041292527025
0.5000101971108005
0.5000223328269965
0.5000384745211528
0.5000545651977528
0.5000720552445007
0.500091245150551
0.5001131963399941
0.5001358806042718
0.5001618994942482
0.5001897096732606
0.500223301999305
0.5002571984267108
0.5002938992703257
0.5003384158262663
0.5003958626691235
0.5004644349947991
0.5005537121379046
0.5006857823547526
0.5008266975669021
0.5010426472312454
0.5012632639050575
0.5014220536022352
0.5015625244939539
0.5016675299312479
0.5017713144721262
0.5018628507784122
0.5020378450292795
0.5021839391025562
0.5023281248570249
0.5024836790516503
0.5026778850346143
0.5029581557483346
0.5034527214700071
0.5044418529133521
0.5055909856461676
0.5069273807130278
0.5084768055859696
0.5099
0.5099049536434692
0.5099148609304076
0.5099346755042844
0.5099534029727816
0.5099735227908766
0.5099867613954383
0.51
0.5100049536434692
0.5100110177261462
0.5100231448170363
0.5100377583134081
0.5100528302902431
0.5100690794434352
0.5100877184054665
0.5101066357750803
0.5101272485433342
0.5101515658043042
0.5101834082522355
0.5102246187803078
0.5102656805848345
0.5103072121480277
0.5103494679957384
0.5103962037742348
0.5104542963115999
0.5105057568051796
0.5105900792334608
0.5107285834992603
0.5109064561628429
0.5111273556216195
0.5114290796043688
0.5116597156649698
0.5119354314883447
0.5121435629114502
0.512349317604862
0.5125491542276998
0.5127484807079785
0.513081287413071
0.5134985526462978
0.5143330831127515
0.5153608263850727
0.5166006847989364
0.5180886404099592
0.5199
0.5199026040939838
0.5199078122819514
0.5199182286578865
0.5199278230045319
0.5199381668229411
0.5199520007710127
0.5199669829693384
0.5199834914846693
0.5199917457423346
0.5199958728711673
0.52
0.5200026040939838
0.5200052080025138
0.5200104158195739
0.5200206063107037
0.520030908880953
0.5200417207856711
0.5200541076687893
0.5200684640662993
0.5200855850544694
0.5201063954876788
0.5201244633638938
0.520140075901342
0.5201549057307236
0.5201706291236581
0.5201935440775485
0.5202130193683534
0.520228481199265
0.5202439153743526
0.5202603113549631
0.5202777143020468
0.5202931596838597
0.5203049502132592
0.5203152415083995
0.5203270716731755
0.5203381035296765
0.5203491088160731
0.5203600308192657
0.5203719051114537
0.5203863286010308
0.520404219653345
0.5204293879347813
0.5204516539243011
0.5204691128718102
0.520484152848324
0.5204981900951153
0.5205132249525559
0.5205272465729767
0.5205432806377435
0.5205559242163406
0.5205669781911237
0.5205774811765214
0.520587805298612
0.5205987934872836
0.5206121524728489
0.5206245843989423
0.520638661978346
0.5206514009860369
0.520664145232323
0.5206780552964885
0.5206940345919799
0.5207138706800262
0.5207391342139591
0.5207739570578639
0.5208090107345532
0.52084066489074
0.5208694209132565
0.520896107808754
0.5209224677033446
0.520951593555067
0.5209958848245807
0.5210323815508211
0.5210617191521474
0.5210912313422237
0.5211228180991804
0.5211597236652795
0.5212067839267358
0.5212606849893396
0.5213130947389023
0.5213670294909555
0.5214210326594021
0.5214761900977825
0.5215275833364208
0.5215791007059952
0.521634417635161
0.5216989190881585
0.5217914268552107
0.5218972993557207
0.5219773926050412
0.5220547815347084
0.5221364504253392
0.5222303074157151
0.5223423181900015
0.5224875377839981
0.5226568037570143
0.5228369083876481
0.523065129315831
0.5233795457929602
0.5239172798009764
0.5245397698630655
0.5252503949091011
0.5260759604034857
0.5270482227286569
0.5282055213250998
0.5295783374084262
0.5299
0.5299018089246006
0.5299054267738017
0.5299126624722039
0.529921091397215
0.5299316934952583
0.5299424117988333
0.5299526979166966
0.5299630519203821
0.5299757874964827
0.5299833485533771
0.52999079466907
0.529995397334535
0.53
0.5300018089246006
0.5300039461212891
0.530008105122148
0.5300142400169797
0.5300209616202389
0.5300269886867895
0.5300325258689412
0.5300380704610712
0.5300445017832803
0.5300512086913239
0.5300578272871589
0.5300637253676821
0.5300696709302807
0.530076100831372
0.5300832817019194
0.5300907701009816
0.5300967281082886
0.5301010664495067
0.5301049483959687
0.5301097944098778
0.5301150423465739
0.5301191338760831
0.5301233305997107
0.5301280241223157
0.5301338388783067
0.530141964215459
0.5301525654847348
0.5301607504547435
0.5301671595201211
0.5301727497876328
0.5301779892159176
0.53018364006117
0.5301924073801051
0.5301988546523028
0.5302037727552502
0.5302082822305161
0.5302124328043833
0.5302164291245685
0.5302204770789907
0.5302249266368824
0.5302307922696902
0.530235920209599
0.5302409576882893
0.5302457829593233
0.5302507743085364
0.5302563380303958
0.5302630441306316
0.5302712722608308
0.5302822112318913
0.5302963526022149
0.5303094151169349
0.5303213174593085
0.5303324949880027
0.5303432556151021
0.5303544373589663
0.5303666144006699
0.5303731469239255
0.5303798679860907
0.5303856431403896
0.5303908319766106
0.5303964082412644
0.5304036460883337
0.530410892470937
0.5304175955825929
0.5304241560520357
0.530431251104797
0.5304385582207934
0.5304449752873807
0.5304508164318188
0.5304565724740963
0.5304628472819278
0.5304716998789277
0.5304804540750576
0.530487226806719
0.5304938872733166
0.5305010094794569
0.5305092179447475
0.5305191925895852
0.5305303279184254
0.530540383167057
0.5305490900786224
0.5305559447935018
0.5305616441108075
0.5305668653102527
0.5305721162169543
0.5305780941555546
0.530586557469341
0.530594270577855
0.530600808518172
0.5306065455329211
0.5306119868838789
0.5306176188595115
0.5306241160443845
0.5306320534230149
0.530642028583706
0.5306510544847627
0.5306586131996716
0.5306644356507256
0.5306710141265562
0.5306764434744498
0.5306805236435906
0.5306846406843276
0.5306884584953755
0.5306922198785984
0.5306956524861608
0.5307010828362204
0.5307055873580538
0.5307098451618847
0.5307143237663203
0.5307191222503134
0.5307244369241205
0.5307307085958761
0.5307380013176375
0.5307452184893688
0.5307508638538431
0.5307561588905978
0.5307619271059905
0.5307688349644597
0.5307775840410776
0.5307888081114647
0.5308003568289943
0.530811185915519
0.5308216606116799
0.5308322368055152
0.530843874332437
0.5308537937625755
0.5308637851462785
0.5308739297326065
0.5308824781919765
0.5308886753404584
0.5308956003443323
0.5309029696288833
0.5309094336928533
0.5309171961618184
0.5309287280766144
0.5309392266314662
0.5309488676865399
0.5309589096949379
0.530969943710649
0.5309829231022788
0.5309981851092538
0.5310134000739642
0.5310288659495714
0.531045537636753
0.5310643118407026
0.5310846855379712
0.5311068928414058
0.5311319784413296
0.5311619403196377
0.5311954275431097
0.531230331034562
0.5312690432301516
0.5312962321176663
0.5313202010697206
0.5313320696096192
0.531343304289489
0.531357968301558
0.5313699903675133
0.5313813126880025
0.5313976906440931
0.5314179171238073
0.5314442135462718
0.5314778999102511
0.5315207194538654
0.5315751530605319
0.5316343975994734
0.5316814634645615
0.5317268435308796
0.5317676279208389
0.5317999991234718
0.5318272533975055
0.5318515810425457
0.5318746851690226
0.5318987998798976
0.5319288800805576
0.5319556337524182
0.5319779833242706
0.5319968669153549
0.5320141520117931
0.5320315256139796
0.5320498122119335
0.532071900942492
0.5321015946161981
0.5321251514183724
0.5321482946561804
0.5321741048564143
0.5322058227908761
0.532238059908648
0.532269188040234
0.5322913056238695
0.5323076969268926
0.5323214235219589
0.5323340210831555
0.532347223487301
0.5323649414806264
0.5323839930694788
0.5323976851496265
0.5324096134705444
0.532420105277095
0.5324290883717276
0.5324371609337547
0.5324449829205997
0.5324535598864136
0.5324672669480176
0.5324775634489678
0.5324860402720856
0.53249476006382
0.5325042476940994
0.5325156721239281
0.532528347647362
0.5325418266404333
0.5325543207184156
0.532566284991438
0.5325788182665552
0.5325894512033649
0.532601853665563
0.5326105802657323
0.5326176852449397
0.5326245229654001
0.5326318479947776
0.5326425616818643
0.5326528866672219
0.5326612575818569
0.5326698111521131
0.5326792588244234
0.5326906217261407
0.5327060002704824
0.5327259800340666
0.5327498048789561
0.5327724442968618
0.5327940734226932
0.5328160975552695
0.5328381226130703
0.53286189536153
0.5328883820233565
0.5329191656390839
0.5329524000305449
0.5329900857363685
0.5330362952610395
0.5330995108154623
0.5331955615963113
0.5333608899164296
0.5335092527999395
0.5336439952710149
0.5337877469776042
0.5340112947477554
0.5341795204589622
0.5343250324629177
0.5344833428716185
0.5346701132225111
0.5349306764082099
0.5353681671960132
0.5359399753695963
0.5365941502478269
0.5373476190024024
0.5382288775264867
0.5386963985495169
0.5390362391041856
0.5392741116627644
0.5395192803718942
0.5397234379168273
0.5398999999999999
0.5399016035647856
0.5399048106943568
0.5399112249534993
0.5399179511026415
0.5399254561872557
0.5399332059728996
0.5399405621362275
0.5399467160167586
0.5399520756583864
0.5399571143409955
0.5399623188532682
0.5399670961772417
0.5399744546786608
0.5399809811522499
0.5399867013274069
0.5399921242443086
0.5399960621221543
0.54
0.5400016035647857
0.5400034507123295
0.5400063855841344
0.5400100265272423
0.5400128525391987
0.5400152343273819
0.5400176472308119
0.5400213670663152
0.540024185321794
0.5400266352391765
0.5400292855853231
0.5400323523304943
0.5400363856908826
0.5400423282491512
0.5400480593718513
0.5400525378036324
0.5400563190130859
0.5400597728962951
0.5400632793972577
0.540067673580131
0.5400711648628748
0.5400747676094392
0.5400780202459615
0.5400810257168199
0.5400838898453667
0.5400866151534132
0.5400892797461746
0.5400920665529838
0.5400954124493953
0.5400984921371758
0.5401019614271613
0.5401051008316825
0.540108243284645
0.5401116766916438
0.5401156288483595
0.5401205442159889
0.5401268272090589
0.5401355264100602
0.5401453932829683
0.5401535017394423
0.5401600195075742
0.5401656310744419
0.5401707905710054
0.5401759607266357
0.5401817540547987
0.5401870028510769
0.540193104550662
0.5401979140003544
0.540202116037678
0.5402062887937639
0.5402107259717512
0.5402160224732436
0.5402233975341294
0.5402337518183209
0.5402411804136966
0.5402481288740055
0.5402552428054531
0.5402626648134596
0.540271168749625
0.5402816757430271
0.5402951338823456
0.5403126500025316
0.5403336749685754
0.5403564695757378
0.5403757697935061
0.5403921615537641
0.5404073623949508
0.5404224122692174
0.5404388455765264
0.540460564437372
0.5404806374914427
0.540500352804418
0.5405194146707143
0.5405394144922745
0.5405620076883927
0.5405896326517198
0.540624356194358
0.5406718411867526
0.5407287770750224
0.54078776656146
0.5408511922243455
0.5409220514624052
0.540987417239096
0.5410386216032426
0.5410818408857665
0.5411274778751283
0.5411373198186306
0.5411570037056351
0.5411921517777196
0.5412136836241433
0.5412320188583355
0.541252688840256
0.5412714731608402
0.5412874291925638
0.5413023475164789
0.5413155696160087
0.5413292547046591
0.5413397912635102
0.5413478668555269
0.541355370963714
0.5413615455280535
0.5413673890349421
0.5413730261725265
0.5413783520416838
0.5413841986548535
0.5413888302022353
0.5413938808300319
0.5413985932743351
0.5414029482689503
0.5414070651184536
0.5414109592594705
0.5414146799389077
0.5414182931195719
0.541421874758284
0.5414255314544628
0.5414294461386064
0.5414340493727463
0.5414409494622121
0.5414460700594004
0.5414503781309994
0.5414545633756443
0.5414589227527242
0.5414639000862551
0.5414690817147967
0.5414747547324306
0.5414801307518414
0.5414857443912622
0.5414920320157615
0.5414987916803938
0.5415044357469151
0.5415092008906803
0.5415136468365569
0.5415181116709722
0.5415230577091903
0.5415297435672456
0.5415378802131494
0.541543987398259
0.5415496483728247
0.5415554399640818
0.5415616891279788
0.5415691623991971
0.5415791363435957
0.5415909815665169
0.5416040959904626
0.5416187427665544
0.5416346884707418
0.5416537839640407
0.5416754623511965
0.5416991032878221
0.5417257010637236
0.5417512655542956
0.5417565574341059
0.5417671411937264
0.5417749939113266
0.5417818132124239
0.5417894599658193
0.5417961107827262
0.5418035367037307
0.5418132728181733
0.5418213571548138
0.5418292954890855
0.5418367768414601
0.5418434230386947
0.5418497102375397
0.54185611588834
0.5418638173131124
0.5418681360325828
0.5418728966299127
0.5418769038354129
0.5418803707950056
0.5418838800796284
0.5418877287640217
0.5418926001365962
0.5418973697927028
0.5419015462060719
0.5419058254165368
0.5419104634798853
0.5419158970472199
0.5419219672273614
0.5419276676689212
0.5419335453367065
0.5419400219502312
0.5419475476879103
0.5419570393882862
0.5419692556029778
0.5419827478754545
0.5419862410869334
0.541990824679939
0.5419938956338956
0.5419969105265338
0.5420003518572164
0.5420039002787661
0.5420071113654601
0.5420107146430012
0.5420159931556002
0.5420261921634948
0.5420393017110176
0.5420549232539107
0.5420743990070735
0.5420997695199096
0.5421314110613698
0.5421764600266566
0.5422356525695105
0.542304031287187
0.542382768919782
0.5424792359508082
0.542604477247205
0.5427854136378605
0.5430520142796521
0.5434532530290948
0.5439965440766259
0.5446591385009214
0.5454145806754866
0.5462853231784071
0.5473053674950846
0.5485229895407129
0.5498999999999999
0.5499026716499007
0.5499080149497022
0.5499130236763939
0.5499185765912098
0.5499239669248009
0.5499292987194843
0.5499349317328072
0.5499410439545256
0.5499476972151999
0.5499545722542484
0.5499612152258103
0.5499675174033274
0.549973626968043
0.5499797470813415
0.5499860919276919
0.5499928864833469
0.55
0.5500026716499008
0.5500066181242443
0.5500105918429512
0.5500164806593294
0.5500219954000192
0.550026421853453
0.5500301681238082
0.550032957293838
0.5500361764952129
0.5500387543786172
0.5500415647965939
0.550043854888027
0.5500464034849161
0.5500484403088935
0.5500508479267063
0.5500533477565754
0.5500558324993862
0.5500583200885713
0.5500608429498125
0.5500634263909535
0.5500660777301705
0.5500687879259643
0.5500715335508215
0.5500742750874208
0.5500769500603808
0.5500794725185806
0.5500817760514185
0.5500838641182558
0.5500857984606008
0.5500876639024772
0.5500895599520791
0.5500916269566992
0.5500941416022566
0.55009705159877
0.5500999674966851
0.5501025606382666
0.5501051569142102
0.5501079352435455
0.5501110838565899
0.5501148557138344
0.5501195706986055
0.5501257102981982
0.550130399636023
0.5501340518008981
0.5501372893893521
0.5501402556897249
0.5501431705399084
0.5501462931009459
0.5501501626130224
0.5501544768997285
0.5501584369169071
0.5501620665543959
0.55016581537681
0.5501699579917181
0.550171831417138
0.5501741549522707
0.5501758636071269
0.5501780347778408
0.5501798782507514
0.5501815826613939
0.5501836605152548
0.5501868296344309
0.5501908805051351
0.5501951504693225
0.5501999934140652
0.5502061705493448
0.5502118024481806
0.5502163129715096
0.5502208491182645
0.550225687979772
0.5502304601325209
0.5502356142304885
0.5502426608050975
0.5502487794107018
0.5502556218431691
0.5502621011662117
0.5502684600261811
0.550275377059591
0.5502840590749003
0.5502915689794863
0.5502978418175465
0.5503031488863775
0.5503075817280051
0.5503113338578348
0.5503145505605387
0.5503173134843438
0.5503197192785518
0.5503218451230466
0.5503237472647734
0.5503254695723534
0.5503270466995098
0.5503285071583058
0.5503298759320251
0.5503311766510638
0.550332433863648
0.5503336762985493
0.5503349427332918
0.550336296194567
0.5503378711476504
0.5503402331866428
0.5503425405305967
0.5503443727292125
0.5503461792974421
0.5503480965447375
0.5503502064736975
0.5503526099473366
0.5503554098647522
0.5503587593126175
0.5503628966909804
0.5503682093906163
0.5503753532798977
0.5503818999141101
0.5503868779415452
0.5503911782557437
0.5503951202410297
0.5503989674160454
0.5504031004285236
0.5504082908515648
0.5504140274054307
0.5504192672772502
0.5504241264506506
0.5504291803178392
0.550430595838787
0.5504334268806825
0.5504355683886877
0.5504374068492064
0.5504397367187777
0.550441624337944
0.5504436634349463
0.5504463828218252
0.5504508092367324
0.5504568918096246
0.5504638658715357
0.5504720575152676
0.5504821402643623
0.5504956037296235
0.5505124636547751
0.5505298545532342
0.5505475272089285
0.5505659349009072
0.5505857184354436
0.5506077614709699
0.5506338129604157
0.5506647258023598
0.550703936377528
0.5507563568076457
0.5508320096802829
0.5509558669839573
0.5510535941846625
0.5511637060118805
0.551251629012292
0.5513444681887982
0.5514343154335427
0.5515193406861567
0.5516134650682486
0.5517290923630395
0.5518998471007052
0.5522413565760366
0.5528225856371953
0.5534805491254156
0.554246554814186
0.5551544467572185
0.5562551573926576
0.5576360190839054
0.5594058243014526
0.5599
0.5599036212238941
0.5599108636716825
0.5599186221510634
0.5599265432145664
0.5599348873386738
0.5599441064258217
0.559953271865268
0.5599621560322203
0.5599707074951358
0.559979906776995
0.5599896075113387
0.5599948037556695
0.56
0.5600036212238942
0.5600073738003876
0.5600136116287792
0.5600218541906254
0.5600312079224067
0.5600415539392377
0.5600515088413116
0.5600624474146988
0.5600740694374758
0.5600868577970768
0.560102274365805
0.5601211921708215
0.5601454399282615
0.5601794949313372
0.560237461549745
0.5603517494804713
0.5605406231963248
0.5609037722504918
0.5615882527468794
0.5628247651379459
0.5644654120750574
0.5669492601176914
0.5699
0.5699024888245787
0.5699074664737362
0.5699174217720513
0.5699256311521498
0.5699338717816788
0.5699438263769108
0.569954170946823
0.5699632876064209
0.5699723858836864
0.5699827840121537
0.5699913920060768
0.5699956960030385
0.5700000000000001
0.5700024888245788
0.5700049715878533
0.5700099371144024
0.5700183431908047
0.5700270227981661
0.5700373055915585
0.5700492151722568
0.5700646981683196
0.570080244350994
0.5700961387702675
0.5701141770438799
0.5701352582012161
0.5701613819708711
0.5701923683885848
0.5702294968301218
0.5702747126282504
0.5703314693794834
0.57040148955312
0.5704925951728744
0.5706088379209924
0.5707632696635406
0.5709497345735808
0.5711668510799305
0.5714389303267825
0.5717995625728258
0.5722850084097435
0.5728865596084005
0.5736107382105683
0.5744600109771679
0.5754259896933334
0.576510238698528
0.5777007638050191
0.57898729238837
0.5799
0.5799055815235505
0.5799167445706517
0.579939070664854
0.5799553479719926
0.5799702279421198
0.5799872152534262
0.58
0.5800055815235505
0.5800126669661881
0.5800252019662009
0.5800393055381197
0.5800519422402306
0.5800676783780919
0.5800856787070136
0.5801009042897022
0.5801147648207776
0.5801299615496855
0.5801537269340189
0.580176961435375
0.5801977430128507
0.5802197051774927
0.5802449031848764
0.5802760572018888
0.5803021118452543
0.5803109666459189
0.580328676247248
0.5803380800733758
0.5803468823967306
0.5803589346480273
0.5803690678024278
0.5803785565660614
0.5803904033225431
0.5804102790164407
0.58043672364106
0.5804757346571701
0.5805195556710778
0.5805667830139671
0.5806381459215427
0.5807642791361407
0.580946778666301
0.5813117777266215
0.5820417758472625
0.5833540120686395
0.5848747997253146
0.5866729376188249
0.5889220719063871
0.5899
0.5899284812691947
0.5899642406345973
0.59
0.5900284812691947
0.5900569247866331
0.5900950632552058
0.5901634319312076
0.590247395624316
0.590350294182518
0.5905034170660884
0.5908096628332292
0.5913687161505441
0.5924778983571689
0.5946962627704185
0.5991329915969178
0.5999
0.5999198909499159
0.5999596728497478
0.6
0.6000198909499159
0.6000408329521816
0.6000689959315961
0.6001066275216727
0.6001490228435101
0.6001952174194211
0.6002457367342159
0.6003091371336513
0.6004046266700048
0.6005956057427119
0.6008730662399115
0.6013413155449263
0.6022778141549558
0.6041508113750149
0.6078968058151331
0.6099
0.6099033192428633
0.60990995772859
0.6099232347000434
0.6099349639725934
0.6099470260418925
0.609961054294309
0.6099768414922473
0.6099884207461237
0.6099942103730618
0.61
0.6100033192428633
0.610006840251242
0.6100138822679992
0.6100241684111384
0.6100326681154201
0.6100416296971193
0.6100522336342951
0.6100655347069279
0.6100761893641177
0.6100869906108045
0.6100990282714415
0.6101129727352479
0.6101311137989734
0.610157429888653
0.6102037876317881
0.6102706915468257
0.6103857109365949
0.6106054327553998
0.6109401899115706
0.6114656841628424
0.6124804059774556
0.6142865935037528
0.6166259315881064
0.6196346546509599
0.6199
0.619915038330908
0.619945114992724
0.6199773635434277
0.62
0.620015038330908
0.6200315672903514
0.6200536883789476
0.6200817264621643
0.6201059828799177
0.6201293768947858
0.6201571104883054
0.6201945852618225
0.6202567951050677
0.6203425977469488
0.6204760873911488
0.6207274644292153
0.6212302185053484
0.6222357266576146
0.624246742962147
0.6278692714192
0.6299
0.6299061215478524
0.6299183646435572
0.6299428508349668
0.6299606101936847
0.6299798546582059
0.63
0.6300061215478524
0.630016286159477
0.630032247035528
0.6300497649727665
0.6300680073548697
0.6300909752590933
0.6301132429449974
0.630136313254999
0.6301634726486424
0.6301988608186359
0.6302568920045315
0.6303629850792042
0.6305068625394666
0.630754855876544
0.6312508425506987
0.6322428158990082
0.6342267625956272
0.6375079409542389
0.6399
0.6399156439003215
0.6399469317009645
0.64
0.6400156439003215
0.64003863477889
0.6400671975165613
0.6401047290669011
0.6401421330817669
0.6401819568164934
0.6402334454790873
0.6403052127680005
0.6404456887180824
0.6406620279160292
0.6410035099532199
0.6416864740276012
0.6430524021763637
0.6457842584738889
0.6499
0.6499085713833471
0.6499257141500413
0.6499438607929633
0.6499618403438941
0.6499819469347963
0.65
0.6500085713833471
0.6500199965785638
0.6500361717650828
0.6500535882608396
0.6500748559585663
0.6500999867504429
0.6501225599609826
0.6501459525809848
0.6501742518288466
0.6502154134056385
0.6502977365592223
0.6504019054891391
0.6505560864276394
0.65086444830464
0.6514811720586411
0.6527146195666433
0.6551815145826478
0.6588052525885586
0.6599
0.6599067047263772
0.6599201141791317
0.659936823461282
0.6599518592965006
0.659969411216599
0.6599847056082995
0.66
0.6600067047263772
0.6600150290374887
0.6600280461590278
0.6600402952590331
0.6600552808871768
0.6600750181570304
0.660090126370296
0.6601055491821841
0.6601240033024698
0.6601509739747472
0.6602009180193877
0.6602575742893281
0.6603427069045319
0.6605129721349395
0.6608535025957548
0.6615345635173854
0.6628966853606465
0.6651464744728156
0.6687822928499281
0.6698999999999999
0.6699030986709468
0.6699092960128404
0.6699216906966278
0.6699314172378508
0.669941143392293
0.6699529062286144
0.6699689412067698
0.669982365403822
0.669991182701911
0.67
0.6700030986709469
0.6700072228618071
0.6700144327010006
0.6700233958434925
0.6700313352760641
0.6700397126600043
0.6700502446007133
0.6700629710876386
0.6700743667786486
0.6700853974485176
0.6700972790738946
0.6701109567555753
0.6701279344201002
0.670151088665196
0.6701833405910064
0.6702193056126923
0.6702600563253839
0.6703065298827574
0.6703639248603289
0.6704375566009609
0.6705428119371235
0.6707237958762837
0.6710857637546042
0.6716598019400934
0.672807878311072
0.6744181310568795
0.676406149970837
0.6799
0.6799093712652278
0.6799281137956834
0.6799452121378318
0.6799600000521362
0.6799764278165618
0.679989777143528
0.68
0.6800093712652279
0.6800199888200634
0.6800328804998707
0.6800461456946231
0.680062997806245
0.6800780506975332
0.6800923302510906
0.6801082407124862
0.680128150190711
0.6801520567119711
0.6801814560243106
0.6802209509033597
0.6802813479620459
0.6804021420794183
0.6806386315819544
0.6810032999511867
0.6817326366896513
0.6830398217857817
0.6848148374464486
0.6876874612409561
0.6899
0.6899054387912547
0.689916316373764
0.6899276943072674
0.6899383956193533
0.6899517402151446
0.6899655413600401
0.6899772299269162
0.6899891680670479
0.6900000000000001
0.6900054387912548
0.6900133475068256
0.6900268513020729
0.690039273272956
0.6900543739488612
0.6900715125237851
0.6900861583451905
0.6901018487578089
0.6901190724390656
0.690139952061316
0.6901695414038187
0.6902261053072564
0.6903050183408197
0.6904134265791406
0.6906236361928483
0.6910440554202636
0.6918848938750942
0.693413966659226
0.6955650880247143
0.6991265276905809
0.6999
0.6999030587541065
0.6999091762623196
0.6999214112787459
0.6999320898070305
0.6999434063920024
0.6999569445596079
0.6999728984950084
0.6999864492475043
0.7000000000000001
0.7000030587541066
0.7000091762623197
0.7000168448342967
0.7000265992594089
0.7000371469250586
0.7000501150997055
0.7000645877523964
0.7000815588363476
0.7001019315499579
0.7001238371855009
0.7001482872593208
0.7001765075198099
0.7002091151835387
0.7002500721907466
0.700301387281253
0.7003615973647044
0.700432094812664
0.700513528838799
0.7006053117735848
0.7006809668925232
0.700738676826133
0.7007867699413262
0.7008301585805601
0.7008736112493634
0.7009251821472663
0.7009627015990035
0.7010093303362434
0.7010482779615226
0.7010808301640749
0.7011099958357782
0.7011368059061981
0.7011635413330557
0.7011940599882436
0.7012253395278099
0.7012600196251013
0.7012902091474461
0.7013203200946238
0.7013531732586179
0.701391223952619
0.7014393000987554
0.7014883239132206
0.7015448841790293
0.7016072531689252
0.7016620241551499
0.7017170479759036
0.7017696922625846
0.7018235143474632
0.7018833887664362
0.7019584086293639
0.7020805482140332
0.7021695065706309
0.7022483572765849
0.7023311784643345
0.7024221363573084
0.7025340661372175
0.7026769418198235
0.7028762121311701
0.70317908019454
0.7036748430567806
0.7042441193269465
0.7048944565559321
0.70565068162853
0.7065392718882713
0.7076114333628796
0.7089161005209087
0.7099
0.7099027163559245
0.7099081490677736
0.7099190144914717
0.7099277848957211
0.7099379643639118
0.7099497215843422
0.7099606883565837
0.7099720465464301
0.7099844413384222
0.7099922206692111
0.71
0.7100027163559245
0.7100064527242
0.7100111490331477
0.7100158006309104
0.7100202748910709
0.710024889948212
0.7100303622263316
0.7100351599767447
0.7100405984696514
0.7100456051924992
0.7100506794966521
0.7100563009703638
0.7100628653707128
0.710071237076164
0.7100796419723809
0.7100872187027699
0.7100941339700605
0.7101007284829756
0.7101075656506939
0.7101166806360714
0.7101211408825638
0.7101257504605543
0.7101298015530679
0.7101334056981464
0.7101372126586849
0.7101419869185959
0.7101464927838541
0.710151064095856
0.7101554593508246
0.7101600977616034
0.7101654049833314
0.7101718488710496
0.7101795399384873
0.7101890744035394
0.7102006450332249
0.7102141744569512
0.7102280468335169
0.7102400228816068
0.7102515567107257
0.710263852367582
0.710277103466446
0.71029190127071
0.7103070135466166
0.7103230717738015
0.7103411922728374
0.7103633613733187
0.7103925488963211
0.7104203942414258
0.7104474453363294
0.7104774528097922
0.7105034532547856
0.7105313973075035
0.7105540413090604
0.7105741308557502
0.7105937254263022
0.7106140409291904
0.7106378800739105
0.7106661520181642
0.7106953792465734
0.7107204619893353
0.710745624682854
0.7107728869034049
0.7108052283904155
0.7108447518544394
0.7108975160441412
0.7109726407806601
0.7110902140076782
0.7113064048701215
0.7115515747548508
0.7118270555415284
0.7121435543442456
0.7125077624253645
0.7129327984065702
0.7134321721268325
0.7140204823729344
0.7147151464786903
0.7155377393201409
0.716516311064252
0.717688526556991
0.7191095748941763
0.7199
0.7199036039291353
0.719910811787406
0.7199252275039474
0.7199356449870624
0.7199510315578859
0.7199683251503215
0.7199838509125214
0.7199919254562607
0.72
0.7200036039291353
0.7200079370730164
0.7200130520848886
0.7200183946640264
0.7200239075820001
0.7200299918853673
0.7200382129364488
0.7200471364943594
0.7200537313911791
0.7200600880273879
0.7200668493955811
0.7200745810023261
0.7200843658458245
0.7200952553811676
0.7201054030218299
0.7201154477891907
0.7201267937007256
0.7201406025098662
0.7201506694533006
0.7201586261452125
0.7201658756912318
0.720172825188828
0.7201802151185259
0.7201894524350883
0.720198215057829
0.720207475970811
0.7202161213020263
0.7202249925927459
0.7202348174788366
0.7202466021579492
0.7202610964211947
0.7202805162068572
0.7203083475538216
0.7203525266129018
0.720433518008283
0.720525343167435
0.7206286365425972
0.7207474018109506
0.7208840343976569
0.7210432109004757
0.7212295842886784
0.7214479681958456
0.7217038147975783
0.7220033822625762
0.7223540777599543
0.7227647857161865
0.7232462712277198
0.7238118154221432
0.7244782675543946
0.7252678656241799
0.726215010630659
0.7273469305133883
0.7287682201601502
0.7299
0.7299034570749633
0.7299103712248899
0.7299241995247431
0.7299368239373141
0.7299487785816747
0.7299614645919238
0.7299743855306094
0.7299883252427107
0.73
0.7300034570749633
0.7300085010190475
0.7300175226369054
0.7300272422068406
0.7300355273298662
0.7300442444969244
0.7300549204018231
0.7300681199941255
0.7300789481456949
0.7300899588351583
0.7301015674366342
0.7301148267424562
0.7301310392276333
0.7301380720581508
0.7301462475959707
0.7301528751693239
0.7301594294170239
0.7301658048967118
0.7301726752788419
0.7301810521205204
0.7301939335884431
0.7302111392953846
0.7302292623416661
0.7302555732871876
0.7302857585579251
0.7303137981649137
0.730348448822601
0.7304039136901366
0.7304758916344756
0.7305679108266958
0.7307124891215369
0.731001645711219
0.7314924567316597
0.7324740787725413
0.7343275043945175
0.7365851940104482
0.7394386627164157
0.7399
0.7399050184435315
0.7399150553305945
0.7399267349664361
0.7399379632616035
0.7399515254889756
0.7399656571095587
0.7399779457169334
0.7399905268524896
0.74
0.7400050184435315
0.7400108213075826
0.7400224270356847
0.7400345277339475
0.7400494930169318
0.7400666107050161
0.7400820283179802
0.7400969173394307
0.740112296956047
0.7401298151385797
0.740154188152524
0.7401815185414493
0.7402139901182733
0.740251361841137
0.7402964268511965
0.7403604245685812
0.7404578345131896
0.7406526544024064
0.7410033275475284
0.7416083984099093
0.7428185401346712
0.7448502230962758
0.747360860092434
0.7499
0.7499042550361809
0.7499127651085425
0.7499297852532659
0.7499425107636973
0.7499570738105545
0.7499768751194058
0.7499884375597029
0.75
0.7500042550361808
0.7500095275283402
0.7500200725126588
0.7500352058728791
0.7500538110835228
0.7500733662768453
0.7500947398531201
0.7501164452780144
0.7501403449102795
0.7501669136890264
0.7501997773346908
0.7502236711338406
0.7502425685489741
0.7502609344693253
0.7502815632725096
0.7503012372915661
0.750318461245966
0.7503351409251113
0.7503523851781644
0.7503709172378211
0.7503913726808896
0.7504148767108152
0.750440255340367
0.7504696107319604
0.7504964864896437
0.750521226356191
0.7505467162672452
0.7505745514936705
0.7506061113681679
0.7506420967602921
0.7506852771556358
0.750737815093117
0.7507567812563066
0.7507798537160676
0.7507955262858674
0.7508119670569686
0.750827256804341
0.7508419209656003
0.7508584755955346
0.7508714458884665
0.7508848198254082
0.7509012859976678
0.7509119591327619
0.7509233822638495
0.7509322882634162
0.7509420585876624
0.7509517621267242
0.7509616034021553
0.7509741610860278
0.7509853503316638
0.750995496265871
0.7510065715723754
0.751016370164718
0.751027159913483
0.7510373998398805
0.7510484498736141
0.7510608054603248
0.751072135231369
0.7510831955588393
0.7510954679202011
0.7511054711536169
0.7511180551289895
0.7511282273919407
0.7511370506008019
0.7511454031074338
0.7511534946970794
0.7511619272550247
0.7511718449790731
0.7511819655865615
0.7511932466073548
0.7512031114804565
0.75121291974888
0.7512235795709711
0.7512358424240445
0.75125120024208
0.7512709059707684
0.7512984682598918
0.7513403522098243
0.7513869803782802
0.7514251477180006
0.7514838765456954
0.7515263692506305
0.7515685835979591
0.751623644313688
0.7517337657451458
0.7519007942218554
0.7520891554806219
0.7523014452276459
0.7523432374624996
0.7524268219322072
0.7524426894739475
0.7524505449428218
0.7524662558805704
0.752470160511602
0.7524779697736652
0.7524851431282087
0.7524926283851731
0.752499830483091
0.7525051935925476
0.7525105371688724
0.7525177611919202
0.7525240692141573
0.7525286732701902
0.7525336991758902
0.7525372176199528
0.7525428271400845
0.7525468614002834
0.7525508490250565
0.7525559714019967
0.7525653904723735
0.752584228613127
0.7526054725981554
0.7526283818636496
0.752654143718998
0.7526833000126896
0.7527169305623539
0.7527561411784202
0.7528019494146483
0.752855194318942
0.7529171367011088
0.7529892437688595
0.7530732307379785
0.753170567952431
0.7532831305681841
0.7533920339612256
0.75347136617113
0.7535450069676484
0.7536579319797063
0.7537415221646233
0.7538125007108426
0.7538867359386525
0.7539683805760142
0.7540684031077483
0.7542063205464096
0.754346980953456
0.754502397835714
0.7546540825519084
0.754811715973699
0.7549657641178629
0.7551553655931804
0.7553172470358737
0.7554710602751837
0.7556641062574582
0.755963645119735
0.7563131151685327
0.7567139117981309
0.757174284712886
0.757703547263251
0.7583192553268038
0.758855410198262
0.7594845764172429
0.7599
0.7599063457879233
0.7599190373637698
0.7599444205154627
0.7599649791807639
0.759982489590382
0.76
0.7600063457879233
0.7600166436870418
0.7600287709898714
0.7600456597666858
0.7600664798510898
0.7600889236332861
0.7601134058867144
0.7601418510228467
0.7601751697355296
0.7602116586430457
0.7602520563612284
0.7602959075453654
0.760343958155132
0.7603995076179165
0.7604611597866705
0.760529274919009
0.760604702587364
0.7606881963415563
0.7607760567915893
0.7608038292595596
0.7608291049896854
0.7608469460943714
0.7608660474758906
0.7608839125161396
0.7609067350328039
0.7609266294392906
0.7609446270141837
0.7609628727861344
0.7609830652654415
0.7610011007238889
0.7610200958178338
0.7610377058428792
0.7610584248163084
0.7610794814032599
0.7610980620965042
0.7611201283317808
0.7611533597477111
0.7611994299614824
0.761256306529213
0.761327780314333
0.7614089828044861
0.7615016982696103
0.7615273350819863
0.7615786087067383
0.7615915598232772
0.7616174620563549
0.7616233017539321
0.7616349811490865
0.7616432100522024
0.7616515593584481
0.7616595009149363
0.761666492229798
0.7616744430479131
0.7616818139818583
0.7616902949789699
0.761694486289417
0.761698538980071
0.7617032222735385
0.7617080103154792
0.761712338696135
0.7617174940840842
0.7617253854449788
0.7617401596870544
0.7617567159228635
0.7617743510300367
0.761794648809971
0.7618193303448499
0.7618502999567288
0.7618862694862156
0.7619279702169816
0.7619762273566427
0.7620321336227907
0.7620970467519201
0.7621725754536447
0.7622605508516902
0.7623630729117508
0.7624825687057623
0.7625638721873268
0.7626536976228655
0.7627229570202295
0.7627911718182186
0.7628610488291273
0.7629334413815305
0.763009414698047
0.763115366011243
0.7632667165012681
0.7634167867863467
0.7635326702612737
0.76363594751852
0.7637549428561224
0.7638673849728917
0.763977527649333
0.7640894921230852
0.7642105399627586
0.7643223622986325
0.7644388573682431
0.7645198069653614
0.7646238925819686
0.7647087571873376
0.7647851977857594
0.7648661794045891
0.764965050936237
0.7650671871391798
0.7651772011586266
0.7652811215666079
0.7653907781897106
0.7655158935066191
0.7656735530722106
0.7658773172587617
0.7661736494448481
0.7666710959724008
0.7675490558010437
0.768612862945577
0.7698036311414577
0.7699
0.7699024582425769
0.7699073747277305
0.7699172076980378
0.7699282644663795
0.7699414997457028
0.7699595268445046
0.7699765317700012
0.7699892467727574
0.77
0.7700024582425768
0.7700073747277305
0.7700172076980378
0.7700257394682708
0.7700338888883955
0.7700415394965621
0.7700486113978322
0.7700556274175733
0.7700635135880854
0.7700676974048963
0.7700723250057533
0.7700762177849623
0.7700796725397284
0.7700834206710707
0.770088505785659
0.7700931518731331
0.7700973625905962
0.7701017232286741
0.770106657992675
0.7701115327245734
0.7701156985875899
0.770119451989551
0.7701231580466742
0.7701274245458514
0.770133218648319
0.7701376965802127
0.7701417121520283
0.7701459390218306
0.7701506886328641
0.7701565596715755
0.7701634103217876
0.7701686334707075
0.7701731658689666
0.770179186956359
0.7701837752988184
0.7701884085516378
0.7701951077361078
0.7702025287033593
0.7702080804304345
0.77021289335475
0.7702173373727172
0.7702216114621006
0.7702261429020075
0.770231296358782
0.7702361358667901
0.7702416645462649
0.7702468127664563
0.77025183481504
0.7702574957013257
0.770263754835839
0.7702707080494064
0.7702782132517904
0.770286381016811
0.770295348984548
0.7703041374634034
0.7703115377427867
0.7703150800962656
0.7703193045001632
0.7703222782097363
0.7703267091970747
0.7703298540180691
0.7703329523865091
0.7703368538698887
0.7703423633466342
0.7703491988585398
0.7703562704283686
0.77036225485778
0.7703675466777745
0.7703728599488874
0.7703797920256955
0.7703866610834624
0.7703917844406953
0.7703966095493252
0.7704014067253814
0.770406266935524
0.7704113161057785
0.7704167230810625
0.7704231621321203
0.7704290324647433
0.7704357798593795
0.7704417730454879
0.7704476932206297
0.7704541038284013
0.7704614054344749
0.7704704026635852
0.7704817620082226
0.7704972547433365
0.7705171760576143
0.7705313880299354
0.770545281948662
0.7705576337458678
0.7705705523422793
0.7705889522122857
0.7706089801673448
0.7706267782356419
0.7706433699160482
0.7706569217947143
0.7706690369135017
0.7706824461335622
0.7706910028552958
0.7707000803711919
0.7707082045477079
0.7707162061810184
0.7707258353523004
0.7707372520007186
0.7707487504406646
0.7707594797703804
0.7707685707364457
0.770776431944587
0.7707844142682252
0.7707943541273943
0.770806389441797
0.7708173807124633
0.7708282263397555
0.7708399526184115
0.7708526346346133
0.7708625335893258
0.7708729378980712
0.7708804706756829
0.7708889447199955
0.7708949313500333
0.7709032018644406
0.7709101085770508
0.7709166167700721
0.7709249347444147
0.7709390168186331
0.7709515534489485
0.7709615557349925
0.7709772799387455
0.7709889560780664
0.7709999915433026
0.7710161986225692
0.7710360776372532
0.7710619370539461
0.7710951118145574
0.7711372840439904
0.7711831441795168
0.7712258593938298
0.7712916272887966
0.7713399623324074
0.7713840988627686
0.7714366644633013
0.771511968298607
0.7716348863518356
0.771777853355391
0.7719403221489185
0.7721263713287806
0.7723395317481806
0.7725861077994508
0.7728727374540675
0.7732064624774441
0.7735952980407376
0.774048587221606
0.7745775881331726
0.7751962970081765
0.7759224572805724
0.7767791686149383
0.777797367543896
0.7790196833415209
0.7799
0.7799237822742656
0.7799618911371329
0.78
0.7800237822742656
0.7800524806701367
0.7800812970313928
0.7801205065453024
0.7801714472485951
0.7802169436713468
0.780264916897973
0.780324864858182
0.7804272281218955
0.7805833418216702
0.7807731394517539
0.7810096632309832
0.7812371976801061
0.781486566017766
0.781790536800028
0.7821745906650583
0.7827394315237395
0.7837582656787591
0.7855969774178772
0.7885511485203116
0.7899
0.789903058535216
0.789909175605648
0.7899214097465119
0.7899321547811449
0.7899447773269329
0.7899593866237514
0.7899762037658155
0.79
0.790003058535216
0.790009175605648
0.7900189592178263
0.7900298819012768
0.7900407640577762
0.7900537480268766
0.7900705633266655
0.7900907832251073
0.7901121696564856
0.7901350130653645
0.7901606489761276
0.7901905187803538
0.790225471261262
0.7902653179409107
0.7903127290532476
0.7903736530297099
0.79045655143035
0.7905448287892907
0.7906241168061898
0.790700832488221
0.7907856650753032
0.7908727491256452
0.7909644056510263
0.7910441372113538
0.7911241872866311
0.7912115472241852
0.7913158868517804
0.7914444463410429
0.7916183401400368
0.7918718327574744
0.7922723745470069
0.7927263284599676
0.7932384576315435
0.7938247567067155
0.7944998772106265
0.7951832316090516
0.7953255309412621
0.7955117978154969
0.7956454082568348
0.7957444558881275
0.7958895546807802
0.7959976206745789
0.7960927574965714
0.7961934327330408
0.7963056674749053
0.7964356295564239
0.796493934451902
0.7965406598498586
0.7965869132994393
0.7966292900891389
0.796677924579726
0.7967208685585905
0.7967700540742495
0.7968521189808496
0.7970162487940499
0.7972256805394029
0.7974452196203389
0.7976660213729295
0.7978239780606954
0.7979866888298712
0.7981162844812785
0.7982310185536188
0.7983711039097507
0.7985359213077529
0.7986586955326356
0.7987855279119643
0.7989139113963404
0.7990450801433356
0.7991406524393055
0.7992620781809536
0.7993595488865802
0.7994472893337102
0.7995403806101604
0.7996547632631672
0.7997720944135249
0.7998984281824083
0.7998999999999999
0.7999031436351832
0.7999094309055498
0.7999213066043527
0.7999450580019585
0.7999796636417013
0.8
0.8000171090469247
0.800034192528656
0.8000594391780671
0.8000944864371003
0.8001331649328938
0.8001697736879898
0.8002060468856633
0.8002398089142422
0.8002756568912243
0.8003226568622355
0.8003872450000036
0.8004378791636826
0.800488739149197
0.8005480314467356
0.800618977481491
0.8006976294818057
0.8007342683302797
0.8007724543044635
0.8008034482931126
0.8008281291340646
0.8008516967911566
0.8008782292367369
0.8008953946246025
0.8009153464597887
0.8009322502746192
0.8009472748787311
0.8009626633257679
0.8009804704362614
0.8010069960237995
0.8010284750544215
0.8010475173838433
0.801066212849807
0.8010836848504839
0.8011016789384224
0.8011246255650117
0.8011499653927752
0.8011695552252908
0.8011859624272596
0.8011997414263483
0.80121122480349
0.8012215138520216
0.801231701113451
0.8012435208578128
0.8012544033465792
0.8012666953669089
0.801277886609678
0.8012892229188959
0.8013017751655714
0.8013164489657519
0.8013325062095898
0.8013476988688636
0.8013627749632788
0.8013800742218588
0.8013911635867439
0.8014028269712667
0.8014125301746491
0.8014211458569847
0.8014301227352786
0.8014411854496816
0.8014520645156105
0.8014633242079934
0.8014741431556238
0.8014856425864048
0.8014988928357468
0.8015150909906621
0.8015368803244332
0.8015645396318177
0.801602038559031
0.8016324384964834
0.8016590955909441
0.8016863927898689
0.8017159838924302
0.801750276679094
0.8017927338933294
0.8018465890144407
0.8019146444197734
0.8020064379971144
0.8020897041504074
0.802159315058102
0.8022419933795714
0.8023284628764155
0.8024015313394192
0.8024819837155618
0.8025921769567234
0.8027369286948035
0.8028940033893363
0.8030814960570132
0.8033248594458073
0.8036871213635479
0.804182972377041
0.8047550285063333
0.8054159640745762
0.8056735370216928
0.8058894273119261
0.8060289756227484
0.8061866202558394
0.8063124713313403
0.8064719319180108
0.8066029601618487
0.8067227308260655
0.8068799372531619
0.8070697103619197
0.8073606143738886
0.8079221429957728
0.8086790147248661
0.8098488771735917
0.8099
0.8099033251281924
0.8099099753845773
0.8099215530573499
0.8099333006579116
0.8099452931511147
0.8099611369952899
0.8099751111142431
0.8099874761571799
0.81
0.8100033251281925
0.8100097088646105
0.8100174104638843
0.8100328136624318
0.8100450263173584
0.8100561622203204
0.8100664154441614
0.8100753128232085
0.8100835521433016
0.810091986646124
0.8101024174563487
0.810111596786121
0.8101208914032261
0.8101297439872017
0.8101389354516981
0.810149240756747
0.8101618085326617
0.8101763947744577
0.8101899423377563
0.8102031886138731
0.8102179385709602
0.8102336173845976
0.8102470575580198
0.8102577216523188
0.81026729269679
0.8102765280910762
0.810286256868371
0.8102982014355289
0.8103095192098311
0.8103220928598205
0.8103336826175456
0.810345482388099
0.8103584919551445
0.8103740350276729
0.8103930488839985
0.8104184453327035
0.8104546174565644
0.8105111882263617
0.8106005474206738
0.8107039187396158
0.8108248398042384
0.8108515511432299
0.8108839561354995
0.8109032157942297
0.810923352872527
0.810943767528631
0.8109611610543396
0.8109785854090258
0.8109977425670262
0.8110149957646274
0.8110309752672382
0.8110484872660378
0.8110697130941681
0.8110981514976185
0.8111215686048058
0.8111439820815294
0.8111747875115808
0.8111979474242351
0.8112219936075185
0.8112470858889952
0.8112727594659261
0.8112913857127125
0.8113060240489961
0.8113207179343909
0.8113374136786677
0.8113542457702466
0.8113693840278274
0.8113854508088536
0.8114038685501144
0.8114271161214324
0.8114553896060802
0.8114791524098246
0.811499796855205
0.8115197112202214
0.8115418365199848
0.8115569168675605
0.8115767831226754
0.8115936718077946
0.8116085673397201
0.8116231209883861
0.8116379321910958
0.8116547309570572
0.8116806266523763
0.8117027871806527
0.8117208400999038
0.8117392184832233
0.8117591036761584
0.8117832423256709
0.8118136695257097
0.8118558535716492
0.8119189128026774
0.812024840855869
0.8121015801249643
0.8121582569940985
0.812238245497337
0.8123000541938404
0.8123670258765772
0.8124501395317162
0.8125751063140316
0.8127973694992334
0.8130996732575577
0.8134438570848483
0.8138392231081846
0.8142953947172196
0.8148229180285403
0.8154350671665511
0.8161512841192131
0.8168723041431027
0.8176004409431225
0.8181637462394022
0.8186848460474747
0.8192658815553431
0.8199
0.8199043320337489
0.8199129961012468
0.8199303242362426
0.8199435409247244
0.8199643440725102
0.8199821720362551
0.8199910860181276
0.8200000000000001
0.820004332033749
0.820010562673125
0.8200171403400961
0.8200246279562049
0.8200321980126861
0.8200397799307483
0.82004836245674
0.8200564407348642
0.820065186343543
0.8200727245347389
0.820079925371331
0.8200871012064906
0.8200935758014261
0.8200988489087453
0.8201035804381416
0.8201089829217009
0.8201140498254753
0.820119314876922
0.8201244482707966
0.8201299514365946
0.8201365381450123
0.8201445649002792
0.8201555680096063
0.8201721246334712
0.8201859756958362
0.8201959263187795
0.8202040788815126
0.8202114505475091
0.8202191954508194
0.8202275287843143
0.82023624260833
0.820243091776509
0.8202491850846496
0.8202549102241021
0.820260434622407
0.8202661458103954
0.8202727561061877
0.8202798274519238
0.8202874940367508
0.8202941062896296
0.8203006918691301
0.8203078551645917
0.8203161491391198
0.8203265303227453
0.8203404543879483
0.8203593722513727
0.8203889655640896
0.8204258172284246
0.8204529849122938
0.8204728599192691
0.8204889281023553
0.8205029028381241
0.8205166580582204
0.8205335007897417
0.8205438259267243
0.8205547782238006
0.820564284231222
0.8205727996672967
0.8205814888804769
0.8205913491362574
0.8206040230268318
0.8206168858233469
0.8206276471783731
0.8206384638888917
0.8206502483430919
0.8206640100084438
0.8206810612627333
0.8206973154250607
0.8207139135753614
0.8207318752223794
0.8207526706319836
0.8207746621280693
0.8207987485284656
0.8208268532575745
0.8208597362537438
0.8208966316988687
0.8209370347716469
0.8209802885021205
0.8210288134519589
0.8210741482666598
0.8211240440865866
0.821184793763641
0.8212715202467747
0.8213746581025277
0.8214839063943022
0.8216095107191942
0.8217665981853146
0.8217960785634464
0.8218349008989668
0.8218742694355602
0.8219037962537618
0.821944964985293
0.8219747950457202
0.8220087784223019
0.8220546713978152
0.8221112222979797
0.8221857950054641
0.8222857704132225
0.82241696965441
0.822581267850094
0.8228570785390978
0.8233391973278003
0.8237435479043922
0.8240674417289632
0.8243510835768113
0.8246193382913943
0.8249238371490176
0.8251653122448365
0.8254178023803653
0.825638680942859
0.8258431783171665
0.8260459744491132
0.826257964689741
0.8265056796672171
0.8268990303234599
0.8271956662799527
0.8274471872308428
0.8277074963492104
0.8279914465339459
0.8282867997869734
0.8286046852882683
0.8290213365277308
0.8295310266662954
0.8299
0.8299015078168516
0.8299045234505548
0.8299105547179612
0.8299169816951997
0.8299285402257189
0.8299422253127954
0.829957386418252
0.8299717963503161
0.8299759603419616
0.8299814531158426
0.8299856233465307
0.8299885915318331
0.8299914057951622
0.8299944411639728
0.8299972205819864
0.8300000000000001
0.8300015078168517
0.83000293689514
0.8300046688377642
0.8300081327230127
0.830011750675293
0.8300149764103766
0.8300175151705098
0.8300193336119067
0.8300209310209682
0.8300229388928498
0.8300250840287423
0.8300267693440554
0.8300285053820133
0.830030457679881
0.8300328651561009
0.8300361595357718
0.8300411548995625
0.8300451950343726
0.8300482267922827
0.8300508194346222
0.8300532339984175
0.8300558607971318
0.8300585609278526
0.8300615175432358
0.8300639542287193
0.8300661832701439
0.8300682916552165
0.8300702597954314
0.8300721402191918
0.8300740397369872
0.830076198076312
0.8300784407542344
0.8300808876671084
0.830082999868768
0.8300851007159443
0.8300873862134103
0.8300900359885955
0.8300933320051354
0.8300976798552656
0.830103799038334
0.8301132405080749
0.8301218616751251
0.8301295842500239
0.8301376802066625
0.8301466864742868
0.8301577472288871
0.8301707434690224
0.8301819059011729
0.8301902866590946
0.8301981358479723
0.8302094230581388
0.8302186464551932
0.8302266208369433
0.8302353061922614
0.8302443635475302
0.8302529900402754
0.8302614297610375
0.8302700247828461
0.8302795498777183
0.8302910946779063
0.8303017264950954
0.8303120018065199
0.8303220900815295
0.8303328194204088
0.8303450435051803
0.8303545212026855
0.8303628257926362
0.8303706313860085
0.8303781962856435
0.8303861694622411
0.8303958668148588
0.8304046464484204
0.8304145121308975
0.8304236110866087
0.8304328594359028
0.8304431209169344
0.8304551503939982
0.8304704758829967
0.8304906009158961
0.830519793563276
0.830557419661854
0.8305898223044512
0.8306192222195747
0.8306479629166655
0.8306778462084486
0.830713309063934
0.8307678386734719
0.8308111320420251
0.8308489343011826
0.8308886107787549
0.83090856435321
0.8309314330051933
0.8309513304853391
0.830974312903086
0.8309959649126454
0.8310150466877696
0.8310362419937155
0.8310624663245162
0.8310943066694739
0.8311184233227826
0.831139132824673
0.8311610249667464
0.8311820326194059
0.8312052296071332
0.8312404684438159
0.8312803366890776
0.8313103852090435
0.8313316461781427
0.8313491955204322
0.8313679699271864
0.8313855435999665
0.8314041325072866
0.8314224270853676
0.8314423725002104
0.8314672639241547
0.8314979444033875
0.8315253929157268
0.8315488927725729
0.8315709636041541
0.8315945968215847
0.8316111034778775
0.8316331712675434
0.8316512769389983
0.8316671028491698
0.8316828004065586
0.8316993580535138
0.8317198913470777
0.8317391566074516
0.8317605783987487
0.8317806289964446
0.8318012858211652
0.8318243420318165
0.8318523587290538
0.8318871682699003
0.8319350339925329
0.8319969206872722
0.8320693933353253
0.8321638261035043
0.8322960178448026
0.8324637500415308
0.832625625640606
0.8327789658042575
0.8329474272408295
0.8332325850973729
0.8336209754978885
0.8340713461995078
0.8345895744346726
0.8351860666522807
0.835876782669496
0.8366855041585711
0.8376421398749181
0.8386966501106965
0.8398457679219276
0.8399
0.8399057204284932
0.8399171612854797
0.8399315650413849
0.8399478203326115
0.839961670051145
0.8399755126926775
0.8399877563463387
0.84
0.8400057204284932
0.8400134360282666
0.8400243515631557
0.8400361988739744
0.8400497541587404
0.8400657013773484
0.8400802336458781
0.8400958361523556
0.8401146507268361
0.840140203327868
0.840174942434126
0.8402163771948953
0.8402620643638263
0.8403129551530903
0.8403706406034716
0.8404359994070889
0.8405173546944973
0.8406212373785981
0.8407696336691481
0.8410289887342337
0.8415476988644048
0.8423123522020746
0.843841658877414
0.8458393680795291
0.8480291021929576
0.8499
0.8499054753487147
0.8499164260461443
0.8499383274410033
0.8499537664146143
0.8499695515592542
0.849984775779627
0.85
0.8500054753487147
0.8500134457621902
0.8500243782484269
0.850039831001714
0.8500564618923296
0.8500742326956278
0.8500951364752447
0.8501196503868295
0.8501484892287245
0.8501778685376618
0.8502086674494501
0.8502438281354276
0.8502893650156763
0.8503502541729661
0.850421613824078
0.8505026127597207
0.8505922355767066
0.8506658825796204
0.8507278700815959
0.8507847841824481
0.8508417706121704
0.8509101267740449
0.8509621855113311
0.8510208287958583
0.8510706023437746
0.8511131181857439
0.8511516879059626
0.8511878131918268
0.851224651340074
0.8512684591527331
0.8513087531449052
0.8513532900164738
0.851394142269861
0.851435615005095
0.8514815387424445
0.8515353450783896
0.8516002171439447
0.8516734353183144
0.8517330145486045
0.8517765651386145
0.851815736552172
0.8518565999044573
0.8519113352172133
0.8519787201618956
0.8520306160236408
0.8520830740470262
0.8521418427024243
0.8522126505017791
0.8523079760203054
0.8524239826687289
0.8525317383694571
0.8526418061822824
0.8527616721875113
0.8529015861946635
0.853068407589712
0.8532826641523215
0.8535762321078121
0.8540224247299626
0.8546687041893569
0.8554139157960036
0.8562761187295557
0.8572949573751253
0.8585042174614785
0.8599
0.859902518810638
0.8599075564319139
0.8599176316744657
0.8599274243852622
0.8599373992512197
0.859947344034257
0.8599575814691437
0.859968999152883
0.8599834133704817
0.8599917066852408
0.86
0.8600025188106379
0.860006122852437
0.8600126132821243
0.8600218569446645
0.8600312433682153
0.8600423798077363
0.8600537065699017
0.8600659019494558
0.86008115393849
0.8601012376943942
0.8601249814822196
0.8601528476184285
0.8601829334474073
0.8602148355944493
0.8602542145692237
0.8602968126715412
0.8603453685916411
0.8603933709835655
0.8604483462482354
0.8605125044702363
0.8605810998177529
0.8606583097257512
0.8607530679636028
0.8608793244667843
0.8610281528533827
0.8611998073112401
0.8614106051703647
0.8616760731855477
0.8620412472134447
0.8626215629895866
0.8637821945418704
0.8661015500293923
0.8692879421820038
0.8699
0.8699043950277744
0.8699131850833232
0.8699307651944207
0.869945565711604
0.8699595168168438
0.8699713304036197
0.8699815871867456
0.8699914178544117
0.87
0.8700043950277744
0.870010177305697
0.8700172971921737
0.8700266873385952
0.8700341318976418
0.8700400309699534
0.8700457422163861
0.8700519904808138
0.8700612578814899
0.8700704421971488
0.8700780533761016
0.8700859320282646
0.8700946868912371
0.8701054185687015
0.870119956832123
0.8701400869973739
0.8701736647208151
0.8702408201676977
0.8703225058051516
0.8704152859007332
0.870527139914622
0.8706571214319577
0.8708274854135959
0.8710992593846799
0.871642807326848
0.8724462727290804
0.8739548443018283
0.8769719874473243
0.8799
0.8799074499915124
0.8799223499745371
0.8799428629406737
0.8799624783798482
0.879984766051959
0.88
0.8800074499915124
0.880017434030928
0.8800308946754789
0.8800521099511243
0.8800711657696478
0.8800920697255638
0.8801178955996471
0.8801480123705739
0.8801809080574667
0.8802183239771308
0.8802577031444168
0.8802946295952485
0.88033025018242
0.8803679084270161
0.8804181407978414
0.8804667884781896
0.8805052256396284
0.880543101874913
0.8805819938417339
0.8806196368863919
0.8806505224492205
0.8806759297001054
0.8807015618482628
0.8807307648959586
0.8807601706253824
0.8807863580828201
0.8808140247902415
0.8808456215750057
0.8808854962081286
0.8809414684939123
0.8809887518280407
0.8810273635503509
0.8810626029780164
0.8810984960523223
0.8811336700261143
0.8811713459458707
0.8811999674963973
0.881225176022403
0.8812499536787479
0.8812763434501086
0.88131010944525
0.881342223687838
0.8813754301301756
0.8814070872940608
0.8814401317574585
0.8814773275702591
0.8815228315176307
0.8815801296349303
0.8816594984535514
0.8817788500190998
0.8819839651686093
0.8823420655982793
0.8827435273479592
0.8831928037428546
0.8837060207787382
0.8842956094824378
0.8849845463247342
0.885797793347812
0.8867662152615331
0.8879293954730614
0.8893402283898005
0.8899
0.8899056069763758
0.8899168209291273
0.8899392488346303
0.889955805636115
0.8899739932041081
0.889986996602054
0.89
0.8900056069763758
0.8900132752265917
0.8900258602195679
0.8900451968085971
0.8900623616215115
0.8900808667275703
0.890102180492693
0.8901269977069183
0.8901566035662741
0.8901919570087764
0.8902341213622199
0.8902845385675603
0.8903421393560029
0.8904078275977895
0.8904819963427612
0.8905670568723675
0.8906660205346082
0.8907829655911698
0.8909219199570164
0.8910812779308362
0.8912760465887601
0.8915209318548907
0.8918598434377991
0.892415657525951
0.8935272857022547
0.8952955499861333
0.8986325939642766
0.8999
0.8999089605750922
0.8999268817252765
0.8999501025456372
0.8999724480250818
0.8999862240125409
0.9
0.9000089605750922
0.9000170304040553
0.9000289901385022
0.9000418753343824
0.9000566884345672
0.900068615612867
0.9000789622957825
0.9000895868883444
0.9001025267049482
0.900116700887665
0.900131398984514
0.9001456128092931
0.9001609350288089
0.900179188722801
0.9002018298246585
0.900233604757944
0.9002836374907898
0.9003552164281999
0.9004544670720128
0.9005388855748959
0.900608482055665
0.9006692900515054
0.90072453936376
0.9007809071382
0.9008362708411379
0.9008803320412477
0.9009134306647214
0.9009438528532816
0.9009776201378022
0.9010137336652679
0.9010507090609825
0.9010829376938593
0.9011115370161136
0.9011393005329202
0.9011699292251547
0.9012146496352382
0.9012519425890345
0.9012836309330123
0.9013166624180982
0.9013535727832365
0.9013965980126428
0.901438294449369
0.9015002431627345
0.9015466215857483
0.901579849422823
0.9016103671580966
0.9016412832988373
0.9016777683155914
0.9017237611381741
0.9017657904669
0.9018050177573379
0.9018467730228419
0.9018935591095801
0.9019467890148279
0.9020066342336788
0.9020747896317817
0.9021573136344998
0.9022578400537388
0.9023648680591374
0.9024821244891987
0.9026191245211621
0.9027470738982323
0.9028893723654239
0.9030550841062831
0.9032947115772108
0.9036871541926135
0.9043033551470218
0.9050123969941228
0.9058269167820818
0.9067846321222566
0.9079094022913283
0.9093148320865555
0.9099
0.9099046157092822
0.9099138471278464
0.9099323099649749
0.9099459876515378
0.9099628126731735
0.9099805251680868
0.9099902625840435
0.91
0.9100046157092821
0.9100108849363434
0.9100176253387542
0.9100259720610545
0.9100342900088506
0.9100424226319273
0.9100513252551351
0.9100633361864646
0.9100737162439504
0.9100822510882369
0.9100905294943036
0.9100991453995193
0.9101092940357621
0.9101192449925873
0.9101267039916886
0.910132648897514
0.9101388301892829
0.9101448403611111
0.9101512011991731
0.9101572764223786
0.9101638082772681
0.9101717103469407
0.9101814515050368
0.910195277043815
0.9102093514985129
0.910220130775759
0.9102290555083725
0.9102372387005275
0.9102457521527373
0.9102584080458853
0.9102680420059809
0.9102752888189382
0.9102818617936324
0.9102879540573598
0.9102939877283498
0.9103005509291855
0.9103091717593917
0.9103198552070801
0.9103274030938171
0.9103345892681769
0.9103422678155274
0.9103510450143885
0.9103623033400384
0.9103772322300323
0.9103990470791766
0.9104342795239151
0.9105023274734332
0.9105702109897544
0.9106312334604845
0.9106902831196049
0.9107518862000631
0.9108336807057138
0.9108890620079899
0.9109447998471731
0.9109938003034427
0.9110361690356317
0.9110750960329004
0.911112711662017
0.9111528093049651
0.9112064446438058
0.9112656657619264
0.9113096571702729
0.9113523320135379
0.9113980652854715
0.9114508816389466
0.9115175949241974
0.9116018139546248
0.9116650766922565
0.9117104570955816
0.9117516020935912
0.9117945868246135
0.9118539030989533
0.9119214089751171
0.9119753411780284
0.9120306669324504
0.912092927415043
0.9121684702038491
0.9122701026288127
0.9123885530210237
0.912500572842175
0.9126164074016072
0.9127434280362231
0.9128929658228753
0.9130710649537507
0.9133020783830045
0.9136244172419862
0.9141276734013835
0.914803709995356
0.91558274411701
0.9164884983727747
0.9175628669317776
0.9188505629533845
0.9199
0.9199079746683844
0.919923924005153
0.9199409827411308
0.919958054447015
0.9199764418081242
0.9199882209040622
0.92
0.9200079746683844
0.9200176389786232
0.9200291164415181
0.9200453062810134
0.9200612233432663
0.920080153942775
0.9201027195762751
0.920123396713049
0.9201415836736972
0.9201603691682781
0.9201841243623016
0.9202091648714957
0.9202354381298149
0.9202621242814027
0.9202932846745719
0.9203294661161963
0.9203675003530035
0.9204084818535783
0.9204559922524969
0.9205123753371522
0.9205857851524195
0.9206742555526305
0.9207476209354888
0.920809761418672
0.9208671299955744
0.9209251785364518
0.9210025578119474
0.9210433732329504
0.9210850438992602
0.9211217970305586
0.9211544113829423
0.9211879182608608
0.9212272032078428
0.921265979486261
0.921308836105499
0.9213475837187723
0.9213869616300193
0.9214306002864164
0.9214819163887411
0.9215445281923405
0.9216050590802737
0.9216534792263176
0.9216938583137999
0.9217322111794634
0.9217730065688423
0.9218257510580493
0.9218782491752963
0.9219311461382027
0.9219824120222458
0.9220368376799617
0.9220990074076449
0.9221763114609022
0.9222758403070811
0.9224172412848008
0.9226373412126012
0.9229055046672201
0.923201191375204
0.9235452145313386
0.9239681335786267
0.9244963071366618
0.9252157724564326
0.926065072460235
0.9270743979000613
0.9282725882452144
0.9297269019616384
0.9299
0.9299029060397029
0.9299087181191089
0.9299203422779209
0.9299311823801273
0.9299421505603287
0.9299568502935687
0.929972701383415
0.9299863506917075
0.93
0.930002906039703
0.930008718119109
0.9300161726765839
0.9300310817915336
0.9300439934977989
0.9300578008190424
0.9300738361246109
0.930092382886338
0.9301118087311354
0.930129409554684
0.9301464527722226
0.930165337006488
0.9301839420746907
0.9302041940125907
0.9302221102983591
0.9302399576257852
0.9302589623520162
0.9302787158740439
0.930295935571911
0.9303089492890689
0.9303203004818341
0.9303335029292661
0.9303458158377604
0.9303578720702432
0.9303699443583285
0.9303831619994084
0.9303993369916026
0.9304196143127984
0.9304460320348793
0.9304697987778953
0.930488850330692
0.9305055985027367
0.9305218459984265
0.9305409347024599
0.9305621196406525
0.9305774072083391
0.930590235688624
0.9306022033516044
0.9306139263736454
0.9306266794914066
0.9306433479033636
0.9306634502541078
0.930678710966268
0.9306931894445161
0.930708595272408
0.9307257860571875
0.9307451828289639
0.9307675913908978
0.9307889940139954
0.9308112931282455
0.9308362358417076
0.9308656903414011
0.9308948175353485
0.9309263537295331
0.9309636615950015
0.930996277492566
0.9310232786582889
0.9310461811373627
0.9310677256742382
0.9310904044398175
0.9311173887849817
0.9311509572373844
0.9311806456031783
0.9312084627422528
0.9312380514837703
0.9312711472200579
0.9313085055700057
0.9313504505049273
0.9313973052146336
0.9314530831500568
0.9315205261191589
0.9315962913480936
0.9316771237935701
0.931766504205938
0.9318719077528276
0.9319979191782595
0.9321618975211354
0.9322966232354404
0.9324405092476256
0.9326035105949041
0.9328346750411092
0.933172410546702
0.9335578227738707
0.9340173858497098
0.9344354619558751
0.9348139541191309
0.9352597456984663
0.9357928221907975
0.936376291283555
0.9370146740109497
0.9378005472766566
0.9386346043491797
0.9395932665978827
0.9399
0.939904985265893
0.9399149557976789
0.9399348968612509
0.9399524573318416
0.9399745395351305
0.9400000000000001
0.940004985265893
0.940014955797679
0.9400273053892947
0.9400426259983978
0.9400663337467676
0.9400840404468864
0.9401009719465273
0.9401200860594149
0.9401444427292306
0.9401698359700834
0.9401938101503152
0.9402203472735483
0.9402507724678943
0.9402889966729732
0.9403423311539468
0.940377091669249
0.9404174658375699
0.9404496043953029
0.9404656736741694
0.9404958664384672
0.9405280814209515
0.9405732823240504
0.9406368108037323
0.9407638677630962
0.940921660051273
0.9411126365485261
0.9412655631989956
0.9414252143066811
0.9415597821435242
0.9416225580418234
0.9417400925838011
0.9418715687252108
0.9420651834209156
0.9423640389126623
0.942954372764309
0.9437417666873216
0.9445638859881152
0.9455171568229921
0.9467261693654844
0.9481483219048753
0.9498401439856393
0.9499
0.9499168745102472
0.9499424513517832
0.9499750720684681
0.9500000000000001
0.9500168745102473
0.9500326328377775
0.9500532020500623
0.9500907114411213
0.9501287602929689
0.9501684051429153
0.9502138410233434
0.9502663799973817
0.9503283540199167
0.9504017982996841
0.9504852096834379
0.9505640227482011
0.9506416419379519
0.9507303533445262
0.9508013476776808
0.9508584757403155
0.9509152849730294
0.9509758606156584
0.9510335623062202
0.9511085563730652
0.9511694261656714
0.9512278304156808
0.9512831640542224
0.9513413863802085
0.9514174223162086
0.9515027155564023
0.9515767253066504
0.951653231902394
0.9517380045253491
0.9518235130465836
0.951900567136023
0.9519829714842746
0.952078691886068
0.952183032217661
0.952275463372217
0.9523641637293345
0.9524691366257179
0.9525375237566663
0.9526079689040317
0.9526716297850608
0.9527331817656572
0.952802429151575
0.9529005099936078
0.9530062376237699
0.953090114119935
0.9531750035641424
0.9532679996774546
0.9533812466582231
0.953526354931654
0.9536908632201235
0.9538724341803624
0.9540686825207753
0.9542360474053928
0.9543970851587719
0.9545781473624539
0.9548235580851651
0.955083614372306
0.9553114586032594
0.9555564584899576
0.955836044602531
0.9561884678016631
0.9565124093174003
0.9568910698213475
0.9573835233094158
0.958006439066752
0.9588590654756811
0.9599
0.9599070000703035
0.9599210002109105
0.9599490004921246
0.9599651632309414
0.959982377418914
0.959991188709457
0.96
0.9600070000703035
0.9600142507031045
0.9600244910098336
0.9600371567774763
0.9600526011511367
0.9600668615020225
0.9600783579861232
0.9600893769505365
0.9601016034918819
0.9601186107728892
0.9601364405259785
0.9601516960835818
0.9601677400998664
0.9601859729761651
0.9602088677705441
0.9602329931948395
0.9602582642503616
0.9602794377705279
0.960298853117012
0.9603195373109386
0.960347048371809
0.9603776243375094
0.9604050166241545
0.9604330342575813
0.9604642629412538
0.9605034237338483
0.9605510915473977
0.9605982681729598
0.9606462938517867
0.9606985496316749
0.9607591221414034
0.9608306563618333
0.9609017888306581
0.960968524525953
0.9610728209344058
0.9611483363588202
0.9612178572783666
0.9613011706535427
0.9614211166728285
0.9616420964222927
0.9620068620535148
0.9624139547297585
0.9628680082786321
0.9633850956294027
0.9639825724869803
0.96467981238757
0.9655437147899176
0.9665997326822086
0.9679334205358602
0.9697206586171462
0.9699
0.9699046163095681
0.9699138489287045
0.9699289463403983
0.9699421463581315
0.9699587618395471
0.9699795882804102
0.9699897941402051
0.97
0.9700046163095681
0.9700103452152427
0.9700171069020502
0.9700271595266915
0.9700367659244875
0.9700452830440768
0.9700534380024288
0.9700620678166821
0.9700740495460937
0.9700842204986226
0.9700921774945097
0.9700998575985251
0.9701073159484241
0.9701138585139698
0.9701192518606863
0.9701243226823558
0.9701306653942865
0.9701381025957299
0.9701436908509761
0.9701493254736251
0.9701555777720549
0.9701632225726671
0.9701737986790537
0.9701886312080082
0.9702051561743209
0.9702171203019627
0.9702263438815238
0.9702344276121935
0.9702423397170443
0.9702521724370091
0.9702595848468786
0.9702671633930422
0.9702739638666701
0.9702801739643065
0.9702861558077599
0.9702921208144499
0.9702985549063787
0.9703069294656456
0.9703142838084704
0.9703215158080505
0.9703284827325027
0.9703357582287022
0.9703439637312706
0.97035398126493
0.970366536158977
0.9703836681217541
0.9704088353757808
0.9704505601564302
0.9705149614151642
0.9705789957609655
0.9706396062025171
0.970690512928511
0.9707293948196984
0.9707651886491969
0.9708050919631582
0.970846480193486
0.9708892711804336
0.9709280697967245
0.9709611442896077
0.9709915579552029
0.9710225629819325
0.9710608772483388
0.9710965856024639
0.9711323163871673
0.9711667223578065
0.9712031881609074
0.9712452094550054
0.9712935242949301
0.9713389728707029
0.9713995659686339
0.9714481423432897
0.9714846995527107
0.9715186421623034
0.9715535770406293
0.9715949798912925
0.9716470813547604
0.9716941145438244
0.9717383409237361
0.9717856257820604
0.9718386624221065
0.971899371680736
0.971967243634851
0.9720470434934674
0.9721412921286936
0.9722548725254776
0.9723782359061943
0.9725165456542381
0.972681460634485
0.9728818320767794
0.9731473009180074
0.973528325907051
0.9741128964700222
0.9747896338676645
0.9755703606595858
0.9764902612429186
0.9775679769033078
0.9788900556541008
0.9799
0.9799043088921049
0.9799129266763147
0.9799301622447343
0.9799447202368737
0.9799616636220476
0.9799835821263564
0.9799917910631781
0.98
0.9800043088921049
0.9800089057714518
0.9800158778106
0.9800285033882103
0.9800411911456226
0.9800524125717139
0.9800630540825064
0.9800741234354017
0.9800892260652284
0.9801036786420184
0.9801148440815587
0.9801258886977041
0.980137703725393
0.9801507448105804
0.9801633849679682
0.9801729262058041
0.980180628180451
0.9801887876909656
0.9801963455348826
0.9802045437285473
0.9802124781352535
0.9802210344393532
0.9802314244302406
0.9802442479759507
0.9802624612529477
0.9802796605985513
0.9802929611349671
0.9803042418818892
0.9803147781927671
0.9803261787672319
0.9803364552736432
0.9803480530300869
0.9803575166167138
0.9803658862233494
0.9803738351673351
0.9803816411415088
0.9803899780916632
0.9804004535544487
0.9804099305766161
0.9804198197000511
0.9804291604084326
0.980438809425099
0.9804495885834468
0.9804626575477291
0.9804788915169859
0.9805010113552489
0.9805334442271741
0.9805871372874496
0.9806945234080006
0.9808210468045175
0.9809624038109529
0.9811267121413856
0.9813318572122681
0.9815704864405
0.9818493076152376
0.9821753438659386
0.9825561588059556
0.9830026414884202
0.983527545060598
0.9841462360761645
0.9848779510874902
0.9856801839239986
0.9863451249279693
0.9872442940707484
0.9879531485900582
0.9885963155122012
0.9894503943617741
0.9899
0.9899059252088324
0.9899177756264971
0.9899414764618265
0.98996433525054
0.98998216762527
0.99
0.9900059252088323
0.9900143506372666
0.9900278144717772
0.9900505107055877
0.9900753942059942
0.9901018163385708
0.9901320274512253
0.9901669771366027
0.9902080413333973
0.9902565837100263
0.9903139491044971
0.9903687292682027
0.990416588240411
0.9904613205756627
0.9905071018319692
0.9905629202697406
0.9906043433476668
0.9906479679106593
0.990684708669779
0.9907158472493711
0.990744276566182
0.9907716885426215
0.9908011355891672
0.9908417133941378
0.9908833197674154
0.9909151885487565
0.9909465563911685
0.9909802904641128
0.9910195413686819
0.9910579015678423
0.9911000039546369
0.9911484707782153
0.9911923713979216
0.9912277298665056
0.9912604309002596
0.9912937061863022
0.9913322578968758
0.9913997406784193
0.9914496475624285
0.9914925426800469
0.9915379265998693
0.991588282871658
0.9916432482989589
0.9917097964276913
0.991754312573415
0.9918012963594179
0.9918428438655662
0.9918815659452431
0.9919225228577536
0.9919716023935197
0.9920238114646384
0.9920804009117431
0.9921318509546165
0.992184808426141
0.9922438132604711
0.9923156600175819
0.9924063272381844
0.9925331747634131
0.9927270842767565
0.9930693432598606
0.9935532204986426
0.9941501924064834
0.994826156457761
0.9955986368279289
0.9964958306031683
0.997556629928896
0.998844401052941
0.9999
0.9999057573463737
0.999917272039121
0.9999403014246155
0.9999586205763306
0.9999778062570113
1.0
