0.0
0.001
0.003
0.007
0.0099
0.009915227897287441
0.009945507636541749
0.009958683253188307
0.009972528817516063
0.009987275630599157
0.01
0.01000726426157521
0.01001599951823193
0.01002402493174968
0.01003446935710405
0.01004488399149959
0.01005685079634537
0.0100740082222345
0.01009279666708577
0.0101074325366357
0.01012190742825519
0.01013701701842234
0.01015223312508897
0.01016945795126055
0.01019344189141651
0.01022318845840137
0.0102458348112858
0.01026835340378971
0.01029304987265322
0.01032240565111466
0.01036131782922691
0.01041407703930435
0.01049964009289353
0.0105995012962506
0.01071241716584666
0.01084178502685855
0.01097567840537183
0.01110812461918665
0.01124308885085755
0.01138157758881618
0.01152380041246987
0.01167137342506484
0.01183074059405389
0.01203130035159825
0.01220422904052159
0.01234987625195465
0.01248829653537617
0.01262323585230071
0.01273593683744717
0.01283497474145407
0.01293056923239361
0.01304110100261197
0.01311833330821882
0.01319731564782837
0.01326701643347505
0.01333337759573142
0.01340564545374087
0.01349752422610464
0.01360226908335738
0.01370207975927852
0.01379598662662988
0.01389443574976243
0.01400459238336606
0.01413885836379727
0.01430722098618874
0.01454021354241387
0.01480714203836695
0.01511987958317505
0.01550147542855393
0.01594303170129455
0.01646184601768438
0.01709561181876668
0.01790570540894958
0.0190103474022703
0.0199
0.0199096705000727
0.01992901150021809
0.01994771462834008
0.01996796101894754
0.01998678526251093
0.02
0.0200096705000727
0.0200200863153802
0.02003227947139689
0.02004835050679115
0.02006026942434174
0.02007023218909853
0.02008091350761803
0.02009913395953098
0.02011296447399469
0.02012981239791079
0.02014219041511777
0.02015455732568824
0.02016642150168891
0.02018237057383716
0.02019524976461458
0.02021083212355352
0.0202308082213133
0.02024897566138121
0.02026692322596279
0.0202886904781428
0.02030961508908429
0.02033237347599138
0.02035892961076121
0.02039101041635174
0.02042395009456342
0.02047216024571004
0.02052118550371074
0.02056765655459311
0.02061491208716285
0.02066535773626745
0.02072215944570068
0.02078451395684469
0.02084202260774251
0.02088767697094761
0.02092619687180665
0.02096494072730079
0.02102264283578158
0.02106894824212523
0.02110760478041122
0.02114800762683238
0.02119269003667589
0.02124803038695297
0.02132346306371521
0.02139140212838063
0.02144952392104126
0.02150371569640324
0.02155969440657737
0.02161243209922402
0.02167032125119723
0.0217141962886632
0.02175267414542924
0.0217906327645167
0.02183100720140438
0.02188139076356103
0.02193020662681424
0.02198442104072675
0.02203442712303913
0.02208519009652259
0.02214081134645865
0.02220668356019548
0.02228633896380394
0.02239117313837419
0.02253763764024777
0.0227599448936861
0.0231411195548398
0.02363653462036186
0.02418848752999174
0.02481096134571802
0.02551986064782572
0.02633810550464227
0.02729649361476677
0.02843033257441994
0.02978503447034976
0.0299
0.0299061908768456
0.02991839663637625
0.02992760471676712
0.02993618549983828
0.02994860009678422
0.0299646757925182
0.02998027540452027
0.02999013770226013
0.03
0.0300061908768456
0.03001322642884473
0.03001985384997042
0.03003052724419095
0.0300442862161213
0.03005944633446969
0.03007313923332819
0.03008837035172269
0.03011423010042519
0.03013684005368768
0.03015705867937513
0.03017617816814882
0.03019487730012656
0.03021525878451996
0.03024250574936077
0.03026678724980194
0.03028630066690329
0.03030368657759305
0.0303194138419089
0.03033367409064741
0.03034677405131843
0.03035918671809172
0.03037181990397481
0.03038602172108885
0.03040765792289045
0.03042577475814514
0.030440214610221
0.03045460732890526
0.03046987617968624
0.03048747471398494
0.03050897382817677
0.03052939367914907
0.03055017034000642
0.03057380957863512
0.03060090138396985
0.03062125926584627
0.03063736195826036
0.03065210182045906
0.03066655299169316
0.03068204174113522
0.03070081761729052
0.03072275932869881
0.03074558893422583
0.03076438967096592
0.0307840666152929
0.03080526687714061
0.03082752764592736
0.03085672443588543
0.03088456145414059
0.03091329252721577
0.03094576102707187
0.03098444316017504
0.03103474477443052
0.03110549432620461
0.0311814089218265
0.03125942479454631
0.03134289049584753
0.0314348154366363
0.03151823581239795
0.03158660599899571
0.03164799144475118
0.03171572301637158
0.03177827924112144
0.03184701389689235
0.03191203731122853
0.03198003779578794
0.0320606530056548
0.03214703627776917
0.03222149220278362
0.03228738268161508
0.03234900607480198
0.03241051388206839
0.03248075055621138
0.03253206059701727
0.032598089068617
0.03265331097673453
0.03270217076908787
0.03275068058382506
0.03280102302929229
0.03285845748126989
0.03293720019004236
0.03303816619420098
0.03311048716407582
0.03317912759384235
0.03325137840208901
0.03333375212098444
0.03343134726608712
0.03355721668297756
0.03372797808942598
0.033974377460943
0.03436224858550097
0.0350786499248671
0.03589446532808103
0.03680530232576977
0.03785656014720326
0.03909226188839361
0.0399
0.03990611199626903
0.03991833598880708
0.03992869596278154
0.0399384880824963
0.03995316229696041
0.03996975360945128
0.03998708874919311
0.04
0.04000611199626903
0.04001440903116649
0.04002177025025989
0.04003644086737153
0.04005130227644643
0.04006806988885134
0.04008784917361959
0.04010840133484318
0.04012876844997156
0.04015129358146718
0.04017951519292177
0.0402067502260789
0.04023837943309386
0.04027094914934806
0.04031671396347952
0.04036088760927253
0.04040372093353176
0.04045112371070986
0.04050503322627629
0.04057026137658484
0.04065156657305524
0.04075603658656484
0.04086107978765132
0.04096054636858212
0.04105814621646356
0.04115883328009181
0.04125307034442778
0.04133135663010796
0.04142049310263987
0.04150154423837737
0.04157578727999823
0.04164800490102129
0.04172275323091766
0.04181211272470606
0.04194057498766689
0.04203335810150756
0.04211561162047803
0.04220139258102145
0.04229559871389553
0.0423922938958347
0.04250037316340403
0.04259047955708763
0.04267388051013865
0.04276199976329953
0.04283800504492473
0.04295411888777395
0.04306071500553774
0.04315536837555036
0.04324649192694352
0.04333931807632301
0.04345298580266141
0.04353307330225441
0.04361689779139487
0.04369140084674841
0.04376079529135497
0.043832460447085
0.04391222877898205
0.04401515243343439
0.04411425731475118
0.04422233228689355
0.04432326785659195
0.04442587568827581
0.04453798353821534
0.04466973607637589
0.04482743069848459
0.04503128903211703
0.04530885451293203
0.04572581556410566
0.04633477938845609
0.04731963212429702
0.04845334518355766
0.04979063177789175
0.0499
0.0499059130556688
0.0499177391670064
0.04994088788406664
0.04996310324962506
0.04998155162481253
0.04999077581240627
0.05
0.0500059130556688
0.05001178916008785
0.05002354136892596
0.05004689394817738
0.05006780069793276
0.05009021710123749
0.05011753482167986
0.05014941030560635
0.05017735028745483
0.05020228055360926
0.05022593451487736
0.05024993779878528
0.05027467385669332
0.05030626027656306
0.05033007915507962
0.05035272521693268
0.05037311317568941
0.05039097842108728
0.05040702489265226
0.050421877924368
0.05043653669523888
0.05045271086739742
0.05047725933170315
0.05049743494332708
0.05051360532154442
0.05052982925938771
0.05054714059311183
0.05056728579596463
0.0505927885059851
0.05061969014800179
0.05064397058966253
0.05067169098821385
0.05070142846719564
0.0507236464427742
0.05075013953172541
0.05077538038058125
0.05080452252882255
0.0508344271033777
0.05086558620472533
0.05089532351677409
0.05093387284430055
0.05097640369419875
0.05102368918632588
0.0510705925240174
0.05111428031863507
0.05115906276227263
0.051207661481021
0.05126460616429381
0.05133231153913172
0.05141885021534565
0.05153535172551104
0.05170410836994258
0.0519714747497888
0.05227269277339
0.05260959890000574
0.05299186069420382
0.05342666356618182
0.0539272589560051
0.05450780138656902
0.05518463737718787
0.05598228476840585
0.05691444392190468
0.05798488774257994
0.05921332315335089
0.0599
0.05990402097757686
0.05991206293273056
0.05992814684303797
0.05994128975219324
0.05995640563529318
0.05997262259005996
0.05998769495285586
0.06
0.06000402097757685
0.06000958393077301
0.06001910822920037
0.06002775994627516
0.06003644230195167
0.06004670788585751
0.06005740572758778
0.06006531328998561
0.06007230747535234
0.06007888498298829
0.06008701562660473
0.06009509234635298
0.06010874597902414
0.0601209372508981
0.06013068277803404
0.06013997441945759
0.06015134683720172
0.06016353147362294
0.06017801066124574
0.06019676923516746
0.06022398650040135
0.0602677006415866
0.06031850171447773
0.06037710659873988
0.06044848166091368
0.06054034198148978
0.06064523965099233
0.06074333020616702
0.06083928022509836
0.06094279006123868
0.06104946749780721
0.06114378987230625
0.06124713534653176
0.06133525361120594
0.06140222803993418
0.06147297996189255
0.061538207091494
0.06162583767535508
0.0617173114689275
0.06179855574055899
0.06188157105062998
0.06199728051645986
0.0621035356006021
0.06218970013525721
0.06227878280406012
0.0623776651809279
0.06249748375245185
0.06260331791124306
0.06269924043637624
0.06279588008144729
0.06291746516009064
0.06299235873023937
0.06306724038639708
0.06313569753906888
0.06320108898019117
0.06327198534978905
0.0633587977118537
0.06345047843981345
0.06355077376874817
0.06364106799506121
0.06373204751357686
0.06383080831341459
0.06394666583302307
0.06408562611128886
0.06426611047127129
0.06451322231599513
0.06487780107782298
0.06549886413079041
0.06647084254685233
0.0675780969394489
0.06883838437528912
0.0699
0.06990613003798839
0.06991839011396515
0.06993521980003345
0.06995162615149993
0.06996818296667844
0.06998362050415717
0.0699918102520786
0.07
0.07000613003798839
0.0700123583786417
0.07002217106755225
0.07003249616484276
0.07004470961156442
0.07005783099867285
0.07007098185769832
0.07008179630409969
0.07009126395700152
0.07010068185113418
0.07011122400631077
0.07012649260439183
0.07014323622617019
0.07015663870949851
0.0701701897654519
0.07018504135105877
0.07020277755082856
0.07022618819887955
0.07025738575208115
0.07030623486913512
0.07037087963737101
0.07043791087424799
0.07050976917038622
0.07058635378584896
0.0706692528335761
0.07076159691269293
0.07086912886548348
0.0710010608154863
0.07117331034125027
0.07138737550983569
0.07167102493058361
0.07209120233472714
0.07271787587488807
0.07377957007259621
0.07544824432266715
0.07821272280012599
0.07990000000000001
0.07990957421792863
0.07992872265378587
0.07995001391601543
0.07997493863351422
0.07998746931675711
0.08
0.08000957421792862
0.08001807645612849
0.08002789411878744
0.08004055483541216
0.08006373123628235
0.080081826217359
0.0801093119356678
0.08011715605900649
0.08013284430568388
0.08016422079903865
0.08019577222985252
0.08022723443947857
0.0802610565673789
0.0802997594516992
0.08034866654013642
0.08042097735283196
0.08052999350398066
0.08065503404705134
0.08079771986806995
0.08096208767211836
0.08115191016022044
0.08137301668855845
0.08163140270391886
0.08191701146409205
0.08222107165062664
0.08248510934423918
0.08268367910124354
0.08284118996576548
0.08297285067948582
0.08308825058695421
0.08319534686677371
0.08330057604770405
0.08341308181933527
0.08354044443269425
0.0836575042522336
0.08374051311629722
0.08381250530673089
0.08388374982957651
0.08396423950015952
0.08404731729316328
0.0841192192802539
0.08420271020736295
0.08427204338949906
0.0843614864289092
0.08445878524686981
0.08457440424658384
0.0846740899118381
0.08474975974726383
0.08481771785771709
0.08488555094895102
0.08496122426192224
0.08505077040094759
0.08516247826180004
0.08525994785205494
0.08535485979564256
0.08545702284214944
0.08556906011077224
0.08569547382372406
0.08584063370797204
0.08600663158879274
0.08620224167956955
0.08641643711407125
0.08666199289601381
0.08694585493010891
0.08719227712605389
0.08743101160886145
0.08775278679358736
0.08809170100393861
0.08843093355422067
0.08893250241071009
0.08952156897819682
0.08990000000000001
0.08991070041342263
0.08993210124026786
0.08995563240604015
0.08997500716911683
0.08998750358455841
0.09
0.09001070041342261
0.0900210016371487
0.09003132214009447
0.09004828025432877
0.09006995935987525
0.09008900021038559
0.09010571797149763
0.090121545214929
0.09013813286768985
0.09016126569332604
0.09018237426044474
0.09019830106446433
0.09021356012699734
0.09022929684494672
0.09024614187918208
0.09026315999624225
0.09027751260333412
0.09028893293910187
0.09029928028174057
0.09031090533357312
0.0903213142945749
0.090332896901917
0.09034382475991869
0.09035515991435451
0.09036785073549532
0.09038301852540859
0.09040275154234836
0.09042779485688514
0.09045556618778562
0.09047767729069896
0.09049600810112556
0.09051277685614066
0.09052983442692492
0.09055272108729902
0.09057321314248662
0.09058778373024845
0.09060062051127192
0.09061270802869878
0.0906248473153519
0.09063843297745654
0.09065735124957772
0.0906778437311753
0.09069328701038042
0.0907082623269009
0.09072420660455932
0.09074240747576778
0.09076534958396865
0.09079504270602469
0.09083681589332451
0.09090048203973457
0.09101095627028867
0.0912026844354788
0.09133866422810881
0.09146260315742638
0.0917047109162908
0.09198037810472451
0.09228144751507494
0.09264231571689653
0.0930419560716392
0.09350783118688576
0.09404444118952691
0.09466377452909709
0.0951875005726427
0.09599497210672113
0.09693673934604287
0.09807418368376548
0.09941170794726865
0.0999
0.09990767101569897
0.09992301304709691
0.099941878007007
0.09996130695186535
0.09997879667238124
0.09998939833619062
0.1
0.100007671015699
0.1000165888954093
0.1000285926789232
0.1000439449054841
0.1000608792054662
0.1000802178340171
0.1001008084086974
0.1001217511948698
0.1001460973749964
0.1001754705926251
0.1002148381006545
0.10025882446081
0.1003019728144363
0.1003519176025731
0.1004010808558242
0.1004548200097125
0.1005143061667124
0.1005870005714714
0.1006753139824249
0.1007843554125161
0.100817495311654
0.1008837751099299
0.1010163347064815
0.1012083310607085
0.1014280908255134
0.1016753577681171
0.1019560076929836
0.1020347535203926
0.1021410597123615
0.1022391000058855
0.1023373601143488
0.1024956407517459
0.1028122020265401
0.1033410316429182
0.1039383601257272
0.1046062248532541
0.1053678567858725
0.1062455596507671
0.1072786069018881
0.1085198622135442
0.1099
0.1099023432712361
0.1099070298137082
0.1099164028986525
0.1099256217459961
0.1099330753642022
0.1099408458095727
0.1099495811713751
0.1099599481672997
0.1099685063042992
0.109977019934711
0.1099873876340568
0.11
0.1100023432712361
0.1100070298137082
0.1100129883891922
0.110020788989186
0.1100293731909945
0.1100394031319528
0.1100491263727201
0.1100584347834823
0.1100680645228299
0.1100771569425537
0.1100861605510474
0.1100945170460138
0.1101026030805288
0.1101111289088194
0.1101196445264458
0.1101271124436893
0.110133511853963
0.1101390147325978
0.1101442442212032
0.1101503375676536
0.1101576648391011
0.1101640072379605
0.110169971783807
0.1101755388205585
0.1101807246481243
0.1101860046896394
0.1101922991639743
0.1101977311687722
0.1102039660140813
0.1102096858617997
0.1102154173134423
0.1102216835344287
0.1102288636666394
0.1102377301559247
0.1102459187113133
0.1102534785794162
0.1102609584025889
0.1102690399060478
0.1102772368026017
0.1102857459598723
0.110293182368474
0.1102996988234859
0.1103053859357368
0.1103100277854704
0.1103139906183666
0.1103175351206079
0.1103208305579639
0.1103240337175525
0.1103272865796368
0.1103307608678746
0.1103347699946045
0.1103404367043168
0.1103461329834805
0.1103508729059107
0.1103553726274292
0.1103599511416143
0.1103649100817647
0.110370577014907
0.1103756260095251
0.1103798156730085
0.1103830313156573
0.1103867007857604
0.110389700744674
0.1103919306844982
0.1103941351521715
0.1103961934976967
0.1103982226706656
0.1104000792550597
0.1104033864534528
0.1104058928124443
0.1104081990996758
0.1104106319235841
0.1104132167580608
0.110416003813189
0.1104190833065257
0.1104228235241937
0.1104267197635034
0.1104304592846607
0.1104339495479004
0.1104380608015925
0.1104435511366862
0.1104474802055049
0.1104509918245061
0.110454571037057
0.1104585140973721
0.1104641529023718
0.1104696387178093
0.1104744600278633
0.1104792512845402
0.1104840551200755
0.1104890008345194
0.1104945765470281
0.1105019169042461
0.1105074169289783
0.1105113136539309
0.1105146562046407
0.1105177582504054
0.1105209732608964
0.1105247620061583
0.1105291312691754
0.1105332241922799
0.1105370750199472
0.1105410943853683
0.1105455264630175
0.1105507838460991
0.1105564750999227
0.1105618658736972
0.1105642941507508
0.1105666360186617
0.110569345673817
0.1105719539760266
0.1105743008169266
0.1105770778868458
0.1105812547765804
0.1105891859702378
0.1105997772803441
0.110611586146005
0.1106243061316355
0.1106371018470926
0.110650095499512
0.1106639057472149
0.1106792055544504
0.1106968224204573
0.1107182242181427
0.1107446321139314
0.1107710403215326
0.1107952002500371
0.1108150134474301
0.110839402963127
0.1108609987766157
0.1108924853266753
0.1109255012614744
0.1109490104049339
0.110968834969073
0.1109874467437601
0.1110061385393999
0.1110265563905757
0.1110504570072088
0.1110816005484581
0.1111159107336652
0.1111546966822463
0.1111893413300297
0.1112201626658209
0.1112543595564186
0.111289785755125
0.1113288334131741
0.111374227828837
0.1114295435670634
0.1115003821308628
0.1115964863353834
0.1117370755356517
0.1119658531791311
0.1121912849281173
0.1124009982500149
0.1125603942585624
0.1127197695281261
0.1128655829617567
0.1130423477145958
0.1133101280154809
0.1135274070172339
0.1137595796660541
0.1140177606959897
0.1143636336672797
0.1149001432007065
0.1158624723721313
0.1169589379070403
0.1181924278549333
0.1196067638676995
0.1199
0.1199193791994487
0.1199581375983461
0.12
0.1200193791994487
0.1200398503730666
0.1200658938004367
0.1200954322088698
0.1201319883151544
0.1201724383564028
0.1202195286487833
0.1202691429397423
0.1203192701729512
0.1203774017351117
0.1204341168872146
0.1205163553529885
0.1206538114257838
0.1208203510162611
0.1210596270986243
0.1213442363199942
0.12169057009115
0.1221649805878077
0.1227065018018766
0.1235457890630687
0.1246641959374626
0.1264012693117618
0.1295374559261206
0.1299
0.1299069753028619
0.1299209259085857
0.1299488271200333
0.1299706886681265
0.1299853443340633
0.13
0.1300069753028619
0.1300155307133611
0.130028774137835
0.1300491225287881
0.1300672592242282
0.1300902842958447
0.1301128808816257
0.1301403288207104
0.1301673346566087
0.1302044691534177
0.1302370114978537
0.1302756037801437
0.1303202390795441
0.1303711835400163
0.1304183619024992
0.1304720127965148
0.130536881511866
0.130614142506746
0.1307041156318088
0.1308104741612907
0.130941793452709
0.1311149837913753
0.1313662893031973
0.1315527546125752
0.1317118021466303
0.1318733626782483
0.1320283383298248
0.1322015646890238
0.132504285136846
0.1329775499908408
0.1338129657167142
0.1347877274836617
0.1360011313332984
0.137434703183262
0.1391842365829246
0.1399
0.1399031297260607
0.1399093891781821
0.1399219080824249
0.1399334321349737
0.1399467101718331
0.1399624181698484
0.1399820816770436
0.14
0.1400031297260607
0.1400093891781821
0.1400198467882785
0.140031670518666
0.1400434529627087
0.1400576028732374
0.1400756988432162
0.1400945346853912
0.1401168278132929
0.1401445153265027
0.1401750071354887
0.1402077603917244
0.1402468437322508
0.1402932555442489
0.1403064557581651
0.1403306316570899
0.1403569555961537
0.1404028673333427
0.1404479928286375
0.1404888349950471
0.1405284380714033
0.1405690596052876
0.140618016412427
0.1406600753524029
0.1407029013033404
0.1407389112383004
0.1407698566275014
0.1407974461583754
0.1408225988567415
0.1408469685220768
0.14087288101305
0.140906440716691
0.1409352620186811
0.1409636173728847
0.1409907695344637
0.1410188231743255
0.1410500369934136
0.1410876597841424
0.1411334105264468
0.1411817283837831
0.1412339137007264
0.1413003302962614
0.1413536487877488
0.1414036539068378
0.1414517383123179
0.1415005157329483
0.1415543748088678
0.1416202262718144
0.1417386256797878
0.1418240866146876
0.1418959279054515
0.1419700258883271
0.1420492439833073
0.1421442564067774
0.1422615405738308
0.1424177898762259
0.1426389278543223
0.1429812966503653
0.1434474671335943
0.1439777655315957
0.1445842276653705
0.1452856618648631
0.1461074689850238
0.1470915857698658
0.1482744648665488
0.1496567606102906
0.1499
0.1499054927486065
0.1499164782458194
0.1499384492402452
0.1499579443133977
0.1499796158159996
0.15
0.1500054927486064
0.1500141183928087
0.1500266870303049
0.150041288857683
0.1500573797558299
0.1500745106459563
0.1500935018067627
0.1501146845116655
0.1501362886673429
0.1501581428369045
0.1501816737727026
0.1502108508839548
0.1502438943230074
0.1502805154639181
0.150315704959459
0.1503527118092775
0.1503951895947567
0.1504481635421797
0.1505167749646291
0.1506209760132911
0.1507900463627182
0.1508711766405753
0.1509503844096003
0.1510283970443398
0.151116318699551
0.1512338972335045
0.1513395253928191
0.1514541743789988
0.1515655839574493
0.1517072505275742
0.151864161289709
0.1520689403586107
0.1523630694038958
0.152829113582125
0.1537099024801065
0.1548321840980988
0.1560848100827263
0.1577006528668475
0.1596859371716333
0.1599
0.1599104267825211
0.1599312803475633
0.1599642824476108
0.1599821412238054
0.16
0.1600104267825211
0.1600221259188039
0.1600393889644344
0.1600622255092391
0.1600848759856917
0.1601086189279867
0.1601332143342687
0.1601625777298796
0.1601946778520899
0.1602346123950751
0.1602931774806844
0.1603402999512262
0.1604200439254968
0.1605198452468101
0.1606289073026436
0.1607282922528546
0.1608773039384894
0.161014854114542
0.161185964239187
0.1614355835709785
0.1618831236388533
0.1625475050055707
0.1636271883618693
0.1657032578275197
0.1687837238312522
0.1699
0.1699084315668114
0.1699252947004342
0.1699439601168128
0.1699619273676866
0.1699827440937927
0.17
0.1700084315668114
0.1700198324237239
0.1700352867903529
0.1700541867655383
0.1700746516881496
0.170097421674608
0.1701185913440783
0.1701389848804545
0.1701602248331461
0.1701825245706264
0.1702106925159144
0.170246123698882
0.1702858637799326
0.1703209737743152
0.1703563944274972
0.1703905244188791
0.1704337555176492
0.1704797069570737
0.1705322287735742
0.1705963600298493
0.1706789289497058
0.1707933070872467
0.1709662207558564
0.1712655920411997
0.1717498634021258
0.1723587074520326
0.1731252621128535
0.1738159416850185
0.1744562738664321
0.1750325087799267
0.1756166046780932
0.1762301767518178
0.1769574410758681
0.1779242166771174
0.1795474050301084
0.1799
0.1799064862418081
0.1799194587254244
0.1799454036926569
0.1799667968998447
0.1799833984499223
0.18
0.1800064862418081
0.1800141821724367
0.180026687222626
0.1800457915689417
0.1800662754193703
0.1800871807100839
0.180108118544878
0.1801350015941155
0.1801658691237516
0.1801992537628004
0.1802421798857403
0.1802773711719624
0.1803158331137384
0.180362364776292
0.1804098026769952
0.180468977208699
0.1805413535836947
0.1806222885432587
0.1807235934267894
0.1808555744091957
0.1810432572451794
0.1813048164734605
0.1818279349300228
0.1828741718431474
0.1845151104435924
0.1864909744947191
0.1889732037167155
0.1899
0.1899050495246148
0.1899151485738443
0.1899353466723032
0.1899496720256452
0.1899669950878392
0.1899866039378432
0.1899933019689216
0.19
0.1900050495246147
0.190009737371382
0.1900186048379552
0.1900327522536589
0.1900454527075792
0.1900594248773103
0.1900766250587159
0.1900976721017049
0.190119835210744
0.1901455554290333
0.1901787607873882
0.1902234848559541
0.1902747054340186
0.1903159334711083
0.1903651028532009
0.1904138892383613
0.1904736627267365
0.1905467354566625
0.1906545819761145
0.1907357985336383
0.1908469401773248
0.1909861161326272
0.1911498167754979
0.1913319530841782
0.1915226320118229
0.191720525738174
0.191934663681765
0.1922398717066812
0.1925038679788416
0.1927110402115976
0.1929161014499028
0.1931330040715643
0.1933860167571181
0.1936254040995994
0.1938356794984655
0.1940473797187438
0.1943660931289598
0.1946131657532209
0.1948233482555158
0.195030331515908
0.1952611896638839
0.1954161256322652
0.1955772215174467
0.1957228162158712
0.1958670872225449
0.196036619326022
0.1963352721731614
0.1965603756674198
0.1967571398606679
0.1969670283875651
0.1972086825633497
0.1975048972191075
0.1979171159114035
0.1985487735701101
0.1996770483739963
0.1999
0.1999083392268946
0.1999250176806838
0.1999465701836945
0.1999670975514404
0.1999835487757202
0.2
0.2000083392268946
0.2000201865298697
0.200038555366029
0.2000605911151294
0.2000838978563521
0.2001088633386836
0.2001379475822871
0.2001749615455102
0.2002113596040705
0.2002554971159216
0.2003118738368879
0.200357422306626
0.200426637906568
0.2004915313050595
0.2005576467578009
0.2006229193978621
0.2007047960857939
0.2007955757549917
0.2009178595113805
0.2010860197483944
0.2013010756697706
0.2015975662616337
0.2019394965650088
0.2023302375449304
0.2027805105276377
0.203220988466269
0.2036152249410535
0.2039834230896296
0.2043513695567014
0.2047661203168268
0.2054303853627109
0.2059404775019709
0.2063711070578103
0.2068211796653859
0.2072875851722098
0.2078429827545946
0.2085565641262901
0.2092814028441163
0.2099
0.2099120023981414
0.2099360071944243
0.2099680035972121
0.21
0.2100120023981414
0.2100272054625046
0.2100490879537678
0.2100765762334369
0.2101058212948684
0.2101383613928382
0.2101765822776871
0.2102102547428797
0.2102350650422216
0.2102572773037111
0.2102797857430084
0.2103065502527811
0.2103412537183548
0.2103727864885305
0.2104017403884264
0.2104324749488589
0.2104642393236193
0.2104892019094237
0.2105122835563754
0.2105370326641513
0.2105700902564659
0.2106086795877974
0.2106407524574483
0.2106731487340655
0.2107092207970546
0.2107521398161308
0.210808770924336
0.2108712529010139
0.2109300975035123
0.2109909615220688
0.2110575505045813
0.2111349418977913
0.2112267742796678
0.2113445307242821
0.2114846472603315
0.2116683431023059
0.2119296549965298
0.2123650211251666
0.2131372199966449
0.2141227181318225
0.215392443274048
0.2170516818999435
0.2193308745306806
0.2199
0.2199047432175511
0.2199142296526534
0.2199332025228578
0.2199530616973691
0.219973533325746
0.219986766662873
0.2199933833314365
0.22
0.2200047432175511
0.2200094864351022
0.2200189728702045
0.2200350573237125
0.2200557271266877
0.2200805575061791
0.2201103521499422
0.2201404811719137
0.2201732187300201
0.2202101686086863
0.2202529146666608
0.2203040084682221
0.2203595226332018
0.2204232676737556
0.2204844078804342
0.2205647778157682
0.2206500878302868
0.2207589845669788
0.2209025544282693
0.2210694444381612
0.2212721086418344
0.2215173727160198
0.2217123671182285
0.221871134140279
0.2220295894020757
0.2221841644586269
0.2223538158800155
0.2226931187227926
0.2230903614729046
0.2236147335907211
0.2242102843597477
0.2248275030632674
0.2253460044600658
0.2258978910563951
0.226930109883429
0.2283206549523265
0.2299
0.2299048516321376
0.2299145548964127
0.229933961424963
0.2299530709569945
0.2299730756587681
0.2299865378293841
0.229993268914692
0.23
0.2300048516321376
0.2300088577630712
0.2300168700249385
0.2300323292612684
0.2300459059669732
0.2300610711042511
0.2300779735294851
0.2301014586466343
0.2301212991253956
0.2301415579068666
0.230162241031757
0.2301837167505835
0.2302092617738262
0.2302375249784654
0.2302758094542738
0.2303087103055961
0.2303417984681489
0.230375305281294
0.2304116978785533
0.2304658998697926
0.2305089168242665
0.2305435312720835
0.2305782002825465
0.2306148831086337
0.2306583202005404
0.2307041905606625
0.2307413652296897
0.2307713427186774
0.2308009247311198
0.2308469449610756
0.230881277533089
0.2309111587708375
0.2309432823148434
0.230981628808432
0.231029789954162
0.2310843697730361
0.2311298109752055
0.2311689420008521
0.2312058133106111
0.2312448674859175
0.231277059036791
0.2313163123878344
0.2313472203286581
0.2313741010180787
0.2314003412262767
0.231427342625495
0.2314585311929837
0.2315076498467983
0.2315492897169962
0.2315832581972968
0.2316176759358634
0.231654415495606
0.2316981598804796
0.2317516269975503
0.2318228028579397
0.2319232596768837
0.2320780225730766
0.2323488807385341
0.2327530278171835
0.2332078136627641
0.2337228599523649
0.2343145289338424
0.2350006441257336
0.2358084846847833
0.2367686071997282
0.2379181598300804
0.2393054958186892
0.2399
0.2399109671255555
0.2399329013766666
0.2399518440778672
0.2399716571548945
0.2399878816170232
0.24
0.240006884349644
0.2400150865707731
0.2400252071474115
0.2400372472050685
0.2400492001194653
0.2400608715617638
0.2400741210580192
0.240093218351753
0.2401124135293487
0.2401289626490553
0.240146945139394
0.2401670819444765
0.2401930056004589
0.2402306625550905
0.2402776700649516
0.2403174327157123
0.240380845645619
0.2404542269284088
0.2405405402533088
0.240655795149657
0.2408111673531276
0.2410227510511933
0.241288086524219
0.2416249581102373
0.2420634942395469
0.2425993722738793
0.2432300685696241
0.2439398103418343
0.2447130000332553
0.2455077462350164
0.2462519953262111
0.2463910246616222
0.2466690833324444
0.2467399532761107
0.2468816931634432
0.2469139420872914
0.2469784399349879
0.2469924777884873
0.2470205534954862
0.2470334828423073
0.2470487142524299
0.2470633148293567
0.2470771140327548
0.2470901064520546
0.2471022017191964
0.2471162141248496
0.2471239296413366
0.2471319522668607
0.2471392018397497
0.2471466573230953
0.2471540378901898
0.2471620163279885
0.24717337252025
0.2471905822562931
0.2472218249746361
0.2472568318382709
0.2472958746951827
0.2473405768977077
0.2473916819311109
0.2474508721858203
0.2475198931241056
0.2476001961043475
0.247693109806313
0.2478007559690335
0.2479255797101994
0.2480704386476806
0.2482386534781752
0.2484340779559848
0.2486611567634334
0.2489250999482263
0.2492319819265698
0.2495889650986108
0.2499
0.2499131980504951
0.2499395941514853
0.249973515010587
0.25
0.2500131980504951
0.2500291245284686
0.2500496923074104
0.2500814238679153
0.2501189228607582
0.2501585193627074
0.2502026107386875
0.2502493799719069
0.2503058994359165
0.2503743094010282
0.2504473077739329
0.2505305855477894
0.2506256786768713
0.2507363275994925
0.2508815107235916
0.2510055081454207
0.2511068473602163
0.2511941771268282
0.2512715061997338
0.2513447060979884
0.2514183582858325
0.2514908533194247
0.2515526663444888
0.2515994226281285
0.2516412079595329
0.2516840606339015
0.2517337159696053
0.2517796145408001
0.2518196691529472
0.2518569879386126
0.2518941073027463
0.2519353225723216
0.2519966851849036
0.2520519743226748
0.2520961488709303
0.2521403444584507
0.252187810569882
0.2522425069878141
0.2523032280850019
0.2523635271800041
0.2524189600921408
0.2524619711879369
0.2525004770888427
0.2525387713505819
0.2525808840584571
0.2526232887024928
0.2526532630353428
0.2526829669215959
0.2527213613040902
0.2527714311030327
0.2528180283350938
0.2528589108132228
0.2529119803441363
0.2529641870962939
0.253026230508599
0.253108767656128
0.253203471348053
0.2533167031296448
0.2534429734943963
0.2535787135095103
0.2537334194076252
0.2539090485226985
0.2541224590653714
0.2543948076425888
0.2547633392038484
0.2553048712683135
0.2561313502801047
0.2570980048246961
0.2582112593642681
0.2594193982576833
0.2599
0.2599068404006543
0.2599205212019629
0.25994788280458
0.2599690835518115
0.2599845417759057
0.26
0.2600068404006543
0.2600147754467198
0.2600254469227894
0.2600426732186943
0.2600581554429568
0.2600766974355592
0.260098005647778
0.2601211452590515
0.2601436900558954
0.260165169305722
0.2601882185441021
0.2602166063467767
0.2602440450526691
0.2602659565504132
0.2602872474657646
0.2603097100871157
0.2603344760624998
0.2603604505148205
0.2603824000644914
0.2603992005637509
0.260413827232396
0.2604296744765731
0.2604445186337791
0.2604608946702069
0.2604761486340415
0.2604920153933619
0.2605098526237383
0.260531424803924
0.2605599083076461
0.2605968738779739
0.2606285860902414
0.260654560871434
0.2606780442205575
0.2607016428666193
0.2607332016752969
0.2607603016987797
0.260779645956901
0.2607968436735659
0.2608133284983194
0.2608306322265566
0.2608521087880736
0.2608721118187939
0.2608944663654839
0.2609152674220141
0.2609365577852936
0.2609601734832466
0.2609885983579227
0.2610236648455944
0.2610712175977808
0.2611408291964077
0.2612551062642112
0.2614722559149178
0.2616972550397574
0.2618584090797524
0.2621452772918659
0.2624738507898349
0.2628500894914761
0.2632852293433249
0.2637820484560084
0.2643530521613611
0.2650117692435409
0.2657771178925962
0.2666811042686979
0.2675434711976564
0.2687813979358522
0.2699
0.2699054660601901
0.2699163981805704
0.269938262421331
0.2699597486021866
0.2699790625940052
0.2699895312970026
0.27
0.2700054660601902
0.2700114120111312
0.2700233039130133
0.2700396349971474
0.2700567350150038
0.270076014801191
0.2700972219765307
0.2701222429878382
0.2701469535318377
0.2701753224201305
0.2702072003818101
0.2702418249973631
0.2702841650656398
0.270330991372925
0.2703858152959855
0.270458614409085
0.2704859625865371
0.2705319710723567
0.2705782508055361
0.2706369655111041
0.270727756273033
0.2709093377968908
0.2711518955925122
0.271401973574135
0.271599020847659
0.2717736327836648
0.2719201261352354
0.2720813245024596
0.2721979046838897
0.2723267157524121
0.2725685644407523
0.2727460427140919
0.2729180281486043
0.2731071178230465
0.2733344470898515
0.273649593356124
0.2741465114463627
0.2751232025478401
0.2764977584087468
0.2781080030220257
0.2799
0.2799062357103284
0.2799187071309853
0.2799326920918461
0.2799472535398172
0.2799610054361866
0.2799760791212116
0.2799880395606058
0.28
0.2800062357103285
0.2800143657266968
0.2800261792529007
0.2800416776356506
0.2800568417416353
0.2800726975329031
0.2800900127907509
0.2801119316141065
0.2801367637582722
0.2801701787122768
0.2802095920015509
0.2802544203068357
0.2803044978912665
0.280365650281296
0.2804240877402728
0.2804722652536581
0.2805146782633889
0.2805550514062856
0.280598011573843
0.2806599290421698
0.2807088785339455
0.2807433552469086
0.2807724382882064
0.2807980430485173
0.2808224984513204
0.280848980074576
0.2808857627347745
0.2809231544667858
0.2809519336825182
0.2809802648473581
0.2810106791928469
0.2810459610094111
0.2810875378571011
0.28113449230093
0.2811819042944466
0.28122168326233
0.2812536267135587
0.2812831345422307
0.2813133296376126
0.2813489134895418
0.2813906559465955
0.2814347744897427
0.2814737724483872
0.2815135995060435
0.2815574686186695
0.2816103769178851
0.2816762576016795
0.2817665713746318
0.2819000764205953
0.2820948371411875
0.2823157131623308
0.2825605277287168
0.2828490611269318
0.2832054576810012
0.2836823916973971
0.2842491067940143
0.2849076824094641
0.2856776784984988
0.2865897522844997
0.2876696001644054
0.28895001157044
0.2899
0.2899028154159994
0.2899084462479983
0.2899197079119961
0.2899328687130791
0.2899467484285042
0.2899624955226555
0.2899798918292392
0.2899899459146196
0.29
0.2900028154159994
0.2900071052497927
0.2900156527502295
0.2900249299738256
0.2900371891080164
0.2900504880124041
0.2900614538467963
0.290071313930385
0.2900815829400961
0.2900946684940693
0.2901147788494712
0.2901290067325701
0.2901432052180948
0.2901592645175952
0.2901790583021976
0.290201038565987
0.2902236650356825
0.2902411113994313
0.2902559250784912
0.2902718822519208
0.2902834373344007
0.2902920035247883
0.2903005047029549
0.290307759458846
0.2903141773855789
0.2903203428320125
0.2903267500436234
0.290335115530212
0.2903392550056424
0.2903435304714977
0.290347279080729
0.2903506200098055
0.2903541299406323
0.2903582120167334
0.2903629847012512
0.2903672928737228
0.2903713594146265
0.2903756208208857
0.2903803532135419
0.2903860282637811
0.2903918171245785
0.2903974050765744
0.2904032895594645
0.2904098267577296
0.2904177408672016
0.2904274526826672
0.2904301724395538
0.2904336987872433
0.2904374773842789
0.2904401657530423
0.2904430186987456
0.2904458637078169
0.2904488822264068
0.2904526391477909
0.2904584314282353
0.2904686437438334
0.2904799280731097
0.2904923331110694
0.2905064302071684
0.2905231193217415
0.2905434662464708
0.2905700121218875
0.2906068097544411
0.2906620752511682
0.2907439236282862
0.2908393358621998
0.2909532093487207
0.2910809183207008
0.2911853191884058
0.291288229190219
0.2913587013370524
0.291424841014099
0.2914953758072999
0.2915779830112846
0.2916813075990018
0.2917811551721385
0.2918858524217986
0.292032194883448
0.2922012000557652
0.2924835251040666
0.2930481752006693
0.2939142468358444
0.2948465827500215
0.2957816729488565
0.2964906271483715
0.2972034813110583
0.2980270829475894
0.2989688230535363
0.2999
0.2999061303481706
0.2999183910445118
0.2999429124371942
0.2999658002489913
0.2999829001244957
0.3
0.3000061303481706
0.3000138737560622
0.3000290844500308
0.3000489041711237
0.300069112236493
0.3000877917328475
0.3001077520327995
0.3001312751547966
0.3001537197475932
0.3001799078506407
0.3002086994155948
0.3002384081501674
0.3002695515898649
0.3003015212706628
0.3003356111564486
0.3003765787046503
0.3004278127059246
0.300486493805642
0.3005376966072175
0.3005900342787984
0.3006495219936098
0.300719139723172
0.3008106026568392
0.3009417599913611
0.3011145742548347
0.301333271525127
0.3014797677661445
0.3016236936405809
0.3017762995962112
0.3019292850466921
0.3020708056409358
0.3022340084075712
0.302560413940842
0.3030880097025738
0.3038150587376927
0.3047751897615826
0.3059088991791059
0.3072421924310945
0.3088708172698468
0.3099
0.3099062744127215
0.3099188232381645
0.3099439208890505
0.309962474827652
0.3099817746762503
0.31
0.3100062744127215
0.3100159256792629
0.310029341346119
0.3100460973044256
0.3100634903798059
0.3100804477578246
0.3101007866491323
0.3101219403216802
0.3101507981285618
0.3101842982991007
0.3102155946740565
0.310249727901403
0.3102825180244056
0.3103201501927358
0.3103742610451494
0.3104211235738238
0.3104812869267338
0.3105563172508228
0.3106748761803367
0.3107626764579675
0.3108885585293594
0.3110462375118506
0.3112334485721441
0.31145599845501
0.3116331920906132
0.3118118869769271
0.312021946467022
0.3121883562723122
0.3123707925737979
0.3127064539343067
0.3132019737691381
0.3137813461011464
0.3144350436176897
0.3152138565906911
0.3161428290161504
0.3173033222181383
0.318825582191852
0.3199
0.3199041764023278
0.3199125292069835
0.319929234816295
0.3199410013401155
0.3199545462390733
0.3199725948485489
0.3199862974242744
0.32
0.3200041764023279
0.3200108658941699
0.3200170170873541
0.3200250061918254
0.3200325319889273
0.3200392300894539
0.3200457294606051
0.3200522495454388
0.3200599573224998
0.3200677987767788
0.3200743212311245
0.3200805992250903
0.3200868619810801
0.3200925879085645
0.3200972571672916
0.320101361157573
0.3201058659047004
0.3201105253685725
0.3201152137758619
0.3201196365696308
0.3201238854579631
0.320128495363119
0.3201348867656207
0.3201399200987827
0.3201444647055575
0.3201493103334598
0.320155022084191
0.3201620233368164
0.3201718214784837
0.3201800397558883
0.3201868416436502
0.32019305992036
0.3201988922262495
0.3202038566272849
0.3202084012866965
0.3202122541879291
0.3202156408227848
0.3202187119274993
0.320221577492619
0.3202243277037001
0.320227027013647
0.3202297232783505
0.320232471056176
0.3202354047489474
0.3202386161879102
0.3202422813785983
0.3202469722363472
0.3202518501608367
0.3202566561505746
0.3202611688808169
0.3202657504273199
0.3202702717546734
0.3202736903272199
0.3202768502296677
0.3202794697491887
0.3202817550673759
0.3202836160168174
0.3202857126134735
0.3202874369681159
0.3202893192437777
0.3202908564525435
0.3202925864259721
0.3202942654961598
0.3202959276538071
0.3202976399724402
0.3202994331683457
0.3203013629002098
0.3203035343738644
0.3203062900450555
0.3203086319469048
0.3203110718558099
0.3203132732959566
0.3203154425865236
0.3203178237724576
0.3203206309694407
0.3203241507875007
0.3203287318687577
0.3203348404633337
0.3203431542833087
0.3203517279856563
0.3203599856586666
0.3203685160660661
0.3203752157155401
0.3203803055009213
0.3203849967475069
0.3203905479343266
0.3203973344054112
0.3204025282025051
0.3204078148827487
0.320413788632689
0.3204198520857235
0.3204264141202177
0.3204334354507093
0.3204402879962083
0.3204474492829663
0.3204545163939169
0.3204612068942669
0.3204670053829048
0.3204721039028149
0.3204771128315643
0.3204824286273072
0.3204887099869859
0.3204966980338204
0.3205051080490023
0.3205090187698157
0.3205133461094906
0.3205170830172587
0.3205222271558664
0.3205261790562579
0.3205301323756155
0.3205355092099703
0.3205427404578752
0.3205521968387964
0.3205598367386241
0.320569621436785
0.3205830731949356
0.320594288748574
0.3206033281565538
0.3206112332344644
0.3206204273947971
0.3206284484763472
0.320642279985808
0.3206550740833214
0.3206683898294204
0.3206851440248424
0.3206983765886222
0.3207113727360051
0.3207255197331431
0.3207415516845001
0.3207457097988426
0.3207540260275275
0.3207706584848973
0.3207943835223994
0.320806783853393
0.320816567944512
0.3208254809574457
0.3208352312562292
0.3208505821524479
0.3208620950109645
0.3208738247221559
0.3208854303570288
0.3209005139852318
0.320912499431902
0.3209240367920315
0.3209344496119677
0.3209439448239925
0.3209533151337577
0.320963395444469
0.3209765982767584
0.3209864119051317
0.3209964512739315
0.3210052932496158
0.3210131804708308
0.3210207471588326
0.321028372348286
0.3210367613904994
0.3210479669185763
0.3210621274913393
0.3210722397112721
0.3210819002830602
0.3210923032738701
0.3211043802187172
0.3211198765548309
0.3211400611981935
0.3211622443176936
0.3211886711728353
0.3212203197067549
0.3212514757654497
0.321274258380772
0.3212951301221956
0.3213132081699702
0.321330451465244
0.3213469175366585
0.3213649590632516
0.321387337843094
0.3214176652491534
0.3214445208100852
0.3214664595110829
0.3214862553215986
0.3215075776873561
0.3215375178612885
0.3215769860298539
0.3216084740762885
0.3216392712410212
0.3216738056160464
0.3217126250644975
0.3217632586563161
0.321832317926064
0.3218917131343054
0.3219515570974886
0.3220186947226685
0.3221002948865218
0.3222115232952463
0.322383886276808
0.3227079565278486
0.3231248307215843
0.3234890289316615
0.3235549481738603
0.3236303498907495
0.3236854099438587
0.3237365250251505
0.3238099710272049
0.3238640719827419
0.3239175380839807
0.3239930292675881
0.3240824552727578
0.3242024839777611
0.3243745254674267
0.3246552606212221
0.3250604857910167
0.3256493730827634
0.3263519946871929
0.3273377743415292
0.3284778982414612
0.3298420955953451
0.3299
0.3299036794429852
0.3299110383289557
0.3299183566662749
0.3299257531177905
0.329932961938786
0.3299400565273135
0.3299472280767221
0.3299537446945651
0.3299610702649559
0.3299674266873915
0.3299741718887546
0.3299808009041068
0.3299873234278844
0.329993804140804
0.33
0.3300019174425439
0.3300053685919762
0.3300097840481584
0.3300143696199825
0.3300207398094402
0.3300263844547419
0.3300318668538156
0.3300373450402309
0.3300430504463476
0.3300497781048959
0.3300576841149064
0.3300657047083896
0.3300735824447064
0.3300814264363571
0.3300895971175299
0.3300986615345443
0.3301093691895613
0.330121054953633
0.330131492978353
0.3301392742766438
0.3301466138428037
0.3301541490113544
0.3301599650492632
0.3301656049194609
0.3301709736520534
0.3301763885282765
0.3301812527523444
0.3301861464785326
0.330192265893102
0.3301970858311909
0.330203303169348
0.3302094515306304
0.3302154572467513
0.3302213931617767
0.3302270990886548
0.3302324704127876
0.3302374755088668
0.3302421353125854
0.3302465135798881
0.3302507016747599
0.330254807974542
0.3302589586074776
0.3302633103868436
0.3302677174974351
0.3302722438639785
0.3302773022677006
0.3302847264211412
0.3302906825670094
0.3302949767918767
0.3302987294726069
0.3303021648494233
0.330305540630273
0.3303092035914812
0.3303138770463843
0.3303189609446887
0.3303234931102602
0.3303277313209318
0.330332149159363
0.330337068765152
0.3303430527654954
0.3303492271192648
0.3303546893940458
0.3303594229027899
0.3303638239358661
0.3303682041774973
0.3303729151264161
0.3303785035962383
0.3303865107466541
0.3303935916678657
0.330400528230303
0.3304078021137151
0.3304151597250066
0.3304230121802349
0.3304318389588723
0.3304421544876802
0.3304548513395131
0.330471223407704
0.3304915410539462
0.3304964457493212
0.3305020582283402
0.3305062538953192
0.330510253109244
0.3305154002300944
0.330519929240387
0.3305241602925519
0.3305296470896118
0.3305371693734881
0.3305502792672149
0.3305654173383316
0.3305766889398671
0.3305880097384614
0.3306013781106955
0.3306265923671926
0.3306448135140191
0.3306626394930443
0.3306838438065065
0.330712686350066
0.3307701194869443
0.3308355938989958
0.3308715228916239
0.3309042254308893
0.3309300311222245
0.33095392267536
0.330978615619121
0.3309918333870425
0.3310039531259022
0.331013772755602
0.3310230247915677
0.3310334482285777
0.3310412050202254
0.3310486685379905
0.3310542999480366
0.331059797621486
0.3310639234167268
0.3310680909656991
0.3310717643335021
0.3310750239736698
0.3310779895462567
0.3310806682544408
0.3310830826222855
0.3310852748370086
0.3310872811919331
0.3310891330135583
0.3310908585727136
0.3310924841837576
0.3310940360683003
0.3310955429657721
0.331097040251291
0.3310985783474305
0.3311002449383298
0.3311022503428619
0.331104652562356
0.3311071334396011
0.331109279374956
0.3311114184836288
0.3311137127219804
0.331116251923237
0.3311191438074607
0.3311225115970023
0.3311258832902066
0.3311291689680571
0.3311325479889544
0.3311363382570754
0.3311408711515489
0.3311455913861794
0.3311499262463966
0.3311541718693622
0.3311587210985043
0.3311639212368426
0.3311694405616677
0.3311752881899442
0.3311813494084174
0.3311879725121768
0.3311952011905249
0.3312024765919194
0.3312088782197841
0.3312146979519145
0.331218740330685
0.3312211788195508
0.3312238319295626
0.3312260405790902
0.3312283503226057
0.331230564500825
0.3312329916108017
0.3312359736331613
0.3312405544868757
0.3312464840826447
0.3312526045273133
0.3312592000207681
0.3312666450756203
0.3312755721612584
0.3312870309922998
0.3312984891919822
0.3313098297477305
0.3313224822587649
0.3313347748849008
0.3313439182339943
0.3313518578234194
0.3313594228976549
0.3313671121678681
0.3313750731788763
0.3313835764920169
0.3313938517643826
0.3314058749078839
0.3314166753246076
0.3314265038024902
0.3314365823650138
0.3314476265444483
0.3314609310239908
0.3314773499786711
0.331499407478755
0.3315299878407419
0.3315733713127332
0.3316315329426511
0.3316894145299956
0.3317501342137141
0.3318176411837506
0.3318992163364143
0.3319995618096397
0.3320860915253852
0.3321617722709433
0.3322357309359169
0.3323238116783863
0.3323816645520619
0.3324411621815257
0.3324946618516808
0.3325454995042433
0.3326004496442723
0.3326686219887309
0.3327353785583373
0.3328089141262472
0.3328775013829973
0.3329481232753055
0.3330266780434595
0.3331213463911659
0.3332388448655982
0.333398775309695
0.3336331599555056
0.3340167371637516
0.3345638108583937
0.3351863022730346
0.3358992513883037
0.3367281737159664
0.3377114295612153
0.3388883601315353
0.3399
0.3399039977608578
0.3399119932825734
0.339918349000532
0.339925714441434
0.3399328378185489
0.3399397872390461
0.3399471402070493
0.3399550619019285
0.3399634228767334
0.3399716623912471
0.3399794666482374
0.3399870412626781
0.339993520631339
0.34
0.3400022317821327
0.3400062683616568
0.3400107930080458
0.3400173397175166
0.3400241592256969
0.3400299450849514
0.3400347665506822
0.3400384151701361
0.3400431528412722
0.3400465128559093
0.3400499027344261
0.3400526899186937
0.3400560966634634
0.3400586539863407
0.3400617053200571
0.3400647319192995
0.3400677312586659
0.3400706860499462
0.3400736046417374
0.3400765135099581
0.3400794203263769
0.3400823057106461
0.3400851192696765
0.3400877846004249
0.3400902273619712
0.34009241127497
0.3400943476782197
0.340096077732586
0.3400976523795168
0.3400991218562192
0.3401005331545532
0.3401019326839093
0.3401033726028089
0.3401049264287825
0.3401067380111117
0.3401090739449547
0.3401119306388447
0.340114107967929
0.3401161626845421
0.3401182984709054
0.3401206152795201
0.3401233044309063
0.3401265525643536
0.3401306177895545
0.340135550130764
0.3401406185966072
0.3401460986725855
0.34015306820865
0.340157893947069
0.3401630781302363
0.3401675265203086
0.3401713966977435
0.3401750859089834
0.3401787846867204
0.340180647198266
0.3401822479621829
0.3401838736801973
0.3401853033773921
0.3401871248613092
0.3401886176401452
0.3401902022139357
0.3401922303344036
0.3401952092402714
0.3401991026571158
0.3402034713571533
0.3402084871306227
0.3402144302980232
0.3402209664029161
0.3402277512291534
0.3402350479086035
0.3402431639793765
0.3402527058861328
0.3402641536488922
0.3402788563618903
0.3402990333411015
0.3403200110706559
0.340339191500125
0.3403583246508771
0.3403785240871572
0.3404009660675162
0.3404277551968937
0.3404601486145641
0.3405020973429755
0.3405595705420221
0.3406453301580105
0.340766780348888
0.3408638301533115
0.3409654364118774
0.3410505956299228
0.3411515142422697
0.3412584359218145
0.3413465033928156
0.341442820445672
0.3415747549275455
0.3417781045736487
0.3421848038658551
0.3427550971363743
0.343460260145
0.3442648223792348
0.3452189069547214
0.3464012654673791
0.3479017016901544
0.3497684763815873
0.3499
0.3499079644416598
0.3499238933249795
0.3499394233977474
0.3499537683212615
0.3499729687623588
0.3499864843811794
0.35
0.3500079644416599
0.3500181303398841
0.35002620868364
0.3500386668508715
0.3500514983797694
0.3500625149716086
0.3500724882439061
0.3500832325496621
0.3500922897805703
0.3501020160205037
0.3501113610833742
0.350121461124769
0.3501326569264697
0.3501434123776258
0.3501546847721565
0.3501695675784195
0.3501795940194824
0.3501895849107741
0.3501986232866619
0.3502068710248887
0.3502149393277862
0.3502231946128421
0.3502324694836886
0.3502462468280452
0.3502585636938588
0.3502683636079573
0.350278165983491
0.3502886399747974
0.3503011314367757
0.3503165291613826
0.3503372727106366
0.3503670171523082
0.3504137412481277
0.3504998950649357
0.3506051111242016
0.3507333139063297
0.3508968843712613
0.3510820375643279
0.3512938414295422
0.3515385982105778
0.3518226782638832
0.3521544527342745
0.352542943658869
0.3529983971080443
0.3535329641339273
0.3541614281356257
0.354902239543448
0.355778994484345
0.3568225675657463
0.358074216715901
0.3595930880213261
0.3599
0.3599097253551854
0.3599291760655562
0.3599469381287339
0.3599642388507981
0.3599833837948499
0.36
0.3600097253551854
0.3600219836497033
0.3600367300091614
0.3600556951435396
0.3600738182610797
0.3600925771098556
0.3601160810198458
0.3601449963452431
0.360175492324712
0.3602093875171571
0.3602484136439523
0.3602946018415309
0.3603514895211252
0.3604251426255401
0.3605261172191381
0.3606794481207626
0.3609577839636204
0.361514455649336
0.3623991872242928
0.3635808176036044
0.3651875076443665
0.3683074996251456
0.3699
0.3699054946502323
0.3699164839506968
0.3699384625516258
0.3699545404970581
0.3699699082845083
0.3699849541422541
0.37
0.3700054946502322
0.3700146146606756
0.3700307265564102
0.3700468162489176
0.3700635437122759
0.3700822174945452
0.3701026077408987
0.3701286557897188
0.3701629419817775
0.3702054883740146
0.3702590794104099
0.3703290945547865
0.3704273625873383
0.3705828631056789
0.37089386414236
0.3715158662157223
0.3726397375126663
0.3744135982613062
0.3773868140273941
0.3799
0.3799130137022967
0.3799390411068901
0.3799512952427523
0.379963482375735
0.3799781893015112
0.3799890946507556
0.38
0.3800058010667257
0.3800155336413619
0.3800237177530276
0.3800356824764046
0.3800471910032067
0.3800602019357398
0.3800746834037232
0.3800900609997634
0.3801095232034633
0.3801366699520909
0.3801686616068077
0.3802071152273864
0.3802452772273308
0.3802791688101358
0.3803035921530286
0.38032464466484
0.3803442092794067
0.3803606024739
0.3803759649562518
0.3803877634203633
0.380398862473717
0.3804075510539313
0.3804156971492561
0.3804223414531502
0.3804285238787449
0.3804357096457872
0.3804408535104566
0.3804460709704245
0.38045049716873
0.3804543037049062
0.3804577028375886
0.380460732447587
0.3804634496933831
0.3804658768151901
0.3804680520349514
0.3804700172973325
0.3804718074972174
0.3804734523217034
0.3804749777126059
0.3804764070923665
0.380477762948787
0.3804790688240435
0.3804803520604975
0.380481648964486
0.380483016439678
0.380484569162127
0.380486697758749
0.3804893502538066
0.3804912881087464
0.3804931112479331
0.3804950601476727
0.3804971953467924
0.380499627433554
0.3805024535550549
0.3805058153852191
0.3805099380960726
0.380513709868867
0.3805170872188611
0.3805202922272723
0.3805235007921687
0.3805270507989535
0.380531990207376
0.380537428771615
0.3805415787829726
0.3805456576546214
0.3805500647326053
0.3805551840581295
0.3805618289381215
0.3805704105922806
0.3805808718584091
0.3805831696114018
0.3805857111120682
0.3805875737132535
0.3805893220019808
0.3805917392622193
0.3805937828955294
0.3805956802029392
0.3805980915916586
0.3806013230427132
0.3806077859448222
0.3806156447104576
0.3806245664972721
0.3806352161781836
0.3806485714611398
0.3806651786489586
0.3806854227677023
0.3807063450037368
0.3807279237825835
0.3807509053630578
0.3807761375357995
0.3808056712485839
0.380840501000498
0.3808845614663739
0.3809433768905245
0.3810280628058614
0.3811659851673322
0.3814418298902737
0.3819935193361567
0.382975925418308
0.3843465963365219
0.3860682559537695
0.3883778495202691
0.3899
0.3899172489087294
0.3899517467261882
0.3899758733630941
0.39
0.3900172489087294
0.3900359802469359
0.390061390696237
0.390100142193758
0.3901288418317646
0.3901609908782862
0.3902066567460875
0.39029798848169
0.3904079558966713
0.3906252637115774
0.3910598793413894
0.3919291106010135
0.3936675731202618
0.3971444981587583
0.3999
0.3999210718731636
0.3999632156194909
0.4
0.4000210718731637
0.4000420153459578
0.4000732790648311
0.4001140824125397
0.4001474811392587
0.4001898397715469
0.4002494446387788
0.4003637073494717
0.4005310326647209
0.4008010161784307
0.4013409832058504
0.4024209172606897
0.4045807853703683
0.4089005215897255
0.4099
0.4099087609223977
0.4099262827671931
0.409961326456784
0.409980663228392
0.409990331614196
0.41
0.4100087609223977
0.4100187372681222
0.4100329602252703
0.4100460016884218
0.4100650429186687
0.4100794505982717
0.4100935938701321
0.4101107186029703
0.4101369101220769
0.4101840434681945
0.4102341443377793
0.410319174210161
0.4104892339549244
0.410822200798935
0.4114881344869563
0.4128200018629988
0.4154837366150838
0.4198714321989571
0.4199
0.419908286323693
0.4199205710319384
0.419937540015561
0.4199560014485961
0.4199763124906074
0.4199937492568611
0.42
0.420008286323693
0.4200144802881919
0.4200242525008709
0.4200380921388073
0.4200587070665263
0.4200769645893319
0.4200947093961946
0.4201158354598497
0.4201467237354782
0.4201852151445197
0.420232816400033
0.4202987034668673
0.4204088327710419
0.4206290913793912
0.4209777754045168
0.421675143454768
0.4230698795552705
0.4258593517562754
0.4299
0.429905822115005
0.429917466345015
0.429940754805035
0.429957914239422
0.4299734709569505
0.4299867354784752
0.43
0.430005822115005
0.4300146081214472
0.4300290186607962
0.4300442763799757
0.4300602545229106
0.4300782512478543
0.430096128927237
0.4301172993201672
0.4301449718970195
0.4301895182704871
0.4302550961444751
0.4303583522529206
0.4305386372193978
0.4308992071523521
0.4316203470182607
0.4330626267500779
0.4359471862137123
0.4399
0.4399064213265455
0.4399192639796365
0.4399449492858185
0.4399666099195215
0.439985814560117
0.44
0.4400064213265455
0.4400142303081521
0.4400281385421684
0.4400444655111546
0.4400613189532828
0.4400801677176522
0.4400996644362774
0.4401226546557289
0.4401540265061997
0.4402014948352369
0.4402798560310043
0.4404018253518886
0.4406330302875474
0.4410954401588649
0.4420202599014999
0.44386989938677
0.4474441258285291
0.4499
0.4499081295306841
0.4499243885920524
0.4499569067147889
0.449981939792211
0.45
0.4500081295306841
0.4500182498634216
0.4500353751725718
0.4500549248550666
0.4500756127315164
0.4500956917759082
0.4501179252171381
0.450148209029412
0.4501995984651132
0.4502703184740038
0.4503796247948562
0.4505982374365609
0.4510097136608552
0.4518326661094437
0.4534785710066208
0.456770380800975
0.4599
0.4599098441508155
0.4599295324524465
0.4599519225810459
0.459974959812413
0.4599874799062065
0.46
0.4600098441508155
0.4600196136872073
0.4600344335434532
0.4600606273009694
0.4600810639952227
0.4601046802709077
0.4601396863253588
0.4601965210769802
0.4602889968141707
0.4604381652564077
0.4607365021408817
0.4613331759098297
0.4625265234477257
0.4649132185235177
0.4696866086751018
0.4699
0.4699096319042919
0.4699288957128756
0.4699574021536991
0.4699802711861535
0.47
0.4700096319042919
0.4700225464917856
0.470041315285869
0.470063921472846
0.4700857476311487
0.4701066170187989
0.4701307006012694
0.4701653068345478
0.4702227337763056
0.4702980285879521
0.4704241202830991
0.4706654399220073
0.4711480791998238
0.4721133577554567
0.4740439148667224
0.477905029089254
0.4799
0.4799036505445749
0.4799109516337247
0.4799201249861461
0.4799289267748242
0.4799392388220425
0.4799541294117608
0.4799650215635944
0.4799754097364471
0.4799874654725741
0.48
0.4800036505445749
0.4800090869476427
0.4800163359017514
0.4800271443363985
0.4800392174536302
0.4800552977326357
0.4800724584319054
0.4800869628360592
0.4801022836130486
0.4801196561763721
0.4801424688916706
0.4801761968050234
0.4802151245681276
0.480258873730875
0.4803033186975877
0.4803614410728242
0.4804115764938887
0.480451037014437
0.4804901479072379
0.4805319659377512
0.4805807698742475
0.4806426669469334
0.4807267440227981
0.4807785401386495
0.4808298184582717
0.4808768720022327
0.4809222755109465
0.4809732213356494
0.4810437673511989
0.4811262110187913
0.4811894632675682
0.4812523406227816
0.4813206796346998
0.4814022774684158
0.4815052420999702
0.4816493754161332
0.4818703826771136
0.482197755609917
0.4825731878052265
0.4829281536151267
0.4832919533635988
0.4837115458893423
0.4842530027948447
0.4849664427562194
0.4858088215919151
0.4868126193457381
0.4880078197019885
0.4895068477480603
0.4899
0.489904425747887
0.4899132772436608
0.4899309802352086
0.48994449763207
0.4899610063479007
0.4899769938100541
0.4899894848757546
0.49
0.4900044257478869
0.4900111969661695
0.4900177654873031
0.4900301937631477
0.4900414436155009
0.490053039248537
0.4900651028437176
0.4900764607295564
0.4900870400659793
0.4900975028111949
0.4901093174482521
0.4901201212234721
0.4901325546992787
0.4901434949309106
0.4901543336710111
0.4901661132575007
0.4901795867687971
0.4901962708009494
0.4902146013785754
0.4902317066495923
0.490248273750827
0.490265857687714
0.4902788119601112
0.4902952358892933
0.4903073323105029
0.4903172398579327
0.4903268645635067
0.4903371700238757
0.4903517696991676
0.4903669606881371
0.4903789873145069
0.4903911063396378
0.4904044136339584
0.4904202150258511
0.4904412739179373
0.490468335539268
0.4905054347091694
0.4905469184471451
0.4905786826841762
0.4906089459056559
0.490640731150997
0.490676105981483
0.490718515187925
0.4907700168899454
0.4908370173550269
0.4909291199165857
0.4910669501322216
0.4912732372037708
0.4915090444131361
0.4917783289993718
0.4920893560344288
0.4924501061647202
0.4928727583904797
0.4933703122583199
0.4939576147973088
0.4946530864832215
0.4954809607777189
0.4964788852992827
0.4976797832988683
0.4991995565356881
0.4999
0.4999060657562633
0.49991819726879
0.4999424602938433
0.4999553934308468
0.4999679096764957
0.4999808110466671
0.4999904055233336
0.5
0.5000060657562634
0.5000127858499587
0.5000224077398526
0.5000364031439771
0.5000488198855134
0.5000627097746371
0.5000793865608774
0.5000977865176616
0.5001144764344716
0.5001326079601917
0.5001545022666712
0.5001825668863789
0.500215407615191
0.5002559769660269
0.5003056808659758
0.500361787889129
0.5004254121532677
0.500498201539555
0.5005823682578436
0.5006816286022284
0.5007124906460783
0.5007238424974233
0.5007388406793075
0.500754681244082
0.500766821097222
0.500780894535925
0.500796314634323
0.5008075302842087
0.5008191989244247
0.5008337066407814
0.5008425258380065
0.5008522931535018
0.5008600980111211
0.50086840137172
0.5008767996297516
0.5008853764503343
0.5008962551297929
0.500914155758663
0.5009450280435066
0.5009796649064026
0.501018376338164
0.5010396844469657
0.501063956946715
0.5010836987241184
0.5011038687267506
0.5011214732692668
0.5011394506105143
0.5011570760764434
0.5011765833910191
0.5012007807491254
0.5012322413910155
0.5012687916702934
0.5013093015561003
0.5013501639386931
0.5013811866813969
0.5014117808947967
0.5014483143822017
0.5014789289657138
0.501513472537163
0.5015668969585179
0.5016487812702478
0.5017431922865676
0.5018504771872313
0.5019732501460681
0.5021142159333931
0.5022145661991779
0.5022495829911346
0.5022984009258927
0.5023129559939113
0.5023420661299486
0.5023481447132694
0.502360301879911
0.5023670403753047
0.5023744803842556
0.5023819954610255
0.5023874864005266
0.502394330196792
0.5024011674854925
0.5024078732491188
0.5024115210346769
0.5024152068508094
0.5024187906707162
0.5024233622101391
0.502427008664865
0.5024311693233607
0.5024369246964988
0.502448435442775
0.5024665889242945
0.502486261112532
0.5025081112304053
0.5025329129408745
0.5025612986579693
0.5025943090339228
0.5026329408764385
0.502678229748997
0.5027308416993695
0.5027918654724928
0.5028626364278114
0.5029448058615319
0.5030403187372892
0.5031514176586318
0.5032798968900246
0.5034285435220985
0.5035679521564527
0.5036823468775651
0.5037905029537182
0.5039054488490872
0.5040526428468458
0.5042025175558583
0.5043555053386921
0.5045043421314092
0.5046638519125185
0.5048482712331491
0.5050818371611602
0.5053905340843033
0.50586147866648
0.5064754355979483
0.5071769137476054
0.5079841294393361
0.5089246890969846
0.5099
0.5099059760240313
0.5099179280720939
0.5099278940173178
0.5099375739364883
0.5099514072083998
0.5099617822844552
0.5099738778371694
0.50998372668402
0.5099916931992682
0.5099958465996342
0.51
0.5100031869667464
0.510007743730927
0.51001307784013
0.5100203706722781
0.5100307259711595
0.5100386728286267
0.5100465879774323
0.5100553183414184
0.5100658024622884
0.5100759210039746
0.5100856175985116
0.5100933796988565
0.5101003298074668
0.5101071851855407
0.5101145809557903
0.5101241456013439
0.5101342447867678
0.5101435882822923
0.5101524652502821
0.5101617861183391
0.5101722624539416
0.510185082782535
0.5102012141018138
0.5102231706212929
0.5102491764657857
0.5102798670386745
0.5102995433661943
0.5103229639577403
0.5103399689814558
0.5103586815175736
0.5103768865768069
0.5103951798332442
0.5104191136977817
0.5104619952839679
0.5105291420886177
0.5106093085911407
0.5107014527352999
0.5108015302985641
0.5108536903827731
0.5108768379573588
0.5109013787346219
0.5109209407107768
0.5109400992147637
0.5109598131385703
0.5109873481314474
0.511007243973922
0.5110267414369023
0.5110493406071681
0.5110778837685385
0.5110989113012228
0.5111206749335722
0.511140691801296
0.5111695203872177
0.5111906637328042
0.5112141204105588
0.511248152799073
0.5113043860229766
0.5113736783647641
0.5114517647884557
0.5115378071159429
0.5115530738406251
0.5115836072899895
0.5115894782447926
0.5116012201543988
0.5116111826065072
0.5116182663862828
0.5116234533430813
0.5116294584750477
0.5116366301900538
0.5116429590960498
0.5116467514295777
0.5116507787181324
0.5116542166974695
0.5116577202839404
0.5116612841875952
0.511665103960439
0.511670097674619
0.5116784571963363
0.5116951762397709
0.5117161082015107
0.511738443542655
0.5117633271934069
0.5117914102643285
0.511799463473938
0.511815569893157
0.5118206007813966
0.5118306625578757
0.5118392043601729
0.5118480666942579
0.5118562333971306
0.5118629875649614
0.5118711989847715
0.5118785653588175
0.5118864577134071
0.5118908889935426
0.5118956949685727
0.5118997463122035
0.5119038919054459
0.5119081269408826
0.511912577050295
0.5119183101314128
0.5119277139690601
0.511942816073822
0.5119571956384419
0.5119709694051324
0.511983245471802
0.5119918482375491
0.5119981663154733
0.5120042664326906
0.5120131277735028
0.5120202595367577
0.5120264904868833
0.5120332576216567
0.5120411204553619
0.5120504720264312
0.5120610710419902
0.5120705626564714
0.5120787560360326
0.5120864326872071
0.5120944436347986
0.5121053935929488
0.512114890398543
0.5121217986906099
0.5121279012745371
0.5121335553318052
0.51213910053756
0.5121450797522903
0.5121526839568271
0.5121595541325329
0.5121665977305402
0.5121732639830497
0.5121801404161842
0.5121877959405827
0.5121970577453808
0.512208447660145
0.5122237807769535
0.5122459596455797
0.5122831664740717
0.5123399706323482
0.5124231051821457
0.5125122770825872
0.512608400532789
0.51271506705444
0.5128348441444239
0.5129401571746637
0.5130141562608582
0.5130918695253173
0.5131705232057421
0.5132531856577759
0.5133768071381002
0.5135595888088619
0.5138326019795183
0.5141439871252397
0.5144967533589136
0.5149001027246383
0.5153643220108378
0.5158999450557661
0.5164917536266702
0.517237913952318
0.5178662872157745
0.5184215691384111
0.5190781204675002
0.5199
0.5199117838726268
0.5199353516178804
0.5199676758089402
0.5199838379044701
0.52
0.5200117838726268
0.5200229335164093
0.5200380192959252
0.5200637479714864
0.5200873843148581
0.5201124280825368
0.5201429308045388
0.5201811863806195
0.5202218387795734
0.520264150105938
0.5203051415823142
0.5203488053689824
0.5204081230590586
0.5204563953872114
0.5204910725491582
0.5205196493681258
0.5205442865571034
0.5205689821250792
0.5206030451956355
0.5206379335350284
0.5206660774841114
0.5206951180662369
0.5207274959870334
0.5207652036901976
0.5208097744409569
0.5208404948922907
0.520875589963417
0.5209057948751715
0.5209330579438955
0.5209606513301194
0.5209907961766995
0.5210311707704509
0.5210823115935966
0.5211191431765027
0.5211546772297285
0.5211928425992547
0.5212378597183847
0.5212938930764208
0.5213712444804919
0.5214866781088218
0.521680866030178
0.5220692418728906
0.5228459935583157
0.5240359727468131
0.5251653688362992
0.5263569524663375
0.5277001184175383
0.5292726628479079
0.5299
0.5299132239132642
0.5299396717397926
0.5299627698675904
0.5299813849337952
0.53
0.5300132239132642
0.5300242447402336
0.5300374024059367
0.5300533577659029
0.5300693895258594
0.530085349604367
0.5301046637702905
0.5301307970507838
0.5301538561313062
0.5301761919077465
0.5302017835801397
0.530232398337389
0.5302757931380736
0.5303406739481007
0.5304160196056942
0.5305028196038056
0.5306035141015358
0.5307206195482145
0.5308560909123716
0.5309899681327409
0.531118970056441
0.5312375071556038
0.5313300998533169
0.5314167868315293
0.5315162951314173
0.5316003654271215
0.5316705403463682
0.5317363852636429
0.531805435127081
0.5318996481999343
0.5319996641543574
0.5320775092456643
0.5321559846429504
0.5322427455329426
0.5323482885995429
0.5324602106095842
0.5325404499956246
0.5326120374764564
0.5326868575303912
0.5327759437688453
0.5328920473959959
0.5329925694938827
0.533090266771693
0.533197160477799
0.533318712882234
0.533459392502949
0.533627433435532
0.5338315237881955
0.5340652440490443
0.5343388563449076
0.5346557470641204
0.535053771664376
0.5355928861422367
0.5364040331473351
0.5374856869793707
0.5387548968086675
0.5398999999999999
0.5399073468339652
0.5399220405018959
0.5399406552329149
0.5399580761172
0.5399795633300736
0.54
0.5400073468339653
0.5400177209768106
0.5400276895204896
0.5400474438707407
0.540066418732192
0.5400823881441972
0.5400972713280778
0.5401123403990022
0.5401314081572874
0.5401533116149313
0.540169210452733
0.5401844130170488
0.5402003176475281
0.5402167296800047
0.5402311208093643
0.5402423991753381
0.5402528519973233
0.5402667337076754
0.540280175619668
0.540291187256814
0.5403028068245058
0.5403160389858733
0.5403331610841
0.5403570661945029
0.5403817307142961
0.5404008333724296
0.5404166762450922
0.540431234500606
0.5404464790316789
0.5404615118430077
0.5404779401814295
0.540490751897032
0.5405019996424806
0.5405127116918705
0.5405233914677033
0.540535174879353
0.5405513239754239
0.540569239903276
0.5405826573165996
0.5405957173776741
0.540609730615206
0.5406259159014913
0.5406465257521134
0.5406749227855
0.5407142745812469
0.5407786909980855
0.5408433802018199
0.540909010665911
0.5409866911028357
0.5410459990880405
0.5411138097639943
0.5411701884882724
0.5412179243218486
0.5412611684299872
0.541301491455169
0.5413422365052457
0.541389314743979
0.5414371365840008
0.5414896062908328
0.5415356240486339
0.5415815714715677
0.5416316930585711
0.5416896628512735
0.5417627538881773
0.5418236199779276
0.5418886852819563
0.5419390485994504
0.5419830808984836
0.5420284462376889
0.5420836639072141
0.5421526049384858
0.5422136599287348
0.5422718806816933
0.5423352125804594
0.5424083559159391
0.5425025835986794
0.5426201374576265
0.54274100825687
0.5428616916957529
0.5429901627757917
0.5431339113887323
0.5433052343889572
0.5435157750396143
0.5437973049204584
0.5442057763583475
0.5448798467069196
0.5456611692780301
0.5465618413460319
0.5476263679901003
0.5488901884108055
0.5498999999999999
0.549903726464678
0.5499111793940341
0.5499260852527463
0.5499404092974353
0.549951786583261
0.5499635201469758
0.5499766596621781
0.549988329831089
0.55
0.5500037264646781
0.5500091506917769
0.550016273638804
0.5500241635239486
0.5500330805476712
0.5500448213748073
0.550057278615823
0.5500679873054344
0.5500765150315393
0.5500845015374727
0.5500933717659631
0.5501049133273404
0.550116931391388
0.5501279854927338
0.5501397439558834
0.5501531205608653
0.5501700207941197
0.5501889282571417
0.550207038831514
0.5502260186614769
0.5502469984510631
0.5502715600029692
0.550301108797219
0.5503395347715707
0.55039294824174
0.5504603498312688
0.5505526665792072
0.5506938751131748
0.5509724866916988
0.5513628488094656
0.5516072698430902
0.5518699131395456
0.5521017087117204
0.5523969134694452
0.5526455019181814
0.5528770081712022
0.5531488429710387
0.5534654573644245
0.5537937743545821
0.5541969355926613
0.5547083129567829
0.5555208510263104
0.5568349018040243
0.5583344861316227
0.5599
0.5599049796357677
0.5599149389073032
0.5599348574503741
0.559950851874769
0.5599679177213961
0.5599839588606981
0.56
0.5600049796357678
0.5600131351583431
0.5600247611729795
0.5600426277522876
0.5600594944702769
0.5600776893550091
0.5600986668041019
0.5601231583463605
0.5601524350391135
0.5601872595881837
0.560227118230213
0.5602745509912807
0.5603278983466002
0.5603860362642106
0.5604531154412056
0.5605279766945128
0.5606170403668191
0.5607274473553703
0.5608702189324068
0.5610764218251181
0.561200170612457
0.5613283586058085
0.5614503614052939
0.5615925510925882
0.561713887856313
0.5618483931204808
0.5620231186595541
0.5622232008181384
0.5624280512502398
0.5626125695947186
0.5628178179374207
0.5631810574789398
0.5637499426913053
0.5646653134856058
0.5657346619675857
0.5670504079736591
0.5686313570584759
0.5699
0.5699042870058495
0.5699128610175486
0.5699300090409467
0.5699435270510967
0.5699578991586081
0.5699772281999067
0.5699886140999534
0.5699943070499767
0.5700000000000001
0.5700042870058496
0.5700086773263899
0.5700167674083938
0.5700318974219166
0.5700464124554148
0.5700616561337997
0.5700791402467216
0.5700993081594152
0.5701197096273641
0.5701375341248233
0.5701543128159227
0.5701722381709182
0.5701990181865522
0.5702207803802454
0.5702379879946788
0.5702551604155913
0.5702730410761626
0.570291075713154
0.5703060676117324
0.5703178212446994
0.5703288664353298
0.570343304321679
0.5703579367451223
0.5703696119127917
0.5703816482954003
0.5703950830571862
0.5704117289577543
0.5704348837636353
0.5704633348300495
0.5704856789995316
0.5705038095350111
0.5705202361672013
0.5705367787680077
0.5705590459339421
0.5705786192467144
0.5705926456469654
0.5706050650567259
0.5706168004097142
0.5706287234174032
0.5706424687266667
0.5706650165227554
0.5706823864100707
0.5706968031451775
0.5707116720097773
0.5707278176306674
0.5707476583918848
0.5707728927779531
0.5708082067104354
0.5708616881206133
0.5709532258504824
0.5711316158241231
0.571332741773708
0.5715572498398341
0.5718123705605012
0.5720897012238729
0.5723678161185789
0.5726611617730253
0.5730145721806
0.5735114950630777
0.57386327294776
0.5741786223543857
0.5745096851636886
0.5748774965738195
0.57528115344227
0.5757548519159703
0.5765394809390972
0.5772004268824549
0.5778041930117483
0.5784761850804229
0.579281065987161
0.5799
0.5799037359175995
0.5799112077527985
0.5799261514231965
0.5799454152923176
0.5799738615422243
0.5799869307711121
0.5799934653855561
0.58
0.5800037359175995
0.5800071594282806
0.580014006449643
0.5800277004923676
0.5800487129291554
0.5800731421452305
0.580103507595027
0.58012683430115
0.58015049169979
0.5801722281003737
0.580192547468297
0.580211036273328
0.580226905935577
0.5802417636577297
0.5802591405114865
0.5802809868524883
0.580298188145454
0.5803147780626527
0.5803304803357612
0.5803458652966768
0.5803596118952867
0.5803714368452813
0.5803829711586505
0.5803962387597007
0.5804110921747118
0.5804253039321904
0.5804382675274197
0.580449794028774
0.5804600226461532
0.5804695232883469
0.580479112228511
0.5804903486136828
0.5805045455580222
0.5805160626618284
0.5805262919792874
0.5805368303544927
0.5805483479468173
0.580562321935621
0.5805786607930674
0.5805956112234872
0.5806150178307186
0.5806338701169964
0.580653221602861
0.5806767616719424
0.5806985588760057
0.5807139934763392
0.5807274581325269
0.5807404813716712
0.5807544564411126
0.5807712376465123
0.5807884761499471
0.5808035908293258
0.5808173557875567
0.580830735383218
0.5808453120070773
0.580857071128309
0.5808702592550323
0.5808804650145295
0.580889111590211
0.5808974301512291
0.5809060968309191
0.5809168561906712
0.5809295126713918
0.5809405529167694
0.5809507874030385
0.5809615032193853
0.5809734474720205
0.5809882097938465
0.581004436928134
0.5810202321008048
0.581036706874178
0.5810547305551425
0.5810742035687808
0.5810918059012212
0.581109422352568
0.5811278262214445
0.5811466956848254
0.5811648545091771
0.5811815419846799
0.5811972881059889
0.5812135291868118
0.5812340783751545
0.5812514705034312
0.5812685744450227
0.5812850158791921
0.58130214461449
0.5813214265043936
0.5813449441704401
0.5813733922825355
0.5814096207758698
0.5814353851311601
0.5814478566177851
0.5814616770688936
0.581473203054694
0.581484681149949
0.5814951767229865
0.5815052411878288
0.5815173599973257
0.581523390602915
0.5815292661391572
0.5815358260542666
0.5815428682335794
0.5815491689109429
0.5815564156232216
0.5815673604060188
0.5815869361955152
0.5816146470584014
0.5816455091609858
0.5816803805888865
0.581720286158422
0.5817409582767274
0.5817627439103459
0.5817822426643656
0.5818017562663457
0.5818202803696587
0.5818420033365074
0.5818690909595293
0.5819045819754385
0.5819495120048518
0.5820071784774957
0.5820813878998392
0.5821767997514333
0.5823034943939671
0.5824480039089767
0.5826133122828687
0.5828035055185604
0.5830229124467271
0.5832565265325991
0.5835384971014598
0.5838793039698402
0.584276770494633
0.5847403927230609
0.5852804666700022
0.5859108848139039
0.5864732127672405
0.5870354587755532
0.5876903930367586
0.5885552586447681
0.5898975034518804
0.5899
0.5899049930962391
0.5899094660322908
0.5899161889700626
0.5899296348456062
0.5899471198942117
0.5899652565178689
0.5899840309734722
0.59
0.5900089458721032
0.5900192198960812
0.5900319461027215
0.5900508370477189
0.5900702803742695
0.5900917382443511
0.5901183366472947
0.5901496070490432
0.590182627079147
0.5902192422264428
0.5902616662144011
0.5903097670873927
0.5903626041669003
0.5904209987082354
0.5904858553148352
0.5905583106528414
0.5906397927483121
0.5907322662613236
0.590837007280219
0.5908642868060713
0.5908958344649975
0.5909149267357776
0.5909354072414237
0.5909553654348914
0.5909747611728051
0.5909952820022765
0.5910144800434152
0.5910355158806688
0.5910536225081461
0.5910675862866345
0.5910799757727023
0.5910931282505302
0.5911153204180836
0.5911316348547607
0.5911461923658938
0.5911625044324458
0.5911770369666157
0.5911910975490731
0.5912068494192595
0.5912182396244844
0.5912333628334443
0.591245750761117
0.5912563768617535
0.5912664902765804
0.5912764606729441
0.5912872853828717
0.5913016541260631
0.591319360833385
0.5913319988705866
0.5913440860783987
0.5913570208989413
0.5913718301837507
0.5913909823556274
0.591416190662914
0.591453198682647
0.5915161482234754
0.5916064726108717
0.5917280626320063
0.5918007166213111
0.5918721081869908
0.5919494770181625
0.5920396261174236
0.5921138651349775
0.5921986880872182
0.592338435218131
0.5924972862962087
0.5926910966130788
0.5928688276942022
0.593082212569098
0.5933688400982472
0.5937753252137086
0.5942496215243104
0.5947961898830499
0.5954284390896619
0.5961608519784407
0.5970198198160452
0.5980169675474521
0.5991021470749397
0.5999
0.5999064148431642
0.5999192445294926
0.5999342834246799
0.5999484844167056
0.5999670013656848
0.5999835006828425
0.6
0.6000064148431642
0.6000154638233519
0.6000235443234919
0.6000360792211537
0.6000476771279671
0.6000576332973715
0.6000671774328695
0.6000773663490796
0.6000931405412803
0.6001050324841212
0.6001147490396581
0.6001246278034107
0.600134958696645
0.6001452280714851
0.6001535211309315
0.600160233386591
0.6001671186733674
0.6001739916496173
0.6001814080385761
0.6001883225595489
0.6001956712729383
0.6002044866891734
0.6002152327379525
0.6002303145300361
0.6002479897772692
0.6002613435543991
0.600271949926136
0.600281417618343
0.6002908075995663
0.6003027380704651
0.6003113830417134
0.600320084385499
0.6003279203812837
0.6003350750459576
0.6003420196926295
0.6003490644018437
0.6003569153331066
0.6003684349831061
0.600378928870606
0.6003872588352654
0.6003956014316314
0.6004045529496173
0.6004152997603457
0.6004286639206899
0.6004469386893047
0.6004690097222933
0.6004879770256079
0.600504953257839
0.6005202881800149
0.6005339294645099
0.6005464681020006
0.6005587723724151
0.6005722985239696
0.6005932169953082
0.6006098271575162
0.6006233436619809
0.6006371100500305
0.6006519351169082
0.6006699617985494
0.6006912914896846
0.6007119961912059
0.6007336587132079
0.6007571582548864
0.6007818251049263
0.6007993151980666
0.600814326851796
0.6008287923383742
0.6008438509181105
0.6008623603290506
0.600880642018696
0.6009007400661747
0.600919228001958
0.6009380961363306
0.6009589072803121
0.6009838073997548
0.6010143376922165
0.6010552440736663
0.6011138198875032
0.6011619744305535
0.6012034014251969
0.6012467480356191
0.6012950866598643
0.6013564208015534
0.6014369615606321
0.6015046545213434
0.6015624632538736
0.6016176719768306
0.6016790274955027
0.6017206212879254
0.6017693154508803
0.601811364890535
0.6018497643025096
0.6018894433007241
0.6019342723667329
0.6020023645972936
0.6020650491767259
0.6021162795661259
0.6021683625534111
0.6022248938644782
0.6022933935863012
0.6023797512881909
0.6025002803706799
0.6026830077209054
0.6029983870897793
0.6035107292034311
0.6040848700106207
0.6047285090606187
0.605464508518632
0.6063150019667092
0.6073078894374689
0.6082198668449902
0.6092067120346024
0.6099
0.6099135523133725
0.6099406569401176
0.6099703284700588
0.61
0.6100135523133725
0.6100324617349343
0.6100544092760534
0.6100821933256358
0.6101087714690863
0.6101380566561221
0.6101724069283068
0.6102089295734778
0.6102479241789762
0.6102962822727496
0.6103626730857517
0.6104433525354119
0.6105303454296056
0.6106366563352765
0.6107803870406884
0.6109209322206648
0.6110559119513538
0.6112064454520325
0.6113919924356428
0.6116463722850283
0.6121148638707035
0.6130086536852342
0.6141260300779287
0.6160124694226211
0.6183959426727185
0.6199
0.6199027969587672
0.6199083908763015
0.61991957871137
0.6199306183374206
0.6199453376165733
0.6199601951777655
0.6199726905472078
0.6199846913324067
0.6199923456662033
0.6199961728331016
0.62
0.6200027969587671
0.6200051083733279
0.6200097312024494
0.6200182536412514
0.6200293117563304
0.6200406168034556
0.6200527920007693
0.6200638882921302
0.6200738456578044
0.62008405954337
0.6200963097710049
0.6201173517612404
0.620132321257066
0.6201462366677184
0.6201615242974233
0.6201796970900734
0.6202032396042924
0.620234287708787
0.6202691568642988
0.6203085994144386
0.6203573942503077
0.6204221923534008
0.6204852961362479
0.6205372959619083
0.6205477418890656
0.6205686337433801
0.620582413642767
0.6205990644345578
0.6206075371201628
0.6206158390382931
0.6206239557552293
0.6206307707857174
0.6206371536173309
0.6206436346652953
0.6206513244415175
0.6206557298080267
0.6206605977118618
0.6206646993735596
0.6206682740084121
0.6206719207184942
0.620675947881798
0.6206808848147432
0.6206857546056779
0.6206901002523586
0.6206945639912683
0.6206994331957301
0.6207051666181558
0.6207112569109672
0.6207170703229276
0.6207231446859713
0.620729863204975
0.6207379559142647
0.6207478235421089
0.6207610312787579
0.6207746626347297
0.6207891121858441
0.6208027468424192
0.6208061073815601
0.6208105648172599
0.620815207812376
0.6208187129437333
0.6208237049477628
0.6208274989479284
0.620831424285189
0.620837367576246
0.6208473341382134
0.6208640131984773
0.6208855391966389
0.6209095153395044
0.6209391427765852
0.6209778187378957
0.6210315534194261
0.6211059190619294
0.621247925097046
0.6214373002533223
0.6216817000053073
0.6219991413294955
0.6224206031596796
0.623008887209467
0.623502421580105
0.6240378909418532
0.624687893608275
0.6251759120283684
0.6256889637924927
0.6263809817462158
0.6273960456331354
0.6290146773534279
0.6299
0.629907553340573
0.629922660021719
0.6299386951101816
0.6299545545234603
0.629972332959382
0.6299861664796911
0.63
0.630007553340573
0.6300163809717204
0.6300293430581154
0.6300468952240581
0.6300658354988822
0.6300855612291605
0.6301102927602877
0.6301390227357495
0.6301727570770307
0.6302125432413802
0.630259315289208
0.6303143460852626
0.6303791034733062
0.6304553223248133
0.6305421455505789
0.6306315751453097
0.6307052264570292
0.6307680881422013
0.6308261549777594
0.6308847724296783
0.6309555582943283
0.6310087104585352
0.6310686959895647
0.6311196191987745
0.6311631023528351
0.6312026151694577
0.6312396002305495
0.631277081357376
0.6313206499682091
0.6313634608383687
0.6314109905809909
0.6314530855517141
0.6314951753556282
0.6315411689693844
0.6315943639581879
0.6316600590398791
0.6317431324286517
0.6318070371196515
0.6318521462348375
0.6318925643615981
0.6319341437376726
0.6319884440472198
0.632060618588494
0.6321144204230279
0.6321678709747196
0.6322273790533697
0.6322982105290206
0.6323928753529839
0.6325126291633126
0.6326228462035969
0.6327343676203614
0.6328549655090001
0.6329952014923513
0.6331590673298587
0.6333672898391052
0.6336493202023435
0.6340683003576989
0.6347199897071156
0.6354727000989946
0.6363409761508171
0.6373659973655003
0.6385799613614482
0.6399
0.6399045656920438
0.6399136970761313
0.6399319598443064
0.6399482026885032
0.6399646287226797
0.639983442649817
0.64
0.6400045656920438
0.6400116067061193
0.6400203938849647
0.6400366404103714
0.6400529162853374
0.6400684557563839
0.6400824543111712
0.6400958821556813
0.6401111462791614
0.6401258039873365
0.6401405562853106
0.6401537485171975
0.6401668474386262
0.6401806394547563
0.6401944673775224
0.640206075172752
0.6402152052324064
0.6402236895276527
0.6402344083944461
0.6402462270939169
0.6402553351738296
0.6402645889924488
0.640274863788402
0.6402874573941266
0.6403048494558711
0.6403289707151393
0.6403486725368849
0.6403639645785641
0.640377265760385
0.6403899373106174
0.6404044726967031
0.6404150295409368
0.6404276814049714
0.6404386446679278
0.6404484371899454
0.6404579018359283
0.6404673658501793
0.6404776949398862
0.6404914812341499
0.6405079121583528
0.6405197783065609
0.6405311626592599
0.6405433346901113
0.6405572830053605
0.6405751276844355
0.6405987254008892
0.6406330585681059
0.6406879514721239
0.640792400569325
0.6409576592293479
0.6411423975123257
0.6413508573995577
0.6415899171315457
0.6418656890797654
0.6421878142316311
0.6425625174762348
0.6429963269792508
0.643500388451494
0.6440879991271268
0.6447750652638812
0.6455836747350887
0.6465415803089654
0.6476867133418083
0.6490728599866707
0.6499
0.6499098359958327
0.6499295079874982
0.649968851970829
0.65
0.6500098359958327
0.6500265832009353
0.6500497710987205
0.6500781331395225
0.6501096524705303
0.6501445954804967
0.6501848952573017
0.6502350909322221
0.6502963555702789
0.6503619514231103
0.6504348797835636
0.6505210314487665
0.6506391819107271
0.6508156526673466
0.651167304401722
0.6516569967808064
0.6523340508002166
0.6533686156065817
0.6553149050139854
0.6586748202093287
0.6599
0.659903153901827
0.6599094617054808
0.6599220773127885
0.659936760349239
0.6599512997941345
0.6599683094580495
0.6599841547290248
0.66
0.660003153901827
0.6600094617054808
0.660020371823604
0.6600352084138666
0.6600532340724341
0.6600705795234949
0.660089127157233
0.6601112177125793
0.6601304795109898
0.6601470598852134
0.6601624495094917
0.6601777511027287
0.6601953361084354
0.660212348132216
0.6602306357704303
0.6602462495825658
0.6602605396140607
0.6602737787612094
0.6602856072472904
0.6602962409017151
0.6603062718038647
0.6603166217346791
0.6603294929627186
0.6603407108107873
0.6603520996942344
0.6603628954647657
0.6603740237050584
0.6603864036169025
0.6604013335498966
0.6604195907666027
0.660437118566302
0.6604535076141353
0.6604698138528304
0.6604883001593623
0.6604995224561058
0.6605127139549964
0.6605235794268642
0.6605329494457249
0.6605423950587116
0.660553086375621
0.6605719082012206
0.6605852545348433
0.660596709985934
0.6606088907759317
0.6606225672990489
0.6606397209593163
0.660663461735472
0.6606945914899289
0.6607370249066131
0.6607714531305232
0.6608011259297716
0.6608311846420483
0.6608634170884882
0.6609004113065208
0.66094564484235
0.6610018106170308
0.6610766440284417
0.6611762464040069
0.6613078371452087
0.6615006955526472
0.661747826601425
0.662040487953919
0.6623776060421133
0.6627676532109329
0.6632223489872181
0.6637561355697355
0.6643863164270599
0.6651341376038383
0.6660318379534911
0.6670995065286829
0.6683565356127026
0.6698313682224672
0.6698999999999999
0.6699034394719228
0.6699103184157684
0.6699219251451689
0.6699322087176878
0.6699430716556186
0.6699550201556154
0.6699664288619036
0.6699778749705433
0.6699901646862148
0.67
0.6700034394719229
0.6700081006611973
0.6700151893477778
0.670023454956304
0.6700317644037701
0.6700420209837014
0.6700546233775719
0.670065681768145
0.6700764107406126
0.6700885629706149
0.6701028002677156
0.6701223088412394
0.6701466514779005
0.6701722820371021
0.6702016641841537
0.6702376616016776
0.6702856892637576
0.670358706025615
0.670454517532141
0.6705845208795714
0.6707425828109254
0.670963738611989
0.6712448232539693
0.671547918606516
0.6717672133077014
0.6719946304662177
0.6722087900299277
0.6724151950382876
0.672643121317301
0.6729228497086522
0.6733517298644973
0.6741340808982306
0.6752615203527225
0.6764617132834071
0.6779009345390933
0.6796790838075725
0.6799
0.6799068039326637
0.6799204117979911
0.679947627528646
0.6799704995279251
0.6799852497639626
0.68
0.6800068039326638
0.6800152366486507
0.680030898404039
0.6800502859635645
0.6800715302293187
0.6800975210649648
0.6801244138588274
0.6801560030322662
0.6801931313226632
0.6802350880626747
0.680282325364823
0.6803357166266378
0.6804023562623919
0.6804938824186976
0.6806468306477288
0.6808811186795642
0.6811760271788175
0.6815567515131097
0.6820656841952295
0.6828130445120487
0.6833231357950387
0.6838525751401257
0.6843869658095542
0.6849493228041678
0.68541059421503
0.6859109407863628
0.6869116339290284
0.6884196381172784
0.6899
0.6899053039542732
0.6899159118628196
0.6899371276799126
0.6899587001587726
0.689979157436388
0.6900000000000001
0.6900053039542733
0.690014019460235
0.690029814147668
0.6900497203804418
0.6900721999936825
0.6900941756690665
0.6901190511818259
0.6901489124899478
0.6901810737062314
0.6902212660522038
0.6902781962281417
0.6903487173634707
0.6904366113786724
0.6905496200728672
0.6907034404064452
0.6909350459665521
0.6912740567915503
0.691792401274927
0.6926797688958745
0.6944545041377693
0.6970624036563454
0.6999
0.69990370881902
0.69991112645706
0.69992596173314
0.6999377275575634
0.699951057917545
0.6999659321879662
0.699980689150011
0.6999903445750055
0.7000000000000001
0.7000037088190201
0.7000083829634507
0.7000177312523119
0.700029801428003
0.7000425185688839
0.7000557956861146
0.7000708638410394
0.7000867690452631
0.7001037958837524
0.7001222901198164
0.7001423588055613
0.7001667754987951
0.7001979816985718
0.7002455663723008
0.7003136529946083
0.7004007331613694
0.7005175927118105
0.700651916960414
0.7007737733363744
0.7008664580845285
0.7009711954793794
0.7010960912957067
0.7011917949704461
0.7012952910304667
0.7014375804547456
0.7016547754494585
0.7020891654388844
0.7026874040040921
0.7035468292706747
0.7045528858152283
0.7057198757920653
0.7070513283991682
0.7086850490731031
0.7099
0.7099047115439915
0.7099141346319745
0.7099329808079405
0.7099520860205674
0.7099699420694265
0.7099849710347133
0.71
0.7100047115439915
0.7100112917137509
0.7100244520532697
0.7100420202633715
0.7100590853254984
0.7100792531018477
0.710101682641744
0.7101265993293898
0.7101583445081207
0.7101947250092324
0.7102399777081927
0.7102898397866733
0.7103429523643229
0.7104063279812535
0.7104835090482897
0.7105845873298613
0.7107073220017944
0.7108528213662259
0.7110331444048263
0.7111992299558296
0.7113207420577713
0.7114140383596059
0.7114925200628438
0.7115679222389246
0.7116338982914515
0.7117042866576823
0.7117579430117089
0.7118063911354241
0.7118588254557251
0.7119326382180198
0.7120118681146458
0.7120776828905906
0.7121482214633778
0.7122251634971271
0.7123026656423264
0.7123854626079208
0.712474482236082
0.7125850124166644
0.7126954999152034
0.7128079519003578
0.7128655277151494
0.7129308509426461
0.712982088005712
0.7130348549354031
0.7130840713128667
0.7131348428285755
0.7131908917717137
0.7132563853026945
0.7133352330770163
0.7134568610762317
0.713635825203302
0.7138701271324405
0.714177530928999
0.7145423603477459
0.715020529072527
0.7155190651912458
0.7160360103195742
0.7165418645246426
0.7170554362579017
0.7175763228880421
0.7182010476274908
0.7190619879740652
0.7199
0.7199064936707847
0.7199194810123543
0.7199454556954933
0.7199686619602634
0.7199843309801317
0.7199921654900658
0.72
0.7200064936707847
0.7200121988831527
0.7200234894382772
0.7200414137472841
0.7200618779703908
0.7200840000927317
0.720110367173185
0.7201393650965681
0.7201733922642657
0.7202072531343664
0.7202466764289357
0.7202979649901036
0.7203628859588727
0.7204199943677998
0.7204829113305039
0.7205643181129648
0.7206641566103217
0.7208218636935649
0.7210426167463472
0.7213025029837636
0.7215374989781296
0.7218246850415688
0.7219181570595256
0.7220308200132511
0.7221243697668794
0.7222041422875717
0.7222940830756834
0.7223832833492166
0.7224612458492031
0.7225402886173733
0.7226259666225857
0.722725716838733
0.722855446926406
0.7230218891763507
0.7231931735581989
0.7233533057639865
0.7234316949203221
0.7235089046238334
0.723592578962163
0.7236763047516338
0.7237536035467336
0.7238479264153956
0.7239920563262531
0.7241560819274319
0.7243684418392005
0.7246710915235158
0.7250155136481813
0.7254071982472676
0.7258565972587893
0.7263745216347632
0.7269782738681897
0.7276878561077755
0.7285287121501424
0.7295254871160674
0.7299
0.7299045433530322
0.7299136300590967
0.7299318034712257
0.7299469082100277
0.7299632939350553
0.7299816469675277
0.73
0.7300045433530322
0.7300130679487504
0.7300258224098863
0.7300390632029156
0.730054511239193
0.7300719148671058
0.7300921565168624
0.7301176247807892
0.7301472051504062
0.7301781613743931
0.7302145463355368
0.7302585695447467
0.7303158277113587
0.7303828298844841
0.7304609995372698
0.7305524913963057
0.7306585844107483
0.7307805789057236
0.7309209912069025
0.7310830948222965
0.7312680853952238
0.7314846517572227
0.7317367819390724
0.7319378543464455
0.7321034412925848
0.7322723797789327
0.7324331116953984
0.7326343670537059
0.7328832182260577
0.7333809205707614
0.7340919029860005
0.7349519095210001
0.7360868728898367
0.737456495056318
0.7391223523655275
0.7399
0.7399072757643325
0.7399218272929974
0.7399509303503272
0.739976399357283
0.74
0.7400072757643325
0.7400179064828263
0.740037391243661
0.7400600489209102
0.7400859092105857
0.7401126279854193
0.7401441341590981
0.7401805413758169
0.7402225403459399
0.7402709594162982
0.7403255977004731
0.7403730315780365
0.7404206757878017
0.7404778110662397
0.7405552707629807
0.7406267252997889
0.7406959043992625
0.7407745043005916
0.7408728330405355
0.7410034382785339
0.7411707730179148
0.7413710132965383
0.7416007570827827
0.7418630189883173
0.7421825318413356
0.7425939347344718
0.7431642606683964
0.7440446399527062
0.7457081664235153
0.7484165103247257
0.7499
0.749904982069504
0.7499149462085118
0.7499348744865276
0.749950811506914
0.7499702655578314
0.7499851327789158
0.7499925663894579
0.75
0.750004982069504
0.7500101769997845
0.7500205668603455
0.7500354488770593
0.750049814146729
0.7500670027639178
0.750087843492922
0.7501108759028833
0.7501407899075161
0.7501753752066914
0.7502148142344979
0.7502611241804954
0.7503151415727914
0.7503763562446218
0.750442950244706
0.7505213152930508
0.75060791010138
0.7507110312130071
0.7508366822414766
0.7510020495295925
0.7511316681592797
0.7512360336288394
0.7513400412789484
0.7514434102022374
0.7515577549372354
0.7517421724453017
0.7520297066785485
0.7523476078557967
0.75266984590438
0.7529509109679999
0.7532214802972443
0.7534865172817744
0.7538044047755692
0.7541929962695542
0.7549301214854945
0.756069685318405
0.7573735573206041
0.7589056923252514
0.7599
0.7599051880109079
0.7599155640327236
0.7599363160763551
0.7599521158488425
0.7599665237982687
0.7599809582873825
0.7599904791436913
0.76
0.7600051880109079
0.7600124273415694
0.7600219822229295
0.7600337305916941
0.7600456549515726
0.7600595782872335
0.7600737890203123
0.7600892761806033
0.7601051688847392
0.7601226730591
0.760142372779915
0.7601638664219313
0.7601899329617999
0.760222870473011
0.7602708103919149
0.7603261991252456
0.7603872783528796
0.760458257204613
0.7605413858030589
0.7606464264597202
0.7607883872985065
0.7609916887452883
0.7611401299811957
0.7612726514837733
0.7614120904152016
0.7615510261903916
0.7616891177181827
0.7618598803035146
0.7620782747440535
0.7624517494589124
0.76319869888863
0.7641328439880498
0.7652166010540582
0.7664827261016328
0.7680179521168985
0.7698606418748507
0.7699
0.769903899490388
0.7699116984711638
0.7699238343354509
0.769934978766698
0.7699464654801088
0.7699593119355801
0.7699739071340882
0.7699881957875657
0.77
0.7700038994903879
0.7700093514247933
0.7700202552936041
0.770032209495297
0.7700446576992876
0.7700593517641237
0.7700750062816987
0.7700917041323405
0.770111226038267
0.770132832226605
0.7701579878928034
0.7701828546500286
0.7702106412544686
0.7702427136683891
0.7702766705713704
0.7703152175404885
0.770360482663414
0.7704189468126583
0.7705024624469249
0.7706165427271956
0.7707253803095112
0.7708619352779686
0.7710018467693109
0.7711168263030684
0.7712495700052262
0.7714089636895625
0.7716668750990869
0.7721826979181359
0.7728710468011415
0.7739019261090345
0.7751659377335317
0.7765984217574126
0.7783505628143302
0.7799
0.7799042405768155
0.7799127217304465
0.7799296840377083
0.7799443566767853
0.7799611172118327
0.7799791615371855
0.7799895807685928
0.78
0.7800042405768155
0.7800092377895936
0.7800192322151499
0.7800329081488079
0.7800474090272432
0.7800627868959824
0.780080382484065
0.7800989269436179
0.7801190328569142
0.7801406374201224
0.7801658191910413
0.7801971376926093
0.7802434348272724
0.7803139202538365
0.7804193375321489
0.780543185676749
0.7806894910030583
0.7808078204278699
0.7809035988687416
0.7810353873415533
0.7811475469379553
0.7812497091113667
0.7813696643033661
0.7815261649556727
0.7818128489402679
0.7823521905149474
0.783019107291923
0.7839507152967062
0.7850325209563906
0.7862793881309897
0.7877980376925213
0.7896187479325458
0.7899
0.7899032075013441
0.7899096225040323
0.7899224525094086
0.7899351346731817
0.7899481614632049
0.789965641728352
0.7899847467732455
0.7899923733866228
0.79
0.7900032075013441
0.7900070352737604
0.7900146908185929
0.7900273614492984
0.7900395050523684
0.7900526360802846
0.7900685274430876
0.7900882393012719
0.7901107402115948
0.7901350575809324
0.7901636058863238
0.7902006271993374
0.7902558569123631
0.7903323347845899
0.7904274543258135
0.7905492832434897
0.7907178776059921
0.7909799139767946
0.7914777029812397
0.7924644987286753
0.794075989523027
0.7964875075470322
0.7998999999999999
0.7999045489412279
0.7999136468236837
0.7999318425885954
0.7999482743444645
0.7999674603071779
0.799983730153589
0.7999918650767945
0.8
0.800004548941228
0.8000093102218422
0.8000188327830706
0.8000341455539237
0.800049996685914
0.8000687063888573
0.8000915821152426
0.8001168248300169
0.8001447825047514
0.8001793695817467
0.8002183797235622
0.8002615360662816
0.800310391329953
0.800367477755637
0.8004364052174087
0.8005275248570655
0.8006658359375011
0.8008960735649947
0.8012048855336729
0.8016359297644495
0.8019301051637552
0.8022143266100188
0.8024969176700707
0.8027687359368159
0.8030647759772264
0.8033145026084934
0.8035939277736622
0.804152778104
0.8051037973141775
0.8062508017132507
0.8076104698997287
0.8092749580980814
0.8099
0.8099057383452465
0.8099172150357395
0.8099401684167257
0.8099580707113632
0.8099787227987979
0.81
0.8100057383452466
0.8100156406866666
0.8100319093394395
0.8100481238803666
0.8100660612121255
0.8100872715067816
0.8101119305746366
0.8101456738762617
0.8101855917589614
0.8102331234182565
0.8102875424636944
0.8103501814280072
0.8104223417611996
0.8105030855370394
0.8105946907771986
0.8107058338261658
0.8108399865607264
0.8109955851232946
0.8111760583893788
0.811385421814011
0.8116280710790689
0.8119004057599675
0.8121988104834591
0.8125230128620861
0.8128904520064454
0.8133901853530074
0.8138669758117335
0.8142336337544207
0.8145944784335161
0.8149796371221616
0.8154397048616072
0.816012144236075
0.8165782161279774
0.8170093197773098
0.8173829797583011
0.8178220629715781
0.818196323920171
0.8184653176077951
0.8187280095296922
0.819049343582202
0.8194035637246084
0.8197622815664368
0.8199
0.8199058407917231
0.8199175223751695
0.8199408855420621
0.8199587870766768
0.8199796648118494
0.8200000000000001
0.8200058407917232
0.8200146873746613
0.8200321221115356
0.820050502101498
0.8200713892062305
0.8200923731441945
0.8201104699357363
0.820126943770293
0.820143116266892
0.8201608586567207
0.8201886299502023
0.820208991951872
0.8202243719959366
0.8202379161260703
0.8202495788587104
0.8202600511027872
0.8202701816249279
0.8202810769548434
0.8202964973807552
0.8203109915566748
0.8203223450708423
0.8203336420834014
0.8203457951913504
0.8203600004811445
0.8203778451270762
0.8203954857300214
0.8204123565824616
0.8204298831162196
0.8204460007145918
0.8204581677686765
0.8204704296362398
0.8204808893335942
0.8204906301465321
0.8205010679596006
0.8205148409556509
0.8205320469208953
0.8205447133159067
0.8205571674746663
0.8205708406726105
0.8205870051182855
0.8206088508767628
0.820637281304862
0.8206768989596898
0.8207158693897477
0.8207476228303545
0.8207788582230751
0.8208121139562388
0.8208496339672301
0.8208952344435799
0.8209516335180008
0.821026804088194
0.8211260599887887
0.8212563249627268
0.8214458414506629
0.8216602555074178
0.8218532312897351
0.8220941852480592
0.822331923203844
0.8225319020901178
0.8227660037767235
0.8230492985921084
0.8235227403109959
0.8242391312454194
0.825074749007935
0.8260515005062553
0.8271903732291823
0.8285446996193194
0.8299
0.8299035395178764
0.8299106185536294
0.8299247766251352
0.8299411913966044
0.829959668473808
0.8299779163633548
0.8299889581816775
0.8300000000000001
0.8300035395178765
0.8300083999632761
0.8300181208540753
0.8300332490434645
0.8300502691541032
0.8300701093417827
0.8300928997297649
0.8301208429043359
0.8301508189455529
0.8301808040228192
0.8302154424726448
0.8302603912414985
0.8303134492367551
0.8303757269005884
0.8304482879790901
0.8305305561199908
0.8306235990379159
0.8307294089491444
0.8308512403322933
0.8309929443349339
0.831163239920912
0.8313647371197354
0.831603061413396
0.8318830733903784
0.8322292732031944
0.8324741487477632
0.8327153301959455
0.8329849971632644
0.833209509520865
0.8334685213265619
0.8339865449379557
0.8350225921607431
0.8361216964598641
0.8374052191327885
0.8389618148891802
0.8399
0.8399074548716987
0.8399223646150962
0.8399419572796937
0.8399611600358753
0.8399809045335752
0.84
0.8400074548716987
0.8400164685377808
0.840027449808477
0.8400406650745184
0.8400541470394567
0.8400713481894565
0.8400905939238028
0.840108248611308
0.8401231528473764
0.8401378921501766
0.8401551979314887
0.8401833990855002
0.8402053640598076
0.8402259821768119
0.8402488828440924
0.8402763199745892
0.8403135013614341
0.8403641569081785
0.8404290684128208
0.8404981480844237
0.8405726022388438
0.8406557462018632
0.8407539127473092
0.8408729258025225
0.8410285787876922
0.8412430710411108
0.8415552763792157
0.8418760644575489
0.8422031377268824
0.8424826101689046
0.842818213895097
0.8431428344785423
0.8434223078177864
0.8437539229740507
0.8441593481690423
0.8445770194508159
0.8450598125118691
0.845673852811446
0.8466221769831519
0.8481805785022661
0.8499
0.8499113506584309
0.8499340519752928
0.8499670259876464
0.8499835129938231
0.85
0.8500113506584309
0.850023593016128
0.8500372665324869
0.8500627609677367
0.8500879702183441
0.8501158901137205
0.8501484304876964
0.8501907355225462
0.8502265698926953
0.8502576543493485
0.8502879184426128
0.8503216412724122
0.8503522160842388
0.8503867805175405
0.850418104033647
0.8504491288992647
0.8504813968640957
0.8505119272780229
0.8505364245280607
0.8505568595944477
0.85057812856568
0.8505994333975213
0.8506224847857968
0.8506438211026663
0.8506664485923413
0.8506924843788916
0.8507252313336536
0.8507708159208979
0.8508121267646981
0.8508452873560156
0.8508745535677101
0.8509030855701388
0.8509378020021727
0.85096155997942
0.8509860120899287
0.8510078373371792
0.8510280296893312
0.851048686215294
0.8510717493412748
0.8511046690366662
0.8511383726640929
0.8511646711201755
0.8511907931051096
0.8512188959048713
0.8512525084199649
0.8512943212813728
0.851351904663642
0.8514373591362064
0.8515803983765321
0.8518664768571834
0.8522027336916135
0.852577661082442
0.8530048286849977
0.8534925695851561
0.8540587411274031
0.8547231594588824
0.8555072648343923
0.8564395639724102
0.8575563774844203
0.8589125049856453
0.8599
0.8599050421896112
0.8599151265688335
0.8599352953272782
0.8599532288733596
0.8599725534250156
0.8599862767125077
0.86
0.8600050421896112
0.8600112973486457
0.8600238076667147
0.8600383669589777
0.8600546236449376
0.8600714332070444
0.8600909200954977
0.8601103677494624
0.8601329271154259
0.8601632855806959
0.8602027027773647
0.8602447598635079
0.8602951162414992
0.8603611522589352
0.8604511472034391
0.8605836194802632
0.8608068052197714
0.8611075841212246
0.8614928115439126
0.8619917333934392
0.8626398234038525
0.8634853980699302
0.8645893341541893
0.8660280489740749
0.8679021449052088
0.8699
0.8699070144595642
0.8699210433786926
0.8699491012169493
0.8699708695612842
0.8699854347806422
0.87
0.8700070144595642
0.8700173482754245
0.8700371318072769
0.8700576964088893
0.8700788021474257
0.8701035276567665
0.870132079976185
0.870165095975789
0.8702027542855115
0.870252856482614
0.8703195190528695
0.8704053843381
0.87051536047568
0.8706640628725141
0.8708869817748432
0.8711147075057853
0.8713365634656572
0.8716145024248326
0.8719721277995554
0.8726814501383847
0.8741000948160434
0.875876511829193
0.8782057274808233
0.8799
0.8799040330745115
0.8799120992235344
0.8799282315215803
0.8799425615803695
0.879957434168309
0.8799764882513297
0.8799882441256648
0.8799941220628325
0.88
0.8800040330745115
0.8800080599170832
0.8800161136022266
0.8800313496117359
0.8800463866415152
0.8800622166045897
0.8800803597762763
0.8801013513435543
0.8801262713261023
0.8801561314059507
0.8801922469783907
0.880235136209153
0.880282952702009
0.8803367441572468
0.880398168622361
0.8804672631787391
0.8805527003597338
0.8806550380745075
0.8807724840669461
0.880905201736982
0.8810585241803143
0.8812337201019891
0.8814425688299586
0.8816870305971651
0.8819743432256713
0.8821794344052027
0.8823760478071166
0.8825901101706937
0.8827804329505273
0.8830170592819293
0.8833973083808088
0.8839868402779157
0.88486162442411
0.8859571005532684
0.8872585023313249
0.8888331524926124
0.8899
0.8899105261490967
0.8899315784472901
0.889965789223645
0.8899828946118225
0.89
0.8900105261490967
0.8900234399577764
0.8900414386234311
0.8900667854073491
0.8900923194746806
0.8901194865971815
0.8901504971083691
0.890192220671251
0.8902533534689003
0.8903139213420298
0.8903776421851798
0.8904542020784072
0.890557012528922
0.8907253183615715
0.8909176028347865
0.8911379589133325
0.8913969600697714
0.8917066909725454
0.892054409644752
0.8924497204587613
0.8929149088542575
0.8934667796103282
0.8941025241179087
0.894878032006134
0.8958262533806817
0.8970163286983514
0.8985477664251051
0.8999
0.899933242843784
0.899966621421892
0.9
0.9000218495233013
0.9000426407337615
0.9000716313959749
0.900110819977972
0.9001515076548772
0.9001994979325088
0.9002544999098949
0.9003116353100326
0.9003821026734172
0.9004807177117745
0.9006266191649424
0.900798271098742
0.9009623035645684
0.9011311886728238
0.9013369047886868
0.901577312986792
0.9018358103485278
0.9020980677874137
0.9024062366751178
0.9027827255603428
0.9032560794679453
0.9038779525023292
0.9046459901096183
0.90563524827321
0.9069927301619289
0.9091129539370115
0.9099
0.9099083883530895
0.9099251650592685
0.9099587184716263
0.9099832790905996
0.91
0.9100083883530895
0.9100183731127244
0.9100317263899551
0.9100475044797639
0.9100631584113837
0.910077802160233
0.9100933710695565
0.9101131410731989
0.9101368791308203
0.9101584742931131
0.9101782784495479
0.9101957761666479
0.9102134441816375
0.910234888551641
0.9102678339199304
0.9102935388581114
0.9103179618124454
0.9103449010970537
0.9103769667411705
0.910420235983614
0.9104772923245019
0.9105484367993277
0.9106335439939576
0.9107231491465207
0.9108203490817826
0.9109298504088098
0.9110594333924689
0.9112231791924925
0.9114309999913954
0.9117283156860475
0.9122060483814648
0.9131615137722994
0.9141481305410525
0.9151333668864458
0.9160135079292826
0.9167599124540909
0.9175647821319612
0.9183671234811586
0.9193521078406321
0.9199
0.9199083106047806
0.9199249318143418
0.9199411956346
0.9199585784794337
0.9199735272881925
0.9199883570512813
0.92
0.9200083106047806
0.9200170445363106
0.9200273358999874
0.920039450625864
0.9200544212417241
0.9200711619294955
0.9200865978289773
0.9201028431447573
0.9201214828637736
0.920146138103545
0.9201836996191965
0.9202278174127257
0.920278907548163
0.920338318421901
0.920407434902919
0.9204884874544534
0.9205839141640941
0.9206952232408151
0.9208251419439784
0.9209768838519038
0.9211540244843578
0.9213605077067323
0.9216005621870639
0.9218793327806412
0.9221986413749648
0.9225695778652915
0.9230049328434743
0.9235214037114121
0.9241532776541143
0.9250211789018615
0.9262876920114048
0.9286470478690956
0.9299
0.929905000026201
0.9299150000786032
0.9299350001834075
0.9299512157772541
0.9299674826790724
0.9299837413395362
0.93
0.9300050000262011
0.9300122626456522
0.9300267878845543
0.9300434076060907
0.9300606490814488
0.9300800903362599
0.9301022602506337
0.930132632115036
0.9301573255364332
0.9301758530250511
0.9301913726041008
0.9302052854929221
0.9302191556011232
0.9302354778778515
0.9302484371743324
0.9302645843765834
0.9302784641582956
0.9302907106670616
0.9303017974725761
0.9303115656967341
0.9303204834309989
0.9303292765187071
0.9303391677825108
0.9303492392815391
0.9303603720859833
0.9303700314029687
0.9303796559912239
0.9303901493097779
0.930402291973865
0.9304175842757622
0.9304337462073045
0.9304486168699145
0.9304628904674845
0.9304778305987151
0.930489949103166
0.9305044834669937
0.9305148757449866
0.9305233789932976
0.9305316304183198
0.9305405671650803
0.9305542037979216
0.9305663495556151
0.9305764350579057
0.930586906431668
0.9305985647339914
0.9306127926215887
0.9306321441549724
0.9306574752787062
0.9306919881305732
0.9307276209822597
0.9307552200805805
0.9307818838656464
0.930810107666067
0.9308417831448105
0.9308802449639285
0.9309276912528264
0.9309907051249194
0.9310714056220936
0.9311744786916429
0.931319070512796
0.931552910566899
0.9318529347801414
0.9321947546298195
0.9325845162147116
0.9330316365283171
0.9335503878304544
0.934156728188655
0.9348688987024302
0.935715340204295
0.9367168915972104
0.9379606106645825
0.9394464623448703
0.9399
0.939906626506317
0.939919879518951
0.9399463855442189
0.939970096125758
0.9399850480628791
0.9400000000000001
0.9400066265063171
0.9400145977631964
0.9400305402769551
0.9400451564961431
0.9400631875259396
0.9400783937607755
0.9400946930932497
0.9401076710093345
0.9401193235345946
0.9401315442727621
0.9401467204956182
0.940164946824426
0.940181310666036
0.9401970421404726
0.940214079545362
0.9402298879311346
0.9402432903441669
0.9402563273555118
0.9402705979782919
0.9402900928991123
0.9403142012486377
0.9403325029094595
0.9403507196129561
0.9403707124715703
0.9403948128760834
0.9404257245201014
0.9404671543743642
0.9405142027661098
0.9405703300752831
0.9406408917460238
0.9407166954990991
0.94079545489404
0.940880883951514
0.9409769758273151
0.9410918814533529
0.9412327309734893
0.9414182896341927
0.9416808607053644
0.9420960994169921
0.9429198194582037
0.9435670891571653
0.9440531730678817
0.944730039470155
0.9452751689344432
0.945771389297314
0.9463617641165645
0.9471404694835655
0.9486130347404441
0.9499
0.9499046395608882
0.9499139186826647
0.9499324769262177
0.9499467294542445
0.9499627777491227
0.9499820086616076
0.9500000000000001
0.9500046395608883
0.9500125083898672
0.9500236247923372
0.9500398785928241
0.9500539527333641
0.9500695197768452
0.9500882097369185
0.9501116057307911
0.95013757465892
0.950165579357112
0.9501991964928844
0.9502415944391803
0.9502939646716775
0.9503551955133984
0.9504265647608097
0.9505097907505462
0.9506070722407013
0.9506809553413144
0.9507572817204467
0.950816408287927
0.9508627337839575
0.9509036873370312
0.9509427205369518
0.9509846459613623
0.9510438001917352
0.9510954708804914
0.9511317667145599
0.9511620447846695
0.9511882805425496
0.9512122533463081
0.9512364127229264
0.9512641902489823
0.951292259076015
0.9513236816504909
0.9513510505729211
0.95137819944816
0.9514076624620983
0.9514414692524353
0.9514836781821936
0.9515286709955798
0.9515810189159477
0.9516389003753997
0.9516895564996397
0.9517419308582864
0.9517903147581009
0.9518382718025948
0.9518897783641694
0.9519497622484842
0.9520355471225681
0.9521346229340526
0.9522093748092549
0.9522816719660757
0.9523581668227648
0.9524464871065649
0.9525525858954484
0.9526914817218756
0.9528844215398524
0.9531760251213472
0.953645313459733
0.9540289526703734
0.9544235080950683
0.9548369126087543
0.9551968252958567
0.9556032852456408
0.9564162051452089
0.9575322267402422
0.9588894814596363
0.9599
0.9599096334050153
0.9599289002150461
0.9599674338351075
0.9599837169175538
0.96
0.9600096334050153
0.960019072748494
0.9600338519040252
0.9600634102150878
0.9600998937465274
0.9601475289363255
0.9602047465818635
0.9602651590621369
0.9603177779281226
0.9603673441737565
0.9604186040739896
0.960481054795429
0.9605594082812476
0.9606156750245922
0.9606688008550714
0.9607250839715152
0.9607823548760795
0.960833120156158
0.9608736115775484
0.9609099997096021
0.9609522021710718
0.9610092013599103
0.9610494332377878
0.961088597846068
0.9611316176463149
0.9611842224514705
0.9612500447762712
0.9613152704772621
0.9613708398448093
0.961421851432872
0.961474885702548
0.9615191213691731
0.9615714358848525
0.9616124052505445
0.9616484679949147
0.96168454316435
0.9617237524246209
0.9617763047480478
0.961835669175109
0.961884057320286
0.9619310120526853
0.9619814096827293
0.9620395213416285
0.9621125657576102
0.9621916975823042
0.9622724647699035
0.9623599536495906
0.9624624189007532
0.9625844451703592
0.9627447449828818
0.96297109446619
0.9633257586724392
0.9639041907335325
0.9645588373401756
0.9652968858194053
0.9661458450147921
0.9671337622969675
0.9683203904587482
0.969718838387464
0.9699
0.969909901294543
0.9699297038836291
0.9699564899305534
0.9699755568517539
0.9699877784258769
0.97
0.970009901294543
0.9700199911430744
0.9700319176555605
0.9700497060044212
0.970068834414129
0.9700887088002411
0.9701100071644866
0.9701360688212598
0.970165738357054
0.9701952963092159
0.9702294915289698
0.9702736712278052
0.9703198237319256
0.9703704156314388
0.9704328151459072
0.9705170939615924
0.9706322460986291
0.9707372072016168
0.9708319747138325
0.9709250239422336
0.971027225877624
0.9711164173891219
0.971220637110461
0.9713016651422347
0.9713689166975853
0.9714299395098474
0.9714878271330097
0.9715490941011644
0.9716289536051445
0.9717277419418313
0.9717979934727702
0.9718652455782801
0.9719374344264871
0.972020531638446
0.9721284830870544
0.9722172564972943
0.9722874441058533
0.9723540164065914
0.9724262658140316
0.9725338325222468
0.9726398227071537
0.9727294157850059
0.972824132106269
0.9729322621662015
0.9730662102780933
0.9732456287577546
0.973419481676826
0.9736011074396832
0.973803548528148
0.974043377302237
0.9743367202235281
0.9747306192317509
0.9753199150077736
0.976198242330167
0.9772439098769384
0.9784590978668111
0.9799
0.9799026512341331
0.9799079537023994
0.9799185586389318
0.9799277277833612
0.9799361742408701
0.9799456566471074
0.9799574206924754
0.9799677438401649
0.9799786693363581
0.9799914038409604
0.98
0.9800026512341331
0.9800064003651906
0.9800128862798148
0.9800212646840768
0.9800288346640272
0.9800369564202182
0.9800475502732627
0.9800590956833846
0.9800695002565979
0.9800798589835349
0.9800884406025921
0.9800960714258913
0.9801041180918888
0.9801147613323942
0.9801269543524951
0.980137577708664
0.9801484011926586
0.9801605444784742
0.9801751017770988
0.980194352937406
0.9802138426494365
0.9802325003393308
0.9802521537425937
0.9802738846253459
0.9802995177634181
0.9803305180158598
0.9803711257067825
0.9804252132026791
0.9804925653796428
0.9805842816846221
0.980678022213489
0.9807760121627361
0.9808557336797122
0.9809407422269969
0.9810463832942057
0.9811280214988852
0.981215006646263
0.9813323143461034
0.9815032653778212
0.9817890626379547
0.9822904037576238
0.9828062866161427
0.983220836293317
0.9836960104938118
0.9841994933402533
0.9846074421203345
0.9850803247656804
0.9856586645427323
0.9866338051364654
0.9880916920606543
0.9898172179654982
0.9899
0.9899029562888624
0.9899088688665871
0.9899206940220366
0.9899351796836829
0.9899511326732914
0.9899672151385979
0.9899852411159933
0.9899926205579966
0.99
0.9900029562888624
0.9900064015324843
0.9900132920197282
0.9900259063248091
0.9900424605407351
0.9900587807240393
0.9900772322959865
0.9900980453352108
0.990121349666459
0.9901468039033021
0.9901771932966715
0.9902144942493034
0.9902583341614689
0.9903103264155542
0.9903680520150357
0.990432625727837
0.9905060369618531
0.9905893283380452
0.9906930332225276
0.9908182909725161
0.9909661184649639
0.9911387397325282
0.9913504773547105
0.9916103790936526
0.9919409981168389
0.992384307675183
0.9930285905965114
0.9936079251173101
0.9940147547375856
0.9942181695477234
0.9945740600164407
0.9949645825428176
0.995515529201053
0.9964575790563951
0.9978096391966049
0.9989048195983025
0.9999
0.9999047256186265
0.9999141768558796
0.9999330793303857
0.9999482231929641
0.9999656046154949
0.9999828023077475
0.9999914011538737
1.0
