0.0
0.001
0.003
0.007
0.0099
0.009904108939498425
0.009910828538488552
0.009915092670729063
0.009919260526927915
0.009925061382534885
0.009933273389108497
0.009948430659875745
0.009968075981943401
0.009984037990971702
0.009992018995485852
0.01
0.01000410893949842
0.01000973309062104
0.01001503807496264
0.01002564804364585
0.01004018265430904
0.01005859833306092
0.01007859634499308
0.01009639107727814
0.01011373077969802
0.01013315402024176
0.01015682946686752
0.01017831469846671
0.01019791653495605
0.01021697845069455
0.01023690826929412
0.01026183270734984
0.01028335987888622
0.01030549150717596
0.01032619009509361
0.01034711295528622
0.01036923172420225
0.0103916673729592
0.01041109497186437
0.01042630386900894
0.01043971381490565
0.01045457633233043
0.01046813159120812
0.01048307392736335
0.01049725904516562
0.01051216192462179
0.01052908024373007
0.01054973033754595
0.01057715990400356
0.01060338022097942
0.01062450246163525
0.01064237588782202
0.0106582051972018
0.01067302783312291
0.01068802809799675
0.01070488282358281
0.01073087010101422
0.01075075326314822
0.01076573285388078
0.01077947052409848
0.01079244434754873
0.01080544584040925
0.01081933707702897
0.01083544904850584
0.01085977498903867
0.01088191742086468
0.01089945322239558
0.01091681150287405
0.01093522507661793
0.01095631539474289
0.01098265554689905
0.01101619844985407
0.01106223669784356
0.01112972863629248
0.01123968501275575
0.01145271931278252
0.01169183136340353
0.01195570658145478
0.01220025600624493
0.01238402553644745
0.01252885033173469
0.01264899728964673
0.01275307708757774
0.01284840417154054
0.01294042570070932
0.01303532022070963
0.01314304697783352
0.01321940603123649
0.01329951857262455
0.01336707778613892
0.01342796507774292
0.01349082556399911
0.01355951054570826
0.0136308176972796
0.01370684928386311
0.01378939441046056
0.01387422498707033
0.0139539916633938
0.01403328790644049
0.01412371799340873
0.01419644107667458
0.01427030403576926
0.0143325172975737
0.01438981403012917
0.01444905957944897
0.01451587572478511
0.01459503616082048
0.01469381978624664
0.01477764553540039
0.01485950175116727
0.01494712128870744
0.01504360773590955
0.01515227756439019
0.01527691499716685
0.01541867445085448
0.01558992754848481
0.01577479432719333
0.01598468233577055
0.01622270104121787
0.01651018122172908
0.01687882426432815
0.01736423223563606
0.01806247858002356
0.01906392778356608
0.0199
0.01990318235426137
0.01990833838260646
0.01991158825009427
0.01991476659060134
0.01991919438416849
0.01992541432133632
0.01993681718437166
0.01995304308127448
0.01997160242399442
0.01998580121199721
0.02
0.02000318235426138
0.02000954706278412
0.02001511247195257
0.02002624329028946
0.02004049165039094
0.02005272763441574
0.02006337964099326
0.0200731066689836
0.02008244694218231
0.0200923802946015
0.02010354489695094
0.02011467311673186
0.02012515471124052
0.02013466235154034
0.02014370310771674
0.0201522344973723
0.02015996759305548
0.0201668556454066
0.02017316764131749
0.0201793558695296
0.02018622433034537
0.02019677655023391
0.02020521892965194
0.02021208333037257
0.02021902022950752
0.02022645064695995
0.02023515069887573
0.02024355997556224
0.02025152465850099
0.02025981864986319
0.02026947833252797
0.02027939562913127
0.0202879180027862
0.02029664544340142
0.02030633149051284
0.02031369365289507
0.02032133788545894
0.020327753799054
0.02033341075086808
0.02033899365718608
0.02034511879855369
0.02035370088686437
0.02036302015212446
0.02037020814979607
0.02037730925077885
0.02038500646662788
0.02039378457212341
0.02040269748687814
0.02041220856644696
0.02042278187130377
0.02043221592640479
0.02044095472738911
0.02044947180064777
0.02045790712414564
0.02046629155204763
0.0204745380850611
0.0204827816789367
0.0204912896803852
0.02050064357473095
0.02051147197961951
0.02052213160430217
0.02053329803928282
0.02054369910897475
0.02055428179241526
0.02056582120149991
0.0205794436525533
0.02059264501418744
0.02060426653319258
0.02061494243149948
0.02062391294256677
0.02064169630868154
0.02065126733657636
0.02066153350485124
0.02067020716867829
0.02067957556977603
0.02068718410594679
0.02069810714895524
0.02070825337263999
0.02072423044980054
0.02073734940479866
0.02074949255488921
0.0207631845323718
0.0207765949460245
0.02079127927047916
0.0208085266663907
0.02082957171585579
0.02085656210798732
0.02089201887267399
0.02094094384700402
0.02101495674586627
0.02114512238795694
0.02133364231029117
0.0214949180266102
0.0216272448654255
0.02175195028874256
0.0219036049397483
0.02198097840278875
0.02206296518443654
0.02215341731272866
0.02224794926923951
0.02235893458579155
0.02251412518995081
0.02266187414705223
0.02279533285571561
0.02293145824003989
0.02307549744681726
0.02324268493850408
0.02345244976681181
0.02372741884561154
0.02410870394155933
0.02468958659021955
0.02549493864863026
0.02625980911375663
0.02701925818262061
0.02807401344740649
0.0293881357935773
0.0299
0.02990626991637407
0.0299188097491222
0.02994388941461847
0.02996148444196238
0.02997786260514695
0.02998893130257348
0.03
0.03000626991637407
0.03001351838866385
0.03002624575948225
0.03004173691155564
0.03005802709800739
0.03007785299840292
0.03009743379696003
0.03011931015900366
0.03014736598644385
0.03018820335857757
0.0302178988083188
0.03027161942406867
0.0303156469616059
0.03037760895180254
0.03049113497530719
0.03058271090441612
0.03069389891183631
0.03081159081140363
0.03094224930929762
0.03109950505985329
0.03129637890483341
0.03155495169278292
0.03191489540333225
0.03246306481013847
0.03343125531947673
0.03536763633815325
0.03821513658606944
0.0399
0.03990940596555004
0.03992821789665012
0.03993945805961949
0.03995270721817238
0.03996632866976624
0.039981520528568
0.04
0.04000940596555004
0.04002033479177707
0.04003130528421544
0.04004343696231807
0.04006459784765126
0.04008081959334023
0.04010708931440116
0.04013701379095627
0.04015803369982337
0.04017982021126203
0.04021082980529221
0.04023513621047636
0.04026977916286825
0.04031012473384576
0.04035607507003001
0.0404097970173709
0.04046091532768001
0.04053221932101556
0.04063129065655047
0.04074176371337681
0.04086810707532169
0.04101443453200462
0.04119043509232117
0.0414021101397822
0.0416583853369419
0.0419697939862678
0.04235106117018151
0.0428221689155879
0.04340976032671662
0.04414974306759556
0.04509134601635249
0.04630244925624546
0.04787989070232701
0.0499
0.04990374925413626
0.04991124776240877
0.04992624477895381
0.04994161610772145
0.04995598140749349
0.04996866607206251
0.04997990272416702
0.04999045823826136
0.05
0.05000374925413626
0.05000952922867465
0.05001824926222281
0.05003003217628713
0.05003857391423248
0.05004555521707359
0.05005243074293974
0.05006009288676966
0.05007231715468933
0.0500832483157856
0.05009263074968111
0.05010252713439632
0.05011360538584553
0.0501273406961853
0.05014589455636879
0.05016504183283478
0.05018178375332703
0.05021047797135182
0.05023238510427185
0.05025646542342627
0.05028646999548129
0.05032523121139581
0.05038083521233059
0.05044591237860539
0.05050333386733491
0.05055538683934212
0.05060585485191194
0.05065944692988335
0.05073434143833083
0.05077605204378846
0.05081833665032334
0.05085528857776667
0.05088691852278551
0.05091706807458612
0.05094782953349546
0.05098375075169582
0.05101861280232845
0.051057901708388
0.05109271446407068
0.05112736099202793
0.05116504197096609
0.05120826241539159
0.05125967853452576
0.05132371015762127
0.05138261198017603
0.05142516248847823
0.05146182013608758
0.05149736257619964
0.05153580572699037
0.05158434890645785
0.05162950044694874
0.05167828330403991
0.05172497634091038
0.05177447535740988
0.0518301997819972
0.05189168221046869
0.05196536689058095
0.05205894097082549
0.05218646676601219
0.05238514543328812
0.05264669762718455
0.05293847519320643
0.05327871242742203
0.05369266285364644
0.05423434709972005
0.05489702630278342
0.05567275943010987
0.05659135156946581
0.05765257183003517
0.0586996358968281
0.0599
0.05991161040870818
0.05993483122612454
0.05996741561306227
0.05998370780653113
0.06
0.06001161040870818
0.06002437152931638
0.0600402894184503
0.0600625928101438
0.06008786268673432
0.06011165389441835
0.0601309929898334
0.06014899905672312
0.06018108866903644
0.06021850700087309
0.06025892741560578
0.06030339483980084
0.06034860443531899
0.06040649375502007
0.06046079486202329
0.06051545272238592
0.06057976327800565
0.06064128736810206
0.06074754072769207
0.06090492047212165
0.06108074459390058
0.06128959857176975
0.06144188414744516
0.06159353634310035
0.06175761247158926
0.0619556935364819
0.06222544890420664
0.06262761520130876
0.06330429746951535
0.06436856482347715
0.06562858443458545
0.06666563866767294
0.06752595869179502
0.06847216635401268
0.0699
0.06991581822271269
0.06994745466813805
0.07
0.07001581822271269
0.0700406204237565
0.07006271881165804
0.07008944138219748
0.07011854331876495
0.07014766661432334
0.07017544571272813
0.07020243820016231
0.0702331883588141
0.07026765010783144
0.0702991156022695
0.07033332732972829
0.070371923042208
0.070423523665266
0.07050418524473677
0.07059022511646453
0.07070432632766976
0.0708450630882921
0.0710205880032183
0.07125637399209783
0.07161513846478829
0.07221914896101429
0.0731450162051944
0.07436232365512639
0.0758628178322123
0.07770094434596393
0.07990000000000001
0.07990903578880788
0.07992710736642362
0.07994379758221556
0.0799625442013121
0.07998005867166826
0.07999002933583413
0.08
0.08000609812691382
0.08001480415537397
0.08002410050296771
0.08003624888015164
0.08004936562109599
0.08006338476176983
0.080074045337552
0.08008478321399072
0.08009757518954189
0.08011308040218335
0.08012790932938876
0.08014264826437989
0.08015674492027922
0.08017143776806121
0.08018797359277259
0.08020791676173418
0.08023415171130137
0.08027359781580493
0.08031456134002093
0.08035598069669453
0.08039799003368336
0.08045346549086817
0.0805083040870852
0.08057776217547054
0.0806504384679008
0.08073291594848012
0.08079271911987967
0.08084904581471819
0.08092447925397765
0.08100997581167045
0.08111834598235267
0.08122118255675614
0.08131838988455312
0.08141915618829484
0.08151788058771979
0.08165319906281714
0.08180390541595746
0.08200610475227266
0.08229326404676096
0.08273256827526469
0.08347592743702122
0.08458992372385864
0.08615022919183983
0.08803811740677445
0.08990000000000001
0.08990380653231311
0.08991141959693932
0.08992664572619175
0.08993833997575047
0.08994780914059007
0.08995657845571059
0.08996441092849333
0.08997182999134971
0.08997906597302693
0.08998617878187382
0.08999317786289082
0.09
0.09000211642177126
0.09000584229550827
0.09001088787274422
0.0900155191381379
0.09002142285999766
0.09002862165839338
0.09003906733918872
0.09004972277730479
0.09005785370047013
0.09006555061219408
0.09007350432103858
0.09008226626784883
0.09009266673266399
0.0901035120429685
0.09011276524020345
0.09012056222155233
0.0901265222390849
0.0901318714129231
0.09013685467871688
0.0901431302747272
0.09014787960116347
0.09015213348580929
0.09015594730170406
0.09015974147736429
0.09016309643751
0.0901676851062966
0.09017240371162796
0.09017716096067095
0.09018200289045589
0.0901867408904565
0.09019121982896385
0.09019535066929599
0.09019910659222857
0.09020252148892438
0.09020566624993456
0.09020862337671569
0.09021147792038973
0.09021431914617498
0.09021725390192502
0.0902204414730689
0.09022421483282984
0.09023012232153657
0.09023523703147476
0.09023940346412143
0.09024353734515891
0.09024785181213743
0.09025268264231547
0.09025800327365843
0.09026435967863553
0.09026867098496522
0.09027374308682357
0.09027783922940788
0.0902812539278924
0.09028449769211713
0.09028780383972873
0.09029149147004303
0.09029602278343472
0.09030057182553876
0.09030459744804954
0.09030871394343364
0.090313155985775
0.09031831521635211
0.09032443852971543
0.09033004645614463
0.09033572450566686
0.0903419152096271
0.09034901343795175
0.09035787856616784
0.09036916432699456
0.09037159911277559
0.09037636686164921
0.09037984842461895
0.09038351170353504
0.09038700389867813
0.09039010504252334
0.09039386488193538
0.09039997494248744
0.09041041589595479
0.09042213498031314
0.09043525172503701
0.0904506329949669
0.09046690499850993
0.0904817463493363
0.09049713160004884
0.09051426086423457
0.09053520604583228
0.09056158330092312
0.09059868599316435
0.09062956691783097
0.09065421024351224
0.09067610610557673
0.09069728201774875
0.09072217217251825
0.09074005985455727
0.09075979234305018
0.09077700666878742
0.09079256175044023
0.09080791022143116
0.09082388322732768
0.0908425552439589
0.09086434394262469
0.0908869906797137
0.09090635738798768
0.09092570247566575
0.09094668899107554
0.0909709725087543
0.09100135306375294
0.09104211196171272
0.09109695866722609
0.09118212128624992
0.09124896674080647
0.09129548837063586
0.09133801210651896
0.09142297189317342
0.09151308099050753
0.09159957349014447
0.09168389098742756
0.0917734793880105
0.09187409448518447
0.09200418236568848
0.09218841858072167
0.092480082437021
0.09291373926566099
0.0934051766172767
0.09396189769061364
0.09460090217044169
0.09534051913043975
0.09620946073167162
0.09724061704131237
0.09847432336930767
0.0999
0.09990626416411819
0.09991879249235455
0.09994384914882729
0.09996198515044342
0.09997992767484065
0.09998996383742033
0.1
0.1000062641641182
0.1000129330509038
0.1000229329844298
0.1000429328514819
0.1000603596183433
0.1000764994743173
0.1000944493859394
0.1001139489202141
0.1001407502036097
0.1001651137953726
0.1001871147547927
0.1002087022388259
0.1002318207915178
0.1002614909123502
0.1002914037437126
0.1003136570374656
0.1003332733572784
0.1003509510211462
0.1003667183808716
0.1003812896344247
0.1003955162610722
0.1004108270752102
0.1004318780187674
0.1004530557635376
0.1004691095778623
0.1004847083121619
0.1005012486429886
0.1005201171323808
0.1005438284817168
0.1005676676775818
0.1005920515992751
0.1006220419289227
0.1006426013139999
0.1006632849815721
0.1006813914360564
0.1006979354143241
0.1007147348291995
0.1007332872778782
0.1007583304127581
0.1007894131946533
0.1008118175053628
0.100833235155067
0.1008560874421133
0.1008820188292032
0.100914476218343
0.1009581666803678
0.101016640692695
0.101092516038017
0.1011971805454384
0.1013168330843734
0.1014516502930511
0.1016047562029759
0.1017703108511319
0.1019684385875937
0.1022273977348904
0.1025959395117702
0.1030245406486729
0.1035187121571839
0.10409176820897
0.1047594438355958
0.1055472332747042
0.1064895502906677
0.1075896263497628
0.1088731938458249
0.1099
0.1099023552344714
0.1099070657034141
0.1099164866412996
0.1099269470344069
0.1099382054300347
0.1099505917669283
0.1099638454423507
0.1099805492788294
0.1099902746394147
0.1099951373197074
0.1099975686598537
0.11
0.1100023552344714
0.1100041188537481
0.1100076460923017
0.1100147005694088
0.1100244838724107
0.1100350318048199
0.1100456304717701
0.1100566217711794
0.1100698770200164
0.1100861562579613
0.1101022113068797
0.1101175888756021
0.1101346988469117
0.11015571014979
0.1101769608626131
0.1102041149973213
0.1102334024069042
0.110268702819344
0.110317898588764
0.1103535843625824
0.1104088746169925
0.1104586782120818
0.1104968240674248
0.1105550875917244
0.1105981465769885
0.1106446175592171
0.1107120008992027
0.110819427567947
0.1109638742450041
0.1111289139818665
0.1113173459258033
0.1115330439637138
0.1117807987653308
0.1120321213797667
0.112222100923984
0.1124954647381713
0.1126909482313158
0.1128934584572633
0.1131603986046639
0.1135208354835679
0.1141720272993086
0.1147201715623145
0.115335342048174
0.115906749062996
0.1164088638462664
0.1170121879983093
0.1182188363023953
0.1199
0.1199030226486087
0.1199090679458261
0.1199211585402608
0.1199345494985282
0.1199470199974642
0.1199628477647011
0.1199806759373601
0.12
0.1200030226486087
0.1200090679458261
0.1200177614824779
0.1200325329686487
0.1200475084945605
0.120063577071341
0.1200820232438315
0.1201033330788476
0.1201274266888446
0.1201511565888756
0.1201739042397287
0.1201961754015639
0.1202195786354846
0.1202494059356716
0.1202774023420199
0.1203012946505883
0.1203243798121209
0.1203486862534971
0.1203713701526931
0.12039244659821
0.1204130658206487
0.120434628859806
0.1204527151206846
0.1204692533161841
0.1204830159470549
0.1204943159894427
0.1205049754492407
0.120516291552707
0.1205306174664462
0.120544363863013
0.1205579689861722
0.120571575599695
0.1205859188718278
0.1205984167020451
0.1206095619532741
0.1206203087966158
0.1206314805693505
0.1206449399337271
0.1206640330384507
0.1206781054949227
0.1206905962132016
0.1207035995644467
0.1207179259848005
0.1207351633696716
0.1207536580419969
0.1207712384190981
0.1207849455633796
0.1207955196943562
0.1208046033448654
0.1208129973476863
0.1208205635690945
0.1208292842192432
0.1208401173106291
0.1208495674566942
0.120857728520069
0.1208648016026696
0.1208715601004222
0.1208785110212982
0.1208840848955842
0.1208915517560028
0.1208982204301836
0.1209044250249592
0.1209120565267667
0.1209243368348849
0.1209416381126105
0.1209575600844986
0.120973503740605
0.1209896850835037
0.1210061336801481
0.1210238928395603
0.1210421542563314
0.1210628932506099
0.1210863099086042
0.1211141114262131
0.1211400278641797
0.1211633897336752
0.1211872846959025
0.1212132708573987
0.121244166165173
0.1212815995057003
0.1213306698934108
0.121389317899234
0.12144719045811
0.121496249519983
0.1215516795849672
0.1216120841717639
0.121658841752319
0.1216959083012304
0.1217299585674343
0.1217710015325127
0.1218150046173222
0.1218782323527831
0.1219392978217635
0.1219916715248071
0.1220447279918639
0.1220982845740992
0.122186060183488
0.1222749385435152
0.1223858677829376
0.1225441342516912
0.1227784891437924
0.122961306112653
0.1231317052919788
0.1233894638687539
0.1236399267545363
0.1239026076296697
0.1241957084214387
0.1246109648454521
0.1252901795124618
0.1260834295073758
0.1269966276212663
0.1280616927518287
0.1293301478940694
0.1299
0.1299051795396616
0.1299155386189848
0.1299293296817178
0.1299451661901027
0.1299566205661074
0.1299669741831329
0.1299772266739896
0.1299888235591578
0.13
0.1300051795396616
0.1300116293003459
0.1300182785314695
0.1300315769937167
0.1300416206021787
0.1300508091616466
0.1300606747304606
0.1300719485229612
0.1300890151958316
0.1301066643242997
0.1301206736484431
0.1301345002890053
0.1301493983387687
0.1301665670771162
0.1301870444558778
0.1302098653518126
0.1302338700357233
0.1302609044102452
0.1302957796691864
0.1303210125089872
0.1303424879623519
0.1303620903700716
0.13037939493985
0.1303950684644619
0.1304100132649756
0.1304255993516555
0.1304454411897418
0.1304625837517981
0.1304795093805392
0.1304957633180065
0.1305126840033124
0.1305317034379068
0.1305548921343058
0.1305805402717654
0.1306053059970634
0.1306308563413011
0.1306549642586478
0.1306806536184999
0.1306986814062349
0.1307136725273662
0.1307283676015959
0.1307448017172523
0.1307703379265269
0.1307912086076642
0.1308094224933823
0.130828739478524
0.1308505608306949
0.1308776340945128
0.1309147253144893
0.1309563670524523
0.1309933008959696
0.1310278974202222
0.1310643059757037
0.1311086755529441
0.1311450115899212
0.1311724936778559
0.13119742262906
0.1312218935716021
0.1312487342079992
0.1312856060740649
0.1313290508618584
0.1313614354831223
0.1313929926724084
0.1314270127839579
0.1314663687481852
0.1315171775647352
0.13158502412221
0.1316855302462805
0.1318528665716455
0.1320122938403248
0.1321621919878763
0.1323941157729639
0.132565339497228
0.1327201213936181
0.1329168723514321
0.1331670312607432
0.1333962051813156
0.1336626061598511
0.1339873742988049
0.1345240890122337
0.1350751008627513
0.1355308530593151
0.1360199059448904
0.1365272721640542
0.1369767059083958
0.137481602821037
0.1384913966463196
0.1399
0.1399035413283951
0.1399106239851854
0.1399181414909379
0.1399252522356465
0.1399363349608962
0.139953464068263
0.1399728138355615
0.1399864069177807
0.14
0.1400035413283952
0.1400092527985999
0.1400153865335302
0.1400276540033908
0.1400437306259688
0.1400576685661132
0.140069973658273
0.140081611652103
0.1400936493720793
0.1401094424842645
0.1401269992582436
0.1401398036474294
0.1401520013385277
0.1401648614152425
0.1401791933132245
0.1401937783516656
0.1402054133795483
0.1402143181869037
0.1402226797404175
0.1402339494268651
0.1402445652296631
0.1402532892948338
0.1402624250066601
0.1402727124438127
0.1402856523887329
0.1403038974335046
0.1403233364727598
0.1403385589059043
0.1403511065441593
0.1403623613044218
0.1403734121991429
0.1403864024443035
0.1403959150597351
0.1404072407026739
0.1404170470660621
0.1404257862975654
0.1404341647068299
0.1404423646308024
0.1404508700568211
0.1404606086245096
0.1404761187621103
0.140488499790828
0.1404985783940218
0.1405087776508419
0.1405196429440524
0.1405326363912532
0.1405485395813856
0.1405696915656621
0.1405994047036527
0.1406259206953256
0.1406517459494814
0.1406792483664867
0.1407257243228588
0.1407613962330393
0.1407967641874156
0.1408377793068173
0.1408790553671529
0.140928006631994
0.1409914464510132
0.1410567941335984
0.1411260047871767
0.1412018668697236
0.1412828774701734
0.1413504434800032
0.1414063033960959
0.1414617174243002
0.1415361891126069
0.1416033874774902
0.1416606536238933
0.1417212500800668
0.1417900742138005
0.1418650001569801
0.1419294675132892
0.1419859834229498
0.1420384104930881
0.1420899753459949
0.1421467788532034
0.1422029998894697
0.1422648419427291
0.1423127154283062
0.1423549446655455
0.142396179466945
0.1424386653754161
0.1424866688964515
0.1425509454018154
0.1426271444595749
0.142688815908958
0.1427466329179275
0.1428070002690594
0.1428736158258566
0.1429542167304229
0.1430534588569643
0.1431589022797621
0.1432743079008529
0.1434017188431168
0.1435453543489573
0.1437107333277247
0.1439014591453261
0.1441307259766217
0.14439221809167
0.1446868749519374
0.1450416994713108
0.1454907758545094
0.1461104920491652
0.1469705660578768
0.1481783376171607
0.1496184071629401
0.1499
0.149903818389605
0.1499114551688149
0.1499267287272348
0.1499395443294478
0.149950264732117
0.1499617000378285
0.1499728873651375
0.1499833272215328
0.1499916636107664
0.15
0.150003818389605
0.1500092984369752
0.1500168126753721
0.1500260162113372
0.1500354408146785
0.1500426336982072
0.1500492648571498
0.1500562245683385
0.1500647893737041
0.1500744557531507
0.1500842513856218
0.1500935395051929
0.1501033538202077
0.1501148014735841
0.1501285070194406
0.1501468332789637
0.1501733539092202
0.1502030612025744
0.1502304583572743
0.1502609085825775
0.1502971884066498
0.1503310023227822
0.1503631590804213
0.1503928903124482
0.1504170432003389
0.1504369350424029
0.1504519106642848
0.1504650802868405
0.1504774123286087
0.150493165661314
0.1505049885421416
0.150515512547723
0.1505249474204456
0.1505373271268107
0.1505491108567699
0.1505609369096006
0.1505733425774411
0.1505863490019554
0.1506001581876155
0.1506153030431008
0.1506330844690274
0.1506485752522003
0.1506620230674302
0.1506742920656309
0.1506858895008776
0.1506976150634141
0.1507108307239
0.1507234077592574
0.1507366569526329
0.1507468231554254
0.1507555380197446
0.1507638423025532
0.1507723066882817
0.1507821039393531
0.1507942058510457
0.1508069768738587
0.1508178602069692
0.1508287161779061
0.1508404935808389
0.1508541117081034
0.1508690165927621
0.1508852308770144
0.1509017701150671
0.1509162449159579
0.1509277432333767
0.1509374952498751
0.1509462161584174
0.1509545729485227
0.1509634864803172
0.1509752405614556
0.1509891422568864
0.1509991630176154
0.1510087392431639
0.1510189378443041
0.151030536719308
0.1510447508213448
0.1510592640255807
0.1510731321281956
0.1510875816561753
0.1511061684419852
0.1511179746761649
0.1511298754181484
0.1511405261816396
0.1511502443136118
0.1511600396366333
0.1511706773853585
0.1511844282043447
0.1511970518124975
0.1512098033165989
0.1512219448875849
0.1512345165196737
0.1512485269927711
0.1512654459896525
0.1512862548378307
0.1513140966885029
0.1513538292828777
0.1514139264054758
0.1514953479857482
0.1515782705854884
0.1516669790968433
0.1517584612524081
0.1518657948276845
0.151998349330197
0.1521689442088693
0.1522459638694898
0.1523107433448066
0.1523536425308212
0.1524042652101645
0.1524425864753341
0.1524879723477763
0.1525289769794614
0.1525659362669066
0.1526118908068456
0.1526717523148173
0.1527477999991739
0.1528497424327579
0.1529894736866647
0.1531907626097079
0.153334253814434
0.1535285525756276
0.1538416401981383
0.1541666296890808
0.1544244166480004
0.1547057108187564
0.1550559408668094
0.1554952250329024
0.1560014446916896
0.1565334933131074
0.1571346941585573
0.1579106970306611
0.1589603795418433
0.1599
0.1599043252399128
0.1599129757197384
0.1599302766793897
0.1599447849018532
0.1599641341378343
0.1599820670689172
0.1599910335344586
0.1599955167672293
0.16
0.1600043252399128
0.1600078486101951
0.16001453696906
0.1600279136867899
0.1600427884032188
0.1600557825294887
0.1600675358200362
0.1600789265783248
0.1600915485289091
0.1601082892959575
0.1601219678397907
0.1601336835320651
0.1601456203605772
0.1601585278855994
0.1601736941780126
0.1601874896544551
0.1602104571421588
0.1602349404252738
0.1602617436789046
0.1602925109734659
0.1603280438771829
0.16036996506193
0.1604051483484459
0.160457552425837
0.1605050478434073
0.1605657937292113
0.1606210343964869
0.1606856912606554
0.1607635037716731
0.1608428778103911
0.1609649200718798
0.1611208772959099
0.1613012455449644
0.1615112524449608
0.161756611533741
0.1620481087197635
0.1623958608352475
0.1628239533059419
0.1633557057631349
0.1639986117131693
0.1647379662465612
0.1655934938617911
0.1665940222143552
0.1677800572967536
0.1692205760949749
0.1699
0.1699058078435244
0.1699174235305732
0.1699295917645982
0.1699417811248464
0.1699557740834661
0.1699723251235762
0.1699861625617881
0.17
0.1700058078435244
0.1700148414033873
0.1700232696382617
0.1700370916902988
0.1700504199646313
0.1700630702006065
0.1700743031633491
0.1700842869757881
0.1700950566188587
0.1701045999157111
0.1701151179175245
0.1701251368883639
0.1701357725373968
0.1701486074479134
0.1701642682339326
0.1701801198498436
0.170194543738017
0.1702086126579491
0.1702241401039191
0.1702369239209719
0.1702524172338894
0.1702650099339029
0.170276020996233
0.1702865383761933
0.1702968958114478
0.170307931919418
0.1703214546319426
0.1703336763224993
0.1703475641845271
0.1703602875036704
0.1703730923435925
0.170387081390919
0.1704035847978661
0.1704234726301767
0.1704495351216896
0.1704857606973724
0.1705405055088512
0.1706269018555323
0.1707062959996685
0.1708197736408889
0.170978555198621
0.1711296226866016
0.1712772734790392
0.1714185051591143
0.1715535107704549
0.1717037414526171
0.1719584958228148
0.1723396724810762
0.1728471764904775
0.1734251973596588
0.1740838600416529
0.1748439104232677
0.1757319483574369
0.1767851490856912
0.1780487247192472
0.1795828115169068
0.1799
0.1799054595340565
0.1799163786021695
0.1799382167383956
0.1799574518665664
0.1799769528628397
0.1799884764314199
0.18
0.1800054595340565
0.1800115901420745
0.180023098188837
0.1800361979864071
0.1800532913216892
0.1800682690758337
0.1800808245348242
0.1800925066554699
0.1801045271748282
0.1801185076265624
0.180131049396588
0.180149065144887
0.1801617644034794
0.1801766403432376
0.1801890118516468
0.180203057932788
0.1802179576204189
0.1802220545778363
0.1802302484926711
0.1802466363223406
0.1802639281641459
0.1802687576408815
0.1802777654283924
0.1802891469697974
0.1803058603052838
0.1803235965700876
0.1803461172397603
0.1803759625649761
0.1804075925641795
0.1804408397495428
0.1804763025616836
0.1805143834905203
0.1805566073850864
0.1806012488145488
0.1806502548190877
0.180695124872399
0.1807411527492009
0.1807737551419948
0.180807735737342
0.1808389938530148
0.1808724770148006
0.1809198704547994
0.1809779957745906
0.1810258972279705
0.1810743828126951
0.1811295205666355
0.181196225843529
0.1812871202851715
0.1814306630410669
0.1817177485528577
0.1821132898184631
0.1826872950916237
0.1836143296220076
0.184620734490959
0.1857593253946388
0.1870984597563513
0.188732803586443
0.1899
0.1899043406341645
0.1899130219024935
0.1899303844391514
0.1899430368487318
0.1899566687996375
0.1899696592169589
0.189982422590986
0.189991211295493
0.19
0.1900043406341645
0.1900090859452762
0.1900157186629657
0.1900265286256583
0.1900372355989447
0.1900487169375864
0.1900596187266804
0.1900702072772236
0.1900811141389086
0.1900930015462336
0.1901073341023098
0.1901275893902606
0.1901459045431041
0.1901617424170989
0.1901774050982088
0.1901938646087734
0.1902122388308362
0.190233255550782
0.1902606457096724
0.190289710365036
0.1903193403852814
0.1903427417768009
0.1903868946984535
0.1904552346129307
0.1905154402845062
0.1905885722299301
0.1906827328856684
0.1907762935289643
0.1909048053677778
0.1910062160715894
0.1910828106893184
0.191121107998183
0.19119176765072
0.1912697957552838
0.1913878688662103
0.1915622619907772
0.1919110482399108
0.1924062885883209
0.1928027190367351
0.1930981308729428
0.1932222983033889
0.1934669191498114
0.1936276455521354
0.1937321137174466
0.1938140970322684
0.1938946114970268
0.1939677780124746
0.1940725740805962
0.1941463243269231
0.1942122203082419
0.1942852220077726
0.1943677812850458
0.19447240766931
0.1945859051708542
0.1947158267130194
0.1948047744344689
0.1949053506604021
0.1949799372392421
0.1950614650741314
0.1951416731383946
0.1952228129651209
0.1953290752605201
0.195472825680864
0.1956568293615174
0.1959107168605303
0.1962000956894834
0.1965283097880158
0.1969038250040588
0.1973352055597299
0.1978354245826779
0.1984188703382544
0.1991010000918584
0.1999
0.1999052946870938
0.1999158840612815
0.1999370628096567
0.1999544104159584
0.1999727165548681
0.1999863582774341
0.2
0.2000052946870938
0.2000137615073198
0.2000231826666885
0.2000399932642175
0.200057050559018
0.2000754286384844
0.2000967491868087
0.2001173112527821
0.2001346225639379
0.2001504524222174
0.2001667013435015
0.2001878939732012
0.2002105613499028
0.200227338289234
0.200243368981763
0.2002602624812814
0.2002787383138415
0.2002973526121795
0.2003120869669666
0.2003236395570792
0.2003347699943895
0.2003505508646842
0.2003641648323737
0.2003756054496712
0.2003877030125848
0.2004013679954794
0.2004187131699181
0.2004433094067527
0.2004696739436877
0.2004904475749078
0.2005078097565389
0.2005238050178382
0.2005404551752748
0.2005579390020121
0.2005762407045445
0.2005902239103142
0.2006024895360042
0.2006141540383873
0.2006258297075107
0.2006388165280597
0.2006569722876526
0.2006761595161917
0.2006908038093357
0.200705153328436
0.2007205462762769
0.2007383455422772
0.2007611244170551
0.2007912283182569
0.200834912169716
0.2009049112564184
0.2010375088527915
0.2012241852431669
0.2014321782661109
0.2016671754262004
0.2019354625583601
0.2021111640779596
0.2022961829590889
0.2024556751756465
0.2026220420776184
0.2027795324064192
0.202973478665351
0.2032125864254998
0.2036908019457975
0.2043195659109433
0.2050549309001328
0.2059164158526676
0.2069129778960803
0.2080963093184315
0.2094888591906576
0.2099
0.2099054298752768
0.2099162896258305
0.2099380091269378
0.2099556609274832
0.2099705825592294
0.2099865342067548
0.21
0.2100054298752768
0.2100140610688659
0.2100259071207689
0.2100391386734267
0.2100537532439828
0.2100708420776989
0.2100879063742556
0.2101055753639474
0.2101263340969623
0.2101536033464475
0.2101930393882636
0.2102392008899771
0.210292609184239
0.2103546046807734
0.2104266656333721
0.2105110812466445
0.2106104374743986
0.2107276329694844
0.2108637054096875
0.2110215307680501
0.2112039358216128
0.211413775516031
0.2116546700224425
0.2119286358723782
0.2122454669453273
0.2126123115087756
0.2130638921738237
0.2136397774819463
0.2144527630488845
0.2158357988737131
0.2186018705233703
0.2199
0.2199036307882198
0.2199108923646593
0.2199254155175384
0.219937308037692
0.2199482628264567
0.2199608491079917
0.2199751458690187
0.2199885709499048
0.22
0.2200036307882198
0.2200087921599983
0.2200191149035554
0.2200310126835769
0.2200429799028175
0.2200568607436391
0.2200721176192009
0.2200918890621832
0.2201124107338736
0.2201304453869227
0.2201466417387385
0.2201616270048201
0.2201762074474155
0.2201922183327914
0.2202023704288856
0.2202132186401319
0.2202219025816938
0.2202293961572183
0.2202371018476501
0.2202465434491966
0.220256260142919
0.220265575326977
0.2202747265974369
0.2202846282787837
0.2202936185624778
0.2203015974191406
0.2203092138724549
0.2203172010734596
0.2203275630604384
0.2203400427348443
0.2203489453232764
0.2203574403103074
0.2203665132230578
0.2203768660663859
0.2203867376223116
0.2203956747102352
0.2204072502434425
0.2204196055663155
0.2204321673065663
0.220445138109995
0.2204572645338344
0.2204691157791454
0.2204792061037905
0.2204881995156675
0.2204968098408762
0.2205055851045454
0.2205138952164213
0.2205214739796663
0.2205288416673583
0.2205366007440371
0.2205460866075081
0.2205566739873818
0.2205657049793144
0.2205735072850698
0.2205810630079884
0.2205892947299907
0.2205997801193676
0.2206125714889087
0.2206253070093449
0.2206368891864177
0.2206484330415813
0.2206547427855664
0.2206622641345088
0.2206677860459336
0.2206756442089108
0.220681673723727
0.2206873967387931
0.2206949517405064
0.2207051141900051
0.2207184254213092
0.2207356066569812
0.2207573812464892
0.2207804419394368
0.2207983589172476
0.2208130702293693
0.2208283193764393
0.2208421002288287
0.2208591294828973
0.2208794004311225
0.2208986184470848
0.2209168376302499
0.2209352604974592
0.2209550788104699
0.2209783147273901
0.221005920305558
0.2210395151890854
0.2210749964326886
0.2211073973664269
0.2211396013531549
0.2211731874414886
0.2212075165348079
0.2212472278493731
0.2212919229461252
0.2213435613714423
0.2214046859349836
0.2214731060356778
0.2215322937509753
0.2215919505490735
0.2216330907332436
0.22167406118849
0.2217132870109684
0.2217600405894746
0.2218418459943041
0.2219022796573404
0.2219635104963009
0.2220275735559563
0.2221075585946001
0.222217010977815
0.2223917900005016
0.2227413480458748
0.2232956301864101
0.2239190751693356
0.2245172209492274
0.2250929664430195
0.2256800360960859
0.2262543529406238
0.2268275699216739
0.2275061661260806
0.2284108383074251
0.2299
0.2299073601450335
0.2299220804351004
0.2299386729083276
0.2299548426709418
0.2299715410361721
0.2299878017524616
0.23
0.2300073601450335
0.2300151724244683
0.2300243213371029
0.2300408218412029
0.2300563552020712
0.2300706937754725
0.2300849990513452
0.2300998629319183
0.2301166569154692
0.2301355681506296
0.2301524781974761
0.2301775340127914
0.2302007839530916
0.2302237442620388
0.2302480572234429
0.2302774719249674
0.2303082637087821
0.2303480583812657
0.2303915492522347
0.2304434325390644
0.2305210332355794
0.23058785646592
0.230657424082578
0.2307104081863603
0.2307838629914184
0.2309260821670414
0.2311088351941676
0.2313463614580356
0.2316703808713538
0.2321560328831615
0.2328667151169585
0.2334239516546676
0.2339102655695435
0.2344737144065057
0.234917497378298
0.2353788118326427
0.2363014407413319
0.2375247578555311
0.2391075511818812
0.2399
0.2399066342779408
0.2399199028338225
0.2399464399455859
0.2399659836620059
0.239982991831003
0.24
0.2400066342779408
0.2400165020577457
0.240032788271183
0.2400509978527714
0.240069713399807
0.2400932281171544
0.2401183528759376
0.240147495084604
0.2401802232040326
0.2402127025722687
0.2402583326840684
0.2403078888723719
0.2403615471664694
0.2404208006620722
0.2404861917046008
0.240554391430758
0.2406268568796546
0.2407152317322727
0.2408115116708743
0.2408850240423011
0.2409098156319617
0.2409321454803529
0.2409565651853649
0.2409762377620661
0.2409965418677357
0.2410172263446035
0.2410365009979548
0.241058187122375
0.2410847128453547
0.2411147512053351
0.2411387336388927
0.2411594387586296
0.2411811344995184
0.2412021321024023
0.241225154921266
0.2412596992137201
0.2413136303760709
0.2413822553972084
0.2414596217658926
0.2415423881964142
0.24163816075235
0.2417518037432609
0.2418242474843979
0.2418942536689809
0.2419743100830244
0.2420580329911442
0.2421327231256399
0.2422192562777386
0.2423075538854046
0.2423809084478287
0.2424518957134774
0.2425436827859857
0.2426413653662099
0.2427176800225447
0.2427963633238328
0.242884561390372
0.2429745632402181
0.2430587635192047
0.2431476072330921
0.2432090369663485
0.2432908376269652
0.2433568242966471
0.2434151013556049
0.24347516449079
0.2435437928030221
0.2436577089115843
0.2437487173255327
0.2438265169602553
0.2439083302307496
0.2439990651784434
0.244113543012326
0.2442638554155087
0.2444873455034038
0.2448747824483584
0.2455609578779186
0.2463465243183168
0.2472312130562867
0.2482516152641683
0.2493599798130081
0.2499
0.2499066059320506
0.2499198177961517
0.249946241524354
0.2499651414326687
0.2499858242663511
0.25
0.2500066059320506
0.2500143919574692
0.2500299640083065
0.2500497110577091
0.2500702754303608
0.2500926760180466
0.2501199685835426
0.2501627641869639
0.2502221503545764
0.2502905422440263
0.250355437329071
0.2504191978727563
0.2504789906361291
0.2505360131694164
0.2505814483131802
0.2506188556084165
0.2506553358243712
0.2506977817043279
0.2507389609007101
0.2507823327874467
0.2508186644772716
0.2508496851252998
0.2508785849922036
0.2509080229094339
0.2509437962476912
0.2509782460392924
0.2510132104133001
0.2510459135222841
0.2510797511891474
0.2511177109953296
0.2511628637960102
0.2512111263791379
0.2512593089905719
0.2512975265395267
0.2513358563148592
0.2513694490363239
0.2514013511763474
0.2514352779990703
0.2514750253218185
0.2515237417825795
0.2515704233196814
0.2516128818228703
0.2516570207612367
0.2517059982131234
0.2517605962242319
0.2518224142228843
0.2518914541165939
0.2519732201212953
0.2520714334791201
0.2521802196598798
0.2522983590996846
0.2524309321073578
0.2525415707088062
0.2526470662351279
0.2528056011637328
0.2529583372581
0.2531170493009572
0.2532971653268145
0.2535508846919653
0.2540160428968305
0.2547330100334581
0.2555561070041532
0.2565083766458991
0.2576116997030407
0.2589349748681809
0.2599
0.2599091255947911
0.2599273767843734
0.2599488838860098
0.2599696072636858
0.259984803631843
0.26
0.2600091255947912
0.2600208849675539
0.2600366509116987
0.260058597761589
0.2600827972430793
0.2601085000092778
0.2601423146858644
0.2601759914708515
0.2602059911154008
0.2602360168777397
0.2602629193752333
0.2602865195224709
0.2603082536692452
0.260325241584252
0.2603395554533983
0.2603527316163002
0.2603661914035952
0.2603840269795778
0.2603938987080214
0.2604039074120743
0.2604128377703545
0.2604209539964924
0.2604294261335293
0.2604394408386227
0.2604518675540128
0.2604633895081029
0.2604735953479743
0.2604840827720337
0.2604955862579793
0.2605096028276933
0.2605259770592925
0.2605416911180252
0.2605578780861603
0.2605754580415561
0.2605956623280407
0.2606170852076125
0.2606406034604349
0.2606680878562037
0.2607003199790419
0.2607364525898634
0.2607785776767536
0.2608345292261847
0.2608950114555051
0.2609568289535046
0.261019632991921
0.2610349949418821
0.2610657188418043
0.2610813209895086
0.2610956176990781
0.2611112314295994
0.2611262862050722
0.2611427690521768
0.2611632900259032
0.261190516736629
0.261224935043369
0.2612688826836362
0.2613249187439156
0.26139595814962
0.2614705823830555
0.2615396073266561
0.2616020631436436
0.2616990577396273
0.2618054786874702
0.2619070924558098
0.2620112739602737
0.2621190494128565
0.2622774029196121
0.2624608595046657
0.2627332258887051
0.263264774199023
0.2639672970388898
0.2645426062281394
0.2651615454343201
0.2659804881440673
0.2665637371747198
0.267168246922008
0.2679879009433316
0.2691738584983963
0.2699
0.2699152628720127
0.2699457886160381
0.27
0.2700152628720127
0.2700369269700328
0.2700649170847573
0.270100594947218
0.2701400722315839
0.2701791447097744
0.270226862630931
0.2702998213654022
0.2703810498913327
0.2704704428308239
0.2705753118778992
0.2707078387034886
0.2708499292446336
0.2710271573754195
0.2712555768142501
0.271553678104519
0.2719775217270247
0.2726465867490652
0.2738852375549941
0.276319871334811
0.2795424253583874
0.2799
0.2799089597034653
0.2799268791103959
0.2799627179242572
0.2799813589621286
0.28
0.2800089597034653
0.2800215002877727
0.2800406006171331
0.280064229110312
0.2800891385421397
0.2801200253330574
0.2801551785983531
0.2801899691940494
0.2802297649687469
0.2802783302060435
0.2803454337761593
0.2804243112752241
0.280508833166677
0.2806020020613191
0.2806287961189698
0.2806710017391459
0.2807107900420593
0.2807526244047685
0.2808224573809617
0.2809621233333482
0.2811688774181348
0.2814452857609475
0.281786272426769
0.2820449966937972
0.2822474007523577
0.2822974958946863
0.2823658820404148
0.2824177236911712
0.282472999967758
0.2825281535913201
0.2825716539681954
0.2826172822874716
0.2826710019671559
0.2827413668092026
0.2828156121377927
0.2828967864744632
0.282984337759128
0.2830595025624059
0.2831670062105254
0.283245065269562
0.2833284993422845
0.2833992044089655
0.2834713994991802
0.2835449370111385
0.283622073037171
0.283732704671265
0.2838923759727016
0.2841273636428805
0.2843961479321354
0.284703077756539
0.2850567559954593
0.285465049281719
0.2859405440840907
0.2864968488929144
0.2871465263122481
0.2879082922445711
0.2888066590630773
0.2898745962495396
0.2899
0.2899064023539925
0.2899170043888102
0.2899382084584455
0.2899595556693118
0.2899841952795139
0.29
0.2900064023539925
0.290013804712152
0.2900268452224898
0.2900452485030982
0.2900640174609704
0.2900839470649908
0.2901059072632187
0.2901323090512313
0.2901558463028699
0.2901739271388601
0.2901892766038788
0.2902035091622704
0.2902227743720966
0.2902363226094147
0.2902512511197546
0.2902649959437005
0.2902775714369353
0.2902904004353755
0.2903057974356624
0.2903153830792806
0.2903259529777926
0.2903349604439142
0.2903428691351159
0.2903507550376544
0.2903593482241489
0.2903710951916129
0.2903833844254815
0.2903933679713674
0.290403135666054
0.2904135999169069
0.2904256257141554
0.2904409161949587
0.2904560695797501
0.2904711966812837
0.2904873624548441
0.2905053849338841
0.2905251921931553
0.2905466617272934
0.290570791545829
0.2905995226075771
0.2906217474582539
0.2906289329821061
0.2906433040298106
0.2906534981701695
0.2906621898899919
0.2906732167910813
0.2906820878493281
0.2906917493154337
0.2907062038616504
0.2907240370586757
0.2907471946804465
0.29077672050451
0.2907989269161441
0.290819938816872
0.2908474884697371
0.2908771088132524
0.2909092699217258
0.290940798303465
0.2909724973357887
0.2910074129636249
0.2910461791920858
0.2910883244510558
0.2911340435289855
0.2911827047207277
0.2912303412630134
0.2912816281814061
0.2913412646062469
0.2914158988266548
0.2915185946933879
0.2916751434250691
0.2919608816652925
0.2923127360070298
0.2925796506682018
0.2928312605207663
0.2930305761987541
0.2932069396388959
0.2934505221472725
0.2936840386680987
0.2939332188657545
0.2943145243815368
0.2947793617872396
0.2954818594492885
0.2960278446571898
0.296602173650015
0.2972651903351946
0.2982027827606115
0.2997108379460605
0.2999
0.2999106890902571
0.2999320672707714
0.2999590636318254
0.2999795318159127
0.3
0.3000106890902571
0.3000249408736004
0.3000421819432318
0.3000675141777718
0.3000946334540614
0.3001213245045217
0.3001504266439294
0.3001879467194441
0.3002333525402311
0.300269940161715
0.3003217021923448
0.300371152362755
0.3004334607914846
0.3004998226112826
0.300579369300043
0.3006828397528939
0.3007932007849767
0.3009311561119531
0.3010735199367641
0.301291710880135
0.3016047718669617
0.3018912537521174
0.3021805651451323
0.3024358843738338
0.3026728221448118
0.3029033255997067
0.3031786333737467
0.3035126164596313
0.3041437265562942
0.3052167035315163
0.3064184820968978
0.3078531438142105
0.3096122983188492
0.3099
0.3099054687980803
0.3099164063942408
0.3099382815865619
0.3099556676379973
0.3099759236630183
0.3099879618315091
0.31
0.3100054687980803
0.3100118239921348
0.3100231952120927
0.3100377702455098
0.3100543906180952
0.3100676441832105
0.3100795758456607
0.3100914511765804
0.3101042311149934
0.3101196161279857
0.3101318444443019
0.310146945573573
0.3101599871134409
0.3101763453604181
0.3101939761034725
0.3102132991667549
0.3102302493119232
0.3102528103478567
0.3102736370476141
0.3102959595482743
0.3103223346281838
0.3103545269548849
0.3103890893882141
0.3104258193396466
0.3104657487301575
0.3105097073379738
0.3105566163828418
0.3105969184892059
0.310634866885605
0.3106639224676276
0.3106956331579125
0.3107226110342138
0.3107492976975524
0.3107829404978668
0.3108231246224996
0.3108635397326377
0.3109029075896372
0.3109452142886266
0.3109942295672914
0.3110560083446474
0.3111415158412073
0.3112710355972518
0.3114432227451312
0.3116356502912339
0.311851198580783
0.3120939702430933
0.3123685924235104
0.3126816422573258
0.3130396394027773
0.3134499081009604
0.3139257409250054
0.3144563352661132
0.3150926497078853
0.3158146094537566
0.3166804009891498
0.3177004488012868
0.31892158751467
0.3199
0.3199229101933382
0.3199687305800146
0.32
0.3200105341308346
0.3200281182545684
0.3200449312019
0.3200663148035046
0.3200895354972014
0.3201167932988184
0.3201433840778674
0.3201713462768015
0.3202019666503444
0.3202352178719634
0.3202752959662551
0.3203268556826447
0.3203924354851077
0.3204595754851504
0.3205188096714816
0.3205637191603141
0.3206130390626673
0.3206526441730119
0.3206841108548755
0.3207112838516349
0.3207357987626877
0.3207597553739097
0.3207861542605958
0.3208108589836862
0.3208378883264359
0.320858607203694
0.3208765141434802
0.3208940121486586
0.3209125958307615
0.3209344944827069
0.3209639583623174
0.3209887588405894
0.3210122988000847
0.3210381899256762
0.32106956839399
0.3211006807230075
0.3211327053825547
0.3211683461871365
0.3212066179720023
0.3212529622856781
0.3212958480594122
0.3213365113360019
0.3213794913083465
0.3214257264634858
0.3214759099141472
0.3215331968459955
0.3216031218890313
0.3216802468665479
0.3217715204255409
0.3219006617660017
0.3220685433202795
0.3222148427608243
0.3223419016608323
0.3224689652336371
0.322633188492736
0.3228059038994961
0.3229414641479205
0.323082136619715
0.3232427868692112
0.3234516755931059
0.3237692298740791
0.3243507641754554
0.3252884144410174
0.3262248470216401
0.3267565065118728
0.3270625349531184
0.3272777652516727
0.3275158280897588
0.327692613298123
0.3279035989880348
0.3280903760987287
0.3282572595806172
0.3284569976846375
0.3287169522044532
0.3291537497731828
0.3299
0.3299048180221276
0.3299144540663828
0.3299251572291554
0.3299360076134672
0.329947326633435
0.3299589573213037
0.3299714011254182
0.3299822164152048
0.3299911082076024
0.33
0.3300048180221276
0.3300104335421429
0.3300177634968919
0.3300278233133369
0.3300364185770778
0.3300449385970408
0.3300538245790309
0.3300635790037508
0.3300750318890296
0.3300868728900451
0.3300988616364596
0.3301118115173708
0.3301256489426573
0.3301396237597605
0.3301546798628676
0.330171813235165
0.330192415646081
0.3302188205361962
0.3302553477791521
0.3303115079124084
0.3304162154516128
0.3305636335079195
0.3306723997343951
0.3307810601410187
0.3308674925808394
0.3309476429676476
0.3310051908920043
0.3310597651887002
0.3311160698563131
0.3312024632064993
0.3312935885507485
0.3313748268726148
0.3314667125079048
0.3315690213161404
0.3317140686738599
0.3319483788168743
0.3324169991029031
0.3331965589780122
0.3341675884451537
0.3352612835188123
0.3365259126003869
0.3380642034703406
0.3399
0.3399540888787765
0.34
0.3400540888787766
0.340106799403899
0.3401639211216498
0.3402667034026351
0.3403933346425104
0.340549456523674
0.3407520635734951
0.3411293130163703
0.3418838119021206
0.3430867051511776
0.3454924916492915
0.3492126526438732
0.3499
0.3499045360928147
0.3499136082784441
0.3499227841702527
0.3499320158309951
0.3499418097637126
0.3499527036268206
0.3499653784823218
0.3499764321870288
0.3499870731116912
0.3499935365558456
0.35
0.3500045360928147
0.3500082799662354
0.3500157677130767
0.3500242269273163
0.3500365923647683
0.3500496926703178
0.3500679246145251
0.3500851195933314
0.3501000896773399
0.3501173010502837
0.3501344170932886
0.3501542415464172
0.3501773593608989
0.3502039376679841
0.3502355510101365
0.3502745729604755
0.3503235885172531
0.3503884172995184
0.3504755303758055
0.3505747128635593
0.3506877344763773
0.3508174874255698
0.3509658800163812
0.3511377342792968
0.3513382020911136
0.3515751873125759
0.3518150461691973
0.3520302650033602
0.3521230635949398
0.352298032027536
0.3524919386306939
0.352775146672846
0.3531809580500298
0.3538394971205406
0.3546462111614344
0.3556431840374477
0.3569489036515512
0.3585605872341918
0.3599
0.3599026793832663
0.3599080381497989
0.3599187556828642
0.3599295652303315
0.359940660669389
0.3599542206369726
0.3599689577512843
0.3599823265693485
0.3599911632846742
0.36
0.3600026793832663
0.360006518082797
0.3600141954818585
0.3600255910200257
0.3600363477491916
0.3600477653558554
0.3600592818623808
0.3600710454237507
0.360084152011182
0.3601027798553899
0.3601206803854602
0.3601345728871138
0.360148267062227
0.3601628297762393
0.3601800244206755
0.3602007339330854
0.3602220132099856
0.3602466111815166
0.3602716713591947
0.3602894589848064
0.3603049101799383
0.3603199184078479
0.360335736516775
0.3603554924120765
0.3603846283301179
0.360406025479509
0.3604254886415691
0.3604460604955979
0.3604689524306056
0.3604971429043228
0.3605339610983531
0.3605654091874893
0.3605909561609122
0.3606182199307891
0.3606455563923567
0.3606744697502651
0.3607167036247531
0.3607787448710741
0.3608033550397549
0.360834293089789
0.3608517332778369
0.3608720026972548
0.3608888866460677
0.3609073859982504
0.3609277496212181
0.360943595864485
0.3609596127733631
0.3609780582357588
0.360993428434328
0.3610090172916295
0.3610289217472807
0.3610516557252998
0.3610703879559332
0.3610896596827722
0.361111782112388
0.3611341024530258
0.3611585135907577
0.3611836411788858
0.3612033975913953
0.3612292105348738
0.3612507817879586
0.3612729166594924
0.3613027800155985
0.3613356509356191
0.3613610128880616
0.3613816430715138
0.3614019167630244
0.3614308119906319
0.3614558372878799
0.3614771470989613
0.3614970309839408
0.3615164002327742
0.36154268877315
0.3615681415030638
0.3615887433834039
0.3616102306690281
0.3616343683292185
0.3616597243589374
0.3616933196911664
0.3617223295879252
0.3617429234291069
0.3617610528060656
0.3617783229796218
0.3617963131376278
0.3618183293451577
0.3618409029969629
0.3618602618907868
0.3618782420268515
0.3618960187478164
0.3619149921443143
0.3619387241714457
0.3619716932573994
0.3619962620118836
0.3620188520197189
0.3620428057478031
0.3620697274583167
0.3621037848459951
0.3621479628721165
0.3622115239247884
0.3622760793066197
0.3623465118302009
0.3624342272685856
0.362558417823269
0.362702415876742
0.3628485020165459
0.3630282970394861
0.3632925029956132
0.3636539074068413
0.3640920223675471
0.3645964137922281
0.3651784254718177
0.3658547935205047
0.3666484608148508
0.3675865221856896
0.3686295840349683
0.3697655761180422
0.3699
0.3699078352760806
0.3699235058282417
0.3699453724572031
0.3699666466971793
0.3699833233485896
0.37
0.3700078352760806
0.3700186008813016
0.3700342232542551
0.3700548728613813
0.370076250546395
0.3701017469571463
0.3701304159497845
0.3701654113190979
0.3702063569906119
0.3702542296821733
0.3703103056911484
0.3703759188993375
0.3704527601336576
0.3705427851689392
0.3706482586266228
0.3707718204998354
0.3709165394654873
0.3710859882910865
0.37128431612197
0.371477448275476
0.371661226996166
0.3718387764781329
0.3720180469731569
0.3722204817342958
0.3725363004206634
0.3727733241059498
0.3729713283353323
0.3731751047570482
0.3733973540927067
0.3736356571577199
0.3738664881644556
0.3741180533626199
0.3744550823475998
0.3749204077511452
0.3752682195145014
0.3756187675340182
0.3760150916568993
0.3765060616043645
0.3770205979589429
0.3775602745626439
0.3781041344316404
0.3786835770452148
0.3794457590554086
0.3799
0.3799098897590496
0.3799296692771489
0.3799537810828868
0.3799769937517383
0.38
0.3800098897590496
0.3800219220580471
0.3800428230275617
0.3800673907100149
0.3800897536925435
0.3801167912548101
0.3801471313621542
0.3801756582384032
0.3802033986077299
0.380236599613375
0.3802567310251186
0.380277173275517
0.3802958218389779
0.3803142287731053
0.380336228443532
0.3803636787872876
0.3803906166290237
0.3804151451775211
0.380441012384377
0.3804636292115224
0.3804835004574688
0.3805035435620077
0.3805265464706379
0.3805644161613655
0.3805958912229466
0.3806229667429533
0.3806515642713139
0.3806834534795602
0.3807230402505449
0.3807763280957783
0.3808369142552764
0.3809072896820983
0.3809892591344949
0.3810910909822155
0.3812021405988352
0.3813205516320456
0.3814509711211861
0.3816026204933
0.3817812601207267
0.3820070675451239
0.382308999701146
0.3827455867474872
0.3834625521045341
0.3845197580397952
0.3858838719089502
0.3875555503068475
0.3898411228184697
0.3899
0.3899034142610686
0.3899102427832059
0.3899226096063726
0.3899356073719009
0.3899482537426749
0.3899625236683383
0.389976438436442
0.3899904626878447
0.3899952313439223
0.39
0.3900034142610687
0.3900066920304004
0.390013247569064
0.3900253045549959
0.3900357098990488
0.3900457946238224
0.3900574418140718
0.390073232778542
0.3900888382538466
0.3901028747912215
0.3901183737224907
0.3901361549835494
0.3901597497356064
0.3901957320108757
0.3902392613555712
0.3902872578287123
0.3903341060110384
0.3903795984035263
0.3904266219475075
0.3904864186864299
0.3905566308949979
0.3906061055425
0.3906530322147363
0.390702842079942
0.390759527139485
0.390825360960587
0.39088196021517
0.3909255018988217
0.3909649183044518
0.3910124924765783
0.3910682624858962
0.3911097308592354
0.3911516310732349
0.391198268638745
0.3912561049630344
0.3913306275524754
0.3913939473029371
0.3914490012197167
0.3915026213748298
0.3915649333155226
0.3916072891293841
0.3916523424118934
0.3916921702249986
0.3917293027178896
0.3917683217855409
0.391814059164197
0.391868528406802
0.391925256474948
0.3919747305221525
0.3920250152674195
0.3920801812045016
0.3921466195115775
0.3922292907310587
0.3923427867921978
0.3925110197265164
0.3927908184631927
0.3932682604150097
0.3938077207619609
0.3944146782253221
0.3951117091641628
0.3959182069627512
0.3968690860387775
0.3980043062511263
0.3993728829955833
0.3999
0.3999084719148334
0.3999254157445003
0.3999523744723591
0.3999775509794516
0.3999887754897258
0.4
0.4000084719148335
0.4000165225559041
0.4000322355086632
0.400046865902797
0.4000631432333476
0.4000802148008898
0.4000965958932048
0.4001137712453984
0.4001267193993771
0.400138468666008
0.4001509589845313
0.4001669488493415
0.4001876182968985
0.4002042577890308
0.4002204978528254
0.4002382244348496
0.4002593818928139
0.4002806232016412
0.4003000357044335
0.4003179263485958
0.4003340757057223
0.4003486560007481
0.4003623950889519
0.4003764266974854
0.4003931755686522
0.4004074387335254
0.4004237689881651
0.4004388207834998
0.4004539804343712
0.4004706574139601
0.4004899273372218
0.4005134975938925
0.4005364432436756
0.4005602883144115
0.4005921476872621
0.4006107909320306
0.4006293464286919
0.4006462548351736
0.4006620135071186
0.4006785898151727
0.4006980249858489
0.4007214979349547
0.4007455758315031
0.4007662838603561
0.4007871301410212
0.40080974681778
0.4008366639637467
0.400869535533964
0.4009134438421901
0.4009758506276123
0.4010727604112067
0.4011827253051271
0.4013017174311961
0.4014380425025805
0.4015945229991424
0.4017881465817697
0.4020425870488654
0.4023900277162687
0.4027927520911575
0.4032578976349064
0.4037982442125586
0.4044291153564717
0.4051737422982105
0.4060654849571355
0.4071167070678889
0.4083456185464676
0.4097821359421639
0.4099
0.4099037620519783
0.409911286155935
0.4099250832740294
0.4099390212970752
0.4099500923506531
0.4099613923029105
0.4099739465570536
0.4099891945697246
0.41
0.4100037620519784
0.4100088853078825
0.4100191318196909
0.4100305434401371
0.4100418242069552
0.4100545432004608
0.4100673920741389
0.4100821681554157
0.4101015177751152
0.4101319500532288
0.4101652494374183
0.4101950579734729
0.4102237070351427
0.4102544929498612
0.4102949974849047
0.4103545573820597
0.410397595468413
0.4104411270672483
0.4104906327632686
0.4105524726061904
0.4106416139099938
0.4107329827312302
0.4108008869345866
0.4108542528069101
0.410900096581508
0.4109428763652415
0.4109884606184793
0.4110530339701582
0.4111087507997624
0.4111485950815374
0.4111823791223537
0.4112119279038941
0.4112391398702077
0.4112667287608811
0.4112988378552443
0.4113296997114855
0.4113644754021511
0.4113954639276142
0.4114264921517517
0.41146046724198
0.4114997967911734
0.411546178214928
0.4115959385756842
0.4116524883173216
0.4116962999581587
0.4117283710645776
0.4117573795013084
0.4117874613330214
0.4118271911510572
0.4118782713608033
0.4119164169850423
0.4119544060648828
0.4119965466672009
0.4120467155983009
0.4121146686509977
0.412201313158797
0.4122864813897447
0.4123683194684615
0.4124539878046647
0.4125485526973674
0.4126600786727413
0.4127940850745209
0.4129684010761365
0.4132102738569823
0.4135797749852506
0.414123675389247
0.4147475093146714
0.415463956354187
0.416299371610674
0.4172915887692595
0.4184802323381372
0.4199
0.4199056216941642
0.4199168650824927
0.4199393518591497
0.4199565018226209
0.4199760340208726
0.4199880170104363
0.4199940085052182
0.42
0.4200056216941642
0.4200109413245688
0.4200198814311884
0.4200358380030815
0.4200507705663182
0.4200674627484542
0.4200882337182881
0.4201117594956522
0.4201374605677795
0.4201611265072919
0.420183223290919
0.4202055521052995
0.4202317761471459
0.4202546302696519
0.4202790554640113
0.4203018059886356
0.4203250106093839
0.4203506357876488
0.4203789672801885
0.4204059072521157
0.4204265577008082
0.4204431726675803
0.4204599073416868
0.4204779972154875
0.4204967236102137
0.4205135415160281
0.4205312383106811
0.4205513931780783
0.4205765738118449
0.4206113568519407
0.420645868681937
0.4206737179129861
0.420697865953213
0.4207208462634984
0.4207464005488215
0.420763536788237
0.4207862370229764
0.4208055452334373
0.4208225654786328
0.4208392533551274
0.4208563280125598
0.4208758474022264
0.4209067528154705
0.4209321190959683
0.4209529469994837
0.4209742404572331
0.4209972588710875
0.4210252684194551
0.4210604756228165
0.4211091660071846
0.4211816062588676
0.4213022700414727
0.4214400675213655
0.4215543646753994
0.421651871220919
0.4217402318169636
0.4218261975017391
0.4219227106793674
0.4220038790644333
0.4220898154258241
0.4221567159864152
0.4222124904308981
0.4222642078129053
0.4223157939259583
0.4223754953649569
0.4224371399304208
0.4225052168632238
0.422565383541625
0.4226259683218614
0.422692573265072
0.4227703405449927
0.4228696454764264
0.4229826930898269
0.4230844927321376
0.4231872466645586
0.4232849331926332
0.4233858929092293
0.4235028621538352
0.4236703883836839
0.4238667053718103
0.4240196351552085
0.4241717187302682
0.4243368134852322
0.4245322380445929
0.4247776014289923
0.4251180008884803
0.4256407891027433
0.4264668143396642
0.4274325205865162
0.4285383663160291
0.4298859306475807
0.4299
0.4299069712531091
0.4299149485574648
0.429930903166176
0.4299495418411063
0.429968036217133
0.4299914779430698
0.43
0.4300069712531091
0.4300136200148124
0.4300266909973436
0.4300499333268046
0.4300689334800183
0.430089174865971
0.4301127158092933
0.4301407273560418
0.4301725038322794
0.4302080698921066
0.4302503266764193
0.4302975657098563
0.4303519347929821
0.4304108181140257
0.4304756594109428
0.4305597548157842
0.4306824370930487
0.4307829336748277
0.4308815861104538
0.4309945663529841
0.4311298343185095
0.4313206690338293
0.4315786415575764
0.4318759737844524
0.4322150471726638
0.4326024094212667
0.4330487412249416
0.4335674177465977
0.4341767922321919
0.4348910273149678
0.4355114218102766
0.4361152109137637
0.4367591454799084
0.437486167958194
0.4383822576844261
0.4392200196581426
0.4399
0.4399029181365275
0.4399087544095824
0.4399204269556923
0.4399341135579335
0.4399445241235425
0.4399540539505321
0.4399634280617182
0.4399732514791643
0.4399850871324262
0.4399925435662131
0.44
0.4400029181365275
0.4400066318194628
0.4400135209795178
0.4400211283471969
0.4400299547595369
0.4400395826172628
0.4400484657688247
0.4400581559491172
0.4400692599020535
0.4400828995433823
0.440095927802408
0.4401091683273062
0.4401250486593645
0.4401398520558568
0.4401538364449926
0.4401668290696493
0.4401800519560399
0.4401942038538883
0.4402084385571111
0.4402200616826167
0.4402290833011887
0.4402375616652403
0.4402488614819099
0.4402598098834737
0.4402687148146563
0.4402779921717755
0.4402877029510798
0.4402983134841219
0.4403143761850442
0.4403275268601536
0.4403380302457928
0.4403485972328341
0.4403599234139667
0.4403727161562001
0.4403849976347813
0.4403977365684245
0.4404135335619527
0.440429776058041
0.4404412774439832
0.440451177912894
0.4404604150047184
0.4404694309125088
0.4404791393152348
0.440490836885001
0.4405022645633027
0.4405136665973116
0.4405246064261762
0.4405359128511542
0.4405484672080571
0.4405636261171568
0.4405779839126634
0.4405920826062419
0.4406071653039749
0.4406241423501656
0.4406448572694869
0.4406706768999498
0.4407055933900089
0.4407561667411686
0.4407939102322136
0.4408286735595031
0.4408653610041647
0.4409061792164152
0.4409572056911101
0.4410131136401706
0.4410577898991412
0.4410923495183234
0.4411241368971199
0.4411576245697533
0.4412029088758213
0.4412581675013825
0.4413007125422055
0.441343645265473
0.4413915043865975
0.4414488083016602
0.4415261227208924
0.4416239746569914
0.4417121053049854
0.4418003937692509
0.4418953833136668
0.442003120120482
0.4421336501591063
0.4422962524274423
0.4425157446686863
0.4428365362730499
0.4432479855377861
0.4436337462876082
0.4441019393056886
0.444535290507754
0.4449328646822342
0.4453673686922981
0.4459519582199319
0.446849361559381
0.4481197476042426
0.4495822816957541
0.4499
0.4499038746193146
0.449911623857944
0.4499271223352027
0.449940109015383
0.4499529246424542
0.4499668232187041
0.4499828461054363
0.4499914230527182
0.45
0.4500038746193147
0.4500087023303261
0.4500164612174438
0.4500283009618133
0.450040824322562
0.4500545105254701
0.4500701252015218
0.4500864265694144
0.4501016266679052
0.4501170412481751
0.4501352834835488
0.4501511729562281
0.4501678527942986
0.4501834507188204
0.4501994040447607
0.4502170565513635
0.4502366038502029
0.4502555424598854
0.4502699498039395
0.4502811433449694
0.4502920215839927
0.4503084331815946
0.450321274692585
0.4503323406077067
0.4503442155478836
0.4503577539121353
0.4503752787467174
0.450400124121575
0.4504236147488261
0.4504423372952582
0.4504585248140823
0.4504738014701298
0.4504904934985221
0.4505031594138078
0.4505195108704914
0.4505330247789238
0.4505448406182566
0.4505561973511891
0.4505674565656178
0.4505796302809098
0.4505952572926032
0.4506094413963838
0.4506238558268502
0.4506375550666218
0.4506517347437093
0.4506675655798254
0.4506867264911487
0.4507104409894827
0.4507383083359048
0.4507645875860934
0.4507910272809653
0.4508231197156043
0.450845134485432
0.4508684652081944
0.4508890361989265
0.4509078036002784
0.4509266768557614
0.4509470985154184
0.4509734288090139
0.4509978699182757
0.4510225535556251
0.4510461608819862
0.451070798314004
0.4510985273367372
0.4511324238774926
0.4511749837479732
0.4512335712318841
0.4513207844931619
0.4514680075145684
0.4516507252986173
0.4517871339383747
0.4519633066098374
0.4521221873580761
0.4522694014840445
0.4524552858704437
0.4528025244180479
0.4532774344959162
0.453815190911168
0.4544330667512838
0.4551453080965071
0.4559748599425628
0.4569560931713772
0.4581314371986206
0.4595685369979552
0.4599
0.4599033581504717
0.4599100744514151
0.4599235070533019
0.4599340896590521
0.4599445751612093
0.4599572932363912
0.4599701349445495
0.4599839043651976
0.46
0.4600033581504717
0.4600100744514151
0.4600235070533019
0.4600345448493391
0.4600473893841632
0.4600615718666784
0.4600776472031373
0.4600958486855837
0.460119006905809
0.4601547968645017
0.460210819564495
0.4602731871177558
0.4603497749701428
0.4604351972363971
0.4605335394690468
0.4606516205215729
0.4608099549143592
0.4610644989660625
0.4615735870694692
0.4623102563878401
0.4636577284927875
0.4663526727026823
0.4699
0.4699027587334595
0.4699082762003785
0.4699193111342165
0.469929011982464
0.4699384711839427
0.4699494235234053
0.4699619086680573
0.4699739341786444
0.4699878013786101
0.4699939006893051
0.47
0.4700027587334595
0.4700066875313447
0.4700145451271149
0.4700245856372369
0.4700348624053404
0.4700470365969797
0.4700607473394171
0.470075955309268
0.4700890942163367
0.4701007032554428
0.4701117471235962
0.4701231659076616
0.4701375550863985
0.4701494056212567
0.4701615762244878
0.4701726469881094
0.4701829196837382
0.4701924248077927
0.4702008699291904
0.4702084343646993
0.4702156214495353
0.4702231980410603
0.4702333721461289
0.4702440102755054
0.470251997909515
0.4702597617785348
0.4702680423636303
0.4702775536515873
0.4702896290947
0.4703020666592164
0.4703146875379929
0.4703264981547174
0.4703379743687618
0.4703503890559094
0.4703585631285612
0.4703695410823155
0.4703778910602038
0.4703846946059793
0.4703912651588651
0.4703981916269654
0.4704075088796668
0.4704184856789951
0.4704267139186211
0.4704348115612724
0.4704436488821307
0.4704540207517672
0.4704678500145243
0.4704856984718326
0.4705079492683329
0.4705388489557711
0.4705652117789494
0.4705868958981915
0.4706085229073886
0.4706316071569323
0.4706577887648742
0.4706896852069828
0.4707290499606159
0.4707753515031998
0.4708191683032963
0.4708670140058475
0.4709267472896039
0.4710048730613177
0.4711306690874209
0.4713380545816789
0.4715748028870431
0.4718437618604413
0.4721537409977733
0.4725120930389666
0.4729313583180038
0.4734246919944102
0.4740068516322119
0.4746534574331339
0.4754202251767757
0.476212904408819
0.476845745311302
0.4775639846736496
0.4784141815811021
0.4797747776066825
0.4799
0.4799025773589357
0.479907732076807
0.4799180415125496
0.4799278357549025
0.4799389778541855
0.4799526996474691
0.4799691403843193
0.4799845701921596
0.4799922850960798
0.4799961425480399
0.48
0.4800025773589356
0.4800058909797361
0.4800125182213369
0.480023194102091
0.4800328956658535
0.4800438550478393
0.4800572296948498
0.4800734195915706
0.4800910878420095
0.4801119821365333
0.4801362000393832
0.4801628750662701
0.4801960074280212
0.4802415064010231
0.4802945093290021
0.4803552733613797
0.4804247992815002
0.480490643750434
0.4805597999885863
0.4806487555502946
0.4807204866149273
0.4808010117490691
0.4809269505678315
0.4810481631536905
0.4811354970165462
0.4812716338337347
0.481370118196193
0.4814702057159257
0.4816127334494679
0.4817786941380623
0.4819369737660794
0.4820643078499712
0.4821741888389332
0.4822929298171906
0.4824019580940051
0.4825210249580712
0.4826350783934903
0.482756528408691
0.4829033691082578
0.4830394009972798
0.4831712617895367
0.4833352084685229
0.4834356078796523
0.4835349672346013
0.4836277791702648
0.4837212191882312
0.4838348183810216
0.4839628864343258
0.4840987817698392
0.4842234202101209
0.4843536752038616
0.484500687264358
0.4846825531475153
0.4849177831164999
0.4852582082857841
0.4858052648846122
0.4868428794008763
0.4880342645237756
0.4893881167742677
0.4899
0.4899032599521801
0.4899097798565404
0.489922819665261
0.4899353513874711
0.4899476494113048
0.4899610243518203
0.4899718176705624
0.4899809104494284
0.4899893117973451
0.4899946558986725
0.49
0.4900032599521801
0.4900068861439298
0.490012011009116
0.4900175846959968
0.4900257271114101
0.4900323395050281
0.4900373592257902
0.4900420348628252
0.4900468214959306
0.4900526332604119
0.4900587637345864
0.4900653593621677
0.4900715094895597
0.4900779202172579
0.4900851258522137
0.4900939255108528
0.490105096988583
0.4901206920030608
0.4901444327616902
0.4901799312730387
0.4902204865187585
0.490266830404644
0.4903204122450687
0.4903825991453454
0.4904554322595269
0.4905410178800592
0.4906416437884725
0.4907591324210615
0.4908953647540373
0.4910381979529172
0.4911587413362034
0.4912625880067651
0.491357730971444
0.4914525638728187
0.491544259333125
0.491622435876262
0.4916812256911753
0.4917350031830086
0.4917942381950918
0.491853670465718
0.4919045388531684
0.4919516283048139
0.4919996828387798
0.4920572604649274
0.4921420720810696
0.4922018384860798
0.4922567636017018
0.4923158682062799
0.4923839443816356
0.4924585592611727
0.4925284594965491
0.4925855943159592
0.4926353618611007
0.49268437633064
0.4927393004625347
0.4928074550441527
0.4928876284093885
0.49295387629403
0.4930205449458848
0.4930938900530142
0.4931764768725295
0.4932710140172462
0.4933811500084409
0.4935098114700512
0.4936640527788062
0.493832358004522
0.4940267752972751
0.4942520911310296
0.494534280117584
0.4949074645378149
0.4953976231018774
0.4958040296625865
0.4962151426058219
0.4966777355112221
0.4971607100802534
0.4976750947721753
0.4982951351265253
0.4990280161126526
0.4999
0.4999036207266708
0.4999108621800123
0.4999253450866953
0.4999384680536461
0.4999518344021898
0.499969728680999
0.4999848643404995
0.4999924321702497
0.4999962160851249
0.5
0.5000036207266708
0.5000067617217928
0.5000130437120368
0.5000238127153407
0.500035325675123
0.5000457310395651
0.5000555550381497
0.500065717175765
0.5000790526567701
0.5000922860714151
0.5001023055404099
0.5001119559219536
0.5001220643785143
0.5001328865816532
0.5001431457773399
0.5001510695990687
0.5001576430308243
0.5001646053192371
0.5001712550223474
0.5001784956920423
0.5001853252678582
0.5001925405774772
0.5002011253012754
0.5002114315196111
0.5002254864076031
0.5002443004009632
0.5002586863689782
0.5002699055173678
0.5002798250788659
0.5002894376836833
0.5003009382656517
0.5003096546412867
0.500319048272295
0.5003273352659907
0.5003348337675442
0.5003420531360673
0.5003492521579412
0.5003570430118036
0.5003672399497449
0.5003800610054634
0.5003890385338634
0.5003975591934676
0.500406654524258
0.5004170260911284
0.5004302997968125
0.5004478515674295
0.500473372500537
0.5005138683948414
0.5005472908023476
0.5005743937197656
0.5005989780260921
0.50062323002318
0.5006537827382251
0.5006743069739675
0.5006950295410467
0.5007136906254794
0.5007309579963972
0.5007485100908201
0.5007677835364399
0.5007934445679884
0.5008258006176672
0.5008487804433952
0.5008707080094899
0.5008941637342631
0.5009209469188188
0.5009548765977806
0.5010011710110137
0.5010651522322485
0.5011676578037371
0.5013637509781218
0.5016369996723331
0.501942973174292
0.5021828802778348
0.5023543085208968
0.5024400226424278
0.5026022476311688
0.5027773990716035
0.5030204609617982
0.5034212013783761
0.5040355805691363
0.5047611668732381
0.505607171393936
0.5065992805165063
0.5077632542660148
0.5091369807504075
0.5099
0.5099092549779485
0.5099277649338454
0.5099520892167783
0.5099756698493461
0.51
0.5100092549779485
0.5100210857366675
0.5100410315087214
0.5100668647158151
0.510089436577025
0.5101143133016044
0.5101427553569232
0.5101793644289947
0.510218465426949
0.5102593287640055
0.5103019898397048
0.5103522456021297
0.5104145068752064
0.5105095187132719
0.5106995423894028
0.5109902453941723
0.5114295074465449
0.5123080315512902
0.5140650797607809
0.5168111963873044
0.5199
0.5199030409789743
0.5199091229369229
0.5199212868528201
0.5199369835370825
0.5199484515996681
0.5199594900440355
0.5199710842195837
0.5199841409572763
0.5199920704786382
0.52
0.5200030409789743
0.5200068222226275
0.5200143847099339
0.5200233246057675
0.5200333148523967
0.5200448076701606
0.5200564018850048
0.5200682947488454
0.5200814845574739
0.5200982089050319
0.5201186982803108
0.5201420124725422
0.5201692728605146
0.5201940584955969
0.5202166075724595
0.5202382372093657
0.5202609089230473
0.5202832638129332
0.5203004039751895
0.5203131097588921
0.5203245092288203
0.5203365101582337
0.5203509820854929
0.5203648636472035
0.5203787176968377
0.5203930881673009
0.5204075908719523
0.520420077144222
0.5204313024621274
0.5204422939768485
0.5204544818477177
0.5204730986781757
0.5204875072066922
0.5204996441654728
0.5205122058615899
0.5205260183964654
0.5205418773638061
0.5205588068972021
0.5205755181748299
0.5205902247940944
0.5206053972986882
0.520619010079253
0.5206317010032974
0.5206447047072168
0.52065873916299
0.5206716964806978
0.5206823824993774
0.5206911601828497
0.5206991255944499
0.5207070554370623
0.5207159996955739
0.5207279332578484
0.5207398636041766
0.520749700799586
0.5207595644247118
0.5207702686136898
0.5207827531461532
0.5207987710637175
0.5208140083890738
0.5208293395776651
0.5208458528578537
0.5208643920942387
0.5208845894750034
0.5209066064045486
0.5209298918024516
0.5209553331539154
0.5209858237714696
0.5210199065816974
0.5210295580002837
0.5210421990295734
0.5210511278290133
0.5210597700950983
0.5210700499698564
0.5210799137475197
0.5210891477513035
0.5211003276625882
0.5211155803438061
0.521135152183998
0.5211602937574389
0.5211922903536058
0.521232734287819
0.5212840143201732
0.5213241862761622
0.5213694641557236
0.5214166203394862
0.5214956528546202
0.5215597323358491
0.5216244552607212
0.5216955332173789
0.5217866250553649
0.5219162938688733
0.5221419872197408
0.522527567868287
0.5229658453655628
0.5234622116759138
0.523965880879134
0.5244006258485716
0.5248535827022912
0.5252727347467204
0.5257007149735621
0.5261871452232549
0.5267403095249938
0.5274236915715544
0.5283033971601608
0.5296891157899737
0.5299
0.5299033320732497
0.529909996219749
0.5299233245127476
0.5299361505497107
0.5299495499592408
0.5299671768047324
0.5299835884023663
0.53
0.5300033320732497
0.530009996219749
0.5300200228714486
0.5300354368438787
0.5300490802993845
0.5300640386250065
0.530081692265095
0.5301029116964767
0.5301305990617518
0.5301666119709357
0.5302037987940686
0.5302378535600124
0.5302696336494305
0.5303018616664149
0.530340065287378
0.5303730414954607
0.5304061189726678
0.5304372790207083
0.5304693159947321
0.5305047583511621
0.5305463831930712
0.5305827505486533
0.5306158301571883
0.5306519616746752
0.5306871297531757
0.530725635162535
0.5307700796900724
0.5308112377981767
0.5308515612646895
0.5308943697025158
0.5309287028229221
0.530949885360378
0.5309731760244512
0.5309931064185613
0.5310144352047701
0.5310359853057262
0.5310552154953094
0.5310765597962586
0.5311030397542068
0.5311335940977483
0.5311585103781712
0.5311791350480313
0.5312009669214977
0.5312221016996135
0.5312449075462805
0.5312704435121083
0.5312897506296023
0.5313046371642087
0.5313186987789698
0.5313367704576759
0.5313555321974901
0.5313705178175216
0.531386073104373
0.5314035823058302
0.5314263266483245
0.5314519736793383
0.5314734659351047
0.5314923233352394
0.5315105700408562
0.5315311965663514
0.5315453463438006
0.5315623368147773
0.5315769142823883
0.5315899530217615
0.5316029478177791
0.5316167429450092
0.5316338007252648
0.5316497084064105
0.5316674902559908
0.5316840076393157
0.5317008888759405
0.5317195821167091
0.5317420868662546
0.5317696837819705
0.5318068686281832
0.531847848619802
0.5318972869704688
0.5319546796646416
0.5320073938255581
0.5320534255802545
0.5320975481295512
0.5321474092234096
0.5321812973892618
0.5322203682098592
0.532254136213995
0.5322848547478962
0.5323163828908004
0.5323517715135271
0.5324048326383319
0.5324544545199946
0.5324946675616564
0.5325355516542052
0.5325800550343273
0.5326344747303782
0.5327037274138055
0.5328014925785074
0.532954379901329
0.5331949343143263
0.5335940414026635
0.5340461604191351
0.5345555869474826
0.5351403343388654
0.5358140276651823
0.5366017051269186
0.5375333100438721
0.5385723335629496
0.539703654812913
0.5398999999999999
0.5399117056006774
0.5399351168020322
0.539967305467811
0.5399836527339055
0.54
0.5400117056006775
0.5400242509452453
0.5400407650904928
0.5400668916480833
0.5400948049106565
0.5401236088642455
0.5401579690689664
0.5401985180238229
0.54024438694486
0.54028908172301
0.5403404774171765
0.5404033894520192
0.5404824818244935
0.5405821902998348
0.5407198631252058
0.5409435065277605
0.5413907933328698
0.5421153626037023
0.5434679312229718
0.5454075671284773
0.54753877984662
0.5498999999999999
0.5499054812592994
0.5499164437778983
0.5499383688150961
0.5499539454264151
0.5499674807036087
0.5499816995831964
0.5499908497915982
0.55
0.5500054812592995
0.5500127685678824
0.5500231463677954
0.5500349780408925
0.5500483471881091
0.5500638580086696
0.550078753149415
0.5500944252399007
0.5501129954900437
0.5501379704250835
0.5501751232205193
0.550224806599165
0.5502740582056724
0.5503095351983285
0.550336818157406
0.550360137467745
0.5503819452013335
0.5504053601735721
0.5504391645249533
0.5504680065704353
0.5504891570460144
0.5505074558453497
0.5505234607299223
0.5505379248445861
0.5505519865453058
0.5505670402657334
0.5505872335740077
0.5506092089917705
0.5506254887632729
0.5506411885455355
0.5506578850896822
0.5506769399831981
0.5507010270039767
0.5507250137130562
0.5507496340173781
0.5507806839346967
0.5508091494512256
0.5508294240556276
0.5508468883035191
0.5508635326647778
0.5508808908442241
0.550902163068618
0.550923598650286
0.5509471836062646
0.5509687109076005
0.5509905851336314
0.5510145937674799
0.5510431774889525
0.5510779971164311
0.5511242729426064
0.5511897847568663
0.5512912900402911
0.5514056684971625
0.5515290020262709
0.5516700304983467
0.5518312210353415
0.5520299216568306
0.5522896615530153
0.5526552365484159
0.5530831371598958
0.5535768037129742
0.554150020856504
0.5548191629967356
0.5556099259788068
0.5565594066712175
0.5576916209588715
0.559014317743714
0.5599
0.559915700976485
0.5599471029294552
0.5599735514647276
0.56
0.5600157009764851
0.560031054176298
0.5600536989371675
0.5600882820174176
0.5601252702593065
0.56016393043524
0.5602079170577948
0.5602588152390267
0.5603186991372411
0.5603891849149586
0.5604711991993387
0.5605670360725786
0.5606713729558971
0.5607870985033241
0.5609287924485056
0.5611088795840983
0.5613182214064252
0.5615279099601327
0.5617625897837857
0.5620685578778282
0.5624233765105834
0.5628373573911543
0.563319193187365
0.5639139102429531
0.5646802020587365
0.56578129809871
0.5677294997105609
0.5699
0.5699046221021825
0.5699138663065476
0.5699323547152778
0.5699474908226124
0.569963523214874
0.569981761607437
0.5700000000000001
0.5700046221021826
0.5700129230718369
0.5700214604123087
0.5700358902222905
0.5700519200514496
0.570066278442661
0.5700787600512978
0.5700903727069956
0.5701025375868373
0.5701196564846062
0.5701345879299123
0.5701462716027563
0.5701577755503877
0.5701698344421666
0.5701826111480502
0.570194363097145
0.5702034490543876
0.5702111653505202
0.5702195084173605
0.5702272671853746
0.570235760749092
0.5702438259002036
0.5702523218378708
0.5702623899114679
0.5702743858755353
0.5702905409652635
0.5703125803138038
0.5703296484632556
0.5703430289970157
0.5703548634717089
0.5703662693383199
0.5703796423074936
0.5703896218699895
0.570400935608779
0.5704108067794567
0.5704196768606121
0.5704282295749316
0.5704367506930582
0.570445938745123
0.5704576932717537
0.5704682433998796
0.5704789511417273
0.5704891189482724
0.5704996260021338
0.5705113432406375
0.5705254926781766
0.5705429603377341
0.5705664556125888
0.5706002359405941
0.5706542234384114
0.5707574741692144
0.5709070111397297
0.5710730316322576
0.5712600233238315
0.5714732252041272
0.5717182365456203
0.5720031263637082
0.5723358868011184
0.5727251123364002
0.5731806461512923
0.5737141326440502
0.574339841453946
0.5750756278660077
0.5759443065045273
0.5769724019412527
0.5781989236435574
0.5796929519057574
0.5799
0.5799043392634308
0.5799130177902924
0.5799303748440156
0.5799474823177557
0.5799637752626724
0.5799836834412955
0.58
0.5800043392634308
0.5800112245374758
0.5800215593427829
0.5800420162305228
0.5800600776994495
0.5800777833176113
0.5800989191408605
0.5801246316143409
0.5801470813101303
0.5801671959971493
0.580186747323799
0.5802076978284751
0.5802380130465948
0.5802642209225249
0.5802841246776352
0.5803020959978017
0.5803182249952653
0.5803326546849655
0.5803460013615886
0.5803590935747224
0.5803734335777595
0.580395196320486
0.5804129476655983
0.5804272437596664
0.5804416816641033
0.5804571991021417
0.5804754743983291
0.5804979076064521
0.5805197220722144
0.5805423201359495
0.5805718697329812
0.580589900024322
0.5806078687676961
0.5806240843138509
0.5806391045577943
0.5806547188694302
0.580672655908055
0.5807012645067939
0.5807248648482105
0.5807443357843393
0.5807642649681508
0.5807858041844153
0.5808119323499972
0.5808445918064031
0.5808892763983726
0.5809545753022279
0.5810529886150229
0.5811595261471538
0.5812754582490335
0.5814091182094129
0.5815643130032793
0.5817590096819987
0.5820190250099664
0.5823545462152706
0.582743171597551
0.583192805708409
0.5837153848881481
0.584326422598143
0.5850475179783369
0.5859101092403848
0.5869250617281936
0.5881117194043091
0.5894990858689997
0.5899
0.58990498362869
0.5899149508860702
0.5899348854008304
0.5899512052648666
0.5899704570018386
0.5899852285009193
0.59
0.59000498362869
0.590011637173405
0.5900232227036526
0.5900374284798879
0.5900498099116949
0.5900625853268087
0.5900780721829645
0.5900965922671874
0.5901138151293739
0.590131594895573
0.5901517274546567
0.5901776096668757
0.5902159499976128
0.5902602589226719
0.5903090652484216
0.5903655077711627
0.5904310719490392
0.5904891436452959
0.5905432659134933
0.5906153104582113
0.5907040417473025
0.5907825533216441
0.5908713904124856
0.590987529029001
0.5911487079318707
0.591458787192402
0.5920694434237963
0.5929049103291404
0.5940858560353276
0.5954664704787866
0.5971456017494808
0.599133678773614
0.5999
0.5999069090957663
0.5999207272872988
0.599948363670364
0.5999727567630001
0.5999863783815
0.6
0.6000069090957663
0.6000151489865626
0.6000316287681553
0.6000532549023267
0.6000762558723093
0.6001012912398219
0.6001281362321734
0.6001597169426073
0.6001968519347916
0.6002373142343799
0.6002838484674985
0.6003433169300926
0.600408601413586
0.6004872392245345
0.6005822710738052
0.6007063633330477
0.6008901246182047
0.6011444283723005
0.6014988713112266
0.6020092385308715
0.6027470820737959
0.6039691534478872
0.6061838350176377
0.6089277892443293
0.6099
0.6099058259077293
0.609917477723188
0.6099407813541055
0.6099587051239961
0.6099717455011691
0.6099840810252826
0.6099920405126413
0.61
0.6100058259077293
0.6100123520430858
0.6100194782695928
0.6100290906964472
0.6100379939788894
0.6100480637160726
0.6100619599311206
0.610074778497157
0.6100864077847745
0.6100993510410239
0.6101141422941635
0.6101338692954216
0.6101639543199584
0.6102020275133356
0.6102446383434671
0.6102923495860705
0.6103504782138599
0.6104175083964533
0.610496729869641
0.6105911329068494
0.6107138530637894
0.6108637425939951
0.6110415474353675
0.6112542044144382
0.611530395921919
0.6118934857267709
0.6124100199054058
0.6132399469532072
0.614036721329841
0.6149408338611076
0.6156459736527314
0.6159985435485433
0.6165679717675363
0.6171972901982472
0.6180893101298938
0.6194990076965443
0.6199
0.6199112221001581
0.6199336663004744
0.6199659125132069
0.6199829562566035
0.62
0.6200112221001581
0.6200230341220749
0.6200421604378908
0.6200750035240981
0.6201051345850952
0.6201369739518683
0.6201735786184431
0.620215919440225
0.6202660132721515
0.6203253372045661
0.6203953008624282
0.6204775990809974
0.6205742447614047
0.6206876863354934
0.6208208529866251
0.620977204429344
0.6211567079577619
0.621362775058956
0.6215976263887228
0.6218724340923691
0.6221895264075279
0.6225591657069288
0.6229103597094575
0.6232032543595403
0.6234707317637794
0.6237635685259619
0.6239334086192004
0.6241231068331407
0.6242860033883247
0.6244352556191879
0.6245984548097723
0.624824375072893
0.6250650948727741
0.62525429540512
0.6254447282489582
0.6256395803424915
0.6258082700931383
0.6259805045400696
0.6261954017416295
0.6264551510652286
0.6266972748506613
0.6269363613158605
0.6272032408472453
0.627518344727592
0.6278631964083776
0.6281998077754869
0.6286223990769747
0.629152764744471
0.6298691796945153
0.6299
0.629904841505463
0.629914524516389
0.629931610574585
0.6299471045977394
0.6299630256988021
0.6299832002247127
0.63
0.630004841505463
0.630012055265713
0.6300264827862131
0.6300412124022174
0.6300571041774172
0.6300690905835671
0.630079527233878
0.6300900252957798
0.6301020292901824
0.6301183859023223
0.6301340953980603
0.6301478977538204
0.6301623301851952
0.6301782099114931
0.6301901340790261
0.6302008864879955
0.6302122690715194
0.630226973919111
0.6302453130789551
0.6302603040247864
0.6302752461865847
0.630291848328939
0.6303115105201945
0.6303375099378189
0.6303701920059327
0.6303988145906126
0.6304269848883216
0.6304571563150639
0.6304908139268334
0.6305311485935711
0.6305805759091024
0.6306394887800391
0.6307014099309254
0.6307743862831666
0.6308697565024556
0.6310094930005531
0.631270759993824
0.6316433485359699
0.6320990356363122
0.6326283851189399
0.6332176729233248
0.6339101264734275
0.6347179467516272
0.6356489325246846
0.6367468800115386
0.6380532399387661
0.6396736619628011
0.6399
0.6399045355604603
0.639913606681381
0.6399317489232222
0.6399469233591119
0.6399638605707539
0.6399841970109189
0.6399920985054595
0.64
0.6400045355604603
0.6400095752833384
0.6400196547290944
0.6400348295563971
0.6400486575979465
0.6400645468177549
0.6400845655844608
0.6401066458958904
0.6401315897908509
0.6401634539162919
0.6402068745397096
0.6402563304369272
0.6403129962792263
0.6403739686983718
0.6404268474466928
0.6404754550685203
0.6405255773291795
0.6405901935606654
0.6406557466324645
0.6407061016310327
0.6407543641642935
0.6408041595934671
0.640854942933602
0.6409010358009006
0.6409403273546415
0.6409783373635433
0.6410283873811112
0.6410786487741018
0.641118537009366
0.6411595781917179
0.6412053368006635
0.6412621243745091
0.6413399956434767
0.6414131937514287
0.6414741659480767
0.6415296901137365
0.6415864968941856
0.6416376495823908
0.6416949520064713
0.6417390662090329
0.641778089968861
0.6418172147893626
0.6418601763015505
0.6419196159617381
0.6419890186386955
0.6420414580701836
0.6420929440113196
0.6421484539506663
0.642214334893914
0.6422963655480417
0.6424093370830525
0.6425773262282876
0.6428570301384551
0.6433996328287976
0.6440102258125654
0.64469017773213
0.645415524933185
0.6460752254713656
0.6467418760990639
0.6474679301488193
0.648306223337832
0.6493456035882482
0.6499
0.6499045732051455
0.6499137196154364
0.6499320124360183
0.6499455762065905
0.6499585240591239
0.649973981545382
0.649986990772691
0.65
0.6500045732051455
0.6500110453726047
0.6500239897075231
0.6500378125398011
0.6500519698315611
0.6500677530767036
0.6500854945880215
0.650107202647949
0.6501263776035502
0.6501435847755882
0.6501603630253016
0.6501783612119656
0.6502005009449151
0.6502236646494679
0.6502410980941126
0.6502565425287402
0.6502705569692514
0.650283032352131
0.6502944649376112
0.650305529948973
0.6503173402550129
0.6503324513882744
0.6503490765604139
0.6503616010559041
0.6503736699874393
0.6503865107600412
0.6504011302817659
0.650418775675615
0.6504376506664319
0.6504561783279282
0.6504763174416571
0.6504974695766483
0.6505171834708613
0.6505322864527501
0.6505456324467602
0.6505585358247958
0.6505718083879816
0.6505861421162425
0.6506048979594271
0.6506236641774749
0.6506401351586165
0.6506569122421408
0.6506751270652765
0.6506966146992256
0.6507228898447017
0.6507576735328058
0.6508019818904056
0.650850128238947
0.6508914596017568
0.6509322038502
0.6509757355604989
0.6510245533928702
0.6510832583155697
0.6511551157057023
0.6512427903697388
0.6513543801958873
0.6514816947611642
0.6516643141401598
0.6519616508684652
0.6523031552557381
0.6526927747339687
0.6531424459306939
0.653662827214653
0.6542728944720128
0.6549943563847048
0.6557663387869056
0.6567496194618482
0.6575165074367035
0.658247273890345
0.6591642776926447
0.6599
0.6599037238857858
0.6599111716573572
0.6599260672005002
0.6599388529211194
0.6599522902612112
0.6599699169868964
0.6599849584934483
0.6599924792467242
0.6599962396233621
0.66
0.6600037238857858
0.6600069400013734
0.6600133722325486
0.6600255716521728
0.660037534060622
0.6600504529117821
0.6600655746440096
0.6600845617218375
0.6601067317737382
0.660130434894089
0.6601576882801236
0.6601930957561775
0.6602334503002449
0.6602743286826475
0.6603159065494829
0.6603606935309285
0.6604180022923045
0.6604616337302198
0.6604948369044201
0.6605232056111097
0.6605490002884519
0.6605752321891074
0.6606071738963616
0.6606316542500237
0.6606600850371275
0.6606844956985083
0.6607054206642043
0.660724027780905
0.6607407213931031
0.6607566704569942
0.660773573438816
0.660795984951787
0.6608209146470738
0.6608392771945707
0.6608570027958066
0.660875929358114
0.6608976418484755
0.6609253217838967
0.6609535442458008
0.6609899025228134
0.6610227486368218
0.6610549686787106
0.6610947191574423
0.6611305086385887
0.6611632189764921
0.6611961785626802
0.6612309906450039
0.6612706520335714
0.6613202411779171
0.6613701707421457
0.6614222172547541
0.6614705717190159
0.6615171013618122
0.6615554579634558
0.6615906711502806
0.6616263903101601
0.6616664984122442
0.6617257344463573
0.6617836070592871
0.6618301017455713
0.6618768911683036
0.6619274930328614
0.661988404663455
0.6620646558813865
0.6621703980051873
0.6623292216195283
0.6625986330473544
0.6630300654493866
0.6635200974750778
0.6640773037439553
0.6647217355276612
0.665470830000883
0.6663515032996307
0.667398079016286
0.6686529223898081
0.6698999999999999
0.6699032431609684
0.6699097294829053
0.6699227021267791
0.6699369897563384
0.6699541177869841
0.6699749192217274
0.67
0.6700032431609685
0.6700097294829054
0.6700189417995811
0.6700292032065771
0.6700388290459867
0.6700474911598863
0.6700556364046917
0.670063939565071
0.6700738703751046
0.6700832232122258
0.6700926486115065
0.6701009978694281
0.6701088720079155
0.670116377260921
0.670123217768734
0.6701293091309166
0.6701348834883151
0.6701403722014341
0.670146538665634
0.6701527236509336
0.6701596133115216
0.6701655554494353
0.6701714194705808
0.6701777571325089
0.6701849955365073
0.6701939716831277
0.6702035285867171
0.6702130550154728
0.6702221111316304
0.6702313884037948
0.670240104264203
0.6702486748007591
0.6702575790933893
0.6702650250688429
0.670271728511088
0.6702781533602459
0.6702846245906864
0.6702918062964702
0.6703017653939753
0.6703124712656494
0.6703205494754858
0.6703283938283983
0.6703367512856258
0.670346303136208
0.670358348357071
0.6703733238808304
0.6703868035147676
0.6703993778788274
0.6704124206557446
0.6704293007985279
0.6704407633580073
0.6704522068220811
0.6704625325479726
0.6704719666374896
0.6704812524558443
0.6704909055440278
0.6705021712130838
0.6705139981742971
0.6705270620953123
0.6705384243534196
0.6705497606896693
0.6705621199519345
0.6705764400866236
0.6705943886931206
0.6706185682595781
0.6706513466292704
0.6707029969618076
0.6707980125117345
0.6709181959465289
0.6710754114561848
0.6712416722649017
0.6713713894167169
0.6714992679847887
0.6715949658465814
0.6716900028928141
0.671815300024758
0.6719356587469528
0.6720725539170345
0.6722865821515076
0.6725673648148659
0.6730324283676544
0.6735668243462203
0.6741711834846756
0.6748675805713501
0.6756750982789742
0.6766288165401958
0.6777720360838517
0.6791188446968746
0.6799
0.6799043435821116
0.6799130307463349
0.6799304050747815
0.6799488015556869
0.6799666408867797
0.6799836689806729
0.68
0.6800043435821117
0.6800112351159247
0.6800209896121383
0.6800322964828367
0.6800425371761437
0.6800535834328167
0.6800683780989876
0.6800876962148905
0.6801022162906006
0.68011687698952
0.6801332762905966
0.6801490916203247
0.6801649395328838
0.680182387258244
0.680204185166047
0.6802304731511739
0.6802572284712213
0.6802816909181537
0.6803070742073464
0.6803352864828084
0.6803691224751106
0.6804131590317622
0.680471725990532
0.6805614764692515
0.6806812026111013
0.6808182256860502
0.6809234741706369
0.6810037380387111
0.6810849314860622
0.6811652571981471
0.6812527014075901
0.6813575983871012
0.6815075059752603
0.6816251449630324
0.6817369288168188
0.6818815897067949
0.6821584048835897
0.6825349610573009
0.6828718851510234
0.6831769239123927
0.6834847698111174
0.6838359262823593
0.6840823851506369
0.6842719669624604
0.6844605833675075
0.6846655692398935
0.6848915004138028
0.6851485133041333
0.6853825366920964
0.6855585371149385
0.6857239357682592
0.6859090903246774
0.6860925063259758
0.686331787674312
0.686535865932704
0.6867609020852002
0.6870268045346333
0.6873378926350092
0.6877097644719484
0.6881571046840698
0.6886679991062671
0.6892969966630588
0.6899
0.6899064583955792
0.6899193751867376
0.6899452087690545
0.6899691241858046
0.6899845620929024
0.6900000000000001
0.6900064583955793
0.6900140375683257
0.6900291959138185
0.6900516139582947
0.6900711785847488
0.6900916675987709
0.6901152547071346
0.690139579806452
0.6901661364700723
0.690193355069544
0.690222503523207
0.690243665706283
0.6902645672225418
0.6902857349399784
0.6903111227964499
0.6903324762291377
0.6903566179381705
0.6903844642503665
0.6904157187390805
0.6904519650882021
0.690495391344749
0.6905342333322446
0.6905748225602315
0.6906191867352424
0.6906643106412165
0.6907082303214561
0.6907703242001791
0.6908201872760109
0.6908667782103401
0.690921846252327
0.6909998418558527
0.6911226650893035
0.6912841148011057
0.6915024495807478
0.6917734160950253
0.69203354906549
0.6922701636631761
0.692529126804512
0.6927797233724317
0.6930171843231108
0.6933042463187836
0.6936257652358712
0.6939802033839316
0.6943981642806912
0.6948903467795102
0.6954768350899946
0.6961279241028702
0.6968877775464208
0.6978322763727335
0.698933471089013
0.6999
0.6999065693444714
0.6999197080334142
0.6999376197113041
0.699954238614984
0.6999792989533331
0.7000000000000001
0.7000065693444715
0.7000163007552821
0.7000259040313035
0.7000451105833463
0.7000659070707288
0.7000825849424753
0.700097030202613
0.700110643441761
0.7001253155781224
0.7001418727877807
0.7001585431323469
0.7001727162641815
0.7001869044132881
0.7002022712732898
0.7002199898868523
0.7002387541617124
0.7002538358059517
0.7002648867264577
0.7002747700722821
0.7002871076487956
0.7003003675476355
0.700310754743194
0.7003214672606773
0.7003335039279516
0.7003485907810562
0.7003674501060252
0.7003873463828058
0.7004053614140431
0.7004205609596453
0.7004344189269968
0.7004486350809651
0.700467851053334
0.7004847610741638
0.7004969028625773
0.7005076300995772
0.7005176964823114
0.7005277972202957
0.7005391765972858
0.7005559134768388
0.7005715267084157
0.7005839308092129
0.7005963455526418
0.7006097384807282
0.7006254524607483
0.7006455838567266
0.7006674662525944
0.7006905728489259
0.7007195063954681
0.7007441472573074
0.7007691800333193
0.7007929186551
0.7008174219713014
0.7008448026440418
0.7008780400838802
0.7009142459978112
0.7009508967535399
0.7009945571230722
0.7010196407098742
0.7010466868586757
0.7010701187830863
0.7010915398915989
0.7011148086054888
0.7011460793817518
0.7011836521416754
0.7012121441429824
0.7012405134617073
0.701271833367588
0.7013090637424922
0.7013594264051279
0.7014236840906386
0.7014958889733011
0.7015603837709716
0.7016247946382613
0.7016941321224657
0.7017722800888879
0.701866684017302
0.7019830969008628
0.7020983767243179
0.7022102905845117
0.7023623588396847
0.7024833319648633
0.7026033254353007
0.7027409438904324
0.7029371306516098
0.703248837686084
0.7035456758940177
0.7039035017605368
0.704353916408089
0.7050910368868762
0.7059894687946097
0.707027759312182
0.7082416289452302
0.7096655595641057
0.7099
0.7099093386970035
0.7099280160910104
0.7099506153958457
0.7099715561380568
0.71
0.7100093386970034
0.7100234226823202
0.7100359096020353
0.7100547649280656
0.7100802447361292
0.710103332662722
0.7101260178922683
0.7101480138287101
0.7101694613401738
0.7101936973346197
0.7102259376327653
0.710251283105049
0.7102733312083874
0.710296019825728
0.710320791595703
0.7103482727040873
0.7103738159229513
0.7103931279503596
0.7104090406345338
0.7104257009213814
0.7104417002721349
0.710459154413938
0.7104754751889424
0.710492628535514
0.7105130090055698
0.7105372913182302
0.7105703813993013
0.7106039352035011
0.7106310310769537
0.7106544876982835
0.7106768041720491
0.7107014961268164
0.7107183823516402
0.7107406872786791
0.7107595482900977
0.710776141067112
0.710792365555754
0.7108089046248718
0.7108276929070563
0.7108564875223138
0.710881533682388
0.7109018391487906
0.7109224111514749
0.7109445745319809
0.7109713418359445
0.7110047393238648
0.7110505902147255
0.7111181571525723
0.7112290104687964
0.7114476367686472
0.7116972947112897
0.7119754569096013
0.7122935471556563
0.7126576404866719
0.7130805956930901
0.7135756690703782
0.7141568243784183
0.7148405392285054
0.7156469248105692
0.7166019286623926
0.7177194493016598
0.7190834664957698
0.7199
0.7199079904279784
0.7199239712839351
0.7199559329958487
0.7199779664979243
0.72
0.7200079904279784
0.7200196781456275
0.7200348168779385
0.7200599835321021
0.7200863658314002
0.7201145243167901
0.7201467202742013
0.7201835378477845
0.7202215110697388
0.720255278396491
0.7202869166262555
0.7203194268807837
0.720359049748825
0.7203895595731568
0.7204236106046621
0.7204531076478573
0.7204787446283424
0.7205018734171458
0.7205229682149761
0.7205433674116412
0.7205651347965453
0.7205941449598495
0.7206261783288707
0.7206497695406209
0.7206724813652038
0.7206966509560581
0.7207242494802796
0.7207581002057941
0.72079325834943
0.7208303330652995
0.7208585900751957
0.7208888184636553
0.7209148345051822
0.7209387844827087
0.7209633800098882
0.7209911994029595
0.7210329626920178
0.7210723484386343
0.7211041905333466
0.7211363762061376
0.7211711821629387
0.721213162341892
0.7212655310043411
0.7213376150682711
0.7214292009957199
0.7215402261985244
0.7216874751748577
0.721874646788723
0.7220912048013817
0.7223540927513125
0.7226724459755699
0.7230984476327482
0.7236048834567761
0.7241932761433498
0.7248811137636995
0.7256906267051082
0.7266602381186187
0.7278038119164015
0.7291399600743135
0.7299
0.7299062753035862
0.7299188259107586
0.7299439271251035
0.7299615803934748
0.7299819258654032
0.73
0.7300062753035862
0.730015800336952
0.7300251706238261
0.7300402329358125
0.7300599008556888
0.7300783944081083
0.7300936504256812
0.7301071765082389
0.7301204213102219
0.7301360184072813
0.7301495054116448
0.7301637350439273
0.7301770171673772
0.7301904212996363
0.7302047718548905
0.730219305895978
0.7302313768335585
0.7302406660275191
0.7302491930479045
0.7302599479160143
0.7302716712345299
0.730280771172091
0.7302900695589292
0.7303004373261921
0.730313238098154
0.7303310794367043
0.7303543181595611
0.7303723696977081
0.7303867029568077
0.7303994886526393
0.7304120247777957
0.730427447273679
0.7304386917582678
0.7304503332997512
0.7304606890027918
0.7304701112702637
0.730479310285512
0.7304887408189836
0.7304994630605253
0.7305165560176062
0.7305300718417039
0.7305411698321127
0.7305525353250054
0.7305648279594908
0.7305798389227349
0.7305987863681742
0.7306230755519468
0.7306480244408367
0.7306733194444364
0.7306966619554548
0.7307168537755291
0.730735500832465
0.7307544407755082
0.7307772136917934
0.7307997522805061
0.7308221098630947
0.7308429501711092
0.730864577354294
0.7308888997600351
0.7309180158740106
0.7309468946709053
0.7309774616309085
0.7310121444301645
0.7310450644801143
0.7310712562735402
0.7310932894232415
0.7311140209912884
0.7311354876418472
0.7311607941253782
0.7311921760465452
0.7312219611535161
0.7312487163347057
0.7312764012808021
0.7313070136535144
0.7313409889754203
0.7313799133419411
0.7314225909313312
0.7314711385486621
0.7315297636135121
0.7315967504990833
0.731670476749883
0.7317507497205972
0.7318411768790585
0.7319492814200252
0.7320817100482527
0.7322573459611029
0.7324439081860153
0.7325954569518777
0.7327481540448189
0.7329312192165309
0.7331359836885385
0.7333656965364864
0.7337295724184835
0.7342281658566093
0.7349725895068147
0.7358407047898552
0.7368549783038274
0.7380467844817246
0.739435466711516
0.7399
0.7399053440569177
0.739916032170753
0.7399374083984236
0.7399569213720059
0.739976022928354
0.739988011464177
0.7399940057320885
0.74
0.7400053440569176
0.7400102730758527
0.7400201311137227
0.7400380227516931
0.7400577565114679
0.7400783501197588
0.7401018079613501
0.7401288560691592
0.7401605648641945
0.7401979949499364
0.7402421111401789
0.7402934631552244
0.7403511576043988
0.7404144767042338
0.7404817584626009
0.7405516743302039
0.7406251220417622
0.7407096227632275
0.7407617042116881
0.7408139184437401
0.740866992546149
0.7409311346406077
0.7409845938885288
0.7410448248374243
0.7411382614434068
0.7412483787869251
0.7413734602557638
0.7414752893799631
0.741569074510998
0.7416504575010944
0.7417372264842983
0.7418313633347258
0.7419172696628522
0.7419988562468584
0.7420868281829948
0.7421942826070215
0.7423058424867677
0.7424068632718875
0.7425078312625237
0.742619465123943
0.7427265659711131
0.7428037790270345
0.7428732771798341
0.7429449280007704
0.7430310848961518
0.74313974228477
0.743240453146226
0.7433331731713044
0.7434310195366642
0.7435412886414836
0.7436791584747541
0.7438046080600091
0.7439094353571817
0.7440103527414982
0.7441187958379264
0.7442624604593264
0.7444630115137676
0.7446060013936995
0.7447463388573188
0.7449012609547874
0.7450886635037045
0.7453314397389214
0.7456903974036218
0.7462653227890765
0.7470338213380612
0.7481421158903063
0.7495475629955131
0.7499
0.7499220533788545
0.7499661601365636
0.75
0.7500220533788545
0.7500393293370053
0.7500629049625042
0.7500920271043596
0.7501329777926047
0.750166501580227
0.7501983959959132
0.7502269997083946
0.7502559762336992
0.7502921297605311
0.7503330637607941
0.7503740037461246
0.7504141090709946
0.7504592433083741
0.7505119068807536
0.7505818656855504
0.75066067868556
0.7507264799777892
0.7507756693736284
0.7508167965515984
0.750853693453716
0.7508897784341616
0.7509301380452881
0.7509945835380817
0.7510450260568282
0.7510865468818614
0.7511291213484544
0.751175138800267
0.7512315830685056
0.7513023028663283
0.7513523459307939
0.75140324848657
0.7514483179798997
0.751490802094065
0.7515363852674153
0.7515931676478715
0.7516552107662781
0.7517170313313791
0.7517748401959927
0.7518353228736901
0.7519032776855512
0.7519867180589992
0.7520924777211665
0.7522397359713442
0.7524606238227216
0.7527675793920837
0.7531115269509632
0.7535124877421325
0.7540060491728942
0.7546272313087163
0.7553888814401127
0.7562931951532363
0.7573561480196226
0.7586356224034573
0.7599
0.7599029351037497
0.7599088053112492
0.759920545726248
0.7599319470830587
0.7599521937921883
0.7599763152421379
0.759988157621069
0.7599940788105345
0.7599970394052673
0.76
0.7600029351037497
0.7600052268797673
0.7600098104318026
0.7600171794165621
0.7600254570014316
0.7600334013581772
0.7600412162643285
0.7600497564458447
0.7600588215682033
0.7600680735630302
0.7600758371465306
0.7600833829239964
0.7600913080303138
0.7600997188599052
0.7601076401085626
0.7601138140959954
0.7601189029776811
0.7601241522840012
0.7601295899251622
0.7601354024338752
0.7601406764243037
0.7601462002764273
0.7601524656397185
0.760160186014009
0.7601706562393428
0.7601849404963054
0.7601979888951175
0.7602079053329844
0.7602161605905476
0.7602237122953087
0.7602315791065506
0.7602429756300626
0.760252173838995
0.7602590483709089
0.7602652536855972
0.7602710009900777
0.7602766072098648
0.760282509453997
0.76028953704458
0.7602961970487054
0.7603037310784059
0.7603104675331414
0.7603171923508583
0.7603245314633756
0.7603329836254743
0.7603435290961065
0.7603570638798651
0.7603759233289235
0.7604045035503181
0.7604543785362018
0.7605246017299376
0.7605955554850612
0.7606619072537445
0.7607268888665156
0.7607745592835631
0.7608143827713125
0.760854497919736
0.7609005861541965
0.7609461939021869
0.760990477639886
0.7610279797085178
0.7610613218243238
0.76109385308173
0.7611297910963933
0.7611870840598478
0.761231191680293
0.761268102424766
0.7613065024779867
0.7613489638103993
0.7613999933470864
0.761451561077976
0.7615073543460988
0.7615595101308902
0.7615994487904761
0.7616356025256
0.7616723372939809
0.7617148252744613
0.7617674914240617
0.7618217354723754
0.7618694377879052
0.7619184884631859
0.7619727436135554
0.7620335081219312
0.7621029601879792
0.7621810344828447
0.7622741265250682
0.7623870961255771
0.7625081215625545
0.7626328692029436
0.7627789083834763
0.7629591008221223
0.7631874311902864
0.7634941085890121
0.7638302631466162
0.764202819796392
0.764568190426597
0.7649051075407902
0.7653038061892848
0.7657861253327124
0.7665703337499997
0.76782214284762
0.7692613459204753
0.7699
0.7699029351037497
0.7699088053112492
0.769920545726248
0.7699335499718803
0.7699458132792782
0.7699611942650151
0.7699806726613335
0.77
0.7700029351037497
0.7700088053112492
0.7700173894830863
0.7700327763775467
0.7700476588520939
0.770063591066382
0.7700819091869361
0.7701030381219346
0.7701278995001166
0.770157240308894
0.7701890772442052
0.7702176767244056
0.7702443894421276
0.7702716153658357
0.7703040510574052
0.7703407832552888
0.7703705530110452
0.7703956208889784
0.7704180404310921
0.7704379505863999
0.770456110718381
0.7704736274258673
0.7704921545975517
0.7705163126833692
0.7705447052729651
0.7705649938352468
0.7705842973711151
0.7706047979986075
0.770628075687622
0.7706574178370204
0.770682546375001
0.7707077842536642
0.770735734130593
0.770769657376984
0.7707943622923851
0.7708155551423623
0.7708361019708283
0.770857393870445
0.7708832035783255
0.7709161676970303
0.7709457360877549
0.770972215731111
0.7709996101294107
0.77102977998542
0.7710589034274458
0.7710840091690548
0.7711074894978074
0.7711309669465014
0.7711566099709416
0.7711907633565772
0.7712343457401337
0.7712654266805261
0.771295295946487
0.7713274667732538
0.7713645604481172
0.7714126610451241
0.7714677179855682
0.771533225322647
0.7716105086886716
0.7716998739064105
0.771775262344507
0.7718418099048403
0.7719086454941869
0.7719994869731039
0.7720678455004235
0.7721176594375703
0.7721639132759681
0.7722111692189092
0.7722685206907473
0.7723288056012733
0.772393886665288
0.7724542934162223
0.7725169716735234
0.7725871151582107
0.772672602305079
0.7727804204717922
0.7729306404917842
0.7731586749164905
0.7735552440967634
0.7741712031137178
0.774864925942701
0.7756484227594298
0.776551202034794
0.7776071599355406
0.7788814968432237
0.7799
0.7799072287191519
0.7799216861574555
0.7799506010340628
0.7799715609680627
0.7799857804840313
0.78
0.7800072287191518
0.7800151762400421
0.7800280233224383
0.7800428614835143
0.780061414599844
0.7800774762188555
0.7800934782576273
0.7801127148402599
0.7801361874947278
0.7801593629845179
0.7801824646045549
0.7802078791177687
0.780239561182484
0.780284511349308
0.7803435119046368
0.780408213581978
0.7804821456940677
0.7805665184599678
0.7806694134610255
0.7808024414244469
0.780987131264763
0.7812713543649081
0.7817990641903091
0.7828273385100897
0.7842976442922812
0.7860363260980437
0.7881828612950044
0.7899
0.7899033685779413
0.7899101057338238
0.7899235800455888
0.7899390032226609
0.789951596716323
0.7899633995807163
0.7899751624036904
0.7899876907264575
0.79
0.7900033685779413
0.7900085945284359
0.7900164945072117
0.7900251040913636
0.7900347894255266
0.7900464790256821
0.790059347101518
0.7900706822893792
0.7900829317055943
0.7900941500458961
0.7901047341733634
0.7901157441468476
0.7901292300317354
0.7901403693858101
0.790152345284248
0.7901631203151327
0.7901731092167519
0.7901824102789382
0.7901906838962584
0.7901980528347933
0.7902049718973881
0.7902121212263021
0.7902211562910779
0.7902289526070008
0.7902366737966805
0.7902440747850412
0.7902517644500484
0.7902603872209815
0.7902708538275918
0.7902826654181597
0.7902955346339375
0.7903073392329446
0.7903184312043328
0.7903296405617822
0.7903430050270618
0.7903506544739036
0.7903591248928519
0.7903662853410124
0.790372537510137
0.7903789102250491
0.7903862957971676
0.7903941796757428
0.7904027255799034
0.7904103987101639
0.7904182638058295
0.7904270440483135
0.7904374724577606
0.7904512303977113
0.790468944552943
0.7904899744017514
0.7905093766228073
0.7905304479041778
0.7905517131848112
0.7905721900424368
0.7905937731737416
0.7906176563391197
0.7906449788841047
0.7906782867987855
0.7907196969732723
0.7907622376440001
0.7908047835744314
0.7908532638702033
0.7909145343666816
0.7909991307844838
0.7911420302953242
0.7912794590773251
0.7913970841072321
0.7915380495262518
0.7916883499582293
0.791811315829447
0.7919535405499634
0.7921273574914477
0.7924132470454506
0.7928416126061176
0.7932782623645176
0.7937544049634899
0.794362279545852
0.7948051687431962
0.7952548814085598
0.7958488714277141
0.7966807997070734
0.7979387083806829
0.7994074641275729
0.7998999999999999
0.7999032936576272
0.7999098809728818
0.799923055603391
0.7999356868600087
0.7999480951846396
0.7999644804593689
0.7999825184492182
0.7999912592246091
0.8
0.8000032936576273
0.8000075931838087
0.8000155302284317
0.800027994909034
0.8000419016277124
0.8000564851175724
0.8000722694971886
0.8000912847081924
0.8001139616055064
0.8001361979842533
0.8001589252505047
0.8001844310184907
0.8002165224248563
0.8002627526914762
0.8003174448171504
0.8003810711103216
0.8004083243303298
0.8004369389684862
0.8004634054761223
0.8004969796575248
0.8005230941346214
0.8005536137537616
0.8005893930721847
0.8006313730787074
0.8006884226875574
0.8007787290881148
0.8008846851046945
0.8010020859254793
0.8011124129841611
0.8012061427342569
0.8012926195694017
0.801366405507625
0.8014389277437073
0.8015215293966568
0.8015947516294512
0.8016560541568285
0.801712452772276
0.8017694027043939
0.8018375755955248
0.8019064948671958
0.8019760845409805
0.8020410496081056
0.802108959727173
0.8021859908775772
0.8022798081210287
0.8023750913327679
0.8024476731644631
0.8025095731410895
0.8025704673715089
0.8026387281007356
0.8027237959369844
0.8028209714289289
0.8029032338898311
0.8029870467657909
0.8030800284335912
0.803185454778056
0.8033064115585218
0.8034197629629051
0.8035163384912161
0.8036091559188285
0.803708374660592
0.8038355809995131
0.8039633461676435
0.8040944864948449
0.8042214383623404
0.8043566367796355
0.8045118627716499
0.8047046666577211
0.8049660175459569
0.8053248608966957
0.8059113814379057
0.8069302901970367
0.8081041565439805
0.8094498919255646
0.8099
0.8099078278576961
0.8099234835730884
0.809954795003873
0.8099773975019365
0.81
0.8100078278576962
0.8100179713096161
0.8100341356870759
0.8100630678404345
0.8100918734031021
0.8101205353264195
0.8101544121823874
0.8101991407894137
0.8102443292174416
0.810297603100121
0.8103595363196052
0.8104194899005563
0.810480197016576
0.8105432187905499
0.8106214758328544
0.8106862140630487
0.8107385373517647
0.810781200421833
0.8108181687131875
0.8108531268823563
0.8108898228815965
0.8109364797050053
0.8109786536712521
0.8110209906130621
0.8110614141292959
0.8111034199128686
0.811150449142429
0.8112077915255739
0.8112781739580496
0.8113324695511387
0.8113810874033107
0.8114241612588321
0.8114655875293924
0.8115108341365465
0.811570751073838
0.8116454027127068
0.8117037474466305
0.811760033957747
0.8118204629488462
0.8118917471141287
0.8119553947579993
0.8120058091674432
0.8120524387049939
0.8120999242028041
0.8121552675948563
0.8122251403490708
0.8122955404688726
0.8123570116771741
0.8124201924454647
0.8124900346707318
0.8125753695960554
0.8126833922625161
0.8128357291695577
0.813076721295597
0.81346616520194
0.8140268822123458
0.8147129785012699
0.8154944310386996
0.8163944456265878
0.8174481244447483
0.8186979075563536
0.8199
0.819905505299863
0.8199165158995889
0.8199385370990409
0.8199567167917833
0.819976756769932
0.819988378384966
0.8200000000000001
0.820005505299863
0.8200115616331647
0.8200203360175847
0.8200375512891049
0.8200507814601061
0.8200625202654435
0.8200749880967296
0.8200899168885581
0.820107083041562
0.8201240627605145
0.8201406751435023
0.8201550268892585
0.8201682231247082
0.820182381716119
0.8201993379114454
0.8202168861458781
0.8202354159067836
0.820254387250621
0.8202736034800469
0.8202889725008349
0.820301217494971
0.8203131981261773
0.8203306511273022
0.8203451549981018
0.8203574486950213
0.8203705036884856
0.820385275458577
0.82040409631561
0.8204303339130944
0.820459128805507
0.8204818437161662
0.8205007264382161
0.8205180447812689
0.8205358893624455
0.8205618482895227
0.8205813908517426
0.8205958092262757
0.8206088762075942
0.8206212510534191
0.8206340759415217
0.8206492301780333
0.8206657841080691
0.8206837605655082
0.820699376222248
0.8207149731931442
0.8207319525579201
0.8207515930178081
0.820776142222807
0.8208090769168046
0.8208535585915223
0.8209231364867826
0.8210516232717063
0.821255676397617
0.8214419593194957
0.8216330957701518
0.821815378088912
0.8219898219293824
0.8221737130561533
0.8223926587961616
0.8227043024739509
0.8232118956601443
0.8238103967335878
0.8244889495140585
0.8252669160069406
0.8261659045070764
0.8272243850658015
0.8284907020586287
0.8299
0.8299155634544053
0.829946690363216
0.829973345181608
0.8300000000000001
0.8300155634544054
0.8300299371599864
0.8300515916351296
0.8300811399503275
0.8301128933338114
0.830148407075973
0.8301881640546879
0.830232251747342
0.8302866092667016
0.8303507236734375
0.8304262287265296
0.8305150485982891
0.8306192294191229
0.8307034481629934
0.8307709095114102
0.8308046401856186
0.8308646226262028
0.8309311119536247
0.8310318022117686
0.8311795980075977
0.83142720084341
0.8317109830732239
0.8320322771003917
0.8324029512091102
0.8327479945220143
0.833059201793804
0.8333528490572061
0.8336511420194579
0.8340068164022164
0.8344880612141096
0.8348553199506683
0.8351929731775142
0.8355567592392901
0.8359160933899331
0.8362729787454043
0.8366905772965579
0.8372489664293881
0.8378006557826253
0.8383252264228221
0.8388495906607899
0.8393445598568062
0.8399
0.8399052094316553
0.8399156282949658
0.8399364660215869
0.8399526489437805
0.8399706137993357
0.8399853068996679
0.84
0.8400052094316552
0.8400122674666068
0.8400205498413572
0.8400346041397097
0.840049244135157
0.8400621107006678
0.8400741232285046
0.8400863013945277
0.8401011836591965
0.840113237585726
0.840125245703643
0.8401364560710285
0.8401471331264885
0.8401568130977146
0.8401648464035735
0.8401721196872843
0.8401803803646422
0.8401879999874224
0.8401962659096552
0.8402042500570748
0.8402127303593047
0.840222824748798
0.8402349753430605
0.8402514511432985
0.8402729014612464
0.8402941695763284
0.8403099663915378
0.8403226644740245
0.8403341187975629
0.8403458828656079
0.8403630583199174
0.8403762603515063
0.8403861022404345
0.8403950205443327
0.8404033799568553
0.8404118311582892
0.8404213563209822
0.8404353614734098
0.8404483178152486
0.8404586019557971
0.8404688859319337
0.8404799127078423
0.8404931074902138
0.8405094692350092
0.8405317527673938
0.8405642783667261
0.840616720874319
0.8407186732919131
0.8409225781271011
0.841232286927934
0.8415396358208976
0.8417624438336295
0.8419971740999774
0.8422165202341808
0.8424260302356786
0.8426584843750059
0.8429438287153684
0.8433784763543294
0.843810943790843
0.844246337934169
0.84475767218092
0.8453834892069456
0.8462801377185272
0.8475423009168982
0.8490656151390862
0.8499
0.849904566061483
0.8499136981844491
0.8499319624303812
0.8499508353315531
0.8499687469805067
0.8499843734902534
0.8499921867451267
0.85
0.850004566061483
0.8500092930110499
0.8500187469101836
0.8500349208612583
0.8500538693210169
0.8500737557505174
0.850096304310564
0.8501223033368042
0.8501526052779498
0.8501874103038446
0.8502278664429028
0.8502757513638326
0.8503288117583917
0.8503891779434624
0.8504557508679683
0.8505341953115731
0.8506292643111781
0.85074353814444
0.8508744967119212
0.8510252271855379
0.8511960865729318
0.8514056161847006
0.8516701373152656
0.8520356438266785
0.8523040199983914
0.8525395507353067
0.8528444119845325
0.8530772912265843
0.853340588446412
0.8536621621186784
0.8540926224329515
0.8548360716060128
0.8559689971276919
0.8573166375197272
0.8589710307886251
0.8599
0.8599040407660575
0.8599121222981726
0.8599282853624027
0.8599425861435787
0.8599554964120608
0.8599699741390686
0.8599878426158934
0.86
0.8600040407660575
0.8600094401494456
0.8600202389162217
0.8600336768970667
0.8600468431417652
0.8600628353621539
0.8600790113807291
0.8600979130876154
0.8601229815730499
0.8601529001881204
0.8601838880108765
0.8602171999842704
0.8602572872536786
0.8602995196260437
0.8603479779509389
0.8604088146604807
0.8604810351792724
0.860556073672208
0.8606305044620407
0.8607016315255948
0.8607709871203422
0.8608230984978558
0.8608660511712269
0.8609086249681318
0.8609579994436396
0.8610066295953759
0.8610511566480984
0.8610894450593307
0.8611244601040486
0.8611597967540028
0.8612016086717328
0.8612632182507336
0.8613070496720088
0.8613467569796908
0.8613890661595688
0.861437151935109
0.8614926152870225
0.8615457986955559
0.8615907333921152
0.8616379794466258
0.8616783169771783
0.8617161496844881
0.8617560812267079
0.8618027820790368
0.8618604388227705
0.8619157476523184
0.8619662621825573
0.8620191448881159
0.8620781779784964
0.8621444645098253
0.8622195717655292
0.8623049972273855
0.8624080758314789
0.8625317535926151
0.8626648857707173
0.8628125491112338
0.8629862127699378
0.863193128215029
0.8634603887781653
0.863830061565477
0.8643949883937382
0.8651295190424141
0.8659797691761826
0.8669790034959599
0.8681544363641164
0.8695902279295523
0.8699
0.8699029979375996
0.8699089938127988
0.8699209855631973
0.8699329473442641
0.8699453789322216
0.8699616467473326
0.8699797365843653
0.87
0.8700029979375996
0.8700089938127988
0.8700183836633951
0.8700338657832737
0.8700468468061506
0.8700610192084315
0.8700777422332423
0.8700977092021166
0.8701236625486988
0.8701511732272178
0.8701805018731043
0.870215502002424
0.8702579057637042
0.8703138046845675
0.8703787984629604
0.8704550567803375
0.8704972940394345
0.870544868650286
0.8705811077508402
0.8705984073363962
0.8706317541941468
0.8706670775092018
0.8707181392240646
0.8707893242238357
0.8709210394161754
0.8710867610739772
0.871276656909057
0.8715022100241829
0.8717967288237852
0.8722082976139861
0.8728485916314709
0.873761461927816
0.8748163289941063
0.8760333735753734
0.8770950704473528
0.877533933571054
0.8782940581781115
0.8791295679487929
0.8799
0.8799173954038778
0.8799521862116334
0.88
0.8800173954038778
0.8800359484830957
0.880059760885017
0.8800962213615007
0.880130175334707
0.8801681855346847
0.8802146074283013
0.8802703295324003
0.8803286243989873
0.8803960783533172
0.8804830482114583
0.8805836621659449
0.880682727564423
0.880777210358144
0.880869495957433
0.8809677628354087
0.8811025648383036
0.8812258391279357
0.8813234455519514
0.8814203391151647
0.8815164903895035
0.8816038188949578
0.8816777025723651
0.881746820215121
0.8818309050756648
0.8819355528875171
0.8820112494507776
0.8820868910730918
0.8821707062425014
0.8822751590783288
0.8823830983428563
0.8824784654438258
0.8825707060184657
0.8826808639736173
0.8827520847043964
0.8828246896528508
0.8828906747115782
0.8829547244539302
0.8830269711060926
0.8831294509168135
0.8832401899312642
0.8833278267619076
0.883416214826052
0.883512763398896
0.8836295279595602
0.8837782556102697
0.8839898327586129
0.8843241213932836
0.8849510732108603
0.8858097513791215
0.8867785207293466
0.8878898443943436
0.889183871059508
0.8899
0.8899050670680194
0.8899152012040582
0.8899354694761358
0.8899516031067678
0.8899734691436862
0.8899867345718431
0.8899999999999999
0.8900050670680193
0.8900113879815482
0.8900194986585325
0.890035720012501
0.8900574898978285
0.8900748391100821
0.8900889356387099
0.890101610995884
0.8901142115142074
0.8901298335472366
0.8901458284264535
0.8901591651785742
0.8901719487936889
0.8901853824791988
0.890200226296425
0.8902159379186397
0.8902290405306954
0.8902388100791601
0.8902475321223311
0.8902582154203625
0.890269019081122
0.8902781868205111
0.8902875528746789
0.8902979952391834
0.8903110298099396
0.8903240765245289
0.8903353222854848
0.8903466050745313
0.8903588057750362
0.8903729027477036
0.8903857966773405
0.8903981507109466
0.8904115652902523
0.8904281271752308
0.8904422010664331
0.8904530367827412
0.8904627489971892
0.8904718859364557
0.8904810546056844
0.890491247728438
0.8905012568507715
0.8905109902500915
0.8905213477727276
0.8905322181661717
0.8905435889189538
0.8905562094359719
0.89056828621412
0.8905809374282043
0.8905952425352028
0.8906123217827415
0.8906347479477861
0.8906630958195546
0.8907015734461773
0.8907402451292334
0.8907718280313438
0.8908027761770353
0.8908356349291832
0.8908724784072206
0.8909169523407756
0.8909713458782406
0.8910376149926837
0.8911147356852904
0.8912125967189763
0.8913516170429527
0.8915419331243214
0.8917268441541966
0.8919066552111984
0.8920546080791609
0.8922133850198475
0.8923876862700519
0.8925363008847137
0.8927045649541211
0.8929003383613732
0.8931060693746327
0.8933350297098964
0.8935856625336139
0.8938170533290648
0.8940560327860899
0.8943467072362408
0.8946876368435165
0.8950321595210686
0.8953590578129845
0.89571653752656
0.8961348896504846
0.8965183612847322
0.896927071587246
0.8973324618792433
0.8977859403246563
0.898399936086767
0.8992827787034647
0.8999
0.8999087128793241
0.8999261386379721
0.8999609901552682
0.8999804950776341
0.9
0.900008712879324
0.9000186532216639
0.9000385339063435
0.9000576710190967
0.9000832370872035
0.9001011513347459
0.9001213401356549
0.9001385905988637
0.9001544259532578
0.900171462208191
0.9001933256974782
0.900218302743436
0.9002408171697063
0.9002628386418262
0.9002848201174519
0.9003032656369391
0.9003210907858803
0.9003408091281948
0.900368339311594
0.9004003034383831
0.9004254339847585
0.9004507892857183
0.9004787512379064
0.9005124015409177
0.9005575585193293
0.9006137728622696
0.9006780166912538
0.9007552289094751
0.9008506548931942
0.900949871826105
0.9010560550541684
0.901173799322742
0.9013116123926748
0.9014758859349986
0.9016857698117549
0.9019699459402695
0.9023876592369916
0.9030902090103645
0.9044518204653625
0.9071750433753586
0.9099
0.9099042494433359
0.9099127483300077
0.9099297461033512
0.9099441701592081
0.9099564547747689
0.909969588529957
0.9099848443713968
0.9099924221856984
0.91
0.9100042494433359
0.9100089412458736
0.9100182532632304
0.9100294724343687
0.910041513112365
0.9100536830475016
0.9100657363442741
0.9100796924748299
0.9100947249205299
0.9101118900151629
0.9101290255664303
0.9101481945999266
0.9101699232375342
0.9101927481844168
0.9102178135127634
0.9102468701461052
0.9102832113093847
0.9103215640498997
0.9103629122555292
0.9104127797125673
0.9104786834976623
0.9105775990776571
0.9106892581645513
0.9108119452500719
0.9109601784027825
0.9111328239423077
0.9112714881980611
0.9114168062627228
0.9116077340359093
0.9117499951882905
0.9118984351510886
0.9120973574224737
0.9122911113593571
0.9125199335532652
0.9128002807439654
0.9132202912622173
0.9139585960144732
0.9150159133414698
0.9162260837753932
0.9176558338854444
0.9194303489090435
0.9199
0.919904431050417
0.9199132931512508
0.9199310173529185
0.9199456516040934
0.9199614474174209
0.9199815043653156
0.92
0.920004431050417
0.92001268568965
0.9200238825834497
0.9200403645295873
0.9200550434866379
0.9200713605406171
0.9200905596597961
0.9201151462256081
0.9201423059815652
0.9201714917215196
0.920199312720137
0.9202246797874895
0.9202500841749398
0.9202803363178206
0.9203061297339545
0.9203338825035555
0.9203597703713087
0.92038615756605
0.9204147127595552
0.9204446232808288
0.9204711656055878
0.9204918847289804
0.9205101245809105
0.9205308980101078
0.9205500480336246
0.9205695453080998
0.9205887019915462
0.9206093407201456
0.920634232797671
0.9206647115333789
0.9207069694775178
0.9207448871804278
0.9207754815140402
0.9208026281915631
0.9208290900821339
0.9208608479660418
0.9208830466066377
0.9209063815336856
0.920927018699598
0.9209459379127911
0.9209650122762605
0.9209856984610356
0.9210124243527985
0.9210371813798448
0.9210622069229156
0.9210861014159977
0.9211109700786775
0.9211388660984446
0.9211728171230725
0.9212151856790308
0.921273004897239
0.9213579891955349
0.9214984240648869
0.9217685563708976
0.922072553020974
0.9224114137825551
0.9227989428043358
0.9232428379774255
0.9237593935787848
0.9243653914461618
0.9250790400269684
0.9259224301366261
0.9269234658766495
0.9278557109433757
0.9287325884734826
0.9297688217568149
0.9299
0.9299055086667636
0.9299165260002908
0.929935341729785
0.9299552284756732
0.929974678930467
0.9299873394652336
0.93
0.9300055086667637
0.9300125592715235
0.9300248919142863
0.9300460880938597
0.9300653525392347
0.9300851857875538
0.9301090971634667
0.9301374278658087
0.9301648547125199
0.9301966499344506
0.9302385106009599
0.930291367217078
0.9303183580753257
0.9303505082688196
0.9303742407155566
0.930384768977485
0.9304058255013418
0.93042866954691
0.9304603590540209
0.9305048077847602
0.9305847536426612
0.930689831210663
0.9308127805555615
0.9309528548103183
0.9311092873049949
0.9312976652975956
0.9315332824269987
0.9318122397739078
0.9321382378497161
0.9325188396087151
0.9329051541681497
0.9332784920418683
0.9336503831295674
0.9340466771661986
0.9345516172536096
0.9350008609745382
0.9354476412052066
0.9358768662205735
0.9363276002578919
0.9368442213010195
0.9374194563657005
0.9381359876495338
0.9392224118149312
0.9399
0.9399033612721885
0.9399100838165657
0.93992352890532
0.9399377872699943
0.939961068625177
0.9399805343125885
0.9399902671562943
0.9400000000000001
0.9400033612721886
0.9400077259774867
0.9400150204761212
0.9400289464485472
0.9400424214927249
0.9400534039204472
0.9400628632628573
0.9400713919548632
0.940079764352233
0.9400892010834789
0.9400992015157019
0.9401099030110328
0.9401187116676525
0.9401267935439771
0.9401343862672878
0.940141254188947
0.9401474030979727
0.9401530707990576
0.940158686868573
0.9401650454941812
0.9401724409936694
0.9401794287187585
0.9401854571537215
0.9401915180513185
0.9401980876731878
0.9402057120679014
0.9402149063488179
0.9402255337657588
0.94023525925479
0.9402445180213117
0.9402542572825203
0.9402658821378078
0.9402776369326674
0.9402859133793883
0.9402929991037521
0.9402996178385935
0.9403061383501627
0.9403132870466657
0.940322265578156
0.9403312181493158
0.9403396238890657
0.9403476081379365
0.9403559195758426
0.9403651780527851
0.9403763820856811
0.9403870576234894
0.9403976596834167
0.9404090816202675
0.9404220350126892
0.9404379450737169
0.9404580512847275
0.9404857233362538
0.9405270167295432
0.9405740358464747
0.9406248346452942
0.94068292420563
0.9407492760952522
0.9408309408270427
0.9409197350934887
0.9409944618844704
0.9410828264362252
0.9411741637451742
0.9412503201074417
0.9413333663875758
0.9414406608230835
0.9415547121349471
0.9416760566214533
0.9417886599250969
0.9418817791495179
0.941964642293365
0.9420563939399911
0.9421396456774067
0.9422306874800095
0.9423184338166797
0.9424118360172336
0.9425245304647962
0.9426515982652818
0.9427638425211302
0.9428707399396514
0.9429952088404385
0.9430770654173231
0.943162451348525
0.9432393038305015
0.9433136850323569
0.9433976105969858
0.9435170858822269
0.9436451955745802
0.9437473543724708
0.9438509468191681
0.9439645083574
0.9441024071979582
0.9442791509752622
0.9445329714746122
0.944939650916041
0.9457349563166472
0.9467229987522221
0.9478401247938179
0.9491313888158054
0.9499
0.9499033612721886
0.9499100838165657
0.9499235289053201
0.9499385360002431
0.9499565445829736
0.9499741794192486
0.9499870897096243
0.9499935448548122
0.9500000000000001
0.9500033612721887
0.9500073454407378
0.9500153137778362
0.9500300794524027
0.9500498811378127
0.9500681530317493
0.9500835782231003
0.9500972376948102
0.950110072115192
0.9501233924149248
0.950140282809545
0.9501539625132732
0.9501680293702055
0.9501807225637614
0.9501923028381493
0.9502028680434449
0.9502122474086964
0.9502207787869772
0.9502290949600901
0.950238242316467
0.9502529786452301
0.950263838019168
0.9502727731053823
0.9502819548676792
0.9502918696115711
0.9503040180660616
0.9503180538408049
0.9503328289460122
0.9503466788033026
0.9503602179839014
0.9503750289125225
0.9503841761011831
0.9503962576472439
0.9504057889046907
0.9504137351028139
0.9504215748956071
0.9504301079226539
0.9504427263360049
0.9504545922836319
0.9504642639191208
0.9504741696238284
0.9504851095963003
0.950498279068912
0.9505160216199471
0.9505390103738113
0.9505685455655553
0.9505951754445466
0.9506217294264977
0.950646662868917
0.9506721328373067
0.950700179431882
0.9507321742130866
0.9507710916636101
0.9508192944110084
0.9508714357062938
0.9509232756999012
0.9509671540045727
0.951010660085086
0.9510746786649579
0.9511270016402835
0.9511711522406804
0.951218173758198
0.9512715967486826
0.9513409133073792
0.9514139180753385
0.951476665633239
0.951534444004349
0.9515947130854251
0.9516433609481059
0.9517019976162302
0.9517481307208057
0.9517887661832823
0.9518296563052663
0.9518745123848957
0.951936366675805
0.9520090112373493
0.9520638061802723
0.9521176690668056
0.952175740392728
0.9522447290622076
0.9523306357197435
0.9524494287898329
0.952628071116564
0.9529314797147427
0.9534436127698389
0.9540185137512375
0.9546647352315667
0.9554066445042732
0.9562658615555345
0.9572810107567018
0.9584965556185739
0.9599
0.9599115417957206
0.9599346253871618
0.9599673126935808
0.9599836563467904
0.96
0.9600115417957206
0.9600240121959318
0.9600399646041846
0.9600628796276424
0.9600867806389944
0.9601122703139013
0.960140190522759
0.9601755857812377
0.9602216147283289
0.9602621630426961
0.9602987392811246
0.9603348185834886
0.9603743141540478
0.9604155148021352
0.9604600653436477
0.960494143737026
0.9605228337073447
0.9605482533065504
0.9605712951822531
0.9605938282895419
0.9606183474970625
0.9606530333605152
0.9606862121281039
0.9607120237808205
0.9607375190282348
0.9607647963391241
0.9607963936997032
0.9608340145729255
0.9608748515443595
0.9609168629445638
0.9609575917320651
0.9609882248366846
0.9610153382432587
0.9610422403493163
0.961071836582796
0.9611131703180736
0.9611607316039598
0.9611969424217354
0.9612325196430579
0.9612707880636189
0.9613161183031569
0.9613720237105579
0.9614481079528567
0.9615589844015482
0.9617327670509067
0.9619296349956432
0.9621454804662316
0.962397471726595
0.9627088554373718
0.9631014845742445
0.9636038360658773
0.9641038364389111
0.9646917980628634
0.9654002213513496
0.966333423772828
0.9674488871978236
0.968746124441434
0.9699
0.9699032508647843
0.9699097525943531
0.9699227560534905
0.9699349633342518
0.9699525777511083
0.9699749003585756
0.9699874501792878
0.9699937250896439
0.97
0.9700032508647843
0.9700066017810344
0.9700124809470853
0.9700218373984121
0.9700315667270067
0.9700405280097774
0.9700492134459879
0.9700585313583892
0.9700725297642099
0.9700833588617349
0.970091991644031
0.9701006549742871
0.9701098037800421
0.9701197241839666
0.9701290256476386
0.970136086205705
0.9701418789868642
0.9701479170752104
0.9701538458358491
0.970160305012999
0.9701662809751271
0.9701725718735753
0.970179747815465
0.9701886247620531
0.9702006603419324
0.9702172229847774
0.970230371606204
0.9702405668583037
0.9702494528561278
0.9702578779473362
0.9702673470600867
0.9702745541264877
0.9702836930935747
0.9702914655062099
0.9702983552765331
0.9703049219732572
0.9703112680712447
0.9703177828978451
0.9703252179837364
0.9703374702217392
0.9703465161481643
0.9703539838269869
0.9703616635586502
0.9703699539727318
0.9703801012959593
0.9703929046115198
0.9704105792855904
0.9704366863331158
0.9704796560629145
0.9705649599166508
0.9706792681969428
0.9708058824377377
0.97094905029359
0.9711122651045315
0.9713002053721236
0.9715188793529663
0.9717742191049777
0.9720726528278651
0.9724214980073604
0.972829257835268
0.9733061640993839
0.9738646869614728
0.9745171775166395
0.9752800214681875
0.9761770528613546
0.9772403672459565
0.9785106928091182
0.9799
0.9799032508647844
0.9799097525943531
0.9799227560534906
0.9799367235895963
0.9799499070898717
0.9799665756758615
0.9799832878379308
0.98
0.9800032508647843
0.9800097525943531
0.9800186876464887
0.9800348154083541
0.9800505947690735
0.9800674371530608
0.9800867966161505
0.9801091196477225
0.980135359181122
0.9801662835784134
0.9802026326298211
0.9802452809298204
0.9802935034533667
0.9803434161446566
0.9803854988647464
0.9804316554577843
0.9804773262938856
0.9805240991589234
0.9805852372121073
0.9806971199775957
0.9808211928643841
0.9809666257892036
0.9810461948369146
0.9811441953104172
0.981223305256866
0.9812881352464992
0.9813503909206462
0.9814155324829945
0.981499992579314
0.981606909237739
0.9816826435726816
0.9817550276636592
0.981832784312667
0.9819220845351239
0.9820384855219491
0.9821212941529678
0.9821922689875517
0.9822639935931607
0.9823448927158193
0.9824788819213196
0.9825909386414651
0.9826870737735246
0.9827886110096281
0.9829019952003387
0.9830446798912787
0.9832332021105271
0.9835184704226514
0.9839509954732945
0.984497690944764
0.9851424568961832
0.9859341958306796
0.9868788453804584
0.9879902483357482
0.9893606172038226
0.9899
0.98990574757024
0.9899172427107199
0.9899402329916798
0.9899606954102
0.9899792996406198
0.9899896498203099
0.99
0.99000574757024
0.9900132533067862
0.9900219947507967
0.9900378133259102
0.9900489387875953
0.9900594439557369
0.9900715960615876
0.9900877998801852
0.9901044411691045
0.9901190151771211
0.9901327692116594
0.9901448470585672
0.9901568929146121
0.9901709680682107
0.9901964517964661
0.9902150374542503
0.9902315638210575
0.990249415440064
0.9902701743665239
0.9902960691401628
0.9903328554668022
0.9903776425467057
0.9904328618288077
0.9904949232968508
0.9905594596241153
0.9906291172761349
0.990707016841747
0.990799210607201
0.9909108957395116
0.9910555381730954
0.9912554843594635
0.9915351184624351
0.9919567919595994
0.9926824339536582
0.9937919630906473
0.9958012778928886
0.9983188558201114
0.9999
0.9999020259652175
0.9999060778956524
0.9999141817565224
0.9999230069510712
0.9999308872988787
0.9999390848904012
0.9999481924876936
0.9999587339948706
0.9999682100368523
0.9999774104663424
0.9999881353922255
0.9999940676961128
1.0
