0.0
0.001
0.003
0.007
0.0099
0.009906186173063549
0.009918558519190645
0.009930282312936967
0.009941417416453283
0.009958607815089726
0.009983284346399243
0.01
0.01000618617306355
0.01001391427089578
0.01002171454602779
0.01003731509629183
0.010058900897875
0.01008097645301209
0.01010897373357574
0.01014101257404954
0.01016795774924951
0.01018937195791097
0.01020897027985914
0.01022905243012913
0.01025063753923531
0.0102721812850986
0.01029531080439355
0.01031961484264516
0.01034589148988244
0.01037567022901279
0.01040575210862543
0.01043652320706401
0.01045961952111392
0.01048021100423549
0.01050122085566538
0.01052440748612157
0.01055123552883226
0.01058479532955131
0.01061388606456703
0.0106431604567556
0.0106750056891054
0.01070997781168558
0.01074818364859602
0.01079244686927922
0.01084068908920769
0.01089600852482034
0.01095795455949419
0.01100919521589726
0.01105121608669623
0.01108945819403396
0.01112333362497561
0.01118822706222577
0.01121553932763101
0.0112433862410813
0.01127127701936164
0.01129956494059338
0.01133762869337258
0.01137175979960781
0.01141739785302587
0.01146219265241918
0.01150720215826443
0.01155031940387669
0.01160224639888282
0.0116580840077738
0.01172577085133594
0.01180015727075372
0.01186089559879236
0.01193599229514205
0.01199408662365042
0.0120613705018996
0.012125036606155
0.01221390895154392
0.01230535332587841
0.01239746692589893
0.01248783551614571
0.01258241531767747
0.0126836810287242
0.01280236969010096
0.01295004087036907
0.0130993040106486
0.01324345956216562
0.01341343321484914
0.01357303365459215
0.01373011670511492
0.01388092869864412
0.01402265724181272
0.01415220303679279
0.01427869664820113
0.01441846930531433
0.01452097542259644
0.01465356899182431
0.01476258122234708
0.01485928286874498
0.0149570414958726
0.0150621849405646
0.01519233686789042
0.01534036438575872
0.01549876006897185
0.0156398547264942
0.01578212052450764
0.01593615679931756
0.01611653355348712
0.01633284915867655
0.01661337618405581
0.01700473358762205
0.01755208620445215
0.01838130493014665
0.01973831080719676
0.0199
0.01990502863463749
0.0199126167816492
0.01991915241120278
0.01992395141558286
0.01993083822857364
0.01994016767343449
0.01995561445383682
0.01996967799362019
0.01998356059293206
0.01999178029646603
0.02
0.0200050286346375
0.02001085992005547
0.02001635765731877
0.02002735313184536
0.02003876245887893
0.02004904424088644
0.02005991347989756
0.02007284370415131
0.02008570455883514
0.02010172710992187
0.02011650376054533
0.02013011800945624
0.02014224632840774
0.02015428140399641
0.02016802391315237
0.02018962880619378
0.02020932827413705
0.02022614919012069
0.02024381496875888
0.0202635462050267
0.02028789844616774
0.02031663530842682
0.02034135100127858
0.02036406143927889
0.02038733332879291
0.02041252481104155
0.02044232223797136
0.0204745615437491
0.02050147629352532
0.02052152124073863
0.02053875985118379
0.02055765358246253
0.02057458398233404
0.02059322709555027
0.02061111480568229
0.02062994651570081
0.02065232671563902
0.02067876913661786
0.02071095359480637
0.02073774326722422
0.02076001064199624
0.0207797326574977
0.02079789233595163
0.02081585797065771
0.0208354076564176
0.02086176288812139
0.0208806102780529
0.0208993006215167
0.0209162448172163
0.02093189171562236
0.02094738846590891
0.0209633303811489
0.02098076898872376
0.0210023336273935
0.02102308519153363
0.02104634942293235
0.0210672874575012
0.021088122308306
0.02111068922400966
0.02113636078238873
0.02116789770243707
0.02120737009956517
0.02126060718331718
0.02132476558624993
0.02140170449067457
0.02144661046379446
0.02149190107559515
0.02153223507660186
0.02157031382776286
0.02161277043801773
0.02167273855596041
0.0217381761087107
0.02178996235572141
0.02184204209686244
0.02189941487342263
0.02196706921703793
0.02205511465833924
0.02216482390543259
0.02227018538956425
0.02237492144408646
0.02248678323706894
0.02261089485346204
0.02275675288221907
0.02293179526554001
0.02315773933260137
0.02346908594091508
0.02375473738686158
0.02406110307334374
0.0244341566464826
0.02498313536099367
0.02573220974604509
0.02661501248638789
0.02762896918917112
0.02880367034165229
0.0299
0.02990754280599025
0.02992262841797074
0.02995279964193172
0.02997830732128813
0.03
0.03000754280599024
0.03001901936180783
0.0300331676612395
0.0300553068477214
0.03007779187309556
0.03010431355459877
0.03013401166073008
0.03016745471669837
0.0302070864998176
0.03025317659717644
0.03030681640812836
0.0303692297542435
0.03044174441212388
0.03052599850766301
0.03062389905971534
0.03073766373774987
0.03086987284239034
0.03102351777923896
0.03120206396060174
0.03140951888980607
0.03165026944742014
0.03192954960125244
0.03224631015084122
0.0325548137717153
0.0328508662570841
0.0331435569905784
0.03345045895964766
0.03382145305075354
0.03418681734576858
0.03455816390075849
0.03489648194272602
0.03524008770245498
0.03561900266133471
0.03604061119025079
0.03649219664664052
0.03704923728800851
0.03786245874784712
0.03853292004386779
0.03919670764278985
0.0399
0.03990676781977182
0.03992030345931545
0.03994737473840272
0.03996790796641393
0.04
0.04000676781977182
0.04002030345931545
0.04003262033980688
0.04005725410078972
0.04010008277234797
0.04014477686976145
0.04018594729187581
0.04022026700709257
0.04025010656450786
0.04027846346673666
0.04030771978394446
0.0403336028262825
0.04035903327830387
0.0403878098820733
0.04041619712561292
0.04044493223916377
0.04047567245273608
0.04050673215092826
0.04053489181429076
0.04055797948483092
0.04057813602836964
0.04059928739813759
0.04063300571309271
0.0406575063693561
0.0406787913159602
0.04070133250823745
0.0407274356581973
0.04075900901547577
0.04079656502671576
0.04083594556466888
0.0408718543995604
0.04090220781102709
0.04092927938870036
0.04095534109225943
0.0409835695443342
0.04100979404503071
0.04103974710188849
0.04106281425288074
0.04108275749413187
0.0411020659655254
0.04112147639593944
0.04114249924548025
0.04116781497267139
0.0411973787907613
0.04122844759353986
0.04125496634568592
0.04128115864763106
0.04130920506219635
0.04134101083330095
0.0413800638085986
0.04142900270457264
0.04149473038941084
0.04158905338990053
0.04170111396200562
0.04179881279726506
0.04188529935769946
0.04196358967934082
0.04204984650130004
0.04210698634895727
0.04216519178600677
0.04222242641625202
0.04228093465388073
0.04235999247859163
0.04243054672844428
0.04255585580177385
0.04264606493825359
0.04273252169694897
0.04282475199086022
0.04292605482229979
0.04304929252869195
0.0432086269255723
0.04342355251941944
0.04372858271598698
0.04419435960474097
0.04494989393597703
0.04580956729049049
0.04677965001941336
0.04790103705563753
0.04922212465460118
0.0499
0.0499065335066695
0.0499196005200085
0.04994573454668651
0.04996534987279697
0.04998267493639849
0.05
0.0500065335066695
0.05001522631063905
0.05002528051845676
0.05004538893409218
0.05007243013342828
0.05010129193066958
0.05012847981561276
0.05015233468285914
0.05017340595366004
0.05019369985829115
0.0502160261248524
0.05024627069363372
0.05027176753298643
0.05029290428270892
0.05031409378525586
0.05033662789327095
0.05036318757523554
0.05039278415624074
0.05041837468366983
0.05043726378706237
0.05045303522224453
0.05046963451712103
0.05049225419830596
0.0505099375857962
0.05052613348346489
0.0505434851084534
0.05056293857398649
0.05058478559585795
0.05061840157777454
0.05064526545948648
0.05066660124388691
0.05068789833112507
0.05070870943215527
0.05073006406683953
0.05075728814214241
0.05077570302391684
0.05079464813287603
0.05081149667418512
0.05082681078691163
0.0508419625581467
0.05085775694581229
0.05087597796238385
0.05089990254034127
0.05092121182024705
0.0509403483722846
0.05095934060325764
0.05097953193412514
0.05100253845184926
0.05103085589888726
0.05105678255921283
0.05108160506362759
0.05110812558693995
0.05113826193918475
0.05117461831651353
0.05122218761455152
0.05128082363841456
0.05134487949082626
0.05140202351127176
0.05145866126285071
0.05151889292778438
0.0515858012554635
0.0516648645086858
0.0517591889446181
0.05187937037653186
0.05204069310982034
0.05226484644698485
0.05260050593383463
0.05300257359557748
0.05345764700227879
0.05397790055022205
0.05446982902895339
0.05494533655622173
0.05539227090657531
0.05581651512638895
0.05636548195026572
0.05702218105033584
0.05818042511409344
0.05955807921073465
0.0599
0.0599083681040555
0.05992510431216649
0.05994896489387607
0.05996899960823141
0.0599844998041157
0.06
0.06000836810405549
0.06001847053319212
0.06002908194843082
0.06005030477890821
0.06007630976646908
0.06010195784124427
0.06012863662592899
0.06015233986451474
0.06017434424885319
0.06019705568983818
0.06022497687368181
0.06024910654413839
0.06027348544259276
0.06029642540034541
0.06031977812243037
0.0603449877418723
0.06037102599373539
0.06039406645073937
0.0604119197848588
0.0604271017136347
0.06044303543171138
0.06045929489341419
0.06047694056776047
0.06049284882494007
0.06050929130468981
0.06052767659451264
0.06055015566929572
0.06057844270756762
0.06061269519036905
0.06064241788161991
0.06066690474547087
0.06068871419748562
0.06070974622231223
0.06073335928403487
0.0607520970614395
0.06077383881754486
0.06079188678424879
0.06080780957548462
0.06082317728070139
0.06083858742518648
0.06085533825640843
0.0608764456605085
0.06090657677046941
0.06092774933969846
0.06094691164343041
0.06096696417396082
0.06098897241824434
0.06101598472725381
0.06104722717167835
0.06108174361509255
0.06112125067971405
0.06116498398881772
0.06121102797987958
0.06125961384871774
0.06130907428349476
0.06134447616204706
0.06137517547571188
0.06140534999448833
0.06143791823223525
0.06147703914200082
0.06152508521498728
0.06156688987077778
0.06160637782465687
0.06164809631390269
0.06169453913945239
0.06174642049502816
0.06180457535203136
0.06186915642568603
0.06194505434884487
0.06203523506206976
0.06213605139254168
0.0622445802259768
0.06236483079489102
0.06250551468883564
0.06267220326212485
0.0628841815087229
0.06315759307537774
0.06341937866710512
0.06371316091593553
0.06398957955871148
0.06418562497091806
0.06435560796516979
0.06458753064587018
0.06487658829592681
0.06512687330423317
0.06539870993811184
0.06569892318652948
0.06606992602931885
0.06657716485125632
0.06734785805368948
0.06867696797649721
0.0699
0.06990450612278633
0.06991092471093678
0.06991464202746604
0.06991831021479104
0.06992328905657111
0.06993014297572793
0.06994265691650906
0.06996050179829358
0.0699804406423179
0.07
0.07000450612278633
0.0700119322417577
0.07001806969014998
0.07003034458693455
0.0700529150385757
0.07007662468104965
0.07009968766249533
0.07011933660243631
0.07013641283934836
0.07015176547623587
0.07016652192620658
0.07018233897349109
0.07020381355991293
0.07022429698406338
0.07024078270701624
0.07025595865915485
0.0702700043327675
0.0702827343508147
0.07029425558946208
0.07030493811649058
0.07031546102267897
0.07032700094550955
0.07033918773717437
0.07035024443765825
0.07036210862605843
0.0703736171609417
0.07038562378531855
0.0703973596129901
0.07040952367419015
0.07042317381006065
0.07043993295823747
0.07045747571010827
0.07047460274252611
0.0704925658138806
0.07050843080189009
0.07052219126261879
0.07053478707495332
0.07054563435094485
0.07055556420595047
0.07056562052989042
0.07057716853123344
0.07059130115451119
0.07060546306991312
0.07061775206895113
0.07062918527551948
0.07064018913983308
0.0706510779629192
0.07066232734709951
0.07067467787350247
0.07069020122168526
0.07070395713576232
0.07071943408086519
0.07073371217445644
0.07074803564981053
0.07076367086156535
0.07078156675411355
0.07080360282678415
0.07083134442165356
0.07086436291942966
0.07090030163705663
0.07093969820798603
0.07098539018515108
0.07103872637083261
0.07110299107520679
0.07117851209926976
0.07127624200647877
0.07141975810396015
0.07162261864925154
0.07187410110953729
0.07213463239422978
0.07240206395336707
0.07265839003680237
0.07284046346612456
0.07300955575088709
0.07320704020119728
0.07345498706543417
0.07370244088678209
0.07397765778572396
0.07440691091939475
0.07493337903066921
0.07581274223266697
0.0768214599681256
0.07795786307881555
0.07926119378922773
0.07990000000000001
0.07990217229181766
0.07990651687545296
0.07991520604272355
0.07992668749769054
0.07994132789283417
0.07995750698541194
0.07997689640489514
0.07998844820244758
0.08
0.08000217229181765
0.08000651687545295
0.08001343742383674
0.08002055203322463
0.08002746998282684
0.08003400178310036
0.08004037131609229
0.08004723514953468
0.0800568854172823
0.08006580129370199
0.08007261499720633
0.08007902423621029
0.08008520209104315
0.08009103379707048
0.08009631193232612
0.08010100587012567
0.08010536157799199
0.08010976988185141
0.08011502968653235
0.08011955853384463
0.0801246605535971
0.08012937649365494
0.08013413008784595
0.08013935063393392
0.08014536790289913
0.08015284116993411
0.08016050314587357
0.08016819460152255
0.08017538948650317
0.08018252352079247
0.080190607549293
0.08019740347168382
0.08020507844848733
0.08021134422304603
0.0802167996585813
0.08022194642876007
0.08022696996241961
0.08023225673707678
0.08023858366508042
0.08024507815874359
0.08025215250798261
0.08025843123316394
0.08026470626766327
0.0802715271778411
0.08027936645334463
0.0802891192029558
0.08030157128414679
0.08031879864000889
0.08034266026712684
0.08036123557788345
0.08037568010919843
0.08038822217006919
0.08039988884697645
0.08041239104021716
0.0804256159721848
0.08043953947526407
0.08045028781937831
0.08045972740351647
0.08046861631317993
0.08047725827557749
0.0804862524107842
0.08049655410093574
0.08051107591682344
0.0805244742346252
0.08053533925622931
0.08054613389664421
0.08055764953274869
0.08057089047673908
0.08058101675746769
0.08059342411531835
0.08060320732589503
0.08061603392005133
0.0806278043670357
0.08064485017767226
0.08066015339321718
0.08067552638102485
0.08069153026630016
0.08070806101413049
0.08072570660929812
0.08074594228631563
0.08076979039381241
0.080794221078562
0.08082271513624191
0.08084196606273024
0.08086586377093928
0.08088619961794298
0.08090409783552299
0.0809215260808298
0.08093914747365764
0.08095858098195267
0.08098425046901037
0.08100727757719352
0.08103011849299516
0.08105191625618251
0.08107438930212704
0.08109928909297981
0.08112909181121143
0.08116531630436777
0.08121293087903204
0.08127914575891414
0.08137948192032775
0.0815512070095237
0.0818124730204753
0.0821038237230456
0.08242985879836481
0.08279988287080899
0.08322227087734504
0.08371053819118855
0.08427865923733557
0.08494226078611578
0.08572068694100299
0.08663890173027669
0.08764589814002466
0.08859130936748766
0.08924565468374383
0.08962282734187191
0.08976141367093596
0.08983070683546798
0.08990000000000001
0.0899032392217702
0.08990971766531057
0.08992267455239132
0.0899362550963599
0.08994756567262734
0.08995877098206885
0.08997130204730723
0.08998442465255967
0.08999221232627982
0.09
0.09000323922177018
0.0900069148536003
0.09001426611726052
0.09002667953383356
0.09003722105598415
0.09005417976728014
0.09007351410598857
0.09009478793803843
0.09011049731905314
0.0901276263810312
0.09014687810468466
0.09016854353398533
0.09019311086954912
0.09022156629146852
0.09025592342206654
0.09029945515869274
0.09035647788424157
0.09042781770386008
0.09046537411374322
0.09050196490791408
0.09054339696810332
0.09058332247387672
0.0906200830088585
0.09066520767490667
0.09075032864406692
0.09082224977989863
0.09088452893783178
0.09094633203848497
0.09101365274132682
0.09108263356222608
0.0911480240893975
0.09120205079450852
0.09124918910068498
0.09129371243381619
0.09133999926810377
0.09139791317956682
0.09145049855616656
0.09150448003649335
0.09155559888311286
0.09160841641099639
0.09166765707755785
0.091737687340274
0.09182834519035064
0.0919068472079017
0.09196424772530545
0.09201506194456091
0.09206533576380538
0.09212192783555503
0.09219206872397416
0.09227569212008832
0.09234417771656599
0.09241216945016939
0.09248611728301617
0.0925686941535866
0.09266347225684567
0.09276986487104832
0.09289619886405605
0.09304826642265444
0.09321639574009541
0.09340358918696158
0.09362311673156376
0.09388409700071497
0.09421700317887434
0.09467026479662213
0.09534464217895702
0.09620233419107055
0.09718177169457952
0.09835947234769227
0.09974198718150623
0.0999
0.09990812871954709
0.09992438615864126
0.09994614812181153
0.09997023583755019
0.0999851179187751
0.1
0.1000081287195471
0.1000181804327621
0.1000329735837113
0.1000585730904762
0.1000841837562964
0.1001107672236124
0.1001409333114137
0.1001754322680565
0.1002156346884874
0.1002626790422523
0.1003175786650741
0.100374340749689
0.1004306732957653
0.1004934470696549
0.1005877968508131
0.1006569863907557
0.1007145323618053
0.1007732055022604
0.1008361537539915
0.1009121821674722
0.1009963544500405
0.1010638990060918
0.1011160510855812
0.1011641531608269
0.101222884137464
0.1012911194273957
0.1013420681570427
0.1013931703829281
0.1014496088156364
0.1015197720993269
0.101600565875094
0.1016703278411289
0.1017331772058502
0.1017962632885647
0.1018769006036437
0.1019261130011459
0.1019749170011882
0.1020197497718734
0.1020626455570744
0.1021093757043241
0.1021681170042513
0.1022258480252203
0.1022871486255594
0.1023445193095859
0.1024036401684169
0.1024692699030183
0.1025483654471774
0.1026459807688042
0.1027780576022043
0.1029124874704575
0.1030328733068197
0.1031544332655102
0.103285619130749
0.103436351338785
0.1035775346013664
0.1037010677868678
0.1038235335450302
0.1039624008718703
0.1041508093838102
0.1043468502634575
0.1045175285500298
0.1046964876159744
0.1048985300737092
0.105139806303591
0.1054187017080185
0.105721407071497
0.1060662329171897
0.1064630670890807
0.1069553328011124
0.1076062282710547
0.1085595966025415
0.1098933330568649
0.1099
0.1099089733200621
0.1099189961684117
0.1099314430062897
0.1099524908379212
0.109981592876387
0.11
0.1100172512875981
0.1100305449396421
0.1100483846115528
0.1100744402036083
0.1101018034797879
0.110124946201527
0.1101477786835529
0.1101737719785927
0.1102110211342352
0.1102479451838649
0.1102808263474129
0.110316995652897
0.1103583745791484
0.1104128141189638
0.11048698885221
0.1105573456043249
0.1106299989643036
0.1107165744328751
0.1108124170810267
0.1109252819734891
0.1110343294712272
0.1111529952262901
0.1112896963379823
0.1114383529243434
0.1116037051246836
0.1117971140910746
0.1120413866985063
0.1123782053351466
0.1129080097735099
0.113935601621538
0.1158232342202188
0.1186775960414266
0.1199
0.1199067261432623
0.1199201784297868
0.1199470830028357
0.1199717014715836
0.1199858507357918
0.12
0.1200067261432622
0.1200166385656117
0.1200304574208148
0.1200512934137413
0.1200724855664491
0.1200972250070387
0.1201252287441171
0.1201557434564459
0.1201940470222541
0.1202387776556312
0.1202909287548142
0.1203477857123849
0.1203995170009665
0.1204491119383026
0.1205021031448316
0.1205746978035167
0.1206429543336398
0.1206955343680842
0.1207467828156038
0.1208005450505214
0.1208537003200472
0.1208994161434075
0.1209371575778848
0.1209730548486233
0.1210181969464734
0.1210697508428763
0.1211085670828808
0.121147423813188
0.1211901612057358
0.1212425360132864
0.1212917068335412
0.1213359896126017
0.1213784748425204
0.1214224576872849
0.121470226956333
0.121518791181016
0.1215721812602023
0.121620969551742
0.1216639303275115
0.1217003861058249
0.121734363702469
0.121768897388181
0.1218075480222884
0.1218616140178897
0.1219226388368081
0.1219687819160964
0.1220135328094551
0.1220597720420144
0.1221063930472419
0.122158817195642
0.1222218372673134
0.122298627780113
0.1223636316334121
0.1224260049940804
0.1224927569742636
0.1225669496580515
0.1226526655193737
0.1227469919959688
0.1228572348823921
0.1229870463852742
0.1231362942872121
0.1232993309331731
0.123487192756607
0.1237040138934393
0.1239722262853943
0.1243228694378743
0.1248142820038662
0.1255681709291442
0.126447281954599
0.1274500725988956
0.1286629271557863
0.1299
0.1299040646145541
0.1299121938436624
0.1299284523018789
0.1299457148427664
0.1299676113790586
0.1299838056895293
0.1299919028447646
0.13
0.1300040646145541
0.1300081185378173
0.1300162263843436
0.1300324420773963
0.1300545582538701
0.1300830648089757
0.1301173521226065
0.1301530007963949
0.1301909131756203
0.1302331517633417
0.1302810935827381
0.1303356141012472
0.1303875414934778
0.1304363058500463
0.1304854303749382
0.1305415690525098
0.1306003079047103
0.1306562118306447
0.1307016602787664
0.1307413210820169
0.1307768295555423
0.1308092543938086
0.1308406152637384
0.1308736019730279
0.1309148099750453
0.1309509547290996
0.1309883314852016
0.1310234693468978
0.1310593231721109
0.1310987757794326
0.1311458403571447
0.1312011424852478
0.1312710904600976
0.1313099005583644
0.1313497785823924
0.1313852539587468
0.1314184570115723
0.1314554876246688
0.1315083324794795
0.1315639440031871
0.1316085581922549
0.1316538344610207
0.1317039602393592
0.1317635714602854
0.1318428377475045
0.1319385607821748
0.1320223254672231
0.132098384947279
0.1321753931839651
0.1322774562022245
0.1323589556664936
0.1324171971903153
0.1324702786068803
0.1325235405709063
0.1325849946211953
0.1326877497757342
0.1327700676650378
0.1328396033342168
0.1329118892807176
0.1329906077412457
0.1330865691565926
0.1332076821234719
0.1333750584571735
0.1336252691827267
0.1340424802146725
0.1347244119246545
0.1354982038409876
0.136375405943218
0.1373909346745616
0.1385824651478043
0.1399
0.1399046874842091
0.1399140624526272
0.1399328123894635
0.1399504674505585
0.1399687613475834
0.1399843806737917
0.14
0.1400046874842091
0.1400114564210149
0.1400208661108187
0.1400331170991651
0.1400455209417606
0.1400604001058356
0.1400782050002898
0.1400946624431944
0.1401087682115261
0.1401228540171789
0.1401394252453039
0.140157927851162
0.1401774385714059
0.1401975223281623
0.1402191105256253
0.1402450507653986
0.1402659937918762
0.1402860360822221
0.1403072928042471
0.1403307145619789
0.1403556196458658
0.1403773567545493
0.1403938631582272
0.140407979830586
0.1404232085931691
0.1404373981206539
0.1404529876989296
0.140467664261477
0.1404831028359145
0.1405006727107248
0.1405222656993342
0.1405513068757681
0.1405842613720043
0.1406107009167344
0.140632743772279
0.1406528831986743
0.140673204615874
0.1406996545266598
0.140717060271944
0.1407344736745673
0.1407501957104336
0.1407646380997203
0.1407791028049492
0.1407945145068616
0.1408132140934527
0.1408311103544141
0.1408512368219444
0.1408693710177089
0.1408875120106477
0.1409072935644987
0.1409300112664563
0.1409582309424028
0.1409941595706102
0.1410437061027409
0.1411178230926735
0.1412434540792138
0.1414614148980383
0.1417050989790895
0.1419765936854283
0.142284882512989
0.1426358883846419
0.1430411385520546
0.1435118398624234
0.1440555102169462
0.1446857787981665
0.1454201287014446
0.1462817391516121
0.1473093314283362
0.1485151272992136
0.1499
0.1499066744437903
0.1499200233313708
0.1499353778032881
0.1499522139989957
0.1499661011623915
0.1499798761742439
0.149989938087122
0.15
0.1500066744437903
0.1500142200678869
0.1500240402375459
0.1500355247827907
0.1500490685850525
0.1500643504479094
0.1500795111234382
0.1500949255008638
0.1501120124312295
0.1501336569693548
0.1501647726732495
0.1501987295426139
0.1502382606961362
0.1502823716112759
0.1503090881281204
0.150334896160545
0.1503569027825607
0.1503760979651782
0.1503965885390061
0.1504123005122752
0.1504283496115143
0.1504421528638057
0.1504566160137089
0.1504696273333229
0.1504856338343133
0.1505051652820609
0.1505333199407194
0.1505533214047243
0.150572667004212
0.1505939522859546
0.1506176724588073
0.1506469082490386
0.1506847254308377
0.1507366729901748
0.1508107119589749
0.1508835236004423
0.1509569335410259
0.1510304886008948
0.151100594232193
0.1511765749729048
0.1512462894061796
0.1513833189639556
0.1515012408883147
0.1516045585579296
0.1517136709910081
0.151827299719843
0.1519593635941327
0.1521262669835346
0.1523499909255934
0.1526671494782465
0.1529160022988693
0.153132218435559
0.1533540048538874
0.1535962344735189
0.1538573154933817
0.154111465286869
0.1543911399139191
0.1547781181545923
0.1552524434843139
0.1556293245442052
0.156017191569571
0.1564582471614449
0.1570119001579672
0.1576641742149328
0.1583393514659235
0.1592404185071899
0.1599
0.1599023546232598
0.1599070638697794
0.1599164823628185
0.1599305711047916
0.159946929913463
0.1599617141520186
0.1599761167217079
0.1599880583608539
0.16
0.1600023546232598
0.1600070638697793
0.1600164823628185
0.1600290600209609
0.160039932490895
0.160048844493535
0.1600566037845474
0.1600638551688378
0.1600716911954895
0.1600778037313076
0.1600846200479392
0.1600900719414357
0.1600948291974834
0.160099552503209
0.1601047090421854
0.160111922397746
0.160119813544583
0.1601259042722595
0.1601319342521103
0.1601384708863058
0.160146097499289
0.1601557975213619
0.1601622316507932
0.1601689797778847
0.1601749146875455
0.1601803333143919
0.1601858738167453
0.1601920671373536
0.1602003417842824
0.1602090731929238
0.1602163215491857
0.1602234361010864
0.1602310639285424
0.1602398262078853
0.1602464705430519
0.1602524103216477
0.1602593937961971
0.1602654159788068
0.1602753695424336
0.1602840578348963
0.160294908521421
0.1603044295126967
0.1603140344860846
0.1603246410283898
0.160335235163072
0.1603467497779919
0.1603599822359061
0.1603757516263602
0.1603954850826771
0.1604183368157798
0.1604432845403288
0.1604750028633012
0.1605158708823502
0.1605626161035731
0.1606155813400378
0.1606791661311645
0.1607566627974522
0.1608416703034999
0.1609379847601258
0.1610631189681927
0.1611607189038688
0.1612907009937825
0.161415077214561
0.1615458052057407
0.1616923792138445
0.1618652220957726
0.1620824900005604
0.1623691134389586
0.1627689697878373
0.163377066890934
0.1644389439271827
0.1656404699468381
0.1669899846665706
0.1685357288335735
0.1699
0.1699023546232598
0.1699070638697794
0.1699164823628185
0.1699274513520677
0.1699360299661032
0.1699439780438468
0.1699519526222172
0.1699608578559137
0.1699727063520828
0.1699820241029186
0.169989407155228
0.169994703577614
0.17
0.1700023546232598
0.1700049049718084
0.1700100056689056
0.1700183033579787
0.1700280235437929
0.170040370883953
0.1700542849201281
0.1700651002556803
0.1700757080931777
0.1700872452430416
0.1701003123155455
0.1701154184176809
0.1701328668503847
0.1701533570932975
0.1701783000152394
0.170210217420553
0.1702458482680364
0.170282053925232
0.1703103730657881
0.1703317742070279
0.1703572843918342
0.1703796063926065
0.1704045002181995
0.1704392458256931
0.1705087370406802
0.1705911169506259
0.1706780966593913
0.1707852718067474
0.1708674756893053
0.1709420895673279
0.1710243050172105
0.1711087105402462
0.1712019072579605
0.1713124637904697
0.1714439384320178
0.1716125702936758
0.1717918076692573
0.1719198032917788
0.1720305755076514
0.1721629034824499
0.1723137473105762
0.1724261504105515
0.1725412870345688
0.1726706132270791
0.1727916700279665
0.1729101311432876
0.1730525708103788
0.1731441339212125
0.1732382004145042
0.1733232699905037
0.1734052263263568
0.1734962814921078
0.173618866325022
0.1737812619890982
0.1738981897280412
0.1740113611976076
0.1741336543102709
0.1742784261633155
0.1744582688788257
0.1747049184059716
0.1750706086287494
0.1756222583861324
0.1762948755337876
0.1771259280168868
0.1782507635692804
0.1796687059715576
0.1799
0.1799072176543183
0.179921652962955
0.1799416247104848
0.1799681897677921
0.1799872270511052
0.18
0.1800072176543183
0.1800152430290615
0.1800312937785478
0.180044915309827
0.1800602348373372
0.1800752217257877
0.1800895976620676
0.1801013508832526
0.1801124078657966
0.1801242555958263
0.1801394612719657
0.1801551334047212
0.1801710289943738
0.180186473384366
0.1802028495789087
0.1802219874831189
0.1802449020683666
0.1802752775347337
0.1803186324867095
0.1803876241087466
0.1804734286689338
0.1805497336822897
0.1806178325579651
0.1806811516301333
0.1807439172047512
0.180804261399961
0.1808462974238781
0.1808883137302806
0.1809245239935595
0.1809589388707174
0.1809978555033707
0.1810390493368919
0.1810805465776745
0.1811165089551516
0.1811481607535452
0.1811781065022511
0.1812091023217939
0.1812472142752216
0.1812990821102289
0.181336408798677
0.1813706177449763
0.1814067693281101
0.18144743037012
0.1814939584199001
0.1815419235099894
0.1816025680981711
0.1816506953340659
0.181686663577213
0.1817194521979326
0.1817521037339135
0.1817890987899806
0.1818344340489475
0.18188812745643
0.1819318717861322
0.1819749427004378
0.1820212782917625
0.1820726516479929
0.1821324392078144
0.1821975772313879
0.1822729401800593
0.182360030155558
0.1824648537598549
0.1825696053192545
0.1826685179268378
0.1827635585123275
0.1828766147120557
0.18296698706778
0.1830312660885724
0.1831018584417835
0.1831753312986711
0.1833222770124464
0.183425609979827
0.1835110294110315
0.1836154112120829
0.1837170989053283
0.1838348630997385
0.1839883719920922
0.1841983107901434
0.1844958237878158
0.1849394356718388
0.1856758447348399
0.1866656237669402
0.1878307246929833
0.1892098244834828
0.1899
0.189909754627046
0.189929263881138
0.189968282389322
0.189984141194661
0.19
0.190009754627046
0.1900226944060551
0.1900387339242911
0.1900682934652532
0.1900965620452613
0.1901269907276923
0.1901642204942507
0.1902115710376761
0.1902605940487047
0.1903141941149709
0.1903638044152579
0.1904175615787024
0.1904813938192828
0.190538770558837
0.1905989660570712
0.1906540215124285
0.1907096640092804
0.190770632183705
0.1908429784023464
0.1909249256732868
0.1909923303235616
0.1910426390416909
0.1910866790923777
0.1911359612783467
0.1911813497778674
0.1912281823275902
0.1912738045083751
0.1913225540754284
0.1913814324596411
0.1914521500645104
0.191525394866522
0.1915889438105554
0.1916477879480918
0.1917099243856864
0.1917540595599316
0.1918126645005716
0.1918598563094654
0.1919011879892247
0.1919428316112813
0.1919881152696275
0.1920486178380598
0.192127855973622
0.1921845091106598
0.1922391903178823
0.1922979422753955
0.192367180683011
0.1924530691705691
0.1925717026135928
0.1927500191928448
0.1930520252062776
0.1935566649799245
0.1941210159332484
0.1947509731289076
0.195469676106044
0.19629493721773
0.1972657701880531
0.1984027687929251
0.1997982146175679
0.1999
0.1999052470600354
0.1999157411801062
0.1999338509081094
0.1999555361001218
0.1999761661454799
0.2
0.2000052470600354
0.2000157411801061
0.2000286291273137
0.2000496233740806
0.2000734612465815
0.2000986221085879
0.2001271790109622
0.2001599616491839
0.2001980742734067
0.2002426453617963
0.2002937547404995
0.2003537338336298
0.200423167075395
0.2004972118989947
0.2005664811825971
0.200633672631964
0.2006876018354153
0.2007331474447895
0.2007781024603494
0.2008296700721488
0.2008801671486821
0.2009299045163718
0.2009714773276094
0.2010075999701836
0.2010416409343296
0.2010767050935101
0.2011196980811432
0.2011602795929653
0.201201963854265
0.2012408228344523
0.2012806872128761
0.201325057113849
0.2013771332960472
0.2014357495534977
0.2014926415414673
0.2015506182835141
0.2015942787109255
0.201632649099784
0.2016708957015184
0.2017130780281089
0.201764325597199
0.2018287619030814
0.2018811766842707
0.2019318604104912
0.2019863455422762
0.20204654443538
0.2021167889849273
0.2021940333684731
0.2022840507794473
0.2023894681129678
0.2025119578572626
0.2026441893769141
0.2027907992953017
0.2029624374883198
0.203165775243948
0.203417637918936
0.2036525678626609
0.2038794741341114
0.2041284328272268
0.2044673939030646
0.2048966241285364
0.2052295559426669
0.2055729845889393
0.2059621449001202
0.2063584397911327
0.206959710874041
0.2074251793742317
0.2078723180477867
0.2085425058326427
0.2094037759536493
0.2099
0.2099016280809478
0.2099048842428433
0.2099113965666343
0.2099185335115461
0.2099316371339456
0.2099459352454092
0.2099603682646847
0.209969158804471
0.2099759679543543
0.2099831148935122
0.2099882583482731
0.2099922690518942
0.2099958572686096
0.2099979286343048
0.21
0.2100016280809477
0.2100032136672888
0.210004909950461
0.2100079539214821
0.2100121891211814
0.2100156555084989
0.2100191243473397
0.2100227436373287
0.2100261732810438
0.2100289200858663
0.2100311196307126
0.2100332329731446
0.2100360310427802
0.2100388488665925
0.210041087588329
0.2100433684684864
0.2100458892364791
0.2100489177643682
0.2100528902689448
0.2100581979489957
0.2100639281548848
0.2100698671268744
0.2100744511882036
0.2100781720944094
0.2100815563010173
0.2100849789714659
0.2100893032964259
0.2100927497470715
0.2100962244652558
0.2100993790617499
0.2101023010433565
0.2101050816564939
0.2101077307310331
0.2101103373301499
0.2101130954695307
0.2101165451535732
0.2101196205019126
0.2101227741515537
0.2101257492323002
0.2101288049388315
0.2101321904343215
0.2101362477148167
0.2101412077433556
0.2101477891591796
0.2101568539802894
0.2101664467096703
0.2101732355940097
0.2101780836049941
0.2101818238557764
0.2101851222230761
0.2101879843615304
0.2101909517126942
0.2101940308636473
0.2101975801485678
0.2102009910535919
0.210204774913952
0.2102079131746691
0.2102107845108354
0.2102136684764205
0.2102167006327404
0.2102200674556205
0.210223969872103
0.2102287170011345
0.2102350336488475
0.2102476669442735
0.2102566958156382
0.2102658256604791
0.210275582112256
0.2102852203182507
0.210295646116397
0.2103074123379241
0.2103210647302832
0.2103372073422962
0.2103563683515818
0.2103789792566698
0.2104055484117251
0.210433074684046
0.2104569106217722
0.2104777604443704
0.2104957918318915
0.2105144293254559
0.2105315203558017
0.2105534725515922
0.2105706595145469
0.2105914679059815
0.2106090104343114
0.2106245347915036
0.2106398584328397
0.2106556701275884
0.2106729779593934
0.2106930239714247
0.210718224395101
0.2107612629634606
0.2107962657467869
0.2108262882511246
0.2108557147512423
0.2108844793340469
0.210914282596262
0.2109408608095976
0.210965555932907
0.2109918898172601
0.2110228410497488
0.2110457694692685
0.2110617125597402
0.2110771383318799
0.2110885743842088
0.2110993806039305
0.211107906144386
0.2111159365742383
0.2111224362524184
0.2111285642610188
0.211133609195879
0.2111384024663293
0.2111423522123888
0.2111461829122724
0.2111494631308385
0.2111526338235913
0.2111561718289124
0.2111596988186677
0.2111630145751151
0.2111661229815803
0.2111690245269054
0.2111717501707304
0.2111743449098164
0.2111768561166363
0.2111793403536131
0.2111818758893644
0.2111845934916887
0.2111877877039056
0.2111929596538982
0.2111972599980669
0.211200765529826
0.2112043399845948
0.2112081796266094
0.2112124811782876
0.2112174277628533
0.2112228693908138
0.211227181716697
0.2112308979436758
0.2112344189491754
0.2112380037273096
0.2112420516655753
0.2112467397010446
0.2112514468212715
0.211255885187196
0.2112604290680754
0.2112653638274171
0.2112711190987612
0.211277305069368
0.211283167493116
0.2112892642326153
0.2112960229605406
0.2113039369023602
0.2113139782602838
0.2113269666590433
0.2113406514366084
0.2113551419809571
0.211368806670424
0.2113822195550439
0.2113857930164658
0.2113906200871115
0.2113956882456209
0.2113993313606128
0.2114031481942528
0.2114069526394848
0.2114110665504057
0.2114162315818095
0.2114243575414649
0.2114406094607756
0.211462516011615
0.2114860470997414
0.2115147364375446
0.2115514430255763
0.2116013175494667
0.2116697592202805
0.2117858436239372
0.2119771028819967
0.212224753698551
0.2125127157400524
0.2127428813873451
0.2132032126819305
0.2137558368399498
0.2143328572418241
0.2148944071663426
0.2154951510642223
0.2161069299012672
0.2166872704164119
0.2173721278887708
0.2180841543252473
0.219138307831293
0.2199
0.219909562472584
0.2199286874177519
0.2199669373080878
0.2199834686540439
0.22
0.220009562472584
0.2200193860778167
0.2200390332882822
0.220067635849413
0.2200945495695514
0.220125032331082
0.22015950498125
0.2202027482820389
0.2202517714420828
0.220305253388751
0.2203707269024817
0.220460739300308
0.2205915554828083
0.2207362447421447
0.2208535669599279
0.2209418316070481
0.2210307476528761
0.2211194332095626
0.2211819261301569
0.2212431540481445
0.2213363847970857
0.221401785789455
0.2214693421717973
0.2215597090243124
0.2216289163248747
0.2217638993999944
0.2218676257272189
0.2219676155803908
0.2220741902674011
0.2221955489968258
0.2223522491218661
0.2225728685542844
0.2229140468391279
0.2235264839456541
0.2245633513122386
0.2257531263931888
0.2271394985739349
0.2288111646251725
0.2299
0.2299018897306172
0.2299056691918515
0.2299132281143201
0.2299215079656937
0.2299302185895963
0.2299417198064766
0.229954539507924
0.2299684140540206
0.2299831707789533
0.2299915853894767
0.2299957926947384
0.23
0.2300018897306172
0.2300044527477138
0.2300095787819069
0.2300198308502933
0.2300290142433485
0.2300388057793346
0.2300501372077924
0.2300634509220761
0.2300780286583491
0.2300951073036972
0.2301169921490656
0.2301411085976803
0.2301675752764102
0.2301920396532455
0.2302160286982697
0.2302450934778457
0.2302733423892855
0.2303100585221266
0.2303481895053949
0.2303935069550802
0.2304571505049402
0.230512320440487
0.2305729563188331
0.2306194997936574
0.2306925822277074
0.2307440535822688
0.2307968825803315
0.2308672851229658
0.2309424604855364
0.2310346802049896
0.2311092521784237
0.2311293165230215
0.2311694452122172
0.2311792450036168
0.2311981504820422
0.2312126989725567
0.2312241885170635
0.2312357014959412
0.2312461560246799
0.23125660593483
0.2312649277200895
0.231271038232691
0.2312770367750965
0.2312831519895921
0.2312907211926543
0.2312969534298119
0.231303903058352
0.2313141945191653
0.231331029298881
0.231358301869185
0.2313887554352046
0.2314229048798845
0.2314619822732051
0.2315067954292444
0.23155874387158
0.2316193221997276
0.2316900955170347
0.2317719235853681
0.2318666906891577
0.2319765916008291
0.2321041458886421
0.2322523001512872
0.2324244605934551
0.2326245440527064
0.2328480366578839
0.2331172323896655
0.233362885095254
0.2336021250888725
0.2339002781071835
0.2343051501673994
0.2348366583826391
0.2354589562991769
0.2361716154773865
0.2370103755196754
0.2378457812627451
0.2385538492737936
0.2393089332698151
0.2399
0.2399059433685186
0.2399178301055558
0.2399416035796303
0.2399592117620435
0.2399793776577733
0.24
0.2400059433685186
0.2400154742522232
0.2400246699532349
0.2400374576441976
0.2400518985572475
0.240067550117283
0.2400875179828669
0.2400990398319243
0.240110700087057
0.2401207367606995
0.2401296067929041
0.240139255255021
0.2401541800792755
0.2401668086978031
0.240177613268677
0.2401890012322034
0.240202375934681
0.2402159069875465
0.2402292336612193
0.2402437705690469
0.2402588819832742
0.2402748890962355
0.2402870696862477
0.2402976897383433
0.2403077070527352
0.240317505092997
0.2403278213768876
0.2403399021325345
0.2403541447033436
0.2403688040478497
0.2403812158926891
0.2403934909737064
0.2404066528891393
0.2404216508925461
0.2404400306123131
0.2404639977873114
0.2404951971239022
0.2405408541324404
0.2406154134117664
0.2406980835757704
0.2407797822319961
0.2408567259974297
0.2409312312699834
0.2409917945742587
0.2410402155829404
0.24108592700082
0.2411363889351477
0.2411894594673446
0.2412413300803755
0.2412851275780847
0.2413240023988931
0.2413612963432296
0.2414007901146319
0.2414525116266592
0.2415157725500606
0.2415609589565737
0.2416040060743951
0.2416499925496663
0.2417028115770907
0.2417640152371326
0.2418259711719923
0.2418931788791896
0.2419413261128528
0.2419827666106775
0.2420237928257503
0.2420685895884796
0.2421228651308916
0.2421902609723444
0.2422467155572234
0.2423010839310842
0.2423593439705202
0.2424237948764098
0.242498662575111
0.2425806803039485
0.2426760444177732
0.2427872906877671
0.2429182413533436
0.2430602707161577
0.2432183475407704
0.2434039325920355
0.243625022422133
0.2439067214245226
0.2442928758120613
0.2448699577608095
0.245664023422075
0.2465871824917134
0.2476740518151268
0.2489631214711321
0.2499
0.2499058160834647
0.2499174482503939
0.2499407125842525
0.2499611271962124
0.2499808393615418
0.25
0.2500058160834647
0.250015420041562
0.2500266898895837
0.2500484463035973
0.2500698898645309
0.2500921557110141
0.2501175867905763
0.2501418054766842
0.2501644377241516
0.2501880264706839
0.2502194848383138
0.2502509424640963
0.2502744018322833
0.250296956076486
0.2503206967216886
0.2503468143686519
0.2503735193000978
0.2503951071686483
0.2504118931131035
0.2504274394517184
0.2504466323924563
0.2504688107239953
0.2504854224360312
0.2505020365024952
0.2505203206697824
0.2505427119053399
0.2505715827253747
0.2506102287261959
0.2506415674461742
0.2506672639712653
0.250690838580063
0.2507148618060798
0.2507493930408095
0.2507751661467997
0.2507940862195553
0.250811298303118
0.2508278501830681
0.2508455947361621
0.2508684456019774
0.2508898817287147
0.2509118194284271
0.250932713215261
0.2509544455661583
0.2509788201452973
0.2510085199163214
0.2510456133499748
0.2510855271867533
0.2511301773470531
0.251201022002739
0.2512540888340683
0.2512972133243759
0.2513412481387181
0.2513886272500944
0.2514467006711982
0.2515196177681663
0.2515725929156217
0.2516295078272127
0.251675910906434
0.2517172229545366
0.2517605092964739
0.251814419582969
0.2518885951871228
0.2519461999285629
0.2520014496628039
0.2520621298410913
0.2521328324247175
0.2522256105967129
0.2523426455551407
0.2524568215272352
0.2525713157507533
0.2526933090783307
0.2528307844052265
0.2529950110234956
0.2531978385666905
0.2534691909348377
0.2538621111333395
0.2544614664905955
0.2551495824288
0.2559376053366824
0.2568596059204848
0.2579370656482752
0.2592347610274738
0.2599
0.2599101716649025
0.2599305149947075
0.2599712016543176
0.26
0.2600101716649025
0.2600245003215519
0.2600442432853248
0.2600704848038293
0.2600971537652535
0.2601261249802419
0.2601592241496522
0.2601974527449334
0.2602389067272897
0.260283299612049
0.260337600395836
0.2603984513545184
0.2604661906601596
0.2605365951400796
0.2606142831949284
0.2607052502180323
0.2608038044167689
0.2609215624483741
0.2610736217478882
0.2612874603213819
0.2615886965510676
0.2620954690158718
0.2628494755395057
0.2639532908085694
0.2657494386944201
0.2686481021494615
0.2699
0.2699047444144157
0.2699142332432471
0.26993321090091
0.269952605869594
0.2699717448892087
0.2699858724446044
0.2699929362223022
0.27
0.2700047444144157
0.2700092862496713
0.2700183699201824
0.2700361521125913
0.2700573227514477
0.2700791858188197
0.2701040126180251
0.2701325991255498
0.2701659911910684
0.2702053585807775
0.2702517379496885
0.2703062983713956
0.2703701477760154
0.2704403659670048
0.2705061255135631
0.2705701217417177
0.2706312498163495
0.2706898180701066
0.2707385383828382
0.2707770962266768
0.270813010340231
0.270852007604485
0.2708938338793115
0.2709361033427778
0.2709760413977077
0.2710100681433345
0.2710405493591291
0.2710700541052071
0.2711017387943781
0.2711451512966402
0.2711910579663362
0.271225816282582
0.2712596748756074
0.2712958831828033
0.2713374379758144
0.2713846211641052
0.2714334854096671
0.2714913744315884
0.2715379446470909
0.2715738556760369
0.2716068249043987
0.271639888841989
0.2716775672228698
0.2717238609354853
0.2717775311610227
0.2718216200835039
0.2718651768957763
0.2719120770609182
0.2719641675705573
0.272024566451703
0.2720904560659017
0.2721667793636845
0.2722551818992127
0.2723614410503545
0.2724748471632628
0.2725987039190141
0.2727420961542704
0.2729086463076755
0.2731167281257222
0.2733323942532223
0.2736197399841377
0.2738838695844531
0.2740931653456365
0.2742892682275291
0.2744976976611688
0.2746383906787855
0.2748004663188121
0.2749412625796483
0.2750752718741671
0.275224803343631
0.2754319057626113
0.2756799109246255
0.2758707371688443
0.2760612235786579
0.2762709484136551
0.2765230429086824
0.2768444133964797
0.2773015487120928
0.2780228966555925
0.2793669940773421
0.2799
0.2799030324362031
0.2799090973086092
0.2799212270534216
0.2799361591223807
0.2799609717366826
0.2799804858683413
0.2799902429341707
0.28
0.2800030324362031
0.2800072956035473
0.280015153509615
0.2800268392872735
0.2800384638706103
0.2800487535107448
0.2800581655577035
0.280067274329655
0.2800770752977685
0.2800909211035382
0.2801035470277069
0.2801130002343208
0.2801215326895543
0.2801292546554272
0.2801361282088969
0.2801423819007399
0.2801483718189434
0.2801547064693531
0.2801631681886013
0.2801722093261384
0.2801789358255282
0.2801854439960091
0.2801923735713053
0.2802003025166749
0.2802103271074321
0.2802215283180334
0.2802318583239308
0.2802419076329077
0.2802528701571945
0.2802627002815475
0.2802738809875939
0.2802826159974939
0.2802901546914113
0.2802973164123954
0.2803044520590461
0.2803123356159261
0.280323151880228
0.2803353009466047
0.2803443571629202
0.280353125849059
0.280362491203993
0.2803732150370924
0.2803867090341988
0.2803995453722116
0.2804129280429667
0.2804278882601573
0.2804459928719867
0.2804685915943623
0.2804999798293681
0.2805290543503088
0.2805515545491446
0.2805704866067623
0.2805877889899281
0.2806056204728637
0.2806305194886152
0.2806510927292548
0.2806659954442095
0.2806792914606963
0.2806918065480571
0.2807044371478365
0.2807185443958828
0.2807377676359044
0.2807601414957419
0.2807764536988943
0.2807920086927177
0.2808084680301702
0.2808270143840023
0.2808501395851581
0.2808796501064663
0.2809203273346341
0.2809803263464701
0.2810788086683029
0.2812757733119685
0.2815276668336593
0.2818136035049659
0.2821366478016836
0.2825052651125501
0.2829235906256888
0.2833879358199324
0.2839472492663586
0.2846216650241124
0.2854119405454371
0.2863393667367486
0.2874169881442497
0.288668809598893
0.2899
0.2899163868610911
0.2899491605832732
0.29
0.290016386861091
0.2900405667603443
0.2900672535616285
0.2901074292229562
0.2901465725561174
0.2901912587408197
0.2902428706376757
0.2903134903617762
0.2904087017348517
0.2905425276476765
0.2906689507753615
0.2907825840461423
0.2908950721143784
0.2910233933164727
0.291136599218206
0.2912638552459493
0.2913793240301116
0.2914956632516109
0.2916233563420095
0.2917750076836174
0.2919384983208131
0.2920739830751779
0.2921851576435058
0.2922943170479894
0.2924513101640197
0.2925810630892047
0.2926899788025639
0.2928052571622156
0.2929353646483053
0.2930713471050017
0.2932034243740548
0.2933581904220203
0.2934591193073217
0.2935639246528284
0.2936585582207142
0.2937509916127655
0.293857385971759
0.2940253926918932
0.2941733893431518
0.2942987238188616
0.2944301137010382
0.2945765856365198
0.2947606399538046
0.2950040854503712
0.2953802249088053
0.2959816870231491
0.2969452713996439
0.2980784958238383
0.2993708623907457
0.2999
0.299903902833972
0.299911708501916
0.299927319837804
0.2999425161779704
0.2999594244327785
0.2999729799685896
0.2999840577823477
0.2999920288911738
0.3
0.300003902833972
0.3000092036835652
0.3000170609970835
0.3000245161353163
0.3000339239227096
0.3000434964928992
0.3000502267092409
0.3000562083612077
0.3000623250360831
0.300069579252388
0.3000776890886792
0.3000862883797096
0.3000942393756576
0.3001025573102248
0.3001119310221437
0.3001233565316504
0.3001385351308568
0.3001589707223817
0.3001912204211377
0.3002379542370505
0.300289475688493
0.3003337531812142
0.3003727394322484
0.3004092697060019
0.3004464496765368
0.3004919542657049
0.3005287815832719
0.3005679873065511
0.300602238437748
0.3006324486612425
0.3006597809805666
0.3006846503169385
0.3007084554255678
0.3007333533022298
0.3007646285106607
0.3007920260921479
0.3008197258973284
0.3008460236013576
0.3008731627121622
0.3009033833797125
0.3009398937166256
0.3009798313464703
0.3010212942571919
0.3010677969818163
0.3010962154882793
0.3011249812214523
0.3011503918662246
0.3011743669685237
0.3012011101615173
0.3012401844890433
0.3012785262146787
0.3013098566072713
0.3013420502716512
0.3013778269708636
0.3014208721469699
0.3014786713953766
0.3015510471873913
0.3016268888483057
0.3016973464019966
0.3017692372047046
0.3018470708785691
0.3019359782672951
0.3020438749911276
0.3021779286141607
0.3023539896027269
0.3025877691352493
0.3029251902312077
0.3033832121771557
0.3039056641792065
0.3045034640367079
0.3051947018439719
0.3060070849402844
0.3067518294790323
0.3073985956497275
0.3081715964565121
0.3090123789734541
0.3099
0.3099050237509445
0.3099150712528336
0.3099351662566117
0.3099516206171826
0.3099686030785125
0.3099843015392563
0.31
0.3100050237509445
0.3100131708006384
0.3100248426040255
0.3100436477500995
0.3100605543374749
0.3100786986163139
0.3100996207557387
0.3101240320952314
0.310153356464429
0.3101879050586028
0.3102233546539954
0.3102571355001842
0.3102921221000776
0.3103357360586694
0.3103722472680906
0.3104089296381476
0.3104436347634512
0.3104791401316761
0.3105183565031416
0.3105578457210089
0.3105904537517541
0.3106163931158744
0.3106408760980111
0.3106726760723643
0.3107054479952029
0.3107314139340672
0.3107580943115584
0.3107878293129763
0.3108246483849123
0.3108759818860466
0.3109224538790135
0.3109604251921125
0.3109941777949786
0.3110267554738829
0.3110642339568438
0.311090363804203
0.3111204807891293
0.3111464933594117
0.3111699123090048
0.3111932408750169
0.3112178659127622
0.3112474181007926
0.3112783638220135
0.3113124504452272
0.3113425680501309
0.3113726730123446
0.3114052462170908
0.31144356866726
0.3114895631147543
0.3115497619979539
0.3116331444924793
0.3117585391015213
0.3119080736144097
0.312057450930381
0.3122082588034468
0.312374469744679
0.3125818539525752
0.3128936567079247
0.3133977106647125
0.3139743243402383
0.3146277872995732
0.3152979690134286
0.3160557784495904
0.316858688672538
0.3174993300470222
0.3181750054389469
0.3192307705664287
0.3199
0.319904719667433
0.3199141590022991
0.3199330376720312
0.3199527725114282
0.3199769129377583
0.32
0.320004719667433
0.3200141590022991
0.3200290330531934
0.3200497236039396
0.3200724286776175
0.3200979685300669
0.3201297909455884
0.3201615586702566
0.3201980984275741
0.3202435580991894
0.3202960985226552
0.3203575040672477
0.3204294452485361
0.3204952602814374
0.3205552104951459
0.3206130095163013
0.3206696059543985
0.3207243254590579
0.3207697966992169
0.3208049143814335
0.320837021329537
0.3208711670705518
0.3209092464564804
0.3209472373472896
0.3209843733458401
0.3210161564372882
0.321044517817803
0.32107189143186
0.3211010822706379
0.3211401362880481
0.3211843525914246
0.3212169286422603
0.3212482962316344
0.3212817837694757
0.321320267369825
0.3213636341708327
0.3214081804317546
0.3214680186815672
0.3215143102300782
0.3215480299516368
0.3215786374090079
0.3216088766265036
0.321642888212731
0.3216844739764582
0.3217354525210552
0.3217761972990816
0.3218159947955478
0.3218586859846136
0.3219062814163867
0.3219605782065582
0.3220203524572362
0.3220892163732482
0.3221681475564644
0.322265382493772
0.3223686949043125
0.3224802153625526
0.3226083551389032
0.3227550433375232
0.3229358485973872
0.3231704024804861
0.3234249922784663
0.3236248977769977
0.3238274684611486
0.3240008741146025
0.32418967827043
0.3245052930528359
0.3247618386517056
0.3250258276371763
0.325314413580591
0.3256846720561398
0.326233130415922
0.3272438011805534
0.3286327041132976
0.3299
0.3299045725760104
0.3299137177280311
0.3299320080320727
0.3299455789748111
0.3299636833949724
0.329981911925931
0.33
0.3300045725760104
0.3300121261260368
0.3300196510813411
0.3300347009919498
0.3300496046137741
0.330061257023413
0.3300712493280721
0.3300804305086763
0.3300898741338256
0.3301024009438216
0.3301150343520169
0.3301246910384531
0.3301339194567304
0.3301433868161486
0.3301528707984792
0.3301610448393482
0.3301676119888134
0.3301737756074715
0.3301816415344851
0.3301901820228551
0.3301968093101197
0.3302035644568377
0.3302110765697184
0.3302203044244147
0.3302309924387819
0.3302427273005061
0.3302560179389865
0.3302695521449205
0.3302804676521755
0.3302897936491039
0.3302985369853281
0.3303076778956012
0.3303204137170367
0.3303315323063131
0.3303396377345714
0.3303468536021353
0.3303535507399456
0.3303600394528469
0.3303667715484904
0.3303744335496667
0.3303862428206493
0.330396119631344
0.3304040795385361
0.330412075551714
0.3304206163163168
0.3304305549197655
0.3304430395657477
0.3304597574636546
0.3304821474879609
0.330509701361696
0.3305403598280621
0.3305689204715381
0.3305947239380476
0.3306181062084923
0.3306400141995672
0.3306622225017408
0.3306882847489602
0.3307193208617467
0.3307461701192491
0.3307700974492152
0.3307942552897611
0.3308157481991344
0.3308365647634774
0.3308584726739093
0.330883345683037
0.3309153127820662
0.3309571425914036
0.3309978719092428
0.3310284723338108
0.3310526086564198
0.3310746900644886
0.3310976673648923
0.3311277363754856
0.3311683653316269
0.3311975534744412
0.3312261062320126
0.3312575081653109
0.3312944414473566
0.3313442317594244
0.3314076275863672
0.3314820712722421
0.3315475207488163
0.331612075618223
0.3316810267979245
0.3317569406177416
0.3318474225884629
0.3319568246060427
0.3320993983500772
0.3322970438899628
0.3325973253714165
0.3330146716020515
0.3334888326990936
0.33402902688053
0.334651066780057
0.3353746463968092
0.3362336400594189
0.337249000068878
0.3384573668329979
0.3398605567889444
0.3399
0.3399096109716088
0.3399288329148265
0.3399423120419582
0.3399566385537736
0.3399702666450754
0.3399840525226025
0.34
0.3400063483182673
0.3400184708234067
0.3400287198086636
0.3400438064445535
0.3400567546282278
0.3400694079917497
0.3400837465620377
0.3401005803988276
0.3401203936357524
0.3401420406488072
0.3401616251754576
0.3401859866911969
0.3402076161537476
0.3402361956532353
0.3402649237909359
0.3402972067479668
0.3403315081274264
0.3403768046226816
0.3404185346819903
0.3404670317199236
0.3405271960920528
0.3406000820216545
0.34068705402056
0.3407921177455824
0.3409255993279443
0.3411105065178672
0.3414080759314449
0.3420032147586003
0.3429967787064045
0.3447457735621701
0.3472522582835321
0.3499
0.3499053126984925
0.3499159380954774
0.3499299426359204
0.3499435316022924
0.3499581236802815
0.3499744161254429
0.3499872080627214
0.35
0.3500053126984925
0.3500133526056824
0.3500228829192996
0.3500338600040455
0.3500451549042323
0.3500559125841833
0.3500670184551746
0.350079124890172
0.3500933629715987
0.350112614421981
0.3501372161857946
0.350159440728784
0.350180078712118
0.3502011443232685
0.3502221579312997
0.350247055825518
0.3502708278835543
0.3502919863385963
0.3503134701567059
0.3503366603568757
0.3503607526703909
0.350381736879657
0.3503979725813904
0.3504122939153675
0.3504286576805541
0.3504438309034836
0.3504593036394837
0.3504744851724649
0.3504907986482964
0.3505104052030864
0.3505342664093214
0.3505670766671981
0.3505974943703783
0.3506217299670246
0.3506426513641641
0.3506622097756977
0.3506830388736191
0.3507023993315425
0.3507244472194847
0.3507416466350846
0.3507566372933631
0.3507709685372997
0.3507852527611088
0.3508008272295743
0.3508207824956469
0.3508389325954495
0.3508577978885326
0.3508755253128697
0.3508936370538444
0.3509135726487563
0.3509372840116501
0.3509659593032379
0.3510035367077792
0.3510557500087323
0.3511344912842856
0.3512694739032504
0.3514657741766423
0.3516545993374118
0.3518345214519186
0.3520152711444137
0.3522137329330936
0.3523920941518579
0.352643868215244
0.3528511958209612
0.3530498011699997
0.3532645542896262
0.3534710702167485
0.3536979205611471
0.3539262591874356
0.3541848867606381
0.3545606847220774
0.3549406534718337
0.3552713437717243
0.3556212210577541
0.3560213175847664
0.3564392533103941
0.3569257156722158
0.3573822834278438
0.3578673127310506
0.3585040656798765
0.3593460839994881
0.3599
0.3599104768916166
0.3599314306748498
0.3599627647645428
0.3599813823822714
0.36
0.3600104768916166
0.36002290389338
0.3600357720767183
0.3600487949725933
0.3600643096211446
0.3600823034010613
0.3601010554890448
0.3601173816563981
0.3601327172688715
0.3601490425010646
0.3601659394001008
0.3601879128693934
0.3602152584841198
0.3602465439878951
0.3602843403099016
0.3603162421703543
0.3603458804608438
0.3603745296922987
0.3604033462632589
0.3604315615751011
0.3604558849148632
0.3604766864409343
0.3604977232931666
0.3605300409946148
0.3605553381592351
0.3605770319405373
0.3606002611755234
0.3606266835793955
0.360660773581692
0.3607091561807278
0.3607564087747667
0.360793696801372
0.3608253728833281
0.3608548084120211
0.3608862387818173
0.3609096277695106
0.360940347129213
0.3609652846764553
0.3609870156263308
0.361008267465159
0.3610300162977572
0.3610549324372421
0.3610934592795383
0.3611269137783391
0.3611540745592845
0.3611815342377147
0.3612110023500996
0.3612462949655587
0.3612899443229718
0.3613488821577009
0.3614336602331479
0.3615675361138295
0.3618155756620122
0.3622345868582273
0.3626944358985243
0.3632047402436241
0.3637852190891203
0.3644512960152001
0.3652310342557552
0.3661547655649556
0.3672581573454399
0.3685870220789659
0.3699
0.3699134371243846
0.3699403113731537
0.3699701556865769
0.3699850778432884
0.37
0.3700082726433667
0.3700206303204026
0.3700369083542502
0.3700610551287016
0.3700807218870487
0.3700970626929209
0.3701137198356031
0.370132049051966
0.3701561553404158
0.3701870563317384
0.3702179463353788
0.3702464253866362
0.3702818704156228
0.3703147314718955
0.3703549237002574
0.3704144672331685
0.3704652102593156
0.3705313352239767
0.370611274188012
0.3707060570094602
0.3708068745706751
0.3709486822309782
0.3711294439019441
0.3713559617722821
0.3716287057000668
0.3719152268021589
0.3721392196954145
0.3723587531717546
0.3725724074167526
0.3728081795368273
0.373108844132763
0.3734557571474784
0.3739857672914814
0.3750074547954614
0.3762494508387375
0.3777111656626151
0.3795957479218001
0.3799
0.3799072470717216
0.3799217412151648
0.3799505178109094
0.3799771399406242
0.38
0.3800072470717216
0.380017838277358
0.3800320629141591
0.3800497394817798
0.3800804869792955
0.3801026730507872
0.3801225101747377
0.3801425826777716
0.3801683968523001
0.3801979470982942
0.3802484666322603
0.3802978394535685
0.3803403034989801
0.3803797400479283
0.3804197499966773
0.3804704213601534
0.3805298320398099
0.3805720641362975
0.3806123750284661
0.3806553533039285
0.3807038277952651
0.3807543307984629
0.3807952345937085
0.3808270347483043
0.3808566368212726
0.3808941714263378
0.3809341053453411
0.3809652323263178
0.3809970056226432
0.3810323264562748
0.3810765618520718
0.3811345944093463
0.3811885503420832
0.3812339806629048
0.381275820494637
0.3813191319857246
0.381356699637752
0.3814001842824893
0.3814340288927975
0.3814637610749061
0.3814932543009827
0.3815249299871818
0.3815661496029117
0.3816054596665584
0.3816447646801209
0.3816826594591989
0.3817225513664648
0.3817677880830682
0.3818236835381272
0.3818946974500919
0.3819943836101252
0.382147160684118
0.3824319247635588
0.3826482057972803
0.3828380543887353
0.3830349643162684
0.3832496555732078
0.3834806229865248
0.3836898116051476
0.3839039066537639
0.3841174501996048
0.3843473177241454
0.3846566032661727
0.3849560984107391
0.3852194724180094
0.3854796359576236
0.3857490425647447
0.3859959095707352
0.3862584735977908
0.3866105317752276
0.3870115123270246
0.3873702898702568
0.3877394506194246
0.3881578382298656
0.3886719467762088
0.3892137872893925
0.3898683599766062
0.3899
0.3899054072705709
0.3899162218117127
0.3899280733919535
0.3899421741232236
0.389964454322886
0.3899938113383151
0.39
0.3900054072705709
0.3900104330743318
0.3900178702572035
0.3900327446229468
0.3900496100366375
0.3900642281814685
0.3900773493996511
0.3900899441293342
0.3901035846972526
0.3901180672248296
0.3901329528819887
0.390145571644318
0.3901576946512803
0.3901697564041784
0.390180708173674
0.3901897258626825
0.3901978339534865
0.3902070043820642
0.3902154438069227
0.3902245145039024
0.3902332820205567
0.3902425996416547
0.3902536883524571
0.3902670438595378
0.3902851357092443
0.390311872277755
0.3903322793672644
0.3903474949309774
0.3903604589475019
0.390372386131556
0.3903852133702333
0.3903968551046578
0.3904104750317869
0.3904213724617124
0.3904309356986619
0.390440022965753
0.3904488978731718
0.3904582056158442
0.3904691546624298
0.3904805219253231
0.3904931805907506
0.3905041379692911
0.3905149641963497
0.3905266539883887
0.3905399983161131
0.3905563989660223
0.3905779092326355
0.3906028588235582
0.3906273263103736
0.390652219476318
0.3906775933660599
0.3907011620843431
0.3907231936967935
0.3907454336766052
0.3907709713970151
0.3907990286878794
0.3908274447499676
0.3908522923747703
0.3908773111179769
0.3909046616103517
0.3909364887141481
0.3909693795346449
0.3910029399707501
0.391043699385231
0.3910849000099977
0.3911144747776036
0.3911394745416092
0.3911630479016163
0.3911868411427024
0.39121388753328
0.3912489821355744
0.3912880214614611
0.391319184664658
0.3913494913832746
0.3913818208577076
0.3914185553231901
0.3914619296555821
0.3915100488017168
0.3915635124461048
0.3916263951101868
0.3916989942235828
0.3917820542980219
0.3918701798628355
0.3919663110163045
0.3920458264844149
0.392111900059068
0.3921861529846612
0.3923128174997799
0.3924120831987202
0.3925151618477232
0.3926283563607328
0.3927728947280422
0.3929847995387154
0.39328780336269
0.3936391220292894
0.3940453966655386
0.3945458864318076
0.3951849945667408
0.3961067666815197
0.3971905256655386
0.3984637095205197
0.3999
0.3999065661159842
0.3999196983479526
0.3999328660033312
0.399948295692539
0.3999619707868408
0.3999741161076939
0.3999855378612922
0.3999927689306461
0.4
0.4000034415133633
0.400009039989856
0.4000157620339812
0.4000234927827179
0.4000341153983576
0.4000484411354244
0.4000620994045783
0.4000726827910565
0.4000810200560309
0.4000870885901118
0.4000944655185808
0.4000996731927358
0.4001047603953763
0.4001089605738024
0.4001143655597091
0.4001182308743857
0.4001227848741625
0.4001270313535225
0.4001311519569036
0.4001353965626765
0.4001398230600689
0.4001445116970901
0.4001496673360316
0.4001559108932726
0.4001617455310757
0.4001680118570177
0.4001734357210511
0.4001786894034271
0.4001844791905999
0.400191383345949
0.4002000415098252
0.4002110715152576
0.4002219793430749
0.4002325468119535
0.4002433081595101
0.4002552028840338
0.4002718878510734
0.4002841621654719
0.4002931078145774
0.4003010666504559
0.4003085818794861
0.4003164635480169
0.4003260864330232
0.4003374655020916
0.4003483663226462
0.4003581697288032
0.400368232235179
0.4003793302416414
0.4003924116269132
0.4004082278130032
0.4004233815835295
0.4004389055038214
0.4004557990742719
0.4004749875495701
0.4004955147956181
0.4005179715299061
0.4005441474364715
0.4005723887914265
0.4006027990420743
0.4006367509711304
0.4006464381302934
0.4006584383658203
0.4006671649809651
0.4006756160545744
0.4006855445424232
0.4006952684636676
0.4007042445125677
0.4007151353001616
0.4007297812130083
0.4007486684992658
0.4007729240153574
0.4008033336425937
0.4008359677656052
0.4008611388290588
0.4008887484622772
0.4009307555378762
0.400960276759227
0.4010092741675703
0.4010596586023255
0.4011019555614649
0.4011462336287557
0.4011943744365966
0.4012503852415153
0.4013218137677299
0.4014180362915336
0.4015598962238678
0.4017829000428733
0.402163886499057
0.4025909294107159
0.4030104399810285
0.4034292649413647
0.4038574215687754
0.4042817085052121
0.4046493280046724
0.404991996680116
0.4054105834645601
0.4058774652513483
0.4063481302225136
0.406821237691039
0.4073152117131802
0.4078471874279141
0.4084551269214222
0.4091462232824829
0.4097715000754535
0.4099
0.4099014748834911
0.4099044246504733
0.4099103241844378
0.4099150333700465
0.4099236528072586
0.4099348328717097
0.4099423784372277
0.4099503046209444
0.409956236691725
0.4099606564905462
0.4099644888366631
0.4099681200866878
0.4099707682810926
0.4099734992687563
0.4099757045984979
0.4099778049250717
0.4099804396912367
0.4099842144662797
0.4099868766812955
0.4099893453627929
0.4099914947501643
0.4099933501112524
0.4099950816263344
0.4099967861319029
0.4099985805695516
0.41
0.4100006255254464
0.4100017892105448
0.4100029218990854
0.4100049450286118
0.4100072476428298
0.4100091448288004
0.4100109362981001
0.410012639892018
0.410014256599968
0.4100158542906469
0.4100175345155254
0.4100195549385121
0.4100214066067159
0.4100234896338616
0.4100253843266837
0.4100272894188777
0.4100293796303102
0.4100318052110856
0.4100348058159691
0.4100387310274552
0.4100441992267533
0.4100503534348784
0.4100574928411524
0.4100658625583732
0.4100754314257244
0.4100806280488525
0.4100861011641162
0.4100904582238026
0.4100943539864677
0.410099693534798
0.4101047114172231
0.4101087743300375
0.4101130158194672
0.4101177762322067
0.4101237545563539
0.4101322248896445
0.4101424410733214
0.4101504922889281
0.410157068635722
0.410163024615374
0.4101689630236863
0.4101763378095915
0.4101820095189261
0.4101878658920217
0.4101931094944601
0.4101978830704112
0.4102024243279432
0.4102068439984868
0.4102114214729206
0.4102168131422215
0.4102219552589614
0.4102277290067341
0.4102328849495629
0.4102380456948037
0.4102436950345924
0.4102502316374679
0.4102584506303521
0.410269077474401
0.4102813618415737
0.4102928825849366
0.4103039011101575
0.4103149762196768
0.4103269987325923
0.4103428693765261
0.4103622513288298
0.4103764535127594
0.4103899213012372
0.4104044558120801
0.4104211434842373
0.4104421882802162
0.4104723420006531
0.4105175086074325
0.4105680512038466
0.4106160568695925
0.4106645379344422
0.4107158967659008
0.4107735956449479
0.4108456733988277
0.4108891126269474
0.4109156439589358
0.4109391262406947
0.4109592484668657
0.4109801346913192
0.410999351914595
0.4110274413320287
0.4110482402300722
0.4110674673540476
0.4110895259879918
0.4111169195439131
0.4111383420908681
0.4111613893338631
0.4111811102474355
0.4112010453061929
0.4112213535970825
0.4112431082721421
0.4112716573376597
0.4113225930924693
0.4113885708934664
0.4114624783578723
0.4115463137089603
0.4116419415561658
0.4117419999619019
0.4118199714120202
0.4119006363152426
0.4119701875727561
0.4120451177481537
0.4121173889060923
0.4121960554824047
0.41231278421304
0.4124912981390143
0.4127419709724832
0.4130289069273185
0.4133578466987652
0.413737304059264
0.4141766037304428
0.4146894666618111
0.4151720593947953
0.4156359318969012
0.4160796321887547
0.4165076977133512
0.4169932218847915
0.417841051052718
0.4189594788544114
0.4199
0.4199069022787287
0.4199207068361862
0.4199483159511012
0.4199699252377646
0.4199849626188823
0.4199924813094411
0.42
0.4200069022787287
0.4200148940066635
0.4200254712937762
0.4200466258680015
0.4200690252099336
0.4200917365430593
0.4201174835067389
0.4201443351229006
0.4201687715034306
0.4201927567594099
0.4202196947174566
0.420246035595809
0.4202749463675225
0.4203000293719966
0.4203247965641584
0.4203515569061641
0.4203821192120805
0.4204139720268718
0.4204397004858593
0.420459670347079
0.4204784755793695
0.4205038497853308
0.4205274742544962
0.420546937219945
0.4205673910976273
0.420590507454279
0.4206198468672455
0.4206617841846761
0.420697903622537
0.4207271436438075
0.4207532388518094
0.4207785277512285
0.4208081708962265
0.4208292221794983
0.4208525159583377
0.4208728103747144
0.4208911633602195
0.4209093749700777
0.4209285055454109
0.4209512743328405
0.4209752257100275
0.4210016189881285
0.4210248080623846
0.421047973257059
0.4210731861817294
0.4211022545525334
0.4211383571429792
0.4211865398398232
0.4212505473368422
0.4213490055845672
0.4215222840871779
0.4217980961816632
0.4221083196869891
0.4224581918784963
0.4228591903464022
0.4233215165736683
0.4238618106467963
0.4244974892490075
0.4252481536208127
0.4261378890535544
0.4271975496138773
0.4284684539483524
0.4299
0.4299089105363287
0.429926731608986
0.4299623737543007
0.4299811868771504
0.43
0.4300089105363287
0.4300188846920195
0.4300343648110005
0.4300526257684747
0.4300752907321924
0.4300951976150561
0.4301138942278916
0.430130509344668
0.4301471134720509
0.4301666905009449
0.4302013296552283
0.4302267552114155
0.4302498326884674
0.4302750006780763
0.4303042537264778
0.4303430151493891
0.4303960109027836
0.4304839897707766
0.4305852441804731
0.4306934473614753
0.4308069160912551
0.4309494836628545
0.431023489126114
0.4311031428436213
0.4311708436891304
0.4312289221912952
0.4312871368335864
0.431352754270949
0.4314294439136092
0.431507951527244
0.4315755701821013
0.4316439340982736
0.4317190268545852
0.4318074786487247
0.431883966887946
0.4319612955854374
0.4320296885095089
0.4320957828312532
0.4321684566864414
0.432266780120563
0.4323733257914164
0.4324660545423192
0.4325581335860649
0.4326582018623321
0.4327784226725225
0.4329297060911354
0.4331382545823778
0.4334460904443483
0.4339167036102241
0.4344733229664963
0.4351150710318536
0.4358985477429017
0.4368194765615886
0.4379042390484741
0.4392328734538142
0.4399
0.4399048494638547
0.4399145483915641
0.439933946246983
0.4399497185685282
0.4399675853295599
0.4399837926647799
0.44
0.4400048494638547
0.4400132364105893
0.4400268026538136
0.4400406185601039
0.4400568284694699
0.4400751553633407
0.4400990671751114
0.4401266292363625
0.4401633921271591
0.4402253269639744
0.4402824538008852
0.4403332172212797
0.4403830603705732
0.4404373480317155
0.4404966850603892
0.44055855543469
0.4406104942916533
0.440661683702778
0.4407167261465573
0.4407797557632037
0.4408542240340959
0.440918551050907
0.4409688368038572
0.4410152009888609
0.4410733882037387
0.4411348655931104
0.4411829343225166
0.4412325058155683
0.4412881808261744
0.4413583854852364
0.4414365631280124
0.4415034049933803
0.4415634994875436
0.4416238459792726
0.4417021734077953
0.4417686375450191
0.4418155176754789
0.4418576654713129
0.4418995532784808
0.4419466942055697
0.4420180865069948
0.442085891509192
0.4421409986098966
0.4421967872125169
0.4422571413954635
0.4423296697250604
0.4424200129927114
0.4425436863058538
0.4427258619293319
0.4430225455048361
0.4435701431883614
0.4441888180126011
0.4448839048978728
0.4456846053700018
0.4466140737569053
0.4477168958957769
0.4490454908950898
0.4499
0.4499067196539411
0.4499201589618233
0.4499470375775877
0.4499659223598826
0.4499861524235648
0.45
0.4500067196539411
0.4500146718236395
0.450028378043919
0.4500463731908365
0.450065457507154
0.4500885509405959
0.4501156573775344
0.450153820063932
0.4502063023245239
0.4502621983649361
0.4503290566072976
0.4504084534331342
0.4505005447227575
0.450608302350327
0.4507347076930827
0.4508836321360715
0.4510603162834951
0.4512721839574002
0.4515122468106783
0.4517852851309979
0.4520966958247394
0.4524518403170794
0.4528572805537063
0.4533216484320063
0.4538527629029883
0.4544722080813489
0.4551946104542144
0.456084261889225
0.4571367186685913
0.4582944522039685
0.4595740236358979
0.4599
0.4599083386988905
0.4599250160966716
0.4599533732397887
0.4599745776697459
0.4599872888348729
0.46
0.4600083386988906
0.4600181405674756
0.4600319264670329
0.4600489045737967
0.4600673111775079
0.4600882011803341
0.4601121614780888
0.4601355622167461
0.4601621660519551
0.4601960044459852
0.4602478145215869
0.4603451443659131
0.4604696945901446
0.4606049673520893
0.4607512233226821
0.4609067384969491
0.4610720215937097
0.4612532911379526
0.4614715528319736
0.4617939828432488
0.4620524570061707
0.4622765141777338
0.4625099654340852
0.4627696226896369
0.4630205834023307
0.4632960089930075
0.4636794033096343
0.4641450994641598
0.4645201228688882
0.4649099791547142
0.4653577362035826
0.4658600984176062
0.4663491074937192
0.4668597760111038
0.4673529161325191
0.4679262363078057
0.4686509786822672
0.4699
0.4699067727729382
0.4699203183188146
0.4699389948216439
0.4699571636909891
0.4699751762835671
0.4699875881417835
0.47
0.4700067727729382
0.4700146972857245
0.470028969056009
0.4700471840360056
0.4700654827131393
0.4700869326932108
0.4701094893196963
0.4701371813848706
0.4701742193143855
0.470206045278607
0.4702393827076144
0.4702658906597327
0.4702899298305104
0.4703157567142811
0.4703503220544778
0.4703897457382809
0.470423157070114
0.4704569606310844
0.4704848523134356
0.4705110778289293
0.4705401326590655
0.4705818581151209
0.4706266820274085
0.4706634101204031
0.4707013367081558
0.4707437308737634
0.4707958247500847
0.4708661700516496
0.4709479513365727
0.4710415254919467
0.4711550798871756
0.4712913581984683
0.471437118945411
0.4715970665477707
0.4717828190438933
0.4720002592289596
0.47227441293492
0.4726408258000385
0.4731715394885868
0.47404727738075
0.4757987531650763
0.4788528254697186
0.4799
0.4799101591483842
0.4799304774451526
0.479951948832178
0.4799721865133606
0.48
0.4800101591483842
0.480023873370111
0.4800359115079325
0.4800599877835754
0.480088512692612
0.4801183753227656
0.4801433826614638
0.4801648635519856
0.4801852203921524
0.480207145764701
0.4802423339863732
0.4802678762546339
0.4802888227227447
0.4803102550669883
0.4803332595508828
0.4803591298587416
0.4803830514453188
0.4804013120105741
0.4804167804275145
0.4804336291434006
0.4804488092616178
0.4804654261339939
0.4804814872817661
0.4804986177539487
0.4805191953546202
0.4805440940241921
0.4805784264704978
0.4806098840092891
0.4806351193589833
0.480657181144703
0.4806781608711913
0.4807014175408386
0.4807177081129452
0.4807391757849341
0.4807572043799903
0.480773005416828
0.4807883596451702
0.4808038148714063
0.4808208957296858
0.480843976245845
0.4808714705632537
0.4808914002508784
0.4809104587790082
0.4809307381171885
0.4809537600930769
0.4809828237102953
0.4810204936289208
0.4810737074555869
0.4811549907168524
0.4812962982590874
0.4815306748609725
0.4817940376474357
0.482090336140803
0.4824298343183434
0.4828205871258204
0.4832764530775362
0.4838116441076648
0.4844416582204074
0.4851851275613122
0.4860652616809804
0.4871124264417961
0.4883665031438225
0.4898996949254266
0.4899
0.4899006101491468
0.4899018304474403
0.4899042710440273
0.4899091522372014
0.4899189146235496
0.4899307265152479
0.4899426264310791
0.4899547600888122
0.489967248812611
0.4899806235740788
0.4899961048826884
0.49
0.490004507547335
0.4900078691622298
0.4900135293824302
0.4900230669633119
0.4900336124334835
0.4900456343554028
0.4900601100204984
0.4900734411795354
0.4900871852610494
0.4901025301984466
0.4901219857781514
0.4901503794108047
0.4901929840762513
0.4902455637432593
0.4903160545294712
0.490423713761219
0.4906390322247146
0.4910696691517056
0.4918026677801794
0.4932686650371271
0.4962006595510223
0.4999
0.4999067468601183
0.4999202405803549
0.4999472280208282
0.4999665792848189
0.4999832896424095
0.5
0.5000067468601184
0.5000166495659648
0.5000312957972716
0.5000505173220184
0.5000715012084381
0.5000942854967063
0.5001211980583412
0.5001524115048895
0.5001890358249459
0.5002321855343479
0.5002829735287244
0.5003427828574672
0.5004132939637621
0.5004966369656735
0.5005938108421648
0.5007058198565383
0.5008345723207596
0.5009824306641047
0.5011503598408087
0.5013445381236381
0.5015673265061544
0.5018395047292223
0.5021791657595444
0.5026413814318427
0.503371228793535
0.5048309235169197
0.5072753108055379
0.5099
0.509908462799958
0.5099253883998741
0.5099592395997062
0.5099796197998532
0.51
0.510008462799958
0.5100190335505643
0.510033057659051
0.510051496140721
0.5100735088220733
0.51009478559153
0.5101155382728298
0.5101351392785509
0.5101518227055317
0.5101683387488277
0.5101875154459163
0.5102224883121477
0.5102477913561747
0.5102705058519079
0.5102952754195476
0.5103243989413365
0.5103615986657281
0.5104165429319499
0.510512306717972
0.5107038342900161
0.5110036757783607
0.5115411882118043
0.5126162130786914
0.5147662628124657
0.5190663622800143
0.5199
0.5199069012197947
0.5199207036593839
0.519938202096273
0.5199552435302651
0.5199734471541807
0.5199867235770903
0.52
0.5200069012197946
0.5200167399874327
0.5200317245355146
0.5200505788401423
0.5200699990531439
0.5200908972957514
0.520115226424758
0.5201491709024052
0.520194996381292
0.5202535874792141
0.5203184479879343
0.5203876442838337
0.5204699119275742
0.5205718838840301
0.5207158691503887
0.5209717419139087
0.5214834874409487
0.522176115350183
0.5235613711686516
0.5263318828055888
0.5299
0.529908007020521
0.5299240210615629
0.5299560491436467
0.5299791334525271
0.53
0.530008007020521
0.5300194288156079
0.5300400447007912
0.5300597402942275
0.5300823724882207
0.53010734518778
0.5301407688107697
0.5301864810792082
0.530239997448287
0.5303027137769197
0.5303771602481606
0.5304648930439593
0.5305722867042848
0.5306880649925302
0.5308178209826122
0.5309646945666762
0.5311429880931421
0.5313684719024135
0.53168540424821
0.532227299554565
0.5333110901672752
0.534884365619538
0.538025345158748
0.5398999999999999
0.5399076539152956
0.5399229617458869
0.5399535774070696
0.5399762816411664
0.54
0.5400076539152957
0.5400193221219711
0.5400359707003586
0.5400597155419553
0.5400814547209224
0.5401055277649986
0.5401339786183325
0.5401601143429577
0.5401868004068795
0.5402187250624719
0.5402670989964751
0.5403084481094507
0.5403470874676236
0.5403909679309001
0.5404420333752842
0.5405122752251511
0.5406253937299675
0.5408516307396004
0.5411895279298554
0.5417277222996929
0.5428041110393679
0.5449568885187178
0.5492624434774177
0.5498999999999999
0.549911385945961
0.5499341578378831
0.5499670789189416
0.5499835394594708
0.55
0.5500113859459611
0.5500254642350384
0.5500442051944973
0.5500715633278233
0.5501026970708012
0.5501366372088504
0.5501804597337133
0.5502274318522444
0.5502861540097911
0.5503742665123471
0.5504869804203568
0.5506364172758408
0.5508672319132648
0.5513288611881129
0.5521946424320072
0.5537253751727607
0.5567868406542675
0.5599
0.5599077751235068
0.5599233253705204
0.5599431139921266
0.5599621354719524
0.5599847871970038
0.56
0.5600077751235069
0.5600176149533965
0.5600359469309452
0.5600570927566574
0.560075660953079
0.5600974124068542
0.5601246132468063
0.5601536016550679
0.5601875675296182
0.5602293666947903
0.5602750460422725
0.5603316743013708
0.5604003022975861
0.5604891055256974
0.5606184531914875
0.5608591041141218
0.5613404059593903
0.5620490630033512
0.5634663770912731
0.5663010052671169
0.5699
0.5699061035607502
0.5699183106822507
0.5699427249252518
0.5699606965576106
0.5699755757178666
0.5699877878589333
0.5700000000000001
0.5700061035607503
0.570014406502179
0.5700258977066041
0.5700388334761393
0.5700534010198105
0.5700702492696639
0.5700870085790084
0.570104302443111
0.5701247531110405
0.5701505333960165
0.5701919906054361
0.5702420165365489
0.5702994421638946
0.570365829208736
0.5704425890118235
0.5705320347460315
0.5706367595828896
0.5707595865777224
0.5709003896410783
0.5710163374484275
0.5711037456142515
0.5711760112570357
0.5712408645706468
0.5713055896288785
0.5713826135897262
0.5714364856795145
0.571501877810986
0.571556578300347
0.571602587212667
0.5716447799201752
0.5716848871315359
0.57172665539337
0.5717781152311454
0.5718239753816764
0.5718732744048505
0.5719193608912607
0.5719664593115308
0.5720185145877591
0.572080974637027
0.5721570202371973
0.5722133828014232
0.5722719060878196
0.5723202926792054
0.5723640961029435
0.5724105943097553
0.5724703529198202
0.5725491151433408
0.5726097025799928
0.5726689267535374
0.57273432916643
0.5728112180025315
0.5729125036214804
0.5730408848890829
0.5731610701185612
0.5732831453202505
0.5734154299655462
0.5735693754850626
0.5737495111597521
0.5739784716828865
0.5742890089708227
0.5747523061051181
0.5754652013474819
0.5762888886836395
0.5772460114633052
0.578360261564163
0.5797325447358289
0.5799
0.5799063978687596
0.579919193606279
0.579942787710828
0.5799619380207608
0.5799829754880669
0.58
0.5800063978687596
0.580016275543719
0.5800344551600622
0.58005642888018
0.5800753510000377
0.5800965728167969
0.580122720524918
0.5801551195524004
0.580188394355969
0.5802270200212906
0.5802741633304852
0.5803391738969558
0.5804333062524598
0.5805270980169654
0.580620115438231
0.5807177476236213
0.5808318193747056
0.5809369918424847
0.5810470695541656
0.5811492139311807
0.5812534068103757
0.5813681176795205
0.5814786717774368
0.5815703372673118
0.5816488243221911
0.5817300264630543
0.5818160862967386
0.5819065528896394
0.5819880692470213
0.5820736927981834
0.5821711575908963
0.5822932292570553
0.5824011960466325
0.582500505288779
0.5826071131319795
0.5826748544084085
0.5827654886711612
0.5828416667535833
0.5829103389322172
0.5829824570958088
0.5830671015177691
0.5831679654685856
0.5832736654641095
0.5833675058861252
0.5834641769538083
0.5835716038380494
0.5837025565077069
0.5838686611544125
0.5841023546846821
0.5844616650590698
0.5850964742804403
0.5859853919577772
0.5869959912898609
0.588153288765607
0.5895052508179596
0.5899
0.5899060112845231
0.5899180338535694
0.5899420789916621
0.5899607172162
0.5899773442533538
0.5899886721266769
0.59
0.5900060112845231
0.5900141916419013
0.5900275424054939
0.5900426530431568
0.5900588743110254
0.5900778350665018
0.5900975248539672
0.5901181200356345
0.5901428585278382
0.5901755486185081
0.5902122452732312
0.5902557017299824
0.5903079419862904
0.5903735199770973
0.5904503267141407
0.5905401414618737
0.5906453130957492
0.5907685272410055
0.5909132365471371
0.5910832808927998
0.5912827096853632
0.59151674717674
0.5917915061883711
0.5921141621748367
0.5924931719653468
0.5929384903920717
0.593461895910851
0.5940774095036131
0.5948018682772445
0.5956558359157763
0.5966682110824904
0.5978641245403307
0.5992936279537223
0.5999
0.5999109438481367
0.5999328315444101
0.5999664157722051
0.5999832078861025
0.6
0.6000109438481367
0.6000236291114877
0.6000436225277019
0.600071250055767
0.6000971972831819
0.6001281552146355
0.6001638598666719
0.6002035255880508
0.6002529183747016
0.6003073380279106
0.6003774179581899
0.6004586429615562
0.6005156957460489
0.60055772982053
0.6005928415225334
0.6006245197633192
0.6006576201604747
0.6006850686288742
0.6007182039335667
0.6007428646844208
0.6007633327957917
0.6007828910757745
0.6008031496473024
0.6008287640080636
0.6008529751767342
0.6008776682615865
0.6009013566515117
0.6009262435854791
0.6009544107040304
0.6009891986171679
0.6010236291049298
0.6010605774431367
0.6011067640676439
0.6011444151349038
0.6011830055073999
0.6012207943139067
0.6012594486261461
0.6013021957971026
0.6013542133894648
0.601419909679341
0.6014865668143144
0.6015436121262484
0.6016008088445802
0.6016624406301045
0.6017350403549655
0.6018232641001705
0.6019399650526979
0.6021046857660178
0.6023612389782519
0.6028425540536847
0.6033972226571597
0.6040249773845244
0.6047523745891654
0.6056019192888374
0.6066220054324
0.6078549631273527
0.6094275363425802
0.6099
0.6099081115443162
0.6099243346329487
0.6099436328669923
0.60996295753062
0.6099822440434178
0.61
0.6100081115443162
0.6100193006459694
0.6100355336558866
0.610055564626409
0.6100757856327419
0.6100980208295375
0.6101215872549216
0.6101499287138455
0.6101877033395833
0.6102301977594692
0.6102679008761636
0.6103088684366521
0.6103585823324421
0.610422179220934
0.610513216712442
0.610619831491916
0.6107433015157184
0.6108868503739802
0.6110538375549954
0.6112492987594494
0.6114775725194833
0.6117426097490165
0.6120214957818741
0.6122541397124486
0.6124527425559805
0.612635098409417
0.6128249102903343
0.6129591462438531
0.6131013056970585
0.6132177671673918
0.6133254453351816
0.6134341130405142
0.6135466991697752
0.613679870308683
0.6138272432577587
0.6139671920491153
0.6141030194147274
0.6142492217982799
0.61436878589593
0.6144657982220915
0.6145604691167327
0.6146667763721229
0.6147962903827231
0.6149297623229703
0.6150572262214653
0.615189534660828
0.6153359235671182
0.6155030595826695
0.6156970849177198
0.6159250874646773
0.6161933192738647
0.6165005967522984
0.6168549859568938
0.617292608952462
0.6178643922958943
0.6186728613046213
0.6199
0.6199052605359623
0.6199157816078869
0.619936823751736
0.6199563016685093
0.6199714311116683
0.6199868034677037
0.62
0.6200052605359623
0.620013641494429
0.6200245051822606
0.6200370849703523
0.620051218332627
0.6200671584036151
0.6200857940532937
0.6201028127169143
0.6201213798062744
0.6201441942535048
0.6201698934215424
0.6201939024023572
0.6202180640540677
0.6202467944650972
0.6202713848072255
0.6202977029787234
0.6203222081739833
0.6203467647044572
0.6203726200381745
0.6203974282131912
0.6204172695545231
0.6204334959795192
0.6204499425423573
0.6204680253573867
0.6204866430538876
0.6205033769565924
0.620521043542743
0.6205412259557951
0.6205665749519015
0.6206018804659426
0.6206376330258873
0.6206659843546088
0.6206901777133123
0.6207130368042376
0.6207384010221985
0.6207552480517676
0.6207774542961838
0.6207964636829965
0.6208132974931424
0.6208298845241865
0.6208470343633474
0.6208671614213606
0.6208889568007346
0.6209127550916262
0.6209336054778054
0.6209546152264811
0.6209775916419548
0.6210051011117897
0.6210390198548484
0.6210850800829151
0.6211524666842626
0.6212626841896497
0.6214454538493147
0.6216589279405161
0.6218429294487461
0.622022618981719
0.6221944373759531
0.6223170224625135
0.6224597160659268
0.6226361279196505
0.6228074784731797
0.6230019161089294
0.6232719342756537
0.6237874857242676
0.6244901320959132
0.6252892757155163
0.6262075040938678
0.6272765453291121
0.6285585620434605
0.6299
0.6299054026312056
0.6299162078936169
0.6299378184184394
0.6299561742095131
0.6299746699378025
0.63
0.6300054026312056
0.6300150366324198
0.6300274856992313
0.6300510939788792
0.6300705576466004
0.6300912551074538
0.6301152051986761
0.6301429056519632
0.6301759341608093
0.6302153438889881
0.6302622958622459
0.6303186982047999
0.630382978992736
0.6304500205377036
0.6305125338632451
0.630574013243716
0.6306422990978103
0.6307089319747563
0.6307816336493067
0.6308385288589728
0.630886287878194
0.6309286722777744
0.6309674591333989
0.6310061988779452
0.6310504654453721
0.6310955747895356
0.6311458752179075
0.6311897670734423
0.631233620866027
0.6312815902729151
0.6313373368052867
0.6314082315537252
0.6314957909110175
0.6315690214551138
0.6316616725429112
0.6317412540709908
0.6318158611219643
0.631894874656602
0.6319863704600274
0.6321216977035282
0.6322674323595414
0.6323835016359645
0.6324997045443412
0.6326253995890838
0.6327747073544966
0.6329607880001749
0.6332163724498739
0.6335993460709093
0.6342087436863392
0.6349120815965817
0.6357209507934641
0.6366731870659945
0.637790892256757
0.639152728516001
0.6399
0.6399127063525986
0.6399381190577956
0.6399690595288978
0.64
0.6400127063525985
0.640029470186797
0.6400539030269308
0.6400841004224499
0.6401154817807805
0.6401519966881792
0.6401916698338942
0.6402334530440194
0.6402840204099787
0.6403393162190869
0.6404009745415703
0.640465168125711
0.6405349411356512
0.640621135360742
0.6407133110741638
0.6408150011001151
0.6409399152077442
0.6411082544050841
0.641372444409568
0.6419008244185357
0.6428006029317063
0.6438854026496337
0.6449791499187669
0.645827336483069
0.6467766028836791
0.6478079231617461
0.6490559771477011
0.6499
0.6499039668973486
0.6499119006920459
0.6499277682814403
0.6499392484618235
0.6499521008347279
0.6499644266689396
0.6499761538352413
0.6499883827337166
0.65
0.6500039668973486
0.6500091732918903
0.6500144154897901
0.650019475466279
0.6500249083251857
0.6500312303546113
0.6500375817262586
0.6500438865512472
0.6500494448804045
0.6500549617113611
0.6500608484875912
0.6500672178508596
0.6500732698606096
0.6500778439662213
0.6500815122603113
0.6500852828853044
0.6500890358105885
0.6500931056347478
0.6500968718742248
0.6501008584447692
0.6501054331015357
0.6501111416872163
0.6501189991280806
0.6501299872436442
0.6501387050560444
0.6501453100409778
0.6501509884597322
0.650156333309357
0.6501623075343064
0.6501671287001921
0.6501730903492964
0.6501781785962615
0.6501827372518679
0.6501870604372795
0.6501911728084834
0.6501952848202035
0.650199784277717
0.6502060452347977
0.650212326039643
0.6502171478346729
0.6502218900140346
0.6502269737779606
0.650232873964755
0.6502403783421019
0.6502506565151523
0.6502648481841166
0.6502877102612857
0.6503301911552002
0.6503983491769546
0.6504914485969067
0.6505861550951862
0.6506782450798815
0.6507676056698488
0.6508593585299934
0.6509764991716402
0.6511118051814763
0.6512083829204501
0.6512998537837458
0.6513977591575013
0.6514933804127516
0.6516067470283493
0.6517425908881374
0.6518471037845581
0.6519325861098115
0.652020882623659
0.6521158720855407
0.6522110732194151
0.6522976335624091
0.6523895318301783
0.6524950695771473
0.6526117276426605
0.6527178458749231
0.6528234156956146
0.6529645671508028
0.6530727039652927
0.6531507587892454
0.6532237511757847
0.6533005033397814
0.6534021058306495
0.6535416369221841
0.6536422385197137
0.653740907108424
0.6538489398134784
0.6539794456250173
0.6541458430211158
0.6543848386655524
0.6547664182926862
0.6554786541915587
0.6563578487939258
0.6573573300734612
0.6585109237717023
0.6598613796093236
0.6599
0.6599032267058027
0.659909680117408
0.6599208682407737
0.659932314163063
0.6599432577426425
0.6599556608479703
0.6599708683806901
0.6599847044553032
0.6599998327203982
0.66
0.6600003345592037
0.660001003677611
0.6600023419144257
0.6600050183880551
0.6600103713353139
0.6600178973362599
0.6600268611202059
0.6600382534287339
0.6600513543718999
0.6600658670753952
0.660084551516752
0.6601129130408947
0.6601462587233945
0.6601855655096022
0.6602315645034632
0.6602876961788429
0.6603483474377467
0.6604158292769642
0.6604915293070753
0.6605847552996099
0.6606832496875793
0.6607796113535306
0.66086094601539
0.6609291694800561
0.6609953542479449
0.6610706972257538
0.6611452363714883
0.6612055542884191
0.6612576050281065
0.6613063987291345
0.6613568622853995
0.6614203346136283
0.6614785542768924
0.6615372638011736
0.6615934395095163
0.6616522215895072
0.6617189078319416
0.6617990106654484
0.6618924023286313
0.6619641467363344
0.6620214684624492
0.6620755882807416
0.6621323824931498
0.6622004027896365
0.6622856713741587
0.6623625376679959
0.6624351478657862
0.6625127859626407
0.6625990406743056
0.6626989931524522
0.6628102785138777
0.6629417750810722
0.6630991320641972
0.6632760662399731
0.6634730193624488
0.6637043481959537
0.6639795209670347
0.6643322102417465
0.6648152512422859
0.6655461440550364
0.6664871156140793
0.6676103968268248
0.6688443022902675
0.6698999999999999
0.6699061946266893
0.6699185838800681
0.6699433623868256
0.6699619818726923
0.6699826111977626
0.67
0.6700061946266894
0.6700148849295161
0.6700322655351695
0.6700506484162788
0.6700692972700183
0.6700874875523527
0.6701075068211216
0.6701340812638952
0.6701657919866744
0.6701925820797601
0.670221516874043
0.6702550954994188
0.6702997030757362
0.6703703193992554
0.6704823202488409
0.6706163772724454
0.6707799398527029
0.6709672267490142
0.6711802439805978
0.6714246929333669
0.6717068834282516
0.6718823367506057
0.6720639133329301
0.6722248425448224
0.6724516713908263
0.6726225148800862
0.6728033688513667
0.6731650767939278
0.6736494093035202
0.6741807845169931
0.674719903262088
0.6752894961566884
0.6759200898922916
0.6766719928735762
0.6775908907699039
0.6786161076291708
0.6797636903907125
0.6799
0.6799062601424036
0.679918780427211
0.679935332239351
0.6799521448888383
0.6799728561669475
0.6799864280834738
0.68
0.6800062601424037
0.6800141097743522
0.6800235552391185
0.6800337281523905
0.6800475836112059
0.6800587630030448
0.6800712822857986
0.6800815151168877
0.6800897661352127
0.6800972139246678
0.6801048847231705
0.6801155495962933
0.6801264962637343
0.6801353222931075
0.680144398091912
0.6801544823459162
0.6801668720299194
0.6801791304293991
0.6801914895289911
0.6802060838420413
0.6802165246005165
0.680228794630733
0.6802394256877382
0.6802489122311054
0.6802580774520783
0.6802672363793815
0.680277195586583
0.6802902857609732
0.6803068493509259
0.6803184550809869
0.680329474571132
0.6803412401416101
0.6803546535431044
0.6803716690923101
0.6803949102434472
0.6804270577628493
0.6804785724107422
0.6805769702702273
0.6807737659891977
0.6811610092798825
0.6817002945102533
0.6823720532461292
0.6833189165510554
0.6848664911850576
0.6863971647643573
0.6879408672089642
0.6897016961963637
0.6899
0.6899500000000001
0.6900000000000001
0.6900411845198542
0.6900772195615287
0.6901285746093729
0.6902061789272148
0.6902827463593606
0.6903750801477617
0.6904854840269936
0.6906106671097008
0.6907825473432577
0.6911074149573855
0.6916392602604199
0.6924153339103214
0.6939674812101244
0.6970717758097305
0.6999
0.699907408646735
0.6999222259402049
0.6999413108271075
0.6999595430450609
0.6999804991146377
0.7000000000000001
0.700007408646735
0.7000192056674773
0.700039691328771
0.7000599143603943
0.7000826456414356
0.7001070114556095
0.7001376370855362
0.700176217332841
0.7002227566030084
0.700272262960401
0.7003274767785489
0.700392655158242
0.7004820227503425
0.7006000744042136
0.7007536938872762
0.7009765358222229
0.7013728240169198
0.7021654004063137
0.7034998458849704
0.7061687368422838
0.7099
0.7099023488897357
0.7099070466692071
0.70991644222815
0.7099265702897367
0.7099367562691478
0.7099494866867104
0.7099621998764696
0.709975140636207
0.7099891491495243
0.7099945745747621
0.709997287287381
0.71
0.7100023488897357
0.7100042547400186
0.7100080664405845
0.7100156898417161
0.7100250928116443
0.7100352971713181
0.7100474730878227
0.7100597097780533
0.7100725367328641
0.7100859179113099
0.7101007593649926
0.7101188570822905
0.7101365918991766
0.7101564102025766
0.7101794981299724
0.7102095461204077
0.710253208983368
0.7103034929993344
0.7103599206725092
0.710423635149984
0.71049589558191
0.710577757634064
0.7106767135437759
0.7108029045056686
0.7109798254806607
0.711268465329124
0.7118457450260506
0.7128405402365725
0.7147135616081561
0.7184596043513234
0.7199
0.7199069103765338
0.7199207311296013
0.7199483726357364
0.719968949590926
0.719984474795463
0.72
0.7200069103765337
0.7200164439910814
0.720033519626389
0.7200541370993544
0.7200730753476472
0.7200944892233486
0.7201193943768439
0.7201485511937954
0.7201815358601992
0.7202200837791921
0.7202701945347212
0.7203442703566155
0.7204924220004042
0.7207399086431541
0.7211467424057794
0.72196040993103
0.7235877449815311
0.7268424150825334
0.7299
0.7299042320152507
0.729912696045752
0.7299296241067548
0.7299453375448333
0.7299585697821689
0.7299706245766617
0.7299820724599176
0.7299910362299589
0.73
0.7300042320152507
0.7300091329007222
0.7300157560855801
0.7300260640943564
0.7300338419285746
0.7300415793522906
0.730051130962806
0.7300656024090656
0.7300762786831135
0.7300866112869879
0.7300981133103055
0.7301119875104187
0.7301309121522916
0.7301607873060377
0.7301991369191849
0.730241258600666
0.7302886672431027
0.7303419569980762
0.7304074560843046
0.7304906760789643
0.7306093395016361
0.7308167728008811
0.7312316393993711
0.7318410652967942
0.7330599170916403
0.7354976206813326
0.7399
0.7399038940307938
0.7399116820923815
0.7399272582155567
0.739942932233054
0.7399562015889832
0.7399689823406066
0.7399819065186586
0.7399909532593293
0.7399954766296646
0.74
0.7400038940307938
0.7400074026488014
0.7400137373756505
0.7400239109146965
0.7400338553168486
0.7400457192133101
0.7400594713350233
0.740073138520319
0.7400862218656323
0.740100866854912
0.7401182462973454
0.740142152802846
0.7401762097633239
0.7402135601478653
0.7402577977615669
0.7403109406450558
0.7403798861134947
0.7404817430475609
0.7406771063915372
0.7410678330794898
0.7416398650583036
0.7427839290159313
0.7450720569311866
0.7496483127616973
0.7499
0.7499103697754665
0.7499311093263996
0.7499701256462528
0.7499850628231264
0.75
0.7500103697754665
0.7500227378810599
0.75004134919476
0.7500688201835235
0.7500947436258036
0.750126519864804
0.750162049302459
0.7502032279557237
0.7502537569618997
0.750320517558137
0.7504295414321411
0.750628236256396
0.750930551877529
0.7515054203445295
0.7526551572785305
0.7549546311465325
0.7595535788825365
0.7599
0.7599060301941105
0.7599180905823315
0.7599422113587735
0.7599597536525808
0.7599752786243231
0.7599876393121616
0.76
0.7600060301941105
0.7600146763872152
0.7600281958439535
0.7600430806589453
0.7600590117441983
0.7600778416046445
0.760096002425442
0.7601161962839196
0.7601420941733579
0.7601772497035238
0.760221804002272
0.7602797698495999
0.7603660128918717
0.7605362919140543
0.7608768499584194
0.7614059896830885
0.7624642691324266
0.7645808280311028
0.7688139458284553
0.7699
0.7699043162640301
0.7699129487920903
0.7699302138482106
0.7699436389028987
0.7699572451866681
0.7699738647752171
0.7699869323876085
0.77
0.7700043162640301
0.7700103986606148
0.7700225634537843
0.7700367845971611
0.7700512950724278
0.7700678225889028
0.7700863080899819
0.7701109602370043
0.7701436843815384
0.7701782265292781
0.7702180154404076
0.7702651590752394
0.770321798325931
0.7703856391522091
0.7704593344864004
0.7705481742148019
0.7706714884777799
0.7708538788024171
0.7712186594516914
0.7718954973296472
0.7729067589310219
0.7749292821337712
0.7789743285392698
0.7799
0.7799039291007509
0.7799117873022526
0.7799275037052561
0.7799414994182986
0.7799564843711853
0.7799708300603355
0.7799847160498651
0.7799923580249326
0.78
0.7800039291007509
0.7800083427585967
0.7800163154229789
0.7800300421055795
0.780040521055887
0.7800511095012471
0.7800644505395147
0.780081844349417
0.7800964186230643
0.7801109192669168
0.7801276986888074
0.7801478706261615
0.7801767604651444
0.7802271612596748
0.7802994679370662
0.780392188781927
0.7805241513870699
0.7807484730865907
0.7811971164856323
0.782041378677012
0.7837299030597713
0.78710695182529
0.7899
0.7899052142295055
0.7899156426885166
0.7899364996065386
0.789953614010622
0.7899717471165938
0.789985873558297
0.7899929367791485
0.79
0.7900052142295055
0.7900104786867475
0.7900210076012313
0.7900384453063898
0.7900549375712269
0.7900726187266468
0.7900931812951865
0.79011724161943
0.79014491899894
0.7901759763319255
0.7902128336268285
0.7902536907408789
0.7903028965129263
0.790363671725863
0.7904465165608858
0.7905792368614496
0.7908446774625771
0.7912564676078603
0.7919924973307425
0.793464556776507
0.7964086756680359
0.7998999999999999
0.7999054114319343
0.7999162342958029
0.7999378800235403
0.7999549501175129
0.7999704844147062
0.7999881532642644
0.8
0.8000054114319344
0.8000118758372705
0.8000248046479428
0.8000398525197429
0.8000552281453615
0.8000740747605499
0.8000928421560695
0.8001140004450701
0.8001415169291589
0.8001835227585862
0.8002623190635401
0.800346131708886
0.8004451149892525
0.8005772223732185
0.8007891850895006
0.8012131105220648
0.8018819308398386
0.803198123547143
0.8058305089617519
0.8099
0.8099042632703458
0.8099127898110375
0.809929842892421
0.8099452155761488
0.8099596772431531
0.8099741333161811
0.809989110036575
0.81
0.8100042632703459
0.8100097686492747
0.8100193821364469
0.8100312408730559
0.8100429286821287
0.810057004759692
0.8100741204571632
0.8100898755444875
0.8101058516650231
0.81012359404991
0.8101459926610488
0.8101785515341577
0.8102196566490825
0.810267407028412
0.8103227583203644
0.810387017677779
0.8104620585105017
0.8105502219620769
0.810653538920084
0.8107740150649129
0.8109143092965323
0.8110772397488661
0.8112655205578612
0.8114826346031794
0.8117299080388717
0.8120164577121454
0.8123457547019071
0.8127480418696865
0.8132494948902096
0.8139299272437718
0.8149972413836533
0.8171318696634162
0.8199
0.8199031248274992
0.8199093744824976
0.8199218737924944
0.8199338066040688
0.8199467795752198
0.8199620702736519
0.8199738304821795
0.8199832647273699
0.8199916253407119
0.8199958126703559
0.8200000000000001
0.8200031248274993
0.8200063055326889
0.8200107163429655
0.8200161539430721
0.8200224324998682
0.8200298634556045
0.8200380037567244
0.8200440563989762
0.8200489490941805
0.8200535528744106
0.8200583100082448
0.8200641558936554
0.8200700758030132
0.8200765284261304
0.8200825335828863
0.8200887406670246
0.8200956664261584
0.820104045764372
0.8201145302343426
0.8201289016005872
0.8201501902561024
0.8201858022560089
0.8202292987777534
0.82027865303267
0.8203354051435068
0.8204009720427924
0.8204775624422472
0.8205677778341242
0.8206734279228629
0.8207964846299568
0.8209396434836976
0.8211056798351171
0.8212975311709938
0.8215181546185899
0.8217712701291215
0.822058176290051
0.8223872888821073
0.8227702048891695
0.8232184151548293
0.8237789452361209
0.8245066961344331
0.8255469107514877
0.8272921000526652
0.8299
0.829908464277411
0.8299253928322332
0.8299490204922217
0.8299715572318054
0.8299857786159027
0.8300000000000001
0.8300084642774112
0.8300178296368064
0.8300347076227129
0.8300585852914544
0.8300820563109316
0.8301091424340358
0.8301389737084874
0.8301774757324113
0.8302415005589484
0.830344209021685
0.8303859711309381
0.8304426187137004
0.8304726432081937
0.8305026065757886
0.830529894215274
0.8305547527953624
0.8305812371230689
0.8306171902875327
0.8306385110626624
0.8306601385476773
0.8306790498359482
0.8306953988173676
0.8307110593049974
0.830727203530729
0.8307465754323238
0.8307638988232583
0.8307835768755395
0.8308017013297818
0.8308200662540559
0.830840369372174
0.8308640184617743
0.8308906368612221
0.8309177114605513
0.8309498207905237
0.8309807035803723
0.8310043338736831
0.8310241658296823
0.8310428083881307
0.831061977540196
0.8310847730369298
0.8311101923199873
0.831137583917551
0.831161837683029
0.8311864159118215
0.8312133302493244
0.8312454801622778
0.8312849867135699
0.8313381451528932
0.8314146808867525
0.8315328505923016
0.8316594728189659
0.8317953800110117
0.8319510005479054
0.8321288155696601
0.8323490187290338
0.832638199003208
0.8330475173454711
0.8335771492993472
0.8341889941857816
0.8348987336876055
0.8357304688487567
0.8367235902285846
0.8379155781032825
0.8393136540423783
0.8399
0.839904767214613
0.8399143016438392
0.8399333705022914
0.8399500022874431
0.839967320521923
0.8399836602609615
0.84
0.840004767214613
0.8400134674519999
0.8400271692292864
0.840043809123967
0.8400603710246586
0.8400789273055321
0.8401005579709537
0.840127929076081
0.8401593096481689
0.8401924088548641
0.8402314866754015
0.8402791855982782
0.8403363917469365
0.8403959218091569
0.8404580605803934
0.840527972280409
0.8406338878157219
0.8407115506819766
0.84077624192956
0.840842649566492
0.8409146229587975
0.8410029755373553
0.8411152901363738
0.8412086850874212
0.8412787327024832
0.8413436007359713
0.841428950637303
0.8415085837875484
0.841574014910674
0.841643150291078
0.841721879876659
0.8418232775454889
0.8419124415263475
0.8419934791422612
0.8420783021732364
0.8421421753653803
0.8422218571271057
0.8422853693623542
0.842341753372075
0.8423997328995676
0.842465961913133
0.8425749584224068
0.8426634566165508
0.8427386298126114
0.842817470683088
0.8429049551370804
0.8430140560280279
0.8431557414036253
0.8433613912564828
0.843694410539149
0.8443487239858382
0.8450914871820083
0.8459260792544618
0.8468909911890744
0.8480168772031494
0.8493646181333837
0.8499
0.8499047842679981
0.8499143528039943
0.8499334898759867
0.8499493479507803
0.8499643039787841
0.8499775109849489
0.8499893931839553
0.85
0.8500047842679981
0.8500113012958986
0.8500211933375053
0.8500328998668413
0.8500430139670435
0.850051030521699
0.8500586476527726
0.8500669816906179
0.8500791525264658
0.8500916856943513
0.8501020664189534
0.8501128415127713
0.8501248942734924
0.8501397564487353
0.8501598667044792
0.8501903287310152
0.8502381800226542
0.8503298282219356
0.8504583526058496
0.8506648985398607
0.851077990407883
0.8519041741439276
0.8535565416160168
0.8567777301612367
0.8599
0.8599039817390419
0.8599119452171258
0.8599278721732935
0.8599443779755621
0.8599574372518807
0.859970564979541
0.8599847386893165
0.86
0.8600039817390419
0.8600116835749372
0.860022183610869
0.8600335698036299
0.8600460032096578
0.8600605296388414
0.8600747889664131
0.8600896364074937
0.8601072559467309
0.8601294298194971
0.8601638535537501
0.860202909669324
0.8602471230464553
0.8602960967425201
0.8603511151625184
0.860413383340364
0.8604905990253112
0.8605895055441498
0.8607319320011053
0.8609864626584709
0.8614955239732021
0.8622305400977182
0.8637005723467504
0.8666406368448147
0.8699
0.8699084935075434
0.8699254805226302
0.8699488517701979
0.8699731570394763
0.8699865785197382
0.87
0.8700084935075434
0.8700182092321611
0.8700309114295122
0.8700505932357282
0.8700667530637782
0.8700841842962452
0.8701066299404574
0.8701326615821078
0.8701552154738056
0.8701796590135842
0.8702093945324234
0.8702477861875446
0.8703057421465072
0.8703743472642664
0.870454335177842
0.8705450771950713
0.870647629039468
0.870764191222717
0.8708960816004365
0.8710485510017302
0.8712258937726582
0.8714460488852576
0.8717310502524618
0.8721430722424665
0.8728836164986412
0.8743647050109907
0.8765598640239914
0.8799
0.8799029265672502
0.8799087797017506
0.8799204859707515
0.8799327090360862
0.8799449527998392
0.8799587988204987
0.8799744171764321
0.8799872085882161
0.8799936042941081
0.8799968021470541
0.88
0.8800029265672502
0.8800053108577788
0.8800100794388359
0.8800196166009502
0.8800312420950314
0.8800440787459999
0.8800586348224058
0.8800751131070044
0.8800925531411325
0.8801076219971568
0.8801219611399584
0.8801375271863483
0.8801584223567565
0.8801860620492108
0.8802068721614321
0.8802278516186322
0.8802513413471503
0.880280096277617
0.8803195788859064
0.880381631998282
0.8804656648292613
0.8805790110232871
0.8807472170905509
0.8810502217468638
0.8816562310594894
0.8827878436392002
0.8850510687986216
0.8895775191174645
0.8899
0.8899050255735164
0.889915076720549
0.8899351790146144
0.8899515625940838
0.8899683268904136
0.8899864934756312
0.89
0.8900050255735164
0.8900118821900005
0.8900252370162698
0.8900406581503909
0.8900563297511996
0.8900739080860559
0.8900953067773647
0.8901164500638159
0.8901407388622279
0.8901717613158798
0.8902085029359486
0.8902568317269153
0.8903230608442341
0.8904039053230544
0.8904929283428414
0.8905911208654389
0.8907017892439102
0.8908296334170621
0.890984329310415
0.8911968058782537
0.8915127235888441
0.8921445590100251
0.8932881973633371
0.8950017955824501
0.898428992020676
0.8999
0.8999036235722908
0.8999108707168724
0.8999253650060355
0.8999369802489292
0.8999500054209384
0.8999659583376698
0.8999842730642632
0.8999921365321316
0.8999960682660658
0.9
0.9000036235722908
0.9000069474720905
0.90001359527169
0.9000261610698349
0.9000379668023739
0.9000504389063773
0.9000648356733437
0.9000818061074709
0.9001013376107341
0.9001250982644914
0.900152741148409
0.9001834773782745
0.900217888854396
0.9002601983554583
0.9003131936307012
0.9003789462424163
0.9004680464511645
0.9005439997794957
0.9006237598589435
0.9006820331884975
0.9007253587284144
0.9007623485991296
0.9007966693617679
0.9008328463188525
0.9008818276676471
0.9009155711822426
0.900949405796202
0.9009792268808844
0.9010049779401698
0.901028388071857
0.9010504660857998
0.9010729502591787
0.9010994021226227
0.9011234931164684
0.9011509673092559
0.9011757511840551
0.9012005503834178
0.901227683184706
0.9012589479736259
0.9012964603053104
0.9013341874160297
0.9013762391999383
0.90140441296259
0.9014359455374533
0.9014615946013392
0.9014841421513196
0.9015074175834463
0.9015352151858169
0.9015790366817827
0.9016105748070745
0.9016395567014253
0.9016709470553352
0.9017068545820751
0.9017544494587675
0.9018144721950218
0.9018953525260425
0.9019637361379624
0.9020295677253759
0.902099397603924
0.9021768239667134
0.9022690142060252
0.9023806963382964
0.9025263388750002
0.9027091821646763
0.9029604300058082
0.903342601528304
0.9038520248699509
0.9044352411979166
0.9051067659856543
0.905888632445404
0.9068164656644203
0.9079204045522374
0.9092915521221387
0.9099
0.9099027186003279
0.9099081558009836
0.909919030202295
0.9099398830962486
0.9099578120502735
0.9099783287918342
0.9099908725236917
0.9099954362618459
0.91
0.9100027186003279
0.9100051460464885
0.9100100009388098
0.9100197107234523
0.9100391302927374
0.910059970362767
0.9100830033758793
0.9100983118368725
0.9101156980421828
0.9101285122849586
0.9101379661944452
0.9101461706019883
0.9101538468439577
0.9101619787477475
0.9101729877610631
0.9101846323892642
0.9101930590713115
0.9102005472021758
0.9102072882992178
0.9102131149555738
0.9102182549123404
0.9102230483879363
0.9102279795376761
0.9102341899140457
0.9102395816109974
0.9102449378647655
0.9102500711646768
0.9102554103589643
0.9102614044856121
0.9102686873805105
0.9102767315185782
0.9102886564845379
0.9102980888388666
0.9103073904208717
0.9103188469260493
0.9103319407963533
0.9103471229473735
0.9103594813937357
0.9103703245769751
0.9103810805710183
0.9103921322937494
0.910403884637671
0.9104134924431497
0.9104213701533723
0.9104286786255781
0.910436277377275
0.9104462061731575
0.9104559689287944
0.9104648827885504
0.9104737026026641
0.9104833262811813
0.9104926650130718
0.9105009623736519
0.9105087628532909
0.9105167416564852
0.9105263179665581
0.9105388776826088
0.9105483243354241
0.9105568938351373
0.9105658708910632
0.9105758802548707
0.9105880341840835
0.9106027823586752
0.910616284498851
0.9106290015418229
0.9106421683883046
0.910658769149887
0.9106696165389715
0.9106807736340444
0.9106906370578218
0.9106995364364565
0.9107083685087441
0.910717716856224
0.9107286632924683
0.9107416732386313
0.9107539852498766
0.9107649335896595
0.9107760802455469
0.9107881979350113
0.9108013863140348
0.910814098692875
0.910827300854248
0.9108414553371003
0.9108547405270176
0.9108679002058729
0.9108826352317883
0.9108944000111386
0.910906884076511
0.9109167297515574
0.9109251552860907
0.9109332832559066
0.9109418080123404
0.9109524828864392
0.9109650255854285
0.9109757591688433
0.9109857556379398
0.910996246643916
0.9110079614175849
0.9110224687569227
0.9110384898415332
0.9110540786893518
0.9110703282013938
0.9110880981025491
0.9111046388410806
0.911120613748101
0.9111369646764336
0.9111545839278462
0.9111749345180443
0.9112011950159906
0.9112317508822021
0.9112653077394506
0.9112949983588761
0.9113238041538095
0.9113529612987737
0.911383620882318
0.9114166835992512
0.9114532249337961
0.9114925968678299
0.9115207054919789
0.9115388317874472
0.9115544060926948
0.911569789402778
0.9115848746873683
0.9116027764925418
0.9116174008483848
0.9116336503637027
0.9116576117317338
0.9116871069460245
0.9117253185617761
0.9117741831958324
0.9118196314250225
0.9118616832621073
0.9119032849673413
0.9119473284598216
0.9120009201264583
0.912084043068073
0.912144070141404
0.9121982740008803
0.9122558455655017
0.9123202719549538
0.9124017688123625
0.9125075895626106
0.9126267621427522
0.9127338613668196
0.9128505021878086
0.9130140929806912
0.9131672609022622
0.9133352775381227
0.913524915726972
0.9137995751109571
0.914259197534734
0.9148052380709303
0.9153799992110919
0.9158617075603851
0.9162888468931506
0.9168296742602129
0.917453328268639
0.9180277763279859
0.9187270887484527
0.9197270436910381
0.9199
0.919903803646285
0.9199114109388549
0.9199266255239946
0.9199409357716412
0.919955201627094
0.9199740646890759
0.919987032344538
0.92
0.920003803646285
0.9200096010079445
0.920018578803844
0.9200342826208063
0.9200491186000892
0.9200647944091324
0.9200817504575053
0.9200983196145581
0.9201137781756286
0.9201287774501417
0.9201426607492882
0.9201563510540383
0.9201718239156985
0.9201933139958893
0.9202101206394673
0.9202245680625122
0.9202394330390654
0.9202556306184972
0.9202754447114821
0.9202983372717144
0.920320740714748
0.92034471533673
0.9203696412820094
0.9203941566484869
0.9204125603855624
0.9204287116797958
0.9204443929575032
0.9204609799750297
0.9204818095667859
0.9205011792387863
0.9205225837909867
0.9205426813291113
0.9205633315904934
0.9205862654435306
0.9206137858461392
0.9206476876491724
0.9206932178718892
0.9207585804910444
0.9208621048344653
0.9210201096502854
0.9212077329718313
0.9214211250376019
0.9216665522573176
0.9219503796088125
0.922281709444162
0.9226705677664107
0.9231278568696327
0.9236663527238111
0.9243017949648394
0.9250546789429838
0.9259570863069232
0.92702998478203
0.9283728905457289
0.9299
0.9299050387956332
0.9299151163868998
0.929935271569433
0.9299557485515008
0.9299735021589449
0.9299867510794725
0.9299933755397363
0.93
0.9300050387956333
0.9300091518340496
0.9300170478514255
0.9300305900576051
0.9300472477611235
0.9300640134625774
0.9300802523328622
0.9300972588342991
0.930116456517642
0.9301410730039115
0.9301740829883974
0.9302064595202231
0.930235665186589
0.9302650977626634
0.9303014190225113
0.9303374095869832
0.9303855694500306
0.9304355251231303
0.930495519702227
0.9305505598036944
0.9306014172772668
0.93063520118555
0.930655093143451
0.9306722855373954
0.9306892791735519
0.9307058651582663
0.9307282050793345
0.9307461364784448
0.9307632619829299
0.9307830228979359
0.9308078682789019
0.9308247803587996
0.9308412005894198
0.9308596241232747
0.9308799222288708
0.9308971147379907
0.9309169230211516
0.9309480665924861
0.9310015300618881
0.9310622568467654
0.9311302772768206
0.9312019984644754
0.9312748027217224
0.9313529558248922
0.9314408038055177
0.931545360598665
0.9316240731674073
0.9316987148417446
0.9317935829722801
0.9318710277818383
0.9319578425244308
0.9321029571688344
0.9323333917034929
0.9326036071840502
0.9329134259853566
0.9332707687742031
0.9336831262296654
0.9341632769627218
0.9347254095771225
0.9353848919608719
0.9361589082645817
0.937072477626016
0.9380720198591663
0.9391571422460254
0.9399
0.9399069270366883
0.939920781110065
0.9399484892568185
0.9399727923291186
0.9399863961645594
0.9400000000000001
0.9400069270366884
0.9400166890620696
0.9400317138141051
0.9400562577907006
0.9400809249944087
0.9401071314283104
0.9401371011431563
0.9401716877416625
0.940212317605859
0.9402601968589536
0.9403164743255159
0.9403824925803502
0.9404598316244271
0.9405503908398946
0.9406093915410632
0.9406746156903893
0.9407220956000187
0.9407946025433308
0.9408453766072497
0.9408975811404312
0.9409681525725441
0.9411092954367698
0.9412833362186711
0.9414456043669114
0.9416048035978084
0.9417504782009171
0.9418965091824277
0.9420585124745887
0.9421909681488205
0.9423000005238549
0.9423986627276089
0.942494095933259
0.9425973222085496
0.9427391384254281
0.9428922226410993
0.9430085276375874
0.943122299309952
0.943244533989938
0.9433859521843376
0.9435175333422345
0.9436322051992729
0.9437462607696242
0.9438771777068762
0.9440551207865174
0.9442305826883164
0.9443875928109834
0.944556034517624
0.9447475171621076
0.9449844655659925
0.9452577165041051
0.9455459149850096
0.9458767913922487
0.9462571023018369
0.9467311247983096
0.9473644940729659
0.9482903947872604
0.9496463944053789
0.9499
0.949905311226468
0.9499159336794042
0.9499371785852765
0.9499621009923861
0.9499810504961931
0.9500000000000001
0.9500053112264681
0.9500133981365597
0.9500293635920453
0.9500505399231062
0.9500675676150486
0.9500816974985853
0.950095274773278
0.9501097124426412
0.9501286534122535
0.950151036505637
0.950170324966583
0.9501892878626637
0.9502060753360634
0.9502210536784018
0.9502366914508242
0.9502566085367108
0.9502797537700199
0.9503011145667091
0.9503223013394568
0.9503456862856823
0.9503731515316233
0.9504087023211836
0.9504455889433024
0.9504816577943258
0.9505199650507444
0.9505625316803941
0.9506128330618592
0.9506739276248152
0.9507455923667134
0.9508304432821245
0.9509057558274759
0.9509800460463335
0.9510596670758645
0.951143876213129
0.9512323940514568
0.9513305745491856
0.9514434856130264
0.9515322587286517
0.9516107791898614
0.9516848805490511
0.9517606806429101
0.951842194311185
0.9519221705873183
0.9519976702907658
0.9520768715548501
0.9521668027043445
0.9522691555970736
0.9523662809932587
0.9524620398455441
0.9525580501316857
0.9526517471692336
0.9527253467485989
0.9527931373299252
0.9528599829317891
0.9529259274972942
0.9529992149182076
0.9530991840782119
0.9531905652447692
0.9532803513666103
0.9533701271624936
0.9534668047431925
0.9535792998847862
0.9537209727724214
0.9539155798403918
0.9541875315986562
0.9546490646936682
0.9554288548940095
0.9561819986613115
0.9569584654238487
0.9578519024052586
0.9590004529464956
0.9599
0.9599027727920874
0.9599083183762621
0.9599194095446116
0.9599347761310353
0.9599570915886093
0.9599785457943046
0.9599892728971523
0.9599946364485761
0.96
0.9600027727920873
0.960005828442548
0.9600119397434693
0.960024162345312
0.960044482654322
0.9600699600229002
0.9600925656490759
0.9601123576214791
0.9601302218747029
0.9601468824394653
0.9601638378960142
0.960181232935381
0.9601917019576078
0.9602022235014951
0.9602114287172461
0.9602201350864005
0.960230072254012
0.9602412484282993
0.9602518832474655
0.9602626146120861
0.960273890048189
0.9602852459394093
0.9602949866340436
0.9603036670784193
0.9603120274161775
0.9603209872579814
0.9603336101616521
0.9603457390790947
0.9603552001292183
0.9603645748480295
0.960374646330805
0.9603863537525157
0.9603995728014962
0.9604143117417153
0.9604282393964928
0.9604421498291806
0.9604582652441936
0.9604694037551176
0.9604826907542283
0.9604939126877549
0.960503743828653
0.9605133090414523
0.9605231034127875
0.9605343447234046
0.9605474921868555
0.9605621488876604
0.9605742946951477
0.9605862446713258
0.9605991174150574
0.9606130953613347
0.9606270615672761
0.9606425207200685
0.9606611210167028
0.9606818507497497
0.9607031008077009
0.96072385336203
0.9607466547480203
0.9607731088407566
0.9607992193409799
0.9608243454204313
0.9608491324255286
0.9608781534178388
0.9608992517031062
0.9609210781880015
0.9609404134423166
0.9609586701804502
0.9609777504472913
0.960999169923494
0.9610260931855125
0.9610764650401509
0.9611119038794761
0.9611431434228102
0.9611746702181986
0.96120557518148
0.9612383114737929
0.9612748790239164
0.961317594450874
0.9613700567406733
0.9614379081345772
0.961507296783876
0.9615725715716625
0.9616472881052021
0.9617135514428953
0.9617867861016863
0.9618567763833368
0.9619309409998387
0.9620162994724647
0.9621231626100771
0.9622236369287452
0.962312810473405
0.9624010612088535
0.9625129916814914
0.9626093520406709
0.9626769200263846
0.9627382020131544
0.9628009260762742
0.9628765065540622
0.9629584891050934
0.9630462213734895
0.9631273735232078
0.9632117296614228
0.9633061809782782
0.9634214245148299
0.9635671117930653
0.9637705709590693
0.9640800529293767
0.9646176536539623
0.9654019956619194
0.9662915537614708
0.9673049676571741
0.9684839987257792
0.9698796478212725
0.9699
0.9699064600253725
0.9699153974267392
0.9699332722294725
0.9699542291919803
0.9699723231728878
0.9699903984997982
0.97
0.9700064600253725
0.9700122045289589
0.970020735828131
0.9700352126044394
0.9700559484730547
0.9700724827806653
0.9700884728585779
0.9701054739796976
0.9701246387430763
0.9701498896542523
0.9701804919173606
0.9702107355328764
0.9702387802864927
0.97026770878182
0.970298969074704
0.9703378774619776
0.9703787482783088
0.9704265798457173
0.9705034452981761
0.9705632901028793
0.9706474325452528
0.970737379576352
0.970809936004107
0.9708842263493083
0.9709664055457393
0.9710385503736081
0.9711190570709912
0.9712776223887324
0.9715129332803569
0.971789573891686
0.9721115099198415
0.9724045252447298
0.9726162224944256
0.9727937422100241
0.972958314469709
0.9731270577363539
0.9733359380005421
0.9736149736138804
0.9738248728902129
0.9740194005142497
0.9742261464984534
0.9744430794333719
0.974644295195925
0.9748570426506731
0.9751307093485857
0.9754539713112836
0.975751314746428
0.9760486741909188
0.9763805328236159
0.9767833699723322
0.9772464688290127
0.9777674939423614
0.9782381053237622
0.9787429837926928
0.9795170327318437
0.9799
0.9799056447427485
0.9799169342282457
0.9799395131992399
0.979958578853852
0.9799822719152332
0.98
0.9800056447427485
0.9800134356852536
0.9800234362097004
0.980043437018171
0.9800677871923896
0.9800921631261221
0.9801161381975187
0.9801365135148496
0.9801550336957617
0.9801731278622074
0.9801899461750384
0.9802069624001045
0.9802268490935648
0.980245803063157
0.9802652845798812
0.9802815624704362
0.9802958830847082
0.9803087326192224
0.9803202819426877
0.980331183286858
0.9803423739364575
0.9803558812650214
0.9803692261298056
0.9803821773206522
0.9803941363495042
0.9804064180574464
0.9804199854944577
0.9804336766328351
0.9804482481999635
0.9804655340488667
0.980483845576567
0.9805040120692641
0.980525974035033
0.9805451613095539
0.9805599632376374
0.9805731649982539
0.9805859579939694
0.9805995454564208
0.9806165854766309
0.9806322860836734
0.9806496693154173
0.9806659511374985
0.9806812109789798
0.9806954584957787
0.9807092611514363
0.9807234898966234
0.9807397573696938
0.9807660343902499
0.980786597377691
0.9808036027872399
0.9808211128023909
0.980840128272861
0.9808635142254938
0.9808932562318594
0.9809350075040928
0.9809986180268
0.9811000397322622
0.9812129242839832
0.9813426393634678
0.9815006100193947
0.9816943309135256
0.9819620874914009
0.9822716659990062
0.9826275127832219
0.9830388095283515
0.9835148578254498
0.9840683082277559
0.9847131886127516
0.9854573821148211
0.9861225146340261
0.9869886611925505
0.9876771096996821
0.9883219500429481
0.9891850933416347
0.9899
0.9899156244265049
0.9899468732795148
0.99
0.9900156244265049
0.9900381349021489
0.9900660808499155
0.9901021649838817
0.9901411150152892
0.9901825816338745
0.9902339119487167
0.9902871564467133
0.9903508900022409
0.9904288902016652
0.9905250023066356
0.990638136676216
0.9907619578377492
0.9909019609732487
0.9910587257232975
0.9912433995392939
0.9914696181516776
0.9917736251981991
0.9922471641019978
0.993194241909595
0.9947030372405967
0.9972357676070361
0.9999
0.999904391833522
0.9999131755005659
0.9999307428346538
0.999948696083477
0.9999640645680409
0.9999793813837169
0.9999896906918584
1.0
