0.0
0.001
0.003
0.007
0.0099
0.00990716339895486
0.00992149019686458
0.009934265301294005
0.009948310634342867
0.00996232204296188
0.009977123642912278
0.00998856182145614
0.01
0.01000716339895486
0.01001457944501837
0.01002915347279713
0.01004087763050343
0.0100538766767733
0.0100663433779602
0.0100798921348475
0.01010254306111291
0.01012316706870607
0.01015593176729385
0.01017943511422232
0.01020477568772843
0.01022943637460264
0.01025516987246683
0.0102851592863543
0.01032113921722799
0.01036595587492707
0.01042133980626783
0.01049344332466665
0.01059647374622224
0.01073928991421942
0.01095553183711634
0.01135745760133759
0.01154025939830682
0.01171772129225648
0.01188278484383483
0.01204645067756548
0.01217498321147838
0.01227693170996915
0.01237158080519173
0.01249399308912922
0.01266564426671272
0.01289177599898274
0.01306556251095776
0.01324293574068399
0.01343051935448923
0.01366204451937147
0.01398705059009342
0.01450678208593593
0.015232394064237
0.01663207205890132
0.018082034324002
0.01986037323453994
0.0199
0.01990873681043044
0.01992621043129134
0.01995256108580843
0.01997244888749946
0.01999631329369629
0.02
0.02000184335315185
0.02000553005945556
0.02001147469118315
0.02002336395463834
0.02003804983729917
0.02005337207163572
0.02006824381211171
0.02008944862871889
0.02011368864792921
0.02014545907556825
0.0201712914888489
0.0201933024078853
0.02021240349980873
0.02023116356190576
0.02025373175961148
0.02027309861584344
0.02031183232830735
0.02034526353444508
0.02037345500976324
0.02040834740669257
0.02044057612255635
0.02047542088825435
0.0205170207958533
0.02057020110448624
0.02063487375075956
0.02070485544727261
0.02080974378089588
0.02090894793486078
0.02103505387968884
0.02120727397516909
0.02146885675271602
0.02195352807610666
0.02260592676745864
0.0234233284032833
0.02443769125807677
0.0257276194640182
0.0273766499896238
0.02971839563914586
0.0299
0.02990541690911964
0.02991625072735894
0.02992825908778376
0.02993864172549557
0.0299547396612553
0.02997429936817012
0.02998714968408506
0.03
0.03000541690911964
0.03001348024706647
0.03002092074860754
0.03003452552738072
0.03005031371722634
0.03006619321827087
0.03008607775465811
0.03010330178211287
0.03012877158266419
0.03015617753875686
0.03018698352695885
0.03021701564845554
0.03024698606073718
0.03028248149298327
0.03032118713778198
0.03036203357195993
0.03041419601327192
0.0304821129702563
0.03054102956567327
0.03062290517793202
0.03072654629741206
0.03084962610528241
0.03095507247245369
0.03106573612366204
0.03117569553736326
0.03128884278793237
0.03141971695312201
0.03161557606947666
0.03176506426363361
0.03188731937202016
0.03200885922742941
0.03213587228753008
0.03227944514576477
0.03242179436451021
0.03254341966629126
0.03265503755899553
0.03278019252463096
0.03289952369261601
0.03302326158095737
0.03314040270842757
0.03326330222856747
0.03338315116578217
0.03349095834598678
0.03359354491151408
0.0336999667446127
0.03383679148277199
0.03392736101749729
0.03401777734387463
0.03410020700589359
0.03417844166242266
0.03426116456616485
0.03435693568688346
0.0344951569386597
0.03464661165749426
0.03476425085771604
0.03487915797185482
0.03500094312177428
0.0351416637608829
0.03530995686539883
0.03552818292072264
0.03582658570833831
0.03626133351067073
0.03695313374618741
0.03804447446886264
0.0390649620413924
0.0399
0.03990520943453218
0.03991562830359654
0.03993646604172526
0.0399525949869329
0.03996987312059748
0.03998596183725836
0.04
0.04000520943453218
0.04001179594477926
0.04002017577758101
0.04002968576571115
0.04004085161611878
0.04005288154513804
0.04006314861874077
0.04007678767527383
0.04009198832814642
0.04011023216327936
0.04012730192129325
0.04014680749219864
0.04016419190446715
0.04018675420865157
0.04021243870123697
0.0402443943305321
0.04028447380114764
0.04033477207936201
0.04038508092642203
0.04043330963312423
0.04048296741589309
0.04053832518514489
0.04058496452831314
0.04063213391992012
0.04067676368090525
0.04071589466696299
0.04075116244714656
0.040783441764137
0.0408141896579149
0.04084573104632635
0.04088263962051383
0.04091789509176993
0.04095744329182051
0.04099234622705077
0.04102684669803953
0.04106411777505902
0.0411064807691122
0.04115873876975919
0.04121988613509631
0.04128151948800138
0.0413258175315649
0.04136119531387508
0.04139446802050867
0.04142996680711734
0.04147919520013375
0.04153624695469083
0.04158066297344955
0.04162514287987894
0.04167422134550205
0.04173200620564786
0.04180841613478736
0.04190270909843277
0.04199586521419132
0.04208658760912657
0.04218168841165307
0.0422863453297583
0.04240885288182924
0.04255421438676703
0.04273961574389068
0.04298977569884851
0.04335522318040851
0.043852106396777
0.04441387559468273
0.04505072941232476
0.04578518003199527
0.0466247186210153
0.04764048225810062
0.04881298050113663
0.0499
0.04990873346140198
0.04992620038420593
0.04994559853415537
0.04996391389895975
0.04998195694947988
0.05
0.05000873346140198
0.05001964456578123
0.05002998634480503
0.05005066990285263
0.05007335931223948
0.05009831213689064
0.05012626684016811
0.05015081356835299
0.05017355369970176
0.05019631922141651
0.05022146167665813
0.05026014262038574
0.0502911454659626
0.05031590838777129
0.05034062011472715
0.05036632970338411
0.05039290596002066
0.05041659692562806
0.05043523732986464
0.05045152059281313
0.05046923054740232
0.05048600631449309
0.05050443169236377
0.05052163100979927
0.0505396033085679
0.05055991139853392
0.0505846491836297
0.05061752784864312
0.05065328447032481
0.05068210766026197
0.05070614598905884
0.05072767283041045
0.05074840102486707
0.05077124976056789
0.05079001276630285
0.05081356105532187
0.05083228472529432
0.05084843068705232
0.05086400994062701
0.05087951662642014
0.05089598869122556
0.05091512816699306
0.05094396407437931
0.05097051446320225
0.05099154032981258
0.05101233776070695
0.05103439743214884
0.05105962734671055
0.05109108668278377
0.05113110760863153
0.0511858311264765
0.05126584446269565
0.0513954186199617
0.05164032504891067
0.05192465069102911
0.0522412491496623
0.05259827962146896
0.05300137423731163
0.05346342757425391
0.05399797092183792
0.05461908175175945
0.05534468074934227
0.05619637429630323
0.05720317514598254
0.0584138151511849
0.0598340113423524
0.0599
0.05990414710250876
0.05991244130752629
0.05992495243757027
0.05993537826834061
0.05994567474891054
0.05995624899150534
0.05996803133612989
0.05998077354457135
0.05999084673549901
0.0599954233677495
0.06
0.06000414710250876
0.06000802910337372
0.06001381167374981
0.06002130928588156
0.06003357843178854
0.06004357942934041
0.06005229270826436
0.06006049093334261
0.06006891105380904
0.06007928677941628
0.06009103701753275
0.06010286412229211
0.06011410157204584
0.0601260453018248
0.06014006327863194
0.06015705766446589
0.06017474762433333
0.06019411437440945
0.06022214091149968
0.06024581584949874
0.06026374821938736
0.06028006846028579
0.06029488369873959
0.06030821702784268
0.06032036568759986
0.06033183207913217
0.06034348298266261
0.06035710245356554
0.06036936479958314
0.0603834161632895
0.06039599830197185
0.06040845498749833
0.06042193449245925
0.06043722608747055
0.0604559919830355
0.06047611475620495
0.06049513598276702
0.06051390699551119
0.06053449928113013
0.0605505289442514
0.06056723873635663
0.06058021708040474
0.06059132164798261
0.06060223046590164
0.06061416076632788
0.06063138676510004
0.0606486993538321
0.06066251193401541
0.06067640856598104
0.0606915728713573
0.0607094059465425
0.0607328956327426
0.06076243141897436
0.0608021917405471
0.06084754136265535
0.06088295447633967
0.06091663253520874
0.06095185671403668
0.06099059819762526
0.0610364095717118
0.06109090209030139
0.06116003511564324
0.06123005031382629
0.06129917167965895
0.06136117818865676
0.0614393301479705
0.06149449005880841
0.06153555279353589
0.06158672272534273
0.06165290378603798
0.0617111197775663
0.06177719483390734
0.06185969035048465
0.06196707762815418
0.06213526086401722
0.06246968919222483
0.06288945653249436
0.0633577201719937
0.06389034556733605
0.0644996548464374
0.06520779739506682
0.06604751501858994
0.06702680678052657
0.06816315134272016
0.06948128265880915
0.0699
0.06990949277962474
0.06992847833887422
0.06995363770541164
0.06997714765350506
0.07
0.07000949277962475
0.07002162794581737
0.07003880382782869
0.07006021320273871
0.07008386104101591
0.0701112509946388
0.07014196722120751
0.0701726001848315
0.0702041611480922
0.07023623619716417
0.07027142081983531
0.07031798865716928
0.07038036782104659
0.07043728922107233
0.07049713233479223
0.07056963840495277
0.0706633194358314
0.07080591206614954
0.07104377763967533
0.07124660990849242
0.07140167733794885
0.07153770227301742
0.07168363304672247
0.07178399033334829
0.07188313054917483
0.07198516826398986
0.07208449242171948
0.07219559398525821
0.07235306679258127
0.07248309895542017
0.072626376581045
0.07277193443270892
0.07292532737248665
0.07310011394934408
0.07331231646445165
0.07358550816625443
0.07395556357178922
0.0744890044556968
0.07533516144503351
0.07680841155139126
0.07857292837926243
0.07990000000000001
0.07990417621042654
0.07991252863127961
0.07992923347298574
0.07994439935749219
0.07995943832251294
0.07997893797036251
0.08
0.08000417621042653
0.0800125286312796
0.08002308597347901
0.08003762467623206
0.08005384166211114
0.0800712780467317
0.08009114048120743
0.08011413624563336
0.08013918087445451
0.08016632558850223
0.08019861589874021
0.08023147228295421
0.0802683693128491
0.0802897513974934
0.08031161060435237
0.08033226508410281
0.08036014634332866
0.08038109577018042
0.08040562855000333
0.08043950916122329
0.08050727038366322
0.08059091813734134
0.08067919547174231
0.0807758961220709
0.08088758533193625
0.08102191427307892
0.08118651581009044
0.08139097614399629
0.08165264295232687
0.08200361438136249
0.08227592348772457
0.08254519801811319
0.08280897404228174
0.08302578288398103
0.08325153861097775
0.08354272383071719
0.08392951891013267
0.08470310906896364
0.08576330882971568
0.08703194627378165
0.08856716315828815
0.08990000000000001
0.08990339083051668
0.08991017249155003
0.08992373581361673
0.08993403963398014
0.08994411575909039
0.08995496465826751
0.08996735717614765
0.08997913239160267
0.0899881195090506
0.08999405975452529
0.09
0.09000339083051667
0.09000704928498526
0.09001314343045734
0.09002207835194037
0.09003176339672005
0.09003957813572526
0.09004701588607526
0.09005506006045048
0.09006558398296695
0.09007945556416418
0.09008997472063725
0.09010051562472034
0.09011224672699918
0.090126447064384
0.09014371664246955
0.0901655811383179
0.09019513781060298
0.09023263023556206
0.09027557463419147
0.09032184737187555
0.09037303306290277
0.09043279874002172
0.0904963053843826
0.09054216516871279
0.09057763462479286
0.09060947692459367
0.09064196500166795
0.09066734570356644
0.09069488861775946
0.09072881773037504
0.09076982247063585
0.09080573835138617
0.09084391762968613
0.09088856781927344
0.0909436592409992
0.0910206403267605
0.0911418773305552
0.09138435133814463
0.09186929935332347
0.09262302620525104
0.09343676131859024
0.09410675785442738
0.09468597038896188
0.09514181840152554
0.09562065204056336
0.09600333361613958
0.09655845205903692
0.09727359638145759
0.09786358835113951
0.09853309519995786
0.09928459580902832
0.0999
0.09990791845149566
0.09992375535448697
0.0999554291604696
0.09998109736146257
0.1
0.1000079184514957
0.10001685881484
0.1000310461157745
0.1000420801688665
0.1000594326449264
0.1000796069933286
0.1000966060114546
0.1001234336039476
0.1001482893854319
0.1001694809574213
0.1001923281094174
0.1002191501805934
0.1002546642930979
0.100311662507112
0.1003921034826403
0.1004756403533296
0.1005624764962171
0.1006590133858245
0.1007696644196635
0.100802418976961
0.1008598909779139
0.1009145109979982
0.1009723029379253
0.1010834779820587
0.1013058280703255
0.101637440832476
0.1020283735195278
0.1025838448757156
0.1031741560058643
0.1039652917634204
0.1049846277060346
0.1063906207433277
0.1085631989028396
0.1099
0.1099041141687308
0.1099123425061924
0.1099287991811156
0.109945664986816
0.1099628400740847
0.1099826892084045
0.1099913446042022
0.11
0.1100041141687308
0.1100086120741675
0.1100176078850408
0.1100320546711882
0.110047943504967
0.1100655123454971
0.1100856455563366
0.1101091947254124
0.1101356716137262
0.1101670753028755
0.1102022905158002
0.1102404338437174
0.1102514238481255
0.1102734038569417
0.110297558276803
0.1103275985340762
0.1103796426235557
0.1104763292022186
0.1105810694679832
0.1107043785725707
0.1108506816860324
0.1110229283319732
0.1112322746767034
0.111494794510539
0.1117376446837713
0.1119440275669701
0.1120472190085695
0.112229208487538
0.1124200008107458
0.1126773370267616
0.1129809020058627
0.1131326844954132
0.1134171214566135
0.1137137811218874
0.1140961280203063
0.1146000528695885
0.1155033175566464
0.1168002696175848
0.1183118234590705
0.1199
0.119905506558391
0.119916519675173
0.1199385459087369
0.1199611312004975
0.1199814605475881
0.12
0.120005506558391
0.1200135218953253
0.1200288356443552
0.1200467349082215
0.120065955699103
0.1200859419894321
0.1201098030647954
0.120133714378565
0.1201612006442254
0.1201980142997168
0.120247507724907
0.1203065220172018
0.1203788194440046
0.1204721695657572
0.1205939934931619
0.1207329656442526
0.1208447778549614
0.120968499435653
0.1210656245310242
0.1211390353503054
0.1212429170126536
0.1213491321020912
0.1214501435702574
0.1215935024749058
0.1217606839761957
0.1220518217486753
0.1225476979059684
0.1232386005332402
0.1242266388502881
0.1253039606131221
0.1265730594635701
0.1281416749477635
0.1299
0.1299122185184909
0.1299366555554727
0.1299683277777364
0.1299841638888682
0.13
0.1300122185184909
0.1300232427102923
0.1300404281312754
0.1300711745551541
0.1301007354210384
0.1301296658436965
0.1301623102880344
0.1302061671786953
0.1302535456101103
0.1302939469362169
0.1303344923917486
0.1303824414304496
0.1304354779681526
0.1304977321783615
0.1305572757511304
0.1306245370543407
0.1307019945037524
0.1307847231931791
0.1308775785874879
0.1309847408717769
0.131119205263948
0.1313023829925541
0.1315108976699846
0.1317250735162007
0.1320183711727001
0.1323680753983212
0.1330498115888746
0.1342341007858761
0.1352759141269618
0.1363042760286761
0.1372995077348389
0.1380110125218415
0.1388196966776911
0.1398939541984156
0.1399
0.1399060065846075
0.1399127170756554
0.1399222110882402
0.1399388138383928
0.1399557213757287
0.139975334628403
0.14
0.1400060065846075
0.1400159387453795
0.1400294422764381
0.1400486279144881
0.1400678963196433
0.1400885961811084
0.1401123063181385
0.1401399817060984
0.1401730733365928
0.1402132251577238
0.1402544564801627
0.1403028872336557
0.1403585304995918
0.1404231342943206
0.1404643150305918
0.1405056716350929
0.1405449419767504
0.1405994833561511
0.1406392752146685
0.1406849836694991
0.1407505681762317
0.1408788915104237
0.1410387657018425
0.1412293846153729
0.1414453664359587
0.1416820399284543
0.1419601815524918
0.1422947141494233
0.1426337599491505
0.1429264317207522
0.1432094204248899
0.1434860458404422
0.1438176493527004
0.1442225744901469
0.1449909794242876
0.1462113432501839
0.1476109762396313
0.1493202053660581
0.1499
0.149910259838681
0.1499307795160429
0.1499546930615978
0.1499761425011131
0.15
0.150010259838681
0.1500234301814372
0.15003965227622
0.150059901310886
0.1500833766861161
0.1501066432565254
0.1501331607794661
0.1501614493782515
0.150196128678123
0.1502311383836823
0.150268265386837
0.1503134409044115
0.1503742970965817
0.1504721069721733
0.1506116450109564
0.1507661998606108
0.1509292101221817
0.151098367688093
0.1512687000713804
0.1514344195363061
0.1516014212346426
0.151795617812482
0.1519635511013515
0.1521557092975716
0.1523277384990823
0.1524974000165644
0.1526805191716878
0.1528825102416864
0.1530678411077779
0.1532298346353838
0.1533903471613913
0.1536091842386046
0.1538127155363779
0.1539775995992446
0.1541488396925426
0.1543188351501609
0.1544896051257509
0.1546513639063226
0.1548249578256046
0.1549549689381932
0.1550718266993185
0.1551938588248734
0.155341189016284
0.1555053707286428
0.1556799784817968
0.1558410107066855
0.1560084121875508
0.1561955781237445
0.1564229676906331
0.1567099194004296
0.1571078172864939
0.1577050487051256
0.1587925510098485
0.1599
0.1599061882152857
0.159918564645857
0.1599433175069997
0.1599665223799274
0.1599832611899637
0.16
0.1600061882152857
0.1600138305570597
0.1600291152406077
0.1600482276798598
0.1600671695797025
0.1600894592667619
0.1601144781250544
0.1601416266619639
0.1601763107800764
0.1602201401256322
0.1602699534395186
0.1603261059176296
0.1603818936976547
0.1604339421745911
0.1604858150921549
0.1605440567218157
0.1606012235412802
0.1606619404504358
0.160709885322115
0.1607506725092534
0.1607871369161404
0.1608204261823668
0.1608529791712354
0.1608880571808659
0.1609351681878846
0.160987061658909
0.1610253632708377
0.1610621422410814
0.1611011587220656
0.1611454900468387
0.1612014274716713
0.1612715120053523
0.161313630942737
0.1613567585143028
0.1613944092621156
0.1614293179584171
0.1614676586627161
0.1615204363680018
0.1615814139511153
0.161628833671865
0.1616764144276057
0.1617290927913155
0.1617916402891749
0.161874176502179
0.161978442619095
0.1620770227024994
0.1621746811493155
0.1622791250356042
0.1623954005503988
0.1625332898922
0.1627006774397748
0.162920173439811
0.1632288861153922
0.1637116593376874
0.1643082968858474
0.1649871579427479
0.1657690235161576
0.1666842152975116
0.167761475404012
0.1690530163938551
0.1699
0.1699119898543325
0.1699359695629976
0.1699679847814988
0.1699839923907494
0.17
0.1700119898543326
0.1700248957851046
0.1700386695525996
0.1700662170875894
0.1700941038558881
0.1701254376083905
0.170162386931016
0.1702069054819142
0.1702587727648695
0.1703193711459287
0.1703876139480145
0.1704531938584522
0.1705190932617334
0.1705949558525635
0.1706684827242469
0.1707455645531504
0.1708133484629409
0.1708803979533536
0.170952561723442
0.1710301425390074
0.171098550402818
0.1711536066380137
0.1712037017469258
0.17126169904135
0.1713152636357016
0.1713694667226665
0.1714226154610348
0.1714796062703926
0.1715482485239719
0.1716313895270695
0.1717116920359087
0.1717810798130852
0.1718453795283254
0.171912190176765
0.1719712109274137
0.1720384937048823
0.1720901797007879
0.1721355574781177
0.1721807102247057
0.1722292752314178
0.1722914936874121
0.172350960017071
0.1724141592515505
0.172473762347315
0.1725350942692959
0.1726029871679465
0.1726841699877663
0.1727735031590338
0.1728633376917584
0.172959524076372
0.1730645027932451
0.1731636424592971
0.1732331899052967
0.173292714380492
0.1733511472479303
0.1734138895657368
0.1734766696786744
0.1735442142205813
0.1736212755700911
0.1737028509289369
0.1737815269775355
0.1738557803677881
0.1739305409266587
0.174018621926717
0.1740823039875258
0.1741490806369597
0.1742071240558852
0.17426093771438
0.1743170300477165
0.1743805237323434
0.1744558252721429
0.1745493022183944
0.1746283990608097
0.1747055250179953
0.1747879601862679
0.1748787882634626
0.1749820800473117
0.1750969201041336
0.1752319011207752
0.1753920156205545
0.1755664949845643
0.1757640295583
0.1759858990966231
0.1762516096976078
0.1765852293205476
0.1770279843887171
0.1776877661978413
0.1786240927695355
0.1798728520594338
0.1799
0.1799068460353889
0.1799181773607073
0.1799318538022267
0.1799470137026869
0.1799709924224009
0.18
0.1800068460353889
0.1800193605316508
0.1800300263020477
0.1800492818553037
0.1800684031312715
0.1800843489854775
0.1800988480261059
0.1801130513089447
0.1801292995131704
0.1801430389139712
0.1801588357185952
0.180172990328754
0.1801867221873807
0.180201203104165
0.1802167429460593
0.1802325472766038
0.1802460626088252
0.1802566361749774
0.1802659270974612
0.1802759697290781
0.1802856617994552
0.1802963474758013
0.1803061346215897
0.1803162110746788
0.1803274226251836
0.1803407974160708
0.1803582360902553
0.1803803649035695
0.1804059612375182
0.180426269463622
0.180442939240951
0.1804581310928594
0.1804734998492047
0.1804936509876224
0.1805125193525318
0.1805258660346408
0.1805375590891901
0.1805485543184975
0.1805595199285792
0.1805717031989384
0.1805883821026317
0.1806072190086588
0.1806211869597381
0.1806346650584601
0.1806490358648992
0.1806654511519027
0.1806862430743416
0.1807133460524663
0.1807457681897364
0.1807783758778068
0.1808148454416596
0.1808373914936913
0.1808645669942475
0.1808867650540613
0.1809060060067854
0.1809256221183373
0.1809481796618248
0.1809859312550027
0.1810137976436076
0.1810382146019417
0.1810642623380437
0.1810936704243793
0.1811303432436568
0.1811804057181848
0.1812439815267049
0.1813057462996333
0.1813622646013185
0.1814197028381335
0.1814814963217953
0.1815517855822052
0.18163657464203
0.1817406223029254
0.1818774254006575
0.1820525269812459
0.1822959170232316
0.1826653788163349
0.1830861479606975
0.183563327404976
0.1841111804375238
0.1847435253792462
0.1854744247564677
0.1863250672585664
0.1873303424032661
0.1885058300661321
0.1898945121749254
0.1899
0.189905499738723
0.1899102786888088
0.1899198365889803
0.1899357542172587
0.1899581040555046
0.18998097808229
0.19
0.190005499738723
0.1900136736242007
0.1900283809022356
0.1900462830522985
0.190068829859499
0.1900925166537416
0.1901150029716205
0.1901398634028508
0.1901681388118591
0.190201271772575
0.1902351574956962
0.1902715816016905
0.1903155285990643
0.1903617816702507
0.1904136369398098
0.1904771369915274
0.1905522055397134
0.190639017427645
0.1907516276832527
0.1909202084069569
0.191149640579082
0.1914531577799782
0.191885165484237
0.1924271200196282
0.1929459714681675
0.193511774007529
0.1943464470293218
0.1951140023533574
0.1959010979734312
0.1967600963916159
0.1979132333452104
0.1996465818354816
0.1999
0.1999035036148126
0.1999105108444378
0.1999245253036883
0.1999392926655364
0.1999559648211124
0.1999756826885535
0.1999878413442768
0.2
0.2000035036148126
0.2000087243716579
0.200016996501672
0.2000293302028552
0.2000425557846927
0.2000553091012714
0.2000697277949812
0.2000865562965858
0.2001066579825226
0.2001247324735675
0.2001438442988417
0.2001621245228079
0.200180735243225
0.2002034286315934
0.200222719440789
0.2002430987799844
0.200262058866891
0.2002811903472216
0.2003020404737911
0.2003245928391627
0.2003453998469468
0.2003613613166451
0.2003744291670179
0.2003877319533115
0.2004024883332364
0.2004176081902525
0.2004310682693354
0.2004451311894806
0.2004609940199175
0.200480551839529
0.200507119235689
0.2005365440325299
0.2005600389303282
0.2005795679694221
0.2005972442978755
0.2006147410501583
0.2006358265487379
0.2006510679974946
0.2006676521579514
0.200682151540555
0.20069520851314
0.2007079288264728
0.2007208254556449
0.2007349896946914
0.2007534902228319
0.2007700965292322
0.2007866862195984
0.20080246008712
0.2008186709240468
0.2008365766934773
0.2008579293828073
0.2008837618547103
0.2009175198081476
0.2009642172624158
0.2010341156129875
0.2011526334915564
0.2013556816732355
0.2015821204975303
0.2018340074820029
0.2021198979490904
0.2024452224757355
0.2028204713739113
0.2032252928601306
0.2035651131953114
0.2039109487470901
0.2042436487748974
0.2046197721063919
0.2050756999205564
0.2058500466385672
0.2068305775329591
0.2079642499906195
0.209102529837531
0.2099
0.2099095931251627
0.2099287793754882
0.2099599959641431
0.2099836197857938
0.21
0.2100095931251627
0.2100202279954294
0.2100317534374417
0.2100449540663379
0.2100615225742016
0.210084668235165
0.2100968428222662
0.2101091660969985
0.2101200426981281
0.2101297726494582
0.2101402959413775
0.2101547921118018
0.210170706440395
0.2101831507213513
0.2101956448966876
0.2102092879389557
0.210223579200072
0.2102367845123955
0.2102497094918595
0.210263301718548
0.210279343496227
0.2102976757773284
0.2103171954187807
0.2103342924771961
0.2103515995374442
0.2103705443516663
0.210393185504208
0.2104211563608444
0.2104589857010487
0.2105138542912779
0.210558808420483
0.2105970699420953
0.2106318197747105
0.2106627508049303
0.2106909033856648
0.2107177301675032
0.210745256450528
0.210777986963717
0.2108067324650141
0.210839583339564
0.2108694846046281
0.2108993967893575
0.2109320941132123
0.2109696406264267
0.2110146648040474
0.2110628364047517
0.2111136959398151
0.2111585774400661
0.2111908826779605
0.211219184575361
0.2112477532687793
0.2112820008217817
0.2113338909599723
0.2113728265021959
0.2114089725708518
0.211448144094754
0.2114929382617981
0.2115519628921799
0.2116252388988804
0.2117129315676618
0.2117925856443408
0.2118721220731567
0.2119576050922116
0.2120535054857351
0.2121683906724026
0.2123086484219546
0.2124930487292405
0.2127495738051301
0.2131170214646697
0.2136060427856304
0.2141636148372086
0.2148017937721815
0.2155407807307935
0.2164114174955779
0.2174380971006215
0.2186488790668302
0.2199
0.2199100526994096
0.2199301580982287
0.219970368895867
0.22
0.2200100526994096
0.2200262285244132
0.2200488503521006
0.2200830085127737
0.2201142678506401
0.2201482587337888
0.2201882529954086
0.2202362019891521
0.2202985020822996
0.2203638036703977
0.220434379985342
0.2205192030234807
0.2206250611327558
0.2207545556790768
0.220904672301594
0.2210784798225965
0.2212800664541121
0.2215144950275872
0.2217874759607878
0.2221016181524106
0.2224639940693005
0.2228814365765071
0.2233633360941764
0.2239218548630631
0.2245714905328687
0.2253330665466479
0.2262190527580717
0.2272799263825239
0.2285466723075588
0.2299
0.2299128160433348
0.2299384481300044
0.2299692240650022
0.23
0.2300128160433348
0.2300312273129867
0.230061382816393
0.2301038651484234
0.2301398052773765
0.230179649594856
0.2302286270426519
0.2302869260302434
0.2303426497234669
0.2303885501348776
0.2304287116464263
0.2304681555023307
0.2305122494152909
0.2305724968578574
0.2306369365134512
0.2306906199403445
0.2307454027702913
0.2307911990253709
0.2308336439647711
0.230880308754994
0.2309438395789117
0.2310105991005152
0.2310699727630625
0.231132010444457
0.2312012431350337
0.2312875654950448
0.2313908268955693
0.2314913645804852
0.2315972642056712
0.2317152477039803
0.231853780662532
0.2320221034838789
0.2322433790759325
0.2325569084634726
0.2330574408511763
0.2339450992286882
0.2357204159837121
0.2386478487392147
0.2399
0.2399098363340876
0.2399295090022627
0.239968854338613
0.24
0.2400098363340876
0.2400235894968467
0.2400452556560389
0.2400770064333757
0.2401112494628775
0.2401466019414926
0.2401848104539289
0.2402298792342311
0.2402810300372999
0.2403378314696107
0.2404094911202981
0.2405002228142398
0.2406145707297311
0.2407399577028855
0.2408913422011385
0.2410600453749653
0.2412616079108244
0.2415373139798769
0.2419897521914179
0.2428185602555426
0.2441236004085012
0.2465350455052764
0.2499
0.2499087335059577
0.249926200517873
0.2499611345417035
0.2499805672708518
0.25
0.2500087335059576
0.2500219200822124
0.2500394835663634
0.2500670048630702
0.2500965441200371
0.2501315160914588
0.2501710704350491
0.2502166247444465
0.2502670488012338
0.2503253044058771
0.2503928097477373
0.2504718625388907
0.2505475294317355
0.2506124828308501
0.2506696781496074
0.2507218089757899
0.2507721348817787
0.2508227376976384
0.2508725745416808
0.250912820663837
0.2509437405849139
0.2509716490393815
0.2510003344147731
0.2510344292535668
0.2510677787216389
0.2511020909606324
0.2511316918837858
0.2511578298630624
0.2511826268464073
0.2512080122930915
0.2512379917245705
0.2512805614133258
0.2513134065520223
0.2513421836725642
0.2513719197369113
0.2514044473150295
0.2514430731652962
0.2514824625087086
0.251525648858416
0.2515604047325213
0.251601101844824
0.251632931469743
0.2516604500852888
0.2516874063216218
0.2517155615014375
0.2517483510451859
0.2517881561783977
0.2518306685460223
0.2518674323740676
0.2519042218909031
0.2519437924262312
0.2519877563361941
0.2520375491122653
0.2520922787440635
0.2521533936003288
0.2522254756682145
0.2523114882274338
0.252404891887707
0.2525052829251613
0.2526163476352725
0.2527457807613043
0.2528984539363135
0.2530909299944735
0.2533471611082524
0.2537149346683502
0.2542955498714606
0.254964221320262
0.2557308788947255
0.2565461034189914
0.2572404067311674
0.257918423679987
0.2584999562310404
0.2591942410486952
0.2599
0.2599050120198345
0.2599122412024834
0.2599164286760286
0.2599205617314169
0.2599261504856809
0.2599339145079223
0.2599482267998437
0.2599693264351443
0.2599846632175721
0.26
0.2600050120198345
0.2600119223139594
0.260017845859647
0.2600296929510221
0.2600463901521145
0.2600607654546242
0.2600750883500319
0.2600909147986553
0.2601117510030294
0.2601358985485056
0.2601571330745889
0.2601752339914274
0.2601921750673403
0.2602104830044465
0.2602298568175842
0.2602524985098546
0.2602765845163242
0.260300977482003
0.2603220323054037
0.2603427903578432
0.2603649876812954
0.260390129599633
0.2604145415023949
0.2604350326285464
0.2604514405506559
0.2604671717288633
0.2604890898263127
0.2605086855620525
0.260524972192816
0.2605421192979683
0.2605614608305631
0.2605861663668866
0.2606100074691331
0.2606309766270185
0.2606521173016155
0.2606711280125374
0.2606881576794599
0.2607043688303244
0.2607207241668952
0.2607389337029624
0.2607660792209378
0.2607880099932433
0.2608043530233684
0.2608192091888276
0.2608332559193873
0.2608472988126214
0.2608622998837454
0.2608797035675388
0.2609058556914591
0.2609299891296384
0.2609490523365983
0.2609678847423922
0.2609878503299125
0.2610106758676777
0.2610391422038063
0.2610753270980607
0.2611248879949196
0.2611973432306071
0.2613148733859641
0.2615442042571323
0.2618107005802721
0.2621076868874586
0.2624470676757682
0.2628356943783218
0.2632872316265307
0.2638162540107455
0.2644382377584686
0.2651715228633437
0.2660387290043134
0.2670692575933351
0.2683023821800418
0.2698067128265675
0.2699
0.26990342330783
0.2699102699234901
0.2699222895808182
0.2699341072012035
0.2699495842323867
0.2699679415302113
0.2699839707651056
0.2699919853825528
0.2699959926912764
0.27
0.2700034233078301
0.2700062772878839
0.2700118988256187
0.2700221096720061
0.2700328472614751
0.2700421895198265
0.2700505934065662
0.2700587482031369
0.2700679983682934
0.2700793559616698
0.2700886101699894
0.2700966434798495
0.27010479054583
0.2701135643689699
0.2701234054216054
0.2701337156283493
0.2701421459751296
0.270148367509289
0.2701537692134053
0.2701598130160036
0.2701654506074603
0.2701712766294467
0.2701769008928172
0.2701828536020643
0.2701898932286684
0.2701975312853387
0.2702055289931425
0.2702154093426311
0.2702239025305296
0.2702326030109973
0.270240769765195
0.2702491304992598
0.2702573321632727
0.2702656910533132
0.2702758483435722
0.2702837724842865
0.2702921222879902
0.2702994331494117
0.2703060310818479
0.2703123281324814
0.2703184955545748
0.2703249317608592
0.2703325240327216
0.2703404399963136
0.2703487578800842
0.2703560864169298
0.2703634233646912
0.2703714118944419
0.2703802522606774
0.270389416439643
0.2703996301271845
0.2704137584366386
0.2704287664728732
0.270440107307687
0.2704511606537144
0.2704629728412227
0.2704765560643976
0.2704936827840403
0.2705168959633562
0.2705484511105321
0.2705979830169695
0.2706558213784983
0.2707168632988712
0.2707833225317586
0.2708596653624843
0.2709484090047318
0.2710149728131708
0.2710765737717717
0.271145105950271
0.2711875631504581
0.2712276673494564
0.2712721732696731
0.2713424926697626
0.271409225240172
0.2714711276981654
0.27154133123866
0.2716249042845209
0.2717387635272257
0.2719296381636711
0.2722527969870734
0.2726184898794359
0.2730291378022468
0.2734978674487781
0.273929389450595
0.2745376253862335
0.2752559330683144
0.2761043396911277
0.2771117038575279
0.2782789220220264
0.2796294176688324
0.2799
0.2799026230300042
0.2799078690900126
0.2799183612100294
0.27993140856234
0.2799447666233333
0.2799573547131514
0.2799733574722955
0.2799866787361478
0.2799933393680739
0.28
0.2800026230300042
0.2800067718358495
0.2800145287007593
0.280027443350051
0.2800377563870067
0.2800482287689212
0.2800622645085366
0.2800795765111648
0.2800959223064807
0.2801097622853629
0.2801237118662324
0.2801387967388013
0.2801563838278014
0.2801783291245909
0.280199243291892
0.2802195076925412
0.2802414180319785
0.2802685790282489
0.2802945448070205
0.2803160746536707
0.2803369604933765
0.2803589768775844
0.2803825077230065
0.2804047558448432
0.2804222556394129
0.2804366043413789
0.2804510567950326
0.2804741118417501
0.2804910756097548
0.2805057539208011
0.2805215075971734
0.2805393709677426
0.2805623952556271
0.2805946939983309
0.2806252404300427
0.2806496065649708
0.2806705054855133
0.2806898656379674
0.2807100836203427
0.2807363478009418
0.2807569947791386
0.2807735403745975
0.2807884067164823
0.2808023830935846
0.2808165206223257
0.2808321425924643
0.2808497171949755
0.2808698533252376
0.2808886404326
0.2809060425929535
0.2809240241685302
0.2809437327206956
0.2809672771771952
0.2809958621073633
0.2810334021898962
0.2810821653657082
0.2811401720829188
0.2812105587893151
0.2812937965170889
0.2814099961794255
0.2815092519760416
0.2816030528861142
0.2817185065493888
0.2819106673187244
0.2822337205191244
0.2826003542105104
0.2830138869305751
0.2834847154850607
0.2840228055501271
0.2846469453583814
0.2853776568150538
0.2862390154524585
0.2872626947519846
0.2885005604936638
0.2899
0.2899098916001512
0.2899184623333557
0.2899223438278202
0.2899262850137647
0.2899310318778385
0.2899374823388351
0.2899481350173908
0.2899642031880244
0.2899855852137194
0.29
0.290004601541251
0.2900117579731909
0.2900176254227107
0.2900293603217503
0.2900528301198295
0.2900822895389291
0.2901082092097503
0.2901294847766569
0.2901474778847392
0.2901634969202
0.2901790259560026
0.2901960274810297
0.2902212895855512
0.2902429727293033
0.2902601419138042
0.2902771660727099
0.2902948351429399
0.290312089553586
0.2903263712898818
0.2903381612109039
0.2903500137169038
0.2903684264827555
0.290382368489864
0.2903945465687671
0.2904076094870848
0.2904230827118199
0.2904402897521502
0.2904556251117162
0.2904715218490213
0.2904893300627113
0.2905047995875225
0.2905182645986545
0.2905306369686513
0.2905425154121896
0.2905547960469133
0.2905690955609477
0.2905830205280514
0.2905984770439858
0.2906111195981968
0.2906224353921605
0.2906332983280051
0.2906439580082789
0.2906549136093526
0.2906668463015092
0.2906814660380131
0.2906958728868976
0.2907116074273948
0.290725687596338
0.2907397088438941
0.2907546516427877
0.2907692574483501
0.2907840769394306
0.2908001109061212
0.2908199892970948
0.2908373894517937
0.2908570611130494
0.290875219047366
0.2908934561272628
0.2909132962592176
0.2909365530431066
0.2909642024530414
0.2909998507860365
0.2910482616941203
0.2911189914617262
0.2912339183550133
0.2914603240987823
0.2917267274269772
0.2920231281717563
0.2923613028737245
0.2927481822731164
0.2931972218266642
0.2937230349809757
0.2943411192589115
0.2950696324672852
0.2959310254950396
0.2969543492603363
0.2981785239993598
0.2996688887437458
0.2999
0.2999147379426453
0.299944213827936
0.2999776590217398
0.3
0.3000167109127028
0.3000309950024184
0.3000478401639168
0.3000696173861981
0.3000939189945151
0.3001213550983223
0.3001510400200624
0.3001806064722028
0.3002146145854733
0.300257327878676
0.3003127341610698
0.3003802689951729
0.300459484878891
0.3005585305911259
0.3006956595243956
0.3009231512981331
0.3013781348456079
0.3020916446020231
0.3034861115588804
0.3062750454725952
0.3099
0.3099053607109364
0.3099160821328093
0.309937524976555
0.3099566495032117
0.3099710908780746
0.3099849911082869
0.3099924955541434
0.31
0.3100053607109364
0.3100120125283348
0.3100203435848957
0.3100323059672587
0.3100430061401141
0.3100547745472439
0.3100700907357274
0.3100867010045297
0.3101011233827666
0.3101167797049345
0.3101346744216956
0.3101581438078916
0.3101937234827491
0.3102381043863894
0.3102891994330975
0.3103482084132869
0.3104137448823286
0.3104920425570141
0.3105822290222023
0.3106848386961966
0.3108015902493678
0.3109324795955099
0.3110808440540919
0.311251060541142
0.3114468108809232
0.3116871017522255
0.3119928329066321
0.3124208106284087
0.3131298420574868
0.3145479049156431
0.3170173164716118
0.3199
0.3199048141133889
0.3199144423401667
0.3199336987937225
0.3199484234217137
0.3199618653307215
0.3199768460297207
0.3199884230148604
0.32
0.3200048141133889
0.3200110784951488
0.3200236072586684
0.3200375013935448
0.3200514591590795
0.3200682830218663
0.3200850354746226
0.3201040482782281
0.3201288783776644
0.3201687530038584
0.3202171570787463
0.3202723959149835
0.3203327013578502
0.3203819794261092
0.32042415038607
0.3204637374751231
0.3205044971241136
0.3205570855580818
0.3205912169782859
0.3206269080623355
0.3206575650053422
0.3206837066074075
0.3207080784017868
0.3207322146410354
0.3207590984578912
0.3208017148217241
0.3208350089017688
0.3208623242809633
0.3208902912376454
0.3209204897999053
0.3209574452696007
0.3209984259680592
0.3210423187039169
0.3210778539533684
0.3211143509692364
0.3211452219755779
0.321173616319307
0.3212028336853961
0.3212363403920298
0.3212660318619583
0.3212943314422509
0.321332212246247
0.321369629971725
0.3214093595179684
0.3214542093609818
0.321507050941265
0.3215681813276505
0.3216436924252938
0.3217469464200362
0.3219050214467025
0.3221105007322334
0.3223373509269236
0.3225996608718852
0.3229199221100502
0.3233146534170566
0.3238413673757986
0.324453912678335
0.3251654333823149
0.3260037564810924
0.3269817372419535
0.3281589326724489
0.3295273529395599
0.3299
0.3299052090760817
0.3299156272282451
0.329929996800283
0.3299437870345528
0.3299583048783153
0.329975939508543
0.3299879697542715
0.33
0.3300052090760817
0.3300118825829237
0.3300230735361918
0.3300381778040122
0.330054035307779
0.330071255555209
0.3300917882654564
0.3301218761798623
0.3301687566966816
0.3302104014842486
0.3302471686591822
0.3302828630774288
0.3303210489397556
0.3303790193592391
0.3304247388702296
0.3304615113022671
0.3304985731624669
0.3305380331583221
0.3305851911842824
0.3306361231347208
0.3306772176692018
0.3307094239027125
0.330740138786929
0.3307827045390109
0.3308202592747721
0.330851639354598
0.330884862207476
0.3309225595691236
0.3309709109728301
0.3310298137585283
0.3310789716583477
0.3311211339415623
0.331160960813578
0.3312034440842976
0.3312339055151528
0.3312744418005451
0.3313073570598971
0.3313360287895256
0.3313643274000764
0.3313937809710061
0.3314286734968232
0.3314682769747885
0.331510677949291
0.3315475255302433
0.331584451227824
0.3316244454253152
0.3316717415853052
0.3317290550516426
0.3318049907716092
0.3319118907325383
0.3320764988042409
0.3323635236247894
0.3327760256980853
0.3332401251746801
0.3337663738264428
0.3343323455550365
0.3349141522041724
0.3355563155486815
0.3364206097232679
0.3374003952885383
0.3381166914403114
0.3388033457159128
0.3395352575964846
0.3399
0.3399077478968485
0.3399232436905454
0.3399542352779394
0.3399765193250923
0.34
0.3400077478968485
0.3400208600192755
0.3400371770286282
0.3400580250471978
0.3400812762693367
0.3401088306089695
0.3401455743826368
0.3401876888098531
0.3402362397496766
0.3402925352074853
0.3403578156994719
0.3404338573251556
0.3405225632539908
0.3406260538602903
0.3407467636214514
0.3408874927662285
0.3410514909438121
0.3412425162693915
0.3414029110107528
0.3415310786426508
0.3416536645800514
0.3417894578343265
0.3419639215958598
0.342159230334236
0.3423073757874148
0.3424425334977861
0.3425890324412472
0.3427695123213026
0.3429686440085229
0.3431578184777135
0.3433580865291511
0.3435652386126941
0.3437775178601087
0.3440321886547927
0.3443489871071763
0.344707960105351
0.3450257544236702
0.3453583828518966
0.3457392600597722
0.346146906121837
0.3467876643055373
0.3472506241956981
0.3477103930626663
0.3484314927541015
0.3493776699010422
0.3499
0.3499051355185349
0.3499154065556048
0.3499359486297445
0.3499506083832425
0.3499740835286803
0.35
0.350005135518535
0.3500153151270682
0.3500238297314686
0.3500361283221519
0.3500480631286739
0.3500586462593913
0.3500689827480021
0.3500801764973328
0.350097549590326
0.3501097729839118
0.3501196514187925
0.350129259247263
0.3501380342893991
0.350145399807204
0.3501518853929947
0.350158767050109
0.3501660854595305
0.3501738785153053
0.3501809180651054
0.3501882712991323
0.350196585922081
0.3502068067934992
0.3502203978125835
0.350240431624582
0.3502602464877679
0.3502746372446307
0.3502859947880175
0.3502959140411716
0.3503055311141776
0.3503168654814098
0.3503253912054002
0.3503352110125534
0.3503437787530575
0.3503514777369896
0.3503588650085522
0.3503661041004704
0.3503736248113332
0.3503823006363127
0.3503926730789721
0.3504031796008544
0.3504119764253736
0.3504206816371359
0.3504300249024608
0.3504407126059603
0.350453886970019
0.3504711839911205
0.350493887765261
0.3505275002244849
0.3505834056955087
0.3506879360093463
0.3508046819034431
0.3509384403664981
0.351070848601967
0.3512138745804
0.3513780917740313
0.351558062588355
0.3517606303391139
0.3520096400032217
0.3523440129779754
0.3528402013600044
0.3534091970237094
0.3540584570529604
0.3548084021060626
0.355681450132769
0.3567142207936106
0.3579512220920564
0.3594639499029093
0.3599
0.3599146312637598
0.3599438937912793
0.3599719468956397
0.36
0.3600146312637598
0.3600317856949335
0.3600573161308053
0.3600910079748683
0.360124073242453
0.3601644472923086
0.3602090954231488
0.3602597156578531
0.3603274396209974
0.3604283561558289
0.3605547212453288
0.3606933793484187
0.3608483752182161
0.3610232762943899
0.3612270068809207
0.3614654364917077
0.3617402062864218
0.3620521323495121
0.3624074359766559
0.3628029868341056
0.363273417338943
0.3638554600398418
0.3646450311520396
0.3658980208762426
0.3684040003246488
0.3699
0.3699047441097175
0.3699142323291525
0.3699332087680226
0.3699476637345158
0.3699669783768422
0.3699834891884211
0.3699917445942106
0.37
0.3700047441097175
0.3700097190850728
0.3700165345148302
0.3700301653743451
0.3700462833753338
0.3700629220963196
0.3700766457867466
0.3700882622265723
0.3700990698165455
0.3701103420077781
0.3701257261421164
0.3701395212448716
0.3701502467102646
0.3701605189456678
0.3701706516858014
0.3701799319281643
0.3701875864590172
0.3701943053939435
0.3702015024817813
0.3702088104354533
0.3702167549662891
0.3702239918086138
0.3702315163465932
0.3702399856930135
0.3702502870961838
0.3702640125385046
0.3702822850270326
0.3703023322557806
0.3703173698095175
0.3703292037929838
0.3703395601309566
0.3703494893941516
0.3703607994269835
0.3703691334580739
0.370379835837407
0.3703889569246044
0.3703970220695723
0.3704047334091372
0.3704122070313005
0.3704198595441923
0.3704284213454859
0.3704405935348597
0.370452599982223
0.370461880900701
0.3704709607192766
0.3704805977734801
0.3704916013205566
0.3705053605133268
0.3705229660020533
0.3705472909394142
0.3705832798182735
0.3706430491510461
0.3707625878165914
0.3709745768880858
0.3712015682717215
0.3714499454226688
0.3717306860624131
0.3720502824690637
0.3724212698340235
0.3728554709219226
0.3733648186482526
0.3739626899710272
0.3746591801462595
0.3754698584268043
0.3764217538027164
0.3775517981338808
0.3789103171337077
0.3799
0.3799229944721952
0.3799689834165858
0.38
0.3800229944721953
0.3800465102379326
0.3800780919456617
0.380132468021766
0.3801926868260551
0.3802736190884229
0.380391301557455
0.3805889655977894
0.3808234783911578
0.3811748577928861
0.3818776165963427
0.3832657548129164
0.38580034831882
0.3897135234827192
0.3899
0.3899344523173878
0.39
0.3900344523173879
0.3900585635311849
0.390091268241934
0.3901359193314735
0.3901794440562488
0.3902288206631094
0.3902896013803684
0.3903471447318868
0.3904118599689952
0.390495584118762
0.3906274548117844
0.3908911961978292
0.3912178800043244
0.391780861184039
0.3929068235434682
0.3951587482623266
0.3996625977000433
0.3999
0.3999113240461044
0.3999339721383133
0.3999606349003471
0.3999803174501736
0.4
0.4000113240461045
0.4000228506355677
0.4000410485679252
0.4000690240552677
0.4000969670743952
0.4001262401769733
0.4001594884662639
0.4001977392271049
0.4002425425573086
0.4002951908917147
0.4003568761868825
0.4004289839971898
0.4005131499136486
0.4006113355231138
0.400725870557242
0.4008594869326262
0.4010153840141976
0.4011973408885994
0.4014087224605735
0.4016550379695659
0.4018531081156131
0.4019982074278329
0.4021247913520591
0.4022546740645877
0.4024094247246112
0.4025540631627874
0.4026963741652905
0.4028419258882822
0.4029668189066808
0.4030677315469916
0.4031658966991347
0.4032782490479058
0.4034276700870085
0.4035753655230281
0.4037076343332158
0.4038476808418391
0.4040071952625809
0.4042093355641622
0.4044831559487388
0.4048805765349544
0.405367835673354
0.4059663616583122
0.4067192593901114
0.4076155372553896
0.4087879992373868
0.4099
0.4099538185190648
0.41
0.4100538185190648
0.410102408926999
0.4101546478018083
0.4102579411190339
0.4103636633644189
0.4104943573184626
0.4106398384889426
0.4107861840058827
0.4109625917271058
0.4111670366114487
0.4113988545603026
0.4116397663576706
0.4119344746385407
0.4123176290205521
0.412841198189054
0.4134768880104275
0.4142970641562256
0.4154202091645004
0.4171280426581797
0.4199
0.4199110690089827
0.419933207026948
0.419966603513474
0.419983301756737
0.42
0.4200110690089827
0.420024344122562
0.4200426835360502
0.4200703472339361
0.4200975060546017
0.4201296311427566
0.4201671811011745
0.4202089167204438
0.4202628997068953
0.4203478681625348
0.4204589728732316
0.4205836114249011
0.4207022374851799
0.4208118629224852
0.420921984744371
0.4210519490376299
0.4211674887433426
0.4212893926885454
0.4214013689111836
0.4215144990668312
0.4216381960396531
0.421784379092441
0.4219606090753192
0.4221907197559269
0.4225091051371432
0.4227843563755742
0.4229943270021332
0.4232219790415195
0.4235023214312192
0.4237042638233116
0.4238946416027498
0.424085442486735
0.4242527523187457
0.42443624373073
0.4245777246957147
0.4247069009291874
0.4248454773688992
0.4250240685975873
0.4252078374099869
0.425391035270611
0.4255704635646808
0.4257625369615109
0.4259895867040426
0.4262655908961687
0.4266393697082309
0.4271875174358946
0.4280837949496337
0.4295333327578118
0.4299
0.4299122202175543
0.4299366606526628
0.4299683303263314
0.43
0.4300122202175543
0.4300299776364622
0.4300508318949642
0.4300804393351343
0.4301127730362762
0.4301554679076623
0.4301988954746496
0.4302440361770748
0.4302894457439079
0.4303312232960402
0.4303744926235996
0.4304268234986535
0.4304921503503839
0.4305582679052212
0.4306194534457413
0.4306863648923194
0.4307623231689183
0.430859551657303
0.430997134460308
0.4312215731819483
0.431670450625229
0.4324832104809397
0.4338392896908334
0.4365514481106209
0.4399
0.4399123795509092
0.4399371386527277
0.4399685693263639
0.439984284663182
0.44
0.4400123795509092
0.4400258317517387
0.4400435152020152
0.440068322116208
0.4400947879038724
0.4401268863904843
0.4401592198848589
0.4401967601250982
0.4402478346835677
0.4403029792848339
0.4403495843579298
0.4403910512621949
0.4404309325540503
0.4404734527011287
0.4405344258709866
0.4405840478518215
0.4406191780181198
0.4406488140967154
0.4406747536777521
0.440699080418804
0.4407245542740237
0.4407564283736286
0.4407849844093558
0.4408142840809001
0.4408420220798073
0.4408706510020934
0.440902529391609
0.4409410926226608
0.4409832736473727
0.4410298687903023
0.4410799293489382
0.4411166962874571
0.4411472267428824
0.4411764691060371
0.441207178291474
0.4412458759604758
0.4412772592158699
0.4413177523065466
0.4413563971110138
0.4413959982281018
0.4414401689961017
0.4414924496939177
0.4415526753920035
0.4416265143324598
0.4417264285213743
0.4418769968115963
0.4420869565218088
0.442319700871688
0.4425882233711792
0.4429155671035535
0.4433177458355089
0.4438374157024849
0.4444423440249514
0.4451465966755161
0.4459737154482121
0.4469593822059121
0.4481267761810881
0.4494846333542318
0.4499
0.4499123795509092
0.4499371386527276
0.4499685693263638
0.45
0.4500123795509092
0.4500310255286423
0.4500528739437974
0.4500842719950025
0.4501191157451004
0.4501620846140163
0.4502092891987839
0.450266292580406
0.4503411709339071
0.4504204386379556
0.4505046142286219
0.450594496387268
0.4506907534561945
0.4508029263516296
0.4509093293473216
0.4510201986976941
0.4511189697926129
0.45121756683623
0.4513247720320119
0.4514481520077523
0.4516002557990209
0.4517998717607515
0.4520642410908282
0.4522528079020388
0.4524035300561845
0.452572176693868
0.4527214620441887
0.4528683878013078
0.4530160811627779
0.4531738792615918
0.4533237618534477
0.4534883772223717
0.4535949527855526
0.4537232722973895
0.4538342682152745
0.4539377626251977
0.4540502484689543
0.4541935970944364
0.4543371312006482
0.4544862280716149
0.4546297899167644
0.4547818009760636
0.4549551919592576
0.4551702991841728
0.4554478317909764
0.4558437386284194
0.4564639605088636
0.4576147414519
0.4589429375749231
0.4599
0.4599355081670001
0.4599677540835
0.46
0.4600262711735493
0.4600502065247062
0.46008160549612
0.460134323037061
0.4601881134898387
0.4602443234379212
0.4603164311550643
0.4604058650136583
0.4605095795296117
0.4606302256257338
0.4607703760503661
0.4609333737557958
0.4611233780985249
0.4613037426047265
0.4614499128398654
0.4615753845521045
0.4616937503378259
0.4618208265685866
0.4620071077325544
0.4621746771982539
0.4623113569955166
0.4624514133537645
0.4626061139021408
0.4627401355340957
0.462858690335653
0.462980483316381
0.463127363393621
0.4633053224049306
0.4634798887046448
0.4636441432784756
0.4638196709875389
0.4640279601572501
0.4642836563108877
0.4646412964402348
0.4651869180478129
0.465872895086701
0.4667213084897121
0.4677818800376347
0.4690534476962786
0.4699
0.4699171270513213
0.469951381153964
0.47
0.4700171270513214
0.4700393674382851
0.4700729543590624
0.4701118758450844
0.4701534855998775
0.4701924772272679
0.4702312359580991
0.4702748559736296
0.4703314491593048
0.4703936512986288
0.4704442823368702
0.4704928471176386
0.4705474200639805
0.4705963369208023
0.4706754713391132
0.4707451792579447
0.4708190286814176
0.4709031880686458
0.4710069813236082
0.4711439152708521
0.4713143547546378
0.4715209222377895
0.4717499932905765
0.472015332535468
0.4723266632927741
0.4727177715002459
0.4732418118419989
0.4740085730334434
0.4753062580523533
0.4779016280901732
0.4799
0.4799059997423609
0.4799179992270826
0.4799419981965261
0.4799605938063093
0.4799788872906078
0.48
0.4800059997423609
0.480015928342034
0.4800329878562962
0.4800519482083688
0.4800699230631721
0.4800909582474953
0.4801144564790976
0.4801425291366436
0.4801752363155918
0.4802185660390406
0.4802883411446928
0.4803728892557927
0.4804660018391431
0.4805712034141755
0.4806915618126678
0.4808314578778422
0.4809959633615375
0.4811902193072092
0.4814146131550677
0.4816053021966222
0.4818900383044769
0.4822226599633863
0.4826183129827616
0.4830828530521838
0.4835063741819059
0.4838705176637048
0.4842344467482868
0.4846262790193495
0.4850794070878928
0.485641639271736
0.4863432620476386
0.4871337012366726
0.4881542110908467
0.4893121404573135
0.4899
0.4899052184613293
0.4899156553839878
0.489936529229305
0.4899518628663597
0.4899676819860441
0.4899869761482026
0.49
0.4900052184613293
0.4900121781760783
0.4900234518932825
0.4900393611318014
0.4900558058008116
0.4900740794071252
0.4900952747996474
0.4901203639724386
0.4901497818853716
0.4901843378697703
0.4902248948946138
0.4902724521630203
0.4903239603059412
0.4903785787449792
0.4904191085690229
0.4904637818411227
0.4904998599494628
0.4905326817472329
0.4905681166523142
0.4906152536938899
0.490665010240505
0.4907096126117998
0.4907543500083668
0.4907986380073373
0.4908351655549589
0.4908702348203871
0.4909088551549174
0.490962585224004
0.4910057925298982
0.4910536122522064
0.4911025882488045
0.4911557209846076
0.4912198117847577
0.4912959216089408
0.4913928276528042
0.4915246140569
0.4916865426481363
0.4918771148643436
0.4920832298167625
0.4923179929065968
0.4925855376343821
0.4929128703743635
0.4933360836051227
0.4939218190770104
0.4946223326520084
0.4954238481656599
0.4963474395523907
0.4974125507587417
0.4985357038624026
0.4995358663573959
0.4999
0.4999105206335207
0.4999315619005621
0.499965780950281
0.4999828904751406
0.5
0.5000105206335207
0.5000236700927136
0.500042222182032
0.5000674347482954
0.500095575478234
0.5001263269841097
0.5001666394996883
0.5002244457790738
0.5002900721897863
0.5003639491451471
0.5004596583192591
0.5005613604205866
0.5006481867900469
0.5007146762450846
0.5007677485772889
0.5008124386943823
0.5008523660826888
0.5008909954844482
0.5009285535065475
0.5009575109327447
0.500978925652581
0.5009987136097696
0.5010147008364249
0.5010308059785616
0.5010471111307546
0.5010659617804861
0.5010916184679097
0.5011138148177754
0.5011332654602857
0.5011525313689714
0.5011734783623336
0.5012013657463128
0.5012348019966543
0.5012670454034336
0.5013001089273306
0.5013339847070347
0.5013688488268081
0.50140419278866
0.5014340109598335
0.5014583890827912
0.5014810461496011
0.5015041421806855
0.5015305088483144
0.5015622194325556
0.5015983388216118
0.5016285648600167
0.5016536349594677
0.5016851878331043
0.5017118845202142
0.5017319513230397
0.5017522839303027
0.5017706413782956
0.5017894335959585
0.5018060822174623
0.5018299140539595
0.5018525657767049
0.5018759368577798
0.5019008632154682
0.5019236011184284
0.5019430131746911
0.5019600995542676
0.501975684912383
0.5019906587068502
0.502006247362239
0.5020250405288695
0.5020372797104726
0.5020501646273666
0.5020613116322636
0.5020713350898158
0.5020815460487
0.5020930446788332
0.5021066195974033
0.5021206883776781
0.5021339999719832
0.5021471854730255
0.5021614231982813
0.5021778856638033
0.5021971620856587
0.5022138778446984
0.502230434231841
0.502245297448246
0.5022627504285241
0.5022787898123477
0.5022952352127776
0.5023087343629709
0.5023208414697237
0.502332720778072
0.5023489308714388
0.5023684054696383
0.5023855730693775
0.5024032300117618
0.5024203642431253
0.5024386819265896
0.5024603036558603
0.5024879822549801
0.5025258335972806
0.5025818420297787
0.5026374001937896
0.502693989681509
0.5027559198087226
0.5028216557555341
0.5028948225660748
0.5029726528575991
0.5030569630127959
0.5031529066974008
0.5032340189628958
0.5033173453279629
0.5034125691731802
0.5035329945795581
0.5037058392848401
0.5039934065377222
0.5041559836410855
0.5043261233277642
0.5045015276874706
0.5046711076711695
0.5049055030970667
0.5052023250051448
0.5054589433720005
0.5056136849562499
0.5057823395138276
0.5059008486893958
0.5060134298026888
0.5061528374522843
0.5062551188976846
0.5063663192061919
0.5065119123814985
0.5067084091145199
0.507026098844477
0.5075439526313886
0.5081055950671944
0.5087760505469622
0.509599538253475
0.5099
0.5099100101732057
0.509930030519617
0.509959804688736
0.5099799023443681
0.51
0.5100100101732057
0.5100240888909394
0.5100391529319753
0.5100635650360494
0.5100896765785475
0.5101119486679668
0.5101469573134505
0.5101954337311251
0.5102401087736589
0.5102766098076147
0.5103176811348408
0.5103596363129935
0.5104024077615168
0.5104546250594232
0.5105170581767035
0.5105635979862724
0.5106066726371209
0.510651444445752
0.5107008795417949
0.5107613331371523
0.5108344266476624
0.5109103625031224
0.5109979973211582
0.5111057144633112
0.511253695168214
0.5113941081028671
0.511535649344708
0.5117238804197163
0.5119766296224151
0.5121805153902673
0.5124046024799317
0.5126551498418135
0.513001060115441
0.5135530831429974
0.5141954916235588
0.5149309822949514
0.5157808247788968
0.5167704045329283
0.5179324273556786
0.5193623922513712
0.5199
0.5199083230428113
0.5199249691284339
0.519958261299679
0.5199825673119557
0.52
0.5200083230428113
0.5200186426162587
0.5200346149722431
0.5200568513506457
0.520080174718942
0.5201017978330154
0.5201320959199908
0.5201663646827649
0.5201992968080404
0.5202443994161595
0.5202930429573258
0.520338577834517
0.5203898019212795
0.5204388227111794
0.5205034168055197
0.5205805787699166
0.5206596682421492
0.5207228260438397
0.520789096166448
0.5208585977158305
0.5208852002256339
0.5209087918990034
0.5209281701811161
0.5209470965809868
0.5209667731358806
0.5209943554559914
0.5210140167975372
0.5210334921289408
0.5210561790689302
0.5210850616207083
0.5211084312723734
0.5211295484207987
0.5211505791681406
0.5211769124358386
0.5211981204959757
0.5212214972641617
0.5212501513874344
0.5213030303669628
0.5213715982208474
0.521422329578711
0.5214870093781564
0.5215768365704535
0.5216481104071015
0.5217670020718056
0.5218647142900953
0.521882511766204
0.5219181067184215
0.5219892966228565
0.5220579660605618
0.522138155510221
0.5222419155398296
0.5224004302551976
0.5226463324423457
0.5229244039036488
0.5230716283754007
0.5232192498671613
0.5233462707288504
0.5234696563024043
0.5236737569914693
0.5238205896986683
0.5239485554388423
0.5240881332567664
0.5242234464031414
0.5243943833853741
0.5244974174873951
0.5245987693547809
0.524693896522999
0.5247901082530104
0.5249086526865834
0.5250368080887128
0.5251737924688387
0.5253013967022984
0.5254353519938647
0.5255874182755563
0.525778248737808
0.5260236480930999
0.5263770512559869
0.5269617473343946
0.5279799159749018
0.5291322238261069
0.5299
0.5299059167171658
0.5299177501514973
0.5299414170201604
0.5299600076599937
0.529981048407437
0.53
0.5300059167171658
0.5300143098400991
0.5300260988663903
0.5300447349632155
0.5300652074308987
0.5300876783673144
0.5301138396933442
0.5301397709948665
0.5301634430363708
0.5301858478958116
0.5302085259875927
0.530231473714129
0.530245851893253
0.5302605492009026
0.5302732380288474
0.5302850704915916
0.5302981759674413
0.5303130592433493
0.5303273011688023
0.5303417258592401
0.5303570156062172
0.5303713829959347
0.5303837824775426
0.5303950586207417
0.5304061177511235
0.5304183389167643
0.5304372990212025
0.5304523456159399
0.5304646681249721
0.5304772292807973
0.5304908177308638
0.5305069320504769
0.5305245997549968
0.5305428745684344
0.5305610227059754
0.5305770374282063
0.5305917420604676
0.5306049809436658
0.5306176730111785
0.5306311940959699
0.5306439118653877
0.5306564138878412
0.5306663265197196
0.5306747371966146
0.5306826758972725
0.5306908481959918
0.5307006548453247
0.5307127766462684
0.5307236782248991
0.5307334644599513
0.5307435753015746
0.5307547007569994
0.5307683018119562
0.5307813679026548
0.5307939954256042
0.5308076571901627
0.5308240812436407
0.530840704452779
0.5308555752725574
0.5308701454625779
0.5308846605604295
0.5308986968643996
0.5309117012810988
0.5309236605139313
0.5309352169563311
0.5309476323516777
0.530965476128474
0.5309812703338862
0.5309937112619754
0.5310061053039192
0.5310193939489876
0.5310349471773405
0.5310550563140709
0.5310721092555725
0.5310841256280789
0.531096438066402
0.5311065978377878
0.5311202281894662
0.5311309282519855
0.5311417845483379
0.5311580264536545
0.5311717395007729
0.5311884937324434
0.5312028379426684
0.5312216928298106
0.5312430299922315
0.5312641308975323
0.5312837968427483
0.5313045567157909
0.5313247882833108
0.5313538968170107
0.5313906034479918
0.5314199891391154
0.5314474816612341
0.5314773957117089
0.5315075363284859
0.5315537912735439
0.5315989466416182
0.5316414825741367
0.5316850569644099
0.5317311370092914
0.5317762312278477
0.5318255659508054
0.5318834022023005
0.5319550556292899
0.5320480387583
0.5321727492809246
0.5323496326333307
0.5326223025159801
0.5331238442465057
0.5336948476220336
0.5343405668846438
0.5349119541407702
0.5355760278975161
0.5362635425446705
0.5368255309630864
0.5374755752912509
0.538264860889176
0.539579932477108
0.5398999999999999
0.5399033751362381
0.5399101254087144
0.539923625953667
0.5399347137767442
0.5399456311229667
0.5399587565469813
0.5399723247199505
0.5399866077272548
0.5399933038636274
0.54
0.5400033751362382
0.5400070866760267
0.5400145097556037
0.5400256328290473
0.5400368262697285
0.5400501795403858
0.5400649813983895
0.540080307297201
0.5400988814029105
0.5401175461130475
0.5401365214258997
0.5401537844611854
0.5401822633944428
0.5402057505797712
0.5402343158230606
0.5402626045375695
0.5402900801468836
0.5403112882590106
0.5403296995636278
0.540350430181616
0.5403721916692494
0.5404054178329935
0.5404293147334163
0.5404524281296289
0.540478876079938
0.5405101982810684
0.5405517955186275
0.5405952863972872
0.5406388981230756
0.5406852201959035
0.5407363512045882
0.5407968325685854
0.5408697091419091
0.5408986067240643
0.5409260528473158
0.5409454759661237
0.5409673330337729
0.5409866772288026
0.5410113027440924
0.5410330226616884
0.5410521066354669
0.5410733272633759
0.5410953464528212
0.5411186266763787
0.5411387275613464
0.5411582150343488
0.5411805003556082
0.5412041318370968
0.5412247044083106
0.5412484898507438
0.5412865843122842
0.5413314564486437
0.5413696687231557
0.5414004476664155
0.5414273245934291
0.5414552911141012
0.5414917226781477
0.5415240020377871
0.5415529361887994
0.5415840252968213
0.5416198650953621
0.5416630468427714
0.541700793033902
0.5417349657699408
0.5417695831173722
0.54181365802217
0.5418414150972637
0.5418692040828765
0.5418943733144286
0.5419178999373349
0.5419425819668181
0.5419715713416975
0.5420044381514612
0.54203947013065
0.5420700703328161
0.5421010096189759
0.5421350331768859
0.5421749843411793
0.5422265224617528
0.5422948183462086
0.5423954887884495
0.542568742697447
0.5428383703479152
0.5431520567720546
0.5435071273794947
0.5439139045023638
0.5443826828263714
0.5449291401661902
0.5455702424958645
0.546322511521984
0.5472100572883305
0.5482204854333175
0.5493193398266241
0.5498999999999999
0.5499027971898243
0.5499083915694729
0.5499195803287702
0.5499308872355111
0.5499424526838563
0.5499576708097818
0.5499745859425311
0.5499872929712656
0.5499936464856328
0.5499968232428164
0.55
0.5500027971898244
0.5500051414694953
0.5500098300288372
0.550019207147521
0.5500306841204731
0.550042499778474
0.5500540550527888
0.5500647245437895
0.5500753809128409
0.5500878900414151
0.5500996959751223
0.5501116966847808
0.5501225993666724
0.5501335969016438
0.5501455687414035
0.550159120140237
0.5501728105266683
0.5501835478987471
0.5501916701474932
0.5501992340201416
0.5502093138742734
0.5502189374267086
0.550226803911491
0.5502350189589971
0.5502442563331814
0.5502558418314685
0.5502721219112616
0.5502906038865871
0.5503050971095468
0.5503169465945359
0.5503275882726105
0.5503380625831952
0.5503505825408012
0.5503599793203522
0.5503703917697963
0.5503795044494915
0.5503877032064799
0.5503955790094617
0.5504033557159524
0.5504115550358908
0.5504213525584333
0.550430682279973
0.5504412446840091
0.5504506493788534
0.5504599904351636
0.550470127680061
0.550481710389713
0.5504960293689195
0.5505141515008344
0.550538929289986
0.5505754216636038
0.55063576799278
0.5507564606511324
0.5508944351203079
0.5510481101787332
0.5512239634492165
0.5514252512858228
0.5515807769956365
0.5517408574837653
0.5519308625078935
0.5520859174513164
0.5522636632243172
0.5526011822696278
0.5530549601400333
0.5535687322760974
0.5541606772511455
0.5548434858226436
0.5556385606254445
0.5565774147022787
0.5576942256015412
0.559059981294309
0.5599
0.5599045461726191
0.5599136385178574
0.5599318232083339
0.5599472306642117
0.5599604434668857
0.5599747725499231
0.5599873862749616
0.56
0.5600045461726192
0.5600108772191321
0.5600224593019296
0.5600357103995355
0.5600491510381248
0.5600653288961424
0.5600811424418194
0.5600990430846099
0.5601222531114636
0.5601562600605866
0.5601960749109243
0.5602421724523146
0.560295729184429
0.5603580571689095
0.560407764304389
0.560443350262675
0.5604717811389297
0.5604965577864083
0.5605204358007528
0.5605469241451756
0.5605770804365255
0.5606082514517925
0.5606326257513863
0.5606539229616767
0.5606729671539353
0.5606899290735337
0.560705693939989
0.5607213452910751
0.5607387370640091
0.5607665071341116
0.5607874570358475
0.5608045453799829
0.5608219495914983
0.5608405756821024
0.5608631131102898
0.5608904966516934
0.560916869903568
0.560943178794803
0.5609734278843254
0.5609930578728434
0.5610138767640805
0.5610311634026034
0.5610465032642774
0.5610622521971133
0.5610808502046079
0.5610980451072386
0.5611132675138227
0.5611276070376562
0.5611453180902911
0.561164224176361
0.5611877426797306
0.5612114383432668
0.5612330584494133
0.5612566819383288
0.5612843321394584
0.5613188617073681
0.5613642228303146
0.561410731886307
0.5614576338095433
0.561507688987074
0.5615628089621263
0.5616272054788375
0.5617032623195124
0.5617996333381902
0.5619223065051926
0.5620577736995722
0.5622443960251637
0.5625445659502606
0.5629479605012349
0.5634095734442127
0.5639397659721852
0.5645535533039095
0.5652720494195206
0.5661256512233134
0.5671570493865521
0.5683954716437153
0.5698426246035677
0.5699
0.5699034509824071
0.5699103529472215
0.569922389306511
0.5699356698339086
0.5699483720123141
0.5699643880229904
0.5699837401912119
0.5700000000000001
0.5700034509824072
0.5700103529472216
0.5700184991533035
0.5700333241271429
0.5700485063464074
0.5700616514063528
0.5700737510918408
0.5700856312434621
0.5700977325239954
0.5701090799482161
0.5701204553868344
0.570132224267657
0.5701440632069997
0.5701566733492043
0.5701685444860631
0.570179655669286
0.5701902994059436
0.5701986336218569
0.5702060634347287
0.5702140567228269
0.5702217080957123
0.5702296768897228
0.5702375493800457
0.5702459313661636
0.5702549093722415
0.5702631279653723
0.5702715275520204
0.5702807544479612
0.5702914578325217
0.5703048485037753
0.5703184354686773
0.5703310689234153
0.5703425998974796
0.570354003607812
0.5703671805223883
0.5703801536789613
0.5703905421291277
0.5703998408503212
0.5704086557778698
0.5704170582463883
0.5704255235107941
0.5704347526650635
0.5704455778124023
0.5704546645682624
0.5704629862226209
0.5704710641570937
0.5704810963777072
0.570491708640895
0.5705049302179576
0.5705188806487901
0.5705308302728685
0.5705429420517112
0.5705561884291303
0.570571972057786
0.5705925136312725
0.5706214259372812
0.5706647573285695
0.5707270509037236
0.5707949547892814
0.5708720263474818
0.5709595899582572
0.5710658884365342
0.5712031080852151
0.5713936544804059
0.571622326037587
0.5718090407880907
0.5719759211468523
0.5721426584903415
0.5722640299354909
0.5723965461252897
0.5725762363548721
0.5727413002219992
0.572924303410149
0.5731733314510894
0.5736417650244814
0.5742616356245582
0.5749994221004431
0.5758437186455907
0.5768174323176471
0.577962502288448
0.5792979722236107
0.5799
0.579904113527815
0.5799123405834451
0.5799287946947053
0.5799434262465337
0.5799593045515926
0.5799765354974703
0.5799882677487351
0.5799941338743675
0.58
0.580004113527815
0.5800081177708828
0.5800161262570184
0.580031423632503
0.5800444281419572
0.5800592625130213
0.5800774599057056
0.5801005055862626
0.5801249373842351
0.5801528244813939
0.5801867631406882
0.5802181528356328
0.5802551258236666
0.580310055393849
0.5803504166941719
0.5804105417618108
0.5804810124410533
0.5805622801848024
0.5806587264895229
0.5807724684016852
0.5809030003972717
0.5810530078224556
0.581235630149508
0.5814485088601257
0.5816984409208537
0.5819907979630601
0.5822554884846738
0.5824599061175894
0.5825621149340472
0.5827458331863999
0.5829527497568043
0.5832483730949333
0.5837533228359973
0.5847163054486675
0.5857693501525035
0.5870225363721416
0.5885270418155649
0.5899
0.5899050393954544
0.5899151181863631
0.5899352757681806
0.5899509769329362
0.5899683186451619
0.589984159322581
0.5899920796612905
0.59
0.5900050393954543
0.5900104239419869
0.5900178681282867
0.5900327565008864
0.5900498179602467
0.5900668923316331
0.5900814045931186
0.5900941720583968
0.5901065910349467
0.5901206384451902
0.5901332950298332
0.5901475242653978
0.5901603410253932
0.5901729745963732
0.590186375833467
0.5902003994036468
0.5902130717964005
0.5902229112722425
0.5902313904485266
0.5902407513604366
0.5902491818474517
0.5902584200873244
0.5902673399947456
0.5902768119238522
0.5902881038455707
0.5903016747637098
0.5903200811651536
0.5903431844845645
0.5903610703320765
0.5903752812788102
0.5903878849093378
0.5904000800179269
0.5904143536331157
0.5904249011752531
0.590437081985972
0.590447671337151
0.5904571582120611
0.5904663026996366
0.5904753870342432
0.5904851024337624
0.5904971409136202
0.5905077216868021
0.590519555408135
0.590530524102591
0.5905416130077145
0.5905537637311582
0.5905681366869105
0.5905854500309042
0.5906081438767012
0.5906396741847363
0.590687374593851
0.5907699208894144
0.5909314064978387
0.5911114889740933
0.5913111323370583
0.5915388785245368
0.5917989615901577
0.5921006772356872
0.5924532074460673
0.5928659911970439
0.5933498563876951
0.5939174861783446
0.5945845377475718
0.5953706968241799
0.5963014133888945
0.5974101577397395
0.5987418633670109
0.5999
0.5999051105988227
0.599915331796468
0.5999357741917588
0.5999567772816523
0.5999727166567446
0.5999865844827202
0.5999932922413601
0.6
0.6000051105988227
0.6000111728744346
0.6000192362211916
0.6000312886463877
0.6000439778972463
0.6000536476414509
0.6000627774288867
0.6000727252001297
0.6000867185531233
0.6001023100113416
0.6001150379928347
0.6001282391320304
0.6001431334419028
0.6001616578711351
0.6001872680086117
0.6002270950171671
0.6002777709714221
0.6003378309255649
0.6004106206201835
0.6005055360985029
0.6006460373870146
0.6009178188626895
0.6014613818140392
0.6022922634604764
0.6039540267533507
0.6072775533390995
0.6099
0.6099099606685703
0.6099298820057109
0.609969724679992
0.6099848623399959
0.61
0.6100099606685703
0.6100212660985644
0.6100397452817277
0.6100668308378339
0.6100936373874992
0.6101242157410455
0.6101592252791807
0.6101966406208721
0.6102384889285267
0.6102920720987642
0.6103564686916021
0.6104321714291
0.6105209028227188
0.6106245944275647
0.6107459293609986
0.6108881160315317
0.6110548515254546
0.6112504251708069
0.6114797977995198
0.6117480300200028
0.6120618256124909
0.6124290042168955
0.6128136658198587
0.6131875261960057
0.6135585718180491
0.6139461372192795
0.6144030763887421
0.6148720632158171
0.6153616237105831
0.6157962893404009
0.6162333907691127
0.6167121764902304
0.6172730756900194
0.6179326061415245
0.6188471951017404
0.6198194487107167
0.6199
0.6199085093873116
0.6199255281619347
0.6199488645467425
0.6199702155515644
0.6199851077757822
0.62
0.6200085093873116
0.6200172093009414
0.6200327147529693
0.6200511341671532
0.62007075620978
0.6200943666590613
0.6201183656252596
0.6201443932397583
0.6201720597143985
0.6202022542554084
0.6202228259901844
0.6202446888246818
0.6202620588879698
0.6202772668671168
0.6202931816248337
0.6203116574923124
0.620329278380755
0.6203471310856487
0.6203665642424264
0.620387108394091
0.6204095063522521
0.620432038397358
0.6204544407437885
0.620478871313973
0.6205038900405583
0.6205231193754668
0.6205400905873798
0.6205570061586909
0.6205757553900716
0.6205979051520877
0.6206232557596524
0.6206431804712007
0.6206590788213809
0.6206730830338507
0.6206860970870078
0.6206998010773371
0.6207128595781358
0.620727018895413
0.6207372924875079
0.6207458972285897
0.6207540811542182
0.6207625230411304
0.6207729025314191
0.6207853886788403
0.6207963337099035
0.6208063876503821
0.6208168777607826
0.620828520685771
0.620842856605893
0.6208589952295406
0.620874625357842
0.6208908496740045
0.6209085443098092
0.6209271074136046
0.6209479003169768
0.6209714109821445
0.6209989097603408
0.6210264882713
0.6210533142259708
0.6210820261001146
0.6211152393426659
0.6211556748901768
0.6212046226284594
0.6212596934366403
0.6213193347928033
0.6213771926252222
0.6213875851506994
0.6214079481322811
0.6214247070174433
0.6214401976099401
0.6214552775861826
0.6214704938423438
0.6214924277006776
0.6215194775916868
0.6215540343432435
0.6215981043703813
0.6216530187367978
0.6217081030653289
0.6217596606918272
0.6218238524490067
0.6218738032441203
0.6219191711870884
0.6219664379092528
0.6220264440628152
0.6220967619454166
0.6221912359122489
0.6222669521167313
0.6223403779764509
0.6224194867360295
0.6225091723712456
0.6226205746461307
0.6227677508329282
0.6229731715953597
0.623279687419124
0.6237828471337653
0.6244084915170225
0.6249660409427221
0.6255939714185134
0.626269441650271
0.6268293573029502
0.6274745868428038
0.6282550081468872
0.6295227630990287
0.6299
0.6299039651647419
0.6299118954942257
0.6299277561531932
0.6299430182824165
0.6299577655250255
0.6299742816556513
0.6299891905866626
0.63
0.6300039651647419
0.6300091328943896
0.6300183805785764
0.6300306267392861
0.6300416922041954
0.6300540650119962
0.6300718948044488
0.630089657780245
0.6301048446105266
0.6301213560105884
0.6301399107946322
0.6301639652970052
0.6301994529987154
0.6302448859666238
0.6302945505953489
0.6303504609339784
0.6303990491036346
0.6304528492729284
0.630515283429069
0.6305617389128912
0.6306212891739528
0.6307081615982015
0.6308235546802666
0.6309486101964531
0.6310880827499747
0.631258721664445
0.6314831586195435
0.6315344510024371
0.6315797784511415
0.6316106510338498
0.6316445820757914
0.6316755505902838
0.6317188571584093
0.631752756617251
0.63178230435028
0.6318150569894279
0.6318544659951483
0.6319079023625892
0.6319765907888948
0.6320313439840984
0.6320765518294802
0.6321225396802306
0.6321672591527663
0.6322151827099023
0.6322908775803895
0.6324004722327973
0.6324875751476994
0.6325779755031777
0.6326490951282524
0.632721957159335
0.6327962701364465
0.6328735443940363
0.6329851425895276
0.6331455250651432
0.6333871066130526
0.6336640708155251
0.6339806236951561
0.6343458531224822
0.6347677553266705
0.6352595441678269
0.6358355150119982
0.6365104734725681
0.6373031491213156
0.6382396911489482
0.6393555583452648
0.6399
0.63990329366584
0.6399098809975199
0.6399230556608797
0.6399350581735525
0.639947244160669
0.6399633251028605
0.6399807943663873
0.64
0.64000329366584
0.6400098809975199
0.6400186729148627
0.6400358151458031
0.6400493455916102
0.6400637734270719
0.6400805005006166
0.6400958383755192
0.6401095264539977
0.6401230327485743
0.6401386782021949
0.6401516360906578
0.6401661391914544
0.6401794885259077
0.6401927516681891
0.6402069606792147
0.6402221274863855
0.6402363651281845
0.6402474340313139
0.640256525407709
0.6402657968882531
0.6402759648932237
0.6402864497432154
0.640295805053666
0.6403055844566939
0.6403166324161743
0.6403302514219665
0.6403488308912081
0.6403739894534974
0.6403939970683997
0.6404097371882085
0.6404236320255993
0.6404370525036159
0.6404529065462978
0.6404646495837655
0.6404775668993258
0.6404888765057108
0.6404990759835275
0.6405089832986425
0.6405190274946031
0.6405302265207726
0.6405463158260819
0.6405619348326762
0.6405741438337237
0.6405862497799346
0.6405992554430926
0.6406143979902738
0.6406336648538193
0.6406601000698771
0.640696526982281
0.6407553882783321
0.6408691955125311
0.6410386856410535
0.6412262511462377
0.6414365901673744
0.641675757021227
0.6419497085411158
0.6421713937315106
0.6423389435602188
0.6425133085918399
0.6426825679328769
0.6428674993714653
0.6431244992657885
0.643638499054435
0.644262717909868
0.6449929811753377
0.6458439636810912
0.6468264592679268
0.6479886785785459
0.6493534287647041
0.6499
0.6499026881074743
0.6499080643224229
0.64991881675232
0.6499338305335439
0.649944521251725
0.6499537779632172
0.6499625918932618
0.6499713251862255
0.6499802427187324
0.6499902779802478
0.65
0.6500026881074743
0.6500069024541518
0.6500124957618884
0.6500184900549205
0.6500267848192154
0.6500358085704941
0.6500432042864218
0.6500508097068842
0.6500593359367064
0.650069886560565
0.6500844587648626
0.650107556145286
0.6501363372714427
0.6501696378754767
0.650205188229425
0.6502385764075418
0.6502713279650075
0.6503040911784621
0.6503353981850055
0.6503591551247153
0.6503781474708569
0.6503960881262768
0.6504158917458187
0.6504370473459405
0.6504579481554333
0.6504803130835168
0.6505033436073973
0.6505227070195795
0.6505395292732745
0.650555228728568
0.6505712077181822
0.6505905242558807
0.6506092890667113
0.6506281526124855
0.650645628828215
0.6506635685111861
0.650683507460094
0.6507069867647022
0.6507333049421223
0.6507590602534424
0.6507865810982957
0.6508142244935765
0.6508420736108554
0.6508629297243274
0.6508811065923215
0.6508973260359676
0.650911448636667
0.650924949836146
0.6509395508723512
0.6509513407900438
0.6509650195515432
0.650975479519759
0.6509842903299261
0.6509927684891833
0.6510015893741972
0.6510125470329526
0.6510253863743669
0.6510366479560956
0.6510470985719247
0.6510580427432194
0.6510702450110799
0.651085331041779
0.6511017949802357
0.6511178807193827
0.6511347161538709
0.6511531887654906
0.651174075082537
0.6511964398040264
0.6512212367262905
0.6512504138320936
0.6512843412999382
0.651321433996426
0.6513586298873079
0.6513998647756404
0.6514476531488549
0.6515039905907376
0.6515622173422145
0.6516230984784674
0.6516850688889592
0.6517645606508775
0.6518480634339773
0.651929664863762
0.6520216398512374
0.6520478273221144
0.6521002022638684
0.652125870854248
0.6521497327308758
0.6521854845237791
0.6522124482945659
0.6522376282639752
0.6522756298697442
0.6523196569533598
0.6523773839209219
0.6524522619594464
0.6525515001917912
0.6526415765767002
0.6527275284385823
0.6528267403885312
0.6529317024017445
0.6530764559434195
0.6532068806056754
0.6533250115272233
0.6534413952360991
0.65356524995733
0.6537270724290334
0.6539131994412511
0.6540561208906571
0.6541927469107993
0.6543347476084489
0.6545024853675929
0.6546377439383516
0.6547606572812465
0.654891635330844
0.6550625320892547
0.655218831000116
0.6553861538501382
0.6555677223256254
0.6557466579721353
0.6559706559754928
0.6562726970834272
0.6565628854510339
0.6568578175151464
0.6571794418695127
0.6575522725241748
0.6579934213609774
0.6585765025142948
0.6594275634961578
0.6599
0.6599071574875052
0.6599214724625154
0.659937530617295
0.6599542462738844
0.659970041992726
0.6599873641928138
0.66
0.6600071574875052
0.6600165403463263
0.6600294306264004
0.6600456599141035
0.6600623528910141
0.6600804270915293
0.6600992537387064
0.660121155107993
0.6601439952108675
0.6601701374971952
0.6602033225430818
0.6602378112878385
0.6602655805763287
0.6602914177469239
0.6603185801879989
0.6603442872404477
0.6603653061894522
0.6603944607778519
0.6604293117710555
0.6604630128084368
0.660493560622182
0.6605267718402685
0.6605646291623343
0.6606108830112236
0.6606704655229237
0.6607355253298295
0.6608030501103915
0.6608765735042251
0.6609600214998584
0.6609890673381117
0.6610183316469811
0.661039699679679
0.6610628198586365
0.6610843096421244
0.6611068780151442
0.6611296047766725
0.661150286852015
0.6611731580741934
0.6612014519097317
0.661239128841452
0.6612634931188912
0.6612867574506204
0.6613143681362458
0.661341914439325
0.6613662685323899
0.6613955919449906
0.661445224630229
0.6615175592349444
0.661599556618835
0.6616923112145786
0.6617978299918362
0.6619108448797841
0.6619995098448431
0.6620730483313054
0.662150421406654
0.662225630413733
0.6623032785536839
0.6623692071376591
0.6624328384952923
0.6625157301467224
0.662603541279162
0.6626720335830565
0.662742404107224
0.6628209912368287
0.6629074918493807
0.6629866564174425
0.6630652229747566
0.6631649743079224
0.6632253378380941
0.663285262389112
0.6633405948831114
0.6633945049615028
0.6634558311358155
0.6635452258545542
0.663635143217036
0.6637077764003813
0.6637813507015258
0.6638616835907363
0.6639597448891095
0.6640843211744547
0.6642622701429544
0.6645700919761514
0.6649807150129803
0.6656574946184357
0.6664273926769041
0.667296380675203
0.6683021987379639
0.6694191852869891
0.6698999999999999
0.6699131613579703
0.669939484073911
0.6699697420369555
0.67
0.6700131613579704
0.6700290057371374
0.6700508572681887
0.6700801481040731
0.6701098443643709
0.6701437391393396
0.6701825218596159
0.6702351859958422
0.6703041640742611
0.6703843041602481
0.6704674605660222
0.6705591208456637
0.6706784366793855
0.6708221809723248
0.6709910622736318
0.6711889779221238
0.6714201135131251
0.671690375808286
0.6719948378997315
0.6722472379054693
0.6724604687247537
0.6726544677566021
0.6728453199642874
0.6730626934222171
0.6733739424422025
0.6736274600842381
0.6738474385483569
0.6740773163082735
0.6743351497125627
0.6745625944886421
0.6747860491903781
0.6750415450229841
0.6753618739851156
0.6757246317628318
0.6760437853202362
0.6763821509144854
0.6767644781305998
0.677114403222245
0.6775186596641236
0.678093592790349
0.6788640515723194
0.6798527916078211
0.6799
0.679905572406088
0.679916717218264
0.6799343979953457
0.6799506978805332
0.6799672548517908
0.6799871919573237
0.68
0.680005572406088
0.680012228603583
0.6800253899673764
0.6800429766078344
0.6800598436604552
0.6800792671821014
0.6801005274411781
0.6801277339048557
0.6801568171026183
0.6802059272563016
0.6802577965583578
0.6803056685485063
0.6803570976184588
0.6804066624233647
0.6804548538203593
0.6805055421938898
0.6805667729177238
0.6806456123339915
0.6807017473258535
0.6807537237560213
0.6808066112847382
0.6808586319645032
0.6809035187857733
0.6809403027668292
0.680975100494915
0.6810189556632424
0.6810683648319027
0.6811058642602336
0.6811436052373766
0.6811852577762577
0.6812366157815778
0.6813032759675223
0.6813694339506677
0.6814251023220376
0.6814756096793094
0.681527200684527
0.6815767638843104
0.6816300118526871
0.6816703155527911
0.6817059345272106
0.6817414600654581
0.6817803843001464
0.6818342196603436
0.681896877068654
0.6819442601980457
0.6819908153177704
0.6820411151404508
0.6821009027870346
0.6821752703197729
0.6822778624203647
0.6824316256904627
0.6826930198337501
0.683150103295315
0.6836617178545328
0.6842315706479959
0.6848809015709476
0.6856259419603671
0.6864979373752252
0.6875332327917025
0.6887873029268783
0.6899
0.6899079487278817
0.6899238461836453
0.6899459985624463
0.6899669152794816
0.6899834576397408
0.6900000000000001
0.6900079487278818
0.6900183886518166
0.6900384913420434
0.6900600797116738
0.6900805898762026
0.6901031712197945
0.6901257719796212
0.6901518650223756
0.6901883349987592
0.6902251779179217
0.690258584226315
0.690295756245046
0.6903393674300964
0.6903987790371484
0.6904952365668487
0.6906881516262494
0.6909096954050303
0.6911622768430717
0.6914724322847747
0.6918490520371714
0.6922835983762367
0.6927804627782539
0.6933527831577543
0.6940150210376465
0.6947872378756436
0.6956917869977672
0.6967665160518146
0.6980506348300763
0.6995809275592161
0.6999
0.6999040908586988
0.6999122725760963
0.6999286360108915
0.6999406119554437
0.6999528572248914
0.6999678515433982
0.6999826839506996
0.7000000000000001
0.7000040908586989
0.7000104490366267
0.7000188836479424
0.7000306809535842
0.7000439453853705
0.7000584076846361
0.7000746292717975
0.7000884973972257
0.7001008375086608
0.7001129653010328
0.7001266346922528
0.7001382597053849
0.7001517010661948
0.7001634122305799
0.7001741479298805
0.7001839976966078
0.7001922829684977
0.7001995900374162
0.7002072658635285
0.7002198325944328
0.7002290913489277
0.7002370848342763
0.7002455821219297
0.7002554688649911
0.7002675429318976
0.7002844088843537
0.7003103382605175
0.7003331408254743
0.7003495369077646
0.7003628078057763
0.7003746796254967
0.7003869037086399
0.7004050745125631
0.7004186224570907
0.7004287619963677
0.7004379886145516
0.700446641468537
0.7004554204696211
0.7004653415655444
0.7004799856946707
0.7004934438937154
0.7005041316384134
0.7005148107778674
0.7005262404751645
0.7005398839084285
0.7005567400281482
0.7005795622107556
0.7006125459520497
0.7006650344592285
0.7007457854603605
0.7008174006492108
0.7008801380581263
0.700939670559655
0.7010008206156135
0.701086097170906
0.7011275156856444
0.7011693328420024
0.7012067496903971
0.701240167502572
0.7012750331851662
0.7013169065488085
0.7013567080593615
0.701400067116843
0.7014400011600946
0.7014807676390101
0.7015260287187298
0.7015792081287849
0.7016456156291419
0.7017103853163049
0.7017589410908395
0.7017999621343577
0.7018394541041941
0.7018819713380867
0.7019385171801207
0.7020160694546327
0.7020705399888957
0.7021238665397757
0.7021815361459528
0.7022496666499395
0.7023347930226381
0.702450544054784
0.7026169544054056
0.702872916456638
0.7031637254725727
0.7034876519068494
0.7038699332966386
0.7043468239974371
0.7049617087696428
0.7057403305956703
0.7066639752623791
0.7077476942137155
0.7090808275082342
0.7099
0.7099053306746319
0.7099159920238958
0.7099373147224235
0.7099550025999255
0.7099733937390903
0.7099866968695452
0.7099933484347726
0.71
0.7100053306746319
0.7100105453673109
0.7100195798933923
0.710037648945555
0.710054958387778
0.7100729979042303
0.7100937457720177
0.7101177497172905
0.7101396076998822
0.710160691314993
0.7101838852097933
0.7102092096192685
0.7102355242244247
0.7102576871202114
0.7102796366078815
0.7103030125613139
0.7103281503401525
0.710351886338412
0.7103703622823337
0.7103857365242563
0.7104018621710835
0.710417493199622
0.7104345253821046
0.7104503966831858
0.7104670630915243
0.7104868472380544
0.7105104340221294
0.7105425724552038
0.7105770744221143
0.7106046405023322
0.7106280053045653
0.71064985657429
0.7106731950122018
0.7106910595560629
0.7107142922516702
0.710733121959085
0.7107495083657505
0.7107653964940578
0.7107814617082734
0.710799556816507
0.71082615289433
0.7108513803387266
0.7108713982050067
0.7108914106182724
0.7109128889227834
0.7109385856834636
0.7109704208511974
0.7110138160698789
0.7110772696590824
0.7111800749672853
0.7113793434522081
0.7116306955532786
0.711910931220187
0.7122298444198338
0.7125947578743942
0.7130173555720598
0.7135115894559357
0.7140919945083821
0.7147754072851606
0.7155822764554244
0.7165387785243097
0.7176795750811085
0.7190516070880181
0.7199
0.71990676800324
0.7199203040097202
0.7199385275417223
0.719957421181779
0.7199729483897094
0.7199885987890422
0.72
0.72000676800324
0.7200153819551846
0.7200261839664622
0.7200388508649044
0.7200535700329549
0.7200702540729514
0.7200878533875632
0.7201049697000249
0.7201235439445299
0.7201466398350123
0.7201793443525534
0.7202232183007671
0.7202761752197143
0.720344983643384
0.7204307032345397
0.7205244564498732
0.72062820300899
0.7207457899464076
0.7208826322657673
0.7210503778397752
0.7212843117347523
0.7216442118156362
0.7223640119774041
0.7235553879371446
0.7255161875693384
0.7294377868337262
0.7299
0.7299075162271569
0.7299225486814707
0.7299417347177966
0.729961294122476
0.7299789902890972
0.7299894951445486
0.73
0.7300075162271569
0.7300158006895386
0.7300277493809992
0.7300431217762756
0.7300601241398892
0.7300795469368963
0.7301003447073066
0.7301214291725521
0.7301459565713814
0.730177986142007
0.7302169564126724
0.7302592658680374
0.7303097395361441
0.7303704522794241
0.7304500980172044
0.7305441762470212
0.7306486403049699
0.7307789011975804
0.7309593267583244
0.7312607167164743
0.7318634966327741
0.7328005712132564
0.7345827236620359
0.738147028559595
0.7399
0.7399218570439422
0.7399655711318266
0.74
0.7400218570439422
0.7400407813167034
0.7400673437226737
0.7401146018009022
0.7401480962523054
0.7401842870698264
0.740227807449183
0.7402796034799597
0.7403279285251319
0.7403824265955312
0.740452563742939
0.7405427168085605
0.7406510313257035
0.7407885283016913
0.7409790543459018
0.741289785072871
0.7419112465268094
0.7429674679068183
0.7449875634787894
0.7490277546227314
0.7499
0.7499039844336202
0.7499119533008605
0.7499278910353411
0.74994371495713
0.7499563123618527
0.7499685188201829
0.7499810959204318
0.7499905479602159
0.7499952739801079
0.75
0.7500039844336202
0.7500076577374604
0.7500140564078579
0.7500232357076934
0.7500336406862445
0.7500454193140075
0.7500596615147056
0.7500721630501042
0.7500853992288251
0.7501005416030899
0.7501203253597111
0.7501507597883886
0.7501870000226407
0.7502289927877481
0.7502779048543832
0.7503351888488825
0.7504013140938789
0.7504766240125231
0.7505624610447157
0.7506594546561477
0.7507560243311708
0.7508423092872721
0.7509244865562452
0.7510138001056542
0.7510600652930288
0.7511320164279756
0.7511898528238086
0.7512369885970062
0.751282520638584
0.7513295992630368
0.7513887031228387
0.7514434860286637
0.7514991181882394
0.7515523015925778
0.7516078896292091
0.7516704917393081
0.7517476066585289
0.7518082240326367
0.7518712344240643
0.7519256594330629
0.7519765567674436
0.7520307248156833
0.7520976846495588
0.7521796743287038
0.7522542334456747
0.752323694227552
0.7523972753791015
0.7524808001280633
0.7525846498834564
0.7527180643560942
0.752907107705493
0.7532001374321234
0.7535697448626781
0.7539855699433609
0.7544765456151247
0.755084048146205
0.755887201464188
0.7568471675729745
0.7579808711265688
0.7593682758190154
0.7599
0.7599050295315083
0.7599150885945248
0.7599352067205579
0.7599498698193419
0.7599672387390184
0.7599836193695092
0.76
0.7600050295315083
0.7600136561249269
0.7600214654530123
0.7600324217285226
0.760043187921325
0.7600529874740002
0.760062829975557
0.760074200617637
0.760083717384888
0.7600941655003027
0.7601037790918896
0.7601133196102661
0.7601234577669879
0.7601339607630578
0.760143212288496
0.7601503825313664
0.760156696510274
0.7601639221869474
0.7601706280036554
0.7601774430733923
0.7601841409369091
0.7601913520409498
0.7602000100112889
0.7602105978472615
0.7602251428361795
0.7602439415249821
0.760258235156608
0.7602693820252703
0.760279199999727
0.7602886641195791
0.7602997850892205
0.7603081929674226
0.7603177123075284
0.760326041986851
0.760333540192603
0.7603407372575092
0.7603478343523773
0.7603553466425048
0.7603645288529857
0.7603726202323372
0.760381793407075
0.7603902567383871
0.760398810854557
0.7604082015218743
0.760419343877856
0.7604328434498377
0.7604506922858751
0.7604758061042943
0.7605145684914195
0.7605842424671262
0.7607235904185395
0.7608781104133707
0.7610480161939511
0.7612409985947314
0.7614605560124567
0.7617146346698701
0.7620110505531493
0.7623577052576422
0.7627635349342438
0.763162615628541
0.7634942352572621
0.7637852874358124
0.7640697640199232
0.7643413827275628
0.7646260159874876
0.7649335771812822
0.7652715872225478
0.7655801195250366
0.7658243953324592
0.7660594170787979
0.7663257227769902
0.7666648114626929
0.7669454517513601
0.7672521539631757
0.7675884322969622
0.767890249746542
0.7682629025604858
0.7687897403156244
0.7694164338366308
0.7699
0.7699030577873269
0.7699091733619807
0.7699214045112883
0.7699326874609828
0.7699426091874508
0.7699532747169202
0.7699656823009695
0.7699781063840447
0.7699896137868226
0.77
0.7700030577873269
0.7700075391208284
0.7700165017878314
0.7700273153065725
0.7700378368225634
0.770050551309363
0.7700635908561524
0.7700795392915368
0.7701029458916667
0.7701327019898346
0.7701675800857319
0.7702079757020017
0.7702548085499983
0.7703094094962081
0.7703734807083117
0.7704248720639971
0.770464787744313
0.7704987925071963
0.770529801975136
0.7705611596696634
0.7705986854253316
0.7706296847317955
0.7706645838153184
0.7706944596745215
0.7707206014052372
0.770744220802937
0.7707655407666412
0.7707856597137099
0.7708061649461966
0.7708301577704317
0.7708520975894777
0.7708771848766859
0.7708996312298745
0.7709219455156021
0.7709462124930117
0.770973965608058
0.7710083572700945
0.7710423692323224
0.7710777500350224
0.7711106185285999
0.7711460405671584
0.7711708424550718
0.7711916416204273
0.7712121628307714
0.7712351162693327
0.7712569939372728
0.7712807339017782
0.7713006422128641
0.7713260552136785
0.7713542140509051
0.7713860134154121
0.7714157188511481
0.7714475526538205
0.7714857779667176
0.7715335407232092
0.7715954674271583
0.7716552476479989
0.7717158895439588
0.7717322391443383
0.771762427428271
0.7717935940009176
0.7718288255147185
0.7718811072991549
0.7719856708680277
0.7721195196749824
0.7722929270332943
0.7725298241054658
0.772875910181383
0.773331550210146
0.7738536144083298
0.7744550419809924
0.775154834799697
0.7759791095270723
0.7769700235692244
0.7781631698020108
0.7794310842243795
0.7799
0.77990751909765
0.7799225572929499
0.7799526336835497
0.7799799032562444
0.78
0.78000751909765
0.7800167243781184
0.7800345732619166
0.780063151435672
0.780092912623581
0.7801269014561724
0.780156736527723
0.7802065602770963
0.7802573989862818
0.7803097613140226
0.7803657027984757
0.7804300056833177
0.7805045210268191
0.7805772538577753
0.7806492575171651
0.7807434195205274
0.7808479591808581
0.7809539667519876
0.7810596472160506
0.7812052435891375
0.78136802807977
0.7816019442485731
0.7818945641306458
0.7822201218122861
0.7825343257573293
0.7828692798622985
0.7830850275457607
0.783316778535809
0.7835203362801045
0.7837256043950179
0.7839504647383858
0.7842101431330828
0.7844919212139623
0.7847819098467086
0.7850973893623356
0.7854410761696706
0.7858364947025215
0.7863231069010334
0.7869498578389994
0.78777414631799
0.7887228064163854
0.7898688129555975
0.7899
0.7899035042687808
0.7899105128063422
0.7899231987563777
0.7899392876009953
0.7899609611330798
0.7899891296943765
0.79
0.7900035042687807
0.7900082957935821
0.7900168778298006
0.7900306727224174
0.7900466189863017
0.790062334718979
0.7900782384099521
0.7900967231650957
0.7901082297590274
0.7901214733954176
0.7901327009397734
0.7901426139496598
0.7901526410598754
0.7901637884013907
0.7901801346685264
0.7901960650603291
0.7902088128873033
0.7902216374500306
0.7902354901874864
0.7902522091399051
0.7902700382144309
0.7902843113939075
0.7902952783874153
0.7903052149963995
0.7903151819147055
0.7903277094956535
0.7903390460269465
0.7903479058152437
0.7903559869422124
0.7903640074516193
0.7903728686349835
0.7903837120478574
0.7903968167055164
0.7904132668388355
0.7904250319144235
0.7904384958354546
0.7904522540871154
0.790467007775634
0.7904842455272784
0.7905002704503982
0.7905168062370455
0.7905352831206197
0.7905580586230202
0.7905866552522417
0.7906205284483288
0.7906481336778555
0.7906713465966313
0.7906930039309923
0.7907157636256091
0.7907362829071776
0.7907599197063221
0.7907783989640069
0.7907944993291172
0.7908100065237649
0.7908257681016284
0.7908438354412044
0.7908729599447695
0.7908961950500195
0.7909154111071744
0.7909351690613597
0.7909566194016217
0.7909829816717004
0.7910163037719925
0.7910630491626531
0.7911340936298676
0.7912665938537732
0.7914671752060566
0.7917085360924053
0.7919796065834591
0.7921537952978918
0.792335101573465
0.792495262047923
0.7927205922748831
0.7928903854363422
0.793069990464357
0.7934292005203867
0.7939093680240249
0.7945542951505778
0.7953204136280696
0.7961962418291499
0.7972230372200758
0.7984120847501219
0.7998346036744777
0.7998999999999999
0.7999037699987694
0.7999113099963084
0.7999258918682367
0.7999378729211292
0.7999504248572207
0.7999657426488231
0.7999813544025849
0.8
0.8000037699987695
0.8000113099963085
0.8000230300377843
0.8000352416207434
0.8000498810492473
0.8000659146780426
0.8000868825764363
0.8001151833102943
0.8001479942677803
0.8001860559985162
0.800230323417489
0.8002818892940333
0.8003422861476953
0.8004132084846249
0.8004897005179347
0.8005605591677263
0.8006284878516798
0.8006839017270458
0.8007300983002564
0.8007752784728162
0.8008273722638591
0.800878249120797
0.8009300772185891
0.8009731325066344
0.8010101679967543
0.8010448959472529
0.8010805385523471
0.801124437463573
0.8011652046586104
0.8012071081903339
0.8012465818434334
0.801287407906397
0.8013332588240224
0.8013876536032091
0.8014490787407348
0.801506182293913
0.8015607127618277
0.8016038039436012
0.8016427043457255
0.8016823030786429
0.8017278580952492
0.8017838277386996
0.801845073598348
0.8018973354349187
0.8019500570118999
0.802007610972422
0.8020717613262399
0.8021454162251468
0.8022275761866944
0.8023246746696922
0.8024379667256979
0.8025424515665485
0.8026561789798803
0.8027611702568751
0.8028605419957296
0.802938254894695
0.8030221544390009
0.8031863542916496
0.8033496706895549
0.8034666843905697
0.8035921281119154
0.8037244922150327
0.8038861349445479
0.8040981496029916
0.8043177148796553
0.8046132870443444
0.8049525899316006
0.8054499680986645
0.8062709065574574
0.8074296466850657
0.8087746298433036
0.8099
0.8099034043151266
0.80991021294538
0.8099238302058868
0.8099359614326075
0.809950489813813
0.8099674281752308
0.8099837140876154
0.81
0.8100034043151267
0.8100102129453801
0.8100183560044328
0.8100299306102932
0.8100420670323338
0.8100556820247011
0.8100681509659722
0.8100800541797109
0.8100930642180296
0.8101071080401641
0.8101214264087143
0.8101334612858443
0.8101452373312149
0.8101577374244574
0.8101713989634728
0.8101851547288222
0.8101961486431648
0.8102046716085815
0.8102126723166864
0.8102231051264799
0.8102336436511127
0.8102420429704374
0.8102506778490962
0.8102602862230014
0.8102721144750263
0.8102885117840151
0.8103109597049001
0.8103287931279389
0.8103428097773742
0.8103551709597522
0.8103670722432893
0.8103809852679658
0.8103913237076531
0.8104030684615533
0.810413306424375
0.8104224979612088
0.8104313701659946
0.8104402442437147
0.8104499072367625
0.8104626905590568
0.8104783767331362
0.810489520895766
0.8105001376486494
0.8105114660255255
0.8105243864209905
0.8105408673495501
0.8105625656264376
0.8105939028929833
0.8106435678294344
0.8107357176273945
0.8108829549606806
0.8110463035028035
0.8111695731249534
0.8113690559155485
0.8115996948601476
0.811817697709792
0.8120160200225591
0.8122225736227356
0.8123820011851148
0.8124617149663045
0.8126127824792733
0.81277683508152
0.8129995544754358
0.8132995579512631
0.8135822111025671
0.8137235376782191
0.8139826130381819
0.814259481947033
0.8146408002460231
0.8151598965576932
0.816030187953719
0.8170482224004948
0.8179684456954073
0.8192281820018041
0.8199
0.819903483385316
0.8199104501559482
0.8199243836972125
0.8199392503063118
0.8199548476372719
0.8199699317561204
0.8199848166114279
0.819992408305714
0.819996204152857
0.8200000000000001
0.8200034833853161
0.820006237536579
0.8200117458391046
0.8200197899007984
0.8200292896048599
0.8200430629246054
0.8200595265088783
0.820076430167669
0.8200967985409191
0.8201219945314705
0.8201520252894503
0.8201814865760682
0.8202103245329462
0.8202406356576967
0.8202839922919561
0.8203198225433238
0.8203764586590985
0.8204253717394845
0.8204806072364842
0.8205361801972088
0.8205931964667462
0.8206618908352469
0.8207239759850139
0.8207877491392733
0.8208475405321201
0.8209075191634853
0.82096898003206
0.8210255010469111
0.8210714602267315
0.8211113968882063
0.8211540259412315
0.821195902201984
0.8212415848664847
0.8212837308069402
0.821327891738018
0.8213780298173008
0.8214398800769936
0.8215233087369367
0.8215933197458883
0.8216529240665984
0.8217100575471319
0.8217743573860248
0.8218183718917276
0.821867420354811
0.8219102379106261
0.8219498549430269
0.8219913299453938
0.822039595128932
0.8220999178894647
0.8221609237133686
0.8222137764483777
0.8222677185661169
0.8223269968928414
0.8223987891347863
0.8224888789414525
0.822613861729402
0.8228019673327807
0.8231233104693146
0.8236439941344127
0.8242272709168635
0.8248795276875306
0.8256251100667285
0.826485918206335
0.8275007888014916
0.8287271027257792
0.8299
0.8299106602010514
0.8299319806031543
0.8299659903015772
0.8299829951507887
0.8300000000000001
0.8300106602010515
0.8300225193017015
0.8300409565800804
0.8300689534535828
0.8300973476603642
0.8301269657150092
0.8301611477255701
0.8302007561678391
0.8302475968960834
0.8303033849167829
0.8303699406371171
0.830450126061581
0.8305409436721903
0.8306433163660472
0.8307582057097054
0.8308899919468538
0.8310409940393437
0.831225703260204
0.8314578536578342
0.8317776708467224
0.8322960395272562
0.8333327768883237
0.8349778224480258
0.837972718557694
0.8399
0.8399120078075205
0.8399360234225616
0.8399680117112808
0.8399840058556404
0.84
0.8400120078075205
0.8400232794811762
0.8400395233379995
0.8400658582509251
0.8400884526915503
0.8401082968128117
0.8401294775741854
0.8401571376171794
0.8401943122414317
0.8402235439648706
0.840254287170421
0.8402893095547123
0.8403346573815994
0.8404038917655875
0.8405377751521155
0.8406936933672564
0.8408779549245848
0.8411000485507553
0.8413487181927154
0.8416196146206097
0.8419290237691515
0.8423035727323261
0.8428198390614977
0.8436268553617504
0.8452408879622558
0.8476732317940293
0.8499
0.8499098693602464
0.8499296080807391
0.8499507068823544
0.8499730194349737
0.8499865097174868
0.85
0.8500098693602464
0.8500207143874859
0.8500352830764671
0.8500539115269345
0.8500743369483503
0.8500978134364405
0.8501228718596281
0.8501487164247398
0.8501795582885052
0.8502201463789743
0.8502911536528684
0.8503578987981886
0.8504141663409299
0.8504640270079379
0.8505089746942668
0.8505522449294188
0.8505967698959337
0.8506409502056073
0.8506725732440866
0.8506977015274281
0.8507215521673304
0.8507479827879063
0.8507765608753367
0.8508051852729386
0.8508335000877454
0.8508580153263805
0.850880230062918
0.8509021359941055
0.8509264211489369
0.8509614785825381
0.8509915918127033
0.8510165103070372
0.8510418639369511
0.8510694789241386
0.8511022256651815
0.8511363711235606
0.8511725282975461
0.8512141183951228
0.8512533724233367
0.8512815274918721
0.8513060065114342
0.8513298242744043
0.8513554114221306
0.851386028676278
0.8514237298214974
0.8514564499686785
0.8514873041472892
0.8515199256604249
0.8515562004560946
0.8515966099411136
0.851642095175198
0.8516922354909292
0.8517508709603047
0.8518139396744001
0.8518620757813937
0.851898835166846
0.8519288646331895
0.8519548987050154
0.8519802615853744
0.8520094030162217
0.8520261929653948
0.8520429252984386
0.8520580167708147
0.8520725775991402
0.8520895337020044
0.8521078472168884
0.8521265684981933
0.8521450536491592
0.8521641072141848
0.8521854632676168
0.852210893120662
0.8522344454138262
0.8522586104167298
0.8522853161138794
0.8523136932355617
0.8523446028625463
0.8523797610662053
0.852422738512701
0.8524706060049897
0.8525239246329972
0.852581570340006
0.8526411746491064
0.8526998993987533
0.8527621770071251
0.8528279383892452
0.8529083206662268
0.8529913310307243
0.8530788632194085
0.8531736985117194
0.8532901098329096
0.8534426930124375
0.8536306347892304
0.8538159807341541
0.8540129918351752
0.8542021708867253
0.8543809245429692
0.8546118521303712
0.8550014546238703
0.8557806596108687
0.8564537838302504
0.8570390821717271
0.8578410331762032
0.8585028045161445
0.8588144157151241
0.859128107772331
0.8594039888319313
0.8596422874056667
0.859887450617466
0.8599
0.8599043326283026
0.859909959965248
0.8599206971394472
0.8599314545658729
0.8599453399850392
0.859961845677925
0.8599848997015985
0.86
0.8600043326283026
0.8600108412483355
0.8600179041934205
0.8600277850936017
0.860037483434585
0.8600464587873069
0.8600555477246332
0.8600662462300681
0.8600762782974324
0.8600863299350955
0.8600955787174877
0.8601050209117957
0.8601154336703443
0.8601279020804137
0.8601432125491179
0.8601636422603645
0.8601764581649272
0.8601910742725225
0.8602019400201375
0.8602106194483597
0.8602203101774891
0.8602290135530376
0.8602381124977582
0.8602470257016545
0.860256633639148
0.8602683224564137
0.8602826661645387
0.8603028962771448
0.8603201532662085
0.8603341819516216
0.8603468311740835
0.8603592596003024
0.8603741622734116
0.8603851694701191
0.8603970384837564
0.8604074592770302
0.8604168503171458
0.8604259424106109
0.8604351330206605
0.8604453399750446
0.860459869115013
0.8604742229472624
0.8604853713480535
0.8604963909763979
0.8605082201131499
0.8605219669262215
0.8605396257216985
0.8605629435403279
0.8605968756494302
0.8606510649897277
0.860757484601645
0.8607937216720258
0.8608430206347862
0.8608603152718086
0.8608919134405472
0.8609148797085628
0.8609346555827395
0.8609544549066505
0.8609742331580961
0.8609940116824754
0.8610172593593876
0.8610364065133399
0.8610512140794868
0.8610638017081123
0.8610760749925067
0.8610920887352773
0.8611099997265058
0.8611242477146623
0.8611384982119098
0.8611534064545502
0.8611712803517024
0.8611992319076717
0.861220180252603
0.8612393780571033
0.8612601851063288
0.8612842780492309
0.8613153580041155
0.8613620566754691
0.8614252953879624
0.8615224738906768
0.8616324291825125
0.8617552857070847
0.8618448996695441
0.861919883806733
0.8620328910870697
0.8621130571822093
0.8622062470217655
0.8623421375292113
0.8625229882516168
0.8626815811821048
0.8628340619367278
0.8630294076244371
0.8632813479378222
0.8636871206746223
0.8641612094546206
0.8647033687942689
0.8653291076505135
0.8660513794644702
0.866896954955529
0.8678945026974793
0.8689800386244733
0.8699
0.8699066910941753
0.8699200732825259
0.869946837659227
0.8699661635671385
0.8699830817835692
0.87
0.8700066910941753
0.8700157539039433
0.8700254861785063
0.8700395334344786
0.8700545032366898
0.8700693153879425
0.870085192311712
0.8701055619678274
0.8701174464253165
0.8701296111533774
0.8701399858104217
0.8701487184880037
0.8701575008118467
0.8701684039287793
0.870183338541819
0.8701940361569834
0.8702044578281015
0.8702158727314323
0.8702279975627892
0.8702390518355806
0.870249658410402
0.870260476519778
0.8702725090019707
0.870289385534473
0.8703074987228115
0.8703214095460682
0.8703351205780521
0.870349844555514
0.8703673291896734
0.8703890079761656
0.87041862730238
0.8704620799013525
0.8705329231364471
0.8706135625027143
0.8706793600170722
0.8707347842047101
0.8707847861659617
0.8708335728256339
0.8708896889788408
0.8709247573128822
0.8709705586467162
0.8710082067257471
0.8710394310954647
0.8710687093128149
0.8710976591576705
0.8711302636390874
0.8711851888221086
0.8712248789595838
0.8712580118822134
0.8712924260359854
0.8713298989928149
0.8713765429275818
0.871430176730207
0.8714831472162857
0.8715286797462526
0.8715653714222814
0.871599245155871
0.8716340403759231
0.8716751711752474
0.8717158811761748
0.8717660801490953
0.8718115140970885
0.871857266946793
0.8719075422683087
0.871967378798829
0.8720393969578807
0.8721314129045927
0.8722589906184065
0.8724582297725662
0.8727014484502952
0.8729698520687811
0.873281937823707
0.8736649524379964
0.8741424832680902
0.8747979243396651
0.8755686133906743
0.8764752883694797
0.8775600096078695
0.8788641049313902
0.8799
0.8799044776681157
0.8799134330043472
0.8799313436768101
0.8799472045278609
0.8799632667216566
0.8799847494523413
0.8799923747261706
0.88
0.8800044776681157
0.8800093442778737
0.8800169430760062
0.8800315791289617
0.8800467899924228
0.8800627665586012
0.8800771512221842
0.8800905493874349
0.8801047436047705
0.8801250730637226
0.8801423004119397
0.8801558401370162
0.8801692732443334
0.8801834244535183
0.8801985206495847
0.8802123298126375
0.8802229206957272
0.8802319410226155
0.8802418258497009
0.8802507422441924
0.8802605162388627
0.8802699414353574
0.8802799522551263
0.8802919023743065
0.8803062696582928
0.8803258152813905
0.8803494770117996
0.880367940921686
0.880382901568033
0.8803964536947704
0.8804100939847391
0.880428236741872
0.8804449203849406
0.8804567993204172
0.8804672527381612
0.8804770696571865
0.8804868659805979
0.8804977959118594
0.8805132139399202
0.8805290530863544
0.8805412543594133
0.8805532643648092
0.8805661570031813
0.8805811111780192
0.8806001369960895
0.880626226064893
0.8806623107601109
0.8807206924615835
0.8808347045072802
0.8809975207037621
0.8811786538327003
0.8813832446239757
0.8816168843094484
0.881885936925237
0.8821993370296612
0.8825659744102197
0.8829955069736283
0.8834990840198306
0.884090021578534
0.8847848831858719
0.8856046527920887
0.8865750757691465
0.8877291920597822
0.8891246135357861
0.8899
0.8899030944294135
0.8899092832882405
0.8899216610058944
0.8899346052685625
0.8899448315334626
0.8899552498831158
0.8899667532400763
0.8899811425772591
0.8899924432396557
0.89
0.8900030944294135
0.8900067367516161
0.8900140213960214
0.8900237320335468
0.890033680455212
0.8900456423119671
0.890057625361183
0.8900710289576065
0.8900880559729657
0.8901144765155765
0.8901448875279885
0.8901829076209619
0.8902167428642326
0.890245788364373
0.8902718578650191
0.8902959539022369
0.8903199218636081
0.8903449670344933
0.8903603625356545
0.8903766246410719
0.8903903410309064
0.8904027388128833
0.8904160399431895
0.8904324620110141
0.890448071679128
0.8904635671207451
0.8904792530257242
0.890495171718435
0.8905090021640656
0.8905215066242768
0.8905337534386866
0.8905471588901697
0.8905670983180134
0.890584052764481
0.8905977805799038
0.8906116581108838
0.8906266554775667
0.8906443367455574
0.8906637662988544
0.8906840077376473
0.8907040296318174
0.8907241607374288
0.8907407488458953
0.8907549803908981
0.8907680577819427
0.8907811266019176
0.8907949378717055
0.8908087481219024
0.8908198994343252
0.8908289156088854
0.8908370918057374
0.890845181174891
0.8908542535048131
0.8908663941218977
0.8908787907978423
0.8908888947009037
0.8908989812410291
0.8909099068069091
0.8909226136333801
0.8909388959551373
0.8909544595460762
0.8909701308001814
0.8909859962024966
0.891002105488321
0.891020539152234
0.8910425479955622
0.8910674096495143
0.8910913779262085
0.8911149430808146
0.8911400666440445
0.8911690997290024
0.8912044319749814
0.8912508159549193
0.8913093319910012
0.8913244859657327
0.8913455329437324
0.8913575623426987
0.8913701473658839
0.8913827397249451
0.8914001654301318
0.891412575710631
0.8914265058387704
0.8914462459644513
0.8914709869319574
0.8915031975922603
0.8915445365511987
0.8915912547158615
0.8916556678590368
0.8916964417603663
0.8917348848491831
0.8917742001231098
0.8918176278550776
0.8918558823005263
0.891913318601546
0.8919724116577481
0.8920338851755665
0.8921014627819208
0.8921571653602294
0.8922196603115278
0.8922863149796194
0.892364479319606
0.892464330978026
0.8925989130665284
0.8927899482068272
0.8930797142760302
0.8935779072376709
0.8942169832771505
0.8948029609850736
0.895383154786445
0.8960144395586519
0.8965825582194888
0.8971693600137416
0.8978536332849901
0.8987944034519058
0.8999
0.8999032695939446
0.8999098087818338
0.8999228871576122
0.8999382712853414
0.8999524639065856
0.8999702246566151
0.8999851123283076
0.8999925561641537
0.8999962780820769
0.9
0.9000032695939446
0.9000059054249415
0.9000111770869353
0.900021720410923
0.9000373888415873
0.900053877980621
0.9000708141334187
0.9000912973005282
0.9001109922799992
0.9001351682575377
0.9001615071096377
0.900182033716558
0.9001986398622862
0.9002132624691064
0.9002270459121023
0.900241574427516
0.900260300354497
0.9002746854548225
0.9002896329735629
0.9003027793309817
0.9003142639873264
0.9003245130751513
0.900333709643153
0.9003423766758661
0.9003512682462985
0.9003619423185361
0.9003709615116787
0.9003813188169895
0.900390861401095
0.900400436184271
0.9004109234383946
0.9004229614044412
0.9004378423828755
0.9004534386982949
0.9004683293504461
0.9004825118726919
0.9004968665070653
0.9005141394967294
0.9005245367627669
0.9005352956521268
0.9005444143597431
0.9005524704006597
0.9005607102458817
0.9005690212796822
0.9005764675407865
0.9005858252081456
0.9005931710615842
0.9005997529643688
0.9006063179578814
0.9006132826544422
0.9006217188084027
0.9006348472083868
0.9006476958188862
0.9006586937476353
0.9006696002952892
0.9006808035094624
0.9006927390326788
0.9007059824058713
0.9007218762916384
0.9007389255524669
0.9007644131579331
0.9007905495351938
0.9008176788473221
0.9008472204169508
0.9008798795468653
0.9009179470933831
0.9009603630065723
0.9010122366548969
0.9010603112189834
0.9010953814089717
0.9011245093570338
0.9011497624326466
0.9011727458346365
0.9011958423643207
0.9012226766902584
0.9012485163188912
0.9012773704774821
0.9013032264991492
0.9013255513416677
0.9013501105460543
0.9013816276835009
0.9014037475715045
0.9014266462898582
0.9014538013890345
0.901488944269744
0.9015196190321328
0.9015472102144239
0.9015732696610708
0.9016091826542725
0.9016358731534233
0.901666046721824
0.9017107315919325
0.9017584767271074
0.9017992077356094
0.9018506199888947
0.9019100061873918
0.901978323215968
0.9020531730846524
0.9021225756669834
0.9021937094633248
0.9022604229450295
0.9023435747570469
0.9024228164914245
0.9024952832832484
0.9025835127580801
0.9027286415775292
0.9029650885496368
0.9032326319299101
0.9035382651733004
0.9038217626597252
0.9041066843218688
0.9044545471827083
0.9049373765662961
0.9055447872968516
0.9062553246384524
0.9070820413544566
0.908048694552484
0.9091452924474209
0.9099
0.9099025166969243
0.909907550090773
0.9099176168784702
0.9099305616962552
0.9099441277903196
0.9099582179621989
0.909971963469831
0.9099830377415871
0.9099915188707935
0.91
0.9100025166969243
0.9100061826389678
0.9100121950931788
0.9100203365396305
0.9100271485346962
0.9100339042577678
0.9100409948987608
0.9100478562542375
0.9100551182453154
0.9100627911100916
0.9100710344638306
0.9100800643953878
0.9100887302111104
0.9100964745047803
0.9101032342776948
0.910109699759044
0.910115560692718
0.9101214190742974
0.9101272751736997
0.910133312112836
0.9101398989428111
0.9101458302628338
0.9101525112033727
0.9101598795385437
0.9101666484466007
0.9101734069201564
0.910180763699264
0.9101894595351335
0.9101985127862272
0.9102080214922064
0.9102154153703087
0.9102226342631933
0.9102331431354663
0.9102406753241018
0.9102482061708569
0.910255863856684
0.910263395524653
0.9102713275722744
0.9102786056479364
0.9102855665140744
0.9102914666976234
0.9102968965276264
0.9103023945584198
0.9103085294309177
0.9103161561272916
0.9103245855645355
0.910329906908594
0.910335465609282
0.9103395451093296
0.9103441523087528
0.9103485955720915
0.9103526113274024
0.9103572907013578
0.910361517341555
0.9103654392123917
0.9103711977013426
0.9103762898111041
0.9103825166249484
0.9103884198322538
0.9103965930777699
0.9104025734938618
0.9104140562015135
0.9104226612721443
0.9104308669993219
0.9104378456894947
0.9104436425800405
0.9104489284239907
0.9104541432345757
0.9104599356052219
0.9104689957126549
0.9104760451160865
0.9104815746602106
0.9104868107557152
0.910491834038572
0.910496849264111
0.9105020290434545
0.9105076304476474
0.9105144420336725
0.9105208551347033
0.9105280891224377
0.9105345914072829
0.9105410742942786
0.9105481313014938
0.910556221156102
0.910566278246013
0.9105790261468691
0.9105965525231974
0.9106198750606883
0.9106484936795505
0.9106728389100177
0.9106937748106109
0.9107137634748812
0.910728618753
0.910740680429031
0.9107521246170057
0.9107662259409589
0.9107744017608188
0.910782455370725
0.9107899743905346
0.9107975343458811
0.9108068521143073
0.910817628715168
0.9108283448191186
0.9108384008517697
0.9108489430040849
0.9108569780058364
0.9108642353364603
0.9108719639108449
0.910882092616902
0.9108938427081387
0.9109040929297143
0.9109143859780834
0.9109257961384922
0.9109392373114185
0.9109556253536369
0.9109730817451409
0.9109912116189502
0.9110097293947698
0.9110296087603186
0.9110519904864401
0.911076565821746
0.9110946876805815
0.9111083957003461
0.9111200376466252
0.9111359011721565
0.9111453685272867
0.9111544757668395
0.9111632394448945
0.9111721395022182
0.9111860170291796
0.9112031122124256
0.9112163078482871
0.9112305948083306
0.9112443083298569
0.9112587219607101
0.9112758563764994
0.9112978839541434
0.9113286239976469
0.9113751815104462
0.9114509378810065
0.9115058726025497
0.9115438614637149
0.9115726759150902
0.9115965139831289
0.9116227177205316
0.9116434761471143
0.9116745324002596
0.91169737647768
0.9117192236145736
0.9117523199907944
0.9117911133306366
0.9118417362788794
0.9119071130845933
0.9119875553304911
0.9120769926103233
0.9122096320970786
0.9124213342193314
0.9127566977126583
0.9133410926393684
0.9141336829454294
0.9150817006622592
0.9162077350818966
0.9175622495106589
0.9192187609085586
0.9199
0.919902619792882
0.9199078593786459
0.9199183385501738
0.9199284489136206
0.919937604857866
0.9199471863586858
0.9199569297510654
0.9199665485951221
0.9199790750623495
0.9199909430290917
0.9199954715145459
0.92
0.920002619792882
0.9200052202521144
0.9200096273338724
0.920015360603656
0.9200220071622721
0.9200284201517138
0.9200348077380534
0.9200420638487223
0.9200499609878604
0.9200571948507988
0.9200637506860824
0.9200703971084475
0.9200776309156565
0.9200862749995404
0.9200968284231011
0.9201085584281614
0.9201199329800858
0.9201337806971347
0.9201487347765606
0.9201636882956983
0.9201818431538946
0.9202028796136351
0.9202269744528104
0.9202557311974319
0.920292639497813
0.9203310591970282
0.9203597332114806
0.9203851285461828
0.9204058979720039
0.920415198922472
0.9204338008234083
0.9204547731479594
0.9204793155286042
0.9205071011927706
0.920540580984794
0.9205708307765007
0.9205990148070307
0.9206286479298905
0.9206718993156445
0.9207025993732668
0.9207251551700437
0.9207458177512634
0.9207658307885865
0.920787743766473
0.9208175615454192
0.9208537936933222
0.9208803249190904
0.9209059633039618
0.9209335103108348
0.9209651908225563
0.9210055142676512
0.9210611229034662
0.9211218045617049
0.9211797860068717
0.9212553370985767
0.9213369274033623
0.9214443337300936
0.9216050771499327
0.9218777218382392
0.9221962970530491
0.9225541757847308
0.922962243020695
0.9234291012100287
0.9239701132342132
0.9246024778328457
0.9253456692807215
0.9262241004117459
0.927269900377406
0.9285371390906864
0.9299
0.9299077309692728
0.9299231929078186
0.9299338929179102
0.9299444806915746
0.9299565300728119
0.9299681721783103
0.9299792041115643
0.9299896799794214
0.93
0.9300077309692729
0.9300173334139935
0.9300277355105656
0.9300395087473186
0.9300539145616634
0.9300684631151271
0.9300821935277469
0.930095881303992
0.9301109382387572
0.9301282158760903
0.9301488972140864
0.9301745750796379
0.9302084494413706
0.9302479943219559
0.9302849088942492
0.9303226081049373
0.9303700558030761
0.9304087651779724
0.930446883636988
0.9304834424817343
0.9305212673032686
0.9305635844896261
0.9306146082845894
0.9306610201173798
0.9307112432579815
0.9307565691016781
0.9308031734674141
0.9308430399785
0.9308803563347342
0.9309200994655824
0.9309710952280627
0.9310394287578226
0.9310910143006795
0.9311410998573204
0.931196256643367
0.9312609934649276
0.9313467102022059
0.9314559189647961
0.9315616256717578
0.9316660374457685
0.9317771810511664
0.9319014196549448
0.9320491654433144
0.9322295182945807
0.9324670388559617
0.93280324424409
0.9333165920762385
0.933908779761933
0.93458883076843
0.9353811035727727
0.9363185501341429
0.9374330134057494
0.938834870902571
0.9399
0.9399039140379494
0.9399117421138482
0.9399211013444477
0.9399300894797655
0.9399411553356742
0.9399541223150814
0.9399656017967087
0.9399763264114559
0.9399875308218418
0.939993765410921
0.9400000000000001
0.9400039140379495
0.9400078973619984
0.9400158640100963
0.9400255014366112
0.9400401304510637
0.9400537610438019
0.9400652557536302
0.9400766075569157
0.9400894321566582
0.9401049087417725
0.9401211027902818
0.9401372081583926
0.940154312142412
0.9401739227656557
0.9401951453512649
0.9402192839522776
0.9402438674483958
0.9402704272276439
0.9403006741690048
0.940336043598994
0.9403780787610754
0.9404306548789161
0.94048540272849
0.9405635780335698
0.9406488444784955
0.9407324818031243
0.9408184437246021
0.9408883840632372
0.9409548489083357
0.9410249919867393
0.9411054583116394
0.9412145031594299
0.9413242397577025
0.9414340574881993
0.941538717018758
0.9416467354730915
0.9417657233200023
0.9419046532146077
0.9420685647471371
0.9422672674075926
0.9425208955381839
0.942863732591939
0.943367365372312
0.9439947555268281
0.9447138923555617
0.9455435387617956
0.9465047648407073
0.9476253234563138
0.9489379298990194
0.9499
0.9499069111979752
0.9499207335939257
0.9499483783858267
0.949968938431802
0.949984469215901
0.9500000000000001
0.9500069111979753
0.9500165127821139
0.9500286894451638
0.9500492170948386
0.9500678086726466
0.9500892617907746
0.9501169881345346
0.9501496703603347
0.9501844288101763
0.9502281846285433
0.9502808798734353
0.9503404460649648
0.9504088309432576
0.9504730962510858
0.9505435588866318
0.950641820135524
0.9507125420657544
0.9507734988387027
0.9508364371026493
0.9509051139453771
0.9509877969327662
0.9510893725915737
0.9511850402922057
0.9512618874320773
0.9513335920610716
0.9514083004662504
0.9514994297462899
0.9515989365240709
0.9517049944271863
0.9518038037343399
0.9519073215346882
0.9520242591408042
0.9521670219909583
0.9523578395230521
0.9525642246733699
0.9528065301219117
0.9531213296754445
0.9535987566657868
0.954226399220374
0.9549482734195113
0.9557891174623788
0.9567769488108067
0.9579372576483473
0.9593380500737011
0.9599
0.9599150215030943
0.9599450645092829
0.9599725322546414
0.96
0.9600150215030943
0.9600317681845542
0.9600523060818573
0.9600794492045429
0.9601158904091104
0.9601597343930778
0.9601957907119053
0.9602352153180436
0.9602841407634097
0.9603567287809605
0.9604547958892335
0.9606011821818242
0.9607940347788592
0.9610389606520046
0.9613052348515457
0.9616337166521941
0.9621022822871012
0.9630002723688496
0.9645486207599779
0.9669448484844342
0.9699
0.9699064186198181
0.9699192558594543
0.9699347764422103
0.969949044564053
0.9699676161421127
0.9699855397705757
0.9699927698852878
0.97
0.9700064186198181
0.9700138773463514
0.9700262430451607
0.9700398947648744
0.9700589743918904
0.9700761361327993
0.9700925955487888
0.9701075748028892
0.9701215125729664
0.970136424374956
0.9701558640245536
0.9701762725821605
0.9701963466579704
0.970216287858612
0.9702379797242705
0.9702639935723381
0.9702964134014084
0.9703415321346482
0.970405110385741
0.9704863655065339
0.9705972664790468
0.9707529968546276
0.9708617548620917
0.9709804712399764
0.9710798083424349
0.9711294768936641
0.9712165314428992
0.9712720883344731
0.9713078554400293
0.9713511657349487
0.9713822550098894
0.9714172288364316
0.9714558849426808
0.971484679557789
0.9715149691562694
0.9715513804974815
0.9715966619898196
0.9716509043208921
0.9717028289237801
0.9717429510457805
0.971772000692432
0.9718010869114145
0.971827343902779
0.9718549653260701
0.971881484885292
0.971911270369559
0.9719473703379531
0.9719817445334225
0.9720180007811952
0.9720649126901061
0.9721000746041975
0.9721330529182842
0.9721688688125164
0.9722107992118965
0.9722602036933294
0.9723181745751315
0.972385979697258
0.9724579395481148
0.9725324657813937
0.9725987350317944
0.9726608108336935
0.9727088485983233
0.9727485278425217
0.9727922630960145
0.9728503832643514
0.9728936893710048
0.9729349863526533
0.9729799908330279
0.9730338890197165
0.9730891770073452
0.9731406852948378
0.9731958347411942
0.97325144670657
0.9733129128731821
0.9733781553289952
0.9734299136584553
0.973472022014592
0.9735116097203941
0.9735524713928633
0.9736014010449872
0.9736485374891678
0.9736915985067741
0.9737341771134711
0.9737797675217378
0.9738352790772722
0.9739011401043399
0.9739605210819776
0.974016273770146
0.9740751816515224
0.9741416858605588
0.974224820728155
0.9743325545481905
0.9744876534953377
0.9747380053102418
0.9752265429592476
0.9757801839582192
0.9763949486863088
0.9770979973374692
0.977911880475181
0.9788586715984097
0.9799
0.9799047736896248
0.9799143210688744
0.9799334158273737
0.9799528584731245
0.979971856816554
0.979985928408277
0.98
0.9800047736896248
0.9800115171318089
0.9800250040161771
0.9800410137965465
0.9800568628687969
0.9800710347771439
0.9800846875159043
0.9800959108087717
0.9801054417908188
0.9801143365681018
0.9801231376202523
0.9801324916355875
0.9801475030819325
0.9801628179508907
0.9801762835557607
0.9801887604409845
0.9802009111600464
0.9802142178638128
0.9802260346869639
0.980236748209694
0.9802458525884592
0.9802537234851519
0.9802611986915493
0.9802689979906329
0.980278500652614
0.9802900168519353
0.9803001218504048
0.9803093364398291
0.9803189241481963
0.9803295393586468
0.9803425977578577
0.9803563169040455
0.9803667879748322
0.9803752106944797
0.9803827727946959
0.9803904889813186
0.9804016593300459
0.980410437130807
0.9804170247741989
0.9804230095868007
0.980428618079138
0.9804342327833216
0.9804398690219213
0.980446171574351
0.9804541878598428
0.9804615531558033
0.980468309001802
0.9804753127090541
0.9804830307451178
0.980492125179699
0.9805037118653033
0.9805187363147757
0.9805382064735486
0.9805641554687065
0.9805941146261642
0.98061877898696
0.9806443698105096
0.9806671903430074
0.9806838445196666
0.9806981625349489
0.9807120848598052
0.9807280992273412
0.9807446332749878
0.9807601830713609
0.9807736545025899
0.9807871857053269
0.9808017849097966
0.9808177566129983
0.980833911761981
0.9808486769706307
0.9808620715945927
0.9808750708575432
0.9808894256253486
0.9809043395643027
0.9809204367597322
0.9809341569515521
0.9809476968383435
0.9809623089501796
0.9809790374530974
0.9809998492201001
0.9810215654171939
0.9810424085582768
0.9810638410348608
0.9810887911192099
0.9811032527342519
0.9811181839099856
0.9811312521218661
0.9811432548869818
0.9811561918085031
0.9811730983352128
0.9811953608979066
0.9812112871080284
0.9812267301273044
0.9812435836112124
0.9812632619529621
0.9812896044415466
0.9813232774554174
0.9813692217163115
0.9814141022197818
0.9814520337496597
0.981489582793421
0.9815295179080744
0.9815744718833451
0.9816286044883801
0.9816599910690504
0.9816870148385577
0.9817145225990501
0.9817380885774416
0.9817723193332208
0.9817972977399715
0.9818233112970364
0.9818617770387106
0.9819080068427264
0.9819684621461616
0.9820472907432003
0.9821514056081799
0.9822913272520095
0.9824883864387286
0.9828256354556107
0.9832131803472629
0.9836529343660706
0.9841606079897047
0.9847486769772263
0.9854403763396801
0.9862631091518412
0.9872557153857083
0.9884517583563552
0.9899
0.9899034979279826
0.9899104937839478
0.9899244854958782
0.9899370447596908
0.989950497246748
0.9899682857099986
0.9899859522653581
0.99
0.9900034979279826
0.9900104937839478
0.9900211328602746
0.9900379583554936
0.9900542105701626
0.9900748582711706
0.9900983040471225
0.9901227262594239
0.9901474458561472
0.9901740405904348
0.9902035122659545
0.990236669018176
0.9902742999703823
0.9903170837743087
0.9903657705735809
0.9904212973860972
0.9904739190767959
0.9905307842638673
0.9905411415071808
0.9905550797370001
0.9905687461615836
0.9905855884861645
0.9905988494139493
0.9906128163828162
0.9906289880841159
0.990648891688156
0.9906669292927044
0.9906797358310153
0.9906935729631992
0.9907076627686561
0.9907220124848929
0.9907403925481421
0.9907709159799645
0.9908165734184726
0.9908689011438594
0.990920406393743
0.9909465113194293
0.9909734251806578
0.9909948843057649
0.9910135627725335
0.991037487024833
0.9910632351798415
0.9910832315676058
0.9911039983967753
0.9911274530054154
0.991158002339928
0.991183025939824
0.9912057168898307
0.9912299609413026
0.9912534169774931
0.9912749306724805
0.9912973265751649
0.9913230354093924
0.9913427088363802
0.9913596536700334
0.9913757860928087
0.991392181042247
0.9914114278321388
0.9914321129599591
0.9914546233883104
0.991474562314916
0.9914947791735844
0.9915171755474915
0.9915435538554488
0.9915759020080025
0.9916163160231289
0.9916567111856586
0.9916926851081678
0.991734534728573
0.9917978000627459
0.9918941809843057
0.9920038555759328
0.9921218912802549
0.9922114891361751
0.9923079665677611
0.9923805766782537
0.9924554026762101
0.9925316410719244
0.9926107985415111
0.9927262451547622
0.9928927117502974
0.9931702825446865
0.9934893743786257
0.9938536562590584
0.9942751741671031
0.9947608392368931
0.995321988557764
0.9959758550113708
0.996747886488922
0.9976484408234764
0.9987042041650279
0.999352102082514
0.9999
0.9999080454273453
0.999924136282036
0.9999563179914174
0.9999781589957086
1.0
