"Name","cells","task_name","num_recs","state_dim","epsilon","test/accuracy","group_seed","model_dim","model_type","seed","State","train/accuracy","test_seed1/accuracy","test_seed1/loss","test_seed10/accuracy","test_seed10/loss","test_seed100/accuracy","test_seed100/loss","test_seed11/accuracy","test_seed11/loss","test_seed12/accuracy","test_seed12/loss","test_seed13/accuracy","test_seed13/loss","test_seed14/accuracy","test_seed14/loss","test_seed15/accuracy","test_seed15/loss","test_seed16/accuracy","test_seed16/loss","test_seed17/accuracy","test_seed17/loss","test_seed18/accuracy","test_seed18/loss","test_seed19/accuracy","test_seed19/loss","test_seed2/accuracy","test_seed2/loss","test_seed20/accuracy","test_seed20/loss","test_seed21/accuracy","test_seed21/loss","test_seed22/accuracy","test_seed22/loss","test_seed23/accuracy","test_seed23/loss","test_seed24/accuracy","test_seed24/loss","test_seed25/accuracy","test_seed25/loss","test_seed26/accuracy","test_seed26/loss","test_seed27/accuracy","test_seed27/loss","test_seed28/accuracy","test_seed28/loss","test_seed29/accuracy","test_seed29/loss","test_seed3/accuracy","test_seed3/loss","test_seed30/accuracy","test_seed30/loss","test_seed31/accuracy","test_seed31/loss","test_seed32/accuracy","test_seed32/loss","test_seed33/accuracy","test_seed33/loss","test_seed34/accuracy","test_seed34/loss","test_seed35/accuracy","test_seed35/loss","test_seed36/accuracy","test_seed36/loss","test_seed37/accuracy","test_seed37/loss","test_seed38/accuracy","test_seed38/loss","test_seed39/accuracy","test_seed39/loss","test_seed4/accuracy","test_seed4/loss","test_seed40/accuracy","test_seed40/loss","test_seed41/accuracy","test_seed41/loss","test_seed42/accuracy","test_seed42/loss","test_seed43/accuracy","test_seed43/loss","test_seed44/accuracy","test_seed44/loss","test_seed45/accuracy","test_seed45/loss","test_seed46/accuracy","test_seed46/loss","test_seed47/accuracy","test_seed47/loss","test_seed48/accuracy","test_seed48/loss","test_seed49/accuracy","test_seed49/loss","test_seed5/accuracy","test_seed5/loss","test_seed50/accuracy","test_seed50/loss","test_seed51/accuracy","test_seed51/loss","test_seed52/accuracy","test_seed52/loss","test_seed53/accuracy","test_seed53/loss","test_seed54/accuracy","test_seed54/loss","test_seed55/accuracy","test_seed55/loss","test_seed56/accuracy","test_seed56/loss","test_seed57/accuracy","test_seed57/loss","test_seed58/accuracy","test_seed58/loss","test_seed59/accuracy","test_seed59/loss","test_seed6/accuracy","test_seed6/loss","test_seed60/accuracy","test_seed60/loss","test_seed61/accuracy","test_seed61/loss","test_seed62/accuracy","test_seed62/loss","test_seed63/accuracy","test_seed63/loss","test_seed64/accuracy","test_seed64/loss","test_seed65/accuracy","test_seed65/loss","test_seed66/accuracy","test_seed66/loss","test_seed67/accuracy","test_seed67/loss","test_seed68/accuracy","test_seed68/loss","test_seed69/accuracy","test_seed69/loss","test_seed7/accuracy","test_seed7/loss","test_seed70/accuracy","test_seed70/loss","test_seed71/accuracy","test_seed71/loss","test_seed72/accuracy","test_seed72/loss","test_seed73/accuracy","test_seed73/loss","test_seed74/accuracy","test_seed74/loss","test_seed75/accuracy","test_seed75/loss","test_seed76/accuracy","test_seed76/loss","test_seed77/accuracy","test_seed77/loss","test_seed78/accuracy","test_seed78/loss","test_seed79/accuracy","test_seed79/loss","test_seed8/accuracy","test_seed8/loss","test_seed80/accuracy","test_seed80/loss","test_seed81/accuracy","test_seed81/loss","test_seed82/accuracy","test_seed82/loss","test_seed83/accuracy","test_seed83/loss","test_seed84/accuracy","test_seed84/loss","test_seed85/accuracy","test_seed85/loss","test_seed86/accuracy","test_seed86/loss","test_seed87/accuracy","test_seed87/loss","test_seed88/accuracy","test_seed88/loss","test_seed89/accuracy","test_seed89/loss","test_seed9/accuracy","test_seed9/loss","test_seed90/accuracy","test_seed90/loss","test_seed91/accuracy","test_seed91/loss","test_seed92/accuracy","test_seed92/loss","test_seed93/accuracy","test_seed93/loss","test_seed94/accuracy","test_seed94/loss","test_seed95/accuracy","test_seed95/loss","test_seed96/accuracy","test_seed96/loss","test_seed97/accuracy","test_seed97/loss","test_seed98/accuracy","test_seed98/loss","test_seed99/accuracy","test_seed99/loss"
"cmos_bmru_s3_r2_d512_nnone_edecaying_mlprelu_drop0.1_lr0.001_wd0.0001_real_audio_binary_best","[""cmos_bmru""]","real_audio_binary_best","2","512","decaying","","cmos_bmru_r2_d512_normnone_real_audio_binary_best_edecaying_mlprelu_drop0.1_lr0.001_wd0.0001","512","cmos_bmru","3","finished","1","0.9759375","0.11322451537125867","0.97875","0.08408709342788143","0.9765625","0.11220341222930212","0.980625","0.07669188855647306","0.9790625","0.10536104025939848","0.9775","0.1089558746296676","0.976875","0.10493052133882784","0.9765625","0.11836394179510534","0.9815625","0.0988652723148607","0.9784375","0.09499140828711064","0.97625","0.12578876693086438","0.9821875","0.09108908595562298","0.97875","0.07611822918882367","0.97625","0.11913308148850212","0.9759375","0.1050362572911149","0.9775","0.09575439707599548","0.98","0.0939146292607485","0.9790625","0.1189083578254315","0.978125","0.0996677650268144","0.9796875","0.08513923415106901","0.9740625","0.12264131557450184","0.970625","0.13864742085539747","0.9721875","0.12501764465719511","0.9784375","0.08797867787766336","0.97875","0.086852754114893","0.97375","0.14288602347236715","0.9775","0.12806994512514952","0.97625","0.12158700750768917","0.9775","0.09239848799560035","0.97625","0.1197679358606466","0.974375","0.10560281146036558","0.976875","0.0954857534002025","0.976875","0.1024901954516804","0.98","0.0960848973964255","0.975","0.12288098828244756","0.9734375","0.11818855940724632","0.9775","0.10242026623832792","0.97875","0.08233160815103417","0.9771875","0.1140862920403392","0.9771875","0.10562918542807948","0.9746875","0.09505627852578","0.979375","0.1024122950359751","0.976875","0.12111801917503862","0.9784375","0.10569524857153707","0.9709375","0.1536685319066123","0.978125","0.12345448778441664","0.976875","0.103060020697163","0.973125","0.12283815692228188","0.9778125","0.0997576048192326","0.98125","0.08500994165666718","0.976875","0.10841155991302116","0.9771875","0.12314327632183536","0.9734375","0.12637630321564758","0.9790625","0.07662171259167479","0.9775","0.09923900646158584","0.979375","0.11090368472392158","0.9753125","0.12024777860424642","0.978125","0.12465413398230296","0.9803125","0.08631722347488789","0.973125","0.1271277748393254","0.97875","0.08919740389512071","0.979375","0.09457881612900204","0.979375","0.11544563524001546","0.978125","0.10403667787180894","0.98125","0.10068625920795844","0.9753125","0.15143274753831293","0.9746875","0.13574783065169754","0.9765625","0.10272205207277624","0.9821875","0.0970991679833486","0.975","0.11842588125348012","0.9815625","0.08798072322667778","0.976875","0.0995954916505763","0.978125","0.11373765484797924","0.9728125","0.1147351839690151","0.975","0.09502163537124504","0.979375","0.11844335635089848","0.9790625","0.11809296677247808","0.9809375","0.06763954475227997","0.9796875","0.08282757323992698","0.97375","0.11774350533390476","0.9759375","0.09629368419318496","0.98","0.08004043542441003","0.97875","0.08538934529788035","0.9765625","0.11856274917397136","0.9734375","0.11970521638424714","0.979375","0.07170083063288643","0.9784375","0.10790478111874448","0.9790625","0.07652160033331257","0.9784375","0.0865145021832113","0.98","0.07802713060915067","0.97875","0.09738886531436826","0.981875","0.09388832098384058","0.97875","0.08594071640928844","0.9796875","0.10600999915299553","0.976875","0.10602189200773451","0.974375","0.10848848968331978","0.97875","0.09315522303599068","0.975","0.12407858941440494","0.9796875","0.08953156200856746","0.9721875","0.11417514251486097"
"cmos_bmru_s5_r2_d32_nnone_edecaying_mlprelu_drop0.1_lr0.001_wd0.0001_real_audio_binary_best","[""cmos_bmru""]","real_audio_binary_best","2","32","decaying","","cmos_bmru_r2_d32_normnone_real_audio_binary_best_edecaying_mlprelu_drop0.1_lr0.001_wd0.0001","32","cmos_bmru","5","finished","1","0.9834375","0.22074108731876968","0.973125","0.24811517540590436","0.9759375","0.2952642587168699","0.9771875","0.1994054413689127","0.984375","0.19412972466962256","0.9759375","0.24778441284966649","0.985","0.18841594164875375","0.978125","0.23978803821657352","0.9784375","0.27486083295174774","0.9753125","0.2330490117796264","0.9775","0.2409607669012207","0.979375","0.2395735757174619","0.973125","0.2978332348520131","0.9790625","0.24404204929838397","0.9809375","0.20402461021075197","0.9790625","0.24076969542703697","0.97875","0.21259926662324985","0.978125","0.24892124103201127","0.9840625","0.14635236777813018","0.9803125","0.2877776620172339","0.9828125","0.14436629169169393","0.981875","0.16076568693639878","0.9771875","0.2130393305476188","0.9825","0.2156267680797388","0.983125","0.22985912785789953","0.9775","0.25130988689929523","0.9790625","0.3091746018333839","0.978125","0.23806286528536483","0.9771875","0.2365786816965518","0.9775","0.21922634612252437","0.9821875","0.22998928748190128","0.979375","0.2363577627461922","0.9815625","0.21673706644817783","0.9825","0.1956795022428122","0.9765625","0.20727283902416416","0.9821875","0.17465640892968431","0.9734375","0.31221446441910516","0.9803125","0.22263829413379108","0.9778125","0.27366889599738964","0.98125","0.17426304126480013","0.9790625","0.27059098630304823","0.983125","0.1866649548875077","0.979375","0.2020545769985004","0.97625","0.2877288836337153","0.98125","0.1901020189446961","0.9784375","0.2336978043621009","0.9821875","0.16248467279172082","0.98","0.24664075320473317","0.980625","0.2273621280730808","0.9775","0.23272758204403984","0.98125","0.19231570283054356","0.976875","0.2629983068087268","0.9759375","0.24865836946269876","0.983125","0.21186694321803265","0.979375","0.26655269468641035","0.9790625","0.23253921437812497","0.981875","0.14296790292432024","0.9771875","0.26069005789345456","0.9809375","0.1954933629470386","0.9753125","0.3084076584891821","0.9815625","0.2270894184078584","0.979375","0.17768250849972056","0.98125","0.183823445271296","0.9784375","0.24587489858889305","","","0.9771875","0.22710701229379965","0.9790625","0.24159700841683027","0.9809375","0.1877213918023397","0.98","0.21125821580059345","0.98125","0.209809109997704","0.979375","0.2002579975098253","0.978125","0.18355961545146932","0.9815625","0.19154557432209185","0.980625","0.18369724058643516","0.980625","0.25085512892142087","0.980625","0.23228319160762295","0.978125","0.22794086799307145","0.9765625","0.22406680672083928","0.9815625","0.2253213376647674","0.98","0.2251421739480516","0.9775","0.2195678413055841","0.9771875","0.2717606899861118","0.975","0.2966073607985896","0.9778125","0.2450216484349368","0.9803125","0.2433122357065459","0.9825","0.14962506886903398","0.9803125","0.23806363935128705","0.9784375","0.2161163710891301","0.979375","0.2010260426991104","0.9796875","0.22539213622907803","0.9809375","0.1872859896171385","0.980625","0.20739207588511577","0.9821875","0.2197151697916596","0.9803125","0.20347305533555268","0.975625","0.2349436891772798","0.9809375","0.2291714735818252","0.978125","0.22279366266604925","0.9765625","0.23460928268072723","0.9828125","0.16952641790610742","0.9834375","0.1842093599196449"
"cmos_bmru_s3_r2_d128_nnone_edecaying_mlprelu_drop0.1_lr0.001_wd0.0001_real_audio_binary_best","[""cmos_bmru""]","real_audio_binary_best","2","128","decaying","","cmos_bmru_r2_d128_normnone_real_audio_binary_best_edecaying_mlprelu_drop0.1_lr0.001_wd0.0001","128","cmos_bmru","3","finished","1","0.975","0.19997289712917168","0.975","0.23570467191970929","0.9775","0.16676110509404815","0.978125","0.2564650336500668","0.971875","0.28716819751032685","0.978125","0.1946775923443122","0.9759375","0.22974907097208372","0.9765625","0.2500838965993394","0.9778125","0.22011626915917687","0.97625","0.22132743273368707","0.9734375","0.275327238890237","0.9753125","0.271656635791387","0.9765625","0.21939258113219545","0.976875","0.2272819932040457","0.9775","0.19773970348812456","0.97375","0.2786807788129315","0.973125","0.2489454844443354","0.9796875","0.2063296275141048","0.9759375","0.1965617237045707","0.9796875","0.218407029620339","0.9759375","0.2219954781082061","0.9753125","0.27420416168196654","0.9746875","0.2421288191006933","0.9709375","0.3104675450293242","0.9771875","0.25463022235406874","0.9771875","0.21033023311048205","0.9784375","0.22938932017509267","0.9703125","0.26447809067367184","0.9778125","0.20522665907218213","0.97625","0.1925174991983631","0.9765625","0.20131756986993196","","","0.979375","0.24091173037441657","0.9775","0.21109755239462963","0.9771875","0.2177594348980627","0.9753125","0.24058600370687264","0.9759375","0.24516997994391387","0.975625","0.2314127214155242","0.9771875","0.2482292562926785","0.978125","0.22132856914143148","0.9715625","0.2945903140360748","0.97375","0.26877986910443014","0.979375","0.19639906441588603","0.9784375","0.17788369461106826","0.9709375","0.2930149845659149","0.970625","0.238465378447409","0.978125","0.2150457595740867","0.9759375","0.24318879731880896","0.9765625","0.2521377899755061","0.9734375","0.25265637909908173","0.974375","0.2416217168441093","0.9790625","0.21946577440873227","0.9759375","0.2244641636860691","0.9728125","0.2005776401484823","0.9765625","0.21877248518986364","","","0.9775","0.2528887720417732","0.97125","0.3208026474994331","0.974375","0.2567945039244043","0.9746875","0.2565863551868739","0.976875","0.24914903720595152","0.9821875","0.15269235557452496","0.9725","0.26312539501143517","0.9740625","0.24392218643760663","0.9728125","0.23922307450013183","0.9734375","0.27085333643924386","0.973125","0.2695564351605193","0.9778125","0.17497954859545675","0.9771875","0.2260511958498711","0.97625","0.26794268831587537","0.973125","0.28423539113140156","0.9740625","0.22694311005386672","0.97875","0.22040340620689491","0.975625","0.19097459255093377","0.970625","0.2508589097857659","0.975","0.22063187228642597","0.9740625","0.24993146170800964","0.979375","0.15848390412826793","0.97625","0.22718456950326923","0.9740625","0.2588256192224779","0.975","0.24235175860982688","0.9753125","0.2034969472228066","0.974375","0.23732641457334944","","","0.97","0.3241908888128833","0.9784375","0.205709651583005","0.9759375","0.2401830527724824","0.975625","0.2142714993023138","0.976875","0.1877696006709577","0.974375","0.23884839792982632","0.9790625","0.1954641462197499","0.975","0.18606280945443068","0.976875","0.24142027858039003","0.9778125","0.1792442447831223","0.973125","0.24858069503692604","0.9775","0.20807647235174","0.9703125","0.24830740689704808","0.97375","0.26646350460062324","0.975","0.22488148960497711","0.9759375","0.2197666660772418"
"cmos_bmru_s1_r2_d256_nnone_edecaying_mlprelu_drop0.1_lr0.001_wd0.0001_real_audio_binary_best","[""cmos_bmru""]","real_audio_binary_best","2","256","decaying","","cmos_bmru_r2_d256_normnone_real_audio_binary_best_edecaying_mlprelu_drop0.1_lr0.001_wd0.0001","256","cmos_bmru","1","finished","1","0.979375","0.07231301912610558","0.9790625","0.10142180839212787","0.979375","0.09236964896901229","0.9740625","0.11047384714326595","0.980625","0.08626836827283625","0.975625","0.10310909183626706","0.975625","0.09886633149598352","0.9809375","0.06953470920968358","0.9746875","0.09312929908547404","0.9775","0.08187306571643464","0.979375","0.08219899753638878","0.9740625","0.11059561666880824","0.9771875","0.09228257782457468","0.9725","0.10926356753181368","0.97875","0.09450555320191902","0.9709375","0.11498953577957742","0.9740625","0.10348359324692524","0.975625","0.10385506522890818","0.9775","0.09249097204170292","0.9771875","0.11378866434226692","0.9778125","0.1056535777853037","0.9790625","0.10213153467453708","0.976875","0.098489371497948","0.9796875","0.09090039887913876","0.978125","0.1046115702807962","0.98125","0.09035355707688351","0.97625","0.09103445635347568","0.9759375","0.0994284536663804","0.974375","0.11113591840840512","0.975","0.12568619350652044","0.979375","0.08854350307296002","0.9790625","0.07456478560030519","0.974375","0.10408637832524312","0.975","0.11872186073094326","0.9715625","0.11556196595237048","0.9765625","0.10273638276137888","0.9796875","0.08620122823244024","0.9775","0.08131386628870814","0.980625","0.07424376493315547","0.9790625","0.08877186848731561","0.9725","0.13088446180198163","0.979375","0.09475100483517152","0.975","0.1194947657976303","0.9784375","0.08778180926705773","0.9734375","0.1153096528110801","0.9759375","0.0952371046653562","","","0.97625","0.09732099485026992","","","0.9778125","0.10737901545628832","0.976875","0.11848887512239202","0.98125","0.08135508977624269","0.9775","0.10602482233575417","0.979375","0.09487423194999196","0.9696875","0.13548568399827218","0.9728125","0.11136529046467572","0.9746875","0.11535819352354423","0.974375","0.11237952196743578","0.9790625","0.08494481506603278","0.975625","0.09569904420545626","0.9784375","0.09836709993655604","0.9753125","0.11703128772872644","0.9765625","0.11614340791041997","0.97375","0.09526787452096527","0.97625","0.10215611470741352","0.97625","0.1070773725147816","0.97875","0.08730961100429567","0.98","0.09719864951634598","0.9765625","0.09594862559576654","0.975","0.10200247642346284","0.974375","0.11091690177245368","0.9790625","0.08425748281201152","0.978125","0.0937421173493138","0.978125","0.08158114403662889","0.9771875","0.10063078478004626","0.9734375","0.12077396041912294","0.9753125","0.10623805416767423","0.97625","0.10950789412672408","0.981875","0.08363856931960456","0.9790625","0.07952302428406086","0.976875","0.10125776442583118","0.97375","0.1178151468844203","0.98","0.07675118467400659","0.9765625","0.11573288655485071","0.9753125","0.0980051487702616","0.980625","0.07182514155125452","0.9775","0.09918217037477944","0.9740625","0.10525074045711634","0.9778125","0.10330639236989192","0.9784375","0.1101489815223838","0.979375","0.09075912890420738","0.9740625","0.1241880325688669","0.97625","0.10144026952900674","0.980625","0.08213533669092278","0.9784375","0.08091317315775143","0.978125","0.093627562396087","0.9734375","0.12443268675934746","0.9740625","0.11968002659350414","0.9759375","0.09168958457404404","0.9771875","0.09826718239235518"
"cmos_bmru_s5_r2_d256_nnone_edecaying_mlprelu_drop0.1_lr0.001_wd0.0001_real_audio_binary_best","[""cmos_bmru""]","real_audio_binary_best","2","256","decaying","","cmos_bmru_r2_d256_normnone_real_audio_binary_best_edecaying_mlprelu_drop0.1_lr0.001_wd0.0001","256","cmos_bmru","5","finished","1","0.98125","0.10799621151651366","0.9834375","0.07408568993535425","0.9771875","0.1188195774397134","0.9771875","0.12062511817395796","0.9759375","0.11057242050729647","0.9790625","0.11453168657608956","0.9815625","0.10817037635910932","0.9796875","0.1071687208121498","0.9796875","0.11635307466404143","0.9796875","0.10016358386822552","0.973125","0.13664007814826762","0.976875","0.11543586035322093","0.9790625","0.1075612982490162","0.9734375","0.12635994090928848","0.979375","0.11805348728189484","0.97875","0.11764653999627513","0.97875","0.1046132348346859","0.9825","0.09904176551508656","0.975","0.14813459427796338","0.978125","0.12226773436317132","0.98","0.1246392550082944","0.9778125","0.12348002836603884","0.9803125","0.12716086536662513","0.9821875","0.11558766608236098","0.9753125","0.12556044884981346","0.9759375","0.1317666205942471","0.9753125","0.12363067633776836","0.9784375","0.1039305020795242","0.9734375","0.13660281219730294","0.979375","0.09432937705567612","0.980625","0.09152460976361852","0.975","0.13235601901903446","0.9740625","0.13136037879854764","0.9778125","0.1197978958726624","0.98","0.09891627756612756","0.9796875","0.12822197937994645","0.97625","0.13707540610037738","0.975625","0.12227492314995374","0.9765625","0.12162244242486964","0.978125","0.10399514285707818","0.9784375","0.09559669311256055","0.9796875","0.0962102380046566","0.9803125","0.09439609605402716","0.9809375","0.12079558061741306","0.979375","0.1173568543267291","0.973125","0.12997551514712996","0.9753125","0.1119156429902091","0.981875","0.09036684880348118","0.9784375","0.10972826619882352","0.9821875","0.09245374146702444","0.979375","0.12015157804199789","0.975","0.1170278612713497","0.979375","0.12443315689822086","0.978125","0.1206943851345818","0.9809375","0.10443913877001355","0.98125","0.11118352257850322","0.9778125","0.1109043547054145","0.981875","0.08844287762392228","0.9759375","0.1332137195106793","0.976875","0.09593701890295214","0.98375","0.07539806970691097","0.9759375","0.1336080023541954","0.9796875","0.12640675011648989","0.983125","0.0940251595905675","0.9821875","0.09423044163534086","0.979375","0.08834367596670291","0.9790625","0.12083824356211072","0.9784375","0.13827107996955249","0.975625","0.11568099888760992","0.9746875","0.12341525256325696","0.975","0.13432403709727708","0.9803125","0.11497257597848816","0.9778125","0.10334705132905252","0.9778125","0.10659010840265536","0.9809375","0.09118264565352716","0.9784375","0.13139532188990422","0.98","0.1065692163073512","0.9790625","0.12725440031048307","0.97875","0.12579431442442343","0.9778125","0.12361303861213556","0.9790625","0.11599295150263364","0.9809375","0.08253310044525534","0.97875","0.11203844133403693","0.9765625","0.11033229666213912","0.9825","0.0964271404382103","0.9753125","0.11770903608445564","0.9753125","0.13622615011477815","0.979375","0.09123939750851388","","","0.9715625","0.19436225371378896","0.9803125","0.10827378970475784","0.97875","0.11600368580368382","0.979375","0.09933930945034548","0.978125","0.11907092947922816","0.9821875","0.09718526865746913","0.979375","0.10013206245696608","0.975625","0.12031385033993032","0.98125","0.09299448269699476","0.9825","0.09623449265895148","0.971875","0.1478761202689088"
"cmos_bmru_s2_r2_d8_nnone_edecaying_mlprelu_drop0.1_lr0.001_wd0.0001_real_audio_binary_best","[""cmos_bmru""]","real_audio_binary_best","2","8","decaying","","cmos_bmru_r2_d8_normnone_real_audio_binary_best_edecaying_mlprelu_drop0.1_lr0.001_wd0.0001","8","cmos_bmru","2","finished","1","0.97125","0.1182920876531648","0.970625","0.13242825979926465","0.96875","0.1381521618891952","0.9690625","0.1529849274982189","0.9696875","0.14145165001275015","0.96625","0.1790718072354457","0.9678125","0.1598230673564197","0.9665625","0.13767936281376442","0.9709375","0.135755451847574","0.97375","0.1144699775411027","0.9646875","0.14485150793964294","0.9728125","0.11566288419933245","0.9696875","0.12020408222417243","0.9725","0.13246407320239997","0.966875","0.16200057162536724","0.9709375","0.13381870869585327","0.9640625","0.153957916914419","0.971875","0.10472098055373864","0.9684375","0.13414960999003597","0.969375","0.14456386241864494","0.969375","0.14433375703099954","0.968125","0.12729272087493768","0.973125","0.13244464506673126","0.964375","0.15865460567403944","0.964375","0.16256115847996966","0.974375","0.11363207376393802","0.9728125","0.12988066488085678","0.9746875","0.11818106479537618","0.9703125","0.1439610446067672","0.9596875","0.1952490931685315","0.96625","0.14091751566487346","0.9721875","0.13528078095302137","0.9671875","0.17342069860756054","0.9728125","0.12440912884042064","0.9684375","0.13521416747237253","0.9696875","0.1461415157386591","0.9734375","0.13793800576389004","0.970625","0.1138653558011083","0.9678125","0.15426301419358993","0.9709375","0.13119011154159124","0.96625","0.14271460678648965","0.9690625","0.12286654795062986","0.97","0.14728690211846696","0.9675","0.13399819644546368","0.9646875","0.1390646235456734","0.976875","0.11261662464960864","0.970625","0.12294003122687172","0.9715625","0.12568209056194973","0.9653125","0.14670588073570345","0.9684375","0.13019712434804206","0.970625","0.11628851212133327","0.9640625","0.17205947831713275","0.9671875","0.15753162023383993","0.9684375","0.15284968363410825","0.96375","0.1639983622826503","0.9690625","0.1405030130436353","0.9690625","0.13064287064141353","0.9715625","0.12871264818873443","0.9646875","0.15366619640896942","0.9640625","0.1781896679767624","0.9671875","0.12867577737925784","0.96875","0.13088837785620172","0.9734375","0.12500771869230562","","","0.9715625","0.1461259490301427","0.970625","0.14565749703175015","0.9728125","0.10399262882058792","0.9728125","0.12181279935699424","0.9690625","0.136531018351684","0.9721875","0.13450086066597977","0.9678125","0.13539042601428947","0.96625","0.15852075286602485","0.969375","0.15694532490590973","0.9690625","0.1465185886216568","0.97","0.12320967650953207","0.965","0.1815904465857443","0.9684375","0.11868459854922549","0.9675","0.14108248021742384","0.974375","0.11074860094791916","0.9728125","0.11021434404890897","0.9728125","0.1264318147625636","0.96875","0.16108554565927535","0.965625","0.12707828594800957","0.965625","0.1521114774283643","0.9721875","0.14087939613738912","0.9665625","0.13574416784461277","0.9725","0.1127367368072737","0.968125","0.15365926576149605","0.9675","0.14684588175918178","0.97625","0.09214395953361872","0.9709375","0.14817091468965374","0.9740625","0.10916949452530388","0.9665625","0.14319140034738667","0.9709375","0.1406849928092521","0.9696875","0.15704416408624866","0.970625","0.12068281040301372","0.965625","0.16188900356788508","0.9684375","0.16066049574528507","0.9684375","0.1638742525330963","0.9728125","0.1235291580674584"
"cmos_bmru_s3_r2_d256_nnone_edecaying_mlprelu_drop0.1_lr0.001_wd0.0001_real_audio_binary_best","[""cmos_bmru""]","real_audio_binary_best","2","256","decaying","","cmos_bmru_r2_d256_normnone_real_audio_binary_best_edecaying_mlprelu_drop0.1_lr0.001_wd0.0001","256","cmos_bmru","3","finished","1","0.9734375","0.09446892419274816","0.973125","0.10570763446612431","0.974375","0.1377410794842852","0.9721875","0.12245844470448","0.9690625","0.15650378692806663","0.973125","0.12321599755325643","0.9778125","0.08044732991903918","0.974375","0.1349368375021932","0.9696875","0.13246415578993492","0.97","0.15110547709232164","0.9778125","0.0726578789387753","0.9725","0.12223655066361948","0.973125","0.13273766093069753","0.9715625","0.1142415584792999","0.9728125","0.13834883836703343","0.97125","0.12661704919133007","0.9721875","0.09842063643256294","0.9765625","0.10511263293332368","0.9665625","0.15064916314948312","0.975","0.10255758587825646","0.973125","0.11682674752974335","0.9715625","0.14940869485844524","0.971875","0.1269129990546724","0.9709375","0.15162547087640754","0.971875","0.12066411338494788","0.9734375","0.12652571448942368","0.9703125","0.13183208471816898","0.971875","0.1106852881223483","0.9734375","0.11765599065434976","0.969375","0.15993054645220922","0.974375","0.11308805456997932","0.9715625","0.1474260982285765","0.97125","0.14360276426911522","0.9728125","0.09928644662619147","0.9725","0.11170932492602248","0.975625","0.11903769822051968","0.9771875","0.08867841704415136","0.9690625","0.15439346748094462","0.969375","0.1490713689196488","0.97","0.1300982752062214","0.9725","0.12201021825709064","0.969375","0.15517992168752356","0.975625","0.11174929244077585","0.9709375","0.12416273660535722","0.9734375","0.10966970706476573","0.9703125","0.13237907566250157","0.97125","0.11461518773519856","0.9746875","0.14631561603929075","0.9728125","0.11636479637703288","0.9759375","0.12214745719011588","0.969375","0.127348920340186","0.9696875","0.11999488383662364","0.9721875","0.1332213627201658","0.9703125","0.14992444565819682","0.9721875","0.1123509097965964","0.975625","0.11007563543516084","0.97125","0.13739463526386186","0.9753125","0.11979490032532226","0.9703125","0.1452397586860216","0.9765625","0.12098059907657968","0.9771875","0.1193766989251584","0.969375","0.15294390545181738","0.9696875","0.12923295752115987","0.974375","0.09707646269809388","0.97875","0.09047570233985852","0.9725","0.12801388192365645","0.969375","0.15792736319178835","0.9709375","0.14040195184472978","0.9746875","0.10737173142581705","0.97","0.16302040031400458","0.9728125","0.11302427322329414","0.9725","0.13513923965376476","0.9765625","0.12523462789518733","0.9715625","0.11328781229450322","0.9778125","0.08896167988746156","0.9709375","0.12242106543249603","0.9709375","0.12320922462770029","0.9765625","0.09832557616160578","0.968125","0.15797909201152038","0.970625","0.14092212451477196","0.9696875","0.1470579653256459","0.9703125","0.13605798698887725","0.9684375","0.13412153440910232","0.9753125","0.11078377893539149","0.9709375","0.13143039755594224","0.9725","0.13420558468757943","0.96875","0.16401392547514235","0.97","0.15129908765693106","0.97625","0.1074679239723693","0.9690625","0.11564774032562213","0.9746875","0.13687796181228645","0.9721875","0.12846776789320904","0.9753125","0.1395174446812993","0.9728125","0.12105469681342514","0.9753125","0.1090392681649002","0.9765625","0.09495648531138898","0.971875","0.13034460684330113","0.97375","0.12787436481299566","0.97375","0.1288960573191541","0.9721875","0.12686598727400206"
"cmos_bmru_s5_r2_d64_nnone_edecaying_mlprelu_drop0.1_lr0.001_wd0.0001_real_audio_binary_best","[""cmos_bmru""]","real_audio_binary_best","2","64","decaying","","cmos_bmru_r2_d64_normnone_real_audio_binary_best_edecaying_mlprelu_drop0.1_lr0.001_wd0.0001","64","cmos_bmru","5","finished","1","0.98","0.20872454090662065","0.9796875","0.2161808422651659","0.9809375","0.2004068001300946","0.97625","0.23279438470025543","0.98","0.2535530127646395","0.980625","0.22310535848075047","0.9759375","0.2555758418921301","0.9828125","0.19389063468713055","0.97625","0.23057015898975336","0.98375","0.16856654598495005","0.9815625","0.1793617660475735","0.981875","0.1416213251774031","0.9796875","0.21886566039436048","0.97875","0.25319003721984745","0.985625","0.1517374387342904","0.98125","0.17305540600099026","0.979375","0.23711363794692752","0.976875","0.21906946637543448","0.9715625","0.29980021699352727","0.97875","0.2356737565806244","0.9771875","0.23145435363158584","0.9803125","0.1998608178378282","0.9796875","0.2358732457469385","0.9746875","0.2780656348139602","0.976875","0.2270168178660201","0.9790625","0.2429935666530214","0.98125","0.21953159167594596","0.9784375","0.2282647022017435","0.9809375","0.22346732804984584","0.9821875","0.18073528633141664","0.9821875","0.2266294733048525","0.9796875","0.19712336864683624","0.98","0.22013465251236408","0.983125","0.17961141247413356","0.9790625","0.22590955346658148","0.9828125","0.22648251290188848","0.979375","0.20961664612399172","0.9828125","0.18649006782652397","0.9825","0.18675448304019832","0.978125","0.237636098181868","0.9825","0.1770314688158292","0.9775","0.28540725634993447","0.9796875","0.20021268301755285","0.979375","0.18307840079913595","0.976875","0.23781403145440425","0.9775","0.23192656080410473","0.9840625","0.21548101012515697","0.9790625","0.1911415094387292","","","0.9803125","0.22429628373671073","0.9809375","0.2010301392207242","0.9809375","0.20179667027279471","0.9815625","0.17279224295910747","0.97625","0.2671298233699999","0.9775","0.2594490780493805","0.975625","0.2950755866011848","0.9809375","0.25912768244585216","0.9753125","0.25516811040287096","0.9796875","0.18746795742905484","0.9759375","0.27440151695752996","0.97875","0.22152503640673352","0.9775","0.23154217137926064","0.9746875","0.3005517955868562","0.97625","0.2557076792046876","0.9825","0.21880395754429435","0.9784375","0.23221601894224947","0.9778125","0.26083672048751266","0.980625","0.21945820092074653","0.9815625","0.19838173475084275","0.9765625","0.2688532150296081","0.9796875","0.21892422765668085","0.98","0.2163781277803577","0.98125","0.19707375272428","0.9784375","0.2269682041569067","0.979375","0.2583308039785249","0.9815625","0.22564476434886557","0.9778125","0.23627740497569","0.985625","0.16481711728425716","0.98125","0.2204505022531707","0.97875","0.2248095937916794","0.976875","0.22716815750989863","0.9771875","0.23197849585637095","0.9828125","0.15993489341014233","0.9846875","0.14544690128862495","0.981875","0.20958159246196523","0.9809375","0.2274926518012077","0.9765625","0.2979294509130228","0.9784375","0.22049190630828497","0.9790625","0.19853099665224183","0.97625","0.26697738488961614","0.981875","0.20869206560548065","0.9803125","0.20728254508089208","0.9790625","0.23073000255208728","0.9803125","0.22468956022147776","0.979375","0.25314305184388064","0.9775","0.2783272628370665","0.97875","0.23498784963283773","0.981875","0.16803330528778126","0.9771875","0.2899315235737123","0.9728125","0.27271296047483873"
"cmos_bmru_s5_r2_d128_nnone_edecaying_mlprelu_drop0.1_lr0.001_wd0.0001_real_audio_binary_best","[""cmos_bmru""]","real_audio_binary_best","2","128","decaying","","cmos_bmru_r2_d128_normnone_real_audio_binary_best_edecaying_mlprelu_drop0.1_lr0.001_wd0.0001","128","cmos_bmru","5","finished","1","0.9753125","0.20750822467625477","0.97125","0.2484998957028554","0.9725","0.22277899503355672","0.97375","0.2219690567552658","0.9778125","0.20383415164496732","0.970625","0.2868244450690771","0.976875","0.2065660594935046","0.9696875","0.28830666882234535","0.9684375","0.31148807610022966","0.9753125","0.21898905894954404","0.9684375","0.2715634911322723","0.9709375","0.25306432764286385","0.9675","0.29602198755312686","0.9715625","0.24075434313097793","0.9728125","0.25088833063518445","0.9734375","0.2362744777377903","0.968125","0.26752382861802204","0.96875","0.29171130531508227","0.9721875","0.27269922633580973","0.9765625","0.21416679544386125","0.9703125","0.2529427950459881","0.9684375","0.2948290450368384","0.969375","0.29274245885160793","0.9728125","0.26560008839351096","0.9759375","0.2220216577841296","0.9675","0.284105206958224","0.9746875","0.22723923837869436","0.9728125","0.24577329201863451","0.9759375","0.2267511413300284","0.9734375","0.25527107991564313","0.971875","0.2565638871616438","0.9728125","0.22933952997776183","0.9725","0.26242210212943257","0.9678125","0.30250471669885165","0.9740625","0.24693631245272385","0.97375","0.22449155488463468","0.9725","0.2549489934232638","0.9684375","0.2879529579485293","0.9703125","0.25911335138718367","0.9759375","0.19905114652318376","0.9715625","0.2656196657994831","0.9734375","0.21390592344578244","0.9728125","0.2380910041065355","0.97125","0.2525365988381752","0.97","0.2397896909465008","0.9725","0.24471084484554328","0.971875","0.22525728316072743","0.97375","0.258591942940479","0.9753125","0.2062538880879931","0.9709375","0.23217873914780524","0.9753125","0.22708483843913452","0.975625","0.1990360238795524","0.9734375","0.21925086729828508","0.974375","0.23527927674047092","0.9721875","0.2399920127821015","0.970625","0.2611180670230966","0.9759375","0.2241332572062661","0.9734375","0.23122356742100636","0.9759375","0.21033599447446677","0.97625","0.19877069609747217","0.9753125","0.2172773707935255","0.97125","0.25878430039246303","0.970625","0.26372502973002765","0.975625","0.2127867806664841","0.97125","0.24068092480703615","0.974375","0.21884782917663892","0.9696875","0.2544455090913286","0.9709375","0.2849266869352371","0.9696875","0.28688589197171505","0.9746875","0.24542247111879212","0.973125","0.23018067211470583","0.975","0.23787895595698855","0.9721875","0.24041554629845524","0.9696875","0.24455405417230047","0.97","0.2722579067764705","0.9721875","0.26431201368086404","0.9721875","0.2490007164637723","0.9715625","0.24543590259315223","0.9715625","0.22635184040702128","0.970625","0.23816077173695183","0.9765625","0.20261865551375577","0.9725","0.2465349224144078","0.9753125","0.22794277476130137","0.976875","0.21452838683186687","0.9671875","0.3258863355025494","0.9746875","0.22776095055693305","","","0.9709375","0.24172397396453849","0.974375","0.22764490511982355","0.971875","0.2429093077390739","0.9725","0.23553213013606616","0.974375","0.21514393573134108","0.974375","0.2338952157906435","0.975","0.20957980231370835","0.965625","0.29803087190443134","0.965","0.3071401189231137","0.973125","0.24310488218239293","0.9740625","0.27135710493590837","0.9775","0.174882984464096","0.9725","0.2589269582983523"
"cmos_bmru_s2_r2_d32_nnone_edecaying_mlprelu_drop0.1_lr0.001_wd0.0001_real_audio_binary_best","[""cmos_bmru""]","real_audio_binary_best","2","32","decaying","","cmos_bmru_r2_d32_normnone_real_audio_binary_best_edecaying_mlprelu_drop0.1_lr0.001_wd0.0001","32","cmos_bmru","2","finished","1","0.9775","0.18798961964299984","0.9771875","0.2488160735557715","0.9759375","0.2672898766532719","0.9715625","0.2889469145313809","0.9728125","0.291041945660385","0.9803125","0.17975447086929633","0.9771875","0.2141633908319529","0.976875","0.23006823368218568","0.9775","0.2174300900834618","0.974375","0.25569637847010024","0.9815625","0.2181281146847641","0.9809375","0.20544562434877364","0.9778125","0.21628347684104057","0.978125","0.21978444039774123","0.979375","0.17971666290879307","0.9753125","0.25229036462102633","0.973125","0.25054348500848694","0.9790625","0.20202887188232688","0.976875","0.2520508196869406","0.97","0.2749787258246606","0.975","0.24649076903345957","0.97625","0.23468083588336647","0.9734375","0.284701919921574","0.978125","0.17438679252633954","0.9734375","0.2962038532332643","0.9740625","0.21645952147318817","0.9725","0.24590871174373077","0.9825","0.2138260816315696","0.9759375","0.24347128540116564","0.974375","0.24490646578908623","0.9775","0.2320833715241659","0.98125","0.166121427896662","0.9796875","0.20193734537149768","0.9775","0.2730975723584553","0.975","0.22146717354754317","0.9790625","0.1907816832180117","0.978125","0.24457182133918737","0.97375","0.3029156425588487","0.97875","0.2520077044258806","0.971875","0.26124120214626834","0.9815625","0.1875770351214708","0.9728125","0.3174664450137174","0.97625","0.18753335307275093","0.975625","0.2767111486139631","0.9765625","0.22732070163295348","0.9790625","0.2031944249181361","0.97875","0.2221250390626245","0.9809375","0.21366207008334984","0.978125","0.2779634640271262","0.9759375","0.26996244405265857","0.9796875","0.16280791309387269","0.9790625","0.2025250781140104","","","0.98125","0.1939483237794825","0.97875","0.2244199100941132","0.9771875","0.2580829917207598","0.97375","0.2786082594908556","0.976875","0.20615824176273503","0.975","0.28925851876375225","0.974375","0.2384486903422279","0.9828125","0.19243747655724397","0.9775","0.2824941968248499","0.97625","0.17761823711461652","0.9796875","0.23360538032465325","0.980625","0.17089907412115118","0.9790625","0.221253730862554","0.979375","0.21365692069277295","0.9778125","0.18478202181338524","0.976875","0.25278258435464984","0.98","0.1646428919508348","0.976875","0.20262661943913568","0.975625","0.2463065196455939","0.9834375","0.13757518763448046","0.9725","0.3103556306045185","0.9771875","0.25493600471574224","0.975","0.2304818174271732","0.9771875","0.2792689272859367","0.9784375","0.28041966700899923","0.9790625","0.1913644161667418","0.98","0.17438902943747203","0.9775","0.2290280392485512","0.975625","0.245072207500153","0.98","0.19745046613484185","0.9765625","0.20196746291404796","0.97625","0.21979685203003435","0.9759375","0.26679520753712377","0.97375","0.3117248973026276","0.9796875","0.2159624896944124","0.9746875","0.2120618093098444","0.9796875","0.19551787769540596","0.9765625","0.19912296737707633","0.971875","0.271385700171174","0.9775","0.24685215789304535","0.9771875","0.2169858111361147","0.975","0.2499522904599663","0.978125","0.2476014084984817","0.9765625","0.27444197534947185","0.98125","0.16290075161167206","0.978125","0.255959843529874","0.9775","0.23914122796568407"
"cmos_bmru_s2_r2_d4_nnone_edecaying_mlprelu_drop0.1_lr0.001_wd0.0001_real_audio_binary_best","[""cmos_bmru""]","real_audio_binary_best","2","4","decaying","","cmos_bmru_r2_d4_normnone_real_audio_binary_best_edecaying_mlprelu_drop0.1_lr0.001_wd0.0001","4","cmos_bmru","2","finished","1","0.9296875","0.2564411238627508","0.9284375","0.2575765832897741","0.92375","0.28312597355339675","0.931875","0.2599161253636703","0.926875","0.27763304380467163","0.9284375","0.24116239222697913","0.9334375","0.26722503764554856","0.9225","0.2848360488959588","0.938125","0.22848081368487327","0.9340625","0.2386781844287179","0.9259375","0.2946892289537936","0.9275","0.27008637445047495","0.9321875","0.26264229565975256","0.916875","0.3024539221543819","0.9278125","0.27303280324675144","0.935","0.2626259751664475","0.9240625","0.2584998009633273","0.9215625","0.2909508772473782","0.939375","0.24175802273210137","0.92375","0.2737680982146412","0.9290625","0.2712092831451446","0.92625","0.29624450592324136","0.9290625","0.26199547667521983","0.930625","0.26990412080660464","0.926875","0.27094708228716624","0.925625","0.27730101231485604","0.925625","0.2882957413885742","0.9190625","0.2981754626426846","0.9259375","0.282312847240828","0.92375","0.2698313881503418","0.9325","0.25455944609828296","0.93","0.251654779301025","0.9315625","0.25845581736415624","0.9315625","0.2642561237013433","0.92","0.2896887342305854","0.9275","0.27901940463343633","0.9246875","0.28456616803188806","0.9284375","0.2699513091612607","0.9203125","0.2864653422846459","0.934375","0.24174348201369864","0.9246875","0.2761985105997883","0.9190625","0.2896571267908439","0.9253125","0.27925563844852147","0.92125","0.28780305651482196","0.9315625","0.2594028174434789","0.926875","0.28074112789705397","0.934375","0.23784896839875727","0.9296875","0.27252950485795735","0.93125","0.2642511452920735","0.9234375","0.27298938762629404","0.9215625","0.2808276941627264","0.924375","0.283671446479857","0.9215625","0.2986351967649534","0.9221875","0.3075118120992556","0.925625","0.27440417727688327","0.9178125","0.2912097380729392","0.9240625","0.3027988155698404","0.92125","0.31787784517277035","0.9428125","0.21092512785107828","0.9271875","0.26330393010983244","0.9265625","0.2802128086052835","0.9234375","0.2781285678339191","0.925","0.2846502499002963","0.936875","0.23622608330566436","0.9225","0.2750045244302601","0.9265625","0.28713330833707007","0.919375","0.29728018974419684","0.9334375","0.2576718831202015","0.9225","0.2927709805010818","0.9303125","0.2516200316301547","0.9340625","0.2384679261711426","0.92375","0.29701980715151877","0.925","0.2964441379997879","0.92875","0.26995336506515744","0.934375","0.2475615227315575","0.925625","0.26568969506770374","0.935","0.2296694224094972","0.9284375","0.27798736267723145","0.9259375","0.284686017325148","0.9278125","0.281813722839579","0.929375","0.2625642367347609","0.9290625","0.264541910905391","0.92375","0.3227002182858996","0.9228125","0.2793050449900329","0.919375","0.3240802152338438","0.9309375","0.25092287522275003","0.9215625","0.2855326349008828","0.9321875","0.249189993198961","0.9284375","0.27753269822802396","0.9284375","0.27451372862560675","0.9353125","0.2297650889866054","0.926875","0.2705451111588627","0.9275","0.2780445690266788","0.9221875","0.2767908253474161","0.925","0.2832783361035399","0.9309375","0.25724188742926346","0.9321875","0.23926861495245247","0.920625","0.2969750785082579","0.924375","0.2799015623563901","0.9275","0.26697161242831496"
"cmos_bmru_s3_r2_d64_nnone_edecaying_mlprelu_drop0.1_lr0.001_wd0.0001_real_audio_binary_best","[""cmos_bmru""]","real_audio_binary_best","2","64","decaying","","cmos_bmru_r2_d64_normnone_real_audio_binary_best_edecaying_mlprelu_drop0.1_lr0.001_wd0.0001","64","cmos_bmru","3","finished","1","0.9775","0.20128144696283845","0.9740625","0.24504203840440095","0.97625","0.20066059872927855","0.96625","0.28846236178258855","0.9746875","0.2699845421823118","0.9771875","0.2526334349348566","0.9775","0.21719044248857447","0.9721875","0.27233300543804867","0.97875","0.19998347413453108","0.9728125","0.2550360684917164","0.9753125","0.21953121262669092","0.9728125","0.23784025221386865","0.97625","0.23576159643831385","0.975","0.2063350198879171","0.975625","0.19415713998056905","0.971875","0.2822173546832235","0.97625","0.2095755262515638","0.9803125","0.16222245748566594","0.975","0.2800574462472804","0.9728125","0.2587154720873766","0.9790625","0.2072692696837217","0.9778125","0.21893796172608052","0.971875","0.27264810227039077","0.973125","0.25262794095305646","0.9759375","0.21092204480062415","0.9775","0.26377957726212725","0.9721875","0.2563521188300769","","","0.9765625","0.1877850883279286","0.9790625","0.17843369133927084","0.97625","0.2046473298405651","0.971875","0.2877897436044626","0.9765625","0.21942204470121013","0.975","0.2461477866796354","0.9740625","0.2446825995618384","0.9746875","0.21363993015537727","0.9721875","0.23891456841528705","0.9765625","0.22118132793087592","0.974375","0.26349961704123365","0.9790625","0.16807298416520747","0.9740625","0.24173664086456215","0.9725","0.2498513535257966","0.9775","0.21103492774941393","0.9734375","0.23984904823783615","0.9696875","0.28673211786854813","0.969375","0.35872444863400205","0.9728125","0.24859713204070097","0.974375","0.23647378286211768","0.9746875","0.23301501066402228","0.97625","0.2564350547969977","0.9690625","0.29026986706391705","0.9734375","0.2148016492691408","0.9728125","0.23475587545678253","0.978125","0.1558118416592692","0.97625","0.2148405855439698","","","0.971875","0.27701584508011684","0.979375","0.19440022396902965","0.975","0.21998034207493716","0.9721875","0.2449754165549375","0.9734375","0.23657902226020255","","","0.976875","0.24105011401486337","0.9740625","0.2553245781036593","0.9746875","0.2290718384495762","0.9734375","0.27557302525489674","0.97375","0.23899863745627367","0.9725","0.24082837328225948","0.975","0.2478579379453528","0.978125","0.20273204496851305","0.97375","0.24757942211829292","0.9725","0.2480239136512204","0.971875","0.26279511103703507","0.97625","0.23571122436222156","0.97625","0.19943534583147712","0.973125","0.263514589690534","0.973125","0.2540077151957567","0.9771875","0.20843470617140547","0.974375","0.2742863054301111","0.973125","0.26374630086472256","0.973125","0.2464271353025866","0.97125","0.2576947557878476","0.9734375","0.28989583848569167","0.9790625","0.1989939005713318","","","0.9746875","0.28607219491769675","0.9784375","0.20569215510447428","0.9765625","0.23744021639742224","0.975","0.2057712212758985","0.9746875","0.20440838772665737","0.9759375","0.18115035095065557","0.9775","0.20818461847812347","0.973125","0.26530306236565876","0.97375","0.2760959012086275","0.976875","0.2310793380388648","0.9775","0.2135194656951696","0.965","0.3167631446391058","0.9721875","0.2665982015281869","0.9696875","0.276985063912005","0.9740625","0.2787322694650173"
"cmos_bmru_s4_r2_d256_nnone_edecaying_mlprelu_drop0.1_lr0.001_wd0.0001_real_audio_binary_best","[""cmos_bmru""]","real_audio_binary_best","2","256","decaying","","cmos_bmru_r2_d256_normnone_real_audio_binary_best_edecaying_mlprelu_drop0.1_lr0.001_wd0.0001","256","cmos_bmru","4","finished","1","0.9721875","0.2129084311127847","0.9759375","0.2084576966313584","0.9759375","0.16993405764159306","0.973125","0.24176082862486817","0.9725","0.22108318770485863","0.971875","0.1875451362725218","0.974375","0.19063994884143848","0.9721875","0.22299897618468187","0.966875","0.2292901616513504","0.974375","0.1793401690164739","0.9728125","0.20285056026555937","0.98","0.12625091629880242","0.9759375","0.1783440960094468","0.96875","0.2727896687314331","0.9684375","0.28059606899028255","0.97125","0.24648896514835544","0.97","0.23821838953009916","0.97125","0.2597726896212882","0.971875","0.2313173775767174","0.9725","0.2527997903270225","0.970625","0.2974307491664858","0.9734375","0.26240118444957167","0.97875","0.15514574486358904","0.9709375","0.24285652900026636","0.969375","0.250812559282674","0.9725","0.19824925145682695","0.9734375","0.2170306362521168","0.9759375","0.19878393454941037","0.9684375","0.25884521717851267","0.973125","0.21962782130490568","0.97375","0.2094789322576298","0.9746875","0.21379720649117537","0.973125","0.2357985297475389","0.9659375","0.27858652435310916","0.97","0.2693044848531777","0.9734375","0.1839107021369336","0.96875","0.2883885710808711","0.973125","0.21784783714148576","0.970625","0.2776507041288269","0.9746875","0.2752729573673502","0.97125","0.2511800009838581","0.9740625","0.27080275506166435","0.9721875","0.22673338524975875","0.9771875","0.14206058326788773","","","0.975","0.22526008828137095","0.9784375","0.17044090716847649","0.9740625","0.2290369204666528","0.9734375","0.23352070248383025","0.97125","0.2517133779575218","0.97375","0.19929703003615637","0.9646875","0.2857385826013193","0.976875","0.18582694130677663","0.971875","0.22792218265990516","0.971875","0.2029162393664233","0.9715625","0.18668561608700507","0.9709375","0.1804948327673285","0.965625","0.2636161306451662","0.9671875","0.2538096677122665","0.9725","0.2148548094999848","0.9734375","0.21446568670692703","0.9715625","0.2612876161457283","0.9715625","0.2595027993350591","0.973125","0.1931043957003194","0.97125","0.18008161044735385","0.9684375","0.31455387302146565","0.971875","0.2552573376078123","0.9709375","0.25160045198457187","0.97625","0.17300689649748183","0.9684375","0.2864045000101666","0.98","0.14351989372855184","0.9684375","0.2926510053788165","0.975","0.2130864960473249","0.9759375","0.23883653722402784","0.9753125","0.18701150052366727","0.9684375","0.2061917614940969","0.969375","0.273043146409767","0.97","0.24809015032922324","0.97375","0.188895154509382","0.9659375","0.30336887853711186","0.974375","0.2406723061856707","0.9753125","0.2090398913164303","0.973125","0.2594194341995126","0.9709375","0.24154029430789592","0.9690625","0.19158861398865815","0.9759375","0.1883890988581466","0.9778125","0.1897693425915693","0.9675","0.25127627947175896","0.97625","0.1943189737662281","0.97125","0.2177163757292986","0.9715625","0.20877648063031232","0.97125","0.2077430506997931","0.9725","0.23686493570218836","0.9771875","0.21698136103851137","0.9740625","0.20113327936358488","0.969375","0.18653594977430832","0.9765625","0.17542068766789812","0.9753125","0.21077833445728827","0.9740625","0.19889199726843265","0.970625","0.2404273388911864"
"cmos_bmru_s4_r2_d128_nnone_edecaying_mlprelu_drop0.1_lr0.001_wd0.0001_real_audio_binary_best","[""cmos_bmru""]","real_audio_binary_best","2","128","decaying","","cmos_bmru_r2_d128_normnone_real_audio_binary_best_edecaying_mlprelu_drop0.1_lr0.001_wd0.0001","128","cmos_bmru","4","finished","1","0.980625","0.2133809105622109","0.978125","0.22660847972590173","0.9740625","0.26799355185594803","0.976875","0.2178914912749056","0.9734375","0.29852490461776693","0.9753125","0.22336613780367415","0.9796875","0.19328620216318437","0.981875","0.1910834916764449","0.974375","0.25922178607947766","0.974375","0.27847677601862747","0.974375","0.27255950956499614","0.9734375","0.27806640081307704","0.9715625","0.30699406668829954","0.974375","0.27210533509937673","0.9828125","0.15657548866787516","0.9778125","0.2511861137202234","0.975","0.26709252094545877","0.975","0.2525369634269516","0.97375","0.24131470187530552","0.9753125","0.24315041033531856","0.9753125","0.2667615760300347","0.9753125","0.23996569195116352","0.976875","0.25474005341777467","0.9759375","0.21482168475994728","0.9778125","0.2172835018354159","0.9796875","0.22008994197011103","0.9790625","0.22050603835129157","0.974375","0.28105654366024097","0.975","0.274046183928813","0.9790625","0.2029212233576124","0.974375","0.2592299972784457","0.978125","0.21962790484800235","0.973125","0.25933336137976015","0.9778125","0.24100699203523576","0.97625","0.22353640700754648","0.9734375","0.2812372136647121","0.975","0.2638666844097225","0.9778125","0.22800300502426693","0.9715625","0.2696720963714149","0.973125","0.2648890018356378","0.976875","0.25182443723266185","0.98","0.2136862513794283","0.9778125","0.2121998263528089","0.9775","0.2091643146985365","0.98","0.20818679090943484","0.974375","0.2579263295141592","0.9721875","0.31521235445202495","0.9746875","0.25064376272901395","","","0.97875","0.19990172716279825","0.9759375","0.279150010985984","0.9740625","0.23538646859231324","0.974375","0.25962179783900496","0.9771875","0.23871842980826224","0.9796875","0.2134370341483965","0.9759375","0.2442619754277474","0.9796875","0.2286093847768529","0.9734375","0.2913924055959097","0.9765625","0.25228259895931116","0.974375","0.22500649046021692","0.9778125","0.23260597610615175","0.9784375","0.20714958111389237","0.978125","0.24702580196439344","0.9746875","0.22917949579727345","0.9796875","0.2269446532076737","0.975625","0.24256849427677848","0.975625","0.2643078865404142","0.9721875","0.27429822505379986","0.974375","0.26410705988384053","0.9753125","0.24856424875981645","0.97875","0.1977271913166583","0.9746875","0.2216005735253968","0.9778125","0.2495526094594088","0.9771875","0.22853616990522507","0.9721875","0.2636345036916444","0.974375","0.2662270872463541","0.9765625","0.23180864528872688","0.9753125","0.22293246393388644","0.9796875","0.22632946683694213","0.9775","0.24743554168601492","0.973125","0.27177221294373477","0.9753125","0.2595687405976573","0.9771875","0.2259868138358312","0.9775","0.24785206845875485","0.9740625","0.29637957789047603","0.9753125","0.2409640031381185","0.975625","0.2498370966037167","0.9759375","0.21847126308214612","0.9740625","0.25190231387345285","0.9796875","0.2091903269354719","0.9715625","0.28924667370272206","0.974375","0.2487846274135012","0.97625","0.2471300724889723","0.9778125","0.20464678993439345","0.975","0.2790144241986469","0.973125","0.2816962525455629","0.9796875","0.2028661879490531","0.979375","0.2150243052769207","0.975625","0.2165948583251467","0.9753125","0.25858074790101826"
"cmos_bmru_s2_r2_d16_nnone_edecaying_mlprelu_drop0.1_lr0.001_wd0.0001_real_audio_binary_best","[""cmos_bmru""]","real_audio_binary_best","2","16","decaying","","cmos_bmru_r2_d16_normnone_real_audio_binary_best_edecaying_mlprelu_drop0.1_lr0.001_wd0.0001","16","cmos_bmru","2","finished","1","0.98875","0.05598185219706316","0.9878125","0.0601574661925442","0.9890625","0.05667701933655928","0.985625","0.07115231893194798","0.9875","0.07074901313302745","0.9903125","0.06598349501836343","0.98875","0.049318257419596494","0.9896875","0.0542223201249606","0.9884375","0.05991361000989119","0.98875","0.05182322002923701","0.991875","0.046975889606356326","0.990625","0.05156161172857633","0.99125","0.04750390419459869","0.990625","0.059527584402553506","0.99","0.0602779644219677","0.986875","0.061907696563330665","0.9884375","0.0536851932821358","0.9853125","0.07449222624356985","0.9903125","0.058440991851844454","0.989375","0.06001976736466358","0.9896875","0.049422168585783445","0.9871875","0.07412861904088715","0.986875","0.07535039640529359","0.986875","0.07602720039620879","0.9903125","0.046097265568082954","0.985625","0.07737066938633883","0.993125","0.04483405421500853","0.9875","0.06936978331067674","0.99","0.05334666826002994","0.9921875","0.04710474627844082","0.9846875","0.09768871763148528","0.9853125","0.07412146899467138","0.9875","0.0650490963675432","0.9884375","0.05902694966316247","0.9896875","0.04633907250287202","0.9884375","0.0702238494207231","0.9903125","0.048947188185607546","0.985625","0.07256978296458357","0.988125","0.06017833548163459","0.9865625","0.08616037521970839","0.986875","0.06709718010433093","0.988125","0.062279386804892346","0.9896875","0.05131424241724808","0.986875","0.08048902751747114","0.9890625","0.07561233877351416","0.9903125","0.04514180182882349","0.9846875","0.07491952612774078","0.9875","0.06489520540856634","0.989375","0.04879165267069048","0.986875","0.06761811051704017","0.99","0.045156582421820406","0.98875","0.06744263391718412","0.985625","0.07305306968373518","0.9878125","0.06854274174232902","0.9871875","0.06263487530303961","0.9878125","0.0675486421706739","0.990625","0.05871197592773761","0.9896875","0.05829806352888531","0.9915625","0.04689056620684001","0.985625","0.0814888950172978","0.9896875","0.05218468802341075","0.9890625","0.057542345546301374","0.9878125","0.05693180074170421","0.9903125","0.06311610653346111","0.986875","0.07882202250099546","0.989375","0.0530983128839555","","","0.9890625","0.053129188733452605","0.9903125","0.05359891310671994","0.98875","0.06292277764769666","0.990625","0.06036557838739376","0.985","0.07288171663647561","0.986875","0.06764700223719185","0.986875","0.06576743311306611","0.9884375","0.0593815931781606","0.9875","0.06631989055761149","0.9884375","0.05643194685255166","0.9878125","0.07180129791062377","0.985625","0.08119922517435892","0.9896875","0.054482107420788566","0.986875","0.0710441120334054","0.9853125","0.07772626229213046","0.9896875","0.05380521641897495","0.9884375","0.0567237954242961","0.990625","0.04831271499979506","0.9884375","0.0629364565131486","0.9884375","0.06229461590392745","0.9890625","0.0612256404072901","0.98875","0.0624890502570296","0.98625","0.0822919365700486","0.9846875","0.07114294965597963","0.988125","0.06036669484277875","0.9853125","0.07532863002317301","0.9884375","0.05882436294822806","0.986875","0.07784432727596709","0.98625","0.08330897293104675","0.99125","0.04753392506344067","0.9878125","0.06228512482439509","0.9865625","0.06092279468376685","0.990625","0.05111364244289606"
"cmos_bmru_s1_r2_d512_nnone_edecaying_mlprelu_drop0.1_lr0.001_wd0.0001_real_audio_binary_best","[""cmos_bmru""]","real_audio_binary_best","2","512","decaying","","cmos_bmru_r2_d512_normnone_real_audio_binary_best_edecaying_mlprelu_drop0.1_lr0.001_wd0.0001","512","cmos_bmru","1","finished","1","0.9790625","0.12332576699888284","0.975625","0.1543725203290171","0.98125","0.11154366493788694","0.9778125","0.12197130410350836","0.978125","0.11511551031537266","0.9771875","0.1261930111275052","0.9765625","0.14237076005396368","0.9809375","0.1192379052974205","0.981875","0.089559461363134","0.9821875","0.09860567227927768","0.9790625","0.12230489675007844","0.979375","0.09976849481863116","0.978125","0.11601777309794271","0.98","0.09730748368744672","0.979375","0.10223859472265533","0.9715625","0.1616777010104579","0.9809375","0.11721487800742178","0.98125","0.1068067327246878","0.979375","0.1032658045615426","0.9778125","0.13066416858486263","0.980625","0.12517616667934647","0.9790625","0.14143527355779453","0.9784375","0.124225716119347","0.9771875","0.12589889556836084","0.9821875","0.1121095575607572","0.9759375","0.12615053650026126","0.980625","0.1150228193144494","","","0.9784375","0.1132786555575008","0.9828125","0.10932239526287674","0.9784375","0.1300871837115278","0.9821875","0.0968869502885741","0.9815625","0.09575971168184608","0.980625","0.09261827706290036","0.9803125","0.13915679961257538","0.979375","0.11761440919898916","0.9765625","0.12474012687324476","0.9809375","0.11992066562977412","0.9765625","0.123363776299625","0.9828125","0.10512901064933886","0.9803125","0.1303755223410232","0.9759375","0.11619603984233746","0.9803125","0.1027502674251398","0.980625","0.1117029235634078","0.9775","0.12494448153827988","0.979375","0.12820983216722198","0.980625","0.10635048706407545","0.9803125","0.08958405508607256","0.9790625","0.11060952387284416","0.9784375","0.1164089981821352","0.97875","0.1130812793398296","0.9753125","0.11609906449497195","0.9846875","0.09256945910793946","0.9775","0.13107102718201408","0.97625","0.14135349482230303","0.9790625","0.10323562908743612","0.976875","0.11906106537619422","0.9803125","0.11716672634715536","0.9809375","0.11095357514867968","0.9728125","0.15366105959922188","0.9825","0.09493742855293932","0.98","0.1344147687491673","0.9809375","0.11813782352045292","0.98","0.10455763898284148","0.980625","0.1019428321024708","0.976875","0.1363016220847237","0.9765625","0.1154378602607494","0.9809375","0.0967390632316733","0.98","0.10391424300693744","0.9784375","0.13057255835474274","0.9796875","0.11001068583241932","0.979375","0.10582528538451186","0.98","0.10746768870322838","0.9825","0.10480940994079165","0.98","0.12866350159997167","0.9840625","0.08181750722261398","0.9796875","0.09592177951644786","0.9828125","0.09594957077789049","0.9803125","0.12339591381611142","0.9853125","0.1013070226363186","0.978125","0.10300174396154488","0.9784375","0.10613297367948406","0.98","0.10875183037336456","0.9765625","0.10422350473670008","0.9765625","0.13213969414966983","0.980625","0.12745732821859063","0.98","0.09609181913007774","0.9753125","0.12352641788563888","0.98125","0.08746546309471953","0.9828125","0.08561620595312747","0.9796875","0.10944552424088784","0.9784375","0.1279547848086156","0.9784375","0.12119215325333584","0.981875","0.09481996970977548","0.9740625","0.1399595964108306","0.980625","0.09786187579768396","0.983125","0.09201133771728463","0.983125","0.11408514175288702","0.98375","0.07529572833382858","0.9809375","0.09796477763987668"
"cmos_bmru_s4_r2_d512_nnone_edecaying_mlprelu_drop0.1_lr0.001_wd0.0001_real_audio_binary_best","[""cmos_bmru""]","real_audio_binary_best","2","512","decaying","","cmos_bmru_r2_d512_normnone_real_audio_binary_best_edecaying_mlprelu_drop0.1_lr0.001_wd0.0001","512","cmos_bmru","4","finished","1","0.9696875","0.19469360623836648","0.969375","0.1976875114219598","0.970625","0.2179762694196385","0.9746875","0.1295400016475565","0.971875","0.15356180620208204","0.9709375","0.17249030264960047","0.97375","0.15889918207501652","0.9721875","0.17209477742817747","0.9725","0.19424187109983448","0.9734375","0.15119731204949233","0.971875","0.17227668750821734","0.97125","0.18938654801866833","0.9734375","0.1696014345244412","0.9709375","0.20875759919392525","0.9678125","0.24468510534654775","0.9746875","0.16860805998403897","0.96875","0.23557624973752012","0.96875","0.2160022579603934","0.9746875","0.18769304511897184","0.9703125","0.19968499119645372","0.9678125","0.2428415164621763","0.9715625","0.21198308130313223","0.9728125","0.15484835242821757","0.9728125","0.16321034344082683","0.9740625","0.214190104914544","0.973125","0.1965927566492252","0.9740625","0.1607524870219362","0.97","0.21091270773055495","0.97625","0.1721491156488405","0.97125","0.19036016675908105","0.96875","0.22767851945716305","0.9725","0.15711012222596352","0.9725","0.17825945464522058","0.9709375","0.18705181575184368","0.966875","0.24306855142200504","0.968125","0.18988773963300332","0.9734375","0.1532288354199143","0.9721875","0.16693002668052814","0.971875","0.1838383442666809","0.9665625","0.20385025471842852","0.968125","0.227012839821111","0.9734375","0.17275352271729894","0.97375","0.16633843474496118","0.9740625","0.16166944349818596","0.9684375","0.18660926635903125","0.971875","0.17262421088092478","0.9709375","0.20804524434773156","0.969375","0.203881345214148","0.9715625","0.19718061099475165","0.9728125","0.18236013493987657","0.9696875","0.20191020910306512","0.9671875","0.2563720700644214","0.974375","0.1518634022296762","0.9740625","0.17475159085671785","0.975","0.14681310806841594","0.97125","0.1491537924712142","0.971875","0.16530739112896176","0.9696875","0.17147117359392966","0.9703125","0.2016610103843743","0.974375","0.1531518469792833","0.971875","0.18327653994650744","0.9734375","0.16087426557833104","0.9715625","0.19953157021334217","0.97125","0.1888392550793882","0.9734375","0.16265980609215602","0.968125","0.22544711263755715","0.969375","0.20693826653581424","0.970625","0.18117714565081988","0.9746875","0.16725716821491624","0.9709375","0.23337554478060127","0.969375","0.18526024461191595","0.9671875","0.20578110512032033","0.96875","0.24857903286339555","0.973125","0.16395090493555894","0.974375","0.18655903753735828","0.969375","0.17322585181918293","0.97375","0.17279247818713445","0.9725","0.20046583427869108","0.9725","0.1784307285085559","0.966875","0.1964913834466602","0.9725","0.17288121748288632","0.973125","0.17638250341207826","0.97","0.16886853281770528","0.971875","0.189062870717042","0.971875","0.16650687318184282","0.9721875","0.19420846772169967","0.9690625","0.166987290310436","0.9715625","0.19469339871412783","0.9671875","0.22335011598387663","0.9715625","0.17340707505747915","0.9703125","0.16108746654587208","0.968125","0.1827569068736116","0.976875","0.14466218372743447","0.970625","0.1757856522259887","0.9746875","0.16042254867820277","0.965","0.22189698263933877","0.9703125","0.14976808310365144","0.9740625","0.16050751164246935","0.9690625","0.1894997151828268","0.9721875","0.18200035927434413"
"cmos_bmru_s4_r2_d64_nnone_edecaying_mlprelu_drop0.1_lr0.001_wd0.0001_real_audio_binary_best","[""cmos_bmru""]","real_audio_binary_best","2","64","decaying","","cmos_bmru_r2_d64_normnone_real_audio_binary_best_edecaying_mlprelu_drop0.1_lr0.001_wd0.0001","64","cmos_bmru","4","finished","1","0.98375","0.14287361635144394","0.98375","0.11691570676457698","0.9828125","0.14009845907550264","0.9821875","0.16172138216376988","0.983125","0.14743713622962518","0.980625","0.1657762922625874","0.98625","0.0929263506234316","0.9796875","0.20725430839119713","0.9828125","0.12648110367067086","0.97875","0.17016624330884725","0.9846875","0.13811035758333948","0.9803125","0.16082858365050176","0.9809375","0.1541422993494604","0.9834375","0.14278905475482406","0.9796875","0.18688466819598892","0.9815625","0.15094569596465515","0.97875","0.17318286859784066","0.9809375","0.17541061716789627","0.9840625","0.15076319812426278","0.9865625","0.14531150221913208","0.985625","0.14635619313743564","0.98625","0.12221407680164063","0.9796875","0.1818335336835361","0.981875","0.17392479489769896","0.986875","0.10756486304947592","0.9803125","0.17130206769115122","0.9790625","0.17016990419710898","0.9865625","0.0964843002413745","0.9846875","0.12234275174884274","0.9821875","0.14875538027809482","0.9771875","0.18853082429456108","0.980625","0.16579015903833805","0.9809375","0.1394108922433174","0.97875","0.16661770814217866","0.9803125","0.132305622216601","0.9828125","0.10836629648864404","0.981875","0.14639584490682725","0.983125","0.12661195114732782","0.98125","0.15938597304777896","0.9834375","0.12372030923843866","0.984375","0.12312513630997718","0.985","0.1183608155807386","0.9825","0.13709202863366848","0.98125","0.18056347350275392","0.981875","0.1462240592933806","0.98125","0.1510436161655997","0.984375","0.12090222290633504","0.979375","0.18580352637713893","0.985","0.1263175950016693","0.978125","0.1826171060267918","0.97875","0.18754012014599128","0.9809375","0.1411573187812602","0.98","0.17559148258785506","0.9828125","0.13658465194177322","0.98625","0.12912206040392274","0.97875","0.17177081590730311","0.98","0.14467205699058014","0.9834375","0.16203351865842905","0.9790625","0.163800732953162","0.98","0.19098597430171993","0.9803125","0.13066963298969167","0.98375","0.13467589152481713","0.98125","0.17872724593737568","0.9771875","0.1861817203974712","0.9828125","0.1492730961763985","0.9825","0.14975479073527528","0.980625","0.18194594261456623","0.98125","0.1674798921385233","0.9796875","0.17375467949380222","0.9853125","0.10641975531193924","0.981875","0.1561897436030727","0.9825","0.136627486943875","0.981875","0.16584832853316306","0.9846875","0.13523974664292576","0.9840625","0.14208160883458174","0.9778125","0.16321944575211716","0.9821875","0.1709477819167548","0.985625","0.11740056765119082","0.97875","0.18752671758035044","0.98","0.16917275586009262","0.9815625","0.1649919845297714","","","0.9815625","0.16553739814133864","0.98375","0.13348008642797315","0.98375","0.1648835525476942","0.9853125","0.12804785858200177","0.9809375","0.16645426202298735","0.983125","0.12071706789047232","0.983125","0.14798978514756336","0.98375","0.14537668964862285","0.9796875","0.1283403691002821","0.980625","0.15318623170793713","0.985625","0.11279297158369264","0.978125","0.1931345671105302","0.9803125","0.17216916236816618","0.9840625","0.14327941404825428","0.981875","0.12864250998027274","0.9815625","0.17487691561428548","0.979375","0.1711894152362449","0.9790625","0.1777359204856008"
"cmos_bmru_s4_r2_d16_nnone_edecaying_mlprelu_drop0.1_lr0.001_wd0.0001_real_audio_binary_best","[""cmos_bmru""]","real_audio_binary_best","2","16","decaying","","cmos_bmru_r2_d16_normnone_real_audio_binary_best_edecaying_mlprelu_drop0.1_lr0.001_wd0.0001","16","cmos_bmru","4","finished","1","0.9690625","0.1783822356295652","0.9746875","0.123435833007186","0.97","0.15227630310424853","0.9728125","0.12902206895282742","0.970625","0.16147445495816118","0.971875","0.13623890046352016","0.971875","0.1401073224879998","0.975","0.13553981327180262","0.9746875","0.12079851029298697","0.9715625","0.14468569306762227","0.9796875","0.10646967457839976","0.9715625","0.13989647157048932","0.9771875","0.12984325661226334","0.978125","0.10656277911355289","0.9715625","0.1566454980365026","0.9790625","0.10805453782089636","0.9721875","0.14250257079689593","0.9740625","0.12715625375304931","0.9703125","0.14825313170680804","0.97375","0.13272587855349444","0.97","0.15929406011267486","0.9759375","0.12767097988233414","0.9703125","0.15905441585611135","0.97375","0.13625684119894088","0.973125","0.1528169897936162","0.9759375","0.12920733031314696","0.976875","0.12168458368880802","0.9796875","0.10686371680706556","0.9746875","0.13304953872198627","","","0.9759375","0.13531973334619857","0.9740625","0.1276486620632423","0.9759375","0.12634552117378214","0.97125","0.1536186282217033","0.975625","0.1325330486377107","0.97375","0.14206480153919412","0.9715625","0.15315699833652385","0.975","0.12772284799175138","0.9759375","0.12806073840293067","0.970625","0.15812948967441087","0.9715625","0.15137301302238737","0.97125","0.1543653629050782","0.9784375","0.09200601189316857","0.97375","0.1340612470720107","0.9759375","0.12556637594675438","0.974375","0.12265531662174656","0.9746875","0.14317857230020195","0.971875","0.1591414549640905","0.97375","0.13824132669858655","0.97375","0.12837702182925145","0.97","0.16043249030333015","0.9746875","0.13479600516048584","0.970625","0.1508189925726647","0.97","0.1363844846936676","0.971875","0.16723950594631354","0.9771875","0.1139417126253447","0.9684375","0.17008830282278375","0.973125","0.1261688284989985","0.974375","0.12920595860155143","0.9665625","0.17304347867087627","0.970625","0.16071190571105262","0.975","0.1377929251736814","0.979375","0.11584851074893372","0.9721875","0.13887088677150075","0.9703125","0.1593480646527776","0.9746875","0.125075151609758","0.9778125","0.1108180994638255","0.971875","0.1544289109142362","","","0.9728125","0.13838971274586384","0.9725","0.13547585749578622","0.9734375","0.13500680674854876","0.9753125","0.12642646121399984","0.9721875","0.1396933800543144","0.975","0.1395067167342778","0.973125","0.14491619897279942","0.971875","0.1550383590587209","0.9653125","0.17793162222931055","0.9728125","0.14770796583747994","0.9790625","0.11754163492549782","0.968125","0.1710981404897575","0.9765625","0.11906931994854857","0.9734375","0.13169089267141362","0.9746875","0.14062317821171633","0.9746875","0.1365435312242872","0.9784375","0.10714353079259505","0.9678125","0.17090356166879722","0.9725","0.15532235826672136","0.9775","0.11416990300412191","0.9734375","0.1322977783260189","0.973125","0.12127005526136728","0.9721875","0.15620865410699494","0.968125","0.1653133287420072","0.9778125","0.1083021166152516","0.974375","0.12863256501538373","0.9703125","0.14903163500089645","0.97375","0.1411066541036715","0.9759375","0.11984595815245572","0.97","0.16809712858057055","0.9721875","0.16157283986558887"
"cmos_bmru_s3_r2_d4_nnone_edecaying_mlprelu_drop0.1_lr0.001_wd0.0001_real_audio_binary_best","[""cmos_bmru""]","real_audio_binary_best","2","4","decaying","","cmos_bmru_r2_d4_normnone_real_audio_binary_best_edecaying_mlprelu_drop0.1_lr0.001_wd0.0001","4","cmos_bmru","3","finished","1","0.94375","0.2171096713229781","0.94375","0.2279543367039878","0.948125","0.20321437647973653","0.9396875","0.2323243628104683","0.9409375","0.23798213309375568","0.9478125","0.21330371289710456","0.9353125","0.2809976630663732","0.94875","0.21514133983466308","0.9446875","0.21082820488110884","0.9415625","0.2470750110084191","0.936875","0.24072592378826813","0.9396875","0.21619208704971243","0.94875","0.2151922231778735","0.9384375","0.26954299134202303","0.935625","0.2662850785406772","0.941875","0.23038328611000908","0.943125","0.24290352420997807","0.941875","0.23530040968136745","0.93625","0.2437110471725464","0.9396875","0.2552096457395237","0.94375","0.2170367058739066","0.9490625","0.23229963685007532","0.944375","0.22469341192103456","0.944375","0.23442099393287208","0.9471875","0.18874755889875813","0.935","0.2780659901537001","0.9453125","0.2227462602907326","0.9446875","0.2316750113037415","0.941875","0.22983155756257476","0.943125","0.22364934794954025","0.9328125","0.2712233942418243","0.9471875","0.20487251136102713","0.94125","0.23311769190069753","0.939375","0.2550708655535709","0.9421875","0.2457075396447908","0.9434375","0.22998711867956445","0.9440625","0.22777664143839504","0.94125","0.2313731130794622","0.94375","0.20425787726650013","0.941875","0.2193670957244467","0.9425","0.22808375241729664","0.9425","0.2300424961423414","0.93875","0.25253369748825205","0.9428125","0.2381359347724356","0.943125","0.22534469880818503","0.93875","0.2335740960401017","0.9446875","0.24241970434668475","0.9490625","0.21077389993821272","0.944375","0.22992315936397065","0.9415625","0.23359124307637105","0.94","0.24566572597090272","0.94125","0.2668267990683671","0.9365625","0.25638827490154653","0.9375","0.2649726669653319","0.934375","0.27177935387386243","0.9359375","0.25412027101032436","0.9428125","0.2368745296006091","0.9440625","0.20780540301348083","0.9365625","0.26011658052913844","0.9440625","0.24485118090175093","0.9378125","0.25149334481451663","0.93625","0.24536722407035996","0.94125","0.24274423381662927","0.945","0.2069322311214637","0.9453125","0.24549342663958668","0.9415625","0.2419093403185252","0.943125","0.236007277360186","0.9384375","0.23473625113721935","0.9353125","0.2617405040259473","0.9478125","0.23399890333530493","0.941875","0.22236796844983472","0.93875","0.26033815947012046","0.9409375","0.2523172976844944","0.9403125","0.23849561508395709","0.93375","0.2691383718043653","0.9428125","0.2320848761452362","0.9446875","0.21822569369600384","0.9465625","0.22025807160647673","0.9428125","0.2224972966208588","0.9465625","0.22260331542653147","0.9471875","0.20342489320784807","0.94","0.2313197925919667","0.9434375","0.21514954674988984","0.94625","0.216930323712877","0.9365625","0.25135535903973505","0.945","0.21563248050399125","0.9415625","0.22440370497875847","0.9375","0.24485284507041796","0.944375","0.2290114703157451","0.9446875","0.22286438948940485","0.940625","0.25240634830784986","0.9346875","0.2698144295590464","0.938125","0.24106482222676276","0.94","0.2624513022077736","0.934375","0.27363187670183836","0.9359375","0.26317040821770205","0.946875","0.22620680895401168","0.9415625","0.21848301951191387","0.941875","0.24318864984670657","0.9375","0.2500669126561843"
"cmos_bmru_s3_r2_d32_nnone_edecaying_mlprelu_drop0.1_lr0.001_wd0.0001_real_audio_binary_best","[""cmos_bmru""]","real_audio_binary_best","2","32","decaying","","cmos_bmru_r2_d32_normnone_real_audio_binary_best_edecaying_mlprelu_drop0.1_lr0.001_wd0.0001","32","cmos_bmru","3","finished","1","0.9775","0.1216547318298206","0.9753125","0.14922505045795473","0.981875","0.12082359683030149","0.97625","0.1395156697079927","0.97875","0.10762158492592644","0.98125","0.09772883192881432","0.9803125","0.10997458004214888","0.9784375","0.11908110079875828","0.9784375","0.1217523749356068","0.9775","0.14235015936481665","0.97375","0.1359687879152034","0.9765625","0.13540288626046004","0.9790625","0.1217869316878133","0.980625","0.11524325358285976","0.9771875","0.12944599753372843","0.9803125","0.09787395348810164","0.9778125","0.1267200234704291","0.9753125","0.15243871591973157","0.9715625","0.17108213941113487","0.9734375","0.15988961995538728","0.98125","0.08887924795506995","0.9740625","0.14117669338808525","0.9790625","0.1230757274586826","0.9759375","0.16305715062783271","0.97625","0.13645683356691482","0.9746875","0.14437431466306094","0.979375","0.1258482184394998","0.9765625","0.1398499640598712","0.9765625","0.13314225234385635","0.976875","0.1349546769260646","0.973125","0.17499726163256035","0.976875","0.11233386278078752","0.97625","0.1524077321646976","0.974375","0.1420532633212096","0.9771875","0.13632861299514457","0.9790625","0.11812840691535602","0.97375","0.1536731458415007","0.976875","0.11749881595030016","","","0.9790625","0.15000934853932166","0.975625","0.16410069913262806","0.9778125","0.11521175606572227","0.983125","0.11504514664009684","0.976875","0.14106607419752162","0.97875","0.11715389574345438","0.9771875","0.12334201910391066","0.9790625","0.11932416784011608","","","0.9790625","0.10470899960529978","0.9709375","0.1536961855244393","0.9809375","0.1026889614386252","0.9778125","0.14130071433869112","0.981875","0.09600433260655028","0.9746875","0.15182872728401692","0.9784375","0.1228488405493445","0.9803125","0.1260046270457969","0.9740625","0.16083379538955866","0.9765625","0.14684717292819005","0.9753125","0.162296304746327","0.978125","0.14134306641884745","0.9803125","0.11360815694040646","0.98","0.12195113040589446","0.9771875","0.11866377017375296","0.975625","0.13802832302612758","0.9753125","0.1448689021097865","0.98125","0.10185605725261246","0.97875","0.12502685677888972","0.9709375","0.16624312190184193","0.9740625","0.15513466697541275","0.97875","0.10855145449912064","0.9775","0.1348072618515799","","","0.978125","0.12421738598467735","0.9784375","0.13757462370340576","0.9765625","0.13244861885005693","0.9803125","0.11455515029102444","0.9796875","0.11363193133320264","0.9765625","0.12612660713322402","0.97375","0.15846362165297717","0.979375","0.11472670741007354","0.979375","0.10669808169793887","0.97875","0.10600771861764312","0.9775","0.1213869472527265","0.979375","0.10800442038500677","0.9778125","0.12101409354144814","0.9778125","0.13961056278288594","0.9784375","0.12239044095205452","0.98125","0.08957893235856279","0.9765625","0.1384489275961216","0.9765625","0.15381032407845757","0.9759375","0.13673467179473744","0.978125","0.1361174431696444","0.9746875","0.1519233869282565","0.9740625","0.14862940804072486","0.979375","0.10731150687454076","0.9803125","0.11177638768474513","0.979375","0.12079357116906904","0.9771875","0.13088782419322673","0.9771875","0.13255770066365063","0.9759375","0.1244299503647733"
"cmos_bmru_s3_r2_d16_nnone_edecaying_mlprelu_drop0.1_lr0.001_wd0.0001_real_audio_binary_best","[""cmos_bmru""]","real_audio_binary_best","2","16","decaying","","cmos_bmru_r2_d16_normnone_real_audio_binary_best_edecaying_mlprelu_drop0.1_lr0.001_wd0.0001","16","cmos_bmru","3","finished","1","0.981875","0.14594108856560437","0.9840625","0.1266322890554003","0.9809375","0.13965715628935468","0.9825","0.12576036371069862","0.9790625","0.15805348148738063","0.9834375","0.12200129095297854","0.9809375","0.13677728666592942","0.9834375","0.13186921179039832","0.9796875","0.14670141365970274","0.981875","0.13127054632748808","0.9825","0.14596339695877986","0.979375","0.15271451767045335","0.983125","0.12338029151837006","0.976875","0.179445399582564","0.9790625","0.15397166135090856","0.985","0.1067152242723916","0.98125","0.12848461055318208","0.985625","0.10128245012834086","0.983125","0.12199727581047684","0.97875","0.1838158308437715","0.9790625","0.17455925253920512","0.9840625","0.12303372639630636","0.9846875","0.11145800640796238","0.98125","0.13836628058802816","0.980625","0.15209960982650428","0.9815625","0.12442339852669308","0.9834375","0.15748269481653282","0.98125","0.13053212074381634","0.9846875","0.11974307404784838","0.9815625","0.12499874704465357","0.983125","0.12616003312495075","0.985","0.11680598250129648","0.98","0.14846254222895255","0.9821875","0.1315366646945779","0.980625","0.16038812393988564","0.98125","0.15042418426335102","0.9775","0.1842530635980131","0.9834375","0.12285160029755086","0.984375","0.12114857675020314","0.9828125","0.11560543560426184","0.985","0.09729275266953784","0.9871875","0.1002097570868326","0.9846875","0.10753299957956232","0.9796875","0.13865481440535454","0.9815625","0.14607251994020343","0.9778125","0.16757707720939494","0.981875","0.12195149259808886","0.9790625","0.14643673499619672","0.9853125","0.13999277352347805","0.983125","0.1284041036927863","0.9821875","0.14469303488852298","0.9834375","0.10812440392920676","0.984375","0.12879764757133264","0.981875","0.14407824827031504","0.979375","0.14821815651027465","0.9825","0.13889896855294523","0.9809375","0.14632020349178446","0.981875","0.1359533788612984","0.98125","0.1206080353836606","0.9809375","0.13369731685253097","0.9803125","0.1498420742159419","0.9815625","0.12597553379986073","0.983125","0.1204805207996492","0.983125","0.1186468551741163","0.9846875","0.12553268175185367","0.976875","0.17739297616708427","0.98375","0.11657959353580792","0.9803125","0.13840382200583445","0.98125","0.1390213675368009","0.9803125","0.1530352715907668","0.979375","0.1497194868272777","0.9821875","0.142940272648174","0.9834375","0.12089506957417076","0.9834375","0.11620334789060437","0.98375","0.11291884305381472","0.9825","0.1545931720505953","0.9853125","0.12118877494386296","0.981875","0.12635935490088854","0.98375","0.124920557817577","0.9784375","0.15968751916553983","0.97875","0.1372274189106726","0.9821875","0.13912794591601652","0.9815625","0.10349762083667884","0.9846875","0.1132778972856586","0.986875","0.10503688729132024","0.98","0.14351404587426714","0.98125","0.15783962196772733","0.981875","0.12465913892556955","0.9815625","0.12947244747956865","0.98","0.16877141050105762","0.98375","0.11866124057362186","0.984375","0.12745613520616358","0.985","0.10075787789174429","0.9784375","0.16373744454420489","0.9809375","0.15270168792538413","0.9803125","0.1481092517301468","0.9828125","0.12198204100240104","0.9796875","0.1309709658410722","0.9815625","0.12084014224236","0.985","0.12348859076329632"
"cmos_bmru_s2_r2_d256_nnone_edecaying_mlprelu_drop0.1_lr0.001_wd0.0001_real_audio_binary_best","[""cmos_bmru""]","real_audio_binary_best","2","256","decaying","","cmos_bmru_r2_d256_normnone_real_audio_binary_best_edecaying_mlprelu_drop0.1_lr0.001_wd0.0001","256","cmos_bmru","2","finished","1","0.9778125","0.14707237783866958","0.979375","0.12819560248895975","0.9778125","0.11497001493965454","0.976875","0.16543113640969742","0.978125","0.13115357607225292","0.9784375","0.15854755897185","0.9775","0.1676468435659654","0.974375","0.1783217674607888","0.975","0.17705769421026218","0.9796875","0.12435316726048308","0.9771875","0.11843962770345812","0.9765625","0.16402520157036013","0.97625","0.13595798101748438","0.975625","0.15434052044256738","0.97875","0.1473284918169622","0.9765625","0.15441651176525056","0.975625","0.15122820035586812","0.973125","0.1551231725678001","0.9765625","0.14784308326493636","0.978125","0.1493420080627195","0.9740625","0.15769302056266665","0.97875","0.1275571960194202","0.9765625","0.12306950117414672","0.974375","0.1559677104444564","0.9796875","0.11646813135108829","0.9775","0.14815859747173576","0.974375","0.18232579670810964","0.98","0.12862105838517224","0.9775","0.12801001406423956","0.97625","0.141414527996385","0.979375","0.13916919523305238","0.97625","0.17031405704424768","0.9746875","0.15198872478197067","0.978125","0.1512189449542275","0.9790625","0.13094975436138245","0.98","0.14429743904870623","0.9734375","0.1829558888126914","0.97625","0.17176912807777625","0.9775","0.14392770260287688","0.98","0.11888802527569504","0.9746875","0.1616863286266188","0.9765625","0.14051911396402847","0.9803125","0.12834481588454472","0.9796875","0.12973112110089893","0.9809375","0.127692863814402","0.980625","0.12822219716893923","0.9796875","0.14377837552641717","0.97875","0.142201641102097","0.9775","0.1295064477140787","0.97375","0.17473750809094568","0.9753125","0.17121931407889135","0.973125","0.1660295314579016","0.97875","0.13690678969480297","0.974375","0.15963837274646325","0.97875","0.13503072281442485","0.9746875","0.16085596744729258","0.9803125","0.1299155444746475","0.97625","0.14704122578720422","0.9759375","0.1525603957000291","0.9796875","0.12247445257516368","0.970625","0.170779717491201","0.9765625","0.15242459150098453","0.975625","0.1649499787627272","0.9734375","0.16421000181665477","0.97625","0.14990611660041103","0.9775","0.14078785978490266","0.9759375","0.19703182953146128","0.9809375","0.11378614542153534","0.975625","0.1346836656113942","0.981875","0.11166696149892118","0.9765625","0.14781929363434432","0.9778125","0.13286317928079416","0.9759375","0.13793393508422155","0.9771875","0.16048893846459664","0.9775","0.1455591503557269","0.98","0.1171540332319841","0.9796875","0.15277359293361317","0.978125","0.14150325599493996","0.9765625","0.15693137229382256","0.971875","0.1919182537470756","0.976875","0.132718863790971","0.981875","0.12512092396052196","0.975625","0.15911482673276686","0.97875","0.11176409064713992","0.97375","0.15528889647712074","0.978125","0.1281284730812058","0.974375","0.15919390224149318","0.9803125","0.14289158137198454","0.9790625","0.13142298666739896","0.9796875","0.13050417960150043","0.97875","0.12516124141236162","0.9740625","0.1777740076404447","0.97875","0.13365544699110124","0.979375","0.14388706595464248","0.974375","0.16418757562559327","0.97","0.1846722113582473","0.9778125","0.14889937504032688","0.97875","0.12281262409659233","0.980625","0.11744897992072167","0.9759375","0.13407077774426454"
"cmos_bmru_s4_r2_d32_nnone_edecaying_mlprelu_drop0.1_lr0.001_wd0.0001_real_audio_binary_best","[""cmos_bmru""]","real_audio_binary_best","2","32","decaying","","cmos_bmru_r2_d32_normnone_real_audio_binary_best_edecaying_mlprelu_drop0.1_lr0.001_wd0.0001","32","cmos_bmru","4","finished","1","0.9871875","0.17594300709115046","0.986875","0.15882976964229958","0.9865625","0.16860887869218671","0.9846875","0.16509278958285709","0.980625","0.23797077726134533","0.98625","0.15990433772495816","0.985625","0.1647960268212589","0.9790625","0.24861943368637351","0.981875","0.24831437185938543","0.984375","0.20178177066890057","0.986875","0.14828478199053757","0.9834375","0.1893998331614158","0.984375","0.22000673605521573","0.98625","0.1725934179354067","0.98375","0.19737536051126475","0.9834375","0.2192254950762388","0.9846875","0.18799622505104388","0.985","0.1780939299180462","0.98625","0.1645432650530723","0.98125","0.2289517088873941","0.9840625","0.18505519393951844","0.9846875","0.2050613567234175","0.984375","0.19152285724260548","0.9803125","0.24628346001843637","0.989375","0.11255107487672664","0.985","0.1897079286208279","0.9840625","0.21597644208041608","0.98625","0.19784647832894411","0.9840625","0.19930307338819575","0.985","0.1790282484984069","0.986875","0.1808644401578789","0.9825","0.2000979934861623","0.984375","0.19431460676908305","0.9859375","0.1834427433389375","0.9859375","0.19542716692731135","0.9834375","0.20632839037868952","0.985","0.1875988235228991","0.986875","0.1456315141921115","0.9875","0.16049835225521822","0.9796875","0.2544955724353888","0.9859375","0.16812903986851385","0.9859375","0.19285339524583933","0.980625","0.24607655521013985","0.984375","0.1805699738488491","0.984375","0.20460809544291508","0.985","0.1851128262767976","0.9828125","0.20439429736137643","0.9890625","0.1473905056858085","0.9834375","0.2015780002183051","0.98375","0.21370033399771837","0.98375","0.22313689123291017","0.98625","0.14947051896383093","0.9834375","0.20048295404071556","0.9875","0.17479452677694587","0.9815625","0.24036095749724737","0.985","0.20949435338206793","0.985","0.1843971727238396","0.9846875","0.18743850073608384","0.9871875","0.149123901870527","0.9871875","0.17170171660818936","0.9865625","0.1792064578791412","0.985625","0.18866385500502375","0.985625","0.18754937127980864","0.9825","0.2055562368840337","0.988125","0.15246304356026788","0.9853125","0.17306595179123596","0.984375","0.1926608545623485","0.984375","0.19283541501779344","0.9796875","0.26946088474279023","0.9840625","0.18892905345042335","0.9834375","0.17982786535115444","0.9825","0.2397611320294356","0.9846875","0.18480153032575208","0.985625","0.16681310524849915","0.98125","0.24640431691483505","0.9834375","0.20894582892111624","0.98125","0.25054164338836143","0.9853125","0.1825321375365514","0.9853125","0.1869376978024922","0.983125","0.18073636424888576","0.9859375","0.17695978536728052","0.9828125","0.21281748026814212","0.9846875","0.15813025970831537","0.981875","0.22752364886366755","0.9859375","0.1673620182447175","0.98375","0.2158572036457877","0.9834375","0.1938905418362452","0.9846875","0.19948056238391856","0.988125","0.14471170586839285","0.985625","0.17789791404773908","0.9821875","0.22059966270715944","0.9828125","0.21391005025317064","0.9840625","0.21709480408904447","0.9853125","0.20732978471825947","0.9865625","0.16081135566408225","0.9840625","0.24037072697978468","0.9853125","0.19315647577833076","0.985625","0.1821227682763488","0.985625","0.1766100671657041","",""
"cmos_bmru_s1_r2_d128_nnone_edecaying_mlprelu_drop0.1_lr0.001_wd0.0001_real_audio_binary_best","[""cmos_bmru""]","real_audio_binary_best","2","128","decaying","","cmos_bmru_r2_d128_normnone_real_audio_binary_best_edecaying_mlprelu_drop0.1_lr0.001_wd0.0001","128","cmos_bmru","1","finished","1","0.97625","0.21450283391512912","0.9778125","0.2159779816381305","0.9746875","0.2138819731644241","0.97875","0.19294229337661195","0.9765625","0.215701768453146","0.9778125","0.1953937463225786","0.9796875","0.16315454817637537","0.975625","0.2025559471852072","0.9775","0.16051743634762158","0.978125","0.1637200883742537","0.974375","0.2081480845728867","0.978125","0.1826253965884137","0.98","0.15983844730719388","0.9759375","0.2007540370104538","0.9728125","0.2550040519546355","0.9765625","0.2130261943993483","0.9809375","0.16284985221324066","0.9759375","0.20484409403824536","0.9815625","0.1710308330418277","0.9771875","0.19866923718223328","0.9740625","0.23322623359615513","0.9775","0.2020009782743447","0.979375","0.16550824196782632","0.9771875","0.2000283159329286","0.9765625","0.22825175538197448","0.980625","0.18659953198933493","0.976875","0.2064853396696851","0.976875","0.20197242556885803","0.978125","0.18631261837206745","0.9775","0.1948924680484272","0.975625","0.21464199983925944","0.9715625","0.2524908379196089","0.9778125","0.19402124118923503","0.9784375","0.18548379271591792","0.9775","0.16209352261236787","0.97875","0.17658236865715185","0.9803125","0.1759481443384924","0.975625","0.1919369878061145","0.9746875","0.22424578439819232","0.975","0.21436823929218143","0.975","0.1983402270827729","0.97375","0.2229871250126401","0.9790625","0.20416328924067453","0.9725","0.2368427529541708","0.975","0.23087388342548948","0.97875","0.1888116480724263","0.9759375","0.1993214643119463","0.976875","0.2051633771882112","0.97625","0.20380449597402447","0.9778125","0.19071810541855808","0.978125","0.1868093975322153","0.97125","0.25543035637364964","0.9778125","0.188508148201948","0.9790625","0.16546970282454","0.983125","0.15957843713905448","0.97875","0.18573713574044248","0.973125","0.22821351738915652","0.9771875","0.17113032975056547","0.975625","0.21418889997202917","0.978125","0.1709804213676495","0.98125","0.15160706785212746","","","","","0.975625","0.2220990328617252","0.9775","0.20786224937248965","0.98","0.17597858482169054","0.9771875","0.22837385310912417","0.9765625","0.1942809552274582","0.9765625","0.20301275762746143","0.9778125","0.1711781997772774","0.9803125","0.17791477801026986","0.97875","0.1587343517665582","0.9753125","0.2365406098345812","0.9765625","0.19579457269984937","0.97875","0.19574484045024115","0.97875","0.17923485988616175","0.9759375","0.21080120467370747","0.9765625","0.17973642010984078","0.974375","0.19620645897217623","0.9746875","0.22602278061165457","0.975","0.2362613887053299","0.976875","0.20929929855924156","0.979375","0.1938372024905167","0.976875","0.19385088570720668","0.9746875","0.22064995169365784","0.9775","0.1778202177590584","0.9734375","0.2326911506028201","0.9803125","0.1759560338302666","0.976875","0.21558765396137097","0.9775","0.17112806957137305","0.9796875","0.196495524370278","0.97625","0.21057657980156552","0.97625","0.20632022486422832","0.975","0.2179138153314616","0.9796875","0.19003934911877352","0.9725","0.2541567307005352","0.978125","0.19922280439162393","0.9771875","0.19240271879991824","0.9759375","0.21693447205668356","0.976875","0.19390561933093128"
"cmos_bmru_s3_r2_d8_nnone_edecaying_mlprelu_drop0.1_lr0.001_wd0.0001_real_audio_binary_best","[""cmos_bmru""]","real_audio_binary_best","2","8","decaying","","cmos_bmru_r2_d8_normnone_real_audio_binary_best_edecaying_mlprelu_drop0.1_lr0.001_wd0.0001","8","cmos_bmru","3","finished","0.75","0.9759375","0.11893799662397214","0.9728125","0.13299063292363428","0.973125","0.11639873101185912","0.9778125","0.12413742119246308","0.9765625","0.11003933986552283","0.9759375","0.12934213452459517","0.9753125","0.121713144433229","0.9796875","0.09366340201069762","0.9765625","0.12212242994659334","0.9759375","0.12174644342694135","0.97625","0.12026721398560766","0.973125","0.1277297999213215","0.9725","0.12492222258879336","0.9728125","0.13742786661421633","0.9725","0.12657417139035715","0.979375","0.09655235353083298","0.97875","0.10990507164729932","0.969375","0.14628829310699076","0.9725","0.13520544612615595","0.974375","0.12485579097709432","0.975625","0.11198315722414463","0.9778125","0.10918100180315378","0.98","0.109569370862082","0.979375","0.11265554433495709","0.9753125","0.11275055843618702","0.97625","0.12329632863237976","0.9759375","0.11827638951481276","0.9809375","0.09633276563839444","0.9759375","0.12292079302323146","0.9778125","0.12650027902087913","0.9796875","0.09038677456256664","0.9740625","0.1196050791198786","0.9740625","0.1224485689724429","0.979375","0.10654731288599578","0.97875","0.10879231154022818","0.9809375","0.08274352844102509","0.9709375","0.14531129905300985","0.983125","0.09075554487179031","0.974375","0.11811130549562222","0.9734375","0.1398057040732874","0.9775","0.11735289620760112","0.978125","0.10373151036709942","","","0.97125","0.14288987687035842","0.9784375","0.09866216788173349","0.9753125","0.13631459089091322","0.9771875","0.10764240494225304","0.97625","0.11480556154028818","0.975","0.10905805094560492","0.9771875","0.11336819798212844","","","0.9715625","0.14320352806909795","0.9765625","0.12268330792281916","0.9753125","0.13171272973943587","0.9778125","0.10448281113891426","0.9775","0.11952296586512602","0.9771875","0.11579463360879232","0.975625","0.1233819737171325","","","0.9746875","0.12333738599912522","0.978125","0.1321246894430442","0.973125","0.12930090168316383","0.9775","0.10677182924844146","","","0.9728125","0.12621376874931228","0.975625","0.11229877226632196","0.9771875","0.11876025808502164","0.9721875","0.12205117920926568","0.9778125","0.1114037452022967","0.975625","0.11603122967182572","0.9775","0.09979352133324708","0.9734375","0.12296459738339764","0.9775","0.1039732603171251","0.9753125","0.12416939215605866","0.9765625","0.12948584543233552","0.9778125","0.10837242432571656","0.974375","0.11998966923745684","0.975","0.13183470906762523","0.9784375","0.11086619580755724","0.9771875","0.11025078817998292","0.97125","0.14659855277481257","0.976875","0.11829053878942888","0.9740625","0.1270229738457192","0.9690625","0.14587699689512193","0.9740625","0.1179334406605085","0.9790625","0.10948595364975518","0.9853125","0.06851304144015444","0.9721875","0.1362163033026036","0.97375","0.11894213219899027","0.973125","0.13586550693121807","0.975","0.11757666860703864","0.9815625","0.0829840257676733","0.97625","0.11383166489645076","0.9765625","0.11715222397436265","0.976875","0.10957011500915428","0.975625","0.13331470429683578","0.97125","0.13338919473077113","0.9721875","0.13124954109118334","0.971875","0.1400827006851216","0.9771875","0.126786628364016"
"cmos_bmru_s5_r2_d4_nnone_edecaying_mlprelu_drop0.1_lr0.001_wd0.0001_real_audio_binary_best","[""cmos_bmru""]","real_audio_binary_best","2","4","decaying","","cmos_bmru_r2_d4_normnone_real_audio_binary_best_edecaying_mlprelu_drop0.1_lr0.001_wd0.0001","4","cmos_bmru","5","finished","1","0.936875","0.24192454658303175","0.944375","0.19013374838454183","0.9346875","0.21134340484044511","0.941875","0.233030521691544","0.9440625","0.21292026036055176","0.9371875","0.22273518426794908","0.943125","0.20485716342518573","0.9371875","0.21937763474299576","0.9478125","0.18173704543383792","0.9440625","0.20215273626774433","0.9346875","0.2351188756444026","0.94","0.20511961534561124","0.94625","0.17103645999683068","0.9371875","0.21752974310540593","0.936875","0.1980333286543464","0.9440625","0.20448211828188503","0.9453125","0.18167165876104263","0.9384375","0.19232999616535384","0.9434375","0.2170529393365723","0.945625","0.20501230612630025","0.935","0.21430053834337745","0.9484375","0.1902926673044567","0.9425","0.211755230701674","0.94375","0.20253029997045816","0.9459375","0.19325763751287017","0.9384375","0.22696141648513732","0.943125","0.19219577980555183","0.939375","0.24121847681322833","0.938125","0.2048461397830397","0.9378125","0.2138771551124228","0.9371875","0.22984094230108895","0.9340625","0.23170488041359932","0.94","0.2403949977690354","0.945625","0.2024963573271816","0.9365625","0.22871742093964711","0.938125","0.21670225892798045","0.9440625","0.1882020947826095","0.936875","0.23527054076155765","0.9446875","0.20246735336404523","0.9390625","0.2340339268912794","0.9375","0.2449281300290022","0.9403125","0.18926890024973544","0.9415625","0.20851916576037183","0.941875","0.2153280906699365","0.94375","0.22097741517354735","0.93875","0.20848955472247327","0.9465625","0.17835225149188771","0.9428125","0.1893780136591522","0.9428125","0.19038817135209685","0.9378125","0.22785850705986377","0.9465625","0.19843301425571552","0.941875","0.20397291887318716","0.95","0.18523692387621848","0.9365625","0.21848142580885907","0.9459375","0.19824587255367077","0.943125","0.20720296005420097","0.9378125","0.2455640684289392","0.9403125","0.19401790001546032","0.9453125","0.20274578039112384","0.9415625","0.20272543461149323","0.9365625","0.24897319988813252","0.9428125","0.20626486464316257","0.9384375","0.20996898086639704","0.9428125","0.22262022080714813","0.9378125","0.22382571617017671","0.9425","0.180701163347112","0.9403125","0.2050900123178144","0.9421875","0.1948583643170423","0.9453125","0.18606018820137252","0.94375","0.205007491120341","0.9415625","0.2299557372702111","0.9409375","0.21438275797314416","0.946875","0.2088260094879661","0.9425","0.20305866440350656","0.9409375","0.2289430860290304","0.944375","0.1895891793655755","0.9440625","0.19249400427797808","0.939375","0.21214823234942745","0.9409375","0.24148295909893933","0.938125","0.22654177949007137","0.9378125","0.2140695521541056","0.9384375","0.21688367491937244","0.94125","0.2103974173619645","0.9390625","0.223441234343627","0.9396875","0.20897491401156004","0.938125","0.221901364443911","0.9396875","0.19891515828174303","0.9440625","0.1968995906651253","0.9365625","0.2386084816872608","0.943125","0.20177927859142072","0.9403125","0.22817270393192304","0.94125","0.2185834154329495","0.9375","0.2364843049866613","0.9375","0.21860330174153209","0.941875","0.20406984947854653","0.9425","0.1930684881846537","0.9390625","0.22657189623569135","0.931875","0.23323914575739765","0.9440625","0.19714204794727264","0.946875","0.1937647672038293"
"cmos_bmru_s1_r2_d64_nnone_edecaying_mlprelu_drop0.1_lr0.001_wd0.0001_real_audio_binary_best","[""cmos_bmru""]","real_audio_binary_best","2","64","decaying","","cmos_bmru_r2_d64_normnone_real_audio_binary_best_edecaying_mlprelu_drop0.1_lr0.001_wd0.0001","64","cmos_bmru","1","finished","1","0.96875","0.28963348144362305","0.973125","0.20843577744282477","0.970625","0.2897012131681683","0.9740625","0.2540579557544923","0.9725","0.300600271425905","0.9659375","0.3169117308671401","0.973125","0.2284180145099132","0.969375","0.23796679134829887","0.9690625","0.32805234873164774","0.9753125","0.23702861085648835","0.9734375","0.2420678778677877","0.97","0.27212759024921473","0.9734375","0.226013992340038","0.975","0.25153638918783594","0.974375","0.23852699943975447","0.970625","0.2734806580779419","0.97625","0.23306614714288693","0.9734375","0.27916929133570784","0.9703125","0.260065143640882","0.9725","0.2706140208420367","0.976875","0.23209064639870217","0.975","0.2120190193716847","0.9675","0.28684522041516747","0.971875","0.28220829127421154","0.9715625","0.2399848401512655","0.9734375","0.27275711356186394","0.9715625","0.2661916225790779","0.97375","0.22426973481418408","0.970625","0.27253705063068884","0.970625","0.30070590485868853","0.975","0.27142840888515735","0.9671875","0.3209095621563643","0.97375","0.21736421780356377","0.974375","0.27056120945666495","0.9728125","0.2668953514558254","0.9703125","0.24268383401815405","0.9746875","0.2687874558306928","0.9740625","0.24604113627880117","0.968125","0.29445423275718363","0.974375","0.24644983415172908","0.970625","0.2453140160513443","0.9746875","0.2377240078690983","0.975625","0.19362999150966975","0.9721875","0.23877860942759185","0.9715625","0.23722576418005795","0.9725","0.2807409988721682","0.9725","0.24860424913224555","0.9703125","0.2748866045251514","0.9740625","0.22898457388269752","0.97","0.32522378436042915","0.965625","0.3338026939326245","0.9753125","0.2741525954663284","0.970625","0.23963105127639817","0.97375","0.259761020657361","","","0.9734375","0.2527140895576395","0.9690625","0.255956193231277","0.9734375","0.240926267003553","0.9728125","0.24281981612089404","0.974375","0.2771057527548969","0.9734375","0.2501782033322757","0.97125","0.3095015367311229","0.9709375","0.26797656365164","0.9728125","0.25785032975896","0.970625","0.25696497407325447","0.974375","0.2488560086724376","0.9709375","0.2829966161767979","0.973125","0.2781355170738651","0.9703125","0.2645338052544282","0.97","0.26347892329584993","0.978125","0.24745776389284035","0.9725","0.23575733566153056","0.9734375","0.27838007749118693","0.9775","0.2286641672964883","0.9753125","0.23999810386717407","0.97125","0.25142290752709767","0.966875","0.302488442995545","0.974375","0.21451409852503744","0.968125","0.28131371616263634","0.9690625","0.2997287205435377","0.9784375","0.2014801303744298","0.9634375","0.32967658885838125","0.97","0.3206142948456761","0.974375","0.2928883227629925","0.9675","0.2957353291821054","0.9703125","0.23487781797846335","0.9765625","0.222509910050675","0.9740625","0.22340399834128027","0.97","0.2635742359412269","0.9678125","0.3173633499798326","0.9746875","0.202886420150732","0.9709375","0.2934527030821959","0.975625","0.25026707024006206","0.9740625","0.2290130729785927","0.9778125","0.2617458609805048","0.9690625","0.3061261492008662","0.975","0.2432652093733558","0.9746875","0.2543914656834721","0.969375","0.3127081308736126","0.9721875","0.28000978217157924"
"cmos_bmru_s4_r2_d4_nnone_edecaying_mlprelu_drop0.1_lr0.001_wd0.0001_real_audio_binary_best","[""cmos_bmru""]","real_audio_binary_best","2","4","decaying","","cmos_bmru_r2_d4_normnone_real_audio_binary_best_edecaying_mlprelu_drop0.1_lr0.001_wd0.0001","4","cmos_bmru","4","finished","1","0.934375","0.23781725139604531","0.9446875","0.1928356466628611","0.9403125","0.21112981628801208","0.938125","0.22447014410514385","0.9321875","0.24963418350205757","0.9409375","0.21753605377220084","0.9334375","0.2428073297557421","0.931875","0.23949497766792777","0.92625","0.24904347232659343","0.933125","0.2368568408768624","0.92625","0.2472344802925363","0.934375","0.2141849348280812","0.9396875","0.2121652688202448","0.93375","0.24199760474031792","0.933125","0.24385776642244308","0.9309375","0.23715096864383667","0.934375","0.221111778463237","0.9390625","0.23132248833600896","0.935","0.21946871071326313","0.9409375","0.2121705864998512","0.93375","0.24760707135428675","0.933125","0.21635888180229812","0.929375","0.24910830717533827","0.9328125","0.24211262444150633","0.9346875","0.23016058423672803","0.92875","0.2652611158275977","0.9321875","0.23733821679954417","0.938125","0.2274385686975438","0.931875","0.24875867478898728","0.9275","0.2727744739933405","0.9325","0.2416253419383429","0.9328125","0.2554592207010137","0.928125","0.27097751446533946","0.9334375","0.23062342315446585","0.928125","0.23437559974379835","0.9328125","0.24177534306189044","0.93375","0.2380856314173434","0.9384375","0.22011211360804736","0.925","0.24779802766861397","0.931875","0.24850145767908544","0.931875","0.23321172378229676","0.9290625","0.28197723769117145","0.939375","0.2159860515173932","0.9409375","0.21012533103930764","0.9246875","0.278582947885152","0.9390625","0.23967278930358588","0.9375","0.2259663959615864","0.934375","0.21709094231016937","0.9275","0.2575545093137771","0.933125","0.24336577862035483","0.9321875","0.2435522163659334","0.935625","0.23858803759794683","0.9325","0.23068321949627715","0.9246875","0.2830541623011231","0.9353125","0.2232778590195812","","","0.9396875","0.2358749404642731","0.9278125","0.23266421372070908","0.93875","0.24763581176288427","0.9384375","0.20874363271228505","0.9396875","0.2139551228331402","0.933125","0.23207393829856304","0.9309375","0.25460633395588955","0.9275","0.2538378791493596","","","0.9315625","0.2533028990263119","0.94125","0.22546405064407735","0.9328125","0.23955667412548792","","","0.9334375","0.226282849358613","0.928125","0.2527141519635916","0.93375","0.22418986715958453","0.9315625","0.2729310760181397","0.9303125","0.24560075955232605","0.92875","0.24583037066506225","0.9321875","0.2337683739251224","0.9296875","0.2312818221701309","0.926875","0.2472260158264544","0.9325","0.24078011459088888","0.9359375","0.25001255069859324","0.9353125","0.23504589006945023","0.9315625","0.26032770487247037","0.940625","0.2136922077817144","0.9371875","0.2142446693003876","0.92875","0.25081912918714805","0.929375","0.2428591374773532","0.928125","0.30056597985327244","0.93375","0.22234806417836808","0.9375","0.2397704551531933","0.93625","0.2076007037752424","0.9365625","0.19812970543920527","0.9334375","0.24422899214550853","0.94375","0.20619397537782788","0.9309375","0.2609717900096439","0.93375","0.23687021038436795","0.928125","0.23311213727109137","0.9296875","0.24457415643148123","0.936875","0.23262104288325644","0.935","0.23634831136267168","0.935625","0.2147320163063705"
"cmos_bmru_s2_r2_d512_nnone_edecaying_mlprelu_drop0.1_lr0.001_wd0.0001_real_audio_binary_best","[""cmos_bmru""]","real_audio_binary_best","2","512","decaying","","cmos_bmru_r2_d512_normnone_real_audio_binary_best_edecaying_mlprelu_drop0.1_lr0.001_wd0.0001","512","cmos_bmru","2","finished","1","0.9825","0.1094034528334069","0.9815625","0.10407952343120884","0.9821875","0.09121291425177595","0.9803125","0.12482741160159053","0.981875","0.1264972234493682","0.981875","0.11743379923109842","0.9825","0.11282019198422176","0.97875","0.1313955350761454","0.9803125","0.11833360728363912","0.9815625","0.11714226821374382","0.98125","0.10689905751387135","0.98","0.14775279947610215","0.9796875","0.12769761253767511","0.98375","0.08941730116862204","0.9803125","0.12322843304051576","0.983125","0.13823681029542573","0.9790625","0.14078057569408756","0.9765625","0.15359234421992823","0.98","0.09728601068394994","0.980625","0.11528004555925918","0.9853125","0.0926259199304974","0.9803125","0.11764702692202648","0.984375","0.08925399077853313","0.980625","0.1262369131668126","0.981875","0.09158846590609508","0.9815625","0.1024806235864071","0.9815625","0.11648035544521462","0.98375","0.11685975265738648","0.9765625","0.1531281972490308","0.980625","0.12353683818045624","0.979375","0.1068924339432624","0.978125","0.10643625567770527","0.9765625","0.1290684574841032","0.983125","0.10348999600424803","0.976875","0.13817424045749363","0.98125","0.09509709406072488","0.984375","0.10688067709617656","0.9796875","0.13528254691988068","0.9821875","0.1072126517962613","0.983125","0.10719993042175596","0.975","0.1381308804667958","0.9796875","0.14588930378204243","0.978125","0.1265546150799534","0.9828125","0.09293740869710532","0.98125","0.11354562121093124","0.9775","0.17014207257081865","0.984375","0.11119171119655812","0.9778125","0.12742284183960798","0.9809375","0.11164292513899284","0.9825","0.10674188672050072","0.9828125","0.1100730806651245","0.980625","0.11391811458457368","0.980625","0.12487448372132344","0.983125","0.09931455245113284","0.9815625","0.102097430955397","0.9796875","0.11205323709884624","0.9803125","0.11969076284318476","0.98","0.10651689524370568","0.9834375","0.06363790022052257","0.980625","0.11684056188534442","0.98","0.11051764616949696","0.9834375","0.09903718537449097","0.9828125","0.10003065698604433","0.9840625","0.1029933662633246","0.979375","0.12207656118815284","0.9815625","0.09978740655539128","0.981875","0.10778694652010472","0.98","0.14302202595179153","0.9828125","0.09229188961040108","0.98375","0.09937410979684316","0.98","0.1276197109612967","0.978125","0.15864931170898672","0.9821875","0.10637088220583107","0.980625","0.12702637266029682","0.983125","0.11338540436982214","0.9821875","0.11342368685043226","0.979375","0.12939571642311137","0.984375","0.10270239648699528","0.9834375","0.08962818348669999","0.98125","0.11690332556187089","0.98125","0.12060794291880143","0.9790625","0.1145237867952477","0.9828125","0.1046827803812215","0.9815625","0.13580944538269932","0.9784375","0.1329452133572974","0.9834375","0.09282230760616074","0.98125","0.12467482085546636","0.983125","0.08444197041863376","0.978125","0.11239711550436672","0.9825","0.10979102909536578","0.980625","0.12853311361490796","0.983125","0.10731034832895683","0.9840625","0.10022997422089816","0.9759375","0.16188191759648135","0.98125","0.10181436453416218","0.98125","0.11170262162452728","0.984375","0.0888048571614496","0.9834375","0.0992195314977505","0.9853125","0.11248176798896936","0.9784375","0.12036633856555966"
"cmos_bmru_s5_r2_d16_nnone_edecaying_mlprelu_drop0.1_lr0.001_wd0.0001_real_audio_binary_best","[""cmos_bmru""]","real_audio_binary_best","2","16","decaying","","cmos_bmru_r2_d16_normnone_real_audio_binary_best_edecaying_mlprelu_drop0.1_lr0.001_wd0.0001","16","cmos_bmru","5","finished","1","0.9734375","0.1836007813939665","0.97375","0.17100638975883328","0.9740625","0.17112721331981562","0.9740625","0.14557811001130844","0.9759375","0.12364392893258014","0.975","0.17085698921388826","0.9775","0.11794962854790754","0.9725","0.15254242741193333","0.9740625","0.1769151099026493","0.97375","0.15481421383549346","0.9765625","0.15697918774092215","0.974375","0.1703766338393728","0.9678125","0.19778220657157633","0.975","0.1507184313558031","0.976875","0.1306324787726671","0.9746875","0.16701267774195117","0.9759375","0.19299450989414196","0.9725","0.14892239566897275","0.9703125","0.17578274949296543","0.97125","0.17182557146242117","0.9721875","0.1717853894340607","0.9725","0.16196833514755646","0.97875","0.12515991478781413","0.9746875","0.1727061340315411","0.9765625","0.14973375546686937","0.9746875","0.1507365063571774","0.974375","0.14523493787971353","0.970625","0.17605014019612944","0.97625","0.13222287273564887","0.9765625","0.15309078283579908","0.97","0.1921084466329901","0.9721875","0.16968358007498882","0.97625","0.1721408396687917","0.9725","0.20222047877420407","0.9753125","0.12911735844595454","0.9740625","0.16222851663736218","0.9725","0.1843405959494224","0.9709375","0.17127490989987806","0.974375","0.14485005589032934","0.97625","0.15661136921058147","0.9721875","0.16264054420186824","0.974375","0.15149191980450497","0.9828125","0.09623187886036552","0.97125","0.1750167616359584","0.9771875","0.13579198918891294","0.9771875","0.13526681357355372","0.97375","0.1429882498491898","0.9790625","0.12629128626280475","0.970625","0.21464406684808013","0.9746875","0.17459487837136756","0.9709375","0.1614973464237961","0.9778125","0.1462414073608616","0.9759375","0.16988093938777443","0.97125","0.15115820614589454","0.9740625","0.17184232254474494","0.9728125","0.17897561589956923","0.9728125","0.1642208461224567","0.9784375","0.15046833403308504","0.9728125","0.19694279389374908","0.9709375","0.195666504104219","0.9734375","0.17749086943153905","0.9728125","0.16758452715483452","0.973125","0.19367010886963457","0.973125","0.18665687049102955","0.97625","0.14538764931837464","0.971875","0.17386311493077863","0.97375","0.14998955119975677","0.9809375","0.1091404119495833","0.971875","0.17165285487604323","","","0.97375","0.1606629728834644","0.9753125","0.14518069125743846","0.9771875","0.14389948381353243","0.9740625","0.14846180261611097","0.975625","0.14025898845522516","0.9775","0.12149691733087473","0.9759375","0.1466391003524899","0.978125","0.12934606642154592","0.975","0.16609755052852107","0.974375","0.12885603420238667","0.9775","0.12220310283291448","0.9734375","0.1576384769175615","0.9771875","0.1305233196994701","0.971875","0.1766640716442089","0.978125","0.12353856981285036","0.970625","0.1852573073717886","0.9715625","0.17868190208271542","0.9746875","0.17068709366272194","0.9728125","0.14127427455181532","0.971875","0.1872240226686971","0.97375","0.173588196696671","0.9759375","0.13875696311245506","0.973125","0.1793336571166063","0.971875","0.16233551040627817","0.9696875","0.20124217524710347","0.9790625","0.15648762485836243","0.97625","0.14846587829541094","0.9796875","0.1393010147546251","0.9753125","0.13849583452567096","0.969375","0.2107493169816199"
"cmos_bmru_s4_r2_d8_nnone_edecaying_mlprelu_drop0.1_lr0.001_wd0.0001_real_audio_binary_best","[""cmos_bmru""]","real_audio_binary_best","2","8","decaying","","cmos_bmru_r2_d8_normnone_real_audio_binary_best_edecaying_mlprelu_drop0.1_lr0.001_wd0.0001","8","cmos_bmru","4","finished","1","0.9675","0.17594206658450276","0.9740625","0.1634337548552503","0.9759375","0.14252417487114144","0.9678125","0.16414483979815486","0.9696875","0.1608419251539783","0.9728125","0.1751180183561155","0.97375","0.16069487495753493","0.973125","0.13262494055925345","0.9725","0.1480000737037335","0.9725","0.14832679945815472","0.9696875","0.1773677805056468","0.9775","0.1101787154086196","0.970625","0.1608833257812512","0.975","0.13998770404810784","0.970625","0.14316070468714315","0.9721875","0.15774532998664653","0.97375","0.145935137508759","0.9721875","0.16205681248064138","0.97625","0.1495561880940113","0.9709375","0.1753701024783436","0.975625","0.14567816914666992","0.974375","0.17009823780347402","0.96875","0.1974604045195156","0.9675","0.1825766154035227","0.9728125","0.13073738782004513","0.97375","0.14281695587575086","0.9746875","0.13723699621936247","0.971875","0.14522485280300315","0.9715625","0.17197294045428865","0.973125","0.14157815067560933","0.97125","0.16602806350580068","0.9728125","0.14357906956927763","0.9703125","0.16795325066159422","0.97375","0.13384504806715994","0.968125","0.17642948536486075","0.9703125","0.1658604954033217","0.975625","0.11720774292465194","0.9709375","0.16264371916549863","0.9728125","0.1382674638649769","0.9709375","0.16956295789670547","0.97125","0.1504816502471658","0.9696875","0.1479186497491719","0.96625","0.18368635772229028","0.97375","0.12760318193320017","0.9725","0.16875035805827793","0.9765625","0.12336136946323677","0.975","0.13274500521409208","0.9721875","0.1657634117955604","0.9725","0.14321311684016108","0.9740625","0.1531926033467971","0.97125","0.15043345073416275","0.9709375","0.1736286152528737","0.9675","0.16628576402305045","0.9709375","0.15984394184757547","0.969375","0.20116869536886953","0.9721875","0.1385813409596085","0.9684375","0.13813738759992705","0.97625","0.129278368580417","0.971875","0.1391477223392576","0.9678125","0.18302122157527265","0.969375","0.16739734278497054","0.973125","0.13105570855776477","0.97125","0.1469311598522836","","","0.9703125","0.1672238128545814","0.9753125","0.1504239323841739","","","0.9678125","0.17413521073496668","0.96875","0.16705844927379077","0.971875","0.15244456818253638","0.9703125","0.17870863419084343","0.9778125","0.10647021956507614","0.98","0.1162063542136002","0.9725","0.1373022326724822","0.9709375","0.17329257616485733","0.9725","0.15704170074142895","0.9678125","0.2056011456308852","0.97125","0.1594774113765743","0.9734375","0.1510597901394408","0.9715625","0.15121435731631208","","","0.971875","0.14318711721294675","0.9746875","0.13952251079187136","0.97","0.16465652354237365","0.9703125","0.16172590976619175","0.9684375","0.19834950760223363","0.9746875","0.1320374191856746","0.97","0.17223471601051643","0.969375","0.1772056928879465","0.9728125","0.17467039420765104","0.9746875","0.13147549222267116","0.9734375","0.1564480751216615","0.9728125","0.15829125658030307","0.970625","0.16485341718866947","0.9715625","0.13604389922433482","0.975625","0.12097259929886604","0.9709375","0.16284934167291795","0.9709375","0.1603286131106506","0.970625","0.15557392805392736","0.97625","0.13802010974064616"
"cmos_bmru_s5_r2_d8_nnone_edecaying_mlprelu_drop0.1_lr0.001_wd0.0001_real_audio_binary_best","[""cmos_bmru""]","real_audio_binary_best","2","8","decaying","","cmos_bmru_r2_d8_normnone_real_audio_binary_best_edecaying_mlprelu_drop0.1_lr0.001_wd0.0001","8","cmos_bmru","5","finished","0.75","0.973125","0.0968953693893536","0.978125","0.10503326829159504","0.9753125","0.11002891762658693","0.98125","0.06696331419068087","0.9759375","0.10065311441365792","0.9734375","0.11987265226240196","0.9778125","0.09293393568273133","0.9771875","0.09210611116743168","0.9753125","0.09582777641254552","0.9753125","0.1023056989429233","0.9746875","0.10312304447867689","0.9771875","0.09463282954319992","0.97375","0.09312219623241616","0.975","0.10550622922835146","0.9753125","0.10414135645427734","0.9796875","0.1079550568061128","0.978125","0.10097726082380178","0.9790625","0.07872027641771638","0.9765625","0.08704381397445105","0.9765625","0.0797190308489644","0.9809375","0.06087759963643749","0.9775","0.07507549205882015","0.973125","0.11358644369540968","0.9715625","0.12963018068287965","0.9721875","0.1291139741111874","0.9778125","0.08820026803576866","0.9796875","0.08836164386198106","0.9696875","0.12137157517099696","0.9784375","0.07464358764061671","0.9778125","0.07807336402676811","0.9734375","0.09091067774876592","0.9765625","0.08502162002559543","0.9765625","0.12230704529019933","0.9753125","0.08893180814492098","0.9784375","0.08775774932028582","0.9753125","0.10789110458930282","0.9784375","0.11133590128538344","0.9784375","0.08887226778033891","0.9759375","0.09575027101181605","0.9821875","0.07979344630679407","0.9728125","0.09631659450335064","0.980625","0.07419417771949612","0.9775","0.08518014824647252","0.9771875","0.10412577907584364","0.9775","0.08408553841487447","0.9775","0.0763067832613433","0.9765625","0.1104005509832109","0.9740625","0.10722251582143372","","","0.9765625","0.08285160205470789","0.97125","0.11366247592004128","0.9775","0.0986231665488458","0.9765625","0.08121056842847793","0.97375","0.10325827266442048","0.978125","0.09888872982396152","0.9725","0.1220371723507742","0.9753125","0.08779313432009644","0.976875","0.10424743983207008","0.9790625","0.10974513142629576","0.98","0.07735308265058392","0.9725","0.12392624209726363","0.9765625","0.09788177272291704","","","0.9725","0.12303452982321232","","","0.97625","0.09975236468223102","0.983125","0.054133370277288574","0.975625","0.1190563537653793","0.97375","0.10439153774627812","0.975","0.09916244396190678","0.9784375","0.09375090980350252","0.9725","0.11499955665847664","0.9796875","0.08535608313965895","0.9753125","0.08723701543505284","0.97625","0.09248218431020178","0.9784375","0.08589908192655912","0.9753125","0.11254719748950263","0.973125","0.10763965662205008","0.9771875","0.10244731363642132","0.975","0.10150662806868922","0.978125","0.0966486536053162","0.9778125","0.08041387222563572","0.9740625","0.11817278778743004","0.9715625","0.13859236035689265","0.970625","0.14205401226170125","0.976875","0.08081749003046128","0.9728125","0.104919454836936","0.97875","0.09815969563671842","0.979375","0.091783478066709","0.9703125","0.12314166114329736","0.978125","0.09410139049369264","0.9746875","0.11053394454157114","0.975625","0.09222786731326778","0.9728125","0.12480189284942753","0.979375","0.08322743787205127","0.975625","0.1068443147765538","0.973125","0.1143045257463018","0.9771875","0.09148147813804826","0.975","0.09954280889649908","0.9753125","0.0948236002334977"
"cmos_bmru_s1_r2_d32_nnone_edecaying_mlprelu_drop0.1_lr0.001_wd0.0001_real_audio_binary_best","[""cmos_bmru""]","real_audio_binary_best","2","32","decaying","","cmos_bmru_r2_d32_normnone_real_audio_binary_best_edecaying_mlprelu_drop0.1_lr0.001_wd0.0001","32","cmos_bmru","1","finished","1","0.9775","0.16558948445142097","0.978125","0.1449834310270115","0.980625","0.13762983728984554","0.980625","0.12948821724968962","0.9790625","0.15293428125598607","0.979375","0.1341431505991861","0.9796875","0.1293083813434375","0.9759375","0.17313139201157457","0.9775","0.15200882054285192","0.97875","0.13639531586765416","0.9784375","0.14702301582949684","0.9803125","0.12840778181268636","0.9775","0.13087659053772432","0.9803125","0.14336608058237826","0.98125","0.1357968902729476","0.9790625","0.12908043919826823","","","0.9803125","0.14966129088930497","0.9815625","0.12289384081368646","0.976875","0.16272909836759553","0.978125","0.13995496003947017","0.9828125","0.11791078907811152","0.97625","0.15591063167999766","0.9765625","0.16053378513076072","0.9778125","0.15997513955981563","0.9775","0.16619788312310432","0.9815625","0.11322590907675432","0.9784375","0.12458570186233787","0.9778125","0.14351318342864283","0.9784375","0.1667132198961746","0.97625","0.14122640461074315","0.9753125","0.16852871617769022","0.9765625","0.14631452207504292","0.980625","0.13535723076609124","0.97625","0.13844749163748885","0.9778125","0.16264532328680595","0.97125","0.21144576966088147","0.9825","0.11448697990768204","0.9796875","0.11746512526813584","0.976875","0.1847678455321583","0.978125","0.13986760478090723","0.9825","0.11436512920468984","0.9765625","0.14339685262020369","0.9825","0.10539559671658956","0.9765625","0.15590516302103696","0.971875","0.22086328964456084","0.9825","0.12263213001557911","0.9771875","0.1396293783224865","0.979375","0.15626005903411333","0.9784375","0.14991798681563775","0.9771875","0.14037229887539268","0.9828125","0.13278697261756495","0.9790625","0.12966131057079594","0.9759375","0.1328148495076803","0.98","0.12494575581584894","0.9796875","0.1193929241570306","0.9821875","0.13126300301353308","0.978125","0.15819218150205813","0.9759375","0.1892355154650733","0.9765625","0.16591059068138905","0.9809375","0.11134477195613338","0.9815625","0.1157643359837956","0.9765625","0.1542657685700514","0.9728125","0.17298668127242572","0.97625","0.15041556224700403","0.9771875","0.15526320972866425","0.9803125","0.13367942666414462","0.978125","0.1384672272126551","0.9784375","0.12648716420009604","0.9778125","0.17110671755329648","0.97625","0.15924851961148112","0.9775","0.15428486930023805","0.97875","0.13559311529359663","0.97875","0.14936892996920964","0.9765625","0.17220122293397389","0.981875","0.14443988412808673","0.9796875","0.12976605912464945","0.9771875","0.15093914480104556","0.97875","0.1352812992842194","0.9778125","0.14323395918829074","0.9784375","0.13341377598182524","0.976875","0.17466725911151118","0.9784375","0.1434114259681135","0.9790625","0.1372820205850551","0.97875","0.14346532562674763","0.9746875","0.17625552238353528","0.98125","0.1268781310733081","0.9803125","0.13379485816503428","0.9803125","0.14422812856516676","0.98","0.1383328059238221","0.9765625","0.169304448006044","0.97875","0.134595330262985","0.974375","0.1671496071637151","0.9765625","0.14132689922572914","0.9803125","0.1281844154558518","0.9778125","0.15211223489377945","0.9759375","0.1645316914986993","0.9775","0.1643100232841566","0.9803125","0.1324838665371307","0.9803125","0.12202149440942214"
"cmos_bmru_s2_r2_d64_nnone_edecaying_mlprelu_drop0.1_lr0.001_wd0.0001_real_audio_binary_best","[""cmos_bmru""]","real_audio_binary_best","2","64","decaying","","cmos_bmru_r2_d64_normnone_real_audio_binary_best_edecaying_mlprelu_drop0.1_lr0.001_wd0.0001","64","cmos_bmru","2","finished","1","0.9734375","0.28464158109776533","0.974375","0.23556229223461628","0.97625","0.2401811333468192","0.9740625","0.2607379197133368","0.9796875","0.18169126248823783","0.9734375","0.2692600132011802","0.9771875","0.24168210710874527","0.976875","0.25058737008207305","0.9803125","0.1813612496407084","0.975625","0.26382367945223023","0.976875","0.22615160936166967","0.975","0.2335026562469723","0.9740625","0.2664959490849785","0.976875","0.2226305635367115","0.97125","0.2947651735055748","0.9765625","0.24825057525719457","0.97375","0.27185158432338674","0.975","0.22600184454464284","0.9784375","0.22914381368372944","0.9753125","0.2309411730031699","0.975","0.26087045316579816","0.97625","0.25412687176482424","0.974375","0.2501215323743634","0.9771875","0.25140037196047227","0.9765625","0.23420044502759543","0.9771875","0.2115650224487348","0.98","0.1923096127612723","0.9753125","0.2613041315456023","0.9790625","0.1905194333974866","0.9778125","0.23959060160830475","0.975625","0.24003982776301191","0.9771875","0.2365630503304842","0.9771875","0.232577429296796","0.973125","0.2843459760147691","0.97375","0.26543706501360753","0.974375","0.2666473770946787","0.9746875","0.2750145895705296","0.9765625","0.20706323570819216","0.975625","0.236127264319645","0.976875","0.21264521183046295","0.9759375","0.2581962920926549","0.9778125","0.2113631240393951","0.9784375","0.20551882336265653","0.97","0.2840690542870049","0.9765625","0.25132668230289473","0.9765625","0.2096997568623465","0.9740625","0.27047988573741777","0.9753125","0.22791180361913468","0.97625","0.23861517041614036","0.9821875","0.1597972377741788","0.97875","0.21096036780168795","0.976875","0.21861063300207664","0.9775","0.22230234305925592","0.9753125","0.24476881355789423","0.979375","0.21877560876421248","0.9771875","0.20046140282208905","0.971875","0.3076567443389614","0.9765625","0.22241248552094448","0.97625","0.21488382659869223","0.9809375","0.1912229730692203","0.9765625","0.24533192310714283","0.9778125","0.20064838857764591","","","0.9759375","0.208468836018764","0.9721875","0.2656430902894098","0.975625","0.2722504311242356","0.978125","0.2144820432979677","0.9759375","0.2473846051718584","0.9759375","0.24060074568718232","0.9771875","0.23578482018862928","0.980625","0.19411158729454253","0.9809375","0.1954752189946181","0.976875","0.2162781561160998","0.981875","0.21260012952978816","0.974375","0.27088365025385913","0.9715625","0.30530515282134424","0.9746875","0.2679898732230798","0.9746875","0.20992152905190475","0.9753125","0.22290900719910847","0.9734375","0.25921477586457903","0.9809375","0.19731118242787576","0.9778125","0.21560028829044345","0.9790625","0.1859321810562908","0.9771875","0.21821003260935207","0.9759375","0.20371853342378757","0.9746875","0.2421895281693452","0.97625","0.26336567623366386","0.9734375","0.2792087888168347","0.979375","0.2200639395619657","0.9740625","0.25341823401835567","0.974375","0.25603202369285477","0.978125","0.2067523969308377","0.9771875","0.25250256541841737","0.974375","0.2518413169588268","0.9746875","0.2690743605649052","0.96875","0.2961691741838027","0.9796875","0.19368842540799977","0.9734375","0.2465179326432746","0.9740625","0.29361338991600894","0.975625","0.259044811941164"
"cmos_bmru_s5_r2_d512_nnone_edecaying_mlprelu_drop0.1_lr0.001_wd0.0001_real_audio_binary_best","[""cmos_bmru""]","real_audio_binary_best","2","512","decaying","","cmos_bmru_r2_d512_normnone_real_audio_binary_best_edecaying_mlprelu_drop0.1_lr0.001_wd0.0001","512","cmos_bmru","5","finished","1","0.9840625","0.07127889229801192","0.97875","0.10234623305439954","0.98125","0.08978282204317224","0.978125","0.09493138805098963","0.9784375","0.11019449255346216","0.9834375","0.07764691736028681","0.9796875","0.09972631967947508","0.9784375","0.10453088030312828","0.9815625","0.09626163654338256","0.97875","0.1141912622596942","0.9796875","0.09098659344466228","0.9834375","0.08024735654903992","0.9775","0.11393046357214984","0.98","0.09632386420310012","0.978125","0.11081604782406884","0.97875","0.12202110139460716","0.98375","0.07093386642668718","0.985625","0.07900441954028338","0.97875","0.10184571006961732","0.9775","0.10947571939811894","0.981875","0.08161612180411879","0.9796875","0.09707412977757598","0.979375","0.09624782979842202","0.9784375","0.10121435492297508","0.983125","0.08347487529445971","0.9809375","0.08910709442999916","0.98","0.09542562502317424","0.9815625","0.09342020426812268","0.984375","0.07692680770922238","0.9834375","0.07595953973389953","0.9825","0.08658209765200808","0.9821875","0.0793463801526002","0.9821875","0.07810065204467208","0.98125","0.10101851672702652","0.98125","0.08101508483475754","0.9803125","0.1112168184523466","0.9821875","0.07920586566085205","0.983125","0.08110904366062868","0.980625","0.09559342051592168","0.9815625","0.09141497906845132","0.9796875","0.08368802282399429","0.979375","0.0906502888277282","0.978125","0.1047945113922026","0.9803125","0.0950748189226988","0.9775","0.10467168255896298","0.98125","0.09168788101389054","0.976875","0.11491192959826547","0.97875","0.10268617295333626","0.9803125","0.09271426438063628","0.9834375","0.07767267057415098","0.9809375","0.08183262360923152","0.9803125","0.09181648789753354","0.9809375","0.0996587706127309","0.978125","0.09752132071259156","0.9778125","0.09518929616242984","0.9840625","0.08805684970610571","0.98125","0.08856540578978517","0.9784375","0.09404554138264076","0.975","0.10840968702775115","0.97625","0.11542678809684488","0.98","0.10737843763342766","0.9809375","0.10353414130139812","0.980625","0.0875950899130325","0.976875","0.10518406918471045","0.9796875","0.11799946012344664","0.9784375","0.11544886130064186","0.9784375","0.10595038218624836","0.978125","0.1032931090361359","0.980625","0.0940999929251268","0.978125","0.11092316806791187","0.97625","0.12004404311926122","0.980625","0.0899538607132024","0.9840625","0.09551134113544776","0.979375","0.10246570287330088","0.979375","0.0989644543052944","0.98375","0.07777665263942538","0.98","0.10492511841021836","0.9809375","0.08796005208153929","0.98375","0.07438372817854315","0.9803125","0.08704930816800698","0.9803125","0.093912796480447","0.978125","0.09899419390041658","0.9803125","0.09442980417440254","0.98","0.09257708339011968","0.980625","0.09687208620668115","0.9771875","0.11330129039186772","0.9784375","0.10979839843516176","0.979375","0.10487804939866464","0.981875","0.08184573465582616","0.9753125","0.10142721042305368","0.9784375","0.09509221127384876","0.980625","0.09019834018953304","0.979375","0.09889678560000448","0.9809375","0.08615045159248495","0.980625","0.08762774895691848","0.9859375","0.07222561026737935","0.9790625","0.10393723494903044","0.9803125","0.09108220010360936","0.9778125","0.09944597464580111","0.98375","0.08797838850854496"
"cmos_bmru_s1_r2_d4_nnone_edecaying_mlprelu_drop0.1_lr0.001_wd0.0001_real_audio_binary_best","[""cmos_bmru""]","real_audio_binary_best","2","4","decaying","","cmos_bmru_r2_d4_normnone_real_audio_binary_best_edecaying_mlprelu_drop0.1_lr0.001_wd0.0001","4","cmos_bmru","1","finished","1","0.9634375","0.15853893219777093","0.9671875","0.14425221101380883","0.9665625","0.13715269006293965","0.9659375","0.15415550853111198","0.968125","0.13835969011510316","0.970625","0.11497804323560558","0.9628125","0.15146187172049394","0.965","0.15335666098188086","0.9671875","0.12877748459461144","0.969375","0.1304844730172772","0.964375","0.14959917748259613","0.963125","0.13929460576076963","0.968125","0.11672776031744432","0.965625","0.1467705864251184","0.9665625","0.14668953554079053","0.968125","0.1425151485412789","0.9634375","0.14651427634254105","0.966875","0.12174979784806056","0.9596875","0.16149810281465762","0.96625","0.13502973217560793","0.9721875","0.11657307160596247","0.9684375","0.12346045390760992","0.96375","0.15810112857594505","0.96875","0.13405853739270243","0.965","0.14101376112914296","0.96375","0.1425639823942038","0.969375","0.1364859550035908","0.964375","0.14509486036899033","0.965625","0.12815899153545615","0.9671875","0.13032657824078342","0.9684375","0.1407084669705364","0.9640625","0.1397857535838375","0.9671875","0.12873790962679776","0.970625","0.1162323191331234","0.97125","0.12563786719019843","0.9659375","0.13486360269656872","0.9646875","0.15013328520763025","0.9709375","0.10779209059022832","0.9690625","0.1388371606831788","0.966875","0.1230138225304836","0.9653125","0.14814363521611085","0.9703125","0.14742172073638357","0.9703125","0.10950388110853965","0.963125","0.1626117247797083","0.964375","0.15792369643197163","0.9696875","0.12577207128342707","0.968125","0.13662070851540192","0.9675","0.1271479267014729","0.96625","0.13827208306378452","0.9684375","0.1358609158541367","","","0.9646875","0.15367735764943063","0.96625","0.14974086364585673","0.9703125","0.11748823925037868","0.9703125","0.11805472369742348","0.9665625","0.13286797231878153","0.970625","0.11917659144906792","0.9615625","0.14214864763082005","0.9725","0.12432990182191134","0.9646875","0.141106278145744","0.9659375","0.16228830811945957","0.96625","0.1555595745879691","0.9678125","0.13350203816749853","0.9725","0.10366577891283668","0.9625","0.1518911564355949","0.968125","0.1162536929500493","0.968125","0.12932789231679634","0.9703125","0.12320761582523118","0.9690625","0.11542489704617764","0.96625","0.14913870814838448","0.964375","0.1397464171217871","0.9596875","0.18097710099158576","0.963125","0.18388317995995748","0.96375","0.15443448856589384","0.9678125","0.13674728938938643","0.9671875","0.14013878095312976","0.9675","0.14392748677739292","0.96625","0.12798964724235704","0.968125","0.13039254990813787","0.9634375","0.14903336434304948","0.961875","0.1623479894261982","0.9634375","0.137225454942527","0.97","0.14447375206415017","0.95875","0.17464898679001636","0.9634375","0.15298583744210192","0.970625","0.1412050591527077","0.9603125","0.16972140559111723","0.963125","0.1443833228557196","0.9684375","0.12464649594039656","0.960625","0.15195195715641602","0.96875","0.142619823756977","0.96625","0.1410445008223178","0.9634375","0.16799805550719613","0.9728125","0.11633520096263963","0.969375","0.104312980468967","0.9740625","0.103648429029854","0.9659375","0.13523517681984232","0.9640625","0.15025072373769943","0.965","0.14645423705311258","0.970625","0.12355899285656052"
"cmos_bmru_s2_r2_d128_nnone_edecaying_mlprelu_drop0.1_lr0.001_wd0.0001_real_audio_binary_best","[""cmos_bmru""]","real_audio_binary_best","2","128","decaying","","cmos_bmru_r2_d128_normnone_real_audio_binary_best_edecaying_mlprelu_drop0.1_lr0.001_wd0.0001","128","cmos_bmru","2","finished","1","0.985625","0.11920672108728812","0.9809375","0.17860849015933233","0.97625","0.2140628728117199","0.9765625","0.2126928884195533","0.9765625","0.2189935950289174","0.9765625","0.21691227973292437","0.9746875","0.24279142025784856","0.9728125","0.25561147380241933","0.9803125","0.17853268394802815","0.98375","0.13836290919575384","0.97625","0.2481810472403259","0.98","0.1621017854597094","0.978125","0.17444165490517988","0.9765625","0.18926744354561456","0.9796875","0.16965689648861354","0.98125","0.18266306557562295","0.98","0.2017125407910779","0.9796875","0.2173471125733252","0.975","0.23141303932177984","0.9803125","0.17465920132966772","0.9821875","0.1585223298062461","0.9796875","0.17858320538054875","0.975","0.2247588896124086","0.9796875","0.205963843082769","0.979375","0.1721610398887453","0.9753125","0.22953037292745307","0.975625","0.24286120185492","0.9740625","0.2421064290782751","0.9746875","0.21634605767578136","0.9775","0.20520625916020585","0.9815625","0.16810354914141584","0.9815625","0.17635771795788266","0.9721875","0.2976675962471724","0.979375","0.18224154552515945","0.9790625","0.1936820543943632","0.9809375","0.1871151541342072","0.974375","0.243477009742959","0.976875","0.23380179331713116","0.976875","0.19989765352020017","0.978125","0.19893401293388976","0.983125","0.1758550736035062","0.974375","0.21653507292296376","0.979375","0.1834157321432231","0.975625","0.23170164543948943","0.9753125","0.2169930874619521","0.975","0.26040900593668825","0.978125","0.1916943470519225","0.9809375","0.1827539589658227","0.9834375","0.14407299830558634","0.9784375","0.17001225880169848","0.9803125","0.1992123944733249","0.9775","0.18395709077409095","0.98","0.20007814272990412","0.97875","0.1915338293352228","0.9759375","0.23827154303890907","0.9796875","0.17066159529461442","0.9709375","0.2941401048811773","0.973125","0.2254185616565598","0.98125","0.1779824638809414","0.9809375","0.1703136195588548","0.9784375","0.2068385204822992","0.9775","0.20716219588164364","0.9809375","0.1567312487339989","0.975625","0.227486411002438","0.9803125","0.20165265358514903","0.9765625","0.21932539929100175","0.974375","0.2262227438452387","0.9778125","0.2048146522531188","0.9796875","0.18722588069410703","0.978125","0.1793797917516245","0.978125","0.1993627763531597","0.976875","0.18966324044480343","0.9815625","0.163404160392272","0.9775","0.20041957288645768","0.9775","0.20638220386338205","0.9803125","0.18240154971998904","0.980625","0.17083688767827204","0.9771875","0.21281950267502925","0.9725","0.25802710652081395","0.9815625","0.17225583786601423","0.9790625","0.19133714937237375","0.9746875","0.22107220726726687","0.978125","0.19864949877878696","0.984375","0.16479915586424454","0.98125","0.17742129486548358","0.973125","0.2590244243359486","0.976875","0.18250890939099443","0.9821875","0.12848928875873386","0.981875","0.1931187363503316","0.978125","0.21503887598134036","0.9803125","0.16799629657513013","0.97875","0.1781931119773115","0.974375","0.24485593173668976","0.976875","0.19550757961666332","0.975625","0.22786312602480943","0.97875","0.2089437135771002","0.9809375","0.164536508964366","0.980625","0.18726728916484803","0.976875","0.22549063447533663","0.9825","0.16332217143717984"
"cmos_bmru_s1_r2_d16_nnone_edecaying_mlprelu_drop0.1_lr0.001_wd0.0001_real_audio_binary_best","[""cmos_bmru""]","real_audio_binary_best","2","16","decaying","","cmos_bmru_r2_d16_normnone_real_audio_binary_best_edecaying_mlprelu_drop0.1_lr0.001_wd0.0001","16","cmos_bmru","1","finished","1","0.98","0.1311423532590641","0.9809375","0.13486629910315254","0.978125","0.13809222248022052","0.9815625","0.12933682993361514","0.980625","0.13786893235572734","0.9815625","0.12606205353988087","0.97875","0.16771980873532957","0.979375","0.12291759166789236","0.9803125","0.12945192396318247","0.9784375","0.1508213370309646","0.97875","0.12456241432982013","0.9765625","0.17667387198936807","0.98","0.13487231168166092","0.9775","0.17754235385332634","0.9753125","0.1607452302747751","0.97875","0.14637008035680907","0.98","0.14773398521828768","0.9803125","0.14822574184643586","0.9771875","0.1342717925100078","0.9740625","0.16004576727144548","0.9771875","0.16933133716815063","0.979375","0.14544651408043432","0.983125","0.1339911224216857","0.9821875","0.11329979871631791","0.9821875","0.12442695515483364","0.9753125","0.1597602329805636","0.98","0.1201171135299222","0.9821875","0.11801846705446736","0.9815625","0.12494853593685776","0.97625","0.1581769892169092","0.98","0.11797908379083764","0.978125","0.16045073821535014","0.9771875","0.14832596857774205","0.9809375","0.12422838243329803","0.97375","0.18904082546216117","0.976875","0.15043944959570113","0.9771875","0.15869893179901737","0.9846875","0.11014390357188632","0.9796875","0.1538895626808151","0.97875","0.11757525673263558","0.979375","0.1505554991330637","0.979375","0.14004261077790034","0.97625","0.13732121312248602","0.9778125","0.1509443554956505","0.970625","0.2191121697674316","0.98","0.12562533915037422","0.9809375","0.1165036325284802","0.9784375","0.1523417520187212","","","0.98","0.15421420235708752","0.978125","0.14236286536140588","0.979375","0.13206387265564587","0.978125","0.15941039860416795","0.97625","0.17095486923268935","0.975","0.1652253962898567","0.97875","0.12789790179690214","0.981875","0.13147458710785942","0.9746875","0.16226338514657074","0.97625","0.14825185205187227","0.978125","0.18632266476930795","0.98375","0.11116981582620326","0.9796875","0.13232087343502258","0.98","0.12913653491256072","0.979375","0.1464588048840011","0.9796875","0.15774811553011486","0.9765625","0.13933764808063218","","","0.9765625","0.1756337677700867","0.9821875","0.1536734634575535","0.9790625","0.14181406071799188","0.978125","0.15851023707167827","0.9778125","0.14401817588514973","0.9796875","0.13185277596765188","0.976875","0.1479797598284079","0.9803125","0.14728266743328958","0.974375","0.17978680984880158","0.9821875","0.11049434688488134","0.974375","0.16064722512482035","0.97625","0.1425541362455215","0.9765625","0.16630044658113818","0.9790625","0.1383839078758723","0.9790625","0.1506669478125066","","","0.97875","0.12982807402844515","0.9790625","0.12883088369522283","0.975625","0.1801564663716136","0.9796875","0.13715505727503113","0.97875","0.1619710330129132","0.9734375","0.1844490458271622","0.9771875","0.13892508351529842","0.979375","0.13601843542998496","0.9796875","0.1318804176995502","0.9753125","0.15976205902689855","0.979375","0.14709408444502514","0.9796875","0.1499265747975349","0.97375","0.17553719490418587","0.9765625","0.1457568182897012","0.979375","0.14119500784030492","0.97875","0.14321006926947796","0.98","0.12563909488064567"
"cmos_bmru_s1_r2_d8_nnone_edecaying_mlprelu_drop0.1_lr0.001_wd0.0001_real_audio_binary_best","[""cmos_bmru""]","real_audio_binary_best","2","8","decaying","","cmos_bmru_r2_d8_normnone_real_audio_binary_best_edecaying_mlprelu_drop0.1_lr0.001_wd0.0001","8","cmos_bmru","1","finished","1","0.9675","0.1695674967553714","0.970625","0.16184310622194972","0.9678125","0.1564382308374843","0.9678125","0.16874397782103187","0.968125","0.18244845128105225","0.9671875","0.1769738093259366","0.9696875","0.16045785329339196","0.9659375","0.1811013769623287","0.9684375","0.15768488899519753","0.9596875","0.21957810288531615","0.964375","0.19070341286955228","0.9690625","0.1788558757663168","0.9721875","0.13687855399588444","0.9628125","0.16596001302081276","0.9646875","0.19478323717369675","0.9646875","0.19009334318550827","0.9684375","0.17035443768138067","0.97125","0.15512815827110898","0.974375","0.1332742919932207","0.96625","0.18997267885553812","0.9625","0.17559381390055934","0.966875","0.17194011089246486","0.96875","0.16738008097428975","0.973125","0.14811686873095822","0.9634375","0.19884782804338105","0.96875","0.1527154668782532","0.9675","0.16770966389858585","0.9646875","0.17371284993840164","0.96625","0.16529029691242614","0.9678125","0.16055014406185364","0.97","0.16165887707829824","0.96625","0.1800423937536334","0.9634375","0.19330735262527013","0.968125","0.17274675779358803","0.9696875","0.13597021272776147","0.9646875","0.17572814666068554","0.961875","0.20101214017151503","0.97","0.1584708440023678","0.9703125","0.1498981112111323","0.97","0.14436796173002223","0.966875","0.18244006942908528","0.9653125","0.18950875980557613","0.9653125","0.18486776582025413","0.96875","0.15795620518337272","0.9640625","0.1616349613401053","0.9696875","0.14942413753918118","0.9665625","0.18234451884311056","0.970625","0.13904060613269395","0.965625","0.1880187652483164","0.96875","0.15455647782528104","0.9671875","0.17685058661778386","0.97","0.14170491041270908","0.96875","0.15608439525971335","0.9671875","0.1701980112788806","0.96875","0.16282905972161643","0.963125","0.18903008969615256","0.966875","0.19067898350875112","0.9646875","0.17821205764727097","0.968125","0.1812749128251744","0.965","0.16506974286850892","0.968125","0.15915899457043906","0.971875","0.1446120625630283","0.9646875","0.17459148088992152","0.9659375","0.16018598386479424","0.9715625","0.13631852653599708","0.963125","0.17142285152352826","0.9696875","0.17328468889565557","0.9709375","0.18414812444440032","0.969375","0.15676526201154048","0.9740625","0.14009788264147574","0.965625","0.19313807969788285","0.9640625","0.19250800033165433","","","0.9675","0.17598109634218417","0.96375","0.20442403448880217","0.9696875","0.17283067758036622","0.9690625","0.15718978026317473","0.971875","0.12921331638056016","0.971875","0.13567456173062964","0.9628125","0.1931495459319558","0.9678125","0.1511906944101247","0.9671875","0.15863014242284407","0.970625","0.16106784110177613","0.973125","0.13389234988277166","0.9653125","0.1779186856031447","0.9678125","0.14455220675507008","0.9646875","0.18932916024241425","0.9671875","0.14711973703797412","0.970625","0.1471419389813127","0.9678125","0.14267722984344344","0.9690625","0.1489468405102889","0.9728125","0.149802947303765","0.966875","0.15697890212613858","0.965625","0.19150863341033983","0.9625","0.18532232172383373","0.965","0.18615662160918872","0.968125","0.16272333633430208","0.9671875","0.1608184276331653","0.97","0.16892416570168278","0.9675","0.17182837030290102"