"Name","cells","task_name","num_recs","state_dim","epsilon","test/accuracy","group_seed","model_dim","model_type","seed","State","train/accuracy","test_seed1/accuracy","test_seed1/loss","test_seed10/accuracy","test_seed10/loss","test_seed100/accuracy","test_seed100/loss","test_seed11/accuracy","test_seed11/loss","test_seed12/accuracy","test_seed12/loss","test_seed13/accuracy","test_seed13/loss","test_seed14/accuracy","test_seed14/loss","test_seed15/accuracy","test_seed15/loss","test_seed16/accuracy","test_seed16/loss","test_seed17/accuracy","test_seed17/loss","test_seed18/accuracy","test_seed18/loss","test_seed19/accuracy","test_seed19/loss","test_seed2/accuracy","test_seed2/loss","test_seed20/accuracy","test_seed20/loss","test_seed21/accuracy","test_seed21/loss","test_seed22/accuracy","test_seed22/loss","test_seed23/accuracy","test_seed23/loss","test_seed24/accuracy","test_seed24/loss","test_seed25/accuracy","test_seed25/loss","test_seed26/accuracy","test_seed26/loss","test_seed27/accuracy","test_seed27/loss","test_seed28/accuracy","test_seed28/loss","test_seed29/accuracy","test_seed29/loss","test_seed3/accuracy","test_seed3/loss","test_seed30/accuracy","test_seed30/loss","test_seed31/accuracy","test_seed31/loss","test_seed32/accuracy","test_seed32/loss","test_seed33/accuracy","test_seed33/loss","test_seed34/accuracy","test_seed34/loss","test_seed35/accuracy","test_seed35/loss","test_seed36/accuracy","test_seed36/loss","test_seed37/accuracy","test_seed37/loss","test_seed38/accuracy","test_seed38/loss","test_seed39/accuracy","test_seed39/loss","test_seed4/accuracy","test_seed4/loss","test_seed40/accuracy","test_seed40/loss","test_seed41/accuracy","test_seed41/loss","test_seed42/accuracy","test_seed42/loss","test_seed43/accuracy","test_seed43/loss","test_seed44/accuracy","test_seed44/loss","test_seed45/accuracy","test_seed45/loss","test_seed46/accuracy","test_seed46/loss","test_seed47/accuracy","test_seed47/loss","test_seed48/accuracy","test_seed48/loss","test_seed49/accuracy","test_seed49/loss","test_seed5/accuracy","test_seed5/loss","test_seed50/accuracy","test_seed50/loss","test_seed51/accuracy","test_seed51/loss","test_seed52/accuracy","test_seed52/loss","test_seed53/accuracy","test_seed53/loss","test_seed54/accuracy","test_seed54/loss","test_seed55/accuracy","test_seed55/loss","test_seed56/accuracy","test_seed56/loss","test_seed57/accuracy","test_seed57/loss","test_seed58/accuracy","test_seed58/loss","test_seed59/accuracy","test_seed59/loss","test_seed6/accuracy","test_seed6/loss","test_seed60/accuracy","test_seed60/loss","test_seed61/accuracy","test_seed61/loss","test_seed62/accuracy","test_seed62/loss","test_seed63/accuracy","test_seed63/loss","test_seed64/accuracy","test_seed64/loss","test_seed65/accuracy","test_seed65/loss","test_seed66/accuracy","test_seed66/loss","test_seed67/accuracy","test_seed67/loss","test_seed68/accuracy","test_seed68/loss","test_seed69/accuracy","test_seed69/loss","test_seed7/accuracy","test_seed7/loss","test_seed70/accuracy","test_seed70/loss","test_seed71/accuracy","test_seed71/loss","test_seed72/accuracy","test_seed72/loss","test_seed73/accuracy","test_seed73/loss","test_seed74/accuracy","test_seed74/loss","test_seed75/accuracy","test_seed75/loss","test_seed76/accuracy","test_seed76/loss","test_seed77/accuracy","test_seed77/loss","test_seed78/accuracy","test_seed78/loss","test_seed79/accuracy","test_seed79/loss","test_seed8/accuracy","test_seed8/loss","test_seed80/accuracy","test_seed80/loss","test_seed81/accuracy","test_seed81/loss","test_seed82/accuracy","test_seed82/loss","test_seed83/accuracy","test_seed83/loss","test_seed84/accuracy","test_seed84/loss","test_seed85/accuracy","test_seed85/loss","test_seed86/accuracy","test_seed86/loss","test_seed87/accuracy","test_seed87/loss","test_seed88/accuracy","test_seed88/loss","test_seed89/accuracy","test_seed89/loss","test_seed9/accuracy","test_seed9/loss","test_seed90/accuracy","test_seed90/loss","test_seed91/accuracy","test_seed91/loss","test_seed92/accuracy","test_seed92/loss","test_seed93/accuracy","test_seed93/loss","test_seed94/accuracy","test_seed94/loss","test_seed95/accuracy","test_seed95/loss","test_seed96/accuracy","test_seed96/loss","test_seed97/accuracy","test_seed97/loss","test_seed98/accuracy","test_seed98/loss","test_seed99/accuracy","test_seed99/loss"
"cmos_bmru_s5_r2_d512_nnone_edecaying_mlprelu_drop0.1_lr0.001_wd0.0001_real_audio_binary","[""cmos_bmru""]","real_audio_binary","2","512","decaying","","cmos_bmru_r2_d512_normnone_real_audio_binary_edecaying_mlprelu_drop0.1_lr0.001_wd0.0001","512","cmos_bmru","5","finished","1","0.9771875","0.08103481235433292","0.981875","0.08726405890416686","0.98375","0.055956724579432376","0.98125","0.0685634046100844","0.976875","0.0865087695195112","0.9809375","0.07648506026222947","0.976875","0.08483502706056698","0.983125","0.07180795976224999","0.975625","0.08685077608673368","0.9790625","0.07785006615651127","0.978125","0.07754404626449742","0.9775","0.0915536382713816","0.980625","0.05771560845240771","0.98","0.06708826269417387","0.9778125","0.07841226738745036","0.980625","0.06847820857959902","0.975","0.08702235459402488","0.9796875","0.07043866630329745","0.984375","0.05797830502834465","0.9825","0.07430562014954376","0.983125","0.07123887717693492","0.9803125","0.06722104138537702","0.9809375","0.060685111902806455","0.979375","0.07219776723438144","0.98125","0.07189359469163492","0.9834375","0.052117020104961685","0.981875","0.06935504501178912","0.976875","0.09201109715729046","0.978125","0.07605665441232531","0.98","0.06452983314340371","0.983125","0.07509409448406217","0.9796875","0.07516950937121805","0.980625","0.08366714973435385","0.98","0.07267828875353018","0.9775","0.08754355123855134","0.97875","0.0804141695618516","0.9790625","0.08064345254019206","0.9790625","0.07108717244439618","0.9784375","0.0784007304202396","0.97875","0.08249818411484199","0.9815625","0.07520619842674649","0.979375","0.08907272133052828","0.98","0.06303104276603498","0.9759375","0.0706882722556611","0.979375","0.0723556825933241","0.9771875","0.07721034720576996","0.98","0.07540506535968461","0.97875","0.08038097766650935","0.9775","0.06446451997049728","0.976875","0.07287387370272314","0.9825","0.06594697449539126","0.9790625","0.07894570354045755","0.9809375","0.0732612066583738","0.9809375","0.056177210363593987","0.980625","0.06265309210452756","0.9790625","0.08795343492678284","0.9825","0.06302812346980317","0.9828125","0.06837385553024149","0.985625","0.05123329453231349","0.9790625","0.07832128361054515","0.9771875","0.07885378908298207","0.9815625","0.08694384639827461","0.9790625","0.07704994995152674","0.980625","0.05523201428044864","0.9803125","0.06514066869184716","0.9753125","0.10432920957781504","0.9834375","0.06827384978560463","0.976875","0.09190159779989812","0.9796875","0.06315742897257223","0.984375","0.05485806710891666","0.9809375","0.0722882556248868","0.9840625","0.050405169477003256","0.9765625","0.08016392796909542","0.97875","0.07237403018298423","0.9778125","0.09350965064003276","0.976875","0.07657672287507922","0.976875","0.07872837450801186","0.9803125","0.07332091831588058","0.980625","0.0606945539546325","0.98","0.07074314259347297","0.9775","0.08447434215294379","0.97875","0.08414753634925716","0.9784375","0.06632878093966837","0.9734375","0.08512029453240758","0.9840625","0.06314758652296235","0.9778125","0.07528330693363557","0.9771875","0.09474409282492303","0.9803125","0.0600348523056914","0.9759375","0.0903846960417593","0.9840625","0.04718512762782438","0.9828125","0.0696272416642472","0.9771875","0.0647072554650822","0.9771875","0.07809345855074688","0.9803125","0.07076996366463191","0.9828125","0.0733524066612474","0.985","0.05672300820038344","0.975625","0.09212661594740894","0.9809375","0.07050394986514846","0.979375","0.06766005316166193","0.9771875","0.08048081915230341"
"cmos_bmru_s1_r2_d256_nnone_edecaying_mlprelu_drop0.1_lr0.001_wd0.0001_real_audio_binary","[""cmos_bmru""]","real_audio_binary","2","256","decaying","","cmos_bmru_r2_d256_normnone_real_audio_binary_edecaying_mlprelu_drop0.1_lr0.001_wd0.0001","256","cmos_bmru","1","finished","1","0.9734375","0.15214603428173176","0.9784375","0.13855199308131405","0.9775","0.14396233247717588","0.976875","0.1404191204231297","0.975625","0.15733931967869494","0.9746875","0.15094177358202557","0.973125","0.13242247745079966","0.97875","0.11210070260753924","0.975625","0.147045366050734","0.9775","0.11344996895144276","0.973125","0.16778323210133067","0.9771875","0.15241850975040336","0.9803125","0.12641606128772878","0.970625","0.17522980472752778","0.9734375","0.18957110327370572","0.980625","0.10517218150571496","0.98","0.124258602061077","0.9759375","0.15432882526981076","0.9765625","0.1513967577400422","0.97875","0.13321448587836102","0.9778125","0.10996814212470554","0.9796875","0.14593270247330145","0.9790625","0.126076566800445","0.9796875","0.14137258278606168","0.97875","0.1153788680786056","0.98125","0.11986564617859584","0.9784375","0.13155912974856163","0.9725","0.14720090072631423","0.97625","0.1370441411331683","0.9759375","0.12684483141222927","0.9765625","0.13703535235872472","0.9778125","0.12494580848658132","0.976875","0.15122793796049053","0.980625","0.1325579114724583","0.97125","0.1799384345365519","0.97625","0.16310136576800688","0.9759375","0.16213228050115247","0.9784375","0.1173790349507112","0.976875","0.14197925377863527","0.9775","0.1064248696176037","0.97875","0.1419299389894144","0.9790625","0.13151113134076525","0.9778125","0.15551002346870518","0.9759375","0.1808652067899488","0.979375","0.11157487447380048","0.9784375","0.11391936436240828","0.9775","0.1410921448437557","0.9778125","0.11044259351045412","0.97875","0.1361472005863334","0.9821875","0.13260744943025657","0.975625","0.15972513221554918","0.9725","0.1609449370733202","0.9778125","0.13835262282961794","0.9725","0.1525669908130728","0.9778125","0.14675359132317226","0.981875","0.11876631098576523","0.976875","0.12134651349234332","0.975","0.13113615018312885","0.978125","0.1407307684843312","0.9815625","0.11453355243396342","0.9759375","0.15469591561600965","0.979375","0.11028553135778564","0.9775","0.11700174807863092","0.97625","0.1474892084709586","0.980625","0.10358691159053932","0.978125","0.1353697219503408","0.978125","0.12321142350377728","0.9784375","0.13488663702531994","0.969375","0.20262756571879892","0.9790625","0.13114680460011183","0.9784375","0.13148249050857885","0.978125","0.11898009487876038","0.9740625","0.15431379607421122","0.9759375","0.1390452759178055","0.9759375","0.1313167567484743","0.9790625","0.14892293964970235","0.9771875","0.1557985175089246","0.98","0.118925442692057","0.9778125","0.12794454826354776","0.978125","0.13755382942827396","0.9771875","0.13293854330021415","0.975625","0.1463214499432354","0.97875","0.11181023517615143","0.9759375","0.13312143871154547","0.9796875","0.14313833006960067","0.9740625","0.1352703266186211","0.9740625","0.1572472138078416","0.9728125","0.1581310968062735","0.9775","0.134512781557341","0.9765625","0.12821709562722844","0.9734375","0.1627497729666652","0.9771875","0.17289291015371874","0.9809375","0.12132252604071836","0.9759375","0.16256123896561178","0.9778125","0.1388523741362269","0.9765625","0.14465738719187585","0.9771875","0.13792499480612605","0.9778125","0.1338139029485069","0.9775","0.12264438941191656","0.97875","0.10391063446877638"
"cmos_bmru_s1_r2_d128_nnone_edecaying_mlprelu_drop0.1_lr0.001_wd0.0001_real_audio_binary","[""cmos_bmru""]","real_audio_binary","2","128","decaying","","cmos_bmru_r2_d128_normnone_real_audio_binary_edecaying_mlprelu_drop0.1_lr0.001_wd0.0001","128","cmos_bmru","1","finished","1","0.9790625","0.11377332311763888","0.9746875","0.14416852229096375","0.978125","0.11690543891303876","0.9771875","0.1302590930734985","0.9765625","0.12256492494524247","0.9746875","0.16994308950550724","0.975","0.16108413348464123","0.974375","0.14826617010249094","0.9765625","0.11052448777919573","0.9815625","0.1321556801411527","0.97625","0.14230908367312606","0.9740625","0.1431917789028881","0.9765625","0.10569820689541616","0.9725","0.16199851786526495","0.9784375","0.14509339023660786","0.980625","0.14491757571122985","0.9746875","0.15812068985929906","0.9796875","0.10037028422013856","","","0.9728125","0.16970905139520262","0.9703125","0.16160529009521035","0.971875","0.15357448712940422","0.97375","0.14706071118101455","0.9790625","0.12693559556427517","0.9765625","0.1518503863433482","0.974375","0.18312190777779583","0.9734375","0.16882283750007737","0.9753125","0.1313758696086819","0.974375","0.15392791881614942","0.97625","0.14574648019652883","0.9784375","0.12550477431699658","0.970625","0.1344660405299222","0.9746875","0.10603529935665364","0.9775","0.1325684113130704","0.9746875","0.1537402417671097","0.9790625","0.1470938953569196","0.9715625","0.1697920748458473","0.9803125","0.08462397089860954","0.9728125","0.19029661535863235","0.976875","0.1145687072906923","0.968125","0.2122571236158801","0.978125","0.14389058935588123","0.9759375","0.1349282093097171","0.9728125","0.17207413616584488","0.9709375","0.17498165138395502","0.9775","0.13107963806353934","0.9796875","0.15200854690802715","0.9771875","0.13011943057648895","","","0.9775","0.12004326197747626","0.978125","0.11821436016621564","0.9721875","0.14943539445883236","0.9784375","0.12690608740890036","0.971875","0.14985600885159223","0.975","0.15060017643176837","0.976875","0.1468837568344134","0.9759375","0.14548362571424425","0.974375","0.17129555227681753","0.9828125","0.10404576016376936","0.975625","0.15022842158400454","0.9771875","0.11761281190894676","0.9759375","0.13318731047972412","0.9790625","0.140287901024511","0.9746875","0.12704897462038997","0.9721875","0.1479136186532531","0.9771875","0.14104642438134307","0.9746875","0.14400159407916227","0.9775","0.1470704879423019","0.9778125","0.10074489094177182","0.9725","0.15545773307690353","0.97375","0.16867686741214108","0.97625","0.16013500339708286","0.979375","0.1544107765595759","0.9740625","0.15075686498293517","0.975625","0.12528173966697856","0.974375","0.1670783848286282","0.971875","0.1624701778603695","0.97125","0.2065975179811841","0.9803125","0.13207537315027393","0.974375","0.1431012024932923","0.9821875","0.08908708985286826","0.9740625","0.1376500445900933","0.9778125","0.1250171408334494","0.975","0.12258250974706192","0.976875","0.1535817156670537","","","0.9784375","0.09431470964784336","0.974375","0.16008114932716488","0.9796875","0.1183475217292846","0.9759375","0.10879166980722133","0.9821875","0.09682241308515556","0.9784375","0.1175675330631432","0.9740625","0.15031784805119958","0.97625","0.1541356968623842","0.97625","0.13607338095918778","0.9784375","0.1328917326541179","0.973125","0.15153621811863957","0.9771875","0.12867760573914686","0.979375","0.18115901453250724","0.9734375","0.14945346331410608"
"cmos_bmru_s4_r2_d4_nnone_edecaying_mlprelu_drop0.1_lr0.001_wd0.0001_real_audio_binary","[""cmos_bmru""]","real_audio_binary","2","4","decaying","","cmos_bmru_r2_d4_normnone_real_audio_binary_edecaying_mlprelu_drop0.1_lr0.001_wd0.0001","4","cmos_bmru","4","finished","1","0.9453125","0.2240324033983052","0.94","0.2588427041302202","0.944375","0.2282745443073509","0.943125","0.23818649877386633","0.93875","0.26039856215473267","0.9415625","0.24910961173474788","0.9428125","0.2304086737707257","0.94375","0.23859261490288192","0.941875","0.2616463059569651","0.9490625","0.22356235349201595","0.9440625","0.222421844326891","0.9446875","0.21074511706683552","0.943125","0.24610319225525015","0.9415625","0.2369404665241018","0.949375","0.22733180380484555","0.95125","0.2228658785729203","0.944375","0.224270722377114","0.9390625","0.2515537034533918","0.94375","0.25230388346361","0.9415625","0.2415731490595499","0.94375","0.24278317942749708","0.9440625","0.238875385671854","0.9490625","0.22233655041025485","0.9415625","0.2479527209227672","0.934375","0.2596875867107883","0.9415625","0.2428087068453897","0.94375","0.251693720491603","0.94375","0.22921149749308825","0.9409375","0.24927014051179863","0.9440625","0.22674933079630136","0.9396875","0.2557891745236702","0.939375","0.2339161039175815","0.94625","0.24402547833160496","0.9434375","0.21772144563496112","0.94125","0.23810332308057697","0.9428125","0.2366313705267385","0.9425","0.2518141012685373","0.9434375","0.23204417423345147","0.9390625","0.26341170572093686","0.944375","0.23410278172596008","0.9421875","0.24116171802394093","0.9375","0.24976035108353245","0.941875","0.23382429294171744","0.9415625","0.25331058294395914","0.934375","0.26190805781516246","0.936875","0.2453756710817106","0.9478125","0.22455781989818205","0.943125","0.2535398528975202","0.943125","0.25370862992494947","0.938125","0.26683891704306006","0.9390625","0.22968676182092168","0.9396875","0.24974777753872332","0.9484375","0.223474771422334","0.9415625","0.25416037493923793","0.941875","0.24002523822709915","0.9434375","0.2264776650001295","0.9421875","0.2502054483550819","0.946875","0.2346262375731021","0.9384375","0.265700305174978","0.945625","0.23863418992608787","0.9446875","0.23703945574292448","0.945625","0.2426222966890782","0.94875","0.1930183482071152","0.9421875","0.2489514041395159","0.9434375","0.23576332025229932","0.9346875","0.2727533548360225","0.938125","0.25478967882780124","0.94875","0.21088730215327817","0.944375","0.23606983023812064","0.938125","0.2406967694222112","0.9346875","0.2628561303997412","0.9459375","0.23218759683601092","0.9503125","0.22626442576525732","0.9440625","0.24024115217267536","0.9409375","0.2467459206248168","0.9503125","0.21108708701329307","0.940625","0.2402065108725219","0.95","0.2161219047853956","0.949375","0.2058596126368502","0.9415625","0.2337424194207415","0.9365625","0.2613773307320662","0.948125","0.22761208986165","0.9446875","0.22491739273420536","0.945","0.21825030188309028","0.9390625","0.25032942381862083","0.94375","0.2411671716440469","0.9459375","0.22716879989602604","0.9434375","0.23039916140958663","0.945625","0.23755359652685","0.945625","0.22758387891342863","0.9453125","0.2232983098877594","0.9440625","0.2147940094748628","0.95","0.2119941782281967","0.95125","0.20443679101081216","0.9453125","0.22326692237867973","0.94625","0.2379550704639405","0.9446875","0.2330187547893729","0.9415625","0.2214754691696726","0.944375","0.23807609447918365","0.945625","0.21310721754096448"
"cmos_bmru_s3_r2_d512_nnone_edecaying_mlprelu_drop0.1_lr0.001_wd0.0001_real_audio_binary","[""cmos_bmru""]","real_audio_binary","2","512","decaying","","cmos_bmru_r2_d512_normnone_real_audio_binary_edecaying_mlprelu_drop0.1_lr0.001_wd0.0001","512","cmos_bmru","3","finished","1","0.9825","0.11129765784293796","0.9853125","0.11842695395795344","0.9825","0.10127760649615028","0.9775","0.13907275337143332","0.983125","0.09549804395013722","0.98","0.12499130483391964","0.9803125","0.11483140492176332","0.98375","0.09516911993143026","0.9828125","0.10539037660668256","0.983125","0.08023662847660659","0.9796875","0.09805636642109654","0.9815625","0.10404537583451048","0.9796875","0.10631876268413976","0.984375","0.09415397382807442","0.98125","0.12708047915396578","0.9815625","0.1051661753124766","0.9778125","0.1173264174747044","0.9803125","0.12887926834508817","0.9834375","0.10060579366991192","0.980625","0.13418712464995408","0.9825","0.09526438548775956","0.9815625","0.10641063033368936","0.9796875","0.12642876273888526","0.9790625","0.13249272282999755","0.9803125","0.13270548265813886","0.9796875","0.1154250347494468","0.9784375","0.12906924290348115","0.9796875","0.12029111494991866","0.9784375","0.12664061925175843","0.98375","0.0882391618453471","0.9821875","0.09713717838908692","0.974375","0.15425793859161274","0.9803125","0.12837409263608263","0.9815625","0.12208160488204273","0.9803125","0.14842313900033133","0.981875","0.11675442135022962","0.9809375","0.11355289106468036","0.9828125","0.10645086159599317","0.9821875","0.1045675764855612","0.9775","0.14473515153645636","0.9803125","0.10610282933634152","0.9809375","0.11973125488594293","0.9796875","0.11399359221371498","0.9784375","0.12886084217683902","0.9815625","0.10328643354552468","0.9834375","0.09720426815796714","0.9809375","0.11029256051903726","0.9803125","0.11193330193511956","0.9821875","0.09712809948555444","0.97625","0.138542716950202","0.97625","0.12701696160118076","0.98","0.10879134458258022","0.9865625","0.07406708450291945","0.980625","0.11683117206620444","0.9765625","0.1450618873867262","0.9775","0.11529379114149832","0.9825","0.0988458345038688","0.9778125","0.13002499599643785","0.981875","0.12072073202129316","0.9784375","0.11164506159863775","0.979375","0.11485079797116214","0.9815625","0.11477478480889004","0.981875","0.13250057660816184","0.98125","0.0976207018712715","0.9815625","0.1314919750355898","0.9821875","0.10585469525094496","0.9809375","0.10978768714119724","0.9825","0.10845625683659676","0.9815625","0.10884086908330488","0.976875","0.12674547796717747","0.983125","0.09338973804950568","0.9803125","0.10149363618390222","0.98125","0.10844683111839856","0.97875","0.12191545553553396","0.980625","0.12296403675521787","0.9803125","0.12486046511589848","0.979375","0.10421431832146454","0.9809375","0.11524902192974536","0.9765625","0.13988683084429568","0.983125","0.10025986793572768","0.9821875","0.09474599589154352","0.98375","0.10836747678319164","0.9778125","0.11162903440249636","0.9809375","0.11639967906663784","0.9784375","0.113539693318464","0.98375","0.09713851625437613","0.9815625","0.1005307072448511","0.98","0.10640976165664769","0.978125","0.1453476558614784","0.9821875","0.1200251178733822","0.978125","0.14721619756614132","0.9821875","0.1138355801037277","0.981875","0.10261946793971902","0.9834375","0.1050246578765001","0.980625","0.1278018713296295","0.983125","0.10758225854196844","0.98","0.11932549680712996","0.9803125","0.12569744848820164","0.9815625","0.11281421210023268","0.983125","0.08630824193636222"
"cmos_bmru_s4_r2_d16_nnone_edecaying_mlprelu_drop0.1_lr0.001_wd0.0001_real_audio_binary","[""cmos_bmru""]","real_audio_binary","2","16","decaying","","cmos_bmru_r2_d16_normnone_real_audio_binary_edecaying_mlprelu_drop0.1_lr0.001_wd0.0001","16","cmos_bmru","4","finished","1","0.97375","0.14309897037197686","0.976875","0.1241435886771886","0.9753125","0.1890004031986132","0.9790625","0.12785482441196394","0.9809375","0.13155991766969918","0.9790625","0.1283075025810683","0.9759375","0.13927613540840042","0.9809375","0.1313367391916853","0.9778125","0.15543574317280473","0.98","0.12405163894919256","0.978125","0.1078698530619927","0.9828125","0.11235739047866446","0.9746875","0.13299977054321915","0.98375","0.10064972143358888","0.9753125","0.15323554159934105","0.976875","0.1309938000376637","0.9740625","0.15582213937987205","0.9753125","0.1022277821069804","0.983125","0.08970074727652559","0.97875","0.15194419177085763","0.9775","0.0991531451764668","0.97625","0.16984178131758654","0.976875","0.16462763935478136","0.9753125","0.15121824659230698","0.98","0.12010814937168846","0.9740625","0.15683817720360133","0.9790625","0.13492282908262138","0.980625","0.10803955862322796","0.9796875","0.12953604767643206","0.978125","0.11889796017321716","0.9825","0.11786400974561274","0.9803125","0.10690091642446134","0.9784375","0.12308154882322184","0.9784375","0.09265515667833796","0.9815625","0.11325587053831868","0.97875","0.10195589000426993","0.97375","0.1773733134131649","0.9796875","0.13059733086814077","0.981875","0.12981520497044757","0.98125","0.11557486214790286","0.9803125","0.12886794638006718","0.9828125","0.08200619238969295","0.9765625","0.1352446403290898","0.9784375","0.16535025369575293","0.9775","0.12689799110899003","0.978125","0.13789456262868355","0.9790625","0.12246797027307849","0.97875","0.14163557265912588","0.979375","0.1440475591613216","0.978125","0.12862907659784212","0.9803125","0.14233699891438248","0.9753125","0.17233758180792194","0.9746875","0.13177196109295233","0.9778125","0.14800329294477252","0.975","0.1572510679251434","0.9790625","0.10998517409404826","0.98","0.11936473266424258","0.976875","0.14502497111547846","0.976875","0.13478339951038604","0.975","0.14550949623837142","0.9765625","0.13590683523602423","0.9815625","0.0998010819347543","0.9753125","0.15657437790289408","0.9803125","0.15288233120323327","0.981875","0.11849851142697532","0.9834375","0.08473333791870666","0.9765625","0.1507702892032603","0.98125","0.11609699379434404","0.973125","0.14748153316015877","0.980625","0.12394307361248295","0.9803125","0.1228769135733355","0.9796875","0.11738183218590564","0.9796875","0.11477260477253425","0.978125","0.14806653569731","0.978125","0.12244362976605928","0.9771875","0.137410416487636","0.9775","0.11747098650950476","0.9771875","0.09356621537942215","0.986875","0.112392209943163","0.978125","0.13361373113576464","0.9778125","0.1498874965946925","0.973125","0.16656103930653215","0.9759375","0.15468999402323724","0.9790625","0.13731030384092563","0.9815625","0.09811001126155389","0.9775","0.1646026399632302","0.9815625","0.09717149967542468","0.9759375","0.13667187125394123","0.980625","0.11079024950621508","0.9771875","0.1360427048827316","0.97875","0.1289698313681839","0.98125","0.12409772254575444","0.9746875","0.14526997226830185","0.9821875","0.10523555432451084","0.980625","0.12936934373590675","0.9778125","0.1121035702921904","0.9759375","0.11990668229343712","0.98","0.11870467948438318","0.9771875","0.12686949073350454","0.976875","0.12242297373937276"
"cmos_bmru_s4_r2_d8_nnone_edecaying_mlprelu_drop0.1_lr0.001_wd0.0001_real_audio_binary","[""cmos_bmru""]","real_audio_binary","2","8","decaying","","cmos_bmru_r2_d8_normnone_real_audio_binary_edecaying_mlprelu_drop0.1_lr0.001_wd0.0001","8","cmos_bmru","4","finished","0.75","0.9628125","0.1487635285216675","0.9690625","0.13056385610689175","0.96375","0.1470923902717186","0.964375","0.13355502100195735","0.966875","0.11197954948976983","0.9678125","0.14131442188096116","0.9684375","0.12165361587816732","0.9665625","0.11532658848579104","0.9703125","0.11313254085718656","0.9678125","0.12768800898789778","0.96625","0.12234402664063963","0.96875","0.11848863547940708","0.9696875","0.11981085459206953","0.963125","0.17141540541255382","0.975","0.09106398091680604","0.9715625","0.10760313208127628","0.9625","0.1378968448440719","0.9646875","0.13300080393019015","0.96875","0.12785992153018014","0.9734375","0.11064375739624666","0.9696875","0.12171396264398936","0.9646875","0.1566790745497565","0.96375","0.15318195379135432","0.9665625","0.1307044768964988","0.96875","0.1342436380160507","0.965625","0.13440496349619935","0.9646875","0.14187019052317737","0.97125","0.11563504477071548","0.9646875","0.12876207040593726","0.9696875","0.12057720362063264","0.9709375","0.11748250556367566","0.9675","0.11258493105866364","0.9678125","0.1276820447333739","0.970625","0.11849787849216228","0.966875","0.12420687246172749","0.9675","0.1278532909041678","0.966875","0.12823510196118149","0.963125","0.12749508768552914","0.9678125","0.11995437429137608","0.96875","0.11742265979217335","0.9671875","0.1492932278153603","0.9675","0.13812036912655457","0.97","0.12766203058417885","0.9640625","0.1323129603511188","0.9678125","0.13414418648695572","0.9690625","0.12464006396126934","0.9621875","0.17146751469466837","0.965625","0.13410631398350234","0.970625","0.10859042726267944","0.9665625","0.11379158048992394","0.96625","0.12959206071449444","0.9690625","0.11064967191428876","0.96625","0.1525220635233927","0.9696875","0.12966567963980197","0.9659375","0.1197975930874236","0.963125","0.15245741611412086","0.9646875","0.14172298378427514","0.9640625","0.1469148011514335","0.9659375","0.14256106794724474","0.9665625","0.1351593715546187","0.96875","0.13857737942715176","0.9640625","0.14453699787554797","0.9715625","0.12479817718063714","0.9659375","0.13286191295024763","0.965625","0.15186560649832245","0.969375","0.1252800545541686","0.9675","0.11556853722955568","0.9675","0.13852274237695383","0.96875","0.14068011994640983","0.9653125","0.1539739935196121","0.9678125","0.12099416652607033","0.9646875","0.12931368653060418","0.9684375","0.11845164894868504","0.9671875","0.12351117996491666","0.964375","0.13454038349809708","0.9634375","0.14258282229769975","0.96875","0.14114865726500284","0.9665625","0.140734575909446","0.9703125","0.11282308731169906","0.975","0.111527861210634","0.9675","0.12980835949158062","0.9696875","0.12686952628755535","0.966875","0.13024084589487755","0.968125","0.13573744970817642","0.9659375","0.12198508140616468","0.9734375","0.10950738603474748","0.9659375","0.13776407598765217","0.965","0.1403690516178176","0.9665625","0.13255731101788115","0.9715625","0.10892452377425796","0.9653125","0.12846574118826537","0.9728125","0.11459241645683506","0.96875","0.12894332421594298","0.965625","0.133621835742224","0.9728125","0.1049056262592785","0.9684375","0.12691975516019738","0.965625","0.12513048550814346","0.9665625","0.1204781294616987","0.961875","0.14241123063955455","0.965","0.13466141522440012"
"cmos_bmru_s3_r2_d128_nnone_edecaying_mlprelu_drop0.1_lr0.001_wd0.0001_real_audio_binary","[""cmos_bmru""]","real_audio_binary","2","128","decaying","","cmos_bmru_r2_d128_normnone_real_audio_binary_edecaying_mlprelu_drop0.1_lr0.001_wd0.0001","128","cmos_bmru","3","finished","1","0.9771875","0.15294323616439484","0.9778125","0.1752233040177348","0.9790625","0.13211835072609057","0.9746875","0.15222906277556955","0.97375","0.1530841641648886","0.9765625","0.17489383947267637","0.9790625","0.15653959882582677","0.973125","0.18300379845927128","0.976875","0.1535943453709943","0.9765625","0.16003485322199318","0.9734375","0.17193522871885272","0.9740625","0.17544286505288653","0.974375","0.177437063784525","0.9753125","0.16411078592853418","0.9759375","0.17245440623216057","0.973125","0.16775139568598108","0.9734375","0.18188988754156532","0.9765625","0.16780638379864457","0.9725","0.202743351697385","0.976875","0.13206092793454455","0.97","0.20826380359278152","0.97","0.18919054231161897","0.97875","0.16113521335404968","0.9775","0.14890634076070683","0.974375","0.16351368157425306","0.976875","0.13623725223257874","0.978125","0.1498092184638683","0.9759375","0.15827094020887933","0.974375","0.210729882226023","0.97625","0.1741772035808569","0.9728125","0.20616561917713697","0.97875","0.16801860184296852","0.975625","0.15508399523425218","0.980625","0.11746665521749466","0.9790625","0.12404115373668918","0.97625","0.153832802001746","0.9765625","0.1346001191581695","0.9809375","0.1385350303618893","0.975625","0.14712750029666224","0.976875","0.1657260081406428","0.98","0.1452843476726528","0.979375","0.16363109186536817","0.9765625","0.1640547877776587","0.97375","0.1897015531080551","0.9775","0.14425957655756846","0.9725","0.19988269195977937","0.9771875","0.16337588751684365","0.9796875","0.12355506718029552","0.978125","0.14369378965512733","0.973125","0.22343673773660563","0.980625","0.1305772160965255","0.971875","0.20509187399402595","0.9734375","0.18141252186529463","0.9765625","0.1391150008005603","0.975","0.17280874555327916","0.9753125","0.15207797884460084","0.973125","0.16803763427073787","0.9765625","0.1682113437645981","0.9753125","0.15607663511723502","0.9784375","0.1589628878532437","0.973125","0.16685143656413537","0.9775","0.14992050998773432","0.9778125","0.1509025825249247","0.978125","0.1543321113437242","0.9775","0.13640889666144262","0.9725","0.19884293298305092","0.97625","0.16178032185797156","0.974375","0.16623425591840013","0.97875","0.1315421542391465","0.973125","0.18672184346472764","0.97625","0.1623763975090859","0.976875","0.16358318037630382","0.9775","0.1392438088700622","0.9721875","0.18100103512274768","0.97625","0.16805059172274275","0.9728125","0.17433047179845496","0.9753125","0.1588260670282632","0.9740625","0.18094761565060297","0.9775","0.14816432154177422","0.9765625","0.1713946260065163","0.9759375","0.15028151670673034","0.9746875","0.14553955115031608","0.9775","0.17163847880019792","0.97375","0.17834766632207824","0.970625","0.21373547691462633","0.978125","0.15498102850763784","0.9746875","0.17745503048796063","0.9784375","0.14107311823833382","0.9778125","0.1515350321270469","0.9821875","0.11500559026203552","0.9721875","0.18698740909983547","0.97625","0.17729611339928394","0.9765625","0.17339533174147","0.9709375","0.20768963580498595","0.97375","0.15777422456217033","0.9765625","0.1591964498408342","0.9740625","0.17390424765764412","0.9740625","0.18342265847057743","0.9771875","0.14640273060798456","0.975","0.17341219559480403"
"cmos_bmru_s4_r2_d512_nnone_edecaying_mlprelu_drop0.1_lr0.001_wd0.0001_real_audio_binary","[""cmos_bmru""]","real_audio_binary","2","512","decaying","","cmos_bmru_r2_d512_normnone_real_audio_binary_edecaying_mlprelu_drop0.1_lr0.001_wd0.0001","512","cmos_bmru","4","finished","1","0.9740625","0.09007756512711922","0.975","0.10540398889897576","0.9734375","0.10252839616710928","0.9765625","0.09976481912577924","0.979375","0.08537018172936","0.97625","0.09439508453202164","0.9796875","0.07639541018401004","0.97375","0.093363147641021","0.96875","0.12065728120628036","0.97375","0.1224435568462053","0.9765625","0.08787643921236846","0.978125","0.09488341981149773","0.975","0.08309220206431064","0.9753125","0.10360708043318936","0.9753125","0.10986323029642876","0.979375","0.08255208358706113","0.9803125","0.06957698472351409","0.9771875","0.0864412691591582","0.9740625","0.12652389036724002","0.9790625","0.08468979028187733","0.974375","0.09614627063374372","0.9725","0.1105307578606694","0.979375","0.08223281040757939","0.9775","0.08471645423046084","0.976875","0.0990614097186676","0.9753125","0.1016366126747704","0.9746875","0.10169301989388656","0.9784375","0.07903006465731209","0.976875","0.08794262283893631","0.97875","0.07361429491729417","0.9721875","0.10724466970259444","0.9796875","0.08371525077810248","0.9771875","0.0925441339647125","0.98125","0.07637327981567353","0.97375","0.11053510177662476","0.9790625","0.07772543756378582","0.9759375","0.09596573936845516","0.9734375","0.09396483892902324","0.9775","0.09491648709589852","0.98","0.07689426544267804","0.97625","0.0977550161977615","0.97125","0.10994730941333784","0.9803125","0.07888831260071186","0.975625","0.09856065189661932","0.9778125","0.08026462862614324","0.9728125","0.09507838172709626","0.978125","0.08470715361019966","0.975","0.09141815644041572","0.9734375","0.10151731946731844","0.976875","0.08636273285154374","0.973125","0.10142968129066048","0.9734375","0.10446951005995388","0.9815625","0.06212357436933132","0.9796875","0.0748644713658966","0.974375","0.11231488021771384","0.9765625","0.07771537485028261","0.97375","0.10292167080040228","0.974375","0.105347870975547","0.973125","0.10225888686802818","0.97625","0.08191361399657125","0.97875","0.08525451616761984","0.9778125","0.08795614297873534","0.9809375","0.07146966531695625","0.9728125","0.10234802510356816","0.976875","0.08847739151698532","0.975625","0.1164235472192928","0.9740625","0.11165431582793416","0.973125","0.09969111200530506","0.980625","0.0929511071687898","0.9725","0.10007778776179777","0.9784375","0.08394908590660208","0.9784375","0.08129548486201259","0.976875","0.0927006442924062","0.97125","0.10052366207252988","0.9771875","0.076404474796172","0.976875","0.09972051640319785","0.9790625","0.07690010039708227","0.9740625","0.10602967057397678","0.9775","0.0897352821689475","0.974375","0.08431536892463555","0.98125","0.07696322440908489","0.9771875","0.08204242740859627","0.9790625","0.09387421771595632","0.9740625","0.10225910310154264","0.97375","0.09914799339565732","0.9690625","0.11159821033168384","0.9796875","0.07932315141797787","0.976875","0.09464550486230452","0.981875","0.06273357535450458","0.97625","0.08635963689726565","0.974375","0.09471715416428196","0.9765625","0.0955942968761201","0.97625","0.09623674890137776","0.979375","0.08825713762679868","0.9734375","0.10440410230715728","0.9728125","0.10114475135979203","0.9740625","0.11011174979249176","0.974375","0.0949121475650338","0.98","0.08118154988777064","0.9790625","0.06872233145315718"
"cmos_bmru_s5_r2_d4_nnone_edecaying_mlprelu_drop0.1_lr0.001_wd0.0001_real_audio_binary","[""cmos_bmru""]","real_audio_binary","2","4","decaying","","cmos_bmru_r2_d4_normnone_real_audio_binary_edecaying_mlprelu_drop0.1_lr0.001_wd0.0001","4","cmos_bmru","5","finished","0.5","0.949375","0.1872018989303615","0.9465625","0.17766320311187883","0.9478125","0.18600888943765312","0.9509375","0.17685977788059973","0.9496875","0.1654271288862219","0.954375","0.17316886652930408","0.9465625","0.217123847194016","0.9515625","0.16510808221992193","0.9540625","0.17943811825069134","0.9540625","0.17570531021570787","0.9515625","0.16276561825769023","0.9503125","0.1650451224896824","0.9559375","0.1619079333845002","0.94875","0.16694908753153867","0.945","0.1891220849614183","0.9515625","0.15947005486872512","0.9503125","0.17987039342609934","0.948125","0.18274131611920896","0.94875","0.1892421526304679","0.9440625","0.21587500568362883","0.953125","0.1827651774819242","0.94875","0.18979731504572556","0.9453125","0.2036430897579703","0.95375","0.17429654757142998","0.953125","0.1663237138860859","0.954375","0.15354685226397125","0.94625","0.20677335507818495","0.9440625","0.20045250092633068","0.9534375","0.14434738708485384","0.950625","0.18310127719305455","0.9475","0.1894159519043751","0.9471875","0.20257248115027324","0.948125","0.19429745680623456","0.9509375","0.16486961119691845","0.9509375","0.1929453256157285","0.9490625","0.19187010250170716","0.9515625","0.1673298342502676","0.948125","0.18832087526039687","0.945625","0.1887890335122938","0.94","0.21434385905740783","0.9503125","0.16413956020376644","0.9434375","0.21478100633248687","0.9528125","0.1768917608843185","0.9415625","0.20737364802043884","0.955625","0.17150734486524016","0.944375","0.21865022959857017","0.954375","0.17252152873377782","0.9525","0.16542462786717807","0.9509375","0.18376621580973737","0.9484375","0.1821439982956508","0.955","0.165431985744508","0.94375","0.19883503650838977","0.9475","0.19754726021754324","0.94625","0.20600335177819945","0.95","0.1762940828902356","0.946875","0.190875229721496","0.9475","0.18820159791735933","0.9565625","0.1591491900771507","0.945625","0.1832122952613281","0.9490625","0.1812443665857427","0.941875","0.20704868775996144","0.9521875","0.19815356756633265","0.9521875","0.18342615773086435","0.9515625","0.1976319969870383","0.953125","0.16986351587111131","0.945625","0.2221066203794908","0.946875","0.2077412060921779","0.9475","0.21334882067108993","0.9475","0.2311318210721947","0.9515625","0.15567452100862283","0.9571875","0.17690748158609496","0.949375","0.20619509641430345","0.9534375","0.1641686984716216","0.9546875","0.15689131179824473","0.9509375","0.18147986306343228","0.9459375","0.20024982557166368","0.9553125","0.16859085107105784","0.944375","0.1946354971564142","0.9525","0.15726843015407213","0.946875","0.18032867255154997","0.951875","0.19550688144168815","0.9490625","0.18106929786983528","0.9471875","0.1978927933861269","0.9453125","0.18387627680553123","0.95625","0.15957947756687646","0.950625","0.17604065805120628","0.9521875","0.18775017311330883","0.9503125","0.1835686519771116","0.9496875","0.18303248299285768","0.9565625","0.1472834410588257","0.954375","0.19676615011791","0.9521875","0.15945940444566076","0.945625","0.1888933126698248","0.948125","0.19092772653792053","0.9515625","0.16844161963323132","0.9403125","0.23154448842513375","0.944375","0.18665710711909925","0.944375","0.1928492506037583","0.95","0.16703354132183448","0.951875","0.1636564201413421"
"cmos_bmru_s5_r2_d8_nnone_edecaying_mlprelu_drop0.1_lr0.001_wd0.0001_real_audio_binary","[""cmos_bmru""]","real_audio_binary","2","8","decaying","","cmos_bmru_r2_d8_normnone_real_audio_binary_edecaying_mlprelu_drop0.1_lr0.001_wd0.0001","8","cmos_bmru","5","finished","1","0.9825","0.07574883434601361","0.9846875","0.0579082710074988","0.9796875","0.09056589498821269","0.9790625","0.09681025378195728","0.9825","0.07706925015170782","0.9815625","0.0876447157291659","0.9859375","0.07098186080780579","0.9834375","0.0808555564745484","0.979375","0.09597726558253272","0.976875","0.10857506348649622","0.985625","0.06173406173039439","0.9828125","0.08100054811210157","0.9815625","0.08258073896432962","0.9865625","0.07050274140998226","0.9825","0.0793044689891849","0.979375","0.09820173015223192","0.9840625","0.07011490880212932","0.9809375","0.08749406092894788","0.9825","0.07643201228518137","0.9778125","0.08442957911506511","0.9825","0.07924270471306727","0.98125","0.0828110697977445","0.979375","0.09430535551342473","0.981875","0.08697244397684699","0.9828125","0.07727137852393696","0.98","0.08982915444137689","0.9875","0.05473931365207136","0.9809375","0.09119903645228988","0.976875","0.10726393615026723","0.978125","0.09761624946027952","0.9803125","0.08831610736810035","0.979375","0.09055641247451147","0.981875","0.08494361228671835","0.981875","0.07578850960446744","0.985","0.05707097172416979","0.9815625","0.08394860584091475","0.980625","0.07863862721646","0.9796875","0.08494884471466094","0.9809375","0.0904709131124713","0.980625","0.09363225852777872","0.9815625","0.07787803249853141","0.9803125","0.0939940468056436","0.9821875","0.08898664203385125","0.9840625","0.05913470484309982","0.981875","0.07516972883930975","0.978125","0.10380542590792174","0.980625","0.09067289633993823","0.9825","0.06604123375458584","0.983125","0.08421572297306738","0.981875","0.08577564458394789","0.985625","0.06041503850303798","0.981875","0.08090137138224236","0.983125","0.07223384000199076","0.9790625","0.0952805021715426","0.979375","0.09330716301442409","0.983125","0.0757557472800363","0.9825","0.06790582432051451","0.9859375","0.07165321647379642","0.983125","0.07364989026945863","0.97875","0.0971395254590243","0.98375","0.07188329123786388","0.9825","0.08362473536758841","0.9846875","0.0662910411989651","0.979375","0.08466334672303902","0.98","0.09827296131936236","0.9834375","0.07451743975514546","0.9840625","0.08090576190668798","0.981875","0.08019171684220056","0.9778125","0.09219015671968918","0.9834375","0.07577059146394277","0.985625","0.06485109447801506","0.97625","0.10482444618906812","0.9815625","0.08993984646462196","0.98375","0.0706263396032591","0.9846875","0.07151636058798432","0.9815625","0.08208510449855566","0.98125","0.08917795057775947","0.9796875","0.095465530345391","0.98375","0.07166631347176007","0.9790625","0.0939857015553298","0.986875","0.059180884418312873","0.981875","0.08383376387647332","0.9796875","0.08994350317163935","0.9853125","0.05949129438182467","0.984375","0.07155380556460841","0.98375","0.07128346197812789","0.9825","0.08616611397579618","0.97875","0.09982615129993974","0.98125","0.08587900469376109","0.9875","0.05770747746644702","0.97875","0.09222855357793831","0.983125","0.07517054799937796","0.9846875","0.05821494048544082","0.97875","0.098331088279524","0.9809375","0.08806886820913974","0.9859375","0.07056545608897068","0.97875","0.08852763318503548","0.9803125","0.0848536028621129","0.98375","0.07883104313383456","0.984375","0.0757350315967392"
"cmos_bmru_s2_r2_d128_nnone_edecaying_mlprelu_drop0.1_lr0.001_wd0.0001_real_audio_binary","[""cmos_bmru""]","real_audio_binary","2","128","decaying","","cmos_bmru_r2_d128_normnone_real_audio_binary_edecaying_mlprelu_drop0.1_lr0.001_wd0.0001","128","cmos_bmru","2","finished","1","0.9771875","0.24575739247262424","0.978125","0.20942906412983964","0.97625","0.2631730129065232","0.974375","0.2869602697714134","0.9765625","0.2424376053711857","0.9771875","0.2389252262425353","0.9759375","0.2582222589796961","0.976875","0.19450910562154028","0.979375","0.22012847754742165","0.98125","0.2106290469433864","0.9775","0.254740827139674","0.976875","0.2660560858550457","0.97875","0.22133752723695196","0.9765625","0.24798129584297224","0.976875","0.26365851912484184","0.980625","0.1677252374914935","0.9775","0.2368096319077045","0.9790625","0.23595859392949128","0.9840625","0.15965090957059544","0.9825","0.16083439303819108","0.97625","0.23465872789345624","0.98","0.20546541138001737","0.976875","0.24081263822914545","0.9796875","0.19717368308573768","0.9753125","0.23173532442946723","0.9825","0.1689916477512643","0.9784375","0.2212134846125812","0.9828125","0.18131670510797893","0.974375","0.23419023685536047","0.98125","0.19503339672299147","0.9771875","0.22506925164720815","0.9803125","0.21568202238168888","0.9784375","0.20928907791911977","0.97875","0.21429793560216964","0.9759375","0.19708264621695284","0.975625","0.2629444522048822","0.9809375","0.1665757449066763","0.9725","0.29372951810613157","0.9803125","0.17559803066195734","0.980625","0.2111636018175421","0.9796875","0.19747771723098356","0.97625","0.26770214889942195","0.9809375","0.21613504726691735","0.9821875","0.1962419558224598","0.976875","0.2528838750248116","0.98125","0.2106922226421372","0.9784375","0.19948044918249463","0.9815625","0.1906661259966568","0.9790625","0.21725558601501965","0.978125","0.18975137647181195","0.9775","0.2169764785137039","0.979375","0.2364408840605293","0.9803125","0.1953383407853609","0.9734375","0.22879134770200849","0.9809375","0.21533633985669295","0.97875","0.1897813136100786","0.980625","0.17736390395598556","0.9696875","0.28368118357793237","0.9790625","0.1709886913516381","0.974375","0.28279289791272716","0.9790625","0.23320805310537715","0.9775","0.23869743357770976","0.9784375","0.20016856056467663","0.975625","0.25178613559906293","0.978125","0.2004442900765776","0.98","0.195488809053478","0.9771875","0.26752196069383727","0.976875","0.21724989514095375","0.9803125","0.22994252177115931","0.9775","0.1994316242362926","0.979375","0.2154464965929039","0.9778125","0.24467259821973897","0.98","0.1933934481757024","0.9771875","0.2433101815893645","0.98","0.20298571330171655","0.98125","0.18766950269463115","0.9734375","0.250791475874802","0.975","0.25186138219691634","0.9753125","0.2341822502581546","0.979375","0.2020223909213791","0.9778125","0.23684396911432437","0.97875","0.21924173741408887","0.9796875","0.21132035648651537","0.97875","0.2074642175338808","0.9775","0.23576678640958076","0.975625","0.24210342723180583","0.98125","0.18811895264216277","0.9765625","0.2283796832602169","0.9771875","0.2351944128421269","0.9796875","0.1783167406535278","0.9796875","0.23916000746402183","0.9746875","0.24585854171156576","0.9740625","0.2827143351567858","0.97625","0.22220621299989232","0.9771875","0.21507201981962415","0.9771875","0.230057368768514","0.9740625","0.23189231584054304","0.976875","0.21154142645420643","0.975625","0.23701301729538785","0.980625","0.18941721783891416"
"cmos_bmru_s2_r2_d256_nnone_edecaying_mlprelu_drop0.1_lr0.001_wd0.0001_real_audio_binary","[""cmos_bmru""]","real_audio_binary","2","256","decaying","","cmos_bmru_r2_d256_normnone_real_audio_binary_edecaying_mlprelu_drop0.1_lr0.001_wd0.0001","256","cmos_bmru","2","finished","1","0.9709375","0.238293025226214","0.97625","0.1759956729178615","0.97625","0.15154415673965957","0.9753125","0.1875861171590093","0.9728125","0.20860454761640893","0.974375","0.1679785617555698","0.9759375","0.18075469501385272","0.9725","0.2117199860398213","0.9740625","0.18976059433115325","0.9740625","0.1856164209355028","0.9690625","0.2085381427302524","0.975","0.177968944414094","0.9721875","0.2493586454595361","0.9740625","0.1600868455138323","0.9715625","0.19574198744321417","0.9771875","0.170068154610434","0.974375","0.16929884263206277","0.9775","0.14730352000287594","0.9765625","0.17546256826677747","0.978125","0.1856989935095854","0.9721875","0.19863620289592648","0.9746875","0.21583076944087612","0.9740625","0.19597690694826383","0.9734375","0.19715667617648944","0.973125","0.19506404524977555","0.9746875","0.16736487991364504","0.97125","0.24129302973077416","0.97875","0.15031098915507626","0.97625","0.18810332724880793","0.9759375","0.1707911210333959","0.9721875","0.2184656909293117","0.9725","0.19918075341635713","0.9709375","0.1907779821815244","0.974375","0.21317279207777456","0.971875","0.21029070732331517","0.9734375","0.17530155485532312","0.975","0.16357949859575074","0.9778125","0.15318781646490437","0.978125","0.15856712416147825","0.97875","0.15015776641708245","0.971875","0.24078002360261863","0.975625","0.1804362901756089","0.9696875","0.22791390697281627","0.9725","0.19944892669361436","0.97625","0.165440211562632","0.970625","0.22052715272974793","0.9753125","0.1676512144037206","0.9715625","0.19907744339693845","0.9734375","0.1943894167739604","0.9728125","0.1902234744171932","0.9778125","0.1536340896037278","0.974375","0.18493979026704063","0.9775","0.18854993245025423","0.9740625","0.18997516526040084","0.9775","0.1740196434038738","0.9725","0.18408965393770427","0.975","0.17214331673413397","0.975","0.20235242919552504","0.9790625","0.1535484753240103","0.9765625","0.16764191491078975","0.9715625","0.20617595304137276","0.97625","0.1826291790949184","0.974375","0.16493463339072967","0.9709375","0.19651355814075191","0.975","0.16257924323155237","0.9765625","0.19711249716792917","0.9790625","0.15298659128195816","0.9775","0.1689976738509658","0.9721875","0.2095094592483505","0.9696875","0.22366065304195032","0.9734375","0.18417123764398496","0.978125","0.15066480522291278","0.9790625","0.14676180295124935","0.975625","0.2034589867867639","0.9734375","0.16940223642762703","0.9784375","0.17378091973423743","0.976875","0.16020080871343878","0.9765625","0.17104230750343632","0.9759375","0.15137433083160695","0.975625","0.1735389959906003","0.9734375","0.18352545011490537","0.9703125","0.20280714339481537","0.97875","0.13359663936720662","0.976875","0.156607560759461","0.97625","0.19202498410447025","0.975625","0.17878400189431928","0.97125","0.1919419976240313","0.9753125","0.19203525521543413","0.975625","0.15834310055168757","0.976875","0.15143401426424524","0.97375","0.18995893245943407","0.97875","0.1577112454249683","0.97625","0.16458946538705377","0.9709375","0.20005573795111517","0.97","0.21664895212727775","0.976875","0.17804883870098323","0.9784375","0.17273272331442377","0.97625","0.18558742359525088","0.9790625","0.1581546929467413","0.9778125","0.177920911329939"
"cmos_bmru_s5_r2_d16_nnone_edecaying_mlprelu_drop0.1_lr0.001_wd0.0001_real_audio_binary","[""cmos_bmru""]","real_audio_binary","2","16","decaying","","cmos_bmru_r2_d16_normnone_real_audio_binary_edecaying_mlprelu_drop0.1_lr0.001_wd0.0001","16","cmos_bmru","5","finished","1","0.9821875","0.1395722265703239","0.985","0.09544588038152751","0.9821875","0.14802280944746882","0.985","0.1215211251959286","0.983125","0.1230781974529981","0.9846875","0.11239924814862846","0.9828125","0.11834357784329952","0.984375","0.1288873135003807","0.98","0.1445518245352148","0.9834375","0.13427663629181957","0.9840625","0.12940730116019494","0.97875","0.17748258870877706","0.9875","0.09640958757837752","0.97875","0.16067884832585874","0.9865625","0.11110861940614428","0.983125","0.12857051054252197","0.980625","0.15834601872755882","0.983125","0.12332084271337748","0.979375","0.1624889199562281","0.9790625","0.16338089763481975","0.9840625","0.1174140097492409","0.9778125","0.18160514731827304","0.9825","0.12385026332010056","0.9834375","0.12002249043701456","0.9771875","0.18080807095668788","0.983125","0.13009445752197052","0.97875","0.17942238780567776","0.98","0.16064631468021617","0.9840625","0.14547009609247596","0.983125","0.12775621258786507","0.97875","0.17896569297237647","0.9834375","0.1259738284833918","0.9803125","0.17466210546178218","0.985625","0.09658369951372152","0.9840625","0.14733711169349892","0.98375","0.12013255365016334","0.9775","0.15410908296166498","0.981875","0.13401521716671982","0.98125","0.16246286359476472","0.984375","0.12560830006169","0.984375","0.11347766868847202","0.983125","0.15105044480286323","0.9809375","0.1355320888409822","0.9825","0.13142545936578856","0.9771875","0.1511713913373103","0.981875","0.13735398040998936","0.98375","0.12216941860304616","0.98125","0.12823308272212855","0.9784375","0.16623193910182635","0.983125","0.1505870980178486","0.9815625","0.12141733625963312","0.9790625","0.16346346797137432","0.986875","0.10086360285964131","0.9840625","0.10819513683614218","0.983125","0.13948254398287646","0.9815625","0.11264035140558291","0.9809375","0.1125561253151696","0.984375","0.10789968322107882","0.979375","0.17648947598851436","0.98125","0.15647842822841312","0.9821875","0.13361052113507857","0.98125","0.14412086098137933","0.9796875","0.1378882071672251","0.9846875","0.10922656775383968","0.9834375","0.12213778135333882","0.9821875","0.1247376851818278","0.9846875","0.10719807659604158","0.9825","0.1479029552972088","0.97875","0.1561624464233273","0.981875","0.13651601334533395","0.9815625","0.1276765595849914","0.98","0.1267905705837198","0.9846875","0.11111116663902144","0.9765625","0.17188086215141013","0.9878125","0.09057923515346716","0.9821875","0.12714276035666672","0.9846875","0.11080173274952358","0.985","0.11304220887562792","0.980625","0.1593292923432074","0.9809375","0.13896771145001935","0.979375","0.15847879308925386","0.983125","0.11960018396253412","0.98625","0.09494845429030192","0.984375","0.12173492135011514","0.9796875","0.14199209973417964","0.981875","0.13212927590928075","0.981875","0.12048809940893988","0.9803125","0.15452070885445607","0.9803125","0.16492268469292357","0.98375","0.1229264080822182","0.981875","0.1596091692392588","0.9796875","0.15825353229669475","0.9825","0.16835326997568473","0.9828125","0.1241374276472959","0.9871875","0.08475167123915611","0.9815625","0.13157240560789746","0.983125","0.12479921712538555","0.9821875","0.13005508693267984","0.980625","0.14541320963144003","0.9821875","0.12777294138888465"
"cmos_bmru_s3_r2_d256_nnone_edecaying_mlprelu_drop0.1_lr0.001_wd0.0001_real_audio_binary","[""cmos_bmru""]","real_audio_binary","2","256","decaying","","cmos_bmru_r2_d256_normnone_real_audio_binary_edecaying_mlprelu_drop0.1_lr0.001_wd0.0001","256","cmos_bmru","3","finished","1","0.979375","0.1371532958558792","0.9746875","0.17736731181544088","0.9796875","0.13062712935899484","0.9815625","0.1028881070214544","0.9803125","0.1178281242021319","0.9746875","0.16893974509868143","0.9753125","0.1614546055546304","0.9821875","0.14499233349762564","0.9790625","0.12585319896584057","0.9765625","0.15482035447121234","0.98","0.14793880234229548","0.981875","0.10032325610897302","0.978125","0.15077946047798194","0.9765625","0.16480355107671926","0.9796875","0.13333509077904154","0.974375","0.16136745020671697","0.98","0.1435416782204024","0.9803125","0.1368422283454847","0.979375","0.12870043233344405","0.9759375","0.11856447082394568","0.9784375","0.15767481974795658","0.979375","0.14789353337309763","0.9815625","0.11283701731309406","0.9796875","0.12931505039181182","0.98375","0.1108575706555785","0.9809375","0.13506421066694274","0.9809375","0.12779320748315912","0.9771875","0.14856708728215154","0.98125","0.11948109349016783","0.97625","0.15497042990129842","0.9825","0.11934741134834093","0.9809375","0.12585062614309364","0.9803125","0.1310501621427494","0.97875","0.12332509390409088","0.9703125","0.1925881337790483","0.9778125","0.1352731415747462","0.9815625","0.1335726334007984","0.9803125","0.11977755048135712","0.9821875","0.10361411721283816","0.973125","0.17967653281347856","0.9740625","0.1805220580708783","0.98125","0.12372283173030546","0.9775","0.14142691298801346","0.9796875","0.12617692704100136","0.9753125","0.15235333635764603","0.98","0.13272303899493124","0.9778125","0.15598192016146634","0.980625","0.1359643890317744","0.975625","0.16042504463662455","0.978125","0.16120568600240717","0.98125","0.12062087381878556","0.975625","0.17963017774166873","0.9809375","0.12575663142981283","0.9815625","0.12398732444112592","0.9775","0.13506987912988846","0.97625","0.15302957259403285","0.9771875","0.15074667117296742","0.978125","0.13802273703803622","0.9796875","0.14068196422410725","0.9796875","0.13678812694189418","0.98125","0.11704492345806868","0.979375","0.11984020517177896","0.978125","0.15229769587296174","0.9775","0.14239147378911754","0.9765625","0.1713421616010794","0.9796875","0.14089243905695345","0.9775","0.14040490774445852","0.9771875","0.15636944154698257","0.97875","0.14832823749666774","0.980625","0.11786321209638484","0.9790625","0.11616071356068916","0.9803125","0.10831865454487356","0.9746875","0.17069529844118733","0.97625","0.15658564580689643","0.98","0.1356810114983008","0.9784375","0.13124159154002654","0.9775","0.1318893560783002","0.979375","0.13902481053654214","0.973125","0.17428892756798192","0.9790625","0.10719271617165646","0.9765625","0.1468559259219478","0.9815625","0.12921239809236332","0.9784375","0.11243042634509676","0.98","0.12401766007780082","0.9771875","0.14431548247981682","0.980625","0.1447305435751744","0.9815625","0.1165681244867626","0.98","0.15590600765544876","0.9759375","0.13623757141426523","0.9753125","0.14253775628227686","0.9759375","0.18325810850450408","0.97625","0.11603225999918676","0.9803125","0.12496017973873792","0.9734375","0.18535205854406597","0.9775","0.15305961431474427","0.9796875","0.13285186961865947","0.9821875","0.11122037826911878","0.979375","0.140129479941032","0.9828125","0.10958126361967856","0.9790625","0.13177880025013675"
"cmos_bmru_s5_r2_d64_nnone_edecaying_mlprelu_drop0.1_lr0.001_wd0.0001_real_audio_binary","[""cmos_bmru""]","real_audio_binary","2","64","decaying","","cmos_bmru_r2_d64_normnone_real_audio_binary_edecaying_mlprelu_drop0.1_lr0.001_wd0.0001","64","cmos_bmru","5","finished","1","0.9678125","0.325909763461627","0.9734375","0.2241337165925121","0.970625","0.3176390176431363","0.975625","0.23774255559658716","0.973125","0.25859725080595697","0.975625","0.24170016769002536","0.97625","0.23552779697102252","0.9771875","0.2404148521426546","0.9759375","0.20613562237117705","0.9715625","0.29628765999337836","0.97","0.3022490193706858","0.974375","0.23321212267686056","0.9725","0.2599650213200688","0.9715625","0.2488656379581572","0.9709375","0.302536373724473","0.9759375","0.2569361120792506","0.973125","0.28550219260337567","0.9784375","0.22237660930298964","0.9746875","0.2739974691171866","0.9684375","0.30915356108603737","0.97375","0.28681832924694917","0.9734375","0.2722232226960796","0.9771875","0.250747657587225","0.975625","0.24263259699048617","0.9725","0.25492755156889146","0.9728125","0.27774639537184087","0.9771875","0.24535296886075184","0.9709375","0.31800508759777163","0.9753125","0.2710675020427605","0.9771875","0.20955619413271895","0.9696875","0.32914941726779484","0.9803125","0.17490897788194887","0.975","0.2736032280676754","0.970625","0.3259051189162402","0.9715625","0.287289523534932","0.976875","0.23161590337478033","0.975","0.2663147229568419","0.97125","0.2923073312650725","0.9775","0.22228914153644183","0.9709375","0.29386299460023985","0.974375","0.28544440287189005","0.978125","0.21124525594203916","0.9734375","0.2445863231662707","0.975","0.24061288446332235","0.9740625","0.2428393436848348","0.9746875","0.26986311557988774","0.971875","0.276998293885827","0.98","0.18664867519949144","0.9778125","0.21940923971522544","0.974375","0.28040116224194284","0.973125","0.25590205990131276","0.9771875","0.20700402861546535","0.97125","0.2543846554828588","0.97375","0.2670286357346741","0.9703125","0.3535800418756064","0.97375","0.2772067571795308","0.9696875","0.2742986344353889","0.968125","0.3382513680806784","0.976875","0.23558961266851916","0.971875","0.28385704159782205","0.973125","0.3084898899784456","0.9690625","0.3272638802516258","0.971875","0.29569226147740674","0.9728125","0.25453294960263806","0.971875","0.3066386327346229","0.9715625","0.29085839533468577","0.9753125","0.255497885631356","0.9740625","0.28794307060079033","0.97625","0.2096485413164727","0.978125","0.2397407562024135","0.9796875","0.20646859894262615","0.9709375","0.27930189544095696","0.9740625","0.3077730805596726","0.9740625","0.23627157521633357","0.974375","0.22321041102790964","0.9715625","0.3222016035770284","0.9721875","0.26580751101399863","0.97375","0.2533609603726341","0.97125","0.28589046897013326","0.9678125","0.309064760631165","0.974375","0.2710373580513924","0.973125","0.25343187879397244","0.9709375","0.2872633787474577","0.975625","0.2326444989385167","0.9721875","0.30508614260984274","0.969375","0.2886671932232548","0.97375","0.26094428508479844","0.974375","0.27199779979825367","0.975625","0.2220657392006651","0.9753125","0.22497479850872593","0.9734375","0.2827270156189943","0.9734375","0.2123297593007936","0.9690625","0.2740183032245861","0.9709375","0.2708098915996131","0.9721875","0.3040173790324726","0.9728125","0.25090227776226126","0.9740625","0.2379016380026983","0.97","0.298569779848226","0.970625","0.2737237844610738","0.9728125","0.2565520457009671"
"cmos_bmru_s5_r2_d32_nnone_edecaying_mlprelu_drop0.1_lr0.001_wd0.0001_real_audio_binary","[""cmos_bmru""]","real_audio_binary","2","32","decaying","","cmos_bmru_r2_d32_normnone_real_audio_binary_edecaying_mlprelu_drop0.1_lr0.001_wd0.0001","32","cmos_bmru","5","finished","1","0.9871875","0.120390778772929","0.980625","0.1832089355752923","0.980625","0.163971177201557","0.9784375","0.20565493798640372","0.979375","0.1699577348877136","0.98125","0.16262690358831816","0.9778125","0.19595197865768452","0.984375","0.1304077599771356","0.9790625","0.20151890395826025","0.9840625","0.12425435846288288","0.9821875","0.17444333606614074","0.9796875","0.17327048857936556","0.9790625","0.18319451862301273","0.9853125","0.14138931356777124","0.98375","0.12998312224784375","0.9840625","0.1513159788043046","0.984375","0.1324209352244446","0.9834375","0.14593378867070295","0.9809375","0.16905864494897205","0.9828125","0.1639562514776639","0.9809375","0.17509323289619444","0.9875","0.10796495752521792","0.988125","0.12043691930726558","0.9846875","0.1495307743459272","0.980625","0.20137498653450053","0.9815625","0.14024654292396763","0.9821875","0.16785528114869824","0.9853125","0.1452073619378925","0.9815625","0.16084923873162854","0.9834375","0.1393384472411675","0.98125","0.17924041104733476","0.985625","0.12702392738152107","0.9859375","0.14807568766781082","0.9825","0.15270874566057488","0.9846875","0.12764822990383018","0.980625","0.181086401081032","0.9834375","0.17031588469619563","0.9834375","0.15319574441884068","0.98375","0.15802335029721312","0.9809375","0.17366897947565074","0.9815625","0.1556168719041004","0.9821875","0.14867957881191848","0.9828125","0.15828716906411883","0.9803125","0.16176426613155917","0.980625","0.16218639683551167","0.980625","0.1876576726578022","0.9853125","0.12870681932618652","0.986875","0.12946734882159666","0.99","0.09734535093014796","0.985","0.1376935827365688","0.9809375","0.1614337581972169","0.9809375","0.1745245235917102","0.9821875","0.15941185613830877","0.9790625","0.21034060704255025","0.9828125","0.13515674288603055","0.9828125","0.1879753805791303","0.983125","0.16006349480555335","0.984375","0.13893852612855812","0.985","0.14829851667368066","0.9853125","0.14408461161531785","0.9821875","0.16981657847684203","0.980625","0.17229030423392772","0.9853125","0.13508952914510608","0.9834375","0.16829978444477744","0.97875","0.1929420082757883","0.984375","0.15167610516760138","0.9846875","0.12015932967172178","0.98125","0.17258667538416753","0.984375","0.1527125175434013","0.981875","0.1951208708057871","0.9840625","0.15469048487714893","0.9821875","0.17241871565977596","0.98375","0.12963691097721733","0.983125","0.14856457178555388","0.9853125","0.14978219588919475","0.9803125","0.17261569957770267","0.9846875","0.12668857349856688","0.98","0.19532751883624688","0.981875","0.15446390451048203","0.9859375","0.12799822382810955","0.9834375","0.13222744784057172","0.98","0.16784428781568916","0.9834375","0.15764250706075017","0.983125","0.13850313624630173","0.983125","0.14652153877670251","0.983125","0.13332693473909865","0.981875","0.17156468141931078","0.985","0.1483277600602269","0.9784375","0.1973296782684951","0.98375","0.13327940007963815","0.9825","0.17251089707728723","0.985625","0.1384516748291377","0.9821875","0.15988230479015364","0.986875","0.11537757267289418","0.9809375","0.18565219008987813","0.9828125","0.16571289288320196","0.98375","0.14633614095302797","0.9840625","0.15049742878260802","0.97625","0.21393678555554985","0.984375","0.12446237921538712"
"cmos_bmru_s3_r2_d4_nnone_edecaying_mlprelu_drop0.1_lr0.001_wd0.0001_real_audio_binary","[""cmos_bmru""]","real_audio_binary","2","4","decaying","","cmos_bmru_r2_d4_normnone_real_audio_binary_edecaying_mlprelu_drop0.1_lr0.001_wd0.0001","4","cmos_bmru","3","finished","1","0.9303125","0.2728373495012056","0.9278125","0.300484677462955","0.93625","0.2984282272774726","0.93625","0.2781176279048668","0.9378125","0.274821810843423","0.934375","0.2717778198886663","0.9340625","0.29769878638442604","0.93875","0.2706525248824619","0.9396875","0.2518496809573844","0.931875","0.2753110675897915","0.9403125","0.25849425429536493","0.9315625","0.2696245470573194","0.9440625","0.26404107070178723","0.9384375","0.26388027249253354","0.928125","0.3071131735853851","0.9334375","0.3000434746034443","0.9346875","0.2910477210814133","0.9346875","0.27653804735513404","0.9503125","0.2202081733744126","0.934375","0.2874425614695065","0.9325","0.30175752090290187","0.93125","0.29609188579488543","0.941875","0.2640291387727484","0.930625","0.28434232412604615","0.9340625","0.2631698585767299","0.9403125","0.25854363610735165","0.9296875","0.31436736256815495","0.9365625","0.258685667157406","0.9271875","0.3049258762114914","0.93625","0.27412740637548266","0.9321875","0.28342219482176007","0.9375","0.26801991087617355","0.9334375","0.2727028742013499","0.9365625","0.2821742027532309","0.93375","0.2708651913958602","0.936875","0.268627296006307","0.9384375","0.269396706065163","0.930625","0.30616141179576517","0.9303125","0.30169482444180173","0.9390625","0.2927707605191972","0.93875","0.2662090139184147","0.9415625","0.24993672100943512","0.934375","0.2881466320154141","0.9353125","0.28283750743605196","0.936875","0.25573808076107524","0.9328125","0.27642509622266515","0.9315625","0.2791119818459265","0.935625","0.28382264643791133","0.9334375","0.28450142389687244","0.9375","0.28731315181124956","0.934375","0.2709943219088018","0.9378125","0.26601108486996966","0.9403125","0.2535798172530485","0.9359375","0.2905285543669015","0.9353125","0.2559689876111224","0.939375","0.2411269367526984","0.936875","0.2556450179748936","0.9296875","0.3176556419208646","0.92625","0.3014233288983814","0.93125","0.32386473743245003","0.9334375","0.29964501986047254","0.931875","0.2798812647192972","0.935","0.27413873696932567","0.9434375","0.25260533659835344","0.9353125","0.28468653683477896","0.940625","0.2452651050570421","0.93","0.29851876803673805","0.9378125","0.26312084406847136","0.9359375","0.28037063767202197","0.94","0.2589597485109698","0.94","0.24622583730029873","0.9325","0.2845278984506149","0.9309375","0.2850627085292945","0.9346875","0.2746826938691083","0.9328125","0.29786219514673573","0.9328125","0.28773641007486733","0.935","0.28690734065909057","0.941875","0.23348966942168772","0.9340625","0.28382463863119484","0.935","0.2667852566431975","0.94625","0.2543377165962011","0.939375","0.27071616031054874","0.934375","0.27723607672814976","0.9340625","0.28158289324259383","0.9303125","0.31477464102441444","0.9346875","0.28606797934509814","0.9334375","0.27566877520643174","0.939375","0.2446949850715464","0.934375","0.27451668434776366","0.94375","0.22315445558866487","0.9328125","0.29066463122842834","0.9365625","0.2865242322831182","0.92875","0.33177553230896595","0.9340625","0.2750287334818859","0.9415625","0.264376702355803","0.9384375","0.2599454348522704","0.9290625","0.29691986141959203","0.930625","0.30309068217873575","0.934375","0.27454272272298114","0.944375","0.23440028957789763"
"cmos_bmru_s3_r2_d64_nnone_edecaying_mlprelu_drop0.1_lr0.001_wd0.0001_real_audio_binary","[""cmos_bmru""]","real_audio_binary","2","64","decaying","","cmos_bmru_r2_d64_normnone_real_audio_binary_edecaying_mlprelu_drop0.1_lr0.001_wd0.0001","64","cmos_bmru","3","finished","1","0.9703125","0.23318679024904695","0.9703125","0.26223136894546656","0.97","0.2439628499812947","0.9684375","0.2877773821320522","0.9715625","0.25785033983702604","0.9709375","0.2346394000917071","0.9703125","0.2094189870348194","0.970625","0.23518749572791176","0.965625","0.26166991409532286","0.9678125","0.2473549276911019","0.965","0.3200238358485188","0.9703125","0.2538859061176194","0.9684375","0.22169670779173584","0.96375","0.3602721117368168","0.9709375","0.2497743885069276","0.9659375","0.30963987789627107","0.9696875","0.3202084125345139","0.9703125","0.24546483010216405","0.969375","0.2397771198441765","0.966875","0.2762340156652312","0.9725","0.23542778116842236","0.9721875","0.241360591633582","0.9684375","0.2878040442697413","0.9715625","0.2612126131192455","0.966875","0.2921141328146859","0.974375","0.18517816694698896","0.9709375","0.2504941703453493","0.9696875","0.30443372943102814","0.9659375","0.3166017049539029","0.96875","0.21715165270627945","0.9646875","0.33550327430413224","0.9721875","0.2509741150058733","0.965625","0.33213562593185586","0.9675","0.29247523015179056","0.9659375","0.31956548481305314","0.968125","0.26246891936532124","0.9696875","0.2861649353464922","0.96875","0.23615608393439147","0.97","0.2505546419018565","0.971875","0.210989716673423","0.9715625","0.23877588886158713","0.9696875","0.250083195105192","0.965","0.30844331374711886","0.971875","0.1940886111475947","0.969375","0.24726158607293436","0.96875","0.27300989173966506","0.9725","0.2344733215923764","0.966875","0.2319858764299724","0.9715625","0.2825986201662715","0.9725","0.23741946699716973","0.9709375","0.25620153585024696","0.96875","0.2075192043058877","0.970625","0.262702373257447","0.9734375","0.2313812997658605","0.96875","0.286503062838736","0.9734375","0.263585947997748","0.9740625","0.25290234669928674","0.9675","0.2408335665848709","0.9684375","0.26958042873758736","0.975","0.1991403003261527","0.97125","0.23873659401475691","0.9703125","0.2381841305270003","0.9671875","0.29477492997120597","0.9734375","0.22482507730335255","0.9659375","0.2662924369999365","0.961875","0.36031243398043694","0.97125","0.23830234412869417","0.970625","0.28304321646933667","0.9675","0.28649288308296184","0.975625","0.2083121724872376","0.968125","0.28537472011204335","0.9725","0.23951969354029104","0.963125","0.343739013036721","0.971875","0.2405703174745944","0.9690625","0.2604644405808844","0.9715625","0.2261017752368865","0.9725","0.2581572643701757","0.969375","0.2588521406150892","0.97125","0.2657797033368749","0.96875","0.240424345480835","0.973125","0.21424456976426712","0.9684375","0.2659278264887683","0.97125","0.25569502469587535","0.9671875","0.2631041774380984","0.97125","0.208448800401233","0.968125","0.2896777967934755","0.9725","0.2485205580750987","0.9678125","0.2834281228020813","0.9696875","0.29969835821586327","0.9684375","0.290099497043319","0.9659375","0.28106335484332384","0.969375","0.2465512943263763","0.9709375","0.21189137549549375","0.97125","0.2516844264835612","0.97375","0.2774550022867669","0.97125","0.24294787353883676","0.97125","0.24754404151905895","0.9659375","0.29846197232980304","0.971875","0.24013297888990087","0.970625","0.26681559669343147"
"cmos_bmru_s2_r2_d512_nnone_edecaying_mlprelu_drop0.1_lr0.001_wd0.0001_real_audio_binary","[""cmos_bmru""]","real_audio_binary","2","512","decaying","","cmos_bmru_r2_d512_normnone_real_audio_binary_edecaying_mlprelu_drop0.1_lr0.001_wd0.0001","512","cmos_bmru","2","finished","1","0.9778125","0.15892776835222108","0.9721875","0.19204817939963537","0.97","0.22891821203583337","0.9778125","0.17323639003107885","0.9759375","0.15939181728470786","0.97875","0.13675958427243054","0.976875","0.13579026953094286","0.969375","0.22198965627632333","0.9753125","0.19017278894567463","0.9775","0.1769785552428165","0.975","0.17394845418478866","0.976875","0.1669308227703889","0.9746875","0.17570825004615387","0.97625","0.1664595611622348","0.9734375","0.2062618614935489","0.9765625","0.1519827232456219","0.9784375","0.15525116869931138","0.97375","0.1790111747007505","0.978125","0.1469959172130054","0.9775","0.15870052852647543","0.974375","0.18074673309355013","0.9803125","0.13503017091706052","0.9703125","0.20566393554938656","0.9721875","0.1929243323733701","0.973125","0.212841441800619","0.974375","0.2017841211511677","0.9740625","0.19908891107326837","0.9746875","0.16199397200187376","0.978125","0.1558920348483271","0.971875","0.2222378270424039","0.975625","0.1942024673935778","0.9746875","0.16122431224245248","0.97375","0.17301349587435452","0.9746875","0.20896112840571873","0.9765625","0.1614303680715002","0.9728125","0.19498287400479344","0.973125","0.1984072355016853","0.9796875","0.1454288874139071","0.97625","0.166550544294102","0.9721875","0.2005856591010904","0.978125","0.17487269869468633","0.9753125","0.19100154448854825","0.9759375","0.15424625640823864","0.975","0.18657929481604868","0.9746875","0.1707747625160195","0.9765625","0.1807384800215016","0.9740625","0.17673061861609005","0.9740625","0.20120441698129468","0.9759375","0.1436309932058181","0.9765625","0.1706004254815275","0.9778125","0.15888355580644428","0.9734375","0.19942400582930872","0.9778125","0.16389691602561146","0.976875","0.17960509253028284","0.970625","0.23870604245447535","0.9696875","0.20605990891135303","0.9790625","0.12498170121686442","0.97875","0.1677622125547032","0.97625","0.16928871974652424","0.969375","0.2366467433424552","0.9746875","0.18185076606698636","0.973125","0.1982588293770809","0.976875","0.1684996325750416","0.971875","0.21187527855505892","0.9771875","0.20140886985153308","0.97375","0.173143091485575","0.9728125","0.19213445130253745","0.97125","0.19761865967256345","0.9840625","0.11022419276127238","0.97875","0.14808077657638136","0.975625","0.18571022297812945","0.9709375","0.18651468717743375","0.97625","0.1570591981065104","0.9728125","0.1935305004545796","0.976875","0.16178160097220115","0.9715625","0.20518100423728328","0.9771875","0.1701040099942415","0.9725","0.22379264750219796","0.9771875","0.1580800066242567","0.9753125","0.16669121869879505","0.971875","0.21833123299127635","0.97625","0.17116802783974375","0.976875","0.16016340601745457","0.97375","0.18659836724916204","0.97375","0.2111287829954307","0.975","0.1695939098275993","0.9771875","0.1448119614617108","0.971875","0.1837192304566895","0.9728125","0.19518442371877015","0.9759375","0.16255729615471068","0.9740625","0.18216897806729496","0.9740625","0.17312263212918252","0.9778125","0.15988586105347666","0.9778125","0.14124269038581844","0.97375","0.2209072958550332","0.9790625","0.1393023424529835","0.9740625","0.19583988243146788","0.974375","0.16343621323078422","0.97125","0.19008871202873423","0.97125","0.2210158034379964"
"cmos_bmru_s5_r2_d128_nnone_edecaying_mlprelu_drop0.1_lr0.001_wd0.0001_real_audio_binary","[""cmos_bmru""]","real_audio_binary","2","128","decaying","","cmos_bmru_r2_d128_normnone_real_audio_binary_edecaying_mlprelu_drop0.1_lr0.001_wd0.0001","128","cmos_bmru","5","finished","1","0.9753125","0.1878751880166065","0.9821875","0.14261769729552015","0.975","0.17365653814914872","0.9765625","0.15406334588142248","0.97875","0.16876485694497384","0.9771875","0.14987011921567775","0.975","0.21280506359073292","0.9790625","0.1463011764508551","0.97625","0.16927806907916815","0.9784375","0.14745312930643742","0.9821875","0.14900841471845147","0.9784375","0.15926293264243946","0.979375","0.15035083698830504","0.978125","0.15910008255728203","0.980625","0.1532523461524322","0.974375","0.1979328366767567","0.98","0.14668275980986706","0.98125","0.12371743143242496","0.98","0.15223192945021818","0.9778125","0.15364268644585805","0.9734375","0.19101019871192043","0.9753125","0.189338935008237","0.9740625","0.1903155760174596","0.975625","0.1855468849504274","0.9771875","0.15067138806984914","0.98125","0.14617967443753835","0.9753125","0.1970922590405448","0.9790625","0.16954835959390535","0.9765625","0.16626221204294717","0.9790625","0.16342592994006175","0.9765625","0.18232356155271084","0.976875","0.16158035566756854","0.9821875","0.1304777708414959","0.976875","0.1851899022116675","0.9753125","0.17773177712519994","0.9790625","0.1652900000353364","0.9840625","0.11281089814253278","0.9796875","0.13696939578659084","0.9771875","0.15642536849362593","0.9775","0.16284597790459024","0.9809375","0.14671631430595014","0.975625","0.18001218410649863","0.9725","0.18091633999074128","0.97625","0.18021892227039749","0.9775","0.15925211768655123","0.97375","0.1914092163925273","0.9775","0.182988342236744","0.978125","0.14160650052538967","0.9771875","0.14243806887867205","0.9778125","0.1433302245000206","0.980625","0.15707185900950063","0.98","0.15835876360284068","0.9759375","0.18499310646811623","0.9825","0.1386081439565473","0.9753125","0.156504937839525","0.9765625","0.15330611830182195","0.98","0.14836775063879715","0.9775","0.17782212147125143","0.980625","0.1247303915229062","0.9803125","0.11963383008857008","0.9796875","0.13604972853995242","0.97625","0.15490492004473924","0.981875","0.1566582728846895","0.9753125","0.2289037013052588","0.976875","0.16544249296347308","0.9728125","0.19167590191972247","0.97875","0.13344278657722625","0.97875","0.17175966510217866","0.9759375","0.15681532415891047","0.9778125","0.14824950015846142","0.9765625","0.1758809722285952","0.9784375","0.16635336223197136","0.9734375","0.18539732741056697","0.9803125","0.15129256836813582","0.9784375","0.1683617922711809","0.974375","0.19711335688458576","0.9834375","0.12568119789197266","0.981875","0.13066048037241573","0.978125","0.17065442632413205","0.976875","0.1421032175458428","0.976875","0.15956566475329922","0.984375","0.11319019935120232","0.9721875","0.18238238660150455","0.9803125","0.13698544098228355","0.9778125","0.1669270251582438","0.97625","0.1570837001192219","0.980625","0.15435357623779658","0.9771875","0.1984645720148933","0.9790625","0.15325792779192138","0.9796875","0.14376809958369116","0.9784375","0.16768217626758244","0.976875","0.14430924042475818","0.9740625","0.18309399697418335","0.9796875","0.15078208193448517","0.978125","0.17105100040891494","0.978125","0.16769589600319246","0.9828125","0.11542754519446376","0.9771875","0.1872260960387108","0.9809375","0.15953283369026153","0.98","0.1430856938305543"
"cmos_bmru_s3_r2_d8_nnone_edecaying_mlprelu_drop0.1_lr0.001_wd0.0001_real_audio_binary","[""cmos_bmru""]","real_audio_binary","2","8","decaying","","cmos_bmru_r2_d8_normnone_real_audio_binary_edecaying_mlprelu_drop0.1_lr0.001_wd0.0001","8","cmos_bmru","3","finished","1","0.9546875","0.20809172866525613","0.9634375","0.1594745212600128","0.9665625","0.1335347293437371","0.959375","0.17736101465709908","0.9578125","0.16397853673068086","0.96125","0.15199446625098062","0.9628125","0.16225837737513757","0.96","0.15734386716332666","0.9596875","0.17363744792967395","0.9646875","0.16933068889695277","0.9596875","0.1670258730297155","0.9615625","0.1743538040081512","0.956875","0.17947435412344476","0.961875","0.16914047560028397","0.963125","0.1784410028850766","0.9571875","0.17152474859779204","0.9578125","0.16858965588490718","0.9578125","0.1743883476134215","0.9609375","0.15138172490846954","0.9621875","0.15495500967260795","0.9596875","0.1859002295190362","0.96125","0.16713841365635743","0.9628125","0.1617499288255749","0.9628125","0.15404296715248678","0.956875","0.1849278511166449","0.960625","0.16766308251016654","0.96375","0.16655225343576605","0.958125","0.1639604229271572","0.96","0.17274761677904849","0.9575","0.17643780533269365","0.96125","0.15887213321660965","0.9609375","0.15969850713499453","0.9575","0.18901316065660695","0.9603125","0.17263228805561084","0.953125","0.17203493610741133","0.960625","0.15542626357599146","0.959375","0.16465270097904067","0.9659375","0.1260355313207401","0.96","0.17397422076986913","0.9625","0.1624275043878515","0.960625","0.1767842118177941","0.959375","0.17087385299182642","0.956875","0.1797916501810869","0.9621875","0.16546183506749912","0.96125","0.17990214605842084","0.96375","0.14352720095557742","0.966875","0.16064960115609664","0.96125","0.1592564777662699","0.9590625","0.18588064401704288","0.9515625","0.2111697120000099","0.960625","0.17636809996452144","0.9546875","0.21396901528816217","0.955","0.2009103829189189","0.960625","0.16072402112018608","0.963125","0.14821898635390768","0.9675","0.150773394523776","0.9628125","0.1619335320949358","0.9590625","0.17027040986505654","0.9621875","0.17746872341105074","0.9603125","0.1798861908571962","0.951875","0.21099547265919685","0.96375","0.1560291366337651","0.9534375","0.19764035254582268","0.953125","0.19610741433227305","0.9603125","0.16359045442946807","0.964375","0.1437219536978955","0.9621875","0.2010270142207446","0.959375","0.18062965234315925","0.9628125","0.1450786696829209","0.9571875","0.16112406843358257","0.9546875","0.2113039928555736","0.96","0.20735064786695148","0.955625","0.20250205474354516","0.960625","0.17639762633636566","0.96375","0.14874513623806251","0.964375","0.15762530006475572","0.9575","0.19007093150923368","0.9546875","0.19213481747928937","0.9621875","0.1625501075588818","0.9540625","0.19406841312091275","0.96125","0.17488124912363673","0.9571875","0.17614297713319957","0.964375","0.16384682015168892","0.9584375","0.16686600528690632","0.9609375","0.17663220234011534","0.9603125","0.19327810171557305","0.9584375","0.18763990016034768","0.9628125","0.15424861338502524","0.954375","0.18622329021408404","0.9646875","0.15943829862609904","0.955625","0.19451420016674092","0.964375","0.16437065048716248","0.954375","0.19531579590760884","0.959375","0.16750025644781089","0.96375","0.1604717799884247","0.9578125","0.1991294549943632","0.961875","0.15703312503524103","0.960625","0.18111208244423324","0.969375","0.12404686391839732","0.9534375","0.20194848200122575"
"cmos_bmru_s3_r2_d32_nnone_edecaying_mlprelu_drop0.1_lr0.001_wd0.0001_real_audio_binary","[""cmos_bmru""]","real_audio_binary","2","32","decaying","","cmos_bmru_r2_d32_normnone_real_audio_binary_edecaying_mlprelu_drop0.1_lr0.001_wd0.0001","32","cmos_bmru","3","finished","1","0.9809375","0.13834090446787656","0.966875","0.25380798044442476","0.9753125","0.16829832111257623","0.9778125","0.1947587700052213","0.9759375","0.1807042758974706","0.976875","0.1880552773978896","0.979375","0.16806503432898923","0.9790625","0.178092963708271","0.9753125","0.19162705232416813","0.975","0.1853318803929611","0.9734375","0.2164569899668219","0.9765625","0.193377381740796","0.975625","0.17045924091223277","0.974375","0.2199133233268487","0.9815625","0.1415458021302477","0.9775","0.19094169308514725","0.97875","0.17518722896630592","0.979375","0.1852511416303164","0.98","0.1569555213768339","0.9790625","0.14283729691421945","0.9746875","0.16650603605196398","0.97375","0.16846939353111076","0.9784375","0.18165135086106315","0.9775","0.14857186460839403","0.9796875","0.14144799389498075","0.9809375","0.12293164354749106","0.9728125","0.22630474584389973","0.974375","0.17793797009671722","0.9775","0.1736780834580047","0.981875","0.1094598231817411","0.974375","0.19649321004692116","0.975","0.16279718425785486","0.9784375","0.14482068700798834","0.9759375","0.17968695612355454","0.98","0.13953215914125738","0.975625","0.18989328607286465","0.9778125","0.12853988242103195","0.9721875","0.18300179926374477","0.9771875","0.16292924819395274","0.9765625","0.17507703460550458","0.979375","0.14903326892451682","0.9796875","0.167277919346983","0.9765625","0.16351175358716155","0.9771875","0.16633757539817315","0.978125","0.11958341991695036","0.9753125","0.19158663330115697","0.9796875","0.12308762283151428","0.976875","0.1959646916535484","0.9784375","0.15144577585100663","0.9790625","0.16550033579699427","0.97875","0.12559366668771285","0.9771875","0.17834583258122583","0.9759375","0.17920956919227138","0.975625","0.19045470592106753","0.97625","0.16743934178551775","0.98","0.155381258888091","0.9784375","0.1383962642142724","0.976875","0.15740500184048486","0.9771875","0.17030601311312815","0.979375","0.1350915382900524","0.97875","0.1523362218952803","0.974375","0.1649249571657111","0.9765625","0.21840614787241097","0.9759375","0.1900609382472848","0.97875","0.16910708793563972","0.980625","0.14048115992155702","0.9765625","0.1574025918046027","0.983125","0.1443995199056647","0.9790625","0.15326832182372196","0.9775","0.16579681743322713","0.976875","0.20170091893974232","0.9734375","0.15626588438762987","0.97625","0.21118875612853016","0.9775","0.16011347658544323","0.9778125","0.1747049639154561","0.980625","0.12718509590585844","0.975","0.18503267097412668","0.979375","0.12225153587819748","0.97625","0.1436923525884123","0.9778125","0.16390275393272688","0.9740625","0.18865860435969264","0.9775","0.15579628552892255","0.9784375","0.18216519421279093","0.9784375","0.15020046095280898","0.97625","0.16648187181705892","0.9715625","0.1956110038707727","0.9775","0.1539865138282593","0.976875","0.17430762486459536","0.98","0.1437700443017137","0.978125","0.1649508787175165","0.971875","0.20319601875698112","0.9765625","0.1634833507978017","0.98","0.13883407816636373","0.9759375","0.19385574248667983","0.9753125","0.18410507409614393","0.9765625","0.17534471597634735","0.9796875","0.13637831028416933","0.9734375","0.21445221716642288","0.9746875","0.15824312954805408","0.974375","0.18655863879331747"
"cmos_bmru_s3_r2_d16_nnone_edecaying_mlprelu_drop0.1_lr0.001_wd0.0001_real_audio_binary","[""cmos_bmru""]","real_audio_binary","2","16","decaying","","cmos_bmru_r2_d16_normnone_real_audio_binary_edecaying_mlprelu_drop0.1_lr0.001_wd0.0001","16","cmos_bmru","3","finished","1","0.9775","0.13216572407518015","0.98625","0.11005928597601825","0.9821875","0.1143359180264656","0.97875","0.13920503408452045","0.9778125","0.14241467688094475","0.98","0.12525846589776557","0.98125","0.1648019039000718","0.981875","0.12042665639944627","0.978125","0.14609546906497595","0.9809375","0.13719205516184843","0.9765625","0.16634188370597883","0.978125","0.1587934929146105","0.98375","0.12321281372778856","0.9759375","0.13281931547706563","0.97875","0.13122231592926195","0.9790625","0.1513090517264834","0.984375","0.0959197205705145","0.9765625","0.160226943409651","0.98125","0.1240648217252047","0.9803125","0.1121178407638274","0.980625","0.12906695653353722","0.9803125","0.1103653452928296","0.978125","0.1502531907485837","0.9784375","0.16345020594457638","0.9784375","0.14803824806419896","0.9784375","0.17101057333128067","0.985","0.1059727362520352","0.9775","0.13958885188708678","0.9809375","0.13231161750856926","0.9821875","0.10913658776948978","0.9784375","0.1418185681621185","0.9825","0.13058286700160124","0.9765625","0.17202180954634513","0.9784375","0.16115063499436644","0.979375","0.15945640126512153","0.976875","0.15755380118369544","0.978125","0.13135910148585553","0.9809375","0.11248473275078666","0.9803125","0.13577174553847157","0.9778125","0.14217893172210552","0.980625","0.11915489781546967","0.97875","0.13491674170241907","0.9803125","0.12962220771397312","0.9821875","0.13415766722194036","0.9825","0.12151614210226457","0.98125","0.12074300506811853","0.9753125","0.1815719376899508","0.97875","0.12595591214265908","0.9809375","0.1155142160155566","0.9834375","0.11071408418055598","0.9825","0.11178113444045464","0.983125","0.1087968432436963","0.9790625","0.1401096346368965","0.980625","0.1252954598195498","0.9809375","0.11586099509927215","0.981875","0.10870640931781653","0.980625","0.12008250043623547","0.9775","0.14996598569718694","0.98125","0.12993244922796976","0.9753125","0.1705197369613853","0.9846875","0.10130996101676572","0.9753125","0.1535045750134114","0.9796875","0.12862564697542844","0.9778125","0.14514769364521043","0.98","0.1194558703833411","0.9778125","0.11689551426596154","0.981875","0.1190792735955469","0.9790625","0.13312645256913072","0.978125","0.16907107993455675","0.9809375","0.13640148104243338","0.98125","0.11002272914687722","0.9825","0.1251019100392898","0.979375","0.1371684515567695","0.9803125","0.13704274737220032","0.9809375","0.13095521058861764","0.98","0.14674372842436753","0.9734375","0.1685981262633041","0.9753125","0.1517641020000258","0.9809375","0.12365481232418687","0.9784375","0.15561280784687512","0.9821875","0.1237260333344875","0.9771875","0.12925814477452402","0.9790625","0.14280953190053097","0.976875","0.13442319357497104","0.9771875","0.16784120900861466","0.9784375","0.1355068216961274","0.979375","0.14647058890756398","0.98","0.13499441386842492","0.979375","0.12257017767934542","0.979375","0.14568604052406842","0.9853125","0.08570920553994299","0.983125","0.11067677673059648","0.9759375","0.2139158299280632","0.9825","0.11088855602439111","0.979375","0.1578082947906762","0.9778125","0.12771452165881755","0.9759375","0.17007853283708754","0.983125","0.1221897500668365","0.9803125","0.13241801453080654","0.9775","0.1582898278852564"
"cmos_bmru_s5_r2_d256_nnone_edecaying_mlprelu_drop0.1_lr0.001_wd0.0001_real_audio_binary","[""cmos_bmru""]","real_audio_binary","2","256","decaying","","cmos_bmru_r2_d256_normnone_real_audio_binary_edecaying_mlprelu_drop0.1_lr0.001_wd0.0001","256","cmos_bmru","5","finished","1","0.9771875","0.17321609168057583","0.981875","0.1254030687171531","0.9784375","0.19645473440757785","0.974375","0.2165894149684672","0.9746875","0.21393689686533263","0.9784375","0.19062632307425825","0.9796875","0.12607866210475815","0.9775","0.19941824057182017","0.9778125","0.13754081750059036","0.97125","0.20190583264326625","0.9790625","0.1348771602141153","0.979375","0.15845266318829793","0.980625","0.1621524787826648","0.978125","0.16539197534487443","0.9809375","0.1538155668510552","0.978125","0.15814960913068354","0.9778125","0.18136307896632783","0.9784375","0.1889332446838069","0.9753125","0.16696014988929136","0.976875","0.1889838462912652","0.9803125","0.16711991988422534","0.9771875","0.1586428758916317","0.9778125","0.1917781382164969","0.9821875","0.17155391993645933","0.981875","0.14245810606718037","0.9790625","0.17948596929488234","0.976875","0.1955136102877647","0.9778125","0.17754205283962127","0.9775","0.1832507926354567","0.9709375","0.2146007394832295","0.9803125","0.15939312836834332","0.97625","0.1707160854871794","0.978125","0.17063245868796578","0.9796875","0.1710887846061067","0.9765625","0.1825841306251147","0.9728125","0.24972833825547208","0.9734375","0.19261239269322897","0.97625","0.19537878956037905","0.9771875","0.1934688060239666","0.9765625","0.16705764213086208","0.9771875","0.18990652540238667","0.9746875","0.2403262922893864","0.9746875","0.19890162239544648","0.9803125","0.14736407869125212","0.978125","0.1628511335060958","0.97125","0.2040533863161395","0.9740625","0.21599728909622443","0.974375","0.20999615611450015","0.978125","0.1709258324174657","0.98","0.16933920344890194","0.98","0.14117415858288165","0.9753125","0.20710508036438363","0.9734375","0.18745130221462417","0.9796875","0.16420855265896914","0.97625","0.21494861106139815","0.974375","0.2344352569635063","0.981875","0.14359516052697308","0.9790625","0.19410909464810353","0.9834375","0.12820477357302162","0.9765625","0.1963250531601187","0.976875","0.16758218999440552","0.9753125","0.20753951657718628","0.974375","0.21873751187752713","0.9815625","0.15478607800574742","0.9790625","0.17424498904074345","0.9790625","0.14960441627089946","0.9790625","0.1755504016884194","0.9734375","0.1796822857637629","0.9759375","0.18483859548380033","0.9778125","0.17070657480317372","0.973125","0.17586093119694493","0.9765625","0.15604981985490504","0.9825","0.16600543805847387","0.9778125","0.18639806972889353","0.97625","0.17599135689020912","0.9784375","0.14945855959066853","0.9784375","0.173253427950396","0.9759375","0.20895446519626065","0.971875","0.21990296588096392","0.9775","0.18472408260017248","0.976875","0.16372684061285012","0.9796875","0.15104857843056035","0.9753125","0.20111364132930587","0.980625","0.14555877818466836","0.975","0.200216848663231","0.9765625","0.17851311559772043","0.9771875","0.16713675860101318","0.9740625","0.1953281791603935","0.9725","0.21809313285533816","0.9803125","0.16066719209547017","0.979375","0.15848851108518397","0.9803125","0.2107952309791184","0.9775","0.17229023345359834","0.9740625","0.22740334061137996","0.97625","0.22027113983623248","0.97625","0.16762998836986917","0.9778125","0.17185888715290246","0.9746875","0.1982317274675512","0.9784375","0.16716294417168556","0.97875","0.15343335646258752"
"cmos_bmru_s2_r2_d16_nnone_edecaying_mlprelu_drop0.1_lr0.001_wd0.0001_real_audio_binary","[""cmos_bmru""]","real_audio_binary","2","16","decaying","","cmos_bmru_r2_d16_normnone_real_audio_binary_edecaying_mlprelu_drop0.1_lr0.001_wd0.0001","16","cmos_bmru","2","finished","1","0.9825","0.055233165573248894","0.983125","0.05160560893191302","0.9865625","0.044245207978954114","0.983125","0.058903238507718926","0.9834375","0.058996841099919095","0.9859375","0.05143262870484591","0.9825","0.05876835306499515","0.985","0.04744068932480786","0.98375","0.05024748541776376","0.98125","0.059772132023381344","0.98375","0.057271925986801975","0.98875","0.04678294337312081","0.9840625","0.054332182233247296","0.9834375","0.0512011258066741","0.985625","0.0494916569403108","0.985","0.04513205158044911","0.988125","0.046841874824758635","0.9865625","0.04010474945383976","0.98375","0.04823657642056787","0.9821875","0.06454981043479449","0.9859375","0.04002413499061731","0.9846875","0.03848634964593771","0.989375","0.033653239602342636","0.9809375","0.06309818356131473","0.985","0.04463981838713721","0.9846875","0.05004392389070461","0.985","0.04770904413810968","0.98375","0.040745990616426295","0.9803125","0.06391002997344458","0.9846875","0.055483515852909025","0.9834375","0.06418042083029811","0.985625","0.04122230390000141","0.981875","0.05528197978915159","0.9875","0.04125146116691667","0.9821875","0.05719680964481995","0.98375","0.05319952054966393","0.980625","0.06138312936135662","0.98375","0.04926021266568796","0.9853125","0.05044042637595908","0.9871875","0.05427233712855013","0.985","0.05393599379935267","0.98125","0.052999753758628","0.9840625","0.052077187154191906","0.9846875","0.04895869999197345","0.9875","0.04574418881490601","0.9828125","0.04906678813775898","0.986875","0.03942323929004729","0.9875","0.04484589323947148","0.9846875","0.05804346474540978","0.98625","0.04812920060211127","0.9853125","0.035990071510577766","0.986875","0.03985490563813301","0.9859375","0.04273603942408158","0.9859375","0.04836637304708347","0.9865625","0.04244098084831876","0.98375","0.04736268025577374","0.980625","0.061726080886455745","0.9865625","0.0503862866644522","0.983125","0.06169746225292101","0.97875","0.05766454313423907","0.9865625","0.04231775960584855","0.984375","0.05332999847175643","0.9903125","0.0378673332812059","0.9834375","0.058620292678672074","0.9859375","0.038491552811659065","0.9821875","0.0555106757548441","0.985","0.05097877065462853","0.98625","0.05159296272193444","0.986875","0.038175658457737426","0.9853125","0.05540588460661183","0.983125","0.058682912802778445","0.9828125","0.05915702301594863","0.9815625","0.07107531535454158","0.9846875","0.06104081617180327","0.984375","0.051574628672296965","0.9878125","0.043347902512018664","0.9809375","0.053717334052953446","0.984375","0.052050688401465095","0.9875","0.05319741438601113","0.9871875","0.0462123452883418","0.9821875","0.06727009876210673","0.9821875","0.06005539469202262","0.985625","0.04711251127632636","0.9865625","0.04953442049579053","0.9834375","0.05075877040023272","0.9846875","0.04946688764790451","0.985625","0.048764981366002755","0.9803125","0.055793152581461315","0.985625","0.048719662652592886","0.98625","0.04831614941897669","0.9821875","0.05812708538717402","0.9853125","0.04935040723480256","0.9828125","0.0589986975017581","0.9865625","0.054243957862672686","0.9796875","0.06245786807257918","0.984375","0.05357560722841072","0.98125","0.06231741652794881","0.9840625","0.05024526813416713","0.9840625","0.05273968889623703","0.981875","0.06141609083231856"
"cmos_bmru_s1_r2_d4_nnone_edecaying_mlprelu_drop0.1_lr0.001_wd0.0001_real_audio_binary","[""cmos_bmru""]","real_audio_binary","2","4","decaying","","cmos_bmru_r2_d4_normnone_real_audio_binary_edecaying_mlprelu_drop0.1_lr0.001_wd0.0001","4","cmos_bmru","1","finished","0.75","0.9546875","0.1626517919395701","0.9534375","0.17199663103790955","0.9515625","0.18702272724825889","0.9484375","0.19987733466085048","0.95625","0.1602210310322698","0.94625","0.1863848357636016","0.950625","0.19412594291265123","0.9525","0.16475510695832782","0.948125","0.19092726307339036","0.949375","0.19334974834811872","0.9490625","0.1810561403329484","0.951875","0.17261886096326634","0.9565625","0.16750581475993387","0.954375","0.1887532656895928","0.9403125","0.20902382856467736","0.95125","0.19305141124408692","0.948125","0.1937951239827089","0.95125","0.16974201795877888","0.95125","0.17408782495884226","0.9540625","0.16008701056431163","0.95","0.19640978218987584","0.9540625","0.18224620282649995","0.9471875","0.18906519399432","0.955","0.158447685035062","0.945","0.20664238080265931","0.9478125","0.1954558043880388","0.9509375","0.1716256517544389","0.9534375","0.1797939086589031","0.9478125","0.18774082231335343","0.958125","0.1586188370827585","0.9503125","0.1670601959427586","0.94625","0.1922142443648772","0.94375","0.21328533282736317","0.954375","0.17293782670749352","0.9484375","0.2040034291264601","0.955","0.17570038917241618","0.94875","0.18103322851238773","0.94625","0.1927982418029569","0.95125","0.1736029390589101","0.94875","0.1858825360253104","0.95375","0.17257251326111145","0.9578125","0.14974029998993502","0.9459375","0.20316742167109625","0.951875","0.17241748678381555","0.950625","0.17897761926491512","0.944375","0.20760742981219665","0.951875","0.1753027011314407","0.9475","0.19535291282983963","0.954375","0.1526792730204761","0.946875","0.20528491986449807","0.94","0.21393369250232352","0.950625","0.19282409326755445","0.946875","0.20154785961320157","0.9471875","0.1928859772917349","0.9484375","0.1862535986944567","0.9471875","0.20289106220647227","0.9484375","0.1889170077693416","0.9521875","0.17809552456543315","0.95375","0.16618537548929452","0.9559375","0.16065345020615496","0.9428125","0.20464981035096572","0.9571875","0.16803066710017447","0.9553125","0.1598627765814308","0.9434375","0.19938760280492715","0.94875","0.18655837232421615","0.9496875","0.17821609336009714","0.954375","0.1652419364778325","0.95","0.1828661719453521","0.951875","0.18149832484836223","0.9546875","0.16793332518369425","0.9440625","0.21582032804086335","0.946875","0.18714259552769363","0.94375","0.19062820391263813","0.9490625","0.18021694880037104","0.950625","0.19528884512401415","0.949375","0.20600232688360848","0.9415625","0.22188234524219297","0.95","0.18549380175303667","0.9490625","0.19721511062583885","0.9484375","0.19468368920381185","0.94125","0.21808970777841752","0.9484375","0.19893375924788417","0.9484375","0.20126111310441047","0.946875","0.1959915121778613","0.9490625","0.185195712854038","0.9478125","0.1926645113779523","0.955","0.17124577173264696","0.9490625","0.1905731696204748","0.9471875","0.2031419705238659","0.9428125","0.20266621791757644","0.953125","0.1643114473449532","0.943125","0.20149384630378336","0.9559375","0.1697245382273104","0.951875","0.19021566024632192","0.9490625","0.17433861623634583","0.9515625","0.1764704900846118","0.9496875","0.1892640737327747","0.944375","0.20000327570247464","0.9475","0.19517310194205492","0.9553125","0.17847435540985315"
"cmos_bmru_s4_r2_d64_nnone_edecaying_mlprelu_drop0.1_lr0.001_wd0.0001_real_audio_binary","[""cmos_bmru""]","real_audio_binary","2","64","decaying","","cmos_bmru_r2_d64_normnone_real_audio_binary_edecaying_mlprelu_drop0.1_lr0.001_wd0.0001","64","cmos_bmru","4","finished","1","0.975625","0.26137913067136403","0.981875","0.20188299414701136","0.974375","0.25292859905354304","0.9746875","0.26428774739382666","0.97875","0.2281530736377921","0.976875","0.26533607553616567","0.9734375","0.2561278741204382","0.9734375","0.2685118254168319","0.9775","0.26463437103197107","0.971875","0.3156233204113971","0.9759375","0.24137769480409088","0.970625","0.3096337327481875","0.979375","0.1968110708733865","0.9778125","0.2606969936101955","0.9771875","0.21982328195096293","0.975625","0.2480427490675668","0.975","0.26691385309909327","0.9728125","0.3017028775442239","0.971875","0.3131993445121142","0.971875","0.3041292178062712","0.9765625","0.2648376445436898","0.9709375","0.31665291517352473","0.9771875","0.23870548831900357","0.9740625","0.2776573061961934","0.98","0.20636484968369015","0.9775","0.2624481375289942","0.971875","0.29737546506548895","0.976875","0.2514121089275044","0.973125","0.30347805362626284","0.97875","0.2155120752745867","0.975","0.2620375418732193","0.9775","0.2920444605195543","0.9765625","0.23873080594547808","0.9796875","0.2118616248686132","0.975625","0.27050771324046147","0.9715625","0.28269667964889506","0.976875","0.23574261044902","0.974375","0.2822954868864715","0.97375","0.2845090742552225","0.970625","0.33832745312016854","0.974375","0.2865339647577271","0.9784375","0.24619991891390336","0.970625","0.31578291423023974","0.9803125","0.2001133099697434","0.9821875","0.19720360068612336","0.97625","0.24215805888761527","0.980625","0.19865131281124349","0.9753125","0.2657531557672559","0.9753125","0.25167398418535036","0.969375","0.3289835244293087","0.97625","0.28136959855418053","0.9778125","0.24320076541651217","0.9796875","0.2059731356263623","0.9809375","0.220109941263158","0.9775","0.265989892508512","0.9728125","0.2501233646941208","0.9775","0.2393134548034183","0.979375","0.2145505312473081","0.975625","0.2636084772359722","0.9790625","0.22995015555915835","0.9753125","0.2865724697854988","0.979375","0.2076679252467903","0.975625","0.268787829969392","0.97625","0.25423881614005234","0.9771875","0.22551069336775303","0.9759375","0.2564568779299534","0.975625","0.2664516429964346","0.9746875","0.26812398997460263","0.9759375","0.2320737272994669","0.9759375","0.22353769375216753","0.9746875","0.3035158906215017","0.9740625","0.271636867075688","0.976875","0.2509725372554167","0.9746875","0.28998945264326","0.9771875","0.2029939137135628","0.98125","0.1763118025716517","0.9753125","0.27460805487243584","0.9765625","0.2296101797097523","0.9796875","0.19593135946458223","0.9775","0.2570221981878326","0.97875","0.22855167002217427","0.9771875","0.2535673645874084","0.97875","0.226185665601679","0.9734375","0.2678777081920149","0.975","0.28584153811690804","0.9765625","0.2744160325357054","0.97625","0.22320158873044668","0.9778125","0.23485273813733287","0.974375","0.2931850884158171","0.9734375","0.29912914634092613","0.9784375","0.21645994512017228","0.978125","0.24543980897453072","0.97625","0.2228386316246835","0.9728125","0.29293663978256296","0.9784375","0.2406636401802233","0.9746875","0.30414903453268816","0.976875","0.26019587231226815","0.97625","0.2506319720294391","0.9721875","0.2950517205674032","0.975625","0.24546141937133897"
"cmos_bmru_s4_r2_d128_nnone_edecaying_mlprelu_drop0.1_lr0.001_wd0.0001_real_audio_binary","[""cmos_bmru""]","real_audio_binary","2","128","decaying","","cmos_bmru_r2_d128_normnone_real_audio_binary_edecaying_mlprelu_drop0.1_lr0.001_wd0.0001","128","cmos_bmru","4","finished","1","0.97625","0.2028818135737873","0.9740625","0.19071412810296232","0.97125","0.22897339216444085","0.974375","0.17243148856537296","0.9709375","0.22275589671690577","0.974375","0.2017295714239343","0.9759375","0.2097628340737721","0.9778125","0.18378586733745703","0.97625","0.18417537446932575","0.975","0.2131823323028555","0.9753125","0.19742371143339085","0.9728125","0.23984840930486911","0.971875","0.18209822495134545","0.970625","0.2710795521845546","0.9715625","0.2010042470274672","0.9671875","0.27163158205645715","0.9759375","0.1930489898436636","0.978125","0.1739881719223174","0.9734375","0.2392557243149105","0.974375","0.1958359320435172","0.9784375","0.17263489194165557","0.9746875","0.19110304667800107","0.974375","0.2278962546454916","0.980625","0.1800399222776305","0.975625","0.1969970119096483","0.9775","0.2034646111662836","0.9740625","0.2135903532786557","0.97375","0.219460897737104","0.975","0.1893324816940182","0.97625","0.17426028819150624","0.975625","0.16896663137022572","0.97375","0.2037885410295992","0.9778125","0.1976054416747543","0.976875","0.16938647737836143","0.9721875","0.21462134934378171","0.9759375","0.1856068390740667","0.97625","0.192259720277563","0.9740625","0.18785979217283696","0.9709375","0.21015319589038817","0.9765625","0.1793556045985865","0.9759375","0.1650835904972485","0.9784375","0.16049652533913986","0.9746875","0.18007362513917968","0.9790625","0.17510434030207225","0.9703125","0.2632794293245839","0.97875","0.15619006706153396","0.9784375","0.1860130832638339","0.9715625","0.20563764921784627","0.9809375","0.1551534630766801","0.9778125","0.17442810448759283","0.97375","0.19497778161425608","0.975625","0.18675504798343323","0.97625","0.17307976024935712","0.9728125","0.20562130056586675","0.97375","0.18635379697781587","0.9771875","0.19181415867967913","0.9790625","0.20423660648977712","0.9790625","0.16794637448208732","0.9775","0.1743186355701059","0.97375","0.22900965220739777","0.978125","0.18095240955810424","","","0.979375","0.20588832517777889","0.9765625","0.2119098324861737","0.9734375","0.1644981213249733","0.9709375","0.22328077528655663","0.980625","0.1670434079899352","0.9715625","0.19522528549128737","0.9778125","0.16981403547424434","0.9771875","0.1781594131842421","0.975625","0.1798184644807847","0.96875","0.24821362891889948","0.97625","0.2188092216956764","0.9703125","0.20946073850472216","0.973125","0.21779156068205144","0.9740625","0.20540095562052296","0.975625","0.2056857424079327","0.97375","0.1671678635959381","0.974375","0.1672393317143657","0.97","0.2589068571012673","0.97375","0.20834273827993408","0.97625","0.18079976793336797","0.9740625","0.19149687860602976","0.975625","0.1877272632022301","0.9746875","0.1842467192455126","0.97625","0.19693161506858275","0.9784375","0.16726454895934847","0.9759375","0.21758952487232083","0.9709375","0.21263027123374387","0.973125","0.2341202682238167","0.973125","0.20007824726462645","0.97","0.20740733106048195","0.9740625","0.2542660772985984","0.969375","0.2402114869101553","0.9715625","0.2146727720457842","0.974375","0.19113703131984963","0.974375","0.1900773453897626","0.97375","0.23736187784384064","0.9753125","0.23162342177638165","0.975","0.2102343379420564"
"cmos_bmru_s1_r2_d512_nnone_edecaying_mlprelu_drop0.1_lr0.001_wd0.0001_real_audio_binary","[""cmos_bmru""]","real_audio_binary","2","512","decaying","","cmos_bmru_r2_d512_normnone_real_audio_binary_edecaying_mlprelu_drop0.1_lr0.001_wd0.0001","512","cmos_bmru","1","finished","1","0.9728125","0.09517767771782928","0.974375","0.07892450975407883","0.9728125","0.09025629855817896","0.9715625","0.0981449795602026","0.9646875","0.11193750895665289","0.9715625","0.10243442977261794","0.9696875","0.09145335492410964","0.9678125","0.09959437328014474","0.969375","0.10393593203522868","0.9721875","0.09471949718566976","0.9725","0.09031575291598984","0.9684375","0.1213083641465994","0.9646875","0.10963480561698134","0.96625","0.10752130323190612","0.9725","0.09688729668632733","0.9790625","0.07145344284536805","0.9684375","0.1141852320881412","0.9678125","0.1096190490312074","0.9746875","0.08440066958328771","0.97","0.09678371882293275","0.978125","0.0822834856324414","0.9696875","0.0902884707265389","0.96875","0.09108089424605624","0.971875","0.08988035680777216","0.9728125","0.09109231573193027","0.974375","0.07900025491435372","0.9740625","0.08082899610369623","0.9740625","0.08980308939139377","0.969375","0.10250755934153004","0.9734375","0.07794743460702193","0.9696875","0.11032686385645887","0.9678125","0.09918925431644596","0.9675","0.10016286153429974","0.9690625","0.10319353612002488","0.971875","0.08975269882681004","0.9709375","0.0862673909530895","0.9684375","0.0925274151474582","0.9721875","0.08451683476220126","0.97125","0.09020022882502415","0.97","0.08782413340837593","0.97","0.09971994229389453","0.975625","0.08321985609608305","0.971875","0.08860231695991388","0.9746875","0.07785689846929472","0.97625","0.07818565044371098","0.968125","0.090120989068364","0.9684375","0.0931990077375633","0.9734375","0.08482835186425292","0.9690625","0.10192675248006708","0.9740625","0.07839876507493955","0.9746875","0.0662419507665237","0.9734375","0.07597716221142604","0.9734375","0.08728439333259075","0.9696875","0.10001992210150548","0.970625","0.1008054605731013","0.9728125","0.09654656772026612","0.971875","0.08521654601029695","0.973125","0.09568965240252282","0.975","0.08015556058221933","0.96875","0.10043927065735034","0.97","0.10865950765889464","0.968125","0.10385079649246108","0.9690625","0.0971782544616599","0.9734375","0.0958760607739896","0.9725","0.10018471682137224","0.970625","0.0920040709755858","0.97125","0.09532173406801348","0.965","0.11603675611927884","0.9721875","0.0921994815887865","0.969375","0.0973774466957366","0.97125","0.0901989156444506","0.9775","0.07543196368143924","0.9734375","0.09068999521005935","0.96875","0.10746664967517972","0.971875","0.10366036022401004","0.96375","0.09757011704288744","0.970625","0.10412707237044629","0.9778125","0.07636046944985964","0.979375","0.070546679412858","0.9703125","0.09541252952201376","0.973125","0.08335144195358453","0.9778125","0.06053383309412766","0.968125","0.0941568179611204","0.973125","0.09103903317914956","0.9665625","0.10906795612650058","0.9728125","0.080159226851747","0.9725","0.08578490723894219","0.9678125","0.09525770404377908","0.975625","0.0732519257751369","0.9696875","0.08677871984216835","0.973125","0.09368084236125696","0.9675","0.10643056985415114","0.9765625","0.06938186615920686","0.966875","0.11074130174933088","0.9678125","0.09651415408803586","0.9728125","0.0876403616344237","0.97875","0.07162390700966853","0.968125","0.1089732001120916","0.9709375","0.09585828576843142","0.9696875","0.10657995100662448"
"cmos_bmru_s2_r2_d32_nnone_edecaying_mlprelu_drop0.1_lr0.001_wd0.0001_real_audio_binary","[""cmos_bmru""]","real_audio_binary","2","32","decaying","","cmos_bmru_r2_d32_normnone_real_audio_binary_edecaying_mlprelu_drop0.1_lr0.001_wd0.0001","32","cmos_bmru","2","finished","1","0.9803125","0.0945403427625425","0.98","0.11431025103291063","0.979375","0.1263488177833927","0.9765625","0.12390553345218352","0.9790625","0.10179601161337912","0.9809375","0.10397863152369892","0.9765625","0.09524136299717562","0.9796875","0.10908633221045042","0.9828125","0.087278383446941","0.9821875","0.09690655539470656","0.9803125","0.1021197908321032","0.9825","0.08986191211970564","0.9784375","0.10356951702245872","0.981875","0.0824329115353001","0.9796875","0.09084566345942492","0.98","0.11821160567182024","0.97625","0.1073912875668975","0.9828125","0.0771556106186316","0.974375","0.1440144929596957","0.979375","0.11533320084989812","0.981875","0.0931372510466522","0.979375","0.09576346621099284","0.9834375","0.08107901234117793","0.980625","0.09562850330993826","0.978125","0.120418223122735","0.97625","0.11507763510445668","0.98125","0.1013104384263403","0.980625","0.09973492617306348","0.98","0.1020508578163422","0.9828125","0.09784328408462832","0.9803125","0.09286481533765777","0.9790625","0.12039602512318588","0.978125","0.11558319314863094","0.976875","0.13790528348781536","0.97875","0.11453869327986446","0.9846875","0.08494789442174025","0.979375","0.11485590564115876","0.979375","0.09951563155961604","0.97375","0.122219466320747","0.978125","0.11071887837422918","0.979375","0.10649726481623918","0.979375","0.11695668108935314","0.9803125","0.1071301115901468","0.9753125","0.12004909198448233","0.9828125","0.08334231666648514","0.9784375","0.1279677382174103","0.9821875","0.094120294227606","0.98375","0.09101171320728307","0.9784375","0.11626612575723969","0.9771875","0.1013351795800919","0.9784375","0.1072226373501838","0.9815625","0.10039582550484225","0.9809375","0.12939503489055657","0.9803125","0.11215111372096846","0.9815625","0.08270550520611178","0.9809375","0.1203131682288265","0.9803125","0.1075366856086102","0.9790625","0.11056731205783636","0.9765625","0.11437534660014131","0.98","0.11013243556475488","0.9809375","0.09506496306727844","0.9775","0.12316027424596954","0.9771875","0.130461782858682","0.983125","0.09064064884398576","0.9784375","0.1088837753630342","0.9765625","0.10300762877330646","0.9834375","0.08312088646130819","0.978125","0.11981675082736816","0.9734375","0.1442349179208443","0.9775","0.10328820803696924","0.9775","0.1117356141829656","0.9809375","0.12605274595797375","0.9815625","0.0982838085583564","0.9784375","0.137665622363276","0.9853125","0.09236411977305428","0.9790625","0.08494589383159257","0.980625","0.09549733990895472","0.9803125","0.09552276023991778","0.97625","0.124376110870356","0.9809375","0.09472029688144062","0.978125","0.11530097469862502","0.983125","0.08774746911647474","0.9821875","0.10945712002027548","0.9821875","0.0932941327837728","0.980625","0.10430823055951804","0.9825","0.08238348845857477","0.9790625","0.10190420211474456","0.9809375","0.09536829671837342","0.9809375","0.08527309857247102","0.9759375","0.13272781584298132","0.9815625","0.09694524803052086","0.9809375","0.09251828483605262","0.9765625","0.1082582974046125","0.9778125","0.10107871971712833","0.980625","0.12997093917400998","0.9821875","0.09449868949710157","0.9796875","0.1072247362477784","0.9815625","0.10494246555240017","0.981875","0.09653641228540284","0.98125","0.09362878166983044"
"cmos_bmru_s2_r2_d64_nnone_edecaying_mlprelu_drop0.1_lr0.001_wd0.0001_real_audio_binary","[""cmos_bmru""]","real_audio_binary","2","64","decaying","","cmos_bmru_r2_d64_normnone_real_audio_binary_edecaying_mlprelu_drop0.1_lr0.001_wd0.0001","64","cmos_bmru","2","finished","1","0.97625","0.2981791330092357","0.980625","0.27025692656776334","0.9825","0.20653759933136076","0.97875","0.31279867791977567","0.9775","0.3397538415644486","0.9771875","0.3153519395099551","0.9759375","0.3467702044213691","0.98125","0.3109953434972812","0.9778125","0.2663039158644","0.9803125","0.2612662392774089","0.979375","0.26661506981139405","0.9790625","0.295071669531585","0.9775","0.28809637572938684","0.9746875","0.34512024018110554","0.980625","0.29752909025137486","0.9809375","0.2651644218630156","0.9834375","0.2161620017724779","0.9753125","0.4339227742583095","0.9765625","0.2822760951039098","0.978125","0.2700761303739623","0.98","0.24901070174389084","0.984375","0.23589850868861473","0.9796875","0.23190993360457304","0.9796875","0.30367243187645004","0.9815625","0.20940088668639092","0.983125","0.19748846170177267","0.9771875","0.3032044422779115","0.9753125","0.3812094309325565","0.9803125","0.2913550551374542","0.98","0.26917980365564614","0.978125","0.3281282414753355","0.9828125","0.1828867233242779","0.9809375","0.2752481152231912","0.9765625","0.27320313120664286","0.9753125","0.324167776558116","0.9778125","0.29057166546778457","0.9825","0.18974321335913635","0.984375","0.20379098281455535","0.98375","0.2159268243955673","0.9796875","0.27559863933813306","0.9790625","0.2466163917968399","0.9759375","0.3532310458489421","0.979375","0.2771822053877959","0.978125","0.3675031254218229","0.976875","0.357552082297132","0.9796875","0.2749817643617058","0.9771875","0.3502942003433236","0.9821875","0.23993530323722356","0.9778125","0.33264163437021177","0.9771875","0.2863724704700059","0.9784375","0.3358190743906991","0.979375","0.23034348049198117","0.983125","0.2023969346758935","0.9784375","0.3170510304289045","0.976875","0.29875856645920096","0.980625","0.2657648020472989","0.9790625","0.3032024669523528","0.98125","0.2880883474041643","0.9809375","0.3109456602009743","0.981875","0.2283282329692539","0.981875","0.2900704409970051","0.98125","0.2360853182085675","0.9775","0.2836765615724479","0.976875","0.24484707729985983","0.9790625","0.25186488843576577","0.97875","0.31501003145617795","0.97625","0.28206560012111204","0.9821875","0.2001893154648066","0.978125","0.25891507252837703","0.9796875","0.28217198304424757","0.9821875","0.2463728813497584","0.9790625","0.2701459114647892","0.9790625","0.3601910031899429","0.9790625","0.30706670969076466","0.9784375","0.2709321018094704","0.9784375","0.313808843794997","0.9778125","0.3356553029506192","0.978125","0.28207281589787453","0.983125","0.21496740152364047","0.9784375","0.29508993992924715","0.974375","0.3296867883309505","0.9809375","0.3034817182311219","0.980625","0.2667165327751489","0.9790625","0.3034977368339138","0.9778125","0.34304155173740836","0.9784375","0.2902244898721982","0.9790625","0.3092273238440206","0.9790625","0.2699980931134253","0.979375","0.3112692322787016","0.9759375","0.3229824929441634","0.9778125","0.28381000987878485","0.9828125","0.28198477182540993","0.98375","0.28407466132311915","0.9765625","0.3170627905959782","0.9790625","0.2282894033022491","0.98","0.2591498867705648","0.981875","0.3010762608232689","0.97625","0.33424491447477694","0.983125","0.26901209060102","0.9784375","0.29618092684036296"
"cmos_bmru_s4_r2_d32_nnone_edecaying_mlprelu_drop0.1_lr0.001_wd0.0001_real_audio_binary","[""cmos_bmru""]","real_audio_binary","2","32","decaying","","cmos_bmru_r2_d32_normnone_real_audio_binary_edecaying_mlprelu_drop0.1_lr0.001_wd0.0001","32","cmos_bmru","4","finished","1","0.9884375","0.08975984707078133","0.988125","0.10179675719190552","0.99","0.09957910623251882","0.986875","0.12634512562053124","0.989375","0.09902488439718551","0.988125","0.10758117230024224","0.9840625","0.14666102630104658","0.9875","0.10037803507747516","0.9840625","0.15734739831513625","0.9878125","0.11627281985577508","0.98625","0.13080362047881763","0.986875","0.1368535527025113","0.98625","0.13942509408512335","0.9846875","0.14386136785501513","0.9896875","0.1080432996910271","0.985625","0.1408507420499489","0.986875","0.11384233104913472","0.986875","0.12567084829567857","0.984375","0.14386769737977737","0.985625","0.12201924072923426","0.9853125","0.1421621528329343","0.9878125","0.1180077314847634","0.9903125","0.08502176711607025","0.9884375","0.10416766924026924","0.985625","0.1269409798590654","0.9871875","0.107898948491332","0.98625","0.12740290584602673","0.98625","0.1170594309339952","0.9859375","0.14151858303182266","0.989375","0.0974046933066878","0.9878125","0.10282113265379283","0.98875","0.10976729563897208","0.9871875","0.0944167423262061","0.98875","0.08522615271646793","0.985625","0.1331711939492944","0.9859375","0.12105786098766716","0.9859375","0.12983752130411774","0.989375","0.0964397662941051","0.9878125","0.118749013025223","0.9865625","0.11554695030675326","0.9875","0.12069022467669184","0.9853125","0.1373132847705484","0.9878125","0.1063337855912812","0.9865625","0.13421541693366543","0.9871875","0.09420042155274665","0.9846875","0.13892888948482926","0.986875","0.12277362343267222","0.9859375","0.11279161573111124","0.985625","0.14651337475663417","0.9853125","0.12321911936600184","0.9884375","0.1079915532299077","0.985625","0.10468435553851078","0.9828125","0.14480277249869805","0.9859375","0.13382654932427945","0.9878125","0.08411998506779032","0.986875","0.1282046406846525","0.98375","0.1715660308459175","0.9909375","0.08067032981373762","0.9878125","0.0897616233694427","0.984375","0.1409170697223859","0.9884375","0.08167486706434585","0.9871875","0.1348969162652937","0.989375","0.104540679365191","0.98375","0.15188994073306414","0.985625","0.15600265511399633","0.99","0.09143248602237326","0.989375","0.0981786500561356","0.9871875","0.1390367974229945","0.98875","0.1004074505166376","0.989375","0.09136791357114714","0.98375","0.14049950406648684","0.986875","0.1254130963093014","0.9846875","0.12307204501277162","0.99125","0.09203608525457944","0.985625","0.12741279742546863","0.9878125","0.10767624914314344","0.985625","0.12646968713514403","0.9853125","0.1219260199917441","0.9871875","0.13568623212435246","0.9884375","0.09897800700316658","0.985625","0.11674215364500948","0.986875","0.12977635171899668","0.9871875","0.11144362022802518","0.984375","0.13157787904576446","0.9890625","0.10779211831007912","0.988125","0.1078510381203704","0.9853125","0.13748362434031747","0.98875","0.08460164556270434","0.9871875","0.12069301657708097","0.988125","0.08864265268682064","0.9859375","0.1278002906596139","0.9846875","0.11953974462691816","0.984375","0.13145697761502273","0.9884375","0.10554907724395818","0.9878125","0.11059186394308504","0.98625","0.11368017674612815","0.9896875","0.10537992203838711","0.985","0.14304262667296258","0.98625","0.08310490378075613","0.98875","0.07599047978947601"
"cmos_bmru_s2_r2_d8_nnone_edecaying_mlprelu_drop0.1_lr0.001_wd0.0001_real_audio_binary","[""cmos_bmru""]","real_audio_binary","2","8","decaying","","cmos_bmru_r2_d8_normnone_real_audio_binary_edecaying_mlprelu_drop0.1_lr0.001_wd0.0001","8","cmos_bmru","2","finished","1","0.969375","0.12562603660553578","0.975625","0.09959632760772363","0.965625","0.13620073254336604","0.963125","0.14946503429717267","0.9675","0.13373543913927277","0.968125","0.12952089673472073","0.966875","0.1474456771335099","0.9678125","0.13969510952982092","0.971875","0.1022276362165576","0.96625","0.14934546514428804","0.9690625","0.13144411298220804","0.965","0.15060988330078545","0.96375","0.14300383366062305","0.96625","0.11631654862198049","0.9678125","0.1255254567193333","0.961875","0.16531398908547543","0.9634375","0.15102701834897744","0.969375","0.12685966621604167","0.9625","0.13718179452989715","0.970625","0.1220442655091756","0.9665625","0.1353506859116169","0.9628125","0.15272336118869134","0.9684375","0.12719935071043437","0.9684375","0.13053202054346913","0.9703125","0.10205167391610302","0.9696875","0.1124492300887323","0.9684375","0.12294892202335175","0.966875","0.145489363023662","0.9696875","0.11434677123525036","0.9659375","0.13671840998846163","0.96375","0.14734928986975318","0.9634375","0.14940675719844876","0.96","0.16108613895237794","0.9671875","0.11419925013091416","0.9675","0.12180000453467071","0.96125","0.14145267571439035","0.9684375","0.12180583972629393","0.96125","0.15559808427467942","0.96125","0.168292602293659","0.9684375","0.13619537893708183","0.965","0.13280374460940947","0.963125","0.16155360683536857","0.9728125","0.1190996070453548","0.96375","0.14260068765113829","0.966875","0.13748043001007773","0.964375","0.14817488818953278","0.9634375","0.15918752019730165","0.9696875","0.12978958554464043","0.9646875","0.15805144660873338","0.966875","0.1359410898249735","0.9596875","0.14853621284753898","0.9596875","0.15299775140723795","0.9659375","0.14428363334634922","0.966875","0.12279203603062344","0.9625","0.1478665810747043","0.96875","0.13028426944743843","0.96625","0.12881362619678838","0.9646875","0.14697063143961714","0.97625","0.10178841178026232","0.971875","0.13601907665695762","0.9640625","0.14267161993766422","0.963125","0.1542553163076809","0.96875","0.12944512351416051","0.97","0.127059083673812","0.96375","0.13149306944251293","0.9653125","0.14322663087164983","0.96875","0.12318102350109256","0.9703125","0.11232905470416882","0.9590625","0.14655618232136475","0.970625","0.1301530262635788","0.9609375","0.1573305455199079","0.969375","0.1209841049512761","0.9675","0.1288042904381291","0.9715625","0.1158843967438588","0.9725","0.10175240211952769","0.969375","0.12286349310663354","0.966875","0.14068269058001534","0.9625","0.15642853516555988","0.9684375","0.1287426799656214","0.9653125","0.13461110869931872","0.964375","0.14323085004733002","0.964375","0.1483359673897212","0.9646875","0.14982135645208472","0.965625","0.13463789899338735","0.9675","0.1224649776087972","0.9675","0.14674155750784848","0.9675","0.12665748133207672","0.968125","0.13815032962713303","0.969375","0.12176739126058238","0.9615625","0.16268243827275","0.964375","0.14910149216782884","0.9675","0.14209346397699846","0.9665625","0.1403107903090131","0.9715625","0.1181287338610855","0.9696875","0.12565313939769113","0.966875","0.13111826219566866","0.965","0.1380780739331385","0.9715625","0.11613091463877936","0.9678125","0.11584737022247282","0.9628125","0.1567621407844126"
"cmos_bmru_s4_r2_d256_nnone_edecaying_mlprelu_drop0.1_lr0.001_wd0.0001_real_audio_binary","[""cmos_bmru""]","real_audio_binary","2","256","decaying","","cmos_bmru_r2_d256_normnone_real_audio_binary_edecaying_mlprelu_drop0.1_lr0.001_wd0.0001","256","cmos_bmru","4","finished","1","0.9775","0.14804285076552426","0.981875","0.1023900048195324","0.980625","0.11833955336903824","0.9809375","0.11562933013442749","0.98125","0.12019044348294436","0.9828125","0.09703553726819422","0.98","0.1276238794698375","0.9815625","0.11180085780471498","0.985625","0.09749297181821084","0.9796875","0.1238062873409296","0.9778125","0.1352618097559592","0.983125","0.1129957280988944","0.9784375","0.13944378067205437","0.9821875","0.099535791065822","0.983125","0.10034401530174591","0.981875","0.1062277062134082","0.97875","0.14546919523600488","0.9790625","0.1416439513784482","0.98125","0.12393855731504688","0.98125","0.13203449156858482","0.9809375","0.1235266051554131","0.9803125","0.11589466601938674","0.9828125","0.10229460505792302","0.9828125","0.10039285708257012","0.985625","0.0959930837255687","0.9784375","0.14283201593771422","0.9821875","0.11175766414312634","0.9834375","0.09123481217561558","0.984375","0.08833723263763651","0.9803125","0.10705601979493735","0.9815625","0.11487888231732882","0.9790625","0.16062108219390211","0.978125","0.15349397560763067","0.980625","0.11593888550732676","0.9825","0.11180775249928772","0.9828125","0.09590110024942716","0.98375","0.08535755417307275","0.9809375","0.12766312111007294","0.97875","0.12652206641540076","0.983125","0.10933230030556036","0.98","0.116211378602637","0.9821875","0.11842340373975536","0.9803125","0.12405848707858792","0.980625","0.12467416261880444","0.9775","0.11535493806523504","0.98","0.13286012755251592","0.9765625","0.15980663439162432","0.976875","0.13843964091160743","0.9825","0.10770551356461935","0.9821875","0.10275315312800772","0.9765625","0.13796598768471924","0.9828125","0.1079237448959266","0.981875","0.12307034946090964","0.979375","0.13050353687031646","0.9825","0.11007510681334524","0.9825","0.10504773866472242","0.9828125","0.1063117033729472","0.985","0.08962889810039862","0.98","0.1230644964634726","0.983125","0.10148764970070336","0.9740625","0.15328589304407417","0.9821875","0.12345422104077704","0.981875","0.08981027961991032","0.98","0.12902136661457916","0.9803125","0.12150239584343198","0.9809375","0.1186508412700914","0.981875","0.11700107412356175","0.97625","0.13877587108073952","0.978125","0.1352809452125446","0.979375","0.12666388971618325","0.9790625","0.13653094172851865","0.980625","0.11452209160581844","0.98","0.1376900201141493","0.98","0.1287762002585262","0.976875","0.14494152897270682","0.9815625","0.11277465739975824","0.978125","0.14660155144728348","0.9825","0.10348387279036377","0.98","0.11794661680245526","0.9796875","0.14210019422432482","0.9853125","0.08695743589854545","0.984375","0.096982863463593","0.9775","0.1638280889632744","0.981875","0.1109128032594998","0.9828125","0.0961032174104878","0.9834375","0.10106505920946404","0.9759375","0.14857330349233677","0.9803125","0.13587249187301892","0.9825","0.10776669646956548","0.98","0.12550218542981045","0.9809375","0.12803676279153117","0.981875","0.122958031234308","0.9853125","0.08769759141265375","0.98125","0.1305403874663888","0.9846875","0.10282206218722362","0.9790625","0.12731927295035475","0.9809375","0.13712619483665545","0.983125","0.08420710763322227","0.9815625","0.1159423013150722","0.9878125","0.09464316128205778"
"cmos_bmru_s2_r2_d4_nnone_edecaying_mlprelu_drop0.1_lr0.001_wd0.0001_real_audio_binary","[""cmos_bmru""]","real_audio_binary","2","4","decaying","","cmos_bmru_r2_d4_normnone_real_audio_binary_edecaying_mlprelu_drop0.1_lr0.001_wd0.0001","4","cmos_bmru","2","finished","1","0.9171875","0.251155469994992","0.9109375","0.29774684940464796","0.9046875","0.29828485039062796","0.9115625","0.29650235298555344","0.919375","0.2640829012729228","0.92125","0.2564751468785107","0.9084375","0.3023469540849328","0.91625","0.27639993673190477","0.9228125","0.2630124226119369","0.916875","0.2732768980227411","0.9084375","0.3025197539757937","0.92125","0.25606511254794895","0.914375","0.26741964276880026","0.91","0.28096860848367217","0.9103125","0.2834091597050428","0.9109375","0.28965377510525286","0.915625","0.28397004812024534","0.9165625","0.257446689074859","0.9078125","0.2942927633877844","0.913125","0.28139239882119","0.9225","0.2400747328158468","0.908125","0.3027708443813026","0.915625","0.28875074950512497","0.910625","0.2786056284978986","0.9228125","0.2442976664751768","0.9115625","0.28595644034445283","0.923125","0.2607480406202376","0.913125","0.28895810710266234","0.9190625","0.2559334845840931","0.910625","0.28283324813237415","0.9040625","0.32590845040977","0.9096875","0.2843609005399048","0.92","0.25730029354803263","0.918125","0.2771598921250552","0.9159375","0.257952839769423","0.910625","0.29968071240000427","0.9225","0.2680363298626617","0.9121875","0.2988879784848541","0.9096875","0.305842269170098","0.915625","0.2802663013525307","0.9103125","0.29374967800453305","0.9175","0.28085919450735675","0.9215625","0.2546428929269314","0.9178125","0.2648168156668544","0.911875","0.27864790422841906","0.9203125","0.2648484880104661","0.9140625","0.2744641423248686","0.918125","0.2585804193187505","0.909375","0.29735120860859754","0.921875","0.2499878595303744","0.915625","0.27181946675293145","0.9109375","0.30907836943864825","0.9240625","0.26854974498972295","0.9221875","0.26654378554783764","0.914375","0.27785538153722883","0.9225","0.2517971826577559","0.9134375","0.2896320821414702","0.9053125","0.3117306233989075","0.9159375","0.272267051867675","0.9078125","0.30592056452296673","0.91625","0.2803513272525743","0.9165625","0.2812790549406782","0.9234375","0.24641103231348097","0.9075","0.28507516979239883","0.9165625","0.2749963594088331","0.9125","0.28603115706704557","0.9146875","0.27445824929513035","0.91875","0.2522188883880153","0.92125","0.2497504453547299","0.9165625","0.26819343406707047","0.9184375","0.28297176701016724","0.92125","0.25865895869210365","0.9125","0.3067903046868741","0.9146875","0.2810046872403473","0.92","0.278531432505697","0.9078125","0.3047373641654849","0.910625","0.28671199835836886","0.9134375","0.2761099994787946","0.9209375","0.2667880053259432","0.915","0.2861009983718395","0.9090625","0.28988577395677567","0.9203125","0.2687573996046558","0.9146875","0.29903572695795444","0.9090625","0.29892083033919337","0.9159375","0.2668495500925928","0.9134375","0.284307602038607","0.90125","0.3128302063164301","0.9128125","0.2748270398750901","0.92","0.27511382550001146","0.904375","0.3041223050095141","0.913125","0.2754942232742906","0.913125","0.28484532775357363","0.9209375","0.2647074871696532","0.9159375","0.26598087199963627","0.920625","0.2671654252149165","0.915","0.28310521258506927","0.9075","0.2879913501581177","0.909375","0.3052919194102287","0.9165625","0.2813808302814141","0.9140625","0.2953735602181405"
"cmos_bmru_s1_r2_d32_nnone_edecaying_mlprelu_drop0.1_lr0.001_wd0.0001_real_audio_binary","[""cmos_bmru""]","real_audio_binary","2","32","decaying","","cmos_bmru_r2_d32_normnone_real_audio_binary_edecaying_mlprelu_drop0.1_lr0.001_wd0.0001","32","cmos_bmru","1","finished","1","0.979375","0.1765525322685654","0.980625","0.1832441171019067","0.980625","0.16915412726498347","0.9796875","0.15951544489768843","0.9809375","0.15319638476626413","0.9828125","0.13840313853555747","0.9796875","0.16374686839116698","0.98375","0.1321455549701999","0.9828125","0.12704908333613518","0.986875","0.0959748173420518","0.979375","0.17039924783522495","0.9784375","0.16945466201576218","0.984375","0.1584087725554591","0.9828125","0.13501174262493584","0.9803125","0.1509902436358165","0.980625","0.1536747893780239","0.985","0.13061307710538644","0.9815625","0.15589001435540184","0.980625","0.15337645892446594","0.980625","0.1906485280530088","0.98","0.1692485180377222","0.98375","0.14495951793273368","0.9803125","0.1727376432229609","0.9825","0.14783551316721533","0.9821875","0.15085463328759713","0.98","0.15845554197122869","0.9828125","0.14400048393647413","0.9834375","0.12864304095800994","0.980625","0.17450686820955133","0.9840625","0.13511331051825046","0.9834375","0.12151406882044324","0.9834375","0.15102326341613903","0.98125","0.15968030418944704","0.9825","0.14645727601943437","0.9809375","0.14803336838961592","0.9825","0.1483678788906823","0.983125","0.13793633412506803","0.981875","0.1582483660387236","0.9809375","0.14110862360390963","0.984375","0.15630852221863692","0.9809375","0.126329287303142","0.98125","0.15888636518951624","0.9784375","0.1858576242390641","0.9828125","0.180639738939277","0.97875","0.17779538760721658","0.98","0.1640178996983381","0.98125","0.14426839478499656","0.97375","0.2441382906582737","0.9790625","0.19915989855917993","0.9825","0.13248048268426055","0.9828125","0.13648111877181746","0.97625","0.19678081244650825","0.98125","0.151927557643038","0.9859375","0.13107287505561424","0.9803125","0.1466913686781783","0.9825","0.1286201223111614","0.98","0.16830910954031764","0.9771875","0.18252097834929715","0.9803125","0.17192886975417818","0.9825","0.12233397274787808","0.9765625","0.2191878434798351","0.980625","0.1518568498825627","0.98375","0.1506925879709928","0.9840625","0.13162865318300715","0.9825","0.13745634936232004","0.98","0.16931218588740124","0.98375","0.13991059787882557","0.97875","0.15269466874058413","0.9828125","0.15719575814307463","0.979375","0.18173562560857953","0.985625","0.14280305281412609","0.9809375","0.15860773677142134","0.9796875","0.16276138350521333","0.9796875","0.17910296205373993","0.9790625","0.1693884331694214","0.981875","0.12182537038919015","0.979375","0.17895137389978755","0.9834375","0.14326408970990265","0.981875","0.12214641968001112","0.9796875","0.1831927494169751","0.9809375","0.1387879304114917","0.97625","0.1953264413554617","0.98125","0.13863187636238242","0.979375","0.13863360334927638","0.9834375","0.12266129852164136","0.9821875","0.16347804977606203","0.9790625","0.1733950804707938","0.9821875","0.1604229083335826","0.9796875","0.15459947731476414","0.9803125","0.17158341469749175","0.980625","0.17193346459911138","0.9846875","0.1232383411211206","0.981875","0.13340598133356285","0.981875","0.15617379359140648","0.9821875","0.1417224905195397","0.9859375","0.10519720531059626","0.9834375","0.13595435744198553","0.9828125","0.1481942980116591","0.9846875","0.118561100954087","0.9853125","0.122415364981628"
"cmos_bmru_s1_r2_d64_nnone_edecaying_mlprelu_drop0.1_lr0.001_wd0.0001_real_audio_binary","[""cmos_bmru""]","real_audio_binary","2","64","decaying","","cmos_bmru_r2_d64_normnone_real_audio_binary_edecaying_mlprelu_drop0.1_lr0.001_wd0.0001","64","cmos_bmru","1","finished","1","0.9765625","0.22478192922958976","0.981875","0.1856099122117635","0.97375","0.3175010660406343","0.9809375","0.20077517667355124","0.97875","0.22102860252456324","0.98","0.18463443615934544","0.9765625","0.2392565001434501","0.9784375","0.2266489660708818","0.976875","0.2208380323338598","0.976875","0.2329876921146025","0.9775","0.2552682408478691","0.974375","0.2330047329929298","0.9815625","0.16690942320361205","0.976875","0.2520534494451945","0.9765625","0.2367219798836898","0.975625","0.23598608577298708","0.9796875","0.2010281133390631","0.9790625","0.22203734080045748","0.975","0.2725906495149319","0.97875","0.2003431987229164","0.9790625","0.237546208616242","0.9775","0.24320015127030836","0.976875","0.24921129443882983","0.9759375","0.2743840034343372","0.97","0.32442241540328276","0.9775","0.25088492870505213","0.98125","0.18357104906669464","0.979375","0.18348843887002125","0.976875","0.2320819096652707","0.9753125","0.2524225410453254","0.9725","0.3138576655335209","0.9765625","0.28697867048481474","0.9734375","0.2630936536531634","0.9784375","0.24066174921086217","0.9796875","0.2151999129786643","0.9765625","0.23253712758070944","0.975","0.23640691640093636","0.9771875","0.28036243550799084","0.9778125","0.23849119739353625","0.9771875","0.2408997456453245","0.9746875","0.2377530093064986","0.975625","0.25994234370773867","0.9734375","0.27813032886433403","0.9771875","0.23327450159121468","0.9809375","0.16185990785671106","0.9778125","0.20702157417899436","0.973125","0.2667595663823531","0.9803125","0.22741373241139315","0.976875","0.23519485906773976","0.97625","0.22317069823854843","0.976875","0.23963192987164417","0.9746875","0.26430003350248943","0.975625","0.25795856071808976","0.9740625","0.27895735252954634","0.9765625","0.22781438844647992","0.9775","0.24415042384633345","0.9775","0.25472608071588754","0.9734375","0.2638026405996601","0.975625","0.2522756393299696","0.9759375","0.2680443843051858","0.975625","0.2363475246129511","0.9784375","0.24432959794601464","0.9803125","0.20068274849061724","0.9759375","0.20874747309015748","0.9778125","0.2330103959574552","0.9759375","0.22535116518786083","0.975625","0.2542473447527204","0.970625","0.2884203570474406","0.975625","0.2446399159519104","0.9775","0.236789778919698","0.9771875","0.20231012360581427","0.9815625","0.1878601440405099","0.979375","0.18219485350328032","0.97625","0.2570214339623337","0.9815625","0.19598712915203945","0.978125","0.2512416919066575","0.980625","0.21791536332156972","0.9753125","0.2709616262316627","0.9803125","0.1922394385844245","0.978125","0.24432482337913675","0.975","0.2113796652100421","0.9759375","0.24986862999596532","0.981875","0.18995211631265352","0.9809375","0.2238177009061683","0.97375","0.24887983950044387","0.9784375","0.2599739010311315","0.9771875","0.2200047507682184","0.9740625","0.26893671593623947","0.979375","0.2068455369279966","0.979375","0.194593991751442","0.9775","0.2125657953949781","0.9765625","0.21534589864091555","0.9815625","0.172500137475214","0.9765625","0.22854507452411404","0.97625","0.2559480259420056","0.97875","0.24696245892196728","0.9809375","0.2152029553598483","0.975","0.23696746316492864","0.979375","0.19710117918165096","0.9765625","0.28753724538507397"
"cmos_bmru_s1_r2_d16_nnone_edecaying_mlprelu_drop0.1_lr0.001_wd0.0001_real_audio_binary","[""cmos_bmru""]","real_audio_binary","2","16","decaying","","cmos_bmru_r2_d16_normnone_real_audio_binary_edecaying_mlprelu_drop0.1_lr0.001_wd0.0001","16","cmos_bmru","1","finished","1","0.98125","0.10777967346502285","0.97625","0.15745552806962312","0.9828125","0.1305220911337301","0.9803125","0.1287116631484978","0.97875","0.12796336508635492","0.984375","0.10168191083865737","0.9796875","0.1281972357279522","0.975625","0.13260325426539735","0.97625","0.16268172552088175","0.975","0.14334059760039167","0.9834375","0.11222532693196442","0.97875","0.12765396585017233","0.9803125","0.13718268460772312","0.98","0.15851690387265438","0.9815625","0.12998162765533153","0.9778125","0.1477625885087321","0.975625","0.16151586580665594","0.979375","0.12989825891380846","0.9796875","0.12285426592889608","0.98","0.12447142283306165","0.9790625","0.1300787335977397","0.981875","0.10391599581426916","0.98","0.13114261132733254","0.98","0.1231428500688488","0.98125","0.13679229787520508","0.9803125","0.1133340009726274","0.979375","0.13469859616985436","0.9765625","0.1518269190705323","0.979375","0.13504078702431488","0.9721875","0.18044728817462255","0.9765625","0.14458233774958315","0.978125","0.13859762071055087","0.9809375","0.13839274959872627","0.9784375","0.12964229890260967","0.98375","0.11165576841447249","0.9784375","0.15071478768678367","0.976875","0.16647002270932337","0.981875","0.12985489673179704","0.9790625","0.13595354276788715","0.9815625","0.11841177716533773","0.976875","0.1499639615547176","0.9765625","0.16176488575493636","0.980625","0.15419972412063815","0.98125","0.12875580986202728","0.9803125","0.13932008934637452","0.979375","0.1518410512944729","0.98","0.11770402713920362","0.9796875","0.14064533641978863","0.9834375","0.11823417339322796","0.9796875","0.14102455001969702","0.9790625","0.13619887747909054","0.979375","0.1368198920661839","0.97875","0.10525859825198276","0.979375","0.1194634348401165","0.9796875","0.11799060858896376","0.9825","0.10981075642386104","0.97875","0.1244730739747817","0.976875","0.1527035937326866","0.9790625","0.1322737013995915","0.9771875","0.18693786856947775","0.9803125","0.12097674142937434","0.9771875","0.14213395835008005","0.9790625","0.13776680312130118","0.979375","0.1194764228484209","0.9809375","0.1229764739168499","0.98125","0.11950363112038032","0.974375","0.16446048494555435","0.9803125","0.1215610214972024","0.9771875","0.1633773786175751","0.9784375","0.14264878859933752","0.979375","0.1362761485305673","0.9815625","0.10823359180975174","0.981875","0.11839898468399174","0.97875","0.1601990738779115","0.9815625","0.12506746295244148","0.98","0.13886526289776596","0.98","0.13345170844075938","0.9790625","0.1347988194061562","0.9784375","0.125561114351557","0.98","0.12268325329617344","0.978125","0.12798418317039242","0.981875","0.11913134217741005","0.97625","0.139977103002923","0.9771875","0.13754642944590387","0.98375","0.11251945330717338","0.9790625","0.15461384961952832","0.978125","0.1380512424193382","0.9803125","0.1366790134077875","0.97625","0.13865232548100523","0.979375","0.13216232751382337","0.975625","0.1723095984185302","0.9771875","0.14814536237293005","0.98","0.13899476977124414","0.9784375","0.12888660493897078","0.9821875","0.11007242989303025","0.9815625","0.10917172798802176","0.98375","0.10408368785648874","0.980625","0.1259790526781329","0.97875","0.15193902412539326","0.9778125","0.14543192398062588"
"cmos_bmru_s1_r2_d8_nnone_edecaying_mlprelu_drop0.1_lr0.001_wd0.0001_real_audio_binary","[""cmos_bmru""]","real_audio_binary","2","8","decaying","","cmos_bmru_r2_d8_normnone_real_audio_binary_edecaying_mlprelu_drop0.1_lr0.001_wd0.0001","8","cmos_bmru","1","finished","0.75","0.97375","0.12110732358574752","0.9746875","0.10294674426826532","0.97375","0.09735148788022344","0.9703125","0.13309820273134393","0.9696875","0.1452736154570448","0.9709375","0.11375313053104036","0.9759375","0.11349090144620276","0.97375","0.106562888516346","0.9728125","0.11488888849533396","0.9753125","0.10487188256869558","0.975","0.09679248990069028","0.9753125","0.11224103105818356","0.97","0.12197195513012048","0.973125","0.11134835447577644","0.9765625","0.11077453185382184","0.9746875","0.09931420820517815","0.9703125","0.11853499002032322","0.9715625","0.11997534832476958","0.974375","0.12016248254287348","0.9759375","0.11865119416594098","0.974375","0.10545216241334857","0.970625","0.12066006899272906","0.973125","0.11186177655283246","0.975625","0.09644761396986724","0.9759375","0.10681175518147938","0.97625","0.09557799990092462","0.976875","0.1019360417165808","0.9765625","0.09331958639028017","0.970625","0.13109975848390604","0.97","0.11997546688799048","0.969375","0.12533373492558894","0.975","0.10875005851266906","0.975625","0.10668602865254798","0.974375","0.11359357086603268","0.9734375","0.1101073670295591","0.9721875","0.1096257859157049","0.97","0.12631993442668318","0.9734375","0.11341677901484218","0.9753125","0.10704222168860723","0.969375","0.1256222310756857","0.9740625","0.11327932116953889","0.9671875","0.12905819620500553","0.976875","0.10364875840354898","0.97375","0.11380227502937489","0.9778125","0.09909124869103834","0.9690625","0.13068405924917895","0.9690625","0.134060004518833","0.97","0.13692228292471553","0.9778125","0.10008145196054102","0.97125","0.13450822188082384","0.97375","0.09328074876437312","0.966875","0.1314230581776792","0.9759375","0.08868065715532794","0.9734375","0.0976613330822147","0.96875","0.13669619490354307","0.9771875","0.0996777720729733","0.97625","0.11457411779297218","0.976875","0.10850230593459856","0.9778125","0.08193696516449109","0.9696875","0.118892942677503","0.973125","0.10853920616093092","0.973125","0.1084382229003677","0.9696875","0.13207849385069495","0.9784375","0.07884534448843623","0.975625","0.0966985286475392","0.9725","0.1274551328763482","0.97","0.12811194002109916","0.9771875","0.0983255442259542","0.9734375","0.11431597929815324","0.9734375","0.11701977919776256","0.9696875","0.1269680577818508","0.9734375","0.10427447539761488","0.969375","0.12599549647624372","0.9759375","0.08923102563931025","0.9740625","0.12068076974974248","0.9746875","0.10863992229482392","0.9740625","0.10117762495901844","0.971875","0.11553389350359794","0.9725","0.11781871756538748","0.9734375","0.11145140399204138","0.9721875","0.10747649197015562","0.9771875","0.08748216402178514","0.973125","0.11319888608602924","0.971875","0.1326976829448904","0.973125","0.11029699420294492","0.9715625","0.11944790451549124","0.9725","0.11167376750381663","0.9725","0.130333318848061","0.9725","0.10343870418757434","0.9690625","0.12319072249505553","0.9696875","0.13054134650650667","0.9721875","0.1098709228685766","0.9765625","0.09172326281412096","0.970625","0.12393986494629644","0.9771875","0.10354021059036311","0.9653125","0.1369795804304158","0.9728125","0.12238733040732767","0.9721875","0.1222766759751903","0.9740625","0.103362661382198","0.97","0.11798968023722407"